CompanyID,CompanyName,Industry,Region,Year,Revenue,ProfitMargin,MarketCap,GrowthRate,ESG_Overall,ESG_Environmental,ESG_Social,ESG_Governance,CarbonEmissions,WaterUsage,EnergyConsumption
10,Company_10,Technology,Latin America,2023,108029.1,17.3,416982.0,15.5,67.4,79.5,77.9,44.9,3476430.3,2085858.2,6952860.6
499,Company_499,Transportation,Asia,2021,697.3,8.6,594.8,23.0,42.0,11.6,44.3,70.3,468164.1,78027.4,1560547.1
637,Company_637,Utilities,Oceania,2017,602.9,11.5,610.2,-3.7,51.0,22.0,95.3,35.9,504584.5,315365.3,5045844.6
363,Company_363,Manufacturing,Asia,2017,1135.4,6.3,817.0,-5.6,48.0,22.6,52.6,68.9,354740.3,472987.0,5912337.9
283,Company_283,Retail,Asia,2024,902.9,1.5,274.9,11.0,69.3,61.2,69.5,77.1,69687.1,34843.5,139374.1
368,Company_368,Finance,Europe,2018,3956.8,14.1,11098.2,9.3,73.5,94.2,65.5,60.8,42754.5,21377.3,106886.3
274,Company_274,Transportation,Asia,2025,1122.8,9.8,1879.8,14.8,40.5,21.7,30.3,69.6,705938.8,117656.5,2353129.3
601,Company_601,Retail,Asia,2022,691.9,-0.8,1738.4,-2.8,73.4,80.4,55.0,84.7,44092.5,22046.3,88185.0
384,Company_384,Healthcare,Oceania,2021,9455.2,14.6,34059.0,-2.0,56.0,59.9,30.2,78.0,738472.8,738472.8,1476945.5
796,Company_796,Healthcare,Europe,2020,9885.0,16.3,35163.6,3.7,75.1,72.4,69.8,83.0,685105.5,685105.5,1370211.0
516,Company_516,Utilities,North America,2015,279.1,13.7,517.7,,33.4,18.3,12.6,69.4,239354.6,149596.6,2393546.1
839,Company_839,Manufacturing,Oceania,2022,2113.3,14.3,6230.3,12.0,54.2,55.8,40.2,66.5,513147.9,684197.2,8552465.6
731,Company_731,Finance,Middle East,2015,3032.4,17.7,7232.4,,75.6,96.1,39.5,91.3,31976.0,15988.0,79939.9
899,Company_899,Manufacturing,Asia,2023,2878.0,12.3,5353.5,0.7,51.0,32.1,47.6,73.4,842067.1,1122756.2,14034452.5
169,Company_169,Consumer Goods,Latin America,2018,787.1,6.6,786.9,24.2,57.0,64.1,88.1,18.8,118316.6,147895.8,591583.1
103,Company_103,Retail,Africa,2016,1010.8,7.5,1069.2,-1.9,52.9,80.6,41.7,36.3,64287.5,32143.8,128575.0
277,Company_277,Transportation,Middle East,2022,775.5,9.3,1111.5,11.1,36.3,64.0,40.2,4.5,349805.5,58300.9,1166018.3
307,Company_307,Finance,Middle East,2018,4614.7,17.7,13670.2,21.8,59.2,98.8,72.9,5.9,46952.4,23476.2,117381.1
621,Company_621,Transportation,North America,2024,342.9,7.8,324.5,-2.3,63.9,29.6,80.1,81.9,204180.6,34030.1,680602.1
998,Company_998,Healthcare,Oceania,2017,1321.8,20.0,6339.2,9.8,62.4,95.1,26.3,65.8,70649.3,70649.3,141298.6
281,Company_281,Healthcare,Middle East,2023,1359.2,4.1,785.0,-7.5,50.8,66.8,8.7,77.0,99549.5,99549.5,199098.9
856,Company_856,Healthcare,Europe,2015,1216.8,23.1,5725.7,,69.4,74.3,82.3,51.7,82743.3,82743.3,165486.7
867,Company_867,Retail,Oceania,2024,468.5,7.0,664.4,14.3,48.8,45.0,44.3,57.1,41463.9,20731.9,82927.8
454,Company_454,Manufacturing,Middle East,2025,2136.6,7.3,2078.6,-23.9,36.0,47.5,29.6,30.9,556219.4,741625.9,9270323.6
383,Company_383,Energy,Middle East,2022,4488.7,43.9,37244.5,5.6,23.5,17.8,41.1,11.8,4828189.6,1448456.9,48281895.8
995,Company_995,Healthcare,Latin America,2018,2004.0,16.9,5337.6,-5.4,55.9,92.0,33.2,42.4,111378.9,111378.9,222757.8
561,Company_561,Healthcare,Africa,2022,2657.0,33.4,13268.4,9.9,39.5,76.9,5.3,36.4,175765.0,175765.0,351530.1
427,Company_427,Manufacturing,Asia,2017,676.6,13.9,777.2,11.2,42.6,24.8,30.0,73.1,208419.6,277892.7,3473659.3
626,Company_626,Healthcare,Europe,2017,4385.8,14.2,13347.5,17.1,69.7,48.2,76.7,84.4,378426.0,378426.0,756851.9
976,Company_976,Utilities,Africa,2023,1419.9,17.2,2333.6,-2.5,27.6,20.9,44.0,17.8,1196770.4,747981.5,11967703.6
765,Company_765,Transportation,Asia,2023,1226.3,4.8,878.8,4.0,47.5,20.0,64.3,58.1,779965.9,129994.3,2599886.3
923,Company_923,Transportation,Middle East,2019,673.4,-0.9,2699.5,10.6,51.9,59.9,67.2,28.6,315544.6,52590.8,1051815.2
998,Company_998,Healthcare,Oceania,2021,1646.4,25.4,4816.0,0.1,65.0,100.0,23.8,71.1,82321.5,82321.5,164643.0
850,Company_850,Healthcare,Latin America,2021,3354.3,14.9,12112.2,18.3,62.2,81.3,70.4,34.8,211714.6,211714.6,423429.2
229,Company_229,Finance,Africa,2021,2586.3,10.0,2737.0,-5.2,35.7,51.7,16.2,39.3,43344.6,21672.3,108361.5
265,Company_265,Manufacturing,Middle East,2019,922.8,9.8,1781.6,-10.4,24.4,37.2,31.0,5.0,260116.7,346822.3,4335278.3
540,Company_540,Utilities,Oceania,2024,2007.2,8.8,1769.6,6.4,74.3,78.1,100.0,44.8,1049493.9,655933.7,10494938.6
456,Company_456,Utilities,Asia,2025,353.9,9.6,311.3,-6.4,35.8,47.6,49.5,10.3,245474.0,153421.2,2454739.9
873,Company_873,Consumer Goods,Africa,2018,1342.1,-4.5,2639.7,19.8,48.9,52.8,28.0,65.9,222811.9,278514.8,1114059.3
798,Company_798,Transportation,Oceania,2017,138.8,11.0,209.8,-1.3,56.3,29.1,64.1,75.9,82979.1,13829.8,276596.9
436,Company_436,Finance,Latin America,2016,1743.7,16.9,4582.3,-5.9,63.2,100.0,50.1,39.5,17436.6,8718.3,43591.4
237,Company_237,Finance,Asia,2021,2752.8,13.8,4436.2,5.2,63.3,97.9,55.5,36.6,28331.5,14165.8,70828.8
708,Company_708,Retail,North America,2017,759.3,9.1,1088.3,5.5,75.2,63.5,82.6,79.5,57377.4,28688.7,114754.9
257,Company_257,Finance,Latin America,2025,2922.7,10.1,5031.8,8.0,57.5,90.7,34.7,47.2,33037.2,16518.6,82593.1
102,Company_102,Retail,Africa,2022,1189.7,4.3,995.4,-5.0,59.3,37.4,84.4,56.1,111621.1,55810.6,223242.3
317,Company_317,Technology,Middle East,2024,3836.2,15.6,11373.3,-0.1,75.9,98.5,85.2,44.0,97951.3,58770.8,195902.7
271,Company_271,Healthcare,Europe,2025,7882.9,29.9,43793.0,3.0,63.0,65.0,61.1,62.9,587468.3,587468.3,1174936.7
955,Company_955,Transportation,Asia,2024,1212.4,-13.1,1384.7,17.9,64.8,59.4,69.2,65.9,570256.5,95042.8,1900855.1
702,Company_702,Manufacturing,Latin America,2023,3011.3,6.2,1760.2,-9.9,51.9,44.4,41.4,69.9,803332.1,1071109.5,13388868.5
598,Company_598,Utilities,North America,2023,1118.6,14.3,1337.3,-8.8,49.6,26.4,48.9,73.5,908304.2,567690.1,9083042.3
157,Company_157,Consumer Goods,Europe,2021,5095.5,13.8,9931.6,3.2,91.9,91.7,95.4,88.6,569026.5,711283.1,2845132.3
658,Company_658,Utilities,North America,2022,2556.7,17.1,5930.2,4.7,58.5,65.2,44.7,65.6,1521016.6,950635.4,15210165.7
761,Company_761,Technology,Africa,2021,68992.2,15.8,284916.4,14.7,59.3,100.0,20.4,57.6,1724805.8,1034883.5,3449611.6
359,Company_359,Consumer Goods,Latin America,2025,1422.8,10.0,1750.3,11.7,28.1,8.7,59.6,16.1,324210.8,405263.5,1621053.9
500,Company_500,Utilities,Middle East,2019,1595.1,5.5,1244.7,14.3,47.3,66.7,31.2,44.0,935820.9,584888.1,9358209.4
976,Company_976,Utilities,Africa,2021,1378.7,15.1,3058.5,-2.8,26.0,18.9,41.9,17.2,1177730.2,736081.4,11777301.9
738,Company_738,Consumer Goods,Middle East,2019,714.2,17.6,2431.6,12.0,37.1,18.3,32.5,60.6,153122.5,191403.1,765612.4
257,Company_257,Finance,Latin America,2019,2070.6,13.9,5734.4,6.3,54.3,90.0,29.4,43.5,23593.4,11796.7,58983.4
486,Company_486,Healthcare,Middle East,2017,1162.8,21.1,5362.2,1.1,73.3,84.4,77.2,58.4,70811.3,70811.3,141622.5
489,Company_489,Consumer Goods,Asia,2016,2497.4,9.6,2964.4,-3.2,62.6,50.3,58.0,79.5,423599.8,529499.8,2117999.1
381,Company_381,Utilities,Oceania,2019,2994.6,7.3,2086.3,3.3,53.7,10.4,78.4,72.2,2700657.8,1687911.1,27006577.5
855,Company_855,Healthcare,Latin America,2024,1255.9,19.8,5158.7,23.0,46.2,59.3,40.9,38.4,98599.4,98599.4,197198.8
876,Company_876,Healthcare,Oceania,2015,1921.1,16.8,4615.2,,56.1,81.0,48.5,38.8,121591.1,121591.1,243182.2
28,Company_28,Technology,Latin America,2021,4449.3,19.7,15917.8,0.8,78.3,100.0,49.8,85.2,111232.0,66739.2,222464.0
4,Company_4,Technology,Africa,2015,5036.7,21.2,23192.4,,54.2,97.6,46.2,18.9,130146.6,78087.9,260293.2
298,Company_298,Utilities,Middle East,2022,1813.2,10.9,2763.4,5.7,36.5,38.6,56.1,14.9,1348907.7,843067.3,13489077.3
177,Company_177,Manufacturing,North America,2020,2101.6,15.2,3362.7,-8.5,46.5,32.6,61.5,45.5,612746.4,816995.2,10212439.9
829,Company_829,Manufacturing,Oceania,2023,3007.2,6.8,2155.6,9.1,48.5,41.1,34.2,70.3,823071.1,1097428.2,13717852.4
844,Company_844,Utilities,Africa,2025,1910.2,8.8,2180.9,4.1,38.8,60.6,22.4,33.4,1185442.0,740901.3,11854420.2
321,Company_321,Energy,Africa,2017,2131.8,7.3,2523.1,3.8,51.9,57.7,66.9,31.1,1696554.5,508966.4,16965545.3
440,Company_440,Retail,Oceania,2022,683.9,4.6,514.7,-1.4,54.5,73.9,45.7,43.8,46695.2,23347.6,93390.4
647,Company_647,Energy,North America,2016,13513.5,3.6,6287.2,-14.6,55.6,32.2,57.0,77.6,13167956.1,3950386.8,131679561.4
23,Company_23,Healthcare,Asia,2024,1080.1,26.2,4832.3,-5.2,62.3,58.4,51.6,76.9,85439.4,85439.4,170878.8
825,Company_825,Utilities,Middle East,2022,843.7,0.3,33.1,-6.3,67.8,69.0,67.4,67.0,484190.5,302619.0,4841904.7
628,Company_628,Energy,Europe,2017,9641.4,1.6,2816.7,-3.3,56.7,24.5,81.7,63.8,9918097.2,2975429.2,99180971.8
885,Company_885,Consumer Goods,Middle East,2024,2068.2,17.6,8283.3,5.2,56.4,88.9,67.2,13.1,238834.9,298543.6,1194174.4
859,Company_859,Consumer Goods,North America,2017,2011.0,9.3,3231.9,6.7,56.4,73.2,63.0,33.0,276614.9,345768.7,1383074.7
42,Company_42,Energy,North America,2021,1012.6,-3.4,1486.9,-16.5,48.4,29.4,27.8,88.0,1006834.9,302050.5,10068348.7
269,Company_269,Healthcare,Latin America,2021,435.1,5.0,257.2,-2.3,45.0,79.8,31.6,23.8,27918.5,27918.5,55837.0
168,Company_168,Healthcare,North America,2017,2096.7,27.7,7739.4,-1.0,76.2,86.9,44.8,96.8,124068.1,124068.1,248136.2
534,Company_534,Manufacturing,Africa,2017,1500.0,6.9,1877.3,-4.7,35.7,3.7,83.0,20.5,528252.3,704336.4,8804205.0
773,Company_773,Manufacturing,Europe,2023,488.7,4.1,174.3,9.5,57.4,18.5,95.9,57.9,156961.1,209281.5,2616019.0
870,Company_870,Finance,Latin America,2015,8353.2,9.4,10515.8,,90.1,98.1,89.4,82.8,85812.2,42906.1,214530.6
117,Company_117,Retail,Asia,2016,1158.0,10.0,1605.4,0.6,66.5,32.5,87.5,79.4,112594.6,56297.3,225189.2
105,Company_105,Finance,Africa,2016,19168.5,6.7,24627.5,9.0,44.8,80.5,31.5,22.4,244021.9,122010.9,610054.7
919,Company_919,Consumer Goods,Europe,2024,12045.9,-0.1,46797.8,17.9,85.9,63.1,100.0,94.7,1826182.3,2282727.9,9130911.4
845,Company_845,Retail,Middle East,2018,977.7,0.3,29.5,6.4,55.8,68.7,46.1,52.6,70284.2,35142.1,140568.5
768,Company_768,Healthcare,Middle East,2021,4995.5,12.5,11076.0,23.7,36.0,46.8,42.3,18.8,435661.1,435661.1,871322.3
890,Company_890,Utilities,Middle East,2019,241.6,8.7,242.9,6.8,39.5,52.9,60.3,5.2,160367.0,100229.3,1603669.5
906,Company_906,Energy,Asia,2016,6903.3,7.4,7961.1,12.9,61.1,57.4,82.1,43.8,5508036.0,1652410.8,55080360.1
918,Company_918,Utilities,Asia,2018,1095.2,7.3,1011.7,11.9,56.5,64.4,52.0,53.1,656452.7,410283.0,6564527.5
292,Company_292,Utilities,Asia,2018,990.6,11.3,929.2,7.7,21.4,27.6,17.5,19.1,797972.1,498732.5,7979720.7
620,Company_620,Retail,Oceania,2020,2043.4,3.7,954.7,7.3,59.0,58.4,81.5,37.0,161658.0,80829.0,323315.9
414,Company_414,Retail,Oceania,2025,361.2,0.2,15.7,0.8,62.9,66.0,41.1,81.6,26659.8,13329.9,53319.5
580,Company_580,Technology,Latin America,2023,2809.4,0.7,439.7,10.2,73.0,100.0,70.2,48.8,70236.1,42141.6,140472.1
507,Company_507,Manufacturing,Europe,2021,793.4,13.8,1198.7,6.9,71.7,100.0,90.3,24.8,119003.5,158671.3,1983391.4
108,Company_108,Healthcare,North America,2016,9941.7,17.4,17841.7,23.9,67.5,67.6,60.1,74.9,722286.2,722286.2,1444572.3
458,Company_458,Transportation,Asia,2020,3872.6,1.3,431.9,14.1,30.7,11.6,52.0,28.6,2600362.2,433393.7,8667874.0
164,Company_164,Retail,Oceania,2015,354.1,6.0,414.1,,64.9,55.3,87.8,51.6,28770.5,14385.2,57541.0
405,Company_405,Finance,Europe,2024,3704.4,13.9,5514.1,-0.5,89.9,98.0,77.4,94.2,38066.1,19033.0,95165.2
440,Company_440,Retail,Oceania,2015,739.5,1.6,165.9,,46.8,60.4,40.3,39.7,57485.6,28742.8,114971.2
62,Company_62,Technology,Asia,2017,3615.4,22.9,17389.5,17.6,61.8,92.4,26.4,66.6,100064.4,60038.6,200128.7
248,Company_248,Energy,Latin America,2022,10912.4,22.2,24415.5,-2.7,23.4,22.9,29.3,18.0,11342517.7,3402755.3,113425177.1
493,Company_493,Energy,Latin America,2025,1049.1,-20.0,4317.0,-10.9,46.4,54.2,62.4,22.5,860562.5,258168.8,8605625.5
780,Company_780,Transportation,Africa,2020,521.0,16.5,784.2,-6.2,31.7,34.0,36.7,24.5,300765.7,50127.6,1002552.3
968,Company_968,Healthcare,North America,2016,2236.4,5.9,2949.2,10.7,60.4,40.2,91.5,49.5,205370.8,205370.8,410741.5
701,Company_701,Transportation,Europe,2024,157.7,-0.3,407.6,-6.0,64.6,14.4,94.5,84.8,103999.7,17333.3,346665.6
644,Company_644,Transportation,Africa,2016,1031.9,11.0,1993.9,-9.7,29.0,20.6,48.3,18.2,653517.7,108919.6,2178392.2
202,Company_202,Utilities,Latin America,2025,1757.2,-0.4,8328.3,-2.6,51.6,69.1,46.6,39.1,1006584.4,629115.3,10065844.5
571,Company_571,Retail,Middle East,2018,3650.2,-3.2,6883.1,1.5,38.3,88.8,14.7,11.4,211038.6,105519.3,422077.3
773,Company_773,Manufacturing,Europe,2015,504.7,0.1,4.4,,58.9,19.8,97.8,59.0,160715.9,214287.8,2678597.5
990,Company_990,Consumer Goods,Asia,2021,3096.4,13.9,9717.4,-2.4,38.0,44.3,30.3,39.5,550983.6,688729.5,2754918.0
445,Company_445,Finance,Europe,2020,11614.4,19.6,39713.3,2.8,78.9,86.1,72.1,78.5,138751.1,69375.5,346877.7
148,Company_148,Healthcare,Middle East,2021,13103.6,-6.3,14774.0,0.6,46.9,51.2,61.8,27.7,1102661.1,1102661.1,2205322.3
963,Company_963,Transportation,Africa,2021,4258.0,16.1,5852.4,19.3,36.2,24.3,35.7,48.7,2631407.1,438567.9,8771357.1
81,Company_81,Healthcare,Europe,2018,5138.5,6.2,5638.4,-3.9,78.7,78.5,78.2,79.5,334402.6,334402.6,668805.2
479,Company_479,Transportation,Oceania,2018,749.9,7.4,664.4,4.6,41.8,13.8,90.6,20.9,496447.7,82741.3,1654825.8
148,Company_148,Healthcare,Middle East,2015,7073.8,8.6,14701.2,,38.8,39.7,66.9,9.9,652342.9,652342.9,1304685.8
227,Company_227,Transportation,Asia,2021,1138.0,-3.8,1809.8,17.6,51.9,33.2,44.5,78.1,660772.9,110128.8,2202576.4
758,Company_758,Healthcare,Latin America,2018,20657.4,10.4,27344.6,11.2,44.2,73.2,36.2,23.1,1420307.3,1420307.3,2840614.5
630,Company_630,Consumer Goods,Africa,2022,743.0,6.6,1115.3,3.6,67.9,91.5,48.8,63.5,83163.2,103954.1,415816.2
137,Company_137,Manufacturing,Oceania,2020,876.4,1.3,175.6,1.8,44.8,22.4,35.4,76.6,274343.2,365790.9,4572386.9
715,Company_715,Technology,North America,2025,4688.2,26.4,38828.0,1.0,63.0,74.7,30.5,83.7,158742.8,95245.7,317485.6
561,Company_561,Healthcare,Africa,2020,1982.3,35.4,9394.4,-1.5,37.3,72.2,5.3,34.4,137724.4,137724.4,275448.8
184,Company_184,Utilities,Europe,2020,871.0,9.5,896.1,-1.1,64.0,28.6,74.2,89.1,696665.6,435416.0,6966656.2
768,Company_768,Healthcare,Middle East,2024,8534.8,12.8,18168.0,20.1,36.0,38.7,44.7,24.7,793144.4,793144.4,1586288.9
97,Company_97,Consumer Goods,Middle East,2015,858.8,9.8,1346.1,,35.3,57.7,27.4,20.9,136792.4,170990.5,683961.8
420,Company_420,Manufacturing,Africa,2016,1742.1,11.4,4209.9,0.5,40.1,82.8,25.9,11.7,324151.9,432202.6,5402532.4
475,Company_475,Technology,Asia,2019,14985.6,24.5,109139.2,-6.1,68.4,84.3,46.0,74.9,456993.2,274195.9,913986.4
104,Company_104,Technology,Europe,2024,9183.3,31.3,85307.8,6.0,72.6,80.8,57.7,79.2,291315.7,174789.4,582631.4
29,Company_29,Transportation,Oceania,2025,638.4,14.9,1648.5,-2.9,28.9,10.8,62.5,13.4,430640.1,71773.3,1435467.0
332,Company_332,Utilities,Africa,2025,1357.3,11.1,1338.2,19.5,27.3,30.5,35.9,15.5,1071338.8,669586.8,10713388.2
882,Company_882,Energy,Europe,2017,7082.5,-0.7,35225.0,18.1,73.1,77.6,85.8,55.9,4649906.1,1394971.8,46499061.4
547,Company_547,Energy,Latin America,2020,1659.8,24.2,3347.1,-1.3,55.5,79.6,39.8,47.2,1066821.0,320046.3,10668210.5
657,Company_657,Manufacturing,Europe,2018,425.5,15.5,858.8,2.4,65.3,41.7,92.0,62.2,115963.8,154618.3,1932729.3
312,Company_312,Consumer Goods,Europe,2015,518.4,11.0,627.7,,53.4,7.0,62.4,90.7,119331.7,149164.6,596658.6
971,Company_971,Healthcare,Africa,2015,1044.1,12.9,1863.4,,45.2,86.6,28.7,20.2,61983.3,61983.3,123966.5
269,Company_269,Healthcare,Latin America,2022,440.7,4.9,312.7,1.3,45.2,81.2,29.2,25.2,27833.4,27833.4,55666.9
608,Company_608,Finance,Latin America,2022,9885.4,15.7,19897.2,-1.7,59.8,99.2,27.7,52.5,99958.0,49979.0,249894.9
632,Company_632,Transportation,Europe,2022,1962.8,-4.7,8815.5,-6.6,52.9,56.1,29.8,72.8,950661.5,158443.6,3168871.6
133,Company_133,Consumer Goods,Europe,2017,781.0,2.2,263.3,19.4,66.3,31.0,81.5,86.3,153576.9,191971.2,767884.7
962,Company_962,Finance,Middle East,2018,2400.1,15.1,6251.3,8.5,50.8,82.7,30.5,39.3,29822.4,14911.2,74556.1
327,Company_327,Retail,Latin America,2022,820.8,-1.2,3220.7,-18.7,51.0,84.9,14.3,54.0,49727.2,24863.6,99454.4
913,Company_913,Transportation,Oceania,2019,960.2,0.3,35.5,4.3,57.5,38.0,87.9,46.6,537906.5,89651.1,1793021.8
382,Company_382,Energy,Asia,2018,5103.6,-6.7,10398.3,5.2,65.4,80.9,54.8,60.4,3233790.4,970137.1,32337903.6
755,Company_755,Finance,North America,2020,6778.1,9.0,5582.5,9.3,70.6,60.9,71.6,79.2,104888.3,52444.1,262220.7
133,Company_133,Consumer Goods,Europe,2016,653.9,5.0,688.3,15.7,66.3,27.7,82.6,88.7,131597.8,164497.3,657989.2
172,Company_172,Energy,Asia,2023,7537.8,17.1,25578.3,0.4,43.9,30.8,68.9,32.1,7420784.9,2226235.5,74207848.7
797,Company_797,Manufacturing,North America,2019,1382.1,17.9,4033.9,-0.5,62.5,52.9,51.3,83.3,343882.9,458510.5,5731381.3
344,Company_344,Technology,Africa,2019,4403.7,18.2,16481.6,16.2,47.8,76.7,55.9,10.8,146028.5,87617.1,292057.0
731,Company_731,Finance,Middle East,2020,4678.0,20.6,10385.8,7.5,77.7,100.0,39.5,93.7,46780.3,23390.1,116950.7
738,Company_738,Consumer Goods,Middle East,2022,663.3,19.3,2480.8,14.1,35.8,20.7,31.3,55.2,139934.9,174918.6,699674.3
488,Company_488,Utilities,Oceania,2022,2777.9,18.6,5243.5,2.7,50.2,51.3,45.5,53.7,1868980.6,1168112.9,18689806.2
20,Company_20,Technology,North America,2024,7317.2,20.0,50630.3,-2.3,65.0,100.0,59.5,35.6,182931.2,109758.7,365862.3
437,Company_437,Technology,Africa,2021,955.4,20.6,6634.8,7.9,51.6,72.0,73.4,9.4,33242.4,19945.5,66484.8
718,Company_718,Healthcare,Middle East,2015,1161.4,18.7,3896.7,,39.5,56.3,51.3,10.8,93615.4,93615.4,187230.8
296,Company_296,Utilities,Latin America,2024,676.5,12.0,1116.9,9.5,55.9,54.9,72.9,40.0,441492.1,275932.6,4414921.2
144,Company_144,Utilities,Oceania,2018,1583.8,9.8,2004.4,-11.0,54.8,16.9,91.3,56.3,1370541.0,856588.1,13705409.7
48,Company_48,Technology,Latin America,2016,1912.2,17.1,7593.2,4.5,51.3,90.2,46.7,16.8,54331.8,32599.1,108663.7
51,Company_51,Transportation,Middle East,2019,158.6,4.1,81.5,9.0,50.3,77.2,68.8,4.9,62726.0,10454.3,209086.7
236,Company_236,Retail,Asia,2022,1482.1,4.1,988.5,2.5,71.5,64.4,50.1,100.0,111030.7,55515.4,222061.5
258,Company_258,Healthcare,Latin America,2024,8380.0,17.1,19512.3,24.8,56.4,86.1,50.7,32.5,500506.0,500506.0,1001012.0
110,Company_110,Healthcare,Middle East,2024,3907.6,18.2,11512.0,0.6,25.9,55.8,6.4,15.6,316326.5,316326.5,632652.9
426,Company_426,Transportation,Middle East,2025,2326.8,24.9,10025.3,-1.8,33.5,52.2,25.5,22.9,1165506.5,194251.1,3885021.7
84,Company_84,Consumer Goods,Middle East,2016,1793.0,9.1,3780.2,-10.0,13.6,27.9,4.7,8.1,360305.1,450381.4,1801525.5
205,Company_205,Energy,Asia,2020,13265.8,46.7,84268.0,-5.7,37.2,50.4,20.6,40.5,11237133.9,3371140.2,112371339.3
485,Company_485,Finance,Africa,2016,1427.5,17.8,4010.5,5.9,47.8,95.0,43.0,5.2,15265.6,7632.8,38164.0
510,Company_510,Utilities,Middle East,2021,1249.8,9.5,1321.9,12.5,65.6,61.2,46.7,89.0,771760.0,482350.0,7717600.2
885,Company_885,Consumer Goods,Middle East,2017,1623.2,4.1,781.8,20.4,50.2,78.0,62.6,10.1,212365.6,265457.0,1061827.8
926,Company_926,Retail,Asia,2018,311.9,7.2,516.9,2.0,27.2,44.7,8.5,28.4,27668.9,13834.5,55337.9
323,Company_323,Healthcare,Europe,2016,2095.0,19.1,5392.5,5.4,76.0,57.3,91.8,79.0,167361.3,167361.3,334722.6
325,Company_325,Finance,Europe,2024,2283.0,-2.4,10864.2,9.0,66.6,100.0,40.1,59.8,22829.8,11414.9,57074.6
319,Company_319,Finance,Africa,2018,14656.4,27.2,75095.3,10.4,61.8,75.0,78.9,31.5,197815.7,98907.8,494539.2
236,Company_236,Retail,Asia,2019,1247.6,-2.0,5421.5,9.0,71.5,68.7,50.5,95.1,89681.3,44840.7,179362.6
862,Company_862,Finance,Latin America,2022,4993.3,16.5,12564.8,7.4,63.7,66.7,48.5,75.9,73223.7,36611.8,183059.2
591,Company_591,Manufacturing,Oceania,2021,1313.6,-2.0,1605.7,7.9,62.3,79.8,59.0,48.2,252698.2,336930.9,4211636.4
245,Company_245,Finance,Oceania,2023,3174.1,11.3,6403.4,11.4,77.2,100.0,84.7,47.1,31741.2,15870.6,79353.0
560,Company_560,Technology,Latin America,2025,7364.4,16.1,24347.2,20.1,57.0,85.6,64.1,21.2,221180.4,132708.2,442360.7
557,Company_557,Healthcare,North America,2018,4658.2,-2.0,18476.6,4.0,65.0,65.5,59.6,69.8,345254.3,345254.3,690508.7
823,Company_823,Retail,Europe,2017,1668.7,7.7,1408.5,2.7,68.4,57.5,79.1,68.5,133110.9,66555.4,266221.8
337,Company_337,Finance,Africa,2025,6490.4,23.4,20905.1,12.2,73.4,100.0,74.9,45.2,64903.9,32452.0,162259.8
407,Company_407,Healthcare,North America,2015,410.1,9.7,765.4,,61.6,70.1,25.6,89.2,29096.6,29096.6,58193.1
419,Company_419,Healthcare,North America,2019,2558.4,10.3,5482.6,3.6,48.6,20.7,71.3,53.7,269990.2,269990.2,539980.3
871,Company_871,Finance,Latin America,2018,204.6,17.5,501.9,-5.7,64.8,100.0,47.3,47.1,2046.3,1023.2,5115.8
28,Company_28,Technology,Latin America,2022,4726.3,19.2,17000.4,6.2,79.9,100.0,52.1,87.5,118156.4,70893.8,236312.8
872,Company_872,Consumer Goods,Latin America,2019,1672.7,10.6,2423.9,13.7,44.9,82.8,23.2,28.7,207633.9,259542.4,1038169.5
78,Company_78,Technology,Latin America,2024,7885.3,9.4,14345.5,0.4,48.7,74.3,51.9,20.0,267985.9,160791.5,535971.7
435,Company_435,Retail,Middle East,2024,2807.4,15.7,5398.5,7.6,25.6,47.4,15.0,14.3,243775.8,121887.9,487551.6
154,Company_154,Manufacturing,Asia,2020,3830.8,15.4,5380.1,-7.0,47.6,39.9,47.3,55.8,1058286.9,1411049.2,17638115.5
4,Company_4,Technology,Africa,2017,5497.1,23.4,33251.0,5.9,55.9,100.0,47.4,20.4,137428.2,82456.9,274856.3
643,Company_643,Manufacturing,Asia,2023,17672.5,2.8,7322.3,9.1,70.6,50.3,72.9,88.7,4494925.3,5993233.7,74915420.9
211,Company_211,Consumer Goods,Oceania,2015,1182.5,7.5,1664.5,,67.9,35.7,70.4,97.5,224640.4,280800.5,1123202.1
299,Company_299,Consumer Goods,North America,2023,3618.1,12.7,9238.4,7.5,54.0,39.6,66.7,55.8,667771.4,834714.3,3338857.0
963,Company_963,Transportation,Africa,2022,4619.9,17.4,9861.6,8.5,37.2,27.7,35.9,48.0,2789350.8,464891.8,9297835.9
825,Company_825,Utilities,Middle East,2025,1241.9,0.9,161.3,18.7,69.3,73.9,66.6,67.3,678201.6,423876.0,6782015.6
740,Company_740,Manufacturing,Africa,2015,504.4,9.6,853.5,,39.9,11.2,58.9,49.5,169704.7,226273.0,2828412.1
833,Company_833,Consumer Goods,North America,2016,427.6,11.0,697.6,13.6,56.6,39.4,57.3,73.2,79055.9,98819.9,395279.5
901,Company_901,Consumer Goods,Europe,2021,723.8,9.1,953.7,-5.5,64.0,70.5,62.4,58.9,102224.0,127780.0,511120.1
899,Company_899,Manufacturing,Asia,2020,2257.6,14.2,3697.7,-2.3,48.8,26.2,46.6,73.5,688577.3,918103.1,11476288.7
918,Company_918,Utilities,Asia,2024,1717.4,7.9,1172.6,6.3,59.7,76.1,51.4,51.6,917087.2,573179.5,9170871.7
617,Company_617,Healthcare,Asia,2025,9950.0,-2.8,41331.4,14.1,64.4,90.5,15.3,87.2,563464.2,563464.2,1126928.4
494,Company_494,Consumer Goods,Africa,2023,1101.9,5.1,1017.6,0.4,38.6,40.8,60.1,15.0,201529.3,251911.7,1007646.7
38,Company_38,Energy,Africa,2016,603.5,20.7,1747.2,17.2,36.3,30.3,50.0,28.4,596092.7,178827.8,5960926.9
632,Company_632,Transportation,Europe,2021,2102.0,-3.3,6153.9,9.6,52.7,55.5,28.8,73.7,1023128.1,170521.3,3410426.9
143,Company_143,Consumer Goods,Oceania,2015,1662.0,14.5,2547.6,,63.2,83.4,50.6,55.6,204736.9,255921.2,1023684.7
138,Company_138,Energy,Latin America,2017,11854.7,-1.0,51841.8,-14.0,45.6,42.8,64.0,30.1,10671794.7,3201538.4,106717947.1
9,Company_9,Technology,North America,2022,4673.0,6.7,8480.9,6.2,65.3,43.5,83.4,69.0,209222.4,125533.4,418444.8
138,Company_138,Energy,Latin America,2020,8915.4,4.0,5548.1,-4.8,46.7,49.9,63.5,26.8,7586172.3,2275851.7,75861723.0
220,Company_220,Transportation,Oceania,2018,387.2,9.0,688.9,-15.6,57.5,58.0,51.8,62.6,184392.1,30732.0,614640.2
428,Company_428,Manufacturing,Oceania,2024,6125.5,-9.0,25935.4,3.3,69.6,85.2,87.5,36.1,1109808.1,1479744.1,18496801.2
878,Company_878,Consumer Goods,Asia,2015,613.9,8.8,1341.4,,23.6,6.3,31.4,33.1,141912.5,177390.6,709562.4
668,Company_668,Retail,Middle East,2024,5871.3,11.5,14701.8,27.5,68.1,99.0,60.2,45.2,297647.9,148824.0,595295.9
564,Company_564,Energy,Africa,2023,9726.5,1.4,1500.5,1.9,32.6,38.0,19.1,40.6,9083206.0,2724961.8,90832059.7
987,Company_987,Consumer Goods,Africa,2018,1524.0,16.8,4794.4,8.6,50.9,63.1,50.6,39.1,231203.2,289004.0,1156016.1
873,Company_873,Consumer Goods,Africa,2021,1405.9,-5.7,6085.4,-1.9,52.1,50.3,33.7,72.2,238380.0,297975.0,1191900.0
414,Company_414,Retail,Oceania,2021,333.1,-1.0,1557.4,3.2,58.9,62.0,38.6,76.0,25525.9,12762.9,51051.7
115,Company_115,Consumer Goods,Europe,2022,350.6,16.3,944.9,0.5,60.5,44.3,65.2,72.0,62402.8,78003.5,312014.1
353,Company_353,Finance,Europe,2023,4945.8,32.8,24331.3,17.1,94.9,100.0,84.8,100.0,49457.8,24728.9,123644.6
444,Company_444,Finance,Europe,2021,6450.9,8.1,9949.5,16.4,91.5,96.2,84.9,93.4,67977.4,33988.7,169943.4
475,Company_475,Technology,Asia,2015,15990.5,28.2,70900.9,,70.0,94.4,39.5,76.1,431120.1,258672.0,862240.2
877,Company_877,Retail,North America,2019,1538.1,2.1,680.7,12.8,40.4,47.5,54.3,19.3,133468.2,66734.1,266936.3
135,Company_135,Transportation,Asia,2020,1197.4,-2.3,3050.7,6.0,50.7,25.0,67.5,59.5,736584.1,122764.0,2455280.4
602,Company_602,Technology,North America,2017,6930.4,13.3,28751.6,6.0,68.1,53.9,76.4,74.0,284991.1,170994.7,569982.2
872,Company_872,Consumer Goods,Latin America,2017,1416.7,15.6,3923.1,2.9,43.2,81.8,19.3,28.5,177790.7,222238.4,888953.6
934,Company_934,Consumer Goods,Middle East,2025,2156.1,17.2,7132.3,9.9,44.6,43.9,62.8,26.9,384898.7,481123.4,1924493.7
192,Company_192,Consumer Goods,Asia,2023,638.0,19.1,1959.0,18.8,87.9,74.7,100.0,88.9,86388.2,107985.2,431941.0
795,Company_795,Technology,Europe,2023,45161.5,10.4,95297.8,4.3,79.1,98.8,59.9,78.6,1148495.9,689097.5,2296991.8
364,Company_364,Utilities,North America,2019,800.5,16.0,1112.3,-5.8,62.4,7.5,84.0,95.5,734737.8,459211.1,7347378.3
20,Company_20,Technology,North America,2020,6024.2,21.4,31498.1,9.0,61.9,96.3,58.6,30.6,158387.9,95032.8,316775.9
979,Company_979,Energy,Middle East,2022,17633.3,19.5,34300.0,12.1,48.7,48.8,49.6,47.8,15130959.5,4539287.8,151309594.6
364,Company_364,Utilities,North America,2021,747.5,12.5,1103.8,-4.7,63.3,8.8,85.7,95.4,680970.8,425606.7,6809707.7
425,Company_425,Consumer Goods,Middle East,2016,3910.0,13.0,8036.0,4.1,62.9,89.8,41.5,57.4,446998.1,558747.7,2234990.7
542,Company_542,Transportation,Asia,2024,932.1,-3.4,4172.3,13.9,53.4,52.9,31.3,75.9,463896.7,77316.1,1546322.3
875,Company_875,Healthcare,Asia,2025,5944.8,23.1,27936.4,8.5,75.6,97.7,80.9,48.3,306957.3,306957.3,613914.6
402,Company_402,Technology,Asia,2015,1032.1,21.8,4030.5,,28.1,18.6,36.7,29.2,55220.1,33132.0,110440.2
511,Company_511,Healthcare,Europe,2022,2629.4,2.4,734.4,4.6,81.7,81.6,99.7,63.7,165375.0,165375.0,330750.1
535,Company_535,Energy,Asia,2016,25348.7,1.3,5316.7,0.9,39.7,37.5,14.5,67.3,23768146.4,7130443.9,237681463.5
60,Company_60,Manufacturing,Middle East,2017,1139.1,13.4,2200.0,4.5,32.9,47.5,44.9,6.3,296376.9,395169.2,4939614.9
214,Company_214,Utilities,Asia,2020,3474.6,11.9,4766.9,-3.1,41.4,50.2,33.4,40.6,2359700.7,1474812.9,23597006.9
10,Company_10,Technology,Latin America,2017,60556.9,8.6,86036.0,7.9,65.0,79.2,67.5,48.5,1955375.5,1173225.3,3910751.0
988,Company_988,Consumer Goods,Europe,2018,8754.7,15.8,34169.6,3.9,70.3,67.1,47.6,96.1,1278599.3,1598249.1,6392996.3
265,Company_265,Manufacturing,Middle East,2018,1029.4,13.6,2630.1,-3.4,23.8,36.6,29.2,5.6,291511.5,388682.0,4858525.5
598,Company_598,Utilities,North America,2024,1267.3,14.5,1811.3,13.3,50.0,24.9,49.0,76.3,1039825.9,649891.2,10398259.2
678,Company_678,Retail,Europe,2020,2647.5,0.5,183.6,23.2,76.0,52.8,98.1,77.1,219898.8,109949.4,439797.5
410,Company_410,Manufacturing,Africa,2025,3396.4,12.6,7739.0,10.7,34.7,35.3,61.1,7.7,970939.8,1294586.4,16182330.2
229,Company_229,Finance,Africa,2023,2891.9,10.2,5295.1,7.9,38.7,56.3,18.1,41.9,46612.2,23306.1,116530.6
691,Company_691,Healthcare,Latin America,2021,5407.5,15.3,20172.8,13.4,62.8,65.2,75.4,47.9,402285.3,402285.3,804570.5
445,Company_445,Finance,Europe,2021,13232.4,23.8,33586.7,13.9,78.8,87.3,70.6,78.4,155799.2,77899.6,389497.9
431,Company_431,Consumer Goods,Asia,2019,517.3,5.1,475.9,14.8,71.3,54.1,82.8,76.9,84944.3,106180.4,424721.4
349,Company_349,Utilities,Europe,2025,1520.2,-3.3,5970.1,-6.3,67.3,55.3,93.3,53.2,988503.8,617814.9,9885037.9
654,Company_654,Energy,Oceania,2019,2354.1,20.7,4529.5,-2.5,61.1,69.1,38.3,75.7,1685535.8,505660.7,16855357.6
193,Company_193,Manufacturing,Asia,2022,2906.8,9.2,3609.8,13.6,42.0,59.3,40.6,26.2,684317.5,912423.3,11405291.1
667,Company_667,Consumer Goods,North America,2024,1565.3,1.9,458.4,1.1,40.4,54.7,40.3,26.3,255749.2,319686.4,1278745.8
857,Company_857,Retail,Europe,2021,2480.6,4.5,1489.6,5.8,72.5,42.7,95.3,79.4,223580.7,111790.3,447161.3
579,Company_579,Retail,Africa,2024,1217.0,5.1,1404.7,12.4,59.6,69.3,46.1,63.5,87038.4,43519.2,174076.8
134,Company_134,Healthcare,Asia,2022,7671.1,13.7,23131.0,4.6,67.9,82.2,57.5,64.1,479048.1,479048.1,958096.3
613,Company_613,Consumer Goods,North America,2025,4774.7,24.3,15545.9,1.7,76.4,84.7,44.6,100.0,579464.2,724330.3,2897321.2
823,Company_823,Retail,Europe,2023,1794.4,5.7,2126.7,6.4,74.0,68.1,80.1,73.9,129822.8,64911.4,259645.5
101,Company_101,Energy,Oceania,2025,2230.7,-20.0,2914.0,-13.0,64.8,53.2,96.7,44.6,1846254.4,553876.3,18462543.8
800,Company_800,Transportation,Asia,2017,1732.8,9.5,2139.9,12.3,40.8,9.5,70.4,42.5,1178524.9,196420.8,3928416.3
580,Company_580,Technology,Latin America,2021,2046.9,0.2,57.7,20.8,70.8,100.0,68.1,44.4,51172.1,30703.3,102344.2
327,Company_327,Retail,Latin America,2024,734.9,-2.3,2863.5,-6.1,55.4,89.6,19.1,57.4,42093.5,21046.7,84186.9
655,Company_655,Finance,Middle East,2024,4183.3,19.2,13796.7,1.0,50.5,98.7,29.2,23.7,42619.1,21309.5,106547.7
200,Company_200,Consumer Goods,Asia,2015,2942.8,12.5,8364.8,,42.9,26.5,68.4,33.7,597142.7,746428.4,2985713.4
920,Company_920,Finance,Africa,2018,1433.2,23.1,6037.6,-3.7,65.4,98.3,25.2,72.6,14676.6,7338.3,36691.4
969,Company_969,Technology,Africa,2017,5371.2,19.6,30777.5,1.7,40.6,93.0,12.7,16.1,147445.9,88467.5,294891.8
728,Company_728,Retail,North America,2021,2792.7,12.2,7030.4,1.5,70.3,64.1,55.1,91.8,209798.8,104899.4,419597.6
994,Company_994,Manufacturing,Europe,2023,2204.6,1.5,300.8,12.9,58.6,19.1,96.5,60.1,705384.1,940512.2,11756402.1
964,Company_964,Technology,Middle East,2016,6056.8,24.6,48249.5,-1.2,52.4,88.3,49.0,19.8,176241.3,105744.8,352482.6
269,Company_269,Healthcare,Latin America,2019,420.6,6.2,329.6,-2.3,44.5,80.0,30.5,23.0,26906.4,26906.4,53812.7
846,Company_846,Energy,Middle East,2020,1023.6,2.7,547.9,3.1,40.3,49.2,46.1,25.7,876142.5,262842.7,8761425.0
887,Company_887,Utilities,Oceania,2025,4003.6,7.0,3850.6,7.2,58.0,50.7,89.1,34.2,2707710.5,1692319.1,27077105.0
522,Company_522,Transportation,Oceania,2020,238.6,-9.2,264.1,-6.5,31.9,69.5,15.5,10.8,102139.3,17023.2,340464.3
918,Company_918,Utilities,Asia,2017,979.0,5.3,582.0,5.8,56.6,61.4,54.8,53.6,603374.8,377109.2,6033747.7
887,Company_887,Utilities,Oceania,2023,3624.2,10.6,5546.8,0.5,58.9,50.1,90.4,36.1,2463191.3,1539494.5,24631912.7
593,Company_593,Manufacturing,Africa,2016,1864.7,7.0,1130.9,13.6,29.4,51.9,9.7,26.6,467900.7,623867.6,7798345.0
710,Company_710,Manufacturing,Middle East,2025,3731.9,12.0,3662.9,7.9,33.5,45.7,35.6,19.1,985609.8,1314146.5,16426830.8
622,Company_622,Transportation,Latin America,2019,1535.4,8.0,1643.9,-8.4,24.3,19.8,19.8,33.3,977488.9,162914.8,3258296.3
360,Company_360,Retail,North America,2024,841.7,-4.8,1000.5,7.6,59.1,46.2,89.8,41.3,73777.6,36888.8,147555.2
327,Company_327,Retail,Latin America,2021,1009.2,-3.4,975.3,-18.3,48.7,82.7,11.8,51.6,62655.2,31327.6,125310.3
37,Company_37,Energy,Oceania,2017,7909.6,20.9,24590.5,-3.8,69.2,46.1,72.2,89.4,6941628.3,2082488.5,69416283.4
823,Company_823,Retail,Europe,2024,1689.2,4.7,1506.5,-5.9,73.8,69.6,79.8,71.9,120361.9,60181.0,240723.9
934,Company_934,Consumer Goods,Middle East,2016,2176.8,9.6,2732.0,5.5,35.6,34.6,51.4,20.9,416980.7,521225.9,2084903.7
495,Company_495,Consumer Goods,Latin America,2015,629.7,12.3,1198.7,,42.8,48.3,60.4,19.9,108590.7,135738.4,542953.6
740,Company_740,Manufacturing,Africa,2020,527.6,17.9,1681.3,1.2,46.8,15.4,66.6,58.4,172856.5,230475.3,2880941.6
152,Company_152,Technology,Latin America,2025,22132.7,31.3,135427.5,-6.3,66.8,99.5,73.4,27.5,556871.5,334122.9,1113743.0
547,Company_547,Energy,Latin America,2017,1839.1,25.1,7560.6,1.9,52.9,75.2,32.9,50.8,1239399.1,371819.7,12393991.2
524,Company_524,Transportation,Middle East,2020,2089.6,9.3,2884.1,-2.4,41.2,10.5,46.3,66.8,1412646.3,235441.1,4708821.0
966,Company_966,Manufacturing,Oceania,2018,776.5,10.2,1723.2,-0.3,78.7,85.1,86.7,64.4,140827.1,187769.4,2347117.6
322,Company_322,Consumer Goods,Middle East,2016,1429.1,6.1,1949.7,7.6,44.8,63.3,37.2,34.0,216311.6,270389.5,1081558.1
755,Company_755,Finance,North America,2025,7730.0,3.3,3216.7,7.9,70.3,62.7,68.8,79.4,117686.3,58843.2,294215.8
33,Company_33,Finance,North America,2023,1315.8,9.9,2546.1,4.1,67.2,82.1,58.9,60.5,16453.5,8226.7,41133.7
538,Company_538,Transportation,Middle East,2022,969.5,16.7,2792.4,-1.2,32.3,17.2,23.7,56.0,627965.2,104660.9,2093217.2
92,Company_92,Healthcare,Asia,2024,2659.1,23.9,6961.7,4.1,36.5,60.6,26.9,22.0,206333.2,206333.2,412666.5
777,Company_777,Utilities,Middle East,2021,2003.5,12.2,2722.9,-0.0,45.7,54.1,51.8,31.0,1316458.0,822786.3,13164580.4
977,Company_977,Energy,Oceania,2021,5476.5,9.4,7535.0,4.2,59.4,24.4,79.7,74.1,5637181.5,1691154.5,56371815.4
351,Company_351,Utilities,Europe,2025,335.2,7.7,361.6,-6.9,60.2,30.2,68.8,81.6,264998.6,165624.1,2649986.2
334,Company_334,Technology,Africa,2020,17606.1,19.0,80062.2,-3.9,36.7,59.9,39.9,10.3,687494.4,412496.7,1374988.9
312,Company_312,Consumer Goods,Europe,2016,462.7,8.3,782.6,-10.8,52.9,6.4,59.6,92.8,106896.8,133620.9,534483.8
720,Company_720,Energy,Asia,2016,7492.4,3.9,4020.3,6.6,53.5,51.7,64.8,44.0,6278709.4,1883612.8,62787093.8
465,Company_465,Retail,Oceania,2025,1217.1,4.0,813.6,-7.0,62.9,42.0,93.0,53.6,110268.2,55134.1,220536.3
546,Company_546,Energy,Asia,2018,1317.1,15.2,3293.0,-3.0,38.6,34.8,59.3,21.6,1259286.1,377785.8,12592861.2
601,Company_601,Retail,Asia,2019,650.4,2.7,224.6,0.6,69.2,74.0,56.7,77.0,44345.7,22172.8,88691.3
770,Company_770,Retail,North America,2025,1028.2,9.6,1688.0,-1.3,43.8,40.6,62.3,28.6,94146.2,47073.1,188292.5
650,Company_650,Healthcare,Asia,2019,3290.9,22.5,18474.4,9.2,56.7,44.4,38.6,87.1,292715.5,292715.5,585430.9
751,Company_751,Transportation,Asia,2015,303.9,-5.1,1301.3,,37.3,0.6,76.4,35.0,218079.8,36346.6,726932.7
733,Company_733,Utilities,Latin America,2020,1422.0,10.4,1645.2,10.2,70.5,40.1,96.9,74.6,1046090.9,653806.8,10460908.8
379,Company_379,Manufacturing,Africa,2019,2937.4,1.3,362.2,20.7,41.2,38.0,33.9,51.7,823129.7,1097506.2,13718827.7
659,Company_659,Technology,Middle East,2019,4471.7,19.9,29138.1,13.9,45.2,83.4,21.3,30.8,137709.9,82625.9,275419.8
984,Company_984,Utilities,Latin America,2021,424.3,11.1,398.3,14.6,46.1,48.8,51.2,38.2,291491.6,182182.3,2914916.4
808,Company_808,Technology,North America,2021,6874.8,21.0,48994.5,6.8,71.0,88.4,62.4,62.3,199897.8,119938.7,399795.7
108,Company_108,Healthcare,North America,2021,16523.8,6.8,16057.8,27.2,71.0,67.9,66.4,78.7,1197327.6,1197327.6,2394655.2
937,Company_937,Technology,Europe,2025,10244.8,29.4,79167.8,10.2,92.2,92.6,86.5,97.4,282541.6,169525.0,565083.3
814,Company_814,Consumer Goods,Latin America,2015,954.6,2.4,237.8,,60.8,49.5,90.2,42.8,162954.9,203693.6,814774.3
77,Company_77,Utilities,Africa,2018,435.5,7.8,383.2,1.6,62.6,76.1,52.5,59.1,232393.8,145246.1,2323937.8
161,Company_161,Technology,Europe,2023,4689.2,27.4,35970.0,4.2,74.2,91.3,73.2,58.1,131449.3,78869.6,262898.7
737,Company_737,Technology,Asia,2017,2552.7,24.9,20463.3,10.5,31.8,48.3,36.9,10.2,110043.3,66026.0,220086.6
634,Company_634,Healthcare,Europe,2016,1487.1,16.3,2638.0,12.9,48.4,33.0,62.2,49.9,144087.8,144087.8,288175.6
337,Company_337,Finance,Africa,2022,4512.7,26.8,23376.1,19.1,68.8,97.0,70.7,38.8,47033.6,23516.8,117584.1
639,Company_639,Healthcare,Latin America,2015,970.9,10.1,2058.9,,22.9,15.3,31.8,21.7,106132.6,106132.6,212265.2
833,Company_833,Consumer Goods,North America,2022,909.2,10.1,2169.3,16.3,60.5,53.5,55.1,72.8,150155.0,187693.8,750775.1
163,Company_163,Energy,Asia,2019,2139.6,-10.6,7726.8,1.8,50.9,26.7,45.8,80.2,2167050.3,650115.1,21670503.1
584,Company_584,Healthcare,Latin America,2016,2225.0,12.6,5343.2,18.7,57.7,77.1,35.3,60.6,146870.7,146870.7,293741.4
646,Company_646,Energy,Europe,2023,101403.9,7.3,147180.2,14.4,84.9,54.6,100.0,100.0,82947547.4,24884264.2,829475473.7
192,Company_192,Consumer Goods,Asia,2022,537.2,18.2,2042.1,12.4,86.8,71.6,100.0,88.9,75107.2,93883.9,375535.8
574,Company_574,Transportation,Latin America,2024,1980.4,-1.5,4202.5,12.8,36.5,22.4,58.4,28.7,1239713.1,206618.8,4132377.0
478,Company_478,Finance,Europe,2022,10378.7,8.8,12644.8,-3.0,97.8,100.0,99.0,94.5,103827.1,51913.6,259567.8
79,Company_79,Healthcare,North America,2023,9149.2,30.8,50032.6,-4.4,65.3,81.4,34.8,79.7,576623.3,576623.3,1153246.6
775,Company_775,Manufacturing,Europe,2025,514.8,19.3,1635.9,-1.7,61.7,42.7,78.0,64.5,139122.5,185496.7,2318708.4
766,Company_766,Finance,Asia,2017,2608.4,16.8,6555.2,-1.2,65.9,100.0,61.3,36.2,26084.3,13042.1,65210.7
238,Company_238,Retail,Middle East,2017,641.3,3.1,443.0,-5.6,33.9,74.7,18.3,8.6,43439.9,21720.0,86879.8
937,Company_937,Technology,Europe,2024,9292.6,29.1,66696.8,9.3,90.5,88.7,86.9,96.0,269196.5,161517.9,538392.9
516,Company_516,Utilities,North America,2017,264.1,12.4,336.8,-5.8,32.3,16.8,9.3,70.7,228708.0,142942.5,2287080.0
683,Company_683,Manufacturing,Asia,2015,624.3,16.3,1575.6,,26.4,24.0,36.2,19.0,193297.2,257729.7,3221620.7
594,Company_594,Utilities,Europe,2023,1678.7,10.8,2423.2,-31.8,56.8,44.0,50.8,75.5,1197558.6,748474.1,11975585.7
526,Company_526,Utilities,Asia,2015,312.2,11.6,460.2,,29.7,37.7,27.1,24.1,233738.5,146086.5,2337384.5
541,Company_541,Technology,Asia,2017,1387.4,34.3,12588.8,1.3,37.7,26.3,61.6,25.1,70461.8,42277.1,140923.7
830,Company_830,Manufacturing,Africa,2016,2738.8,17.1,9415.3,2.0,54.7,56.6,53.2,54.2,660610.5,880814.0,11010175.3
338,Company_338,Energy,Africa,2015,11942.7,9.7,22351.9,,28.1,47.8,24.7,11.9,10336365.7,3100909.7,103363656.6
432,Company_432,Technology,North America,2016,238.3,21.2,1116.3,3.8,62.4,60.2,48.9,78.0,9275.0,5565.0,18550.0
205,Company_205,Energy,Asia,2016,10125.1,46.7,75962.7,12.8,32.2,49.2,13.7,33.7,8663676.4,2599102.9,86636764.2
294,Company_294,Healthcare,Oceania,2023,799.6,11.1,890.4,6.1,82.3,74.5,86.8,85.5,54244.6,54244.6,108489.3
403,Company_403,Retail,Middle East,2021,4866.9,-3.1,7037.3,5.3,54.4,76.3,66.7,20.3,323949.0,161974.5,647898.1
759,Company_759,Energy,Oceania,2024,151162.4,-16.0,559625.3,12.7,57.0,23.1,67.2,80.8,156960283.7,47088085.1,1569602836.9
654,Company_654,Energy,Oceania,2021,1943.8,4.0,800.5,-4.4,62.3,72.4,39.9,74.6,1347995.5,404398.6,13479954.6
20,Company_20,Technology,North America,2022,6865.1,18.0,22596.7,3.9,63.1,100.0,58.4,30.8,171627.8,102976.7,343255.6
967,Company_967,Technology,Europe,2022,21869.3,2.8,16646.8,9.5,92.6,97.4,89.6,90.8,566673.1,340003.9,1133346.3
751,Company_751,Transportation,Asia,2019,230.3,-2.0,1094.1,-14.2,41.8,8.6,81.5,35.4,157503.2,26250.5,525010.8
332,Company_332,Utilities,Africa,2020,940.7,9.7,1315.4,2.1,25.3,34.9,29.6,11.3,719275.9,449547.4,7192758.6
403,Company_403,Retail,Middle East,2022,5918.6,-2.7,24611.9,21.6,56.2,78.7,66.0,23.8,384348.5,192174.3,768697.1
265,Company_265,Manufacturing,Middle East,2021,738.4,3.0,273.9,2.4,27.8,45.2,32.8,5.5,195663.1,260884.2,3261052.5
400,Company_400,Manufacturing,Africa,2018,826.0,-3.9,3873.0,-0.9,44.4,69.5,47.0,16.8,176729.9,235639.9,2945498.3
995,Company_995,Healthcare,Latin America,2015,2012.2,16.2,5031.8,,53.5,87.4,32.1,41.1,118358.2,118358.2,236716.4
405,Company_405,Finance,Europe,2018,2932.5,13.7,6757.0,11.6,88.4,98.9,78.2,88.1,29783.3,14891.7,74458.3
320,Company_320,Technology,Middle East,2015,2424.6,16.3,13712.7,,55.1,56.2,38.5,70.5,97750.4,58650.2,195500.7
152,Company_152,Technology,Latin America,2024,23609.0,32.9,217726.5,-9.5,66.3,100.0,69.6,29.3,590225.7,354135.4,1180451.4
64,Company_64,Consumer Goods,Asia,2016,1432.6,8.3,2782.2,7.3,35.8,40.1,37.7,29.7,263381.2,329226.5,1316906.2
656,Company_656,Finance,Latin America,2021,1828.4,12.9,1970.5,13.7,71.0,96.7,59.6,56.6,19121.8,9560.9,47804.5
652,Company_652,Finance,Latin America,2017,3073.4,26.8,15717.7,-1.6,43.7,86.4,29.2,15.5,36591.6,18295.8,91479.0
556,Company_556,Transportation,Asia,2015,2500.0,6.6,1866.9,,35.5,35.3,44.6,26.6,1429190.5,238198.4,4763968.2
73,Company_73,Transportation,Asia,2018,1219.9,8.0,1139.1,8.7,52.5,21.4,69.9,66.0,768698.5,128116.4,2562328.3
920,Company_920,Finance,Africa,2017,1488.6,22.2,6532.7,-1.3,65.5,98.2,24.7,73.5,15255.5,7627.8,38138.8
384,Company_384,Healthcare,Oceania,2019,7722.7,21.1,36382.6,13.0,53.4,56.3,29.2,74.7,622171.1,622171.1,1244342.3
99,Company_99,Healthcare,Asia,2021,7342.0,2.8,4284.7,3.6,59.2,36.8,74.0,66.9,691722.1,691722.1,1383444.2
630,Company_630,Consumer Goods,Africa,2025,740.8,12.4,2150.2,4.8,69.3,86.4,57.1,64.2,88183.0,110228.7,440914.8
634,Company_634,Healthcare,Europe,2025,1595.4,26.4,8025.8,-1.7,51.8,40.3,65.1,50.0,146393.1,146393.1,292786.2
311,Company_311,Consumer Goods,Middle East,2023,6022.5,14.4,19587.6,-2.7,12.9,13.4,15.8,9.4,1332769.6,1665962.0,6663848.1
987,Company_987,Consumer Goods,Africa,2016,1298.2,19.7,6223.6,-2.6,50.3,60.7,51.1,39.0,201231.0,251538.8,1006155.1
733,Company_733,Utilities,Latin America,2023,1473.4,10.1,1296.4,6.4,73.3,40.7,100.0,79.1,1078362.8,673976.7,10783627.6
930,Company_930,Transportation,Africa,2024,465.8,-7.8,692.5,2.4,43.8,38.5,69.6,23.3,260142.4,43357.1,867141.2
32,Company_32,Utilities,North America,2020,451.0,3.1,121.4,-0.5,56.1,13.6,74.3,80.4,398536.1,249085.1,3985360.8
299,Company_299,Consumer Goods,North America,2025,3325.9,13.5,7717.9,-10.0,54.5,43.7,66.5,53.2,594538.4,743173.0,2972692.0
200,Company_200,Consumer Goods,Asia,2025,5837.6,14.1,12058.7,4.0,54.0,34.8,79.2,48.0,1116625.4,1395781.8,5583127.1
938,Company_938,Consumer Goods,North America,2023,1755.5,19.5,7050.2,8.9,66.5,40.8,91.8,66.9,321096.0,401370.0,1605480.2
855,Company_855,Healthcare,Latin America,2022,1102.8,20.2,2254.1,3.7,44.2,58.6,39.6,34.4,87080.4,87080.4,174160.8
278,Company_278,Utilities,Europe,2016,1424.7,6.7,1019.3,-0.3,40.2,18.9,47.1,54.6,1217260.4,760787.7,12172604.0
717,Company_717,Energy,North America,2015,5608.5,13.0,13522.3,,58.4,12.3,78.1,84.7,6247444.9,1874233.5,62474449.3
655,Company_655,Finance,Middle East,2019,2893.7,26.3,10353.1,0.8,43.3,90.3,19.9,19.6,32868.5,16434.3,82171.3
139,Company_139,Retail,Europe,2020,1385.1,3.8,1202.3,-4.5,66.9,75.9,48.6,76.3,92601.8,46300.9,185203.6
154,Company_154,Manufacturing,Asia,2015,4680.5,18.0,7899.2,,46.7,36.0,45.4,58.7,1331137.8,1774850.4,22185629.4
501,Company_501,Retail,Europe,2016,505.1,4.2,496.0,-14.2,50.1,26.5,84.6,39.1,51222.9,25611.4,102445.8
719,Company_719,Retail,North America,2025,853.3,2.8,312.8,-6.6,61.1,61.5,89.7,32.1,65667.6,32833.8,131335.2
462,Company_462,Technology,North America,2025,51770.7,10.8,121142.0,9.0,76.6,98.9,69.8,61.2,1314957.6,788974.5,2629915.2
57,Company_57,Utilities,Middle East,2020,913.9,-1.6,1604.4,-3.8,28.8,38.3,17.3,30.9,681148.2,425717.6,6811482.4
44,Company_44,Healthcare,Oceania,2025,11371.6,36.7,78853.3,-2.7,61.2,44.1,49.9,89.5,1013756.1,1013756.1,2027512.3
694,Company_694,Consumer Goods,North America,2015,1815.2,11.2,3933.5,,71.7,57.6,61.6,95.9,289387.2,361734.0,1446936.1
748,Company_748,Healthcare,Middle East,2021,824.6,18.0,2723.3,8.1,40.7,76.2,27.8,18.0,54977.8,54977.8,109955.5
457,Company_457,Transportation,North America,2025,3671.9,27.2,11815.0,13.9,74.8,48.1,92.7,83.5,1902223.8,317037.3,6340745.9
938,Company_938,Consumer Goods,North America,2018,1407.2,13.8,2222.2,10.6,64.2,37.6,85.3,69.6,263556.0,329445.1,1317780.2
279,Company_279,Consumer Goods,Africa,2015,1803.3,4.6,1953.0,,39.6,52.7,34.0,32.1,299659.2,374574.0,1498296.1
102,Company_102,Retail,Africa,2025,1463.2,1.6,282.1,-2.0,62.5,41.3,87.5,58.8,133321.2,66660.6,266642.5
68,Company_68,Manufacturing,Middle East,2025,6162.4,29.3,31706.9,6.1,60.6,50.9,85.1,45.7,1559707.1,2079609.4,25995117.9
786,Company_786,Energy,North America,2022,809.1,12.6,1963.7,-5.1,55.2,46.3,44.9,74.4,708738.3,212621.5,7087383.1
566,Company_566,Healthcare,North America,2023,2419.1,14.3,6661.8,7.8,59.5,45.0,57.4,76.2,214126.7,214126.7,428253.4
239,Company_239,Manufacturing,Latin America,2025,801.6,10.8,1059.7,-3.7,48.8,12.1,58.3,76.1,268270.8,357694.4,4471179.4
37,Company_37,Energy,Oceania,2018,8190.8,15.8,12390.7,3.6,70.5,49.3,72.3,89.9,7003417.6,2101025.3,70034176.2
7,Company_7,Healthcare,Oceania,2019,5421.6,1.3,1267.0,1.9,54.4,78.5,39.0,45.7,352693.8,352693.8,705387.6
158,Company_158,Energy,Oceania,2018,6634.5,6.3,5629.7,10.7,52.3,23.2,88.8,45.0,6883262.9,2064978.9,68832629.5
880,Company_880,Retail,Latin America,2025,7401.1,-0.3,8972.8,6.6,53.8,43.8,39.1,78.6,661335.4,330667.7,1322670.7
466,Company_466,Consumer Goods,Oceania,2025,2475.3,1.1,398.9,16.2,65.4,72.1,95.4,28.6,344039.9,430049.9,1720199.6
593,Company_593,Manufacturing,Africa,2025,7945.7,12.3,8971.5,8.6,33.6,56.8,9.0,34.9,1911881.2,2549174.9,31864686.0
384,Company_384,Healthcare,Oceania,2022,10129.2,18.7,19430.0,7.1,58.0,65.2,32.2,76.6,753114.8,753114.8,1506229.5
238,Company_238,Retail,Middle East,2022,685.4,3.2,546.5,-11.8,44.2,83.6,34.0,14.9,42154.4,21077.2,84308.8
117,Company_117,Retail,Asia,2020,1249.7,13.1,2064.8,3.3,68.1,37.8,88.1,78.5,116934.7,58467.4,233869.4
640,Company_640,Finance,Africa,2019,15715.2,10.3,30756.7,2.2,58.5,86.3,74.9,14.2,187342.7,93671.3,468356.6
640,Company_640,Finance,Africa,2016,15841.7,4.8,14696.5,3.3,58.8,83.3,75.0,18.2,195501.0,97750.5,488752.5
56,Company_56,Utilities,North America,2018,720.9,10.0,776.0,7.7,58.0,24.3,64.9,84.6,593967.3,371229.5,5939672.6
340,Company_340,Consumer Goods,Oceania,2025,787.9,2.5,435.8,-2.0,66.0,50.1,79.8,68.1,133840.0,167300.0,669199.8
502,Company_502,Manufacturing,Asia,2018,303.5,2.1,54.6,18.1,33.9,25.3,28.3,48.2,93173.6,124231.5,1552894.1
837,Company_837,Healthcare,Latin America,2016,1201.8,12.7,3064.6,6.7,52.8,61.1,54.6,42.6,92795.7,92795.7,185591.4
310,Company_310,Energy,Africa,2020,1985.8,21.1,6691.5,-3.6,48.1,70.6,45.8,27.8,1401517.0,420455.1,14015169.6
454,Company_454,Manufacturing,Middle East,2021,2582.0,11.4,4700.1,2.9,34.9,44.3,34.2,26.1,689458.7,919278.3,11490978.9
558,Company_558,Finance,Middle East,2015,3944.8,10.0,3942.6,,50.7,45.0,50.5,56.5,69822.3,34911.1,174555.7
841,Company_841,Energy,Africa,2025,392.1,22.3,1287.1,-15.7,28.0,31.0,46.4,6.5,385416.1,115624.8,3854161.4
493,Company_493,Energy,Latin America,2017,1805.5,-15.2,5313.1,-1.8,43.2,45.6,68.1,15.8,1590567.6,477170.3,15905676.2
439,Company_439,Utilities,North America,2021,844.7,9.1,908.9,0.7,82.0,73.1,76.5,96.4,465176.4,290735.3,4651764.0
499,Company_499,Transportation,Asia,2017,491.1,1.8,121.5,13.1,41.1,11.1,43.8,68.4,330776.1,55129.4,1102587.1
952,Company_952,Energy,Africa,2023,6323.2,-10.3,15729.7,-3.1,29.6,21.5,38.3,29.0,6634119.2,1990235.8,66341192.1
378,Company_378,Technology,Oceania,2015,1305.1,24.9,8990.4,,86.7,79.9,97.4,82.9,41801.7,25081.0,83603.4
625,Company_625,Energy,Middle East,2016,6006.3,-14.4,12988.2,-3.6,33.6,33.9,29.2,37.6,5783348.9,1735004.7,57833488.7
892,Company_892,Transportation,Latin America,2016,799.7,0.8,70.4,-3.0,35.4,25.7,57.4,23.2,489525.2,81587.5,1631750.8
988,Company_988,Consumer Goods,Europe,2020,12221.5,14.7,39844.8,18.7,73.6,73.2,48.9,98.8,1680798.8,2100998.5,8403994.0
131,Company_131,Finance,Latin America,2019,30223.5,16.7,41046.2,-0.4,70.3,80.9,89.8,40.2,382861.2,191430.6,957153.1
238,Company_238,Retail,Middle East,2023,786.2,3.1,549.6,14.7,46.0,86.6,35.2,16.1,46703.9,23351.9,93407.8
285,Company_285,Energy,Latin America,2017,13499.9,-5.2,10364.6,10.5,48.5,41.1,43.5,60.9,12319760.5,3695928.1,123197604.7
89,Company_89,Utilities,Europe,2018,1209.5,15.3,2000.8,-7.7,30.5,31.6,49.3,10.7,947226.4,592016.5,9472264.2
843,Company_843,Retail,Middle East,2016,1570.6,10.1,2232.7,8.5,58.5,69.0,93.4,13.3,112613.0,56306.5,225226.0
273,Company_273,Transportation,Latin America,2023,369.2,-2.1,654.8,-1.5,50.9,35.9,91.1,25.8,210148.6,35024.8,700495.4
385,Company_385,Transportation,Oceania,2019,416.2,4.2,189.5,-6.1,29.2,17.4,41.8,28.3,269212.9,44868.8,897376.2
16,Company_16,Energy,Europe,2023,1119.0,29.3,2683.5,-12.8,57.7,58.3,45.2,69.8,886537.9,265961.4,8865378.6
54,Company_54,Healthcare,Oceania,2024,11283.7,22.0,37001.2,5.1,67.0,35.5,87.0,78.6,1073475.8,1073475.8,2146951.5
718,Company_718,Healthcare,Middle East,2016,1277.8,23.6,4336.9,10.0,41.5,59.7,53.6,11.1,99935.3,99935.3,199870.6
332,Company_332,Utilities,Africa,2024,1135.9,10.5,1278.8,13.5,25.7,30.7,32.2,14.2,894908.8,559318.0,8949087.8
973,Company_973,Transportation,Latin America,2019,437.2,4.4,201.7,-0.2,34.5,20.1,49.7,33.7,277968.8,46328.1,926562.8
278,Company_278,Utilities,Europe,2015,1429.3,4.6,553.2,,41.0,19.9,48.2,55.0,1212873.9,758046.2,12128739.2
606,Company_606,Transportation,Europe,2023,4612.3,4.6,3664.5,31.8,49.6,22.8,51.4,74.6,2879342.3,479890.4,9597807.6
759,Company_759,Energy,Oceania,2019,61154.9,9.0,109209.6,21.4,59.3,26.5,66.0,85.4,62039950.8,18611985.3,620399508.5
131,Company_131,Finance,Latin America,2018,30349.2,17.2,59874.4,2.6,71.9,83.7,92.3,39.7,372701.2,186350.6,931752.9
376,Company_376,Technology,Oceania,2018,1534.7,16.4,8155.9,2.0,86.0,92.5,75.8,89.8,42409.4,25445.6,84818.8
136,Company_136,Manufacturing,Latin America,2024,1117.7,8.2,1649.5,2.3,53.3,53.0,54.5,52.3,278087.4,370783.2,4634789.8
494,Company_494,Consumer Goods,Africa,2017,949.4,11.4,1540.1,21.5,29.9,27.0,52.7,10.0,191956.4,239945.6,959782.2
983,Company_983,Retail,Oceania,2022,561.2,8.7,550.3,3.5,67.0,70.6,48.9,81.5,39604.3,19802.2,79208.7
503,Company_503,Manufacturing,North America,2025,7727.0,13.7,15421.0,14.1,54.8,23.1,89.4,51.7,2406765.8,3209021.0,40112762.6
219,Company_219,Transportation,Middle East,2024,748.4,-8.3,976.9,12.9,49.7,44.9,44.5,59.7,397680.4,66280.1,1325601.2
286,Company_286,Transportation,North America,2023,1363.9,5.6,1069.0,0.6,66.2,49.1,84.4,65.2,700531.8,116755.3,2335105.9
127,Company_127,Consumer Goods,Asia,2022,2492.0,8.9,5303.8,-2.9,60.9,75.6,37.1,70.0,334483.6,418104.5,1672417.8
158,Company_158,Energy,Oceania,2020,9165.1,8.8,8879.3,12.2,55.9,28.2,93.5,46.1,9191436.7,2757431.0,91914366.6
111,Company_111,Finance,Africa,2018,681.6,14.4,1335.6,8.0,41.8,92.8,14.6,18.1,7504.0,3752.0,18760.0
661,Company_661,Retail,Europe,2020,1973.8,10.5,2625.1,2.0,76.7,47.5,95.6,86.9,171171.0,85585.5,342341.9
415,Company_415,Energy,North America,2021,2114.1,0.5,190.5,5.7,45.9,31.8,77.3,28.7,2066859.5,620057.8,20668594.9
434,Company_434,Transportation,Latin America,2020,572.4,9.3,1039.5,12.8,51.9,33.5,49.0,73.1,331615.2,55269.2,1105384.0
181,Company_181,Finance,Oceania,2016,1663.6,16.4,3656.1,3.9,66.6,72.7,79.1,48.0,22982.0,11491.0,57455.1
196,Company_196,Healthcare,Oceania,2015,4947.2,7.8,4113.4,,51.1,73.3,49.2,30.8,339940.4,339940.4,679880.8
287,Company_287,Transportation,Africa,2015,753.9,-4.3,1011.7,,42.0,57.4,45.4,23.1,361174.7,60195.8,1203915.6
364,Company_364,Utilities,North America,2016,970.9,13.9,1242.7,-6.6,63.7,4.7,86.7,99.6,906477.6,566548.5,9064775.7
632,Company_632,Transportation,Europe,2024,2185.3,-5.6,10271.8,-0.9,55.4,63.0,30.0,73.3,994930.0,165821.7,3316433.2
675,Company_675,Transportation,Europe,2023,2736.4,2.6,1399.3,-2.9,79.0,67.3,98.6,71.1,1197282.2,199547.0,3990940.7
842,Company_842,Healthcare,North America,2022,723.5,18.1,2118.7,-1.1,62.7,47.8,76.1,64.2,62625.4,62625.4,125250.8
82,Company_82,Technology,Middle East,2024,6029.2,31.1,63287.9,5.0,70.6,97.3,81.0,33.4,156403.8,93842.3,312807.7
594,Company_594,Utilities,Europe,2024,1552.8,8.9,1805.9,-7.5,55.4,42.9,48.9,74.4,1117903.6,698689.8,11179036.3
972,Company_972,Finance,Africa,2020,1525.3,23.1,2903.4,-3.3,56.0,100.0,66.6,1.4,15253.2,7626.6,38132.9
868,Company_868,Technology,Oceania,2019,44862.3,9.8,114754.7,2.8,69.2,88.5,71.2,48.0,1302258.6,781355.1,2604517.2
606,Company_606,Transportation,Europe,2024,4665.0,1.5,711.0,1.1,50.0,22.8,54.4,72.9,2911328.7,485221.4,9704429.0
545,Company_545,Manufacturing,North America,2023,6804.9,13.2,13160.7,10.3,60.4,48.3,76.1,57.0,1759554.2,2346072.3,29325903.5
780,Company_780,Transportation,Africa,2019,555.5,15.7,983.3,-13.3,31.1,32.0,38.2,23.1,325255.4,54209.2,1084184.6
427,Company_427,Manufacturing,Asia,2024,1029.8,9.3,2057.9,-1.1,45.2,28.1,33.5,74.0,310031.0,413374.6,5167182.5
878,Company_878,Consumer Goods,Asia,2024,1395.7,16.3,4020.3,-1.2,25.7,3.4,37.0,36.5,328360.4,410450.5,1641802.0
548,Company_548,Retail,Middle East,2020,4391.8,9.9,9149.9,13.2,25.4,45.9,21.8,8.5,386007.8,193003.9,772015.6
700,Company_700,Technology,Asia,2015,7161.7,11.3,24526.8,,71.6,99.9,55.4,59.6,179203.5,107522.1,358407.0
213,Company_213,Technology,Europe,2020,52686.1,27.3,287049.0,5.9,76.1,100.0,49.9,78.2,1317153.5,790292.1,2634307.0
612,Company_612,Utilities,Oceania,2024,641.6,4.1,389.4,-10.6,64.3,38.9,68.1,86.0,475981.6,297488.5,4759816.4
307,Company_307,Finance,Middle East,2024,9256.3,20.0,26212.4,2.8,66.4,100.0,80.2,19.0,92563.2,46281.6,231408.0
841,Company_841,Energy,Africa,2020,993.0,12.9,2134.6,-27.0,25.9,25.5,38.6,13.6,1014550.4,304365.1,10145504.4
146,Company_146,Consumer Goods,Africa,2015,918.1,10.2,2249.6,,48.1,37.8,32.3,74.2,171754.8,214693.5,858774.0
699,Company_699,Transportation,Oceania,2018,603.8,-2.7,616.9,-8.7,64.6,35.9,86.8,71.3,343836.1,57306.0,1146120.4
479,Company_479,Transportation,Oceania,2024,925.2,4.8,770.4,1.0,49.4,24.4,97.4,26.5,571291.9,95215.3,1904306.4
920,Company_920,Finance,Africa,2024,1198.7,22.0,3986.9,1.5,67.9,100.0,25.8,78.0,11986.9,5993.5,29967.3
845,Company_845,Retail,Middle East,2024,1598.1,-0.2,3499.2,9.6,57.9,67.2,49.6,56.9,116575.1,58287.6,233150.3
636,Company_636,Consumer Goods,Latin America,2024,1106.3,0.4,81.9,-2.2,59.9,64.9,62.5,52.4,164983.7,206229.6,824918.4
239,Company_239,Manufacturing,Latin America,2022,814.9,9.4,1570.7,14.5,49.0,15.1,56.2,75.8,267561.4,356748.5,4459356.2
402,Company_402,Technology,Asia,2019,1371.8,22.5,9786.3,-2.0,30.1,18.7,40.5,31.2,73355.2,44013.1,146710.3
5,Company_5,Finance,Middle East,2018,2758.9,22.6,7367.6,8.1,45.4,75.8,18.7,41.8,36945.9,18472.9,92364.7
789,Company_789,Utilities,Asia,2017,999.4,12.6,1129.1,5.6,43.5,51.3,38.0,41.3,672147.8,420092.4,6721477.8
4,Company_4,Technology,Africa,2021,5784.3,29.4,37578.6,-5.5,60.0,100.0,55.1,24.8,144607.6,86764.6,289215.2
146,Company_146,Consumer Goods,Africa,2017,960.4,17.8,3565.5,15.8,46.8,36.7,32.6,71.2,181120.7,226400.9,905603.6
660,Company_660,Consumer Goods,Africa,2016,1950.0,15.0,6215.5,2.8,29.1,20.3,45.9,21.1,412693.8,515867.3,2063469.2
997,Company_997,Utilities,Africa,2017,499.5,13.5,571.5,-5.0,63.3,45.9,86.9,56.9,351049.5,219405.9,3510494.7
607,Company_607,Healthcare,Europe,2022,40482.2,26.8,241827.3,15.6,88.3,100.0,83.8,81.1,2025128.0,2025128.0,4050256.0
295,Company_295,Finance,Europe,2025,3361.5,3.3,1066.1,9.7,78.4,87.0,80.0,68.2,39720.5,19860.3,99301.3
902,Company_902,Utilities,Africa,2019,624.3,13.2,763.1,9.1,26.7,38.7,27.0,14.3,463966.1,289978.8,4639661.2
145,Company_145,Energy,Middle East,2025,9456.7,36.8,55981.8,22.4,40.8,14.5,75.8,31.9,10387255.9,3116176.8,103872559.4
230,Company_230,Transportation,Europe,2015,275.4,3.9,201.5,,66.5,41.3,67.9,90.4,150541.1,25090.2,501803.7
106,Company_106,Manufacturing,Europe,2017,1992.8,7.6,2079.5,9.2,65.5,1.5,95.1,100.0,711131.1,948174.7,11852184.3
662,Company_662,Finance,Middle East,2017,13184.1,-1.2,25418.7,0.4,58.0,100.0,21.5,52.4,131840.8,65920.4,329602.1
40,Company_40,Transportation,Oceania,2020,3003.0,1.6,464.0,-3.5,55.8,32.9,77.3,57.2,1747311.4,291218.6,5824371.3
52,Company_52,Consumer Goods,Oceania,2016,1275.2,16.2,2583.3,-6.4,63.4,42.1,81.8,66.3,230823.0,288528.8,1154115.2
109,Company_109,Energy,Africa,2021,5443.8,-8.4,23571.6,-12.4,53.3,50.7,51.9,57.3,4599828.4,1379948.5,45998283.8
214,Company_214,Utilities,Asia,2016,2811.0,13.1,3435.2,11.3,38.8,48.5,28.9,38.9,1935753.2,1209845.7,19357531.7
140,Company_140,Manufacturing,Europe,2016,739.4,10.5,910.1,4.3,33.8,1.6,36.3,63.5,263683.3,351577.7,4394721.7
962,Company_962,Finance,Middle East,2023,2694.9,17.0,4477.1,6.5,51.7,90.0,32.6,32.5,30725.6,15362.8,76814.0
522,Company_522,Transportation,Oceania,2019,255.3,-7.3,518.8,-0.5,29.0,66.2,13.7,7.2,112817.5,18802.9,376058.4
412,Company_412,Energy,Latin America,2015,9886.9,8.1,14685.0,,39.8,24.9,43.5,51.2,10144044.3,3043213.3,101440443.3
239,Company_239,Manufacturing,Latin America,2023,844.1,8.0,1158.9,3.6,48.3,9.0,59.6,76.3,287927.4,383903.2,4798789.7
227,Company_227,Transportation,Asia,2024,1327.0,-0.1,5389.2,20.4,53.2,36.3,44.7,78.6,753137.1,125522.9,2510457.1
842,Company_842,Healthcare,North America,2025,710.2,17.0,1408.2,3.6,66.2,52.8,78.5,67.2,58962.0,58962.0,117924.0
143,Company_143,Consumer Goods,Oceania,2019,1477.8,19.1,5056.6,-2.9,66.8,88.4,53.1,58.7,171753.4,214691.8,858767.1
49,Company_49,Retail,Middle East,2020,458.4,10.2,648.7,8.9,18.2,11.0,34.0,9.6,51468.0,25734.0,102935.9
479,Company_479,Transportation,Oceania,2022,826.8,8.9,1167.9,7.6,47.3,22.9,95.7,23.2,515629.7,85938.3,1718765.6
189,Company_189,Healthcare,Asia,2022,2268.1,10.3,5515.2,5.6,50.9,65.1,35.7,51.9,168736.8,168736.8,337473.6
195,Company_195,Transportation,Middle East,2019,1198.0,9.9,1084.7,5.2,24.9,17.9,15.4,41.3,772240.8,128706.8,2574136.1
70,Company_70,Retail,Africa,2017,1113.5,0.1,18.2,18.7,43.7,47.1,32.9,51.0,96907.1,48453.5,193814.2
600,Company_600,Technology,Africa,2023,5535.4,3.6,5008.0,6.7,59.3,91.4,74.8,11.9,155027.9,93016.7,310055.7
725,Company_725,Finance,Oceania,2015,8346.7,13.4,21012.7,,83.7,99.2,89.1,62.7,84442.4,42221.2,211106.0
976,Company_976,Utilities,Africa,2017,1432.7,15.2,2717.8,-9.1,25.8,17.3,41.8,18.1,1236677.1,772923.2,12366770.6
619,Company_619,Healthcare,Oceania,2019,1006.7,3.8,640.2,4.0,58.5,56.8,63.2,55.6,80799.6,80799.6,161599.2
396,Company_396,Finance,North America,2024,17679.5,13.9,23610.5,0.1,78.4,99.6,62.7,72.9,177812.4,88906.2,444531.0
451,Company_451,Consumer Goods,Oceania,2025,7488.5,16.9,16334.0,9.5,85.8,77.4,87.6,92.3,985934.4,1232418.0,4929672.1
987,Company_987,Consumer Goods,Africa,2023,1614.3,14.9,5335.9,6.4,54.9,65.9,61.4,37.5,238577.2,298221.5,1192886.0
205,Company_205,Energy,Asia,2025,24003.0,50.0,172858.1,4.7,41.5,58.4,23.8,42.4,18984632.5,5695389.8,189846325.3
251,Company_251,Transportation,Asia,2019,740.2,4.8,678.8,14.6,48.8,18.0,55.5,73.0,477031.1,79505.2,1590103.6
206,Company_206,Manufacturing,North America,2020,958.0,15.9,2731.2,-1.1,73.9,38.6,83.2,100.0,267245.6,356327.5,4454093.2
614,Company_614,Finance,Asia,2017,4203.2,12.2,8569.7,-0.3,77.0,100.0,85.3,45.6,42032.5,21016.2,105081.2
285,Company_285,Energy,Latin America,2024,32670.7,6.0,26047.4,22.2,54.3,54.4,45.0,63.5,26753977.5,8026193.3,267539775.3
783,Company_783,Manufacturing,Middle East,2021,3442.1,10.0,7196.1,3.5,37.1,11.6,62.1,37.5,1155431.6,1540575.5,19257193.2
210,Company_210,Retail,Oceania,2017,1088.2,8.2,2125.9,-4.4,91.4,85.4,100.0,88.9,65514.7,32757.4,131029.5
68,Company_68,Manufacturing,Middle East,2018,3882.8,12.5,4369.0,4.0,57.5,46.1,81.9,44.4,1021568.3,1362091.1,17026138.3
850,Company_850,Healthcare,Latin America,2018,2230.6,20.6,8727.3,1.1,59.7,77.7,70.2,31.2,146287.2,146287.2,292574.4
685,Company_685,Energy,North America,2019,6307.3,-11.5,5587.4,7.2,45.5,16.3,56.5,63.7,6847617.5,2054285.3,68476175.1
191,Company_191,Manufacturing,Oceania,2023,971.5,6.9,760.4,2.3,44.0,9.4,90.0,32.6,330518.3,440691.0,5508637.9
395,Company_395,Consumer Goods,North America,2024,2758.2,12.4,4711.8,4.2,50.8,39.4,47.5,65.6,509951.3,637439.1,2549756.3
27,Company_27,Healthcare,Europe,2020,2781.1,5.4,2603.6,17.5,63.8,100.0,48.1,43.3,139053.3,139053.3,278106.6
930,Company_930,Transportation,Africa,2015,326.9,6.0,385.8,,36.5,30.0,71.5,8.1,194199.1,32366.5,647330.4
456,Company_456,Utilities,Asia,2022,401.3,12.4,607.7,-10.8,37.0,47.3,51.1,12.6,278824.2,174265.1,2788241.7
419,Company_419,Healthcare,North America,2025,2997.5,0.2,70.4,17.6,52.2,26.1,73.7,56.7,305034.4,305034.4,610068.8
966,Company_966,Manufacturing,Oceania,2021,736.0,7.4,770.0,-4.7,80.6,88.6,87.8,65.4,128051.8,170735.8,2134197.4
172,Company_172,Energy,Asia,2025,7392.3,14.3,11993.9,0.3,46.9,38.0,68.6,34.0,6903567.9,2071070.4,69035679.5
989,Company_989,Energy,Africa,2015,3259.4,21.1,8807.7,,29.6,6.7,61.5,20.7,3757996.9,1127399.1,37579968.7
413,Company_413,Consumer Goods,North America,2023,3022.7,11.3,5845.3,12.6,71.1,48.9,90.5,73.8,518396.9,647996.1,2591984.5
367,Company_367,Utilities,Latin America,2018,968.0,8.8,1064.5,-8.7,61.3,60.6,68.3,54.9,600534.6,375334.1,6005346.2
31,Company_31,Transportation,Middle East,2015,3478.7,3.8,1234.0,,23.9,28.3,10.6,32.8,2090644.7,348440.8,6968815.5
761,Company_761,Technology,Africa,2017,45980.5,18.7,138083.9,14.8,56.3,95.7,19.6,53.5,1218747.9,731248.7,2437495.7
673,Company_673,Healthcare,Latin America,2019,2111.4,11.4,4146.3,0.1,59.1,45.2,45.8,86.4,186535.5,186535.5,373071.0
776,Company_776,Consumer Goods,Asia,2018,1961.3,6.9,3058.5,-2.9,42.5,30.0,81.7,15.8,388204.8,485256.0,1941024.2
2,Company_2,Retail,Asia,2018,2939.7,-1.7,4408.0,-15.1,61.5,61.7,52.0,70.6,225701.3,112850.6,451402.6
448,Company_448,Finance,Middle East,2019,6171.1,11.8,13266.7,5.1,49.1,97.5,40.6,9.1,63833.5,31916.8,159583.8
368,Company_368,Finance,Europe,2025,5197.5,18.9,8868.6,4.7,83.0,100.0,72.2,76.9,51974.8,25987.4,129936.9
997,Company_997,Utilities,Africa,2022,639.8,7.2,646.4,8.2,63.7,47.0,85.2,58.9,445911.6,278694.8,4459116.3
45,Company_45,Retail,Africa,2018,621.5,-0.1,1437.0,4.4,39.0,57.7,7.9,51.5,49460.1,24730.1,98920.3
672,Company_672,Finance,Middle East,2025,14134.9,0.6,1389.5,13.6,47.7,99.2,27.4,16.6,142923.4,71461.7,357308.6
916,Company_916,Manufacturing,Oceania,2020,1430.0,12.0,1542.4,13.5,71.2,31.0,93.5,89.1,421601.1,562134.8,7026684.5
945,Company_945,Finance,Europe,2020,2137.0,12.4,3135.8,9.5,68.8,65.5,92.2,48.6,31693.5,15846.7,79233.7
671,Company_671,Technology,Middle East,2017,8460.5,18.6,37664.5,8.7,48.1,72.3,41.7,30.4,293500.2,176100.1,587000.3
955,Company_955,Transportation,Asia,2017,639.5,2.7,287.9,12.9,59.1,48.9,65.9,62.4,329171.3,54861.9,1097237.8
348,Company_348,Healthcare,Latin America,2025,6299.4,11.7,8498.2,5.7,55.1,74.1,70.5,20.6,429117.0,429117.0,858234.0
394,Company_394,Transportation,Oceania,2021,1961.9,3.2,794.8,6.0,52.2,29.6,32.9,93.9,1168327.8,194721.3,3894426.2
816,Company_816,Manufacturing,Middle East,2024,4741.6,-2.6,6074.6,2.9,25.7,50.7,16.7,9.8,1202465.8,1603287.7,20041095.9
539,Company_539,Healthcare,Europe,2025,5483.8,28.9,27646.9,10.1,81.7,73.5,85.0,86.5,375896.5,375896.5,751793.0
61,Company_61,Consumer Goods,Oceania,2023,2760.8,4.1,1921.5,4.7,83.6,90.6,62.9,97.3,312391.8,390489.8,1561959.1
566,Company_566,Healthcare,North America,2021,2044.9,8.6,2379.6,-5.4,54.0,38.7,49.3,74.1,189958.5,189958.5,379917.0
187,Company_187,Utilities,Africa,2024,3720.1,21.4,7768.2,4.7,42.6,67.2,57.9,2.7,2170606.1,1356628.8,21706060.6
207,Company_207,Consumer Goods,North America,2020,1454.8,4.9,1331.2,14.0,71.8,78.2,53.1,84.2,189813.4,237266.8,949067.1
779,Company_779,Retail,Europe,2023,2317.9,-1.6,5339.5,9.7,75.2,57.6,96.7,71.2,184718.3,92359.2,369436.6
994,Company_994,Manufacturing,Europe,2024,2168.0,2.4,511.0,-1.7,58.3,19.6,95.0,60.2,691116.5,921488.7,11518608.8
329,Company_329,Finance,Oceania,2021,21861.5,30.9,83903.7,-1.5,82.3,74.2,95.3,77.3,297487.0,148743.5,743717.6
395,Company_395,Consumer Goods,North America,2019,1663.7,15.2,5473.9,5.6,48.8,38.4,42.6,65.2,309829.2,387286.6,1549146.2
25,Company_25,Utilities,Middle East,2016,646.6,10.6,678.2,-7.4,38.0,20.3,67.9,25.8,547141.1,341963.2,5471411.4
1000,Company_1000,Consumer Goods,Latin America,2024,3183.2,15.7,6960.1,-6.8,52.0,72.4,40.5,42.9,441310.9,551638.6,2206554.3
926,Company_926,Retail,Asia,2025,361.5,9.7,632.7,6.5,30.5,47.9,10.4,33.2,31252.7,15626.3,62505.4
617,Company_617,Healthcare,Asia,2021,6030.9,-1.4,14578.1,17.7,61.1,87.7,9.8,85.8,353339.3,353339.3,706678.7
580,Company_580,Technology,Latin America,2018,1539.5,7.7,3033.3,14.1,69.0,98.7,66.4,41.9,39203.2,23521.9,78406.3
756,Company_756,Technology,Middle East,2024,17932.0,30.9,86264.3,10.0,75.3,81.8,97.3,46.9,562673.7,337604.2,1125347.4
393,Company_393,Transportation,North America,2020,697.1,0.4,44.2,17.0,78.4,82.6,57.8,94.6,260017.2,43336.2,866723.9
162,Company_162,Technology,North America,2019,36784.5,9.3,68160.4,5.1,71.7,97.6,25.7,91.7,950378.1,570226.9,1900756.2
47,Company_47,Consumer Goods,Africa,2019,227.9,2.9,119.4,9.7,56.2,69.8,70.7,28.2,32426.2,40532.7,162130.9
309,Company_309,Transportation,North America,2020,2948.1,1.1,270.2,16.9,56.0,44.7,50.5,72.7,1569116.4,261519.4,5230388.0
271,Company_271,Healthcare,Europe,2019,4330.0,28.8,24594.6,1.1,57.4,61.3,54.6,56.4,333788.5,333788.5,667577.1
290,Company_290,Transportation,Africa,2017,1787.1,8.6,1589.6,18.9,26.0,27.8,23.0,27.2,1078166.0,179694.3,3593886.7
78,Company_78,Technology,Latin America,2018,8095.0,16.6,25758.2,0.6,47.3,75.4,42.3,24.3,271965.6,163179.4,543931.3
413,Company_413,Consumer Goods,North America,2019,1772.8,12.1,3106.1,2.1,62.3,45.1,78.6,63.2,313637.4,392046.8,1568187.2
527,Company_527,Retail,Asia,2019,939.0,9.4,1706.5,4.5,31.2,24.0,55.2,14.3,96879.8,48439.9,193759.6
623,Company_623,Consumer Goods,North America,2016,583.4,8.1,597.6,-1.6,51.5,27.7,45.1,81.9,117428.3,146785.4,587141.6
821,Company_821,Manufacturing,Africa,2025,1389.8,16.7,4286.0,4.5,38.5,55.0,26.3,34.3,339889.8,453186.4,5664830.3
705,Company_705,Consumer Goods,Africa,2016,1086.5,18.8,4592.8,-7.3,35.4,57.2,48.9,0.0,173806.5,217258.1,869032.4
117,Company_117,Retail,Asia,2021,1159.3,12.6,3001.3,-7.2,69.3,40.2,90.3,77.4,106479.0,53239.5,212958.0
983,Company_983,Retail,Oceania,2016,423.7,5.6,424.7,12.3,56.1,62.8,42.5,63.0,32220.3,16110.1,64440.6
426,Company_426,Transportation,Middle East,2019,1398.4,15.5,2991.8,30.3,27.6,42.6,23.5,16.7,756923.5,126153.9,2523078.3
377,Company_377,Consumer Goods,Europe,2023,4861.3,16.6,16963.0,1.8,49.4,57.4,20.6,70.2,775947.4,969934.2,3879736.8
115,Company_115,Consumer Goods,Europe,2015,398.9,12.1,860.1,,62.3,43.7,66.0,77.0,71344.7,89180.9,356723.7
739,Company_739,Utilities,Asia,2019,1285.7,7.0,1175.6,5.8,47.9,31.6,36.6,75.6,1006832.5,629270.3,10068324.9
664,Company_664,Finance,Latin America,2019,7151.4,13.2,9870.9,-9.1,71.7,95.4,77.7,42.0,76132.6,38066.3,190331.6
807,Company_807,Transportation,Asia,2021,979.9,7.5,1096.6,-4.6,64.5,21.8,87.7,84.0,615744.9,102624.1,2052482.9
862,Company_862,Finance,Latin America,2023,4928.6,14.3,8155.6,-1.3,65.5,68.4,51.9,76.3,71099.3,35549.7,177748.3
507,Company_507,Manufacturing,Europe,2015,593.9,3.5,271.9,,69.1,89.8,91.6,25.7,101754.6,135672.9,1695910.8
970,Company_970,Healthcare,Europe,2016,1526.8,19.4,5025.0,26.3,67.1,82.7,40.5,78.2,94789.5,94789.5,189579.0
474,Company_474,Consumer Goods,Latin America,2018,2055.5,5.3,1288.8,5.3,61.0,61.5,48.0,73.5,316391.4,395489.2,1581956.8
431,Company_431,Consumer Goods,Asia,2015,324.5,7.1,455.9,,66.9,47.1,78.3,75.5,56487.4,70609.3,282437.1
149,Company_149,Technology,Africa,2021,14184.1,13.3,54146.3,17.2,52.8,84.0,40.9,33.4,434170.8,260502.5,868341.6
88,Company_88,Manufacturing,North America,2025,1624.2,0.5,89.4,5.8,82.8,85.8,73.0,89.7,291977.1,389302.8,4866285.4
824,Company_824,Transportation,Oceania,2025,797.5,16.5,1143.0,3.4,55.3,22.6,50.4,93.1,498515.5,83085.9,1661718.4
932,Company_932,Manufacturing,Latin America,2025,324.8,5.8,351.0,8.3,51.0,26.8,77.5,48.8,98675.1,131566.8,1644584.4
408,Company_408,Retail,Asia,2015,718.7,8.0,811.4,,59.0,79.6,23.4,74.1,46214.9,23107.5,92429.9
110,Company_110,Healthcare,Middle East,2017,2195.9,17.4,6283.8,-1.5,26.7,56.4,8.9,15.0,176828.1,176828.1,353656.1
907,Company_907,Transportation,Oceania,2017,475.7,4.0,222.3,19.3,49.6,49.5,57.7,41.5,243544.2,40590.7,811814.0
359,Company_359,Consumer Goods,Latin America,2022,1323.1,11.2,2915.1,6.3,29.8,12.7,60.5,16.1,293979.8,367474.8,1469899.2
167,Company_167,Energy,North America,2022,10812.2,1.2,2067.2,11.4,44.9,16.7,68.6,49.4,11708509.9,3512553.0,117085099.4
168,Company_168,Healthcare,North America,2022,2630.9,35.7,14953.3,0.9,81.3,98.3,46.9,98.9,134739.0,134739.0,269478.1
256,Company_256,Manufacturing,Middle East,2017,781.1,9.8,1657.7,-2.4,36.6,11.6,50.2,48.2,262215.5,349620.6,4370257.8
415,Company_415,Energy,North America,2025,2136.9,5.7,2158.3,-7.0,51.7,44.6,88.7,21.7,1897174.9,569152.5,18971749.0
322,Company_322,Consumer Goods,Middle East,2022,1928.9,1.3,419.9,9.9,49.3,72.2,36.0,39.6,267962.9,334953.6,1339814.6
295,Company_295,Finance,Europe,2019,2596.3,8.8,2823.7,12.3,80.9,87.2,82.2,73.3,30602.0,15301.0,76505.0
941,Company_941,Consumer Goods,Oceania,2022,5836.7,12.7,17052.4,-2.3,45.3,26.5,59.3,50.2,1184466.1,1480582.6,5922330.3
478,Company_478,Finance,Europe,2025,11483.5,7.9,15330.3,0.5,98.0,100.0,100.0,94.0,114835.2,57417.6,287088.0
275,Company_275,Healthcare,Middle East,2017,2689.0,20.7,5942.0,11.8,47.4,83.9,21.4,37.0,164755.2,164755.2,329510.4
873,Company_873,Consumer Goods,Africa,2015,1022.5,-3.0,1927.3,,48.5,54.3,27.1,64.0,167671.1,209588.9,838355.5
706,Company_706,Healthcare,North America,2020,6679.8,11.5,16508.1,19.8,66.3,81.9,41.9,75.1,418462.7,418462.7,836925.4
650,Company_650,Healthcare,Asia,2024,2803.2,27.5,13791.3,-6.5,57.2,42.5,42.0,87.1,252931.8,252931.8,505863.6
305,Company_305,Manufacturing,Latin America,2024,8572.9,2.1,2814.2,12.7,62.7,55.9,51.8,80.5,2080606.6,2774142.2,34676777.5
181,Company_181,Finance,Oceania,2018,2291.8,18.7,7959.5,20.1,71.0,77.8,84.6,50.6,30026.3,15013.1,75065.7
87,Company_87,Technology,Oceania,2021,55091.2,21.9,258991.3,11.9,76.6,96.8,77.1,55.8,1438803.7,863282.2,2877607.4
526,Company_526,Utilities,Asia,2025,208.3,9.2,209.1,-8.2,40.4,50.4,37.1,33.6,141115.4,88197.1,1411154.0
920,Company_920,Finance,Africa,2023,1180.9,21.0,4376.6,-9.4,68.7,100.0,25.6,80.6,11808.5,5904.3,29521.3
842,Company_842,Healthcare,North America,2023,678.0,19.8,1347.3,-6.3,63.2,48.0,78.8,62.8,58583.9,58583.9,117167.7
370,Company_370,Technology,Middle East,2021,4469.1,6.5,8407.8,18.9,58.0,100.0,55.2,18.9,111726.7,67036.0,223453.4
790,Company_790,Finance,Latin America,2018,8539.3,21.2,17680.1,15.8,55.5,85.1,36.3,45.2,103223.0,51611.5,258057.5
754,Company_754,Transportation,Asia,2021,1390.5,7.3,1826.8,-0.3,53.3,53.1,52.1,54.7,691097.1,115182.9,2303657.0
510,Company_510,Utilities,Middle East,2025,1478.6,8.9,1856.2,9.0,70.9,68.7,54.9,89.2,850330.2,531456.4,8503301.7
993,Company_993,Healthcare,Latin America,2023,6723.4,20.0,28563.0,6.5,68.1,55.1,74.6,74.8,547557.3,547557.3,1095114.6
214,Company_214,Utilities,Asia,2023,4120.6,14.9,6211.7,9.8,43.6,52.9,33.7,44.2,2734511.0,1709069.4,27345110.4
34,Company_34,Energy,Middle East,2019,10737.1,13.6,19214.7,1.0,34.2,53.4,21.4,27.9,8867653.5,2660296.0,88676534.7
323,Company_323,Healthcare,Europe,2017,2278.4,18.4,10199.8,8.8,76.3,58.8,90.0,80.1,179629.3,179629.3,359258.5
39,Company_39,Transportation,Latin America,2021,1583.5,3.3,999.5,14.0,49.2,25.8,67.0,54.9,968806.6,161467.8,3229355.2
272,Company_272,Energy,Oceania,2016,4285.4,19.9,13771.9,-4.7,41.6,24.3,78.6,21.9,4414136.3,1324240.9,44141362.6
895,Company_895,Finance,Oceania,2024,8762.2,17.0,20101.4,5.8,61.4,98.5,24.5,61.3,89476.3,44738.1,223690.7
503,Company_503,Manufacturing,North America,2019,3604.2,18.2,12347.4,9.4,53.7,15.1,81.9,64.1,1182916.0,1577221.3,19715266.0
384,Company_384,Healthcare,Oceania,2024,11954.8,15.7,18848.4,8.4,59.6,63.6,32.2,83.2,902590.4,902590.4,1805180.8
579,Company_579,Retail,Africa,2023,1082.6,4.1,828.4,9.4,59.0,67.0,47.7,62.2,79173.6,39586.8,158347.3
871,Company_871,Finance,Latin America,2016,193.1,15.3,281.8,-2.8,62.7,95.9,46.1,46.0,2042.2,1021.1,5105.5
907,Company_907,Transportation,Oceania,2024,881.7,2.0,293.2,5.0,51.6,38.8,64.1,51.7,491116.8,81852.8,1637056.1
467,Company_467,Manufacturing,Middle East,2018,735.6,10.8,831.6,-1.0,37.4,69.6,39.8,2.7,157323.0,209764.0,2622050.5
319,Company_319,Finance,Africa,2025,12540.3,28.0,45272.4,-3.3,61.1,80.7,71.4,31.2,159353.6,79676.8,398384.1
450,Company_450,Utilities,Europe,2024,3485.5,3.8,1735.0,-3.3,61.5,18.0,75.9,90.6,2993821.1,1871138.2,29938211.1
598,Company_598,Utilities,North America,2016,1104.2,9.5,1043.7,-10.0,45.3,13.7,48.9,73.4,975348.7,609592.9,9753486.9
371,Company_371,Retail,Middle East,2020,978.7,2.3,224.4,4.9,46.2,73.5,30.1,34.9,67078.9,33539.4,134157.8
13,Company_13,Consumer Goods,Asia,2018,739.2,14.2,2343.1,7.0,48.8,86.2,27.3,33.0,88238.5,110298.1,441192.6
154,Company_154,Manufacturing,Asia,2023,3660.7,10.6,5560.2,-4.9,49.2,41.6,47.6,58.4,997837.9,1330450.5,16630630.9
688,Company_688,Technology,Asia,2016,785.2,15.2,2244.9,13.2,41.0,96.3,13.9,12.9,20654.6,12392.8,41309.2
883,Company_883,Technology,Africa,2018,3481.6,23.3,12488.0,22.3,50.0,85.4,37.7,27.0,104816.3,62889.8,209632.6
976,Company_976,Utilities,Africa,2016,1575.7,13.5,3048.5,-0.3,24.9,14.2,42.5,18.0,1387180.5,866987.8,13871804.9
926,Company_926,Retail,Asia,2023,336.6,9.9,490.2,14.9,31.1,46.4,13.8,33.1,29447.5,14723.8,58895.1
883,Company_883,Technology,Africa,2023,6159.8,21.7,29669.6,24.7,50.5,84.9,44.0,22.5,186455.3,111873.2,372910.6
285,Company_285,Energy,Latin America,2023,26745.6,7.7,32573.0,10.5,53.5,50.6,44.4,65.6,22617391.5,6785217.4,226173914.9
370,Company_370,Technology,Middle East,2020,3758.7,9.0,6913.3,18.9,56.3,99.3,51.0,18.6,94919.9,56952.0,189839.9
569,Company_569,Energy,Asia,2017,8666.0,27.3,25608.0,0.3,33.8,37.1,35.6,28.6,8147584.9,2444275.5,81475848.5
914,Company_914,Utilities,Oceania,2015,1717.7,12.8,2486.5,,42.3,21.9,86.4,18.5,1438419.9,899012.4,14384198.7
927,Company_927,Manufacturing,Asia,2020,990.0,10.4,1292.4,6.3,60.3,50.7,50.6,79.7,250949.4,334599.3,4182490.7
696,Company_696,Healthcare,Asia,2016,1773.6,13.5,5412.6,9.4,43.6,61.9,44.8,24.1,136007.4,136007.4,272014.8
199,Company_199,Retail,Latin America,2021,631.4,5.8,696.7,13.9,57.9,57.1,60.5,56.1,50516.7,25258.3,101033.4
678,Company_678,Retail,Europe,2022,3600.5,-0.4,14229.4,16.1,76.4,52.4,98.4,78.4,300045.8,150022.9,600091.6
475,Company_475,Technology,Asia,2025,15423.2,20.0,104668.6,6.8,68.7,86.5,52.8,66.7,458546.5,275127.9,917093.1
310,Company_310,Energy,Africa,2016,1378.4,6.8,851.1,19.8,42.7,61.5,41.9,24.8,1061008.7,318302.6,10610086.7
751,Company_751,Transportation,Asia,2016,277.6,-2.3,557.4,-8.6,38.7,3.8,77.2,35.2,195504.9,32584.1,651682.8
261,Company_261,Utilities,Asia,2017,819.5,12.1,1413.8,-1.5,52.0,41.8,76.5,37.7,594732.2,371707.6,5947321.8
117,Company_117,Retail,Asia,2024,1175.8,15.1,3778.3,12.4,72.6,43.4,93.8,80.8,105392.3,52696.2,210784.6
680,Company_680,Healthcare,Oceania,2024,4903.0,23.5,24256.3,7.1,49.7,43.6,44.2,61.3,438642.5,438642.5,877285.0
245,Company_245,Finance,Oceania,2016,1413.6,17.3,2842.8,18.2,76.1,95.2,87.2,45.8,15093.8,7546.9,37734.6
422,Company_422,Energy,Europe,2024,2285.2,3.9,1288.6,-7.9,83.3,81.5,90.6,77.8,1438077.5,431423.2,14380774.7
329,Company_329,Finance,Oceania,2023,22900.0,28.5,65565.2,3.7,85.5,76.8,97.6,82.1,303463.2,151731.6,758658.0
85,Company_85,Manufacturing,Asia,2018,1805.3,4.6,837.0,3.2,57.6,52.1,40.3,80.4,452337.6,603116.9,7538960.8
354,Company_354,Manufacturing,Oceania,2015,1406.0,9.0,2160.3,,49.4,29.7,92.7,25.9,418348.8,557798.3,6972479.4
515,Company_515,Finance,Africa,2015,5094.2,17.3,16697.2,,42.1,85.9,21.2,19.0,60962.3,30481.2,152405.8
986,Company_986,Retail,Latin America,2025,6466.6,-2.4,8056.7,15.8,33.3,39.5,30.5,29.9,597091.9,298546.0,1194183.8
174,Company_174,Transportation,Africa,2017,374.0,-2.4,910.1,-5.7,16.7,11.9,31.5,6.6,250525.8,41754.3,835085.9
764,Company_764,Energy,Africa,2017,9928.9,11.3,17327.4,14.0,61.4,41.7,52.5,89.8,9014666.6,2704400.0,90146665.9
997,Company_997,Utilities,Africa,2021,591.3,7.3,515.0,9.0,64.5,47.4,87.5,58.6,410747.8,256717.4,4107477.9
744,Company_744,Transportation,North America,2024,4167.3,3.4,1452.5,8.1,67.3,20.0,97.1,84.9,2650505.8,441751.0,8835019.3
354,Company_354,Manufacturing,Oceania,2018,1485.9,5.1,927.7,10.9,51.9,35.2,92.9,27.8,425145.7,566860.9,7085761.1
273,Company_273,Transportation,Latin America,2019,429.4,2.3,153.9,26.1,48.7,37.1,89.7,19.3,242269.6,40378.3,807565.3
466,Company_466,Consumer Goods,Oceania,2018,1629.2,3.6,874.1,-7.0,59.0,68.0,87.3,21.8,235897.0,294871.3,1179485.0
757,Company_757,Transportation,North America,2022,568.6,-2.6,287.8,1.6,54.5,21.5,52.1,89.9,358105.2,59684.2,1193683.9
314,Company_314,Consumer Goods,Latin America,2017,473.9,10.0,708.3,0.4,53.6,7.0,92.1,61.8,109100.4,136375.5,545501.9
821,Company_821,Manufacturing,Africa,2021,1425.5,9.7,2975.7,-2.4,33.6,45.7,22.3,32.7,376395.5,501860.6,6273257.8
861,Company_861,Consumer Goods,Asia,2024,1853.0,13.3,5023.3,12.3,47.0,56.2,69.5,15.3,298837.4,373546.7,1494186.9
95,Company_95,Retail,North America,2022,1265.3,14.0,3168.0,5.0,73.2,66.9,53.1,99.6,92611.4,46305.7,185222.7
93,Company_93,Retail,Latin America,2025,502.4,7.1,418.4,7.1,66.7,99.8,61.8,38.6,25199.2,12599.6,50398.4
50,Company_50,Consumer Goods,North America,2019,1240.8,23.2,3442.4,13.2,64.7,71.3,51.7,71.0,173926.1,217407.7,869630.7
528,Company_528,Utilities,Oceania,2021,638.3,3.2,289.9,-4.3,61.2,48.7,61.7,73.2,438530.4,274081.5,4385304.2
574,Company_574,Transportation,Latin America,2023,1756.1,3.2,934.9,14.9,34.5,22.5,54.4,26.6,1098594.5,183099.1,3661981.5
769,Company_769,Manufacturing,North America,2024,2272.4,-3.2,3904.6,-4.8,31.0,29.2,27.7,36.1,678686.5,904915.3,11311441.0
876,Company_876,Healthcare,Oceania,2022,2663.3,17.6,10241.9,-3.1,58.7,92.7,51.3,32.0,146799.7,146799.7,293599.4
696,Company_696,Healthcare,Asia,2019,2552.0,10.8,6850.1,5.1,43.4,64.7,42.0,23.4,190716.1,190716.1,381432.2
53,Company_53,Utilities,North America,2025,656.7,9.4,730.7,-3.1,72.7,35.2,97.4,85.5,500784.5,312990.3,5007844.9
713,Company_713,Energy,Oceania,2024,2002.8,-11.9,4001.9,6.6,63.6,54.2,86.1,50.4,1643497.2,493049.1,16434971.6
926,Company_926,Retail,Asia,2022,293.0,8.4,291.9,5.7,29.9,47.5,11.6,30.7,25417.6,12708.8,50835.3
536,Company_536,Transportation,Middle East,2023,378.4,18.2,865.2,-15.4,17.8,22.3,14.1,17.1,237043.9,39507.3,790146.2
102,Company_102,Retail,Africa,2017,853.4,6.9,1178.9,-0.8,52.4,27.6,79.8,49.7,85938.7,42969.3,171877.4
1,Company_1,Retail,Latin America,2018,558.4,4.3,283.0,-1.1,58.0,62.3,33.4,78.3,42650.1,21325.1,85300.2
927,Company_927,Manufacturing,Asia,2019,931.3,12.4,2192.7,2.2,59.7,48.0,50.3,80.8,241470.0,321960.0,4024499.9
764,Company_764,Energy,Africa,2020,19332.8,5.6,20672.2,36.2,62.7,46.9,48.9,92.2,16855858.9,5056757.7,168558588.6
820,Company_820,Energy,Europe,2025,2098.4,-18.6,2130.9,26.1,57.0,32.8,56.6,81.8,2036654.8,610996.5,20366548.4
864,Company_864,Consumer Goods,Africa,2017,2171.0,15.7,7625.5,15.2,50.9,49.0,56.5,47.3,372066.8,465083.6,1860334.2
401,Company_401,Energy,Europe,2022,3580.9,3.1,1072.6,0.4,63.6,58.3,32.5,100.0,2836007.6,850802.3,28360076.1
195,Company_195,Transportation,Middle East,2021,1365.2,8.9,1113.4,16.8,24.4,18.4,15.1,39.8,877617.5,146269.6,2925391.6
40,Company_40,Transportation,Oceania,2025,4126.1,0.7,266.1,3.1,59.6,37.1,82.1,59.6,2327861.1,387976.9,7759537.1
997,Company_997,Utilities,Africa,2023,623.2,10.3,696.7,-2.6,64.4,48.7,87.7,56.7,428201.7,267626.1,4282017.2
645,Company_645,Finance,Middle East,2016,14963.5,8.7,13203.8,7.4,36.3,77.6,25.5,5.9,196658.5,98329.2,491646.1
279,Company_279,Consumer Goods,Africa,2018,1920.9,7.2,2404.0,-1.4,41.1,56.6,37.1,29.7,308743.3,385929.2,1543716.6
108,Company_108,Healthcare,North America,2018,11461.7,18.3,36373.6,6.3,66.5,65.8,58.2,75.4,847726.5,847726.5,1695453.1
296,Company_296,Utilities,Latin America,2021,548.7,10.8,593.6,-9.2,52.0,49.3,71.7,35.1,375292.9,234558.1,3752929.3
709,Company_709,Finance,North America,2023,7380.9,20.5,29324.7,5.4,74.7,95.6,63.7,64.9,78376.8,39188.4,195942.0
731,Company_731,Finance,Middle East,2025,7717.8,23.2,17061.7,9.2,79.3,100.0,42.5,95.5,77178.3,38589.1,192945.7
231,Company_231,Technology,Europe,2016,4242.8,15.9,10341.4,7.4,64.4,66.2,97.4,29.6,156323.6,93794.2,312647.2
9,Company_9,Technology,North America,2015,1490.2,11.9,4559.0,,59.8,37.8,77.7,63.7,69681.3,41808.8,139362.7
351,Company_351,Utilities,Europe,2020,468.7,13.8,575.0,-5.4,59.9,28.9,69.5,81.4,374237.4,233898.4,3742373.9
646,Company_646,Energy,Europe,2024,116015.7,11.6,210231.9,14.4,85.1,56.2,100.0,99.2,93589580.8,28076874.2,935895808.1
969,Company_969,Technology,Africa,2025,6717.9,14.1,23595.8,4.0,44.1,97.4,14.5,20.3,174160.6,104496.3,348321.1
159,Company_159,Consumer Goods,North America,2023,1304.0,5.7,1610.5,2.6,72.3,53.6,69.3,93.9,215021.6,268777.0,1075107.9
189,Company_189,Healthcare,Asia,2016,1771.8,17.8,6128.1,-3.3,47.8,61.6,32.1,49.8,136189.2,136189.2,272378.4
919,Company_919,Consumer Goods,Europe,2021,6716.1,3.0,4943.0,9.4,80.0,53.4,98.1,88.5,1109740.1,1387175.1,5548700.5
832,Company_832,Consumer Goods,Africa,2016,1037.9,7.1,980.6,7.5,36.0,36.1,53.7,18.0,196644.2,245805.3,983221.1
892,Company_892,Transportation,Latin America,2018,896.2,3.3,258.9,4.6,34.2,21.9,59.0,21.7,562767.1,93794.5,1875890.4
204,Company_204,Retail,Middle East,2020,596.8,9.7,1404.5,4.3,23.5,15.4,44.1,11.1,65192.2,32596.1,130384.3
963,Company_963,Transportation,Africa,2020,3568.4,12.1,3553.0,3.3,37.2,25.6,35.6,50.5,2185838.9,364306.5,7286129.7
264,Company_264,Consumer Goods,Middle East,2025,3492.0,16.4,9682.1,11.7,54.4,69.3,64.2,29.6,499257.3,624071.6,2496286.5
369,Company_369,Utilities,Europe,2025,1529.3,3.7,855.4,4.8,67.6,24.1,81.8,96.9,1261631.1,788519.4,12616310.9
411,Company_411,Healthcare,Africa,2024,9464.3,18.9,42561.8,26.0,60.9,75.7,49.3,57.8,634030.5,634030.5,1268061.0
740,Company_740,Manufacturing,Africa,2025,607.4,12.8,1132.3,4.0,51.1,21.2,76.0,56.1,191629.1,255505.4,3193817.6
164,Company_164,Retail,Oceania,2025,698.8,6.9,1002.2,5.7,69.8,64.9,89.9,54.4,52111.6,26055.8,104223.3
548,Company_548,Retail,Middle East,2019,3881.0,10.1,9733.7,16.1,25.3,45.4,20.6,9.7,342302.2,171151.1,684604.4
797,Company_797,Manufacturing,North America,2020,1439.4,16.3,3000.6,4.1,64.3,55.8,50.8,86.3,349657.3,466209.7,5827621.2
867,Company_867,Retail,Oceania,2025,547.8,5.0,678.4,16.9,49.9,47.4,46.4,56.0,47550.3,23775.1,95100.6
430,Company_430,Healthcare,Oceania,2018,6696.0,6.4,5773.3,23.8,72.1,84.3,79.6,52.5,408194.1,408194.1,816388.3
491,Company_491,Transportation,Latin America,2024,553.0,24.1,1151.6,-2.9,38.7,49.8,37.2,28.9,282465.3,47077.5,941550.9
434,Company_434,Transportation,Latin America,2025,1054.4,0.8,117.9,1.4,57.0,38.5,53.5,79.1,588784.7,98130.8,1962615.8
458,Company_458,Transportation,Asia,2018,2632.4,3.8,1489.5,17.4,28.1,4.8,48.7,31.0,1842617.5,307102.9,6142058.3
734,Company_734,Consumer Goods,Oceania,2018,903.9,9.8,1943.8,2.6,63.8,34.8,84.1,72.4,172884.0,216105.0,864419.9
622,Company_622,Transportation,Latin America,2021,1591.2,8.8,1809.0,-2.3,24.9,18.8,19.3,36.7,1020200.9,170033.5,3400669.6
65,Company_65,Transportation,Europe,2021,868.3,-2.3,3862.1,7.9,69.5,37.2,100.0,71.3,489696.0,81616.0,1632319.9
252,Company_252,Consumer Goods,North America,2025,1828.9,12.0,3965.0,7.8,71.5,66.6,83.7,64.1,268419.4,335524.2,1342096.8
336,Company_336,Retail,North America,2015,2146.9,8.3,4134.4,,55.4,50.5,47.7,68.0,181809.0,90904.5,363618.0
38,Company_38,Energy,Africa,2015,514.8,12.4,1244.3,,35.5,26.9,50.6,29.1,520757.6,156227.3,5207575.5
196,Company_196,Healthcare,Oceania,2022,7986.7,4.9,4647.8,11.2,57.8,74.1,62.6,36.6,544182.1,544182.1,1088364.3
260,Company_260,Consumer Goods,Latin America,2021,2325.1,6.0,2734.2,13.3,69.2,96.9,41.8,68.9,242662.3,303327.8,1213311.3
411,Company_411,Healthcare,Africa,2018,2818.7,12.3,7086.9,9.1,58.7,72.1,40.0,64.0,195958.0,195958.0,391915.9
575,Company_575,Energy,Africa,2024,1188.3,11.3,1467.9,-5.4,48.1,61.7,38.9,43.8,912378.1,273713.4,9123781.1
630,Company_630,Consumer Goods,Africa,2016,696.3,10.0,886.7,6.2,61.6,80.3,42.2,62.1,88798.9,110998.6,443994.3
994,Company_994,Manufacturing,Europe,2021,1904.7,3.6,959.5,4.7,58.2,19.3,98.0,57.4,608439.8,811253.1,10140663.9
616,Company_616,Retail,Middle East,2015,2152.8,3.9,1282.4,,28.6,62.1,12.9,10.7,164718.2,82359.1,329436.3
877,Company_877,Retail,North America,2021,1834.3,3.5,1340.7,12.0,42.8,48.9,56.9,22.7,157323.2,78661.6,314646.4
106,Company_106,Manufacturing,Europe,2020,2374.2,10.8,4356.8,5.2,67.7,6.0,97.6,99.5,824731.5,1099642.0,13745524.6
977,Company_977,Energy,Oceania,2025,6501.8,19.3,18467.4,13.9,63.1,27.8,82.1,79.4,6537534.0,1961260.2,65375339.6
993,Company_993,Healthcare,Latin America,2017,4411.3,11.0,8403.5,14.9,65.2,55.7,71.2,68.6,357382.6,357382.6,714765.2
602,Company_602,Technology,North America,2024,11123.3,8.0,28311.1,12.1,69.0,58.8,75.1,73.1,438533.7,263120.2,877067.4
579,Company_579,Retail,Africa,2020,984.7,3.9,555.9,18.2,52.4,62.2,39.4,55.8,75324.3,37662.1,150648.5
923,Company_923,Transportation,Middle East,2015,411.1,1.0,52.3,,50.3,55.0,68.0,28.0,201095.9,33516.0,670319.8
912,Company_912,Finance,North America,2020,1204.2,23.1,3957.0,7.7,74.7,93.9,49.4,80.9,13073.4,6536.7,32683.6
211,Company_211,Consumer Goods,Oceania,2022,1368.3,8.0,2209.0,-6.3,65.0,42.0,66.1,86.8,247864.8,309831.0,1239324.0
457,Company_457,Transportation,North America,2022,2257.5,23.0,8140.3,13.4,72.3,43.1,89.3,84.4,1216455.4,202742.6,4054851.3
324,Company_324,Energy,Middle East,2024,3837.9,15.3,7895.7,1.3,65.9,92.5,30.8,74.4,2121712.1,636513.6,21217121.0
752,Company_752,Healthcare,Latin America,2019,10907.6,10.8,21897.0,21.0,54.2,92.2,46.5,23.9,604807.1,604807.1,1209614.2
245,Company_245,Finance,Oceania,2022,2849.3,11.9,4091.0,11.0,76.5,99.4,85.7,44.6,28739.9,14370.0,71849.8
293,Company_293,Finance,North America,2022,7295.3,20.7,27348.8,11.3,69.8,90.4,68.2,50.7,82728.4,41364.2,206821.0
491,Company_491,Transportation,Latin America,2021,677.6,25.6,3349.3,5.4,36.3,48.6,37.7,22.8,349655.4,58275.9,1165518.1
171,Company_171,Utilities,Oceania,2015,531.0,9.6,427.4,,46.1,16.0,60.2,62.1,462171.7,288857.3,4621717.4
254,Company_254,Retail,Asia,2023,1091.5,12.8,1702.3,12.3,47.1,34.8,63.5,43.0,104398.1,52199.0,208796.2
311,Company_311,Consumer Goods,Middle East,2016,5933.8,16.9,19235.8,5.1,6.3,0.0,14.5,4.4,1424114.4,1780143.0,7120571.9
518,Company_518,Utilities,Middle East,2016,366.9,3.6,176.6,-16.7,55.7,80.5,52.7,33.8,186895.9,116809.9,1868958.6
589,Company_589,Finance,North America,2025,3808.6,11.7,6694.7,0.9,79.3,79.4,58.5,100.0,49056.6,24528.3,122641.4
984,Company_984,Utilities,Latin America,2020,370.2,9.3,298.7,-4.3,44.6,46.0,47.9,39.9,259961.7,162476.1,2599617.4
487,Company_487,Technology,Europe,2019,13255.9,22.0,70587.6,26.1,70.8,88.5,67.9,56.1,384915.5,230949.3,769831.0
657,Company_657,Manufacturing,Europe,2022,481.6,5.9,229.6,5.4,69.4,48.1,97.6,62.6,124680.9,166241.1,2078014.2
730,Company_730,Manufacturing,North America,2015,611.1,5.4,280.4,,33.5,17.2,24.9,58.4,197949.9,263933.3,3299165.6
743,Company_743,Finance,Europe,2024,14639.7,15.2,26793.1,8.0,67.5,74.4,75.1,53.0,198805.6,99402.8,497014.0
137,Company_137,Manufacturing,Oceania,2015,1443.1,6.9,1771.9,,39.7,12.7,26.7,79.8,481082.8,641443.7,8018046.7
427,Company_427,Manufacturing,Asia,2022,1027.6,7.3,1469.7,5.4,45.1,28.6,32.9,73.8,308303.4,411071.3,5138390.8
267,Company_267,Retail,North America,2018,1833.5,6.9,2147.8,10.2,51.5,23.5,44.8,86.3,189850.4,94925.2,379700.8
12,Company_12,Finance,Asia,2025,3577.8,18.4,10452.9,1.7,53.6,87.9,42.6,30.3,41848.9,20924.4,104622.2
213,Company_213,Technology,Europe,2023,56646.8,21.9,335160.4,4.8,73.8,99.0,46.4,76.0,1435006.7,861004.0,2870013.3
151,Company_151,Healthcare,Latin America,2015,3094.0,6.2,2622.2,,37.1,47.4,55.0,8.9,268583.8,268583.8,537167.7
285,Company_285,Energy,Latin America,2016,12222.0,-2.6,25676.1,16.4,47.3,40.5,42.0,59.5,11202207.5,3360662.3,112022075.3
645,Company_645,Finance,Middle East,2022,17782.8,9.5,26461.9,8.6,42.6,85.9,35.4,6.5,213045.8,106522.9,532614.5
9,Company_9,Technology,North America,2023,5102.1,4.4,5222.0,9.2,63.3,45.0,80.8,64.0,225770.9,135462.6,451541.9
71,Company_71,Consumer Goods,Latin America,2019,3023.0,9.5,5752.2,6.4,42.4,57.9,25.9,43.3,480682.0,600852.5,2403409.8
523,Company_523,Consumer Goods,North America,2020,1299.3,14.4,4415.9,13.2,41.8,26.6,46.8,52.1,263530.3,329412.8,1317651.4
29,Company_29,Transportation,Oceania,2018,1258.3,17.3,2560.9,-8.1,28.6,12.1,62.0,11.6,842129.8,140355.0,2807099.3
517,Company_517,Finance,Latin America,2021,2918.7,21.1,8908.2,-2.8,48.9,97.5,40.7,8.4,30214.2,15107.1,75535.5
265,Company_265,Manufacturing,Middle East,2020,721.2,4.0,344.9,-21.9,25.3,38.9,29.6,7.3,200634.1,267512.1,3343901.8
593,Company_593,Manufacturing,Africa,2023,6870.7,12.3,18304.6,22.9,30.7,53.6,8.0,30.4,1700175.4,2266900.5,28336256.1
64,Company_64,Consumer Goods,Asia,2022,1736.7,6.2,1592.7,-1.2,42.2,47.4,39.7,39.6,301543.0,376928.8,1507715.0
962,Company_962,Finance,Middle East,2017,2212.7,15.5,5878.5,3.5,48.9,81.2,30.9,34.5,27958.2,13979.1,69895.6
43,Company_43,Transportation,Europe,2022,368.8,-2.3,1341.5,4.7,43.2,31.4,78.5,19.7,216871.1,36145.2,722903.5
956,Company_956,Finance,Oceania,2016,3383.7,10.7,5815.7,3.0,60.7,96.1,44.4,41.7,35675.2,17837.6,89188.0
693,Company_693,Retail,Africa,2015,509.0,2.5,132.7,,43.4,53.4,57.5,19.2,42066.4,21033.2,84132.7
740,Company_740,Manufacturing,Africa,2018,474.1,13.8,846.3,-8.7,45.7,19.0,60.8,57.4,151776.0,202368.0,2529599.9
827,Company_827,Retail,Latin America,2021,2429.3,11.8,6282.4,14.8,39.1,56.4,40.8,20.0,195546.3,97773.2,391092.6
11,Company_11,Energy,Europe,2024,194.5,5.8,114.8,-27.1,69.2,70.3,74.9,62.2,137628.4,41288.5,1376284.1
808,Company_808,Technology,North America,2016,4354.6,21.8,22709.8,12.0,64.4,80.7,56.7,55.7,138235.0,82941.0,276470.0
310,Company_310,Energy,Africa,2021,1975.8,18.3,5188.2,-0.5,49.2,71.4,50.3,25.9,1383328.5,414998.6,13833285.3
123,Company_123,Technology,Middle East,2023,98554.3,16.9,290926.9,26.3,63.3,100.0,27.1,62.8,2463856.4,1478313.8,4927712.8
804,Company_804,Energy,Europe,2021,7336.3,33.3,43496.5,16.7,70.3,45.1,76.7,89.1,6486899.4,1946069.8,64868993.7
547,Company_547,Energy,Latin America,2019,1682.2,24.0,7827.6,-5.2,56.1,79.3,37.3,51.8,1084868.4,325460.5,10848683.7
252,Company_252,Consumer Goods,North America,2016,1022.3,12.4,3042.8,-4.0,63.3,55.7,74.5,59.8,165692.6,207115.7,828462.8
140,Company_140,Manufacturing,Europe,2019,855.7,6.7,557.8,5.7,33.9,0.3,35.1,66.3,307540.0,410053.3,5125666.1
954,Company_954,Utilities,Latin America,2016,850.4,6.9,646.9,-3.6,45.9,29.7,55.6,52.3,674735.1,421709.4,6747350.8
499,Company_499,Transportation,Asia,2018,513.1,2.2,195.7,4.5,43.2,13.3,46.3,70.0,340725.9,56787.6,1135752.9
453,Company_453,Energy,Middle East,2017,2695.7,-8.0,3782.7,7.9,23.0,16.6,29.6,22.9,2921191.4,876357.4,29211914.4
313,Company_313,Utilities,Europe,2017,583.2,9.0,451.1,5.9,68.8,68.4,61.9,76.1,336324.7,210202.9,3363247.0
729,Company_729,Consumer Goods,Oceania,2019,7709.6,0.5,646.1,-6.6,62.6,88.7,87.0,12.2,892877.3,1116096.7,4464386.7
393,Company_393,Transportation,North America,2018,514.8,5.2,422.6,19.8,77.0,78.9,58.3,93.8,200004.9,33334.2,666683.0
466,Company_466,Consumer Goods,Oceania,2017,1751.8,4.1,1138.7,13.5,59.1,67.2,88.4,21.8,255656.8,319571.0,1278283.9
245,Company_245,Finance,Oceania,2015,1196.4,16.4,2139.1,,75.8,92.8,89.0,45.7,13169.7,6584.8,32924.1
279,Company_279,Consumer Goods,Africa,2022,1655.6,1.0,196.5,-9.9,45.3,65.6,45.1,25.2,245332.8,306666.0,1226663.9
677,Company_677,Utilities,Oceania,2019,3337.6,7.3,3363.8,5.2,45.4,38.5,33.2,64.5,2483556.6,1552222.9,24835566.1
52,Company_52,Consumer Goods,Oceania,2017,1443.0,17.8,5058.9,13.2,63.3,43.5,79.9,66.4,258529.2,323161.5,1292646.0
858,Company_858,Finance,Oceania,2016,1159.2,13.1,2313.9,17.0,75.5,76.3,86.2,64.2,15446.7,7723.3,38616.7
417,Company_417,Transportation,Middle East,2021,339.1,3.6,117.9,-2.6,18.4,18.3,22.0,14.9,218133.4,36355.6,727111.3
755,Company_755,Finance,North America,2015,4630.3,17.6,6523.5,,70.8,57.9,73.0,81.6,73592.6,36796.3,183981.5
399,Company_399,Energy,North America,2024,26706.2,25.8,112765.2,12.5,66.0,58.5,70.7,68.8,21108590.3,6332577.1,211085903.5
88,Company_88,Manufacturing,North America,2018,1035.9,6.7,723.8,6.4,76.5,71.6,73.0,84.9,217137.9,289517.2,3618964.8
797,Company_797,Manufacturing,North America,2021,1329.9,12.1,2030.6,-7.6,65.3,57.3,51.0,87.7,318781.6,425042.2,5313027.4
860,Company_860,Consumer Goods,Oceania,2017,1360.2,10.8,3661.7,6.6,35.2,4.8,37.2,63.7,317345.8,396682.3,1586729.0
408,Company_408,Retail,Asia,2022,1458.6,5.4,1174.7,13.0,68.1,87.4,35.8,81.2,85816.0,42908.0,171632.0
680,Company_680,Healthcare,Oceania,2015,2487.4,18.9,8327.6,,50.4,48.2,45.1,58.0,214584.5,214584.5,429169.0
829,Company_829,Manufacturing,Oceania,2020,2679.4,4.7,2256.9,2.7,45.2,34.0,31.8,69.7,773362.2,1031149.6,12889370.5
183,Company_183,Retail,Europe,2022,775.3,9.2,1302.1,-6.4,59.6,60.8,79.2,38.7,60021.4,30010.7,120042.7
354,Company_354,Manufacturing,Oceania,2017,1340.1,4.8,1335.9,-12.8,53.0,33.7,94.8,30.5,387532.7,516710.3,6458878.6
735,Company_735,Finance,Middle East,2017,3485.6,17.1,11098.2,-13.4,49.4,100.0,19.3,29.0,34855.8,17427.9,87139.5
503,Company_503,Manufacturing,North America,2020,4273.3,15.7,5439.4,18.6,52.7,16.6,80.8,60.6,1389653.9,1852871.8,23160898.0
192,Company_192,Consumer Goods,Asia,2021,477.9,18.9,947.6,4.9,84.2,67.9,98.3,86.5,69287.3,86609.2,346436.7
194,Company_194,Manufacturing,Oceania,2016,1321.0,7.4,1967.9,5.9,83.1,74.2,81.6,93.4,269815.0,359753.4,4496917.3
542,Company_542,Transportation,Asia,2019,546.4,-4.0,856.1,16.0,52.6,53.5,31.1,73.3,270558.5,45093.1,901861.5
126,Company_126,Manufacturing,Oceania,2023,3463.9,3.8,2487.0,5.6,45.1,23.9,60.4,51.0,1073057.7,1430743.6,17884294.7
597,Company_597,Consumer Goods,Asia,2019,1025.0,13.1,1903.8,15.3,49.9,27.0,83.8,39.0,207200.3,259000.4,1036001.6
638,Company_638,Healthcare,Oceania,2016,4062.3,13.6,10926.0,13.8,65.9,66.2,40.9,90.5,299159.6,299159.6,598319.2
31,Company_31,Transportation,Middle East,2018,2346.0,-1.6,10611.9,-13.4,27.9,35.1,14.6,34.2,1343519.1,223919.8,4478397.0
722,Company_722,Healthcare,Asia,2020,2905.6,8.6,3177.8,11.2,43.6,79.4,34.0,17.5,187186.7,187186.7,374373.4
786,Company_786,Energy,North America,2023,940.5,23.5,3514.6,16.2,55.3,48.9,42.6,74.2,806818.1,242045.4,8068181.3
853,Company_853,Energy,North America,2023,113.6,34.6,572.0,-9.0,61.0,16.9,78.7,87.4,122914.4,36874.3,1229143.9
862,Company_862,Finance,Latin America,2025,5949.0,12.3,11128.7,8.3,66.9,71.1,53.1,76.4,83573.8,41786.9,208934.4
353,Company_353,Finance,Europe,2015,1351.4,20.6,2545.7,,90.2,98.9,83.3,88.4,13726.5,6863.2,34316.2
405,Company_405,Finance,Europe,2021,3366.7,16.6,6963.2,9.5,88.6,99.6,74.0,92.3,33855.4,16927.7,84638.5
117,Company_117,Retail,Asia,2023,1046.3,14.6,1685.4,-2.5,70.7,42.1,90.0,79.8,94691.0,47345.5,189382.0
41,Company_41,Energy,North America,2025,6929.7,6.8,5147.9,-10.1,64.9,44.4,53.9,96.3,6160667.0,1848200.1,61606670.4
265,Company_265,Manufacturing,Middle East,2017,1065.7,14.1,2984.4,-11.7,20.6,31.7,26.8,3.1,312642.0,416856.0,5210700.5
883,Company_883,Technology,Africa,2022,4937.8,21.5,22650.5,14.9,50.7,84.6,43.7,23.9,149992.3,89995.4,299984.5
718,Company_718,Healthcare,Middle East,2021,1679.5,22.5,4657.2,0.4,43.2,60.3,52.6,16.6,130595.6,130595.6,261191.1
538,Company_538,Transportation,Middle East,2018,819.6,13.5,1899.8,0.6,30.4,11.9,19.7,59.4,548971.4,91495.2,1829904.5
774,Company_774,Utilities,Africa,2023,1018.3,6.9,1044.5,-0.3,27.4,16.1,47.8,18.4,885621.7,553513.6,8856216.8
27,Company_27,Healthcare,Europe,2022,3762.3,9.2,6109.4,14.8,65.2,100.0,51.9,43.8,188115.5,188115.5,376231.0
332,Company_332,Utilities,Africa,2021,1051.0,8.5,862.5,11.7,24.8,33.9,30.2,10.4,809478.2,505923.9,8094782.1
422,Company_422,Energy,Europe,2018,4979.8,16.3,14892.5,-7.8,77.7,73.2,82.3,77.5,3423819.0,1027145.7,34238190.3
833,Company_833,Consumer Goods,North America,2017,490.2,12.4,1467.3,14.6,57.2,42.6,56.1,72.8,88447.0,110558.8,442235.2
840,Company_840,Utilities,Africa,2025,1721.6,1.4,322.5,-12.5,59.6,84.7,19.8,74.3,836107.8,522567.4,8361078.4
144,Company_144,Utilities,Oceania,2020,1556.8,7.0,907.7,-8.3,53.3,16.3,92.5,51.2,1352674.5,845421.5,13526744.8
543,Company_543,Energy,North America,2017,25056.8,8.7,37180.9,7.4,41.0,3.7,49.4,69.9,29411627.7,8823488.3,294116277.3
605,Company_605,Energy,Oceania,2020,15441.8,41.2,86127.3,9.7,40.3,41.7,61.2,18.1,14021069.9,4206321.0,140210699.3
129,Company_129,Healthcare,Africa,2015,1436.0,13.9,4955.6,,44.4,58.2,17.0,58.1,113784.6,113784.6,227569.3
936,Company_936,Energy,Middle East,2024,3001.1,-3.0,6335.5,-13.2,42.7,24.0,41.2,62.8,3097193.8,929158.2,30971938.3
643,Company_643,Manufacturing,Asia,2018,17044.9,5.5,15618.5,8.6,68.9,46.8,69.9,90.0,4461668.3,5948891.0,74361137.5
851,Company_851,Energy,Oceania,2021,843.2,21.5,3005.9,2.6,75.8,81.0,53.0,93.4,533969.4,160190.8,5339693.9
868,Company_868,Technology,Oceania,2024,37042.3,8.6,70603.9,-6.8,72.4,95.3,72.3,49.7,986607.6,591964.5,1973215.1
78,Company_78,Technology,Latin America,2020,7708.1,14.8,25339.5,-2.4,47.0,77.1,43.9,20.1,254369.7,152621.8,508739.3
386,Company_386,Utilities,Asia,2025,2271.1,5.7,1677.1,-8.8,61.4,71.5,70.6,42.2,1271503.2,794689.5,12715031.7
497,Company_497,Utilities,Africa,2023,1180.2,10.3,1108.9,1.5,45.9,66.5,47.2,24.2,693602.5,433501.6,6936024.8
401,Company_401,Energy,Europe,2016,3261.8,24.9,14637.3,3.3,59.5,53.2,34.2,91.2,2700340.6,810102.2,27003406.5
766,Company_766,Finance,Asia,2021,3242.0,17.2,9767.0,2.4,67.4,98.7,59.3,44.2,33000.5,16500.3,82501.3
543,Company_543,Energy,North America,2018,29715.3,15.8,74028.2,18.6,41.1,3.8,49.3,70.0,34867926.7,10460378.0,348679267.2
970,Company_970,Healthcare,Europe,2021,3342.4,11.5,8052.5,23.9,67.5,86.4,43.3,72.9,199050.5,199050.5,398101.0
767,Company_767,Finance,North America,2015,8519.1,11.6,18719.2,,49.8,70.7,57.3,21.3,120180.8,60090.4,300452.1
469,Company_469,Retail,Middle East,2022,1828.9,1.5,526.4,14.4,48.1,31.5,61.0,51.9,179168.8,89584.4,358337.5
797,Company_797,Manufacturing,North America,2022,1407.1,13.0,1642.2,5.8,68.5,60.7,53.0,91.9,327225.1,436300.1,5453751.7
423,Company_423,Healthcare,Oceania,2016,3901.8,19.4,18711.1,6.1,58.6,63.8,37.4,74.7,294028.8,294028.8,588057.6
303,Company_303,Energy,Oceania,2022,1069.9,29.4,4225.1,-16.5,58.2,28.9,73.1,72.8,1067296.7,320189.0,10672966.6
695,Company_695,Manufacturing,Latin America,2018,716.1,9.0,545.7,-4.6,52.5,56.3,55.1,45.9,173076.0,230767.9,2884599.3
761,Company_761,Technology,Africa,2019,63197.1,17.1,218252.7,19.6,58.7,100.0,22.6,53.4,1579928.1,947956.9,3159856.2
747,Company_747,Manufacturing,Oceania,2023,2062.1,12.1,2009.0,6.5,44.3,13.2,73.7,46.1,685248.7,913664.9,11420811.2
207,Company_207,Consumer Goods,North America,2019,1275.6,6.7,1535.2,15.3,70.5,75.1,52.3,84.0,172082.2,215102.7,860410.8
906,Company_906,Energy,Asia,2017,6965.5,11.4,12000.0,0.9,61.9,57.9,82.3,45.6,5533351.1,1660005.3,55333511.3
105,Company_105,Finance,Africa,2020,27188.6,8.6,40910.6,16.9,48.5,87.0,37.6,20.8,321272.9,160636.5,803182.3
455,Company_455,Consumer Goods,Latin America,2020,1645.7,0.1,33.3,12.7,45.3,76.6,23.0,36.2,218466.9,273083.6,1092334.5
423,Company_423,Healthcare,Oceania,2022,5446.1,13.9,15796.5,-0.7,66.0,70.1,41.6,86.3,386172.6,386172.6,772345.3
358,Company_358,Utilities,Middle East,2025,1570.5,8.3,1833.2,-1.8,52.4,36.3,35.8,85.0,1188277.6,742673.5,11882775.6
791,Company_791,Retail,Europe,2017,2010.9,9.5,2295.6,0.7,45.7,3.7,45.0,88.4,236046.0,118023.0,472092.1
325,Company_325,Finance,Europe,2021,2257.8,1.7,550.6,11.2,65.2,100.0,39.5,56.2,22578.2,11289.1,56445.5
696,Company_696,Healthcare,Asia,2015,1621.5,13.8,5604.0,,43.1,61.3,43.3,24.8,125029.1,125029.1,250058.3
46,Company_46,Healthcare,Middle East,2020,9670.3,18.2,18588.0,10.9,52.0,77.5,53.0,25.5,635896.0,635896.0,1271791.9
785,Company_785,Retail,Asia,2019,880.6,4.5,397.9,17.7,47.1,17.7,37.8,85.9,94749.3,47374.6,189498.6
547,Company_547,Energy,Latin America,2015,2044.0,22.3,7525.5,,48.3,69.5,28.9,46.6,1458033.6,437410.1,14580335.6
746,Company_746,Transportation,North America,2021,1312.4,7.7,927.2,0.1,65.0,43.3,64.7,87.0,706292.9,117715.5,2354309.6
744,Company_744,Transportation,North America,2020,3413.4,10.6,3314.4,14.7,63.9,21.9,88.7,81.1,2144175.9,357362.6,7147252.9
85,Company_85,Manufacturing,Asia,2023,2104.6,6.2,1399.3,7.3,62.3,56.5,49.6,80.7,508153.5,677538.0,8469224.6
898,Company_898,Utilities,Oceania,2025,936.3,11.6,1070.4,-3.8,68.6,85.3,46.0,74.4,451528.1,282205.1,4515281.0
920,Company_920,Finance,Africa,2015,1386.5,23.8,5625.8,,66.2,99.1,26.0,73.5,14033.1,7016.6,35082.8
930,Company_930,Transportation,Africa,2017,364.2,6.0,375.3,-0.1,38.8,34.4,69.5,12.6,209651.0,34941.8,698836.7
734,Company_734,Consumer Goods,Oceania,2021,1198.6,4.7,1403.2,8.5,64.4,40.9,78.7,73.7,218988.9,273736.2,1094944.7
371,Company_371,Retail,Middle East,2019,933.0,3.3,478.0,-1.5,46.0,72.5,26.6,38.9,64640.6,32320.3,129281.2
802,Company_802,Consumer Goods,Oceania,2021,2303.4,8.0,4553.1,-8.4,73.0,40.5,78.5,100.0,422101.3,527626.6,2110506.4
24,Company_24,Technology,Middle East,2021,14899.5,18.3,71411.9,10.3,55.4,89.5,29.4,47.3,427041.5,256224.9,854082.9
482,Company_482,Energy,Europe,2022,6403.0,7.2,8505.3,11.2,81.5,71.3,92.1,81.1,4488513.2,1346553.9,44885131.6
5,Company_5,Finance,Middle East,2021,3120.1,19.3,8787.3,-3.8,47.5,78.5,22.7,41.3,40596.3,20298.2,101490.8
337,Company_337,Finance,Africa,2024,5786.8,25.7,26448.5,18.8,73.6,99.9,73.4,47.3,57933.3,28966.6,144833.1
943,Company_943,Transportation,Oceania,2015,471.6,8.2,666.6,,46.6,6.5,53.3,79.9,326731.1,54455.2,1089103.5
627,Company_627,Transportation,Africa,2015,544.1,3.3,277.3,,41.4,57.5,12.0,54.6,260306.8,43384.5,867689.4
991,Company_991,Transportation,Middle East,2016,445.7,8.0,593.8,13.3,41.5,34.1,34.7,55.7,257151.8,42858.6,857172.8
413,Company_413,Consumer Goods,North America,2016,1444.8,12.4,3378.3,20.6,61.8,42.1,80.2,63.1,261524.9,326906.2,1307624.7
636,Company_636,Consumer Goods,Latin America,2021,1069.3,-5.0,2327.8,3.0,58.7,60.4,64.4,51.3,166207.5,207759.4,831037.6
105,Company_105,Finance,Africa,2018,23136.8,4.0,16115.6,8.7,47.0,85.3,34.2,21.7,279087.3,139543.6,697718.2
976,Company_976,Utilities,Africa,2019,1386.1,16.4,1997.0,-1.6,25.4,18.9,39.4,17.8,1183948.2,739967.6,11839481.8
367,Company_367,Utilities,Latin America,2017,1060.4,10.9,1407.6,-5.8,59.8,60.9,66.1,52.5,656605.3,410378.3,6566052.8
740,Company_740,Manufacturing,Africa,2023,574.5,15.3,995.7,7.7,48.5,15.6,73.6,56.3,188035.1,250713.5,3133918.2
57,Company_57,Utilities,Middle East,2023,1123.9,-5.3,4269.9,15.2,32.7,44.4,22.9,30.8,799196.1,499497.6,7991961.1
732,Company_732,Transportation,Latin America,2019,1226.3,-3.9,6087.3,22.2,46.1,22.3,43.0,73.0,768235.3,128039.2,2560784.4
639,Company_639,Healthcare,Latin America,2022,1744.5,-3.6,3124.6,15.3,27.2,23.1,32.4,26.0,181103.1,181103.1,362206.3
511,Company_511,Healthcare,Europe,2020,2734.5,3.9,1264.8,1.3,79.7,78.5,95.8,64.7,177802.4,177802.4,355604.7
420,Company_420,Manufacturing,Africa,2015,1733.7,12.4,3491.7,,37.4,81.3,23.7,7.2,328063.2,437417.7,5467720.7
98,Company_98,Energy,North America,2016,8068.5,12.7,13202.0,-5.6,39.4,14.5,41.8,61.9,8860795.3,2658238.6,88607952.9
422,Company_422,Energy,Europe,2022,2924.9,4.9,1205.8,-15.6,80.3,80.4,89.3,71.1,1863387.4,559016.2,18633873.6
828,Company_828,Technology,Oceania,2015,5151.9,13.6,24452.6,,84.1,91.5,75.8,84.9,144042.8,86425.7,288085.5
697,Company_697,Healthcare,North America,2025,2102.3,6.6,3153.0,-4.5,62.3,63.0,64.4,59.4,159607.9,159607.9,319215.9
300,Company_300,Manufacturing,Europe,2025,1179.3,4.6,542.8,7.9,65.7,51.6,74.9,70.5,296714.7,395619.6,4945244.4
215,Company_215,Utilities,North America,2021,1129.8,5.2,848.2,-0.6,91.1,81.0,92.3,100.0,572142.8,357589.3,5721428.2
495,Company_495,Consumer Goods,Latin America,2019,1021.6,10.4,1858.2,16.6,43.9,47.7,62.2,21.8,177029.6,221287.0,885148.2
696,Company_696,Healthcare,Asia,2017,2195.4,13.1,5666.9,23.8,44.4,63.2,43.7,26.4,166273.9,166273.9,332547.8
224,Company_224,Manufacturing,Europe,2021,1663.5,14.8,3060.3,3.9,46.2,12.0,77.7,48.8,556882.5,742509.9,9281374.3
781,Company_781,Technology,Asia,2018,7739.5,23.9,32895.9,0.5,59.0,100.0,33.2,43.8,193488.4,116093.0,386976.7
394,Company_394,Transportation,Oceania,2018,1678.9,7.8,1775.8,6.3,52.0,27.3,29.8,98.9,1016177.4,169362.9,3387257.9
752,Company_752,Healthcare,Latin America,2023,14543.1,2.9,4902.3,12.8,57.2,95.7,50.2,25.8,770966.1,770966.1,1541932.2
863,Company_863,Healthcare,Asia,2021,2096.4,12.8,5463.4,13.3,27.6,37.1,16.8,29.0,197119.8,197119.8,394239.7
469,Company_469,Retail,Middle East,2020,1565.7,0.7,112.9,1.0,47.8,31.5,62.1,49.9,153350.4,76675.2,306700.8
330,Company_330,Transportation,Asia,2017,1596.6,15.1,2722.5,7.0,42.1,52.3,48.2,25.7,798826.1,133137.7,2662753.6
804,Company_804,Energy,Europe,2015,3830.0,33.8,20571.0,,67.5,34.9,70.3,97.4,3660383.0,1098114.9,36603830.4
305,Company_305,Manufacturing,Latin America,2020,5827.2,2.7,2466.3,19.9,58.9,53.4,42.2,81.0,1444866.8,1926489.1,24081113.6
893,Company_893,Finance,Oceania,2025,9447.8,10.4,14447.0,21.9,64.4,100.0,59.4,33.8,94478.1,47239.0,236195.2
1000,Company_1000,Consumer Goods,Latin America,2025,3173.5,17.5,5666.1,-0.3,51.8,74.5,39.7,41.4,430741.6,538427.0,2153707.9
980,Company_980,Retail,Africa,2018,1618.2,-0.5,6948.1,-1.6,58.3,69.5,71.0,34.4,115406.1,57703.1,230812.3
971,Company_971,Healthcare,Africa,2018,1560.1,9.7,2805.0,5.1,49.6,92.2,37.3,19.2,86474.3,86474.3,172948.6
567,Company_567,Healthcare,Oceania,2023,1591.9,25.5,9914.9,7.0,79.3,88.2,68.9,80.9,92751.3,92751.3,185502.7
669,Company_669,Retail,Middle East,2015,653.9,9.7,846.5,,36.5,41.4,27.3,40.7,59504.3,29752.2,119008.6
942,Company_942,Transportation,Middle East,2019,594.0,0.1,5.6,1.4,35.5,19.8,5.8,80.8,378405.9,63067.6,1261352.9
944,Company_944,Finance,Europe,2024,2406.1,19.3,4241.4,7.2,55.6,97.5,22.7,46.7,24901.1,12450.6,62252.9
836,Company_836,Retail,Europe,2024,266.8,-1.1,578.7,-14.8,67.5,75.2,68.2,59.1,17965.1,8982.5,35930.1
190,Company_190,Technology,North America,2021,4140.3,14.0,19771.7,7.8,74.1,88.3,62.6,71.5,120522.6,72313.5,241045.1
284,Company_284,Retail,Asia,2020,599.5,6.5,636.6,-1.8,71.5,94.1,58.3,62.1,32465.9,16233.0,64931.8
293,Company_293,Finance,North America,2018,5098.7,20.8,14521.6,17.2,66.3,84.1,62.4,52.5,62355.7,31177.9,155889.3
239,Company_239,Manufacturing,Latin America,2024,832.5,10.3,694.3,-1.4,49.0,9.6,60.2,77.2,282932.7,377243.6,4715544.8
202,Company_202,Utilities,Latin America,2019,1731.1,-1.0,4690.7,3.5,42.5,60.7,35.3,31.5,1073670.5,671044.1,10736705.2
167,Company_167,Energy,North America,2024,15011.2,3.4,9733.0,16.5,45.6,18.6,66.7,51.6,16059932.2,4817979.7,160599322.5
664,Company_664,Finance,Latin America,2021,7274.2,16.4,20577.7,1.0,72.5,93.9,78.5,45.1,78922.6,39461.3,197306.5
735,Company_735,Finance,Middle East,2024,3160.7,10.9,5211.1,-4.8,49.2,96.4,17.7,33.4,33183.9,16592.0,82959.8
512,Company_512,Finance,Middle East,2023,7932.3,17.9,20246.0,9.5,45.4,99.9,32.9,3.3,79424.1,39712.1,198560.3
282,Company_282,Transportation,Latin America,2018,1316.8,5.7,723.5,8.4,49.2,50.3,29.9,67.4,670013.1,111668.8,2233376.9
693,Company_693,Retail,Africa,2018,562.1,1.1,127.4,3.2,47.4,58.7,65.8,17.5,44342.6,22171.3,88685.1
811,Company_811,Finance,Asia,2015,24292.0,18.9,54888.9,,44.1,48.2,62.4,21.8,419169.6,209584.8,1047924.0
373,Company_373,Energy,Africa,2017,5781.8,19.2,17424.5,30.6,49.4,42.8,51.7,53.9,5207191.1,1562157.3,52071910.9
151,Company_151,Healthcare,Latin America,2020,8400.2,7.1,12657.7,14.6,37.5,49.5,58.2,5.0,717032.0,717032.0,1434064.0
82,Company_82,Technology,Middle East,2019,4060.4,22.2,25590.1,14.0,65.0,99.4,68.6,27.0,102343.2,61405.9,204686.4
473,Company_473,Retail,Asia,2025,810.8,4.9,773.6,-0.7,61.5,87.8,64.1,32.8,47483.0,23741.5,94966.0
240,Company_240,Transportation,Oceania,2015,858.7,5.9,990.5,,48.6,36.2,51.7,57.9,487583.8,81264.0,1625279.2
70,Company_70,Retail,Africa,2021,1825.8,3.5,1574.3,14.4,47.3,48.3,40.1,53.4,157310.8,78655.4,314621.6
373,Company_373,Energy,Africa,2015,3717.3,9.6,3268.3,,50.4,47.0,51.2,53.1,3236588.4,970976.5,32365884.2
330,Company_330,Transportation,Asia,2016,1492.6,14.4,3396.3,9.4,40.6,48.2,49.0,24.7,772773.7,128795.6,2575912.5
479,Company_479,Transportation,Oceania,2021,768.7,12.4,1333.8,8.4,46.3,20.5,93.8,24.6,487157.2,81192.9,1623857.3
42,Company_42,Energy,North America,2025,922.7,-2.6,2524.7,-8.9,48.9,35.3,29.0,82.4,879541.3,263862.4,8795412.6
388,Company_388,Manufacturing,Middle East,2023,810.9,8.0,1307.8,2.9,51.7,73.7,32.6,48.8,166364.2,221818.9,2772736.8
468,Company_468,Utilities,Asia,2024,1028.3,-0.6,1097.2,17.5,56.1,42.8,38.5,87.1,740689.8,462931.1,7406897.7
525,Company_525,Utilities,North America,2021,616.9,8.6,776.7,3.0,52.4,56.6,42.8,57.9,396599.3,247874.5,3965992.5
389,Company_389,Energy,Middle East,2018,10072.0,27.5,34245.4,0.7,27.1,23.3,21.5,36.4,10441742.3,3132522.7,104417423.4
155,Company_155,Finance,Latin America,2024,7670.1,5.2,5162.7,9.8,66.8,70.2,100.0,30.1,108659.8,54329.9,271649.4
462,Company_462,Technology,North America,2020,25151.6,17.6,122138.2,21.5,74.9,90.7,74.5,59.4,710396.3,426237.8,1420792.7
354,Company_354,Manufacturing,Oceania,2021,1951.8,2.0,723.9,14.1,53.5,40.1,95.0,25.2,538210.9,717614.5,8970181.1
198,Company_198,Manufacturing,North America,2016,484.8,12.7,937.2,18.5,43.9,29.4,30.3,72.1,144630.9,192841.3,2410515.8
279,Company_279,Consumer Goods,Africa,2020,1970.6,2.7,1062.0,-5.6,41.6,59.8,38.6,26.4,307852.8,384816.0,1539264.1
173,Company_173,Transportation,Europe,2019,775.0,4.3,468.0,18.7,55.1,22.6,53.7,89.1,484465.2,80744.2,1614884.0
896,Company_896,Manufacturing,North America,2018,376.9,7.7,464.8,-7.6,51.7,47.0,42.0,66.2,98484.9,131313.2,1641415.3
52,Company_52,Consumer Goods,Oceania,2019,1586.9,14.4,5547.6,6.0,65.0,46.1,79.1,69.7,278488.1,348110.1,1392440.6
820,Company_820,Energy,Europe,2017,548.5,3.3,346.2,27.3,49.1,20.7,48.7,77.8,578735.8,173620.8,5787358.4
748,Company_748,Healthcare,Middle East,2023,895.4,23.6,3701.1,8.9,41.3,80.5,27.7,15.6,57008.1,57008.1,114016.2
927,Company_927,Manufacturing,Asia,2018,910.9,13.6,1045.5,5.1,60.0,48.7,51.2,80.1,234685.2,312913.6,3911420.3
351,Company_351,Utilities,Europe,2017,513.1,12.0,681.1,-18.5,57.3,21.9,73.3,76.7,429691.3,268557.0,4296912.5
250,Company_250,Manufacturing,Middle East,2018,1552.0,1.3,296.5,-2.1,47.4,50.2,50.8,41.3,395073.4,526764.5,6584556.2
490,Company_490,Retail,Africa,2020,2126.5,13.4,3874.9,14.9,65.1,92.3,65.0,38.2,117838.1,58919.1,235676.3
798,Company_798,Transportation,Oceania,2022,199.9,6.4,135.0,10.9,57.9,37.0,70.0,66.6,112847.5,18807.9,376158.3
696,Company_696,Healthcare,Asia,2024,3630.2,12.8,10472.8,-9.3,50.0,75.0,44.6,30.4,245147.0,245147.0,490294.0
501,Company_501,Retail,Europe,2019,531.9,6.8,599.5,-0.4,50.6,30.8,86.4,34.5,52376.1,26188.0,104752.1
909,Company_909,Finance,Latin America,2021,3964.2,28.7,15888.0,-16.6,65.2,100.0,64.5,31.2,39641.7,19820.8,99104.2
16,Company_16,Energy,Europe,2019,1268.4,15.1,2918.0,-3.9,50.8,52.2,41.0,59.3,1058730.8,317619.3,10587308.4
420,Company_420,Manufacturing,Africa,2025,2800.7,9.8,2268.7,-1.6,47.1,88.9,26.8,25.7,485120.1,646826.8,8085335.5
315,Company_315,Utilities,Asia,2016,1326.0,14.0,1702.8,-7.5,58.8,64.8,79.1,32.5,791656.1,494785.0,7916560.7
823,Company_823,Retail,Europe,2025,1722.7,4.8,1885.5,2.0,75.5,74.7,78.2,73.7,116638.6,58319.3,233277.2
793,Company_793,Manufacturing,Africa,2023,1189.1,13.2,2790.9,-7.5,41.3,21.1,74.6,28.2,375484.4,500645.9,6258073.6
658,Company_658,Utilities,North America,2024,3004.1,14.8,4795.3,4.0,61.9,67.7,43.1,75.0,1744666.5,1090416.6,17446665.1
663,Company_663,Finance,Asia,2021,18298.9,14.4,42802.3,10.4,66.9,100.0,75.8,24.9,182989.3,91494.6,457473.2
524,Company_524,Transportation,Middle East,2018,1920.8,8.1,2668.4,-6.8,39.9,9.5,47.8,62.5,1306524.3,217754.1,4355081.0
704,Company_704,Utilities,Europe,2025,709.7,14.4,1434.1,-1.2,78.3,51.5,98.6,84.8,476686.3,297928.9,4766862.8
125,Company_125,Finance,Middle East,2024,6030.3,3.2,3021.8,17.2,41.7,100.0,25.0,0.0,60302.5,30151.3,150756.3
316,Company_316,Healthcare,Africa,2018,11581.4,17.0,34305.7,16.0,50.6,68.2,36.3,47.4,837111.1,837111.1,1674222.1
604,Company_604,Retail,Latin America,2021,850.1,18.2,3616.2,1.2,56.3,54.5,34.6,80.0,69599.1,34799.5,139198.2
996,Company_996,Healthcare,Europe,2020,4221.5,26.1,23420.9,12.2,62.4,88.9,39.6,58.8,243996.7,243996.7,487993.4
744,Company_744,Transportation,North America,2025,4228.7,6.3,3373.5,1.5,69.6,22.7,99.3,86.9,2640774.0,440129.0,8802579.9
997,Company_997,Utilities,Africa,2024,634.7,11.5,733.2,1.8,66.1,51.0,88.9,58.3,427979.2,267487.0,4279792.1
951,Company_951,Transportation,Asia,2020,420.0,-3.4,1852.9,2.3,68.0,31.8,79.5,92.7,246366.3,41061.1,821221.1
700,Company_700,Technology,Asia,2016,7881.1,12.0,22780.0,10.0,70.7,99.3,54.7,58.0,198838.0,119302.8,397676.1
342,Company_342,Energy,Africa,2019,9641.5,22.2,18328.0,-7.8,43.2,74.7,31.4,23.5,6530598.8,1959179.6,65305987.7
702,Company_702,Manufacturing,Latin America,2017,2645.6,11.0,5205.9,-0.9,49.2,41.8,36.8,68.9,720259.4,960345.9,12004323.8
30,Company_30,Transportation,Middle East,2017,749.3,3.0,304.0,-3.6,28.1,10.3,64.1,9.9,507199.8,84533.3,1690666.1
467,Company_467,Manufacturing,Middle East,2017,743.4,10.0,831.7,19.9,35.8,67.3,39.4,0.8,162535.1,216713.5,2708918.4
39,Company_39,Transportation,Latin America,2023,2118.0,9.4,2731.4,13.4,52.6,26.2,73.5,58.2,1292152.1,215358.7,4307173.6
416,Company_416,Healthcare,Middle East,2018,2551.5,0.5,217.9,-16.7,54.3,61.1,65.4,36.5,197121.4,197121.4,394242.8
39,Company_39,Transportation,Latin America,2024,2395.7,8.4,2154.6,13.1,54.1,26.4,78.0,57.8,1459073.0,243178.8,4863576.6
610,Company_610,Technology,Europe,2018,4466.1,26.1,23507.8,4.1,88.9,88.9,94.8,82.9,128947.6,77368.6,257895.3
433,Company_433,Retail,Middle East,2017,3588.4,9.6,8414.9,7.2,41.3,42.0,51.3,30.6,325004.7,162502.4,650009.4
568,Company_568,Healthcare,Africa,2021,1399.4,15.6,4506.5,-12.2,45.8,57.7,52.4,27.4,111442.3,111442.3,222884.6
138,Company_138,Energy,Latin America,2024,5018.1,8.4,3948.4,-14.1,49.8,53.0,69.8,26.5,4159699.2,1247909.8,41596992.1
378,Company_378,Technology,Oceania,2024,2533.5,34.3,25797.6,19.4,93.9,90.6,96.7,94.4,71676.8,43006.1,143353.7
579,Company_579,Retail,Africa,2022,989.5,3.5,769.2,-2.0,57.7,65.4,47.3,60.3,73457.6,36728.8,146915.2
530,Company_530,Manufacturing,Asia,2017,610.8,9.8,780.4,19.1,33.4,18.7,22.5,59.0,195920.8,261227.7,3265346.8
601,Company_601,Retail,Asia,2018,646.5,5.4,647.1,5.7,68.7,72.8,57.4,76.0,44627.5,22313.7,89255.0
451,Company_451,Consumer Goods,Oceania,2022,6081.4,13.3,10706.6,-3.4,80.1,74.1,80.4,85.8,828326.1,1035407.7,4141630.7
8,Company_8,Healthcare,Europe,2018,6957.5,8.2,9292.2,-1.7,76.6,69.5,92.8,67.6,496422.5,496422.5,992845.0
267,Company_267,Retail,North America,2019,1928.6,7.9,2805.6,5.2,52.6,21.1,45.1,91.6,202927.3,101463.7,405854.7
212,Company_212,Consumer Goods,Asia,2019,847.0,8.9,1517.2,8.2,52.0,48.6,28.0,79.3,145597.9,181997.4,727989.4
391,Company_391,Retail,Oceania,2017,873.5,5.4,747.2,7.2,44.2,32.6,57.2,42.8,84917.4,42458.7,169834.8
394,Company_394,Transportation,Oceania,2025,2782.3,1.7,869.2,8.6,52.8,33.1,34.3,90.9,1616878.3,269479.7,5389594.4
613,Company_613,Consumer Goods,North America,2024,4696.0,24.6,23996.3,15.4,74.9,81.3,43.5,100.0,592754.6,740943.2,2963772.9
114,Company_114,Energy,North America,2022,1257.2,-13.4,1015.3,-23.1,76.9,77.9,73.1,79.6,822756.9,246827.1,8227569.0
31,Company_31,Transportation,Middle East,2020,1074.2,-0.1,4456.6,-28.4,29.7,33.5,19.3,36.4,622413.5,103735.6,2074711.7
172,Company_172,Energy,Asia,2017,6390.2,2.8,2524.4,2.2,42.3,20.3,72.2,34.3,6759263.9,2027779.2,67592639.2
727,Company_727,Retail,Latin America,2024,2267.8,4.5,1834.8,10.1,70.8,78.1,55.4,78.9,148096.3,74048.1,296192.5
219,Company_219,Transportation,Middle East,2023,662.8,-6.6,1781.0,3.1,47.7,45.5,41.7,55.9,350647.7,58441.3,1168825.7
321,Company_321,Energy,Africa,2024,4412.0,13.4,6988.6,22.4,59.4,72.4,76.3,29.4,3057445.5,917233.7,30574455.2
273,Company_273,Transportation,Latin America,2021,408.5,-0.2,1856.4,-5.4,52.3,37.0,94.1,25.8,230716.3,38452.7,769054.4
217,Company_217,Manufacturing,Oceania,2016,2871.0,12.1,5992.1,1.0,64.1,55.2,71.2,65.9,700596.7,934128.9,11676611.6
331,Company_331,Consumer Goods,Africa,2020,300.0,16.7,1205.8,6.5,34.0,18.2,71.7,12.3,64375.9,80469.9,321879.6
508,Company_508,Utilities,Europe,2015,524.3,9.7,503.3,,48.2,16.0,50.0,78.7,456293.6,285183.5,4562935.6
759,Company_759,Energy,Oceania,2025,168988.9,-15.4,398218.7,11.8,57.9,24.2,67.0,82.4,174104721.4,52231416.4,1741047214.3
470,Company_470,Technology,North America,2024,11907.1,24.4,56117.7,14.3,73.2,71.9,71.2,76.6,414952.4,248971.4,829904.8
742,Company_742,Transportation,Oceania,2024,1374.6,8.9,2093.7,4.6,52.8,50.8,24.2,83.5,696653.3,116108.9,2322177.6
333,Company_333,Technology,Africa,2019,16628.2,25.8,72385.3,-0.2,50.7,87.6,47.8,16.6,487861.0,292716.6,975721.9
652,Company_652,Finance,Latin America,2023,5626.5,21.8,18246.6,2.7,42.2,89.6,24.7,12.3,64455.9,32228.0,161139.8
798,Company_798,Transportation,Oceania,2023,212.0,5.4,131.7,6.1,56.7,38.2,66.8,65.3,118671.4,19778.6,395571.4
592,Company_592,Utilities,Latin America,2019,1420.2,9.7,2063.9,0.1,50.7,67.8,55.1,29.2,824084.9,515053.1,8240848.9
991,Company_991,Transportation,Middle East,2024,1109.4,6.5,1158.5,12.9,48.7,46.4,38.1,61.6,582508.4,97084.7,1941694.7
129,Company_129,Healthcare,Africa,2020,1712.2,10.4,2147.7,-2.0,48.7,57.7,26.9,61.6,136263.0,136263.0,272526.0
3,Company_3,Transportation,Latin America,2024,438.0,10.3,739.4,5.5,32.1,23.4,41.5,31.5,272361.8,45393.6,907872.8
677,Company_677,Utilities,Oceania,2022,3665.9,13.2,6307.7,12.2,47.0,43.8,34.0,63.2,2620905.3,1638065.8,26209053.0
566,Company_566,Healthcare,North America,2025,2584.5,15.0,6237.1,2.1,58.8,42.6,57.9,76.1,233099.7,233099.7,466199.5
705,Company_705,Consumer Goods,Africa,2019,1552.6,20.8,5086.8,19.7,37.4,57.6,51.4,3.3,247380.2,309225.2,1236900.8
959,Company_959,Manufacturing,Middle East,2025,1116.5,18.3,2063.0,-11.4,48.3,44.8,36.0,64.2,296897.5,395863.4,4948292.3
479,Company_479,Transportation,Oceania,2016,831.1,9.5,1419.1,8.8,38.3,8.5,89.8,16.8,568828.7,94804.8,1896095.6
463,Company_463,Technology,Latin America,2015,65155.0,13.0,153578.4,,70.5,86.1,94.7,30.6,1945530.8,1167318.5,3891061.7
837,Company_837,Healthcare,Latin America,2022,1944.4,18.0,7988.3,7.7,66.8,76.8,66.0,57.6,128748.4,128748.4,257496.8
993,Company_993,Healthcare,Latin America,2020,5474.5,15.7,17775.7,6.7,67.0,54.1,73.2,73.7,449550.1,449550.1,899100.2
768,Company_768,Healthcare,Middle East,2019,3403.4,11.1,4787.9,20.9,36.8,47.5,42.8,20.1,295316.8,295316.8,590633.6
532,Company_532,Retail,North America,2017,277.5,9.8,618.5,2.5,87.0,84.2,85.9,91.0,16935.1,8467.6,33870.3
876,Company_876,Healthcare,Oceania,2023,3004.5,18.5,9749.9,12.8,58.9,93.6,51.0,32.0,163653.4,163653.4,327306.7
34,Company_34,Energy,Middle East,2025,21020.8,14.8,43800.0,16.3,34.8,58.4,16.3,29.6,16627583.0,4988274.9,166275829.7
694,Company_694,Consumer Goods,North America,2023,5067.4,11.5,6276.1,6.1,71.4,63.1,59.9,91.2,768222.3,960277.9,3841111.6
859,Company_859,Consumer Goods,North America,2020,2132.2,13.5,5807.7,-5.9,57.4,78.7,60.8,32.6,276783.8,345979.8,1383919.2
316,Company_316,Healthcare,Africa,2019,12558.7,19.0,34110.3,8.4,49.3,66.8,35.6,45.6,919687.2,919687.2,1839374.5
963,Company_963,Transportation,Africa,2019,3456.0,10.9,6328.8,7.9,33.6,20.5,34.1,46.3,2190257.3,365042.9,7300857.7
461,Company_461,Technology,Oceania,2021,1382.9,28.1,13400.1,-0.6,83.4,85.3,99.7,65.1,41689.1,25013.5,83378.2
379,Company_379,Manufacturing,Africa,2022,3422.5,5.6,4066.2,3.6,45.1,45.5,35.8,54.0,904769.5,1206359.4,15079492.2
840,Company_840,Utilities,Africa,2022,1468.9,2.7,388.5,2.8,57.8,81.6,20.4,71.4,739091.9,461932.4,7390918.7
302,Company_302,Energy,Latin America,2020,2082.0,13.1,4958.0,-14.1,11.6,17.8,16.8,0.3,2239472.4,671841.7,22394724.3
577,Company_577,Manufacturing,Oceania,2025,449.2,0.9,75.8,-4.7,78.3,59.5,93.9,81.3,105608.5,140811.3,1760141.2
848,Company_848,Manufacturing,Asia,2018,457.7,9.0,668.2,-12.5,64.4,55.2,69.5,68.7,111735.4,148980.5,1862256.2
835,Company_835,Healthcare,Middle East,2018,3413.8,16.3,5580.4,9.1,30.6,51.4,37.9,2.6,286858.1,286858.1,573716.2
402,Company_402,Technology,Asia,2018,1399.6,26.9,11492.9,19.8,29.6,18.3,38.8,31.8,75018.7,45011.2,150037.4
687,Company_687,Retail,Oceania,2025,9088.5,0.0,56.0,7.3,45.9,38.7,69.4,29.6,844666.9,422333.5,1689333.8
517,Company_517,Finance,Latin America,2015,2977.8,13.7,5252.3,,49.0,99.2,39.2,8.7,30115.3,15057.6,75288.2
869,Company_869,Healthcare,Africa,2024,786.0,30.2,4434.6,7.8,40.1,64.6,20.2,35.5,58768.8,58768.8,117537.6
458,Company_458,Transportation,Asia,2023,5343.6,8.5,5743.1,14.2,30.7,13.5,51.5,27.0,3544201.2,590700.2,11814004.1
595,Company_595,Consumer Goods,Oceania,2017,2720.3,18.1,9480.3,11.0,77.3,59.4,88.8,83.8,426745.0,533431.3,2133725.2
839,Company_839,Manufacturing,Oceania,2019,1508.7,11.9,2126.3,2.8,49.8,48.3,32.9,68.3,390040.8,520054.4,6500680.1
514,Company_514,Energy,Latin America,2021,2401.6,22.1,4692.4,0.2,51.0,60.4,75.1,17.4,1865775.8,559732.8,18657758.5
29,Company_29,Transportation,Oceania,2022,742.6,19.6,1710.4,-4.8,28.4,12.3,62.1,10.7,496177.2,82696.2,1653923.8
357,Company_357,Transportation,North America,2020,2335.5,14.2,4838.4,0.1,61.0,31.8,85.3,65.8,1369626.5,228271.1,4565421.7
152,Company_152,Technology,Latin America,2023,26078.3,31.7,258855.5,1.6,66.4,100.0,69.8,29.4,651958.2,391174.9,1303916.4
501,Company_501,Retail,Europe,2018,534.1,4.0,276.9,3.6,51.8,28.8,88.4,38.2,53316.3,26658.1,106632.6
784,Company_784,Manufacturing,Africa,2016,339.6,12.3,708.9,32.2,25.0,17.6,24.2,33.1,109709.0,146278.6,1828483.1
219,Company_219,Transportation,Middle East,2022,642.6,-6.6,2064.9,3.6,47.0,41.1,42.4,57.6,351789.9,58631.7,1172633.1
603,Company_603,Utilities,North America,2023,877.3,13.1,1187.8,-9.5,56.7,47.3,79.5,43.1,609702.2,381063.9,6097021.8
707,Company_707,Utilities,Europe,2021,1995.5,2.7,660.4,6.6,79.4,60.2,98.1,80.0,1242643.5,776652.2,12426435.4
677,Company_677,Utilities,Oceania,2021,3267.3,12.4,4114.6,6.1,47.4,43.8,33.2,65.2,2335223.9,1459514.9,23352238.7
128,Company_128,Utilities,Africa,2024,654.3,3.9,303.3,-12.6,35.8,47.3,44.6,15.4,454810.9,284256.8,4548109.3
346,Company_346,Transportation,Asia,2018,723.5,0.4,24.6,-11.1,63.8,66.0,30.1,95.4,320456.7,53409.5,1068189.0
869,Company_869,Healthcare,Africa,2023,728.9,27.4,2047.6,4.9,38.6,61.2,20.6,34.0,56245.2,56245.2,112490.4
974,Company_974,Energy,Europe,2019,11477.2,22.2,41947.2,19.1,49.4,9.4,50.7,87.9,13015910.6,3904773.2,130159105.8
276,Company_276,Transportation,North America,2015,745.7,3.1,417.8,,45.1,9.1,90.6,35.5,508417.2,84736.2,1694724.2
238,Company_238,Retail,Middle East,2019,780.9,3.4,304.7,10.2,38.8,81.7,21.1,13.6,49033.6,24516.8,98067.2
591,Company_591,Manufacturing,Oceania,2023,1699.2,-1.3,3508.4,10.2,63.6,82.4,60.5,48.0,317756.4,423675.2,5295940.2
741,Company_741,Retail,Latin America,2019,1005.7,11.4,1541.1,4.3,54.2,54.8,64.3,43.7,82134.2,41067.1,164268.4
627,Company_627,Transportation,Africa,2019,597.6,12.3,810.6,-1.9,43.2,55.7,13.0,61.0,290459.4,48409.9,968198.1
286,Company_286,Transportation,North America,2019,1233.8,4.4,795.2,-7.7,59.1,42.4,72.6,62.3,668571.8,111428.6,2228572.6
875,Company_875,Healthcare,Asia,2019,4178.1,20.2,11598.9,12.3,68.1,78.3,84.9,40.9,272316.4,272316.4,544632.7
360,Company_360,Retail,North America,2015,592.8,2.8,353.7,,51.5,38.7,84.8,30.9,55079.6,27539.8,110159.3
299,Company_299,Consumer Goods,North America,2021,2933.4,11.7,4874.9,2.3,55.1,44.8,66.0,54.6,520156.1,650195.2,2600780.7
786,Company_786,Energy,North America,2018,840.5,18.9,2914.7,-16.3,56.4,48.3,51.1,69.8,724497.8,217349.3,7244978.2
943,Company_943,Transportation,Oceania,2021,947.1,14.4,2022.7,10.8,51.2,15.5,61.5,76.8,620284.5,103380.7,2067614.9
588,Company_588,Energy,Africa,2022,12462.7,23.5,44650.2,5.7,46.4,49.1,48.8,41.3,10670818.5,3201245.6,106708185.1
154,Company_154,Manufacturing,Asia,2024,3648.4,9.0,2778.8,-0.3,50.9,44.7,47.9,60.1,971312.5,1295083.3,16188541.8
441,Company_441,Finance,North America,2017,1132.5,18.2,3301.8,-3.9,67.9,99.2,53.5,50.9,11447.5,5723.8,28618.8
178,Company_178,Transportation,Latin America,2020,2822.6,11.1,3278.9,6.3,26.3,23.6,15.0,40.2,1752682.8,292113.8,5842276.1
737,Company_737,Technology,Asia,2016,2309.8,24.6,16835.4,8.6,32.3,47.3,38.0,11.5,100311.0,60186.6,200622.1
65,Company_65,Transportation,Europe,2024,803.7,-7.6,3361.5,-3.4,70.5,42.9,92.8,75.9,433816.0,72302.7,1446053.3
144,Company_144,Utilities,Oceania,2021,1403.7,4.7,762.9,-9.8,53.1,17.8,92.6,49.1,1207920.7,754950.5,12079207.5
86,Company_86,Finance,Asia,2017,2964.3,11.5,4396.8,9.3,47.4,100.0,28.0,14.1,29643.5,14821.7,74108.7
273,Company_273,Transportation,Latin America,2018,340.5,2.2,120.7,9.4,47.2,34.0,86.6,21.1,196579.9,32763.3,655266.3
99,Company_99,Healthcare,Asia,2024,9478.2,8.7,15159.4,0.7,63.1,42.1,77.5,69.6,858009.2,858009.2,1716018.4
215,Company_215,Utilities,North America,2018,1088.6,8.0,1048.8,5.6,89.1,77.2,91.7,98.4,574226.7,358891.7,5742266.8
500,Company_500,Utilities,Middle East,2017,1428.5,6.8,1306.5,0.7,42.2,61.6,27.4,37.7,878237.3,548898.3,8782373.1
276,Company_276,Transportation,North America,2021,1066.0,-3.1,4583.4,12.9,51.8,16.4,98.2,41.0,694087.6,115681.3,2313625.3
758,Company_758,Healthcare,Latin America,2016,17437.2,10.9,41824.1,24.6,43.9,70.5,40.5,20.6,1232323.9,1232323.9,2464647.7
792,Company_792,Finance,Africa,2022,2052.8,19.2,7547.9,18.4,54.6,76.3,35.6,51.8,27335.4,13667.7,68338.5
362,Company_362,Technology,Africa,2015,1457.6,16.3,6667.2,,40.8,95.7,11.0,15.8,38657.4,23194.4,77314.8
276,Company_276,Transportation,North America,2017,971.4,4.2,488.7,2.5,45.8,6.5,93.6,37.5,672954.3,112159.0,2243180.9
81,Company_81,Healthcare,Europe,2016,5184.6,7.4,9571.8,-2.9,74.6,73.4,76.4,73.9,355676.0,355676.0,711352.1
433,Company_433,Retail,Middle East,2018,3979.1,8.9,7037.1,10.9,41.6,42.5,52.9,29.3,359105.4,179552.7,718210.8
574,Company_574,Transportation,Latin America,2020,1800.7,7.6,1282.9,12.7,32.4,25.4,48.9,23.0,1104375.5,184062.6,3681251.6
642,Company_642,Retail,Europe,2022,1964.6,7.7,2240.6,-8.1,64.5,74.2,56.6,62.6,133648.4,66824.2,267296.9
892,Company_892,Transportation,Latin America,2020,914.2,3.3,542.4,2.6,36.5,22.5,63.6,23.6,571968.3,95328.0,1906560.9
922,Company_922,Healthcare,Oceania,2021,976.7,19.4,4366.2,-0.8,70.3,58.7,84.5,67.8,77087.4,77087.4,154174.7
953,Company_953,Technology,Latin America,2019,3035.6,13.4,7232.8,9.6,38.2,62.2,26.8,25.5,116000.7,69600.4,232001.3
585,Company_585,Energy,Asia,2025,12717.0,27.4,41446.7,12.5,32.1,41.2,37.4,17.7,11594028.5,3478208.5,115940284.6
358,Company_358,Utilities,Middle East,2019,1628.6,8.8,1276.8,-11.0,44.1,36.5,22.2,73.5,1230254.8,768909.3,12302548.3
389,Company_389,Energy,Middle East,2016,9783.6,21.6,20496.4,-8.6,30.4,29.0,21.9,40.3,9757624.4,2927287.3,97576243.8
851,Company_851,Energy,Oceania,2015,1162.0,15.1,2046.5,,70.8,73.5,45.7,93.2,796626.7,238988.0,7966267.2
274,Company_274,Transportation,Asia,2024,978.4,10.9,1492.7,-0.3,40.8,19.8,31.4,71.2,622863.7,103810.6,2076212.4
508,Company_508,Utilities,Europe,2018,395.7,9.5,363.4,-13.6,52.0,18.8,56.7,80.3,338197.2,211373.2,3381971.6
49,Company_49,Retail,Middle East,2019,420.8,9.7,755.3,-1.3,18.3,10.5,34.5,9.8,47411.4,23705.7,94822.9
491,Company_491,Transportation,Latin America,2022,647.6,24.2,2855.5,-4.4,37.4,48.9,36.6,26.6,333273.2,55545.5,1110910.6
605,Company_605,Energy,Oceania,2017,13266.4,23.5,49183.5,4.4,38.4,36.1,59.8,19.2,12569108.8,3770732.6,125691087.5
247,Company_247,Consumer Goods,Asia,2023,790.8,5.2,964.9,-0.9,48.2,51.6,51.5,41.5,132693.1,165866.4,663465.6
798,Company_798,Transportation,Oceania,2024,216.6,2.0,59.0,2.1,57.8,40.1,68.4,65.0,119489.4,19914.9,398298.0
401,Company_401,Energy,Europe,2018,3911.5,32.3,10571.2,11.1,61.9,56.7,37.1,91.9,3142141.4,942642.4,31421414.0
240,Company_240,Transportation,Oceania,2017,1344.9,8.3,1214.5,16.2,47.9,38.6,47.9,57.2,750352.6,125058.8,2501175.3
156,Company_156,Technology,Asia,2020,8143.8,3.9,7767.1,1.6,58.6,97.4,64.5,14.0,211069.4,126641.6,422138.8
614,Company_614,Finance,Asia,2018,4514.6,11.3,5308.6,7.4,76.7,98.3,86.0,45.8,46215.8,23107.9,115539.5
729,Company_729,Consumer Goods,Oceania,2016,6856.2,2.8,4134.6,19.8,62.5,85.2,91.5,10.8,828064.9,1035081.2,4140324.6
163,Company_163,Energy,Asia,2018,2102.2,-13.2,6125.6,-3.5,49.4,24.0,43.2,81.0,2169404.8,650821.4,21694048.0
369,Company_369,Utilities,Europe,2019,1135.9,4.4,562.9,15.8,62.4,9.7,81.2,96.3,1028838.3,643024.0,10288383.4
88,Company_88,Manufacturing,North America,2016,920.0,10.3,2066.3,8.0,75.7,71.4,70.9,84.7,193175.2,257566.9,3219586.1
275,Company_275,Healthcare,Middle East,2023,5167.2,25.3,22280.0,5.9,47.3,86.2,17.0,38.8,308223.4,308223.4,616446.9
272,Company_272,Energy,Oceania,2018,5017.7,29.1,18120.8,4.1,44.5,27.8,81.9,23.8,5045011.3,1513503.4,50450113.2
67,Company_67,Manufacturing,Middle East,2022,460.6,10.0,436.1,-10.2,53.0,44.6,43.7,70.9,122701.1,163601.4,2045018.0
808,Company_808,Technology,North America,2020,6434.5,20.1,19875.6,5.8,70.7,89.3,63.6,59.4,184944.1,110966.5,369888.3
629,Company_629,Retail,Latin America,2015,807.5,6.0,853.1,,58.5,68.2,55.6,51.6,58320.0,29160.0,116639.9
587,Company_587,Healthcare,North America,2024,4132.8,22.6,13580.9,9.4,63.5,79.4,25.0,86.0,266162.6,266162.6,532325.2
449,Company_449,Manufacturing,Oceania,2025,2346.0,2.2,457.6,12.3,66.3,48.9,78.0,71.8,603701.5,804935.3,10061691.0
304,Company_304,Technology,Asia,2016,6535.9,15.8,21618.3,9.6,52.4,90.8,24.9,41.5,184476.5,110685.9,368952.9
854,Company_854,Manufacturing,Asia,2023,2037.2,10.2,2752.0,-11.6,47.5,56.7,44.7,41.0,490982.6,654643.5,8183043.8
360,Company_360,Retail,North America,2021,716.2,-3.6,1717.2,-2.9,53.0,37.6,84.4,36.9,67075.2,33537.6,134150.4
779,Company_779,Retail,Europe,2016,1518.3,6.5,1010.3,19.0,72.7,55.8,88.4,73.9,122876.6,61438.3,245753.2
280,Company_280,Transportation,Africa,2023,511.0,32.6,2119.5,-15.7,53.4,97.6,42.9,19.7,158467.2,26411.2,528224.0
109,Company_109,Energy,Africa,2020,6217.5,-10.6,23914.6,-0.5,51.8,48.7,51.6,55.0,5341607.9,1602482.4,53416079.4
979,Company_979,Energy,Middle East,2021,15729.7,13.1,26756.2,8.4,46.9,46.4,50.8,43.6,13763886.2,4129165.9,137638861.9
50,Company_50,Consumer Goods,North America,2018,1095.6,21.5,2845.2,10.5,63.0,71.2,49.2,68.7,153804.4,192255.5,769022.0
969,Company_969,Technology,Africa,2024,6456.6,15.0,30711.6,-3.8,44.4,99.3,13.6,20.5,163021.5,97812.9,326043.1
745,Company_745,Utilities,Middle East,2015,3253.5,12.3,3729.1,,37.1,49.2,27.2,34.9,2227763.0,1392351.9,22277630.4
688,Company_688,Technology,Asia,2021,1986.5,18.0,12185.2,30.6,42.5,96.1,15.1,16.2,52373.0,31423.8,104746.1
442,Company_442,Consumer Goods,Latin America,2024,2295.9,7.9,3676.8,4.0,53.4,59.0,41.4,59.7,361216.9,451521.1,1806084.4
194,Company_194,Manufacturing,Oceania,2019,1296.8,11.9,2162.2,3.5,84.9,75.9,86.7,92.2,260036.3,346715.1,4333938.8
469,Company_469,Retail,Middle East,2019,1549.6,2.2,352.3,10.7,47.1,29.1,60.8,51.3,154427.5,77213.7,308854.9
912,Company_912,Finance,North America,2024,1589.3,16.8,3598.0,11.9,79.7,97.1,55.9,86.1,16546.8,8273.4,41367.0
448,Company_448,Finance,Middle East,2022,10120.4,14.5,17006.5,21.9,54.4,100.0,45.0,18.1,101203.8,50601.9,253009.6
378,Company_378,Technology,Oceania,2017,1372.4,30.5,12729.0,-1.1,88.9,85.6,95.6,85.3,41222.1,24733.2,82444.1
994,Company_994,Manufacturing,Europe,2018,1324.3,1.3,251.4,4.1,55.6,16.4,96.7,53.8,431060.5,574747.4,7184342.4
647,Company_647,Energy,North America,2018,12590.4,-0.5,50434.2,-10.6,54.5,32.2,56.4,74.8,12268370.7,3680511.2,122683706.7
866,Company_866,Utilities,Oceania,2025,1108.8,10.3,1498.4,1.7,65.1,66.2,79.0,50.1,653083.3,408177.1,6530833.2
413,Company_413,Consumer Goods,North America,2024,3179.3,10.3,6923.0,5.2,71.2,49.1,88.2,76.5,544604.4,680755.5,2723021.8
913,Company_913,Transportation,Oceania,2015,622.6,2.0,204.5,,56.4,36.6,82.5,50.2,352541.1,58756.8,1175137.0
627,Company_627,Transportation,Africa,2016,576.6,7.2,522.5,6.0,41.4,57.0,10.9,56.2,277218.7,46203.1,924062.4
337,Company_337,Finance,Africa,2017,2954.9,18.9,5505.3,8.3,66.2,93.6,67.7,37.2,32176.7,16088.3,80441.7
498,Company_498,Technology,Europe,2018,15090.6,15.2,36801.0,9.8,77.3,99.0,75.9,57.1,382319.1,229391.5,764638.2
259,Company_259,Healthcare,North America,2023,361.3,8.7,746.3,11.2,50.4,56.4,50.7,44.1,29085.7,29085.7,58171.4
518,Company_518,Utilities,Middle East,2020,398.1,6.3,315.3,13.7,56.4,88.9,49.7,30.5,184022.0,115013.7,1840219.9
373,Company_373,Energy,Africa,2025,16525.4,15.1,28249.6,31.2,53.8,51.1,55.6,54.8,13915778.5,4174733.6,139157785.4
919,Company_919,Consumer Goods,Europe,2017,3902.6,8.8,7976.1,18.9,77.5,52.0,96.3,84.1,652484.0,815605.0,3262420.0
27,Company_27,Healthcare,Europe,2024,5268.2,10.7,7977.7,23.9,66.0,100.0,53.1,44.8,263408.6,263408.6,526817.3
274,Company_274,Transportation,Asia,2018,848.7,5.1,695.0,8.6,39.5,19.6,30.5,68.3,541331.0,90221.8,1804436.7
240,Company_240,Transportation,Oceania,2024,3650.2,18.6,12491.0,17.2,49.1,43.6,47.5,56.3,1959962.5,326660.4,6533208.3
299,Company_299,Consumer Goods,North America,2024,3694.7,14.0,8722.0,2.1,54.6,41.2,67.5,55.0,673568.3,841960.3,3367841.3
27,Company_27,Healthcare,Europe,2015,1376.0,14.2,2738.2,,59.2,91.0,47.7,39.0,77479.1,77479.1,154958.2
20,Company_20,Technology,North America,2016,5171.8,21.4,17645.3,16.2,61.5,98.4,60.1,26.1,132261.8,79357.1,264523.6
488,Company_488,Utilities,Oceania,2015,2212.8,11.5,2249.8,,47.7,44.4,49.3,49.5,1574023.0,983764.4,15740229.9
623,Company_623,Consumer Goods,North America,2022,867.6,7.9,1137.4,3.9,58.7,37.5,52.4,86.2,162680.2,203350.3,813401.1
682,Company_682,Technology,Middle East,2016,5179.6,16.2,22153.0,3.5,42.3,81.8,33.6,11.4,162479.9,97488.0,324959.8
817,Company_817,Energy,North America,2021,13880.3,29.3,70812.0,13.4,54.3,23.1,97.3,42.5,14411777.0,4323533.1,144117769.9
626,Company_626,Healthcare,Europe,2024,9702.6,0.5,439.0,11.4,74.3,50.6,84.6,87.8,820722.1,820722.1,1641444.1
156,Company_156,Technology,Asia,2023,8350.5,2.3,5607.1,3.3,58.8,99.3,65.2,11.9,210812.0,126487.2,421623.9
50,Company_50,Consumer Goods,North America,2025,2316.1,29.6,10905.2,13.4,69.3,77.5,63.3,67.1,304406.3,380507.9,1522031.6
551,Company_551,Retail,Middle East,2016,1960.5,5.9,2690.4,1.5,45.5,73.6,42.9,20.1,134273.6,67136.8,268547.2
62,Company_62,Technology,Asia,2020,5322.5,25.8,31526.8,17.4,60.3,90.2,29.3,61.2,151256.6,90754.0,302513.2
374,Company_374,Healthcare,Africa,2016,5594.8,21.9,24841.7,7.6,19.3,44.9,10.8,2.3,495548.6,495548.6,991097.3
261,Company_261,Utilities,Asia,2020,709.6,12.2,808.7,-8.3,56.1,43.9,79.8,44.5,506592.3,316620.2,5065922.8
805,Company_805,Healthcare,Middle East,2022,929.2,4.1,541.4,4.7,56.0,95.5,41.7,30.8,49382.7,49382.7,98765.5
662,Company_662,Finance,Middle East,2023,21109.5,-0.9,10710.9,12.9,61.1,99.4,28.8,55.0,212877.9,106438.9,532194.7
348,Company_348,Healthcare,Latin America,2015,2757.6,21.9,8379.4,,48.1,61.4,65.0,18.0,212442.1,212442.1,424884.3
579,Company_579,Retail,Africa,2021,1009.7,5.0,675.2,2.5,54.8,64.4,42.3,57.7,75623.4,37811.7,151246.8
563,Company_563,Energy,Africa,2025,3530.9,-6.4,12550.8,16.5,52.3,62.1,60.3,34.4,2703003.5,810901.1,27030035.1
456,Company_456,Utilities,Asia,2023,408.8,12.1,636.6,1.9,35.9,45.5,50.5,11.6,288183.3,180114.6,2881832.9
198,Company_198,Manufacturing,North America,2015,409.3,12.4,813.7,,42.6,27.6,31.4,68.9,123622.2,164829.6,2060369.4
907,Company_907,Transportation,Oceania,2021,668.7,1.7,187.9,0.3,49.3,41.2,58.9,47.8,365683.9,60947.3,1218946.3
300,Company_300,Manufacturing,Europe,2016,2008.7,2.2,857.7,-1.1,53.0,40.7,53.6,64.6,551293.1,735057.5,9188218.8
384,Company_384,Healthcare,Oceania,2017,6185.1,22.3,29001.2,9.2,54.5,52.2,31.5,79.8,516384.2,516384.2,1032768.3
808,Company_808,Technology,North America,2025,12974.1,30.0,102146.7,14.9,73.6,88.7,63.9,68.3,375637.7,225382.6,751275.4
273,Company_273,Transportation,Latin America,2015,317.9,9.3,522.0,,45.7,32.4,85.0,19.6,185629.9,30938.3,618766.3
318,Company_318,Transportation,Europe,2023,614.2,10.1,1111.8,-10.2,76.4,68.0,82.2,78.9,266713.4,44452.2,889044.5
916,Company_916,Manufacturing,Oceania,2017,1104.6,15.0,2510.2,-5.9,69.2,29.2,91.4,87.1,329904.8,439873.0,5498412.6
853,Company_853,Energy,North America,2025,69.3,25.1,292.1,-25.5,65.1,23.9,81.7,89.7,71616.5,21485.0,716165.3
961,Company_961,Transportation,Europe,2017,179.6,-1.8,229.7,12.3,49.1,9.8,66.4,71.2,121951.4,20325.2,406504.8
166,Company_166,Energy,Latin America,2025,896.5,40.8,6077.3,-3.5,51.1,39.9,84.4,28.9,825337.7,247601.3,8253376.7
501,Company_501,Retail,Europe,2017,515.5,1.4,138.6,2.1,51.1,26.6,87.7,38.9,52272.6,26136.3,104545.2
334,Company_334,Technology,Africa,2025,17950.9,17.3,93662.5,19.3,42.9,68.9,43.8,16.0,643993.3,386396.0,1287986.7
537,Company_537,Retail,Europe,2021,895.8,7.3,1459.3,11.3,58.4,34.4,79.1,61.7,85944.5,42972.2,171889.0
829,Company_829,Manufacturing,Oceania,2022,2756.6,3.8,1191.0,6.9,45.8,34.0,33.4,70.1,795662.3,1060883.0,13261037.7
159,Company_159,Consumer Goods,North America,2021,1228.2,8.5,1609.3,10.3,73.0,51.3,67.7,100.0,206476.7,258095.9,1032383.6
418,Company_418,Manufacturing,Oceania,2025,823.4,6.0,983.9,0.6,69.7,48.6,95.1,65.5,212432.6,283243.4,3540542.6
800,Company_800,Transportation,Asia,2019,2012.9,8.9,3108.2,11.3,40.7,10.4,66.9,44.8,1361399.5,226899.9,4537998.4
563,Company_563,Energy,Africa,2019,2983.8,-4.9,4754.5,-2.3,43.0,53.5,51.1,24.3,2462404.6,738721.4,24624046.2
568,Company_568,Healthcare,Africa,2025,1116.4,17.8,3499.0,-4.4,47.0,56.2,58.5,26.4,90050.6,90050.6,180101.1
967,Company_967,Technology,Europe,2024,27148.6,7.5,70625.0,8.3,94.7,99.6,89.3,95.0,682063.9,409238.3,1364127.8
488,Company_488,Utilities,Oceania,2020,2678.9,19.6,5281.2,15.0,48.6,47.5,47.7,50.5,1859307.0,1162066.9,18593070.1
184,Company_184,Utilities,Europe,2022,1137.5,9.2,979.1,13.7,64.3,32.6,72.1,88.1,884393.5,552745.9,8843934.7
402,Company_402,Technology,Asia,2023,1634.5,21.9,7760.0,0.8,31.7,18.2,40.3,36.6,87630.0,52578.0,175260.0
131,Company_131,Finance,Latin America,2017,29584.0,17.9,80799.7,12.1,71.2,85.5,90.3,37.7,355977.8,177988.9,889944.6
915,Company_915,Manufacturing,Middle East,2016,823.6,-3.6,2946.0,13.5,29.0,53.2,20.8,13.1,204548.5,272731.3,3409141.5
787,Company_787,Utilities,North America,2023,783.1,13.7,973.5,1.3,48.7,51.7,72.7,21.7,525186.0,328241.3,5251860.1
649,Company_649,Finance,Oceania,2021,11825.4,6.8,12286.9,-0.1,80.2,89.3,77.1,74.3,136047.7,68023.9,340119.3
190,Company_190,Technology,North America,2024,5872.5,19.3,26807.8,17.4,74.4,90.7,63.7,68.8,165896.3,99537.8,331792.6
631,Company_631,Manufacturing,North America,2017,684.0,9.2,613.0,0.0,29.8,30.7,31.0,27.7,202140.3,269520.4,3369004.5
443,Company_443,Consumer Goods,Oceania,2023,1139.9,24.5,6361.6,-2.2,52.4,25.4,78.2,53.6,233098.9,291373.6,1165494.4
753,Company_753,Healthcare,Europe,2020,1340.2,21.3,4943.5,2.3,78.6,68.6,78.3,88.9,96486.8,96486.8,192973.6
299,Company_299,Consumer Goods,North America,2018,2470.6,12.6,4584.1,3.2,52.9,46.7,63.0,48.8,431263.7,539079.7,2156318.6
946,Company_946,Healthcare,Oceania,2021,2591.4,7.7,2185.3,9.9,73.5,72.5,70.3,77.8,179396.9,179396.9,358793.7
765,Company_765,Transportation,Asia,2015,556.9,2.2,246.0,,36.9,1.4,54.4,54.8,397756.3,66292.7,1325854.4
375,Company_375,Transportation,Middle East,2020,337.0,5.2,171.1,0.4,19.7,10.5,25.6,23.1,227776.9,37962.8,759256.3
43,Company_43,Transportation,Europe,2020,344.9,-1.7,1060.3,-9.3,44.7,32.6,79.9,21.8,201181.6,33530.3,670605.4
910,Company_910,Finance,Oceania,2015,1991.4,17.8,6683.8,,74.5,99.8,76.1,47.5,19956.6,9978.3,49891.5
886,Company_886,Retail,Oceania,2024,1139.7,11.8,1417.0,-3.0,62.1,77.4,53.4,55.6,74984.8,37492.4,149969.7
575,Company_575,Energy,Africa,2022,1274.6,-4.3,1937.3,-16.0,45.0,57.8,34.9,42.4,1013852.4,304155.7,10138523.9
707,Company_707,Utilities,Europe,2016,1532.4,8.0,1029.4,8.4,72.8,53.3,94.0,71.2,1014000.8,633750.5,10140007.9
162,Company_162,Technology,North America,2024,63586.0,-0.6,197082.3,10.9,70.1,99.5,22.1,88.8,1600511.7,960307.0,3201023.4
954,Company_954,Utilities,Latin America,2017,842.0,8.8,736.8,-1.0,45.0,29.0,53.9,52.0,671726.1,419828.8,6717261.1
10,Company_10,Technology,Latin America,2022,93510.8,14.4,446629.1,17.4,67.1,79.8,78.1,43.5,2998092.6,1798855.6,5996185.2
604,Company_604,Retail,Latin America,2023,943.6,15.0,1812.9,13.5,60.5,59.9,37.3,84.3,73656.8,36828.4,147313.6
586,Company_586,Transportation,Africa,2017,726.9,2.8,301.7,6.5,38.2,56.0,30.3,28.4,352545.0,58757.5,1175149.9
54,Company_54,Healthcare,Oceania,2022,8946.8,23.9,38048.8,24.0,67.2,31.0,93.6,77.1,879501.2,879501.2,1759002.3
174,Company_174,Transportation,Africa,2016,396.6,1.1,54.6,0.9,15.5,12.8,29.4,4.2,264287.0,44047.8,880956.6
519,Company_519,Retail,Middle East,2024,2517.4,3.4,1564.4,25.6,53.7,73.1,61.1,27.0,173233.5,86616.7,346467.0
461,Company_461,Technology,Oceania,2020,1391.5,29.7,7569.2,3.2,82.2,84.5,97.0,65.1,42346.0,25407.6,84692.0
477,Company_477,Manufacturing,Latin America,2024,1753.7,4.8,685.2,8.0,45.1,53.8,47.2,34.2,433059.8,577413.1,7217663.9
893,Company_893,Finance,Oceania,2016,3959.9,17.9,11820.3,7.1,64.2,100.0,59.0,33.5,39598.8,19799.4,98996.9
385,Company_385,Transportation,Oceania,2017,465.6,0.6,43.6,13.7,29.0,12.5,42.6,31.9,310817.7,51802.9,1036058.9
942,Company_942,Transportation,Middle East,2024,538.2,0.3,15.2,7.8,42.8,31.6,10.4,86.3,316049.0,52674.8,1053496.6
513,Company_513,Healthcare,Europe,2025,2058.8,17.4,8493.3,-11.8,57.4,42.3,64.5,65.5,186142.4,186142.4,372284.7
628,Company_628,Energy,Europe,2022,4742.1,13.7,7741.8,-15.0,62.3,32.5,91.6,62.8,4611522.8,1383456.8,46115227.6
848,Company_848,Manufacturing,Asia,2015,602.6,11.5,1306.5,,61.6,53.2,64.1,67.6,149683.0,199577.3,2494716.7
970,Company_970,Healthcare,Europe,2022,4064.2,8.0,4459.9,21.6,68.8,89.0,43.5,73.9,234457.8,234457.8,468915.6
588,Company_588,Energy,Africa,2020,12988.0,13.6,30963.0,-18.3,43.0,44.0,45.0,39.9,11580894.0,3474268.2,115808940.1
223,Company_223,Transportation,Latin America,2020,331.1,4.7,254.7,8.3,35.1,33.1,63.2,9.1,192407.7,32068.0,641359.1
715,Company_715,Technology,North America,2023,3865.4,29.3,34989.2,9.9,62.0,74.2,27.9,84.0,131546.0,78927.6,263091.9
281,Company_281,Healthcare,Middle East,2025,1384.6,0.6,197.2,7.7,50.9,66.5,7.5,78.7,101701.3,101701.3,203402.6
181,Company_181,Finance,Oceania,2019,2492.5,23.4,5226.9,8.8,72.7,78.1,89.0,51.1,32570.4,16285.2,81426.0
333,Company_333,Technology,Africa,2021,18496.3,28.8,94576.8,8.2,53.2,88.4,53.0,18.2,537450.6,322470.4,1074901.3
949,Company_949,Transportation,Middle East,2018,1467.7,-4.4,1090.3,0.7,40.6,28.4,42.3,51.2,881438.2,146906.4,2938127.4
692,Company_692,Healthcare,Asia,2016,956.3,10.3,1074.6,16.9,71.3,88.3,46.4,79.2,55658.6,55658.6,111317.1
596,Company_596,Technology,Europe,2015,22195.8,19.4,132073.7,,87.2,88.1,92.3,81.0,647142.5,388285.5,1294285.0
879,Company_879,Utilities,Africa,2015,879.5,10.0,1281.2,,49.8,84.2,38.8,26.5,429628.7,268518.0,4296287.4
793,Company_793,Manufacturing,Africa,2021,1320.1,10.7,2483.7,-7.9,39.1,19.9,73.4,24.0,420174.6,560232.8,7002909.8
622,Company_622,Transportation,Latin America,2024,1734.2,15.0,2753.6,8.6,30.2,22.7,22.6,45.2,1083092.6,180515.4,3610308.6
367,Company_367,Utilities,Latin America,2019,1074.8,12.5,1092.3,11.0,62.1,62.5,68.8,55.2,655745.9,409841.2,6557458.8
988,Company_988,Consumer Goods,Europe,2016,7414.8,15.3,11920.1,9.5,66.4,64.8,42.1,92.4,1107130.4,1383913.0,5535652.1
467,Company_467,Manufacturing,Middle East,2022,993.9,10.0,1465.9,6.7,40.6,76.3,44.3,1.3,198642.3,264856.3,3310704.2
572,Company_572,Retail,Latin America,2016,1903.9,7.0,2766.9,-1.7,39.2,51.1,45.9,20.6,160383.5,80191.7,320767.0
677,Company_677,Utilities,Oceania,2018,3172.0,9.7,3126.1,-2.9,43.8,35.0,32.4,64.1,2422992.1,1514370.1,24229921.4
755,Company_755,Finance,North America,2021,6632.4,8.1,5237.5,-2.2,70.4,61.0,73.4,77.0,102582.5,51291.3,256456.3
3,Company_3,Transportation,Latin America,2022,389.6,7.1,327.9,11.8,31.3,18.8,44.9,30.2,249794.5,41632.4,832648.3
496,Company_496,Manufacturing,North America,2023,2712.2,1.4,720.2,11.3,52.3,13.9,59.8,83.3,897201.5,1196268.7,14953358.7
288,Company_288,Technology,Asia,2018,19271.9,22.3,115280.2,1.8,62.9,76.2,75.4,37.0,642586.0,385551.6,1285172.1
186,Company_186,Manufacturing,Middle East,2016,3311.5,14.0,8063.0,3.5,26.5,7.2,64.9,7.4,1141802.9,1522403.8,19030047.7
43,Company_43,Transportation,Europe,2018,432.2,3.0,137.0,-1.2,45.3,36.2,78.4,21.4,245572.0,40928.7,818573.2
784,Company_784,Manufacturing,Africa,2020,439.7,13.1,746.9,1.9,24.7,18.4,19.7,35.8,141306.2,188408.3,2355103.5
490,Company_490,Retail,Africa,2025,3460.4,7.9,4293.1,1.4,67.3,95.9,70.4,35.5,182892.9,91446.4,365785.7
52,Company_52,Consumer Goods,Oceania,2022,1812.1,14.9,3233.0,1.4,67.1,45.7,84.3,71.4,319002.6,398753.2,1595012.9
335,Company_335,Utilities,Latin America,2020,341.2,12.3,404.8,0.6,76.8,100.0,96.4,34.0,136474.5,85296.5,1364744.8
278,Company_278,Utilities,Europe,2018,1729.0,9.7,2230.9,10.3,40.8,15.7,48.6,58.1,1508200.1,942625.1,15082001.1
399,Company_399,Energy,North America,2022,19872.1,14.6,27484.9,22.7,63.7,57.8,66.9,66.3,15804609.5,4741382.9,158046095.2
114,Company_114,Energy,North America,2017,2521.7,8.4,2919.1,-5.1,71.8,70.3,66.4,78.7,1784229.9,535269.0,17842299.1
20,Company_20,Technology,North America,2023,7487.0,23.1,26405.0,9.1,63.4,100.0,58.2,31.9,187175.5,112305.3,374351.0
363,Company_363,Manufacturing,Asia,2022,1385.3,1.7,276.3,15.2,54.1,29.3,60.7,72.3,413361.8,551149.0,6889362.9
698,Company_698,Retail,Oceania,2023,2934.9,6.5,4435.3,-0.6,82.8,77.2,73.9,97.2,193656.9,96828.4,387313.7
161,Company_161,Technology,Europe,2021,4260.0,24.9,25275.2,-1.0,72.1,93.2,66.9,56.2,116639.8,69983.9,233279.7
10,Company_10,Technology,Latin America,2024,117939.2,14.9,610070.0,9.2,68.6,77.8,78.2,50.0,3864217.0,2318530.2,7728434.0
934,Company_934,Consumer Goods,Middle East,2023,1842.2,19.0,5530.1,4.3,42.8,48.3,60.1,20.1,317472.0,396840.0,1587359.9
196,Company_196,Healthcare,Oceania,2024,8749.0,-0.7,30780.2,5.3,60.7,76.9,65.7,39.4,578892.7,578892.7,1157785.5
472,Company_472,Healthcare,Europe,2015,2663.9,17.1,6440.1,,92.4,88.6,95.9,92.5,154412.5,154412.5,308825.0
698,Company_698,Retail,Oceania,2018,2911.9,1.4,654.3,-3.9,77.2,66.9,69.3,95.4,213041.8,106520.9,426083.7
170,Company_170,Energy,Europe,2020,710.2,-11.6,2810.4,-6.2,45.5,24.2,31.9,80.5,731857.9,219557.4,7318578.6
809,Company_809,Utilities,Asia,2024,608.7,17.6,900.7,2.7,55.9,61.8,62.3,43.5,373591.2,233494.5,3735911.9
931,Company_931,Energy,Middle East,2022,4576.1,16.1,6003.1,-9.5,43.8,35.7,40.3,55.2,4346554.9,1303966.5,43465548.7
316,Company_316,Healthcare,Africa,2017,9981.5,14.2,20617.9,1.5,52.4,69.3,37.5,50.4,713825.7,713825.7,1427651.4
882,Company_882,Energy,Europe,2020,7163.5,-13.1,24311.7,0.4,74.9,80.0,86.6,57.9,4584368.8,1375310.6,45843688.0
982,Company_982,Technology,Europe,2020,3391.0,20.8,13693.5,17.2,75.6,73.1,100.0,53.6,116655.8,69993.5,233311.5
100,Company_100,Manufacturing,North America,2016,895.2,-3.3,4098.7,-3.5,54.1,16.4,85.9,60.1,291497.9,388663.9,4858298.8
691,Company_691,Healthcare,Latin America,2016,3304.9,13.1,4792.4,21.4,58.5,54.3,73.6,47.5,270922.9,270922.9,541845.8
738,Company_738,Consumer Goods,Middle East,2021,581.2,18.2,1565.1,-1.5,36.6,18.7,33.6,57.4,124251.1,155313.9,621255.7
588,Company_588,Energy,Africa,2024,13587.5,31.5,39295.3,3.6,50.1,52.5,51.7,46.2,11310866.6,3393260.0,113108666.2
434,Company_434,Transportation,Latin America,2024,1040.2,4.5,692.9,23.8,56.4,37.7,54.3,77.3,584305.4,97384.2,1947684.5
303,Company_303,Energy,Oceania,2018,1642.2,8.5,2146.8,-13.5,55.1,25.9,70.7,68.8,1673175.1,501952.5,16731751.1
653,Company_653,Energy,North America,2025,35.9,29.5,103.3,-15.6,67.4,41.1,94.4,66.6,32738.4,9821.5,327383.8
792,Company_792,Finance,Africa,2015,1301.5,17.9,3610.0,,47.5,72.6,27.2,42.5,18004.8,9002.4,45012.1
730,Company_730,Manufacturing,North America,2022,307.1,3.2,145.6,-5.9,36.9,23.2,27.3,60.1,95632.3,127509.7,1593871.4
306,Company_306,Healthcare,Latin America,2015,1334.0,17.7,3827.4,,44.7,78.6,30.4,25.1,86655.6,86655.6,173311.2
342,Company_342,Energy,Africa,2025,5279.7,25.6,22229.7,-20.3,46.5,82.1,28.4,29.0,3302557.2,990767.2,33025572.4
473,Company_473,Retail,Asia,2021,610.3,6.5,563.4,-1.4,60.1,81.3,64.3,34.8,38495.8,19247.9,76991.7
723,Company_723,Manufacturing,Asia,2022,9847.5,16.9,35200.5,6.9,76.5,66.9,89.0,73.4,2160888.0,2881183.9,36014799.2
929,Company_929,Manufacturing,North America,2022,1190.7,5.9,1104.7,12.9,64.5,40.8,84.2,68.6,326520.8,435361.1,5442013.3
889,Company_889,Healthcare,Middle East,2018,2703.5,4.3,1377.6,5.1,27.7,38.3,8.3,36.4,251871.8,251871.8,503743.6
719,Company_719,Retail,North America,2022,756.1,4.6,672.7,1.8,55.7,50.4,85.5,31.1,64063.0,32031.5,128126.1
734,Company_734,Consumer Goods,Oceania,2017,880.8,7.9,1548.9,-0.5,60.2,30.8,80.7,69.0,173415.1,216768.8,867075.3
549,Company_549,Utilities,North America,2017,1494.1,13.2,1596.2,-4.5,78.3,65.6,81.0,88.2,885692.3,553557.7,8856923.3
490,Company_490,Retail,Africa,2015,1371.1,8.6,1203.2,,62.2,85.7,66.1,34.8,82250.1,41125.0,164500.1
716,Company_716,Retail,Africa,2018,303.6,6.6,464.0,-0.2,46.8,65.7,32.9,41.8,22470.1,11235.1,44940.3
416,Company_416,Healthcare,Middle East,2024,3038.4,2.2,914.3,0.7,61.6,72.0,73.1,39.6,211486.1,211486.1,422972.3
756,Company_756,Technology,Middle East,2023,16301.3,29.8,111498.4,12.3,75.4,81.8,96.8,47.7,511146.0,306687.6,1022291.9
573,Company_573,Energy,North America,2025,2385.7,14.8,6382.7,-4.0,46.1,26.2,41.6,70.5,2426075.9,727822.8,24260759.2
560,Company_560,Technology,Latin America,2019,2891.7,17.3,16295.3,25.9,56.3,85.8,70.5,12.5,86659.7,51995.8,173319.4
669,Company_669,Retail,Middle East,2019,525.2,14.6,1292.8,-15.9,38.7,42.2,31.5,42.3,47500.2,23750.1,95000.4
53,Company_53,Utilities,North America,2019,808.6,4.7,527.2,2.8,73.1,33.1,100.0,86.2,626574.5,391609.1,6265745.1
577,Company_577,Manufacturing,Oceania,2018,431.1,2.3,125.4,3.7,76.3,52.5,100.0,76.3,107669.8,143559.7,1794496.1
996,Company_996,Healthcare,Europe,2021,4201.6,24.7,17733.5,-0.5,61.7,92.3,37.0,55.6,232581.3,232581.3,465162.5
602,Company_602,Technology,North America,2025,11698.9,6.1,16387.3,5.2,68.3,58.8,78.1,67.9,461006.0,276603.6,922011.9
406,Company_406,Utilities,Asia,2023,407.0,13.4,591.5,0.2,50.2,72.6,40.7,37.2,225214.1,140758.8,2252141.5
38,Company_38,Energy,Africa,2018,595.3,18.7,1787.2,-6.2,39.0,34.9,51.6,30.5,568979.3,170693.8,5689793.1
609,Company_609,Manufacturing,Latin America,2020,5556.3,6.7,3720.9,13.7,39.9,30.5,76.6,12.7,1644808.4,2193077.8,27413472.7
911,Company_911,Manufacturing,Europe,2015,393.0,6.8,361.8,,79.8,90.8,62.8,85.7,66563.2,88750.9,1109385.9
846,Company_846,Energy,Middle East,2017,1014.9,0.4,50.4,2.2,35.7,41.5,44.5,21.0,923110.0,276933.0,9231100.1
766,Company_766,Finance,Asia,2025,4173.9,22.5,18634.9,16.2,69.2,98.6,60.1,48.8,42575.4,21287.7,106438.6
509,Company_509,Technology,Europe,2025,24246.4,9.8,42150.8,-0.8,67.4,100.0,70.7,31.4,606160.2,363696.1,1212320.5
1,Company_1,Retail,Latin America,2025,734.5,5.0,628.8,6.9,59.2,70.7,29.1,78.0,51805.8,25902.9,103611.7
406,Company_406,Utilities,Asia,2017,433.6,7.7,347.0,-2.8,42.4,56.0,40.5,30.5,280168.2,175105.1,2801682.0
613,Company_613,Consumer Goods,North America,2018,3108.8,23.3,12768.3,2.9,75.3,83.9,43.0,99.1,380861.6,476077.0,1904307.8
111,Company_111,Finance,Africa,2022,885.1,18.4,1689.9,1.7,43.8,99.7,10.9,20.9,8893.5,4446.8,22233.8
452,Company_452,Consumer Goods,Asia,2015,1859.1,10.2,2059.0,,46.1,44.9,55.7,37.7,329244.3,411555.3,1646221.4
905,Company_905,Manufacturing,Europe,2022,480.3,13.4,1056.8,-2.2,69.2,64.1,60.8,82.6,108244.2,144325.6,1804069.5
66,Company_66,Consumer Goods,Middle East,2018,1500.0,21.3,5453.6,6.2,61.0,96.4,55.8,30.9,157493.7,196867.1,787468.5
264,Company_264,Consumer Goods,Middle East,2021,2876.9,25.1,13031.2,5.1,50.2,65.6,62.0,22.9,426297.9,532872.4,2131489.7
828,Company_828,Technology,Oceania,2018,8148.3,20.6,38303.0,14.5,85.0,88.2,81.0,85.7,237386.8,142432.1,474773.5
728,Company_728,Retail,North America,2016,1732.8,5.3,1583.8,11.6,66.1,56.1,58.5,83.6,139905.6,69952.8,279811.3
907,Company_907,Transportation,Oceania,2016,398.8,1.7,70.2,11.9,48.1,46.4,57.9,40.2,209504.4,34917.4,698347.9
67,Company_67,Manufacturing,Middle East,2025,462.2,4.7,324.8,-3.9,56.6,47.6,48.0,74.4,120218.8,160291.8,2003647.1
67,Company_67,Manufacturing,Middle East,2024,480.9,7.7,659.5,2.1,55.1,44.4,46.8,74.0,128303.7,171071.6,2138394.9
354,Company_354,Manufacturing,Oceania,2023,1855.9,-7.4,6033.9,8.0,53.8,43.4,94.1,23.9,498896.8,665195.7,8314945.8
592,Company_592,Utilities,Latin America,2021,1515.3,7.3,1354.2,-4.4,51.8,68.1,54.7,32.6,877074.0,548171.3,8770740.2
227,Company_227,Transportation,Asia,2016,1032.5,1.6,164.9,-1.3,47.1,29.8,39.1,72.3,614120.3,102353.4,2047067.6
133,Company_133,Consumer Goods,Europe,2020,880.5,1.9,317.4,6.0,68.5,32.3,83.6,89.7,171543.5,214429.4,857717.7
9,Company_9,Technology,North America,2019,3208.8,11.2,8416.4,24.6,63.3,40.5,83.8,65.6,147097.1,88258.2,294194.1
706,Company_706,Healthcare,North America,2015,3900.9,10.3,7011.3,,63.4,76.3,42.6,71.1,259638.3,259638.3,519276.6
942,Company_942,Transportation,Middle East,2020,542.5,4.7,296.2,-8.7,34.8,19.3,5.1,80.1,346662.2,57777.0,1155540.7
924,Company_924,Retail,Africa,2019,850.9,1.6,159.2,-1.5,44.8,76.1,32.6,25.8,56790.6,28395.3,113581.1
561,Company_561,Healthcare,Africa,2024,3400.8,29.5,19347.9,0.2,39.5,79.4,5.5,33.7,218963.6,218963.6,437927.2
621,Company_621,Transportation,North America,2021,392.3,4.3,331.7,-10.7,64.9,31.3,80.6,83.0,230919.9,38486.7,769733.1
747,Company_747,Manufacturing,Oceania,2016,1641.4,13.0,2841.1,-0.7,44.1,9.6,71.4,51.4,557909.2,743878.9,9298486.3
46,Company_46,Healthcare,Middle East,2016,7862.8,26.0,45451.1,-6.6,48.0,73.1,50.8,20.2,541281.5,541281.5,1082563.1
949,Company_949,Transportation,Middle East,2017,1457.3,0.3,81.4,-2.2,39.0,24.8,42.5,49.7,897730.1,149621.7,2992433.8
470,Company_470,Technology,North America,2021,7987.7,20.9,45065.6,23.4,71.9,70.4,72.1,73.3,282554.5,169532.7,565109.0
803,Company_803,Consumer Goods,Africa,2023,1868.1,11.6,5399.2,15.5,29.2,51.2,19.9,16.5,314508.1,393135.1,1572540.5
993,Company_993,Healthcare,Latin America,2021,6119.1,18.6,17694.0,11.8,67.7,50.9,75.6,76.6,516392.9,516392.9,1032785.7
110,Company_110,Healthcare,Middle East,2022,3017.2,18.2,12964.2,4.4,26.9,55.8,11.8,13.1,244118.7,244118.7,488237.4
133,Company_133,Consumer Goods,Europe,2021,829.6,3.6,526.4,-5.8,69.5,32.1,84.6,91.7,161792.1,202240.1,808960.5
107,Company_107,Finance,Asia,2024,14828.8,22.2,40839.0,-0.1,62.0,100.0,60.4,25.7,148287.9,74144.0,370719.8
869,Company_869,Healthcare,Africa,2021,666.5,29.9,4319.7,4.5,37.8,60.2,18.2,35.0,51875.1,51875.1,103750.3
209,Company_209,Consumer Goods,North America,2015,1042.7,1.4,291.7,,54.7,49.1,28.8,86.3,178574.6,223218.2,892872.8
148,Company_148,Healthcare,Middle East,2024,17016.9,-11.3,20766.4,1.9,46.7,49.5,64.1,26.4,1452834.4,1452834.4,2905668.8
109,Company_109,Energy,Africa,2022,5877.0,-9.2,16300.0,8.0,56.0,55.2,53.3,59.5,4780169.9,1434051.0,47801699.4
995,Company_995,Healthcare,Latin America,2025,2805.6,9.3,4865.8,17.4,63.8,100.0,39.6,51.7,140279.2,140279.2,280558.5
948,Company_948,Retail,Africa,2016,842.6,3.6,471.3,-4.2,26.4,50.8,24.8,3.5,71157.9,35578.9,142315.7
612,Company_612,Utilities,Oceania,2019,612.7,2.8,249.9,4.4,62.9,37.6,68.1,82.9,459144.5,286965.3,4591444.6
586,Company_586,Transportation,Africa,2016,682.8,6.1,355.5,-14.0,36.7,54.0,29.3,26.9,336791.7,56131.9,1122638.9
125,Company_125,Finance,Middle East,2020,3908.3,5.4,3888.1,13.5,40.5,97.6,24.1,0.0,40422.3,20211.1,101055.7
470,Company_470,Technology,North America,2015,2560.2,24.6,10175.5,,64.1,67.8,56.7,67.9,92864.9,55718.9,185729.7
561,Company_561,Healthcare,Africa,2017,1618.5,25.2,9108.8,8.9,35.6,67.3,8.0,31.4,117982.0,117982.0,235964.0
27,Company_27,Healthcare,Europe,2017,1845.7,13.7,3020.7,19.1,61.5,98.5,45.0,41.1,94256.1,94256.1,188512.2
152,Company_152,Technology,Latin America,2016,28121.2,30.5,130208.7,5.1,61.2,90.5,65.7,27.5,796835.7,478101.4,1593671.3
664,Company_664,Finance,Latin America,2015,8022.3,12.3,12764.0,,65.3,92.4,70.7,32.6,88767.8,44383.9,221919.6
899,Company_899,Manufacturing,Asia,2017,2044.1,10.2,2838.0,3.5,48.5,28.9,45.0,71.8,611941.8,815922.3,10199029.3
528,Company_528,Utilities,Oceania,2020,667.0,1.4,135.1,1.3,59.8,48.4,61.6,69.4,459623.2,287264.5,4596232.2
812,Company_812,Manufacturing,North America,2019,562.9,3.6,373.7,-7.9,39.4,4.6,39.6,74.0,197276.3,263035.1,3287939.0
847,Company_847,Finance,Oceania,2015,3892.6,19.1,12361.9,,65.3,99.4,65.3,31.1,39249.9,19625.0,98124.8
640,Company_640,Finance,Africa,2023,20857.1,12.5,32349.0,-2.5,59.6,89.1,74.8,15.0,240388.7,120194.4,600971.8
36,Company_36,Healthcare,Europe,2018,1863.5,21.6,7150.3,9.9,75.5,36.2,97.9,92.5,176408.2,176408.2,352816.5
77,Company_77,Utilities,Africa,2015,401.5,11.0,509.5,,63.5,72.9,55.6,61.9,221464.9,138415.5,2214648.8
279,Company_279,Consumer Goods,Africa,2025,2146.8,1.5,524.5,6.4,44.5,63.9,44.2,25.4,323243.9,404054.8,1616219.3
277,Company_277,Transportation,Middle East,2017,454.9,5.4,446.5,-3.9,38.1,69.6,39.6,5.2,194522.5,32420.4,648408.2
697,Company_697,Healthcare,North America,2021,1959.3,9.1,1890.6,-4.1,60.9,59.4,61.6,61.7,153690.8,153690.8,307381.6
598,Company_598,Utilities,North America,2017,1146.5,10.5,1613.7,3.8,45.4,13.9,47.7,74.7,1011585.9,632241.2,10115858.7
580,Company_580,Technology,Latin America,2015,1284.8,9.4,3062.2,,66.3,97.3,63.2,38.4,33354.6,20012.7,66709.2
201,Company_201,Utilities,Europe,2025,2181.4,9.5,3021.2,2.3,74.7,28.9,95.1,100.0,1741097.5,1088185.9,17410974.7
997,Company_997,Utilities,Africa,2015,537.0,15.7,716.1,,61.2,44.9,82.4,56.4,380375.4,237734.6,3803753.9
134,Company_134,Healthcare,Asia,2024,9866.4,13.8,21461.4,12.5,69.5,81.3,58.4,68.8,622130.8,622130.8,1244261.5
446,Company_446,Manufacturing,Oceania,2016,1758.3,14.4,4820.8,11.2,51.8,59.4,57.9,38.0,413612.0,551482.7,6893534.1
102,Company_102,Retail,Africa,2016,860.2,6.0,874.4,-2.5,52.2,26.3,79.5,50.8,87414.0,43707.0,174828.0
600,Company_600,Technology,Africa,2016,4169.2,15.7,22631.6,15.9,54.3,85.0,72.7,5.0,126124.5,75674.7,252248.9
555,Company_555,Energy,Africa,2019,2402.2,16.4,5336.4,12.0,31.2,15.1,35.5,43.0,2629395.8,788818.7,26293957.9
398,Company_398,Finance,Latin America,2022,1551.7,10.1,1542.5,15.4,69.5,100.0,99.3,9.3,15517.3,7758.7,38793.3
218,Company_218,Utilities,Middle East,2017,954.1,9.8,826.7,5.7,41.5,52.9,32.8,39.0,633452.9,395908.1,6334529.0
25,Company_25,Utilities,Middle East,2018,663.4,7.1,536.6,-3.9,39.4,14.4,67.8,36.2,583275.3,364547.1,5832753.5
321,Company_321,Energy,Africa,2021,2946.8,4.6,1762.3,17.3,58.2,68.1,74.7,31.8,2131766.6,639530.0,21317665.5
347,Company_347,Technology,Asia,2022,56664.9,23.9,392747.4,20.1,45.8,83.5,33.8,20.2,1744487.4,1046692.4,3488974.8
547,Company_547,Energy,Latin America,2023,1324.3,21.5,3208.8,-9.7,57.9,85.4,40.7,47.5,797734.4,239320.3,7977344.3
670,Company_670,Technology,Middle East,2016,25523.0,23.1,131714.2,-9.3,39.0,77.1,11.0,28.8,842617.3,505570.4,1685234.7
919,Company_919,Consumer Goods,Europe,2020,6140.0,2.1,3167.9,16.5,79.7,52.7,97.4,89.0,1020455.4,1275569.2,5102276.8
349,Company_349,Utilities,Europe,2021,1724.3,-3.8,1745.3,5.9,62.6,51.3,85.8,50.8,1160132.6,725082.9,11601326.2
461,Company_461,Technology,Oceania,2016,1221.2,23.0,4901.9,4.6,76.6,79.9,95.1,54.9,39126.4,23475.8,78252.8
503,Company_503,Manufacturing,North America,2015,2648.5,19.3,7077.4,,50.8,5.6,80.6,66.1,922106.2,1229475.0,15368437.5
406,Company_406,Utilities,Asia,2024,427.0,12.3,645.8,4.9,52.5,73.2,44.8,39.5,234920.2,146825.1,2349201.8
388,Company_388,Manufacturing,Middle East,2020,726.0,8.9,1317.1,4.8,48.0,63.8,32.7,47.5,164078.2,218770.9,2734635.9
38,Company_38,Energy,Africa,2024,1025.5,1.8,308.0,10.0,41.2,38.9,53.8,30.9,951652.2,285495.7,9516522.0
953,Company_953,Technology,Latin America,2016,2458.8,17.2,11095.7,21.2,35.8,59.3,24.8,23.5,96536.6,57922.0,193073.2
283,Company_283,Retail,Asia,2018,969.4,5.3,595.0,-6.7,71.8,59.0,71.9,84.5,76259.3,38129.7,152518.6
754,Company_754,Transportation,Asia,2017,1119.6,5.6,616.9,4.2,46.9,47.0,46.5,47.3,584995.7,97499.3,1949985.8
163,Company_163,Energy,Asia,2016,2022.4,-4.5,1016.2,-3.7,46.7,21.0,39.4,79.5,2129005.0,638701.5,21290050.3
358,Company_358,Utilities,Middle East,2021,1763.4,8.5,1915.2,-1.7,47.5,37.4,27.2,77.8,1323612.5,827257.8,13236124.8
480,Company_480,Retail,Middle East,2017,520.3,4.6,513.6,-2.7,27.1,16.1,21.6,43.5,56579.9,28289.9,113159.7
736,Company_736,Finance,Europe,2022,1682.1,13.1,2975.8,0.8,64.8,80.6,62.0,51.9,21383.8,10691.9,53459.5
212,Company_212,Consumer Goods,Asia,2022,1028.3,7.9,1146.0,0.1,52.5,49.0,29.4,79.1,176266.9,220333.7,881334.6
515,Company_515,Finance,Africa,2018,6383.8,12.0,12925.7,16.5,43.9,92.4,18.3,21.1,70594.2,35297.1,176485.5
428,Company_428,Manufacturing,Oceania,2025,6717.6,-16.8,25218.4,9.7,70.5,83.9,89.3,38.2,1234747.0,1646329.4,20579117.3
759,Company_759,Energy,Oceania,2022,114683.1,-4.2,107708.0,28.2,59.8,26.7,70.6,82.3,116218891.1,34865667.3,1162188911.1
481,Company_481,Transportation,Middle East,2023,638.2,5.6,383.9,-1.3,20.1,23.9,13.2,23.2,395508.7,65918.1,1318362.2
257,Company_257,Finance,Latin America,2015,1630.0,14.8,4589.6,,56.9,95.3,36.4,39.2,17383.8,8691.9,43459.5
1,Company_1,Retail,Latin America,2023,636.7,5.3,373.9,7.3,57.8,68.3,27.0,78.1,45956.3,22978.2,91912.6
662,Company_662,Finance,Middle East,2020,18114.3,-0.3,65397.3,11.9,59.4,97.3,25.7,55.3,187970.5,93985.2,469926.2
43,Company_43,Transportation,Europe,2021,352.3,-2.1,601.2,2.1,43.2,31.3,76.9,21.5,207386.6,34564.4,691288.8
795,Company_795,Technology,Europe,2025,48165.3,9.3,70102.2,7.4,78.5,98.6,59.2,77.8,1228201.5,736920.9,2456403.0
962,Company_962,Finance,Middle East,2025,2918.7,16.0,8881.7,8.7,53.0,93.1,31.7,34.1,31988.0,15994.0,79970.0
244,Company_244,Energy,Europe,2022,12836.3,-11.2,21596.3,4.2,62.6,43.5,78.9,65.5,11495054.0,3448516.2,114950539.9
884,Company_884,Consumer Goods,North America,2019,4002.8,9.5,5721.4,2.7,68.6,56.8,78.5,70.4,642640.8,803301.0,3213203.8
84,Company_84,Consumer Goods,Middle East,2023,3258.5,10.7,7645.1,8.0,15.5,37.5,0.0,8.9,610901.9,763627.3,3054509.4
175,Company_175,Finance,Latin America,2024,10281.9,3.9,3345.6,16.4,60.5,100.0,18.1,63.6,102818.8,51409.4,257046.9
764,Company_764,Energy,Africa,2019,14189.8,0.2,210.3,21.5,63.2,47.2,49.0,93.2,12340141.5,3702042.5,123401415.4
443,Company_443,Consumer Goods,Oceania,2025,969.5,23.8,5701.5,-9.8,54.0,24.6,82.4,54.9,199330.9,249163.6,996654.5
267,Company_267,Retail,North America,2024,2064.4,10.8,3234.3,8.5,52.8,19.6,50.5,88.3,219384.7,109692.4,438769.4
337,Company_337,Finance,Africa,2023,4870.9,24.7,18137.2,7.9,71.8,98.9,72.7,43.8,49484.6,24742.3,123711.4
519,Company_519,Retail,Middle East,2023,2004.8,4.1,863.9,18.4,51.4,72.9,57.8,23.5,138301.5,69150.8,276603.0
780,Company_780,Transportation,Africa,2022,501.1,20.1,1699.1,-2.0,32.3,35.7,35.6,25.6,285781.1,47630.2,952603.6
721,Company_721,Manufacturing,Asia,2023,773.4,18.4,2766.5,14.4,63.0,75.0,65.7,48.2,156553.6,208738.2,2609227.0
449,Company_449,Manufacturing,Oceania,2016,1150.4,9.2,1415.0,6.8,64.7,48.9,77.1,68.0,296093.9,394791.8,4934897.7
362,Company_362,Technology,Africa,2023,3917.8,20.6,16423.2,8.1,41.1,100.0,8.4,14.9,97945.6,58767.4,195891.2
582,Company_582,Healthcare,Oceania,2017,2191.0,12.0,5207.3,-2.0,76.2,83.7,58.8,85.9,134512.3,134512.3,269024.7
178,Company_178,Transportation,Latin America,2018,2506.6,9.8,3890.2,12.8,25.8,28.2,9.6,39.6,1507703.6,251283.9,5025678.5
483,Company_483,Transportation,Asia,2015,566.3,2.4,218.2,,24.4,33.3,4.5,35.4,328500.2,54750.0,1095000.7
676,Company_676,Transportation,Middle East,2018,884.3,-3.2,4124.3,-1.4,32.1,25.7,51.8,18.8,541399.1,90233.2,1804663.7
335,Company_335,Utilities,Latin America,2025,352.5,7.4,261.5,-5.2,78.4,99.3,98.8,37.2,142384.4,88990.3,1423844.1
89,Company_89,Utilities,Europe,2017,1310.7,15.1,2507.8,-5.0,31.4,32.7,50.4,11.2,1018579.1,636611.9,10185790.8
73,Company_73,Transportation,Asia,2017,1122.7,4.8,761.8,4.0,53.3,20.0,72.7,67.3,714045.6,119007.6,2380152.1
67,Company_67,Manufacturing,Middle East,2019,496.6,9.0,684.4,-6.2,48.7,39.4,39.9,67.0,137741.4,183655.2,2295690.3
670,Company_670,Technology,Middle East,2020,27888.0,25.2,191534.9,-1.1,38.6,77.7,9.0,29.0,915187.8,549112.7,1830375.6
224,Company_224,Manufacturing,Europe,2017,1382.0,11.2,1343.8,-5.3,40.6,7.3,69.9,44.5,476488.5,635318.1,7941475.7
520,Company_520,Manufacturing,Latin America,2024,2358.6,21.5,10185.9,6.1,52.8,46.7,52.4,59.5,617892.5,823856.6,10298208.1
916,Company_916,Manufacturing,Oceania,2022,1447.0,14.3,3077.8,-3.7,72.2,35.5,95.7,85.3,413173.8,550898.4,6886229.9
463,Company_463,Technology,Latin America,2025,144823.6,17.6,635311.9,16.9,78.0,90.7,97.5,45.8,4093549.1,2456129.5,8187098.2
268,Company_268,Technology,Europe,2021,4380.3,10.0,7000.5,18.1,74.7,74.7,95.0,54.5,148329.3,88997.6,296658.7
495,Company_495,Consumer Goods,Latin America,2022,1135.8,12.8,2065.5,0.1,45.6,43.2,62.0,31.5,203867.9,254834.9,1019339.6
604,Company_604,Retail,Latin America,2019,807.7,16.1,2486.8,11.2,55.4,52.6,33.2,80.5,67189.5,33594.8,134379.1
203,Company_203,Energy,Oceania,2025,3137.3,12.1,5634.6,3.0,59.6,43.7,92.3,42.9,2804089.0,841226.7,28040890.2
335,Company_335,Utilities,Latin America,2021,341.6,10.5,502.7,0.1,76.6,100.0,93.2,36.7,136653.3,85408.3,1366533.1
750,Company_750,Finance,Africa,2020,6676.5,23.1,22987.9,-8.9,73.6,82.2,74.6,64.0,83443.1,41721.6,208607.9
977,Company_977,Energy,Oceania,2015,7840.6,15.7,16922.8,,57.5,16.3,84.9,71.3,8512583.8,2553775.1,85125837.8
644,Company_644,Transportation,Africa,2015,1143.2,6.0,926.0,,28.6,17.7,50.0,18.2,738124.4,123020.7,2460414.6
65,Company_65,Transportation,Europe,2015,817.4,4.4,695.8,,61.8,25.8,91.4,68.3,500066.9,83344.5,1666889.8
892,Company_892,Transportation,Latin America,2019,890.6,3.4,372.3,-0.6,34.3,21.8,59.6,21.6,559805.4,93300.9,1866018.0
298,Company_298,Utilities,Middle East,2020,1533.1,9.3,1697.8,-1.0,34.3,34.9,52.9,15.1,1172455.3,732784.6,11724553.2
867,Company_867,Retail,Oceania,2023,409.9,8.5,397.1,-9.4,47.9,46.5,42.6,54.5,35828.6,17914.3,71657.2
23,Company_23,Healthcare,Asia,2018,1021.4,18.5,4475.3,-1.0,56.6,53.8,48.6,67.4,84098.3,84098.3,168196.7
525,Company_525,Utilities,North America,2019,594.7,8.6,752.4,3.7,50.5,54.4,36.9,60.2,389866.0,243666.3,3898660.2
505,Company_505,Transportation,North America,2022,272.3,17.4,658.4,-5.4,66.9,28.1,83.0,89.6,163926.2,27321.0,546420.6
99,Company_99,Healthcare,Asia,2015,4125.2,13.9,9017.5,,58.8,32.3,76.9,67.2,401621.5,401621.5,803242.9
889,Company_889,Healthcare,Middle East,2021,2708.1,7.5,3512.6,8.8,30.4,39.7,16.1,35.4,249758.3,249758.3,499516.5
872,Company_872,Consumer Goods,Latin America,2023,1878.5,13.5,5213.1,7.7,48.2,85.5,26.2,32.9,226042.4,282553.0,1130211.9
523,Company_523,Consumer Goods,North America,2016,946.7,11.5,1886.5,-2.4,42.3,29.2,44.8,52.7,188530.5,235663.1,942652.4
439,Company_439,Utilities,North America,2022,853.2,9.0,623.9,1.0,82.9,74.3,77.7,96.8,463897.5,289935.9,4638975.2
137,Company_137,Manufacturing,Oceania,2017,1139.6,6.6,1389.8,-0.5,42.0,14.6,29.9,81.6,375393.2,500524.2,6256552.5
695,Company_695,Manufacturing,Latin America,2020,867.7,7.7,812.7,16.6,57.4,59.7,58.6,53.8,203515.4,271353.9,3391923.6
766,Company_766,Finance,Asia,2019,2882.6,14.1,4624.6,3.9,67.4,98.1,61.7,42.5,29575.5,14787.7,73938.7
971,Company_971,Healthcare,Africa,2023,1976.6,18.3,8794.3,7.6,54.8,97.1,40.7,26.6,102823.1,102823.1,205646.2
247,Company_247,Consumer Goods,Asia,2018,943.8,3.4,638.8,-17.7,46.3,43.1,55.4,40.3,169561.6,211952.0,847808.1
733,Company_733,Utilities,Latin America,2017,1202.8,7.1,1040.1,9.3,71.2,41.4,93.0,79.1,875729.1,547330.7,8757290.7
102,Company_102,Retail,Africa,2015,881.8,5.3,976.3,,51.2,24.8,75.4,53.6,90521.3,45260.7,181042.6
945,Company_945,Finance,Europe,2016,1585.7,9.5,1261.0,1.8,67.2,59.4,90.8,51.2,24860.0,12430.0,62150.0
345,Company_345,Consumer Goods,Oceania,2018,679.2,9.7,695.2,4.5,82.1,73.2,92.1,80.9,93419.1,116773.9,467095.5
986,Company_986,Retail,Latin America,2019,3006.7,-1.2,9259.0,9.2,24.0,28.1,23.8,20.2,301560.6,150780.3,603121.2
590,Company_590,Manufacturing,North America,2016,2349.5,14.9,3242.8,7.9,51.9,39.3,46.6,69.7,651724.1,868965.5,10862068.7
138,Company_138,Energy,Latin America,2019,9367.5,2.0,3342.2,-18.5,45.2,48.0,62.6,25.0,8096016.4,2428804.9,80960163.6
23,Company_23,Healthcare,Asia,2021,1085.5,22.9,4045.7,4.1,57.2,54.5,47.7,69.3,88851.5,88851.5,177703.0
704,Company_704,Utilities,Europe,2023,656.7,11.1,623.3,13.2,78.4,50.4,100.0,84.9,445182.4,278239.0,4451824.4
935,Company_935,Consumer Goods,Oceania,2025,1832.8,11.6,3870.8,10.2,69.4,91.5,92.1,24.6,205127.4,256409.3,1025637.2
6,Company_6,Transportation,Oceania,2023,3009.5,-9.8,4910.0,9.5,71.7,68.1,75.7,71.2,1305812.3,217635.4,4352707.7
735,Company_735,Finance,Middle East,2018,3405.2,19.6,7824.0,-2.3,49.2,100.0,18.8,28.9,34052.1,17026.1,85130.4
301,Company_301,Finance,Middle East,2020,1640.0,9.9,1760.7,10.4,51.3,100.0,31.8,22.1,16400.0,8200.0,40999.9
567,Company_567,Healthcare,Oceania,2015,637.0,13.9,1914.2,,75.0,83.0,64.5,77.5,39441.0,39441.0,78882.0
642,Company_642,Retail,Europe,2024,1814.8,6.7,2641.6,-4.3,65.0,78.8,52.8,63.4,117693.2,58846.6,235386.5
136,Company_136,Manufacturing,Latin America,2016,484.7,10.2,851.7,7.3,48.6,52.4,41.7,51.6,121154.4,161539.2,2019240.5
640,Company_640,Finance,Africa,2022,21386.9,12.5,38647.2,5.5,59.4,90.2,75.9,12.0,243304.8,121652.4,608262.0
760,Company_760,Manufacturing,Europe,2017,2342.4,-1.3,8908.6,-7.2,74.6,56.9,97.1,69.9,563479.0,751305.3,9391316.1
309,Company_309,Transportation,North America,2023,3477.7,1.1,609.8,10.1,59.1,47.0,58.1,72.2,1817852.1,302975.3,6059506.9
711,Company_711,Consumer Goods,Africa,2016,3829.0,13.4,9143.2,1.9,45.5,30.3,51.1,55.0,756280.5,945350.6,3781402.3
527,Company_527,Retail,Asia,2021,1070.9,9.8,2068.2,-1.6,33.4,27.8,54.6,17.9,107702.1,53851.0,215404.2
124,Company_124,Manufacturing,Africa,2017,1178.3,3.7,822.0,14.9,36.3,51.0,36.2,21.6,298046.3,397395.1,4967438.5
336,Company_336,Retail,North America,2018,2490.5,10.9,5596.3,4.1,58.6,52.9,51.7,71.1,206717.9,103358.9,413435.7
310,Company_310,Energy,Africa,2019,2060.1,19.2,7904.5,12.9,47.8,71.0,43.9,28.4,1448407.4,434522.2,14484073.9
389,Company_389,Energy,Middle East,2024,6289.9,7.0,4432.5,1.7,32.6,28.9,24.3,44.6,6276660.6,1882998.2,62766605.6
121,Company_121,Retail,Oceania,2025,763.9,0.1,17.5,1.8,55.9,42.3,88.8,36.8,69071.1,34535.6,138142.2
221,Company_221,Healthcare,Middle East,2020,4269.7,16.0,9997.6,-1.4,40.8,92.7,26.2,3.5,235453.8,235453.8,470907.6
92,Company_92,Healthcare,Asia,2016,3113.9,17.1,8279.1,-5.3,31.6,53.9,16.9,24.2,256282.7,256282.7,512565.3
737,Company_737,Technology,Asia,2020,2805.9,28.1,20190.7,8.9,33.5,50.6,36.2,13.6,118631.1,71178.6,237262.1
791,Company_791,Retail,Europe,2024,1951.8,10.6,3656.2,-9.2,49.1,2.2,51.6,93.4,231243.2,115621.6,462486.4
218,Company_218,Utilities,Middle East,2019,950.9,6.5,539.4,1.3,41.5,55.0,35.1,34.4,620023.3,387514.6,6200233.3
851,Company_851,Energy,Oceania,2025,536.2,12.5,572.3,-8.3,79.8,83.5,56.9,99.1,330122.9,99036.9,3301229.3
99,Company_99,Healthcare,Asia,2019,6399.4,0.8,1003.3,14.7,61.1,38.2,74.5,70.6,596625.0,596625.0,1193249.9
344,Company_344,Technology,Africa,2015,2844.8,22.7,13275.5,,48.4,76.4,57.6,11.2,94586.9,56752.2,189173.9
946,Company_946,Healthcare,Oceania,2018,2045.2,10.1,3119.1,9.1,70.5,67.4,70.5,73.6,148966.1,148966.1,297932.1
95,Company_95,Retail,North America,2020,1121.3,10.4,2287.0,9.7,73.9,68.2,53.6,100.0,81038.6,40519.3,162077.3
463,Company_463,Technology,Latin America,2023,120210.2,21.6,485151.6,-2.1,76.7,90.3,96.2,43.5,3414305.9,2048583.6,6828611.9
983,Company_983,Retail,Oceania,2025,624.9,9.0,903.6,10.8,68.5,75.6,49.1,80.8,41897.7,20948.9,83795.5
94,Company_94,Utilities,North America,2018,332.7,8.8,332.4,4.0,55.4,44.2,56.8,65.2,237105.5,148190.9,2371054.8
24,Company_24,Technology,Middle East,2025,16884.5,32.2,108912.3,1.5,56.7,91.0,28.2,51.0,475072.2,285043.3,950144.4
359,Company_359,Consumer Goods,Latin America,2019,1077.2,12.4,1376.4,5.9,29.4,14.5,56.1,17.8,236686.9,295858.7,1183434.7
114,Company_114,Energy,North America,2019,2343.0,-9.9,6132.3,2.2,74.3,78.9,67.4,76.6,1517626.8,455288.0,15176268.0
957,Company_957,Technology,Latin America,2021,1204.9,17.0,5326.1,28.0,51.6,82.4,45.5,26.9,37530.2,22518.1,75060.5
686,Company_686,Transportation,Middle East,2019,448.5,-0.4,596.1,-10.7,26.6,25.7,40.1,13.9,274445.8,45741.0,914819.4
60,Company_60,Manufacturing,Middle East,2021,1045.1,16.3,3321.0,-11.1,30.3,49.0,39.2,2.9,268771.6,358362.1,4479526.4
57,Company_57,Utilities,Middle East,2022,975.2,-4.6,514.7,3.0,30.0,39.5,17.8,32.7,720654.4,450409.0,7206544.0
995,Company_995,Healthcare,Latin America,2024,2390.3,8.2,4801.1,6.8,64.0,100.0,40.3,51.8,119515.8,119515.8,239031.5
570,Company_570,Energy,Latin America,2016,738.6,13.7,1218.7,-16.8,42.3,30.1,70.5,26.2,730806.0,219241.8,7308060.2
626,Company_626,Healthcare,Europe,2015,3514.5,15.0,7413.8,,68.2,49.5,73.9,81.2,299926.5,299926.5,599853.0
483,Company_483,Transportation,Asia,2019,648.8,-3.7,2526.4,-7.3,27.3,38.2,8.0,35.8,362969.6,60494.9,1209898.5
218,Company_218,Utilities,Middle East,2016,902.5,11.1,937.5,-9.4,41.6,54.3,29.7,40.8,591853.5,369908.4,5918535.0
235,Company_235,Healthcare,Middle East,2023,661.0,13.1,2096.5,-11.6,32.8,71.2,27.1,0.2,46383.2,46383.2,92766.5
529,Company_529,Finance,Asia,2023,20659.7,16.6,65291.4,-1.6,53.9,100.0,41.8,19.8,206596.5,103298.3,516491.3
560,Company_560,Technology,Latin America,2022,4499.4,18.0,13692.0,8.1,57.3,88.1,63.6,20.1,131298.0,78778.8,262596.1
163,Company_163,Energy,Asia,2024,2017.0,-4.2,1309.3,6.9,55.5,26.2,49.4,91.0,2050124.8,615037.4,20501247.9
428,Company_428,Manufacturing,Oceania,2018,3994.1,2.0,1634.4,0.5,68.3,73.4,90.0,41.5,822024.5,1096032.7,13700408.5
107,Company_107,Finance,Asia,2015,9026.6,16.0,27717.6,,60.4,97.4,54.2,29.8,93575.5,46787.8,233938.8
101,Company_101,Energy,Oceania,2022,3562.6,-14.3,14818.2,-3.1,65.8,52.9,90.3,54.3,2955162.7,886548.8,29551626.9
938,Company_938,Consumer Goods,North America,2022,1612.7,17.4,5779.5,6.1,68.0,44.4,88.9,70.6,286828.3,358535.4,1434141.4
753,Company_753,Healthcare,Europe,2016,1375.7,22.1,3987.0,6.1,76.9,62.8,74.7,93.2,104632.3,104632.3,209264.5
891,Company_891,Manufacturing,North America,2025,30093.5,8.2,52872.6,20.6,60.9,35.8,68.5,78.2,8568674.4,11424899.2,142811240.4
638,Company_638,Healthcare,Oceania,2021,6421.3,19.1,18167.3,9.5,72.0,77.4,50.1,88.6,422470.9,422470.9,844941.8
473,Company_473,Retail,Asia,2019,616.1,7.6,834.3,-3.1,60.7,81.6,66.2,34.3,38726.6,19363.3,77453.2
990,Company_990,Consumer Goods,Asia,2023,3092.3,12.2,6371.6,-12.0,39.3,46.4,31.1,40.5,541199.7,676499.7,2705998.6
53,Company_53,Utilities,North America,2020,809.3,5.5,590.9,0.1,73.5,34.9,100.0,85.5,618659.2,386662.0,6186591.6
509,Company_509,Technology,Europe,2022,19477.3,14.3,60654.6,6.7,67.6,100.0,74.0,28.8,486931.8,292159.1,973863.6
794,Company_794,Technology,North America,2016,8278.7,19.7,28142.4,5.7,68.7,79.0,63.1,64.0,267925.1,160755.1,535850.2
418,Company_418,Manufacturing,Oceania,2015,992.8,12.4,2390.4,,61.8,33.2,85.7,66.3,288101.2,384135.0,4801687.1
598,Company_598,Utilities,North America,2019,1270.1,13.5,1431.8,14.1,47.6,20.9,47.0,74.8,1070513.3,669070.8,10705133.1
825,Company_825,Utilities,Middle East,2017,827.6,5.1,442.5,6.4,61.7,66.0,56.0,63.2,488768.0,305480.0,4887680.5
975,Company_975,Consumer Goods,Oceania,2016,1269.0,11.6,2165.6,12.3,71.2,54.3,65.7,93.6,208060.9,260076.1,1040304.3
805,Company_805,Healthcare,Middle East,2019,907.4,-0.5,3920.5,17.1,55.1,86.9,42.5,36.0,53663.9,53663.9,107327.8
277,Company_277,Transportation,Middle East,2016,473.4,8.7,694.8,5.0,37.5,68.2,39.5,4.7,205170.2,34195.0,683900.7
795,Company_795,Technology,Europe,2020,39210.6,9.0,94036.8,4.6,78.9,99.5,64.4,72.8,986656.0,591993.6,1973312.0
483,Company_483,Transportation,Asia,2016,615.8,-0.6,2957.8,8.7,24.3,38.1,4.9,30.0,344941.0,57490.2,1149803.5
710,Company_710,Manufacturing,Middle East,2024,3457.8,10.2,5645.5,-9.7,32.0,44.2,36.0,15.8,923907.5,1231876.6,15398457.7
178,Company_178,Transportation,Latin America,2022,4242.0,7.9,4487.3,22.2,26.3,26.4,13.1,39.3,2583781.6,430630.3,8612605.2
38,Company_38,Energy,Africa,2017,634.6,25.0,2446.0,5.2,37.2,34.5,49.8,27.2,608066.8,182420.0,6080667.6
787,Company_787,Utilities,North America,2019,1070.7,7.0,965.4,2.0,42.6,46.2,68.5,13.0,750998.9,469374.3,7509988.8
516,Company_516,Utilities,North America,2024,278.6,13.3,380.7,-6.3,36.6,27.8,15.9,66.3,224184.0,140115.0,2241839.9
7,Company_7,Healthcare,Oceania,2025,6444.2,0.1,38.0,5.9,58.4,87.6,41.6,46.1,378090.2,378090.2,756180.5
349,Company_349,Utilities,Europe,2020,1628.5,-3.6,7623.1,7.8,60.5,51.9,84.5,45.1,1089717.9,681073.7,10897179.0
473,Company_473,Retail,Asia,2016,654.2,6.7,658.7,-1.7,54.9,70.9,64.1,29.7,46024.6,23012.3,92049.2
683,Company_683,Manufacturing,Asia,2023,1165.3,6.2,1041.2,4.8,30.8,34.7,38.0,19.8,334701.5,446268.6,5578358.1
897,Company_897,Utilities,Oceania,2015,586.1,7.3,523.7,,74.9,69.3,83.5,71.8,335224.3,209515.2,3352242.6
609,Company_609,Manufacturing,Latin America,2018,4485.3,6.4,5840.1,3.1,40.9,31.3,76.6,14.7,1320064.4,1760085.8,22001072.6
581,Company_581,Energy,Oceania,2021,4889.4,-3.5,11916.0,30.6,60.6,25.7,84.0,72.0,4987892.5,1496367.8,49878925.5
850,Company_850,Healthcare,Latin America,2016,1934.6,18.3,7053.6,17.6,56.8,74.0,67.7,28.8,132000.6,132000.6,264001.2
398,Company_398,Finance,Latin America,2023,1566.5,9.7,2884.0,1.0,68.9,100.0,100.0,6.6,15665.0,7832.5,39162.4
882,Company_882,Energy,Europe,2021,8175.8,-6.8,23960.4,14.1,76.2,82.3,86.6,59.6,5098507.0,1529552.1,50985070.3
386,Company_386,Utilities,Asia,2018,2431.9,7.5,2538.9,23.2,56.6,58.4,68.1,43.3,1538923.4,961827.1,15389234.0
226,Company_226,Healthcare,Middle East,2024,2819.5,29.4,15592.1,1.4,30.0,68.7,4.7,16.5,202745.1,202745.1,405490.2
349,Company_349,Utilities,Europe,2024,1622.5,-3.9,1273.1,-16.3,66.1,55.1,91.4,51.6,1056641.8,660401.2,10566418.5
157,Company_157,Consumer Goods,Europe,2017,4872.4,17.4,9839.1,8.7,88.1,85.5,91.4,87.4,586332.3,732915.4,2931661.5
9,Company_9,Technology,North America,2020,3584.9,10.1,10662.5,11.7,63.1,39.7,84.7,64.9,165277.3,99166.4,330554.5
282,Company_282,Transportation,Latin America,2024,2034.1,8.2,2884.2,6.8,52.3,48.8,35.2,73.0,1047880.6,174646.8,3492935.2
626,Company_626,Healthcare,Europe,2019,4835.8,12.7,9500.9,7.9,70.7,49.1,80.4,82.6,413927.6,413927.6,827855.1
63,Company_63,Consumer Goods,Europe,2016,845.2,16.6,1900.9,-1.0,66.2,43.1,71.1,84.4,151808.9,189761.1,759044.5
345,Company_345,Consumer Goods,Oceania,2015,678.2,8.5,1172.9,,79.4,66.5,94.1,77.4,99645.1,124556.4,498225.5
59,Company_59,Utilities,Africa,2024,650.2,14.6,826.2,-8.0,37.2,35.1,39.0,37.5,496492.3,310307.7,4964923.3
278,Company_278,Utilities,Europe,2021,2027.6,8.6,1845.6,15.9,43.9,12.3,54.5,65.0,1807047.7,1129404.8,18070476.8
65,Company_65,Transportation,Europe,2025,814.4,-4.4,1099.8,1.3,68.9,42.0,91.4,73.2,442830.5,73805.1,1476101.7
666,Company_666,Finance,Middle East,2016,6261.1,13.1,11692.6,10.5,34.9,68.8,33.9,2.0,89976.5,44988.3,224941.3
98,Company_98,Energy,North America,2024,20599.5,7.6,23344.7,16.8,47.3,21.4,55.6,64.8,21635018.9,6490505.7,216350188.6
27,Company_27,Healthcare,Europe,2019,2367.2,11.4,3867.1,15.4,63.4,100.0,47.2,42.9,118359.2,118359.2,236718.3
848,Company_848,Manufacturing,Asia,2022,425.8,9.1,670.4,-2.7,66.6,62.1,65.7,72.0,97776.3,130368.4,1629604.4
853,Company_853,Energy,North America,2015,801.3,14.2,1037.3,,52.2,4.9,67.0,84.9,934175.0,280252.5,9341750.1
558,Company_558,Finance,Middle East,2021,4002.3,3.3,2352.2,-0.6,53.8,52.0,50.1,59.2,66936.5,33468.2,167341.2
203,Company_203,Energy,Oceania,2020,4466.5,15.4,8684.3,-1.8,56.3,35.2,90.7,42.9,4259881.8,1277964.5,42598817.5
776,Company_776,Consumer Goods,Asia,2015,2070.7,10.7,5150.9,,39.7,31.3,76.5,11.3,406176.9,507721.1,2030884.4
815,Company_815,Technology,North America,2022,16463.9,14.8,45005.4,3.6,58.5,91.9,55.8,27.7,458181.5,274908.9,916363.0
578,Company_578,Transportation,Middle East,2019,1551.5,9.9,2449.9,11.4,63.4,63.7,55.0,71.4,701977.7,116996.3,2339925.7
679,Company_679,Retail,Latin America,2023,1077.7,5.6,901.0,14.5,42.0,33.2,33.0,59.8,104274.1,52137.1,208548.2
136,Company_136,Manufacturing,Latin America,2018,642.9,11.5,1180.1,13.1,49.5,51.0,42.2,55.2,162546.9,216729.2,2709115.4
801,Company_801,Finance,Africa,2024,10700.3,7.0,9139.6,16.9,50.6,100.0,8.3,43.6,107003.1,53501.6,267507.8
733,Company_733,Utilities,Latin America,2018,1204.3,8.2,1094.8,0.1,71.1,41.4,95.1,76.9,876718.9,547949.3,8767188.8
878,Company_878,Consumer Goods,Asia,2017,732.6,10.8,1497.1,4.0,25.3,9.8,34.8,31.2,165750.4,207188.0,828752.2
792,Company_792,Finance,Africa,2024,2385.3,18.5,5020.5,11.2,58.4,84.8,35.8,54.5,28922.5,14461.3,72306.3
857,Company_857,Retail,Europe,2023,3095.9,1.2,631.3,6.7,76.5,45.9,100.0,83.7,272078.2,136039.1,544156.5
224,Company_224,Manufacturing,Europe,2020,1601.9,14.0,2705.5,-0.6,45.1,10.7,75.4,49.1,540518.6,720691.5,9008643.4
504,Company_504,Retail,Europe,2019,2636.1,-3.4,13041.5,13.6,62.7,54.3,93.1,40.9,216205.8,108102.9,432411.5
468,Company_468,Utilities,Asia,2023,875.3,-1.0,611.5,4.5,54.9,40.9,36.9,87.0,639694.2,399808.9,6396942.1
296,Company_296,Utilities,Latin America,2017,565.7,8.3,480.1,3.6,51.4,49.5,70.0,34.9,386345.8,241466.1,3863457.8
820,Company_820,Energy,Europe,2021,1195.6,-2.6,2189.5,21.2,51.7,25.8,52.1,77.0,1219070.6,365721.2,12190706.3
571,Company_571,Retail,Middle East,2016,3787.7,-2.6,18929.8,-3.1,37.5,90.5,11.9,10.1,214495.3,107247.6,428990.6
343,Company_343,Finance,Asia,2025,13978.9,11.8,25453.5,2.2,68.2,100.0,37.8,66.9,139788.6,69894.3,349471.4
17,Company_17,Utilities,Oceania,2024,4012.2,15.7,5680.9,-1.3,67.4,64.7,86.8,50.8,2398691.0,1499181.9,23986910.4
446,Company_446,Manufacturing,Oceania,2019,2032.8,15.9,3511.4,-0.1,54.0,61.3,58.3,42.3,470190.3,626920.4,7836504.7
738,Company_738,Consumer Goods,Middle East,2017,604.5,13.7,1411.8,0.4,35.3,16.1,31.8,58.0,131453.8,164317.3,657269.1
712,Company_712,Healthcare,Asia,2025,4173.7,24.7,13086.8,11.8,61.5,66.9,49.3,68.2,305393.5,305393.5,610787.0
615,Company_615,Transportation,Europe,2021,922.2,-4.9,1983.7,1.3,78.2,53.0,85.1,96.5,458532.2,76422.0,1528440.7
518,Company_518,Utilities,Middle East,2025,345.2,3.9,170.4,1.4,57.0,88.7,47.8,34.6,160005.5,100003.5,1600055.3
955,Company_955,Transportation,Asia,2023,1028.7,-14.5,4597.1,1.5,65.7,63.1,65.1,69.0,468027.7,78004.6,1560092.2
2,Company_2,Retail,Asia,2023,3691.6,-0.7,2523.2,18.8,66.0,66.6,61.6,70.0,271015.1,135507.6,542030.3
118,Company_118,Retail,Asia,2025,1054.9,1.9,419.7,8.9,68.1,85.7,66.6,52.1,63309.1,31654.5,126618.1
913,Company_913,Transportation,Oceania,2022,1189.3,1.8,362.7,-5.4,61.2,41.8,95.9,46.1,647685.9,107947.7,2158953.0
415,Company_415,Energy,North America,2022,2330.1,1.5,501.1,10.2,47.5,34.4,79.5,28.5,2234926.2,670477.8,22349261.6
302,Company_302,Energy,Latin America,2018,2570.2,8.9,2555.2,8.3,12.5,16.7,19.2,1.6,2784000.2,835200.1,27840002.2
781,Company_781,Technology,Asia,2019,7788.2,27.4,43800.3,0.6,59.7,100.0,32.6,46.6,194703.8,116822.3,389407.6
321,Company_321,Energy,Africa,2023,3605.9,10.0,4785.9,11.7,59.6,72.8,74.9,31.1,2488729.7,746618.9,24887296.6
736,Company_736,Finance,Europe,2018,1712.8,10.3,1545.6,-3.3,62.2,77.3,60.7,48.7,22572.4,11286.2,56430.9
562,Company_562,Transportation,Africa,2024,414.5,19.9,1026.8,3.6,22.7,22.1,22.3,23.8,260025.1,43337.5,866750.5
713,Company_713,Energy,Oceania,2023,1879.0,-20.0,4001.2,-4.7,64.2,55.4,89.8,47.3,1525895.2,457768.5,15258951.6
852,Company_852,Energy,Latin America,2022,189.4,19.9,646.2,-18.8,32.1,24.6,41.1,30.7,194754.6,58426.4,1947546.2
290,Company_290,Transportation,Africa,2023,2685.5,13.0,3304.9,13.9,28.4,30.8,28.5,25.8,1586526.9,264421.2,5288423.1
487,Company_487,Technology,Europe,2018,10510.1,19.4,34330.7,7.4,70.9,89.4,69.4,54.1,301883.5,181130.1,603766.9
800,Company_800,Transportation,Asia,2016,1542.4,12.3,2899.7,6.6,39.1,4.7,69.9,42.6,1079947.2,179991.2,3599824.0
930,Company_930,Transportation,Africa,2023,455.1,-3.1,373.1,10.8,42.8,38.2,69.0,21.3,254673.0,42445.5,848910.0
35,Company_35,Healthcare,Middle East,2022,1375.3,11.1,3350.8,1.2,70.7,78.0,88.4,45.6,89926.6,89926.6,179853.3
316,Company_316,Healthcare,Africa,2015,8657.0,13.0,25582.7,,49.2,67.7,32.6,47.4,628483.0,628483.0,1256965.9
863,Company_863,Healthcare,Asia,2018,1375.7,17.0,4098.8,16.2,28.1,33.5,19.1,31.8,132854.9,132854.9,265709.9
392,Company_392,Consumer Goods,Latin America,2017,1821.3,10.0,4251.9,-9.8,22.3,18.6,18.8,29.3,389587.5,486984.4,1947937.7
164,Company_164,Retail,Oceania,2017,446.4,7.4,688.2,11.8,64.9,54.1,88.7,51.9,36664.2,18332.1,73328.4
882,Company_882,Energy,Europe,2024,11562.7,-3.9,42305.1,2.1,76.3,86.9,82.0,59.8,6840277.2,2052083.2,68402772.5
697,Company_697,Healthcare,North America,2022,2168.3,6.1,1564.1,10.7,60.1,56.9,61.1,62.4,173798.8,173798.8,347597.5
389,Company_389,Energy,Middle East,2020,8054.3,25.1,31289.3,-11.4,29.3,21.6,26.6,39.7,8445338.7,2533601.6,84453386.9
261,Company_261,Utilities,Asia,2023,794.0,8.7,622.6,0.1,56.2,46.3,78.5,43.8,556394.0,347746.3,5563940.1
1000,Company_1000,Consumer Goods,Latin America,2020,3405.5,19.5,8599.9,21.7,50.4,68.0,42.6,40.5,492885.5,616106.9,2464427.6
731,Company_731,Finance,Middle East,2022,5532.0,21.9,19372.6,11.3,78.5,100.0,41.4,94.1,55319.9,27660.0,138299.8
114,Company_114,Energy,North America,2025,754.7,0.3,43.2,-22.6,77.3,82.7,69.9,79.4,468707.4,140612.2,4687074.1
622,Company_622,Transportation,Latin America,2020,1629.2,8.1,1860.1,6.1,24.2,17.3,20.9,34.4,1054831.1,175805.2,3516103.8
299,Company_299,Consumer Goods,North America,2016,2185.1,9.6,3950.9,-5.3,49.7,42.9,59.9,46.3,393131.1,491413.8,1965655.3
204,Company_204,Retail,Middle East,2021,655.3,11.9,1863.0,9.8,22.7,12.0,44.7,11.5,73124.1,36562.0,146248.1
837,Company_837,Healthcare,Latin America,2021,1805.9,18.3,4386.8,12.5,65.9,73.7,66.8,57.3,123499.9,123499.9,246999.7
886,Company_886,Retail,Oceania,2018,1297.3,8.2,1684.5,7.6,56.8,60.5,53.7,56.1,100743.9,50372.0,201487.8
498,Company_498,Technology,Europe,2022,22609.6,13.8,67722.0,9.1,78.1,98.9,76.5,58.9,573980.3,344388.2,1147960.6
38,Company_38,Energy,Africa,2023,931.9,0.9,94.6,0.4,42.4,39.6,56.0,31.5,859999.0,257999.7,8599990.5
427,Company_427,Manufacturing,Asia,2016,608.5,13.4,950.0,4.4,42.4,22.7,31.2,73.2,189991.6,253322.2,3166527.2
200,Company_200,Consumer Goods,Asia,2017,2611.0,16.4,5055.1,-4.4,45.1,27.9,67.5,39.9,524815.0,656018.8,2624075.2
434,Company_434,Transportation,Latin America,2018,471.1,11.4,835.1,9.2,52.1,27.1,53.8,75.6,285674.8,47612.5,952249.2
179,Company_179,Finance,Europe,2022,2069.9,12.1,3974.6,-7.1,88.5,90.4,97.3,77.6,23470.5,11735.3,58676.3
604,Company_604,Retail,Latin America,2016,700.9,10.7,1358.2,-5.7,54.0,49.6,29.8,82.7,59784.3,29892.1,119568.6
323,Company_323,Healthcare,Europe,2015,1988.2,19.1,8716.0,,75.6,53.4,91.7,81.6,164276.4,164276.4,328552.7
908,Company_908,Technology,Africa,2021,6241.0,8.3,13974.2,16.1,61.6,90.8,29.9,64.0,176113.4,105668.0,352226.7
147,Company_147,Energy,Latin America,2017,11689.1,-7.8,12720.6,3.1,47.3,47.0,70.9,24.0,10179494.0,3053848.2,101794940.0
401,Company_401,Energy,Europe,2019,3632.5,33.0,17648.7,-7.1,62.1,56.0,34.8,95.4,2934377.1,880313.1,29343770.8
952,Company_952,Energy,Africa,2018,9428.2,-7.1,46532.8,-6.7,29.9,22.5,33.3,34.0,9828322.8,2948496.8,98283227.5
313,Company_313,Utilities,Europe,2016,550.7,6.8,350.8,-5.9,67.6,66.9,59.7,76.2,322262.2,201413.9,3222622.4
892,Company_892,Transportation,Latin America,2017,856.8,3.4,325.9,7.1,35.1,24.2,58.8,22.4,529678.5,88279.7,1765594.8
460,Company_460,Technology,North America,2024,5393.0,21.3,26687.3,12.0,58.9,63.5,59.8,53.6,203778.0,122266.8,407556.0
530,Company_530,Manufacturing,Asia,2021,907.2,11.1,1665.2,5.7,34.9,23.1,21.4,60.3,282612.8,376817.1,4710213.8
798,Company_798,Transportation,Oceania,2020,182.0,7.3,128.2,3.4,54.8,31.8,66.1,66.5,106702.0,17783.7,355673.4
982,Company_982,Technology,Europe,2024,5928.5,29.2,49894.3,13.2,76.2,76.6,96.8,55.3,196802.3,118081.4,393604.5
308,Company_308,Finance,Asia,2016,2433.7,18.8,4877.8,-10.4,71.3,99.5,60.7,53.5,24495.9,12247.9,61239.6
49,Company_49,Retail,Middle East,2017,467.7,6.4,572.1,-14.7,14.6,6.7,28.5,8.4,53914.9,26957.5,107829.9
125,Company_125,Finance,Middle East,2019,3443.0,8.8,3678.2,-13.6,40.3,95.8,25.0,0.0,36432.3,18216.1,91080.7
943,Company_943,Transportation,Oceania,2016,518.3,7.1,424.8,9.9,46.2,7.8,53.3,77.4,356245.3,59374.2,1187484.4
624,Company_624,Healthcare,Africa,2016,1526.4,17.0,6118.8,17.2,46.4,50.6,28.2,60.5,129132.2,129132.2,258264.4
501,Company_501,Retail,Europe,2021,632.7,4.2,414.4,0.7,50.3,33.3,85.6,32.0,61194.3,30597.2,122388.6
840,Company_840,Utilities,Africa,2016,1157.7,5.2,602.3,0.6,51.9,63.1,34.4,58.2,702322.9,438951.8,7023228.7
522,Company_522,Transportation,Oceania,2024,252.0,-10.6,1211.3,-2.0,34.6,72.3,21.8,9.7,104924.0,17487.3,349746.8
197,Company_197,Energy,Latin America,2016,5060.4,13.7,8480.8,-8.1,17.3,20.5,8.4,22.9,5345102.8,1603530.8,53451027.8
131,Company_131,Finance,Latin America,2022,35455.9,18.5,66175.7,5.6,72.8,85.8,88.2,44.6,425234.7,212617.3,1063086.7
632,Company_632,Transportation,Europe,2020,1917.1,-1.3,9225.8,6.7,51.8,53.9,29.7,71.9,946269.1,157711.5,3154230.4
686,Company_686,Transportation,Middle East,2016,619.4,3.5,422.0,-8.3,26.4,23.2,43.3,12.7,385682.3,64280.4,1285607.7
345,Company_345,Consumer Goods,Oceania,2021,745.6,10.5,1267.4,7.1,81.2,75.4,88.5,79.9,100278.3,125347.8,501391.3
998,Company_998,Healthcare,Oceania,2019,1589.7,23.1,4561.5,9.7,62.8,98.9,23.3,66.1,80656.8,80656.8,161313.6
25,Company_25,Utilities,Middle East,2025,522.7,10.1,542.4,-1.5,49.4,22.5,73.2,52.6,435890.6,272431.6,4358905.6
14,Company_14,Transportation,Middle East,2016,865.3,3.9,279.9,11.7,40.0,22.4,60.9,36.7,541578.0,90263.0,1805260.1
366,Company_366,Manufacturing,Africa,2023,922.4,5.4,1027.5,-4.2,23.0,30.5,10.6,27.9,273048.4,364064.5,4550806.2
170,Company_170,Energy,Europe,2018,847.3,-6.8,943.3,-6.3,46.9,24.7,31.8,84.4,870157.0,261047.1,8701569.9
661,Company_661,Retail,Europe,2015,1697.8,6.7,1619.6,,78.0,52.1,94.3,87.6,141832.9,70916.4,283665.8
662,Company_662,Finance,Middle East,2022,18705.6,-0.4,37330.5,0.9,60.6,98.3,27.2,56.2,191633.9,95816.9,479084.7
480,Company_480,Retail,Middle East,2024,649.7,2.9,257.1,4.0,33.7,22.4,24.4,54.3,67798.0,33899.0,135596.0
471,Company_471,Utilities,Africa,2015,1158.5,13.8,1376.3,,37.4,28.3,62.7,21.3,928617.5,580386.0,9286175.5
375,Company_375,Transportation,Middle East,2024,346.8,2.3,76.8,-9.0,19.2,9.2,23.2,25.2,236225.9,39371.0,787419.8
633,Company_633,Utilities,Europe,2025,412.1,12.1,575.1,15.6,67.3,60.8,68.5,72.6,255307.9,159567.5,2553079.3
69,Company_69,Energy,North America,2025,10995.3,29.4,44934.3,6.0,52.7,21.4,67.4,69.1,11544965.1,3463489.5,115449651.2
434,Company_434,Transportation,Latin America,2022,745.1,8.1,1161.8,14.8,54.0,33.0,53.9,75.1,433237.5,72206.2,1444124.9
801,Company_801,Finance,Africa,2025,11988.7,6.8,11955.7,12.0,50.5,96.2,10.5,44.8,126348.1,63174.0,315870.2
289,Company_289,Healthcare,Asia,2016,3558.3,15.5,11323.5,-5.3,30.8,23.4,15.9,53.1,368801.8,368801.8,737603.6
693,Company_693,Retail,Africa,2023,604.5,1.6,215.3,-14.2,52.1,65.1,71.7,19.5,45002.9,22501.5,90005.8
453,Company_453,Energy,Middle East,2021,3326.5,-1.8,6437.4,4.1,28.3,20.0,38.7,26.2,3526656.8,1057997.0,35266567.6
483,Company_483,Transportation,Asia,2017,608.5,1.7,118.1,-1.2,25.2,38.2,6.1,31.4,340619.8,56770.0,1135399.4
348,Company_348,Healthcare,Latin America,2017,3184.7,17.9,10131.0,16.6,51.2,66.0,68.5,19.0,234921.2,234921.2,469842.5
249,Company_249,Healthcare,Asia,2019,1162.1,13.1,2213.3,9.7,58.5,68.2,52.6,54.7,84003.0,84003.0,168006.1
797,Company_797,Manufacturing,North America,2024,1338.3,11.0,1723.5,5.6,70.4,63.8,52.7,94.9,302588.1,403450.8,5043134.4
165,Company_165,Manufacturing,Latin America,2018,2039.5,7.1,1332.8,5.9,30.1,15.4,59.1,15.7,668118.6,890824.8,11135310.0
72,Company_72,Utilities,Latin America,2022,604.5,7.9,670.6,1.5,44.2,42.4,40.2,50.1,436797.9,272998.7,4367979.2
866,Company_866,Utilities,Oceania,2015,864.0,7.7,994.2,,55.0,58.2,66.7,40.2,547874.4,342421.5,5478743.5
957,Company_957,Technology,Latin America,2016,623.5,20.2,2284.8,10.2,48.1,80.9,39.0,24.5,19758.2,11854.9,39516.3
664,Company_664,Finance,Latin America,2024,7897.3,15.2,18434.3,1.6,72.8,92.7,79.5,46.1,87038.8,43519.4,217597.0
493,Company_493,Energy,Latin America,2022,1235.8,-20.0,2557.3,11.0,47.2,52.7,68.2,20.7,1027054.7,308116.4,10270546.8
128,Company_128,Utilities,Africa,2020,680.0,2.8,163.0,2.7,31.4,47.5,33.2,13.5,472014.0,295008.8,4720140.4
939,Company_939,Consumer Goods,Europe,2016,781.9,16.1,1670.1,4.2,62.3,34.1,94.5,58.4,150359.7,187949.6,751798.3
611,Company_611,Energy,Latin America,2025,22642.5,30.5,115357.9,14.3,28.3,21.2,49.9,13.9,23816985.7,7145095.7,238169856.7
371,Company_371,Retail,Middle East,2016,899.1,3.7,730.5,5.3,44.4,73.0,24.6,35.6,61973.6,30986.8,123947.2
608,Company_608,Finance,Latin America,2016,12921.8,12.5,26813.4,3.9,56.7,97.8,24.3,48.0,133166.0,66583.0,332915.0
759,Company_759,Energy,Oceania,2023,134141.9,-12.8,667399.7,17.0,58.1,26.4,65.7,82.1,136181429.6,40854428.9,1361814295.8
204,Company_204,Retail,Middle East,2018,532.3,8.9,845.2,15.2,25.5,16.0,44.8,15.8,57905.4,28952.7,115810.7
160,Company_160,Utilities,Latin America,2024,1608.5,11.0,2372.3,-2.5,51.6,51.1,34.0,69.7,1083634.1,677271.3,10836341.2
848,Company_848,Manufacturing,Asia,2024,351.4,10.2,536.3,-5.2,69.1,65.7,66.8,74.8,78011.1,104014.7,1300184.2
558,Company_558,Finance,Middle East,2022,4593.6,1.8,831.9,14.8,55.7,51.0,54.0,62.2,77468.7,38734.3,193671.7
259,Company_259,Healthcare,North America,2025,405.0,15.6,1092.2,4.8,52.7,58.4,52.8,46.8,32045.0,32045.0,64090.0
545,Company_545,Manufacturing,North America,2024,6379.5,15.2,17265.6,-6.3,61.8,49.9,78.7,56.8,1628663.2,2171550.9,27144385.9
40,Company_40,Transportation,Oceania,2017,2489.8,-0.6,1709.9,1.7,54.3,30.2,74.6,58.1,1477177.5,246196.2,4923924.8
569,Company_569,Energy,Asia,2016,8637.4,22.5,33127.3,-3.8,32.0,34.9,33.6,27.4,8256754.6,2477026.4,82567545.9
1,Company_1,Retail,Latin America,2015,459.2,6.0,337.5,,57.0,60.7,33.5,76.8,35577.4,17788.7,71154.7
300,Company_300,Manufacturing,Europe,2021,1207.1,4.9,902.0,3.7,60.0,46.4,65.6,67.9,316858.4,422477.9,5280973.1
165,Company_165,Manufacturing,Latin America,2016,1890.9,5.3,2072.7,18.2,31.5,14.8,60.9,18.9,621932.3,829243.1,10365538.6
724,Company_724,Retail,North America,2019,286.6,8.6,410.1,7.5,68.1,68.6,58.8,76.7,20624.1,10312.0,41248.2
32,Company_32,Utilities,North America,2023,486.3,8.2,337.8,2.0,54.9,14.4,71.1,79.1,427736.2,267335.1,4277362.0
159,Company_159,Consumer Goods,North America,2024,1427.7,6.3,2039.7,9.5,74.0,51.5,72.9,97.5,239616.9,299521.1,1198084.5
678,Company_678,Retail,Europe,2015,1161.1,6.5,910.6,,68.6,45.7,89.7,70.3,102205.0,51102.5,204410.1
779,Company_779,Retail,Europe,2025,2834.1,1.2,569.0,15.2,74.7,53.5,98.5,72.1,233941.9,116971.0,467883.8
978,Company_978,Transportation,North America,2017,1966.4,14.1,2323.9,10.9,54.4,57.3,30.9,75.1,942702.6,157117.1,3142342.2
906,Company_906,Energy,Asia,2018,7125.5,10.9,13052.8,2.3,64.8,62.6,83.1,48.9,5430103.1,1629030.9,54301031.3
565,Company_565,Utilities,Europe,2019,1655.5,5.6,1167.5,3.4,44.3,30.4,51.9,50.6,1307325.9,817078.7,13073258.8
400,Company_400,Manufacturing,Africa,2024,667.5,-10.0,925.8,-5.0,49.7,75.9,55.0,18.1,133855.7,178474.3,2230929.1
979,Company_979,Energy,Middle East,2024,19656.6,11.6,21731.6,3.1,51.0,53.4,51.9,47.8,16247073.0,4874121.9,162470730.5
581,Company_581,Energy,Oceania,2015,1842.4,12.3,1859.1,,61.4,23.3,88.8,72.0,1910328.2,573098.5,19103282.0
302,Company_302,Energy,Latin America,2016,2151.1,16.2,3091.1,2.1,13.1,16.0,23.0,0.4,2339811.9,701943.6,23398119.1
569,Company_569,Energy,Asia,2022,10920.4,21.3,28342.5,0.8,34.2,40.8,36.5,25.2,9982375.8,2994712.7,99823758.0
370,Company_370,Technology,Middle East,2016,2224.2,13.2,8202.4,11.6,55.0,94.9,54.2,15.9,59560.3,35736.2,119120.6
301,Company_301,Finance,Middle East,2022,1617.2,11.0,1606.9,5.3,52.3,97.2,31.4,28.1,16796.2,8398.1,41990.6
961,Company_961,Transportation,Europe,2015,163.2,3.8,88.9,,49.3,11.6,67.9,68.5,109565.4,18260.9,365217.9
539,Company_539,Healthcare,Europe,2017,3567.5,19.6,7065.0,-6.0,71.8,71.4,74.3,69.8,249798.7,249798.7,499597.5
176,Company_176,Healthcare,Oceania,2025,3654.2,18.7,7585.8,3.7,79.4,82.0,84.0,72.1,228840.2,228840.2,457680.5
106,Company_106,Manufacturing,Europe,2015,1654.5,7.9,1803.6,,66.1,7.4,93.8,97.1,570002.8,760003.7,9500045.9
430,Company_430,Healthcare,Oceania,2020,9352.1,8.1,18718.1,11.3,72.9,85.5,82.4,50.9,562577.6,562577.6,1125155.2
178,Company_178,Transportation,Latin America,2021,3471.8,6.6,3190.8,23.0,27.2,25.8,13.8,41.8,2122976.2,353829.4,7076587.5
538,Company_538,Transportation,Middle East,2024,1216.7,15.7,2935.9,10.3,34.6,21.0,22.5,60.3,768941.0,128156.8,2563136.8
239,Company_239,Manufacturing,Latin America,2017,638.7,5.9,818.4,19.1,49.8,13.3,57.5,78.6,212054.3,282739.1,3534238.9
487,Company_487,Technology,Europe,2020,17187.3,26.5,138772.4,29.7,72.0,91.5,67.5,57.2,481061.8,288637.1,962123.6
335,Company_335,Utilities,Latin America,2019,339.1,10.9,451.8,-10.2,75.2,97.3,94.4,33.8,140778.4,87986.5,1407783.8
973,Company_973,Transportation,Latin America,2015,337.6,4.6,140.4,,32.8,12.3,53.9,32.2,225671.1,37611.9,752237.1
737,Company_737,Technology,Asia,2018,2870.2,26.2,21811.5,12.4,34.1,50.3,38.5,13.6,121688.9,73013.3,243377.8
65,Company_65,Transportation,Europe,2019,777.3,1.1,154.9,6.0,68.8,35.6,100.0,70.7,443405.4,73900.9,1478018.1
355,Company_355,Technology,North America,2019,45236.2,16.0,109344.1,15.2,81.2,93.7,92.3,57.7,1231077.5,738646.5,2462154.9
755,Company_755,Finance,North America,2024,7165.8,6.6,4103.2,4.3,70.0,61.3,71.8,76.9,110516.3,55258.2,276290.8
84,Company_84,Consumer Goods,Middle East,2018,2350.7,13.5,6095.2,6.9,16.0,30.0,7.7,10.3,465448.8,581811.0,2327244.2
508,Company_508,Utilities,Europe,2020,319.2,11.3,532.4,-9.2,54.8,19.4,63.3,81.8,271850.9,169906.8,2718509.0
494,Company_494,Consumer Goods,Africa,2016,781.6,10.8,1599.5,-0.9,28.2,25.1,49.9,9.7,160126.5,200158.1,800632.3
562,Company_562,Transportation,Africa,2022,412.3,18.3,1120.8,15.5,20.9,22.5,21.5,18.7,257892.0,42982.0,859640.2
739,Company_739,Utilities,Asia,2021,1174.8,7.0,691.3,8.8,46.7,27.2,39.9,73.2,948998.6,593124.1,9489985.8
147,Company_147,Energy,Latin America,2025,5877.7,10.6,7300.3,-0.7,49.8,47.7,70.6,31.1,5091530.9,1527459.3,50915308.9
404,Company_404,Healthcare,Middle East,2020,2591.6,2.0,1102.5,8.6,52.6,63.6,47.7,46.6,195541.5,195541.5,391083.0
824,Company_824,Transportation,Oceania,2022,674.9,15.7,2054.5,17.5,52.1,18.9,51.3,86.3,432348.0,72058.0,1441160.0
533,Company_533,Technology,Middle East,2015,9331.7,19.9,53733.1,,67.3,89.5,67.4,44.9,267626.1,160575.6,535252.1
513,Company_513,Healthcare,Europe,2015,1379.8,21.2,3956.1,,53.2,36.2,61.9,61.4,130581.6,130581.6,261163.2
445,Company_445,Finance,Europe,2015,8975.4,23.4,38534.3,,76.5,79.2,76.3,74.0,115843.3,57921.6,289608.1
988,Company_988,Consumer Goods,Europe,2021,12316.2,9.1,18238.6,0.8,73.8,75.0,50.5,95.7,1663179.4,2078974.2,8315897.0
391,Company_391,Retail,Oceania,2020,941.4,2.1,202.7,-1.9,46.4,36.6,61.7,40.8,88833.9,44417.0,177667.9
83,Company_83,Healthcare,Oceania,2021,3548.4,6.6,4566.4,-0.1,61.8,62.1,70.9,52.4,271649.8,271649.8,543299.5
272,Company_272,Energy,Oceania,2025,4521.2,28.5,17193.4,8.9,49.5,27.1,83.8,37.6,4569246.3,1370773.9,45692463.1
402,Company_402,Technology,Asia,2021,1787.5,22.5,8684.2,22.7,28.9,15.6,37.0,33.9,97463.0,58477.8,194926.0
794,Company_794,Technology,North America,2017,8725.8,18.1,52302.4,5.4,69.6,77.4,63.9,67.5,287131.2,172278.7,574262.4
57,Company_57,Utilities,Middle East,2019,950.4,0.9,120.7,8.7,28.1,36.1,16.5,31.6,720096.0,450060.0,7200959.6
705,Company_705,Consumer Goods,Africa,2023,2604.0,15.3,6701.0,5.3,39.0,60.4,53.2,3.3,404852.8,506066.0,2024264.0
833,Company_833,Consumer Goods,North America,2021,781.5,10.5,1899.9,20.0,59.6,53.8,54.4,70.5,128720.8,160901.0,643604.1
618,Company_618,Utilities,Latin America,2018,947.0,15.0,1978.2,3.8,45.5,47.5,39.9,49.2,657508.6,410942.9,6575085.8
236,Company_236,Retail,Asia,2018,1144.3,-0.9,1721.9,-7.2,70.8,66.2,50.9,95.4,84305.3,42152.7,168610.7
963,Company_963,Transportation,Africa,2023,4971.5,12.9,12028.0,7.6,36.6,26.0,35.6,48.1,3036990.9,506165.2,10123303.1
72,Company_72,Utilities,Latin America,2016,705.3,7.5,619.4,1.4,40.3,35.6,36.5,48.9,536276.2,335172.6,5362762.2
315,Company_315,Utilities,Asia,2025,685.6,15.8,1420.6,7.4,62.2,67.7,78.8,40.2,398267.2,248917.0,3982672.5
106,Company_106,Manufacturing,Europe,2016,1825.1,9.5,3745.6,10.3,66.3,5.5,95.0,98.4,635905.0,847873.4,10598417.4
140,Company_140,Manufacturing,Europe,2022,809.9,10.3,1758.2,5.8,37.9,10.3,39.6,63.9,274074.0,365432.0,4567900.1
399,Company_399,Energy,North America,2019,11270.4,14.0,22783.8,17.9,60.6,48.9,64.8,68.1,9668066.0,2900419.8,96680659.9
511,Company_511,Healthcare,Europe,2021,2514.4,3.6,1533.1,-8.0,80.9,82.3,95.4,65.1,156864.5,156864.5,313729.1
923,Company_923,Transportation,Middle East,2025,1212.3,0.8,162.3,11.4,53.7,65.5,64.8,30.7,539504.4,89917.4,1798347.9
565,Company_565,Utilities,Europe,2022,1770.4,5.1,939.0,6.1,44.8,33.8,50.9,49.5,1364263.1,852664.5,13642631.3
29,Company_29,Transportation,Oceania,2023,738.2,19.7,1380.0,-0.6,29.7,12.9,63.0,13.1,491614.3,81935.7,1638714.5
853,Company_853,Energy,North America,2022,124.9,27.2,570.3,-26.3,60.7,15.5,77.8,88.7,136372.3,40911.7,1363723.5
602,Company_602,Technology,North America,2015,6449.8,15.9,35598.6,,66.3,51.9,75.1,72.0,269933.9,161960.4,539867.9
275,Company_275,Healthcare,Middle East,2025,6855.6,20.6,29250.1,23.1,51.8,91.5,17.4,46.6,383497.8,383497.8,766995.7
292,Company_292,Utilities,Asia,2021,955.0,8.2,947.2,11.3,22.1,28.4,23.8,14.1,765111.8,478194.9,7651118.2
35,Company_35,Healthcare,Middle East,2020,1194.3,13.9,3167.0,17.0,69.5,74.4,88.0,46.1,81118.5,81118.5,162237.1
373,Company_373,Energy,Africa,2016,4425.8,20.1,12692.0,19.1,47.5,39.1,50.7,52.6,4099173.2,1229752.0,40991731.9
329,Company_329,Finance,Oceania,2022,22079.3,31.2,113511.7,1.0,83.5,74.5,97.0,78.9,299524.6,149762.3,748811.5
451,Company_451,Consumer Goods,Oceania,2015,5983.9,12.6,13027.6,,73.9,62.5,79.2,80.0,912733.1,1140916.3,4563665.4
180,Company_180,Utilities,Latin America,2017,1246.5,18.3,3402.6,0.7,52.8,50.8,67.5,40.1,842075.7,526297.3,8420757.1
623,Company_623,Consumer Goods,North America,2017,655.4,7.6,1035.8,12.3,52.1,27.6,44.6,84.1,131989.5,164986.9,659947.6
746,Company_746,Transportation,North America,2020,1311.0,9.3,1493.5,10.9,64.9,44.7,61.7,88.2,697847.6,116307.9,2326158.7
949,Company_949,Transportation,Middle East,2019,1423.3,-5.1,6816.8,-3.0,40.2,29.3,41.8,49.6,849677.0,141612.8,2832256.7
185,Company_185,Transportation,Latin America,2021,452.8,1.8,90.3,-2.7,19.1,9.3,20.8,27.3,308261.1,51376.9,1027537.0
336,Company_336,Retail,North America,2023,2655.3,10.9,3866.7,4.3,64.5,59.5,61.6,72.5,208077.3,104038.6,416154.6
367,Company_367,Utilities,Latin America,2024,1064.7,11.7,1041.3,8.0,68.5,62.0,81.3,62.2,652498.3,407811.5,6524983.3
211,Company_211,Consumer Goods,Oceania,2020,1451.9,10.1,3324.9,6.4,66.2,36.7,70.6,91.3,273862.4,342328.0,1369312.1
882,Company_882,Energy,Europe,2025,11731.7,-3.8,56454.0,1.5,75.4,84.1,83.6,58.5,7168433.5,2150530.1,71684335.2
348,Company_348,Healthcare,Latin America,2024,5958.7,10.5,12999.3,6.0,56.1,74.3,71.1,23.0,405343.2,405343.2,810686.3
739,Company_739,Utilities,Asia,2023,1055.8,7.3,621.0,-4.9,47.5,29.5,39.8,73.3,839042.2,524401.3,8390421.6
839,Company_839,Manufacturing,Oceania,2018,1467.3,11.6,2586.4,3.6,48.3,47.2,29.2,68.5,382828.6,510438.1,6380476.0
243,Company_243,Transportation,Asia,2017,439.4,9.6,736.3,12.2,36.5,10.9,27.3,71.2,296218.1,49369.7,987393.7
453,Company_453,Energy,Middle East,2020,3195.4,6.3,2789.6,2.3,26.7,21.1,36.3,22.8,3363430.4,1009029.1,33634304.1
638,Company_638,Healthcare,Oceania,2020,5866.3,16.8,17687.5,15.0,70.6,76.8,45.7,89.1,388558.3,388558.3,777116.7
383,Company_383,Energy,Middle East,2023,4681.1,45.4,19984.7,4.3,24.2,20.7,42.3,9.4,4937680.3,1481304.1,49376803.4
10,Company_10,Technology,Latin America,2019,72498.6,11.0,215468.5,10.4,64.2,77.8,72.1,42.5,2374857.6,1424914.5,4749715.1
257,Company_257,Finance,Latin America,2017,1866.2,18.2,6606.7,13.2,54.5,89.7,33.8,40.2,21357.1,10678.5,53392.7
322,Company_322,Consumer Goods,Middle East,2017,1469.7,5.9,1282.3,2.8,45.5,66.8,34.4,35.3,215278.5,269098.2,1076392.7
975,Company_975,Consumer Goods,Oceania,2024,2065.7,10.4,2572.2,15.1,80.3,74.1,67.9,98.9,281446.3,351807.9,1407231.6
736,Company_736,Finance,Europe,2015,1617.0,12.2,2718.5,,63.0,78.2,59.3,51.5,21101.6,10550.8,52753.9
368,Company_368,Finance,Europe,2024,4964.6,18.8,18643.9,5.9,82.4,99.5,72.2,75.6,50009.8,25004.9,125024.4
443,Company_443,Consumer Goods,Oceania,2024,1074.5,24.6,2991.3,-5.7,53.9,26.4,80.2,55.0,218230.4,272788.1,1091152.2
158,Company_158,Energy,Oceania,2019,8169.4,2.8,3290.5,23.1,53.9,24.5,89.8,47.4,8404195.2,2521258.6,84041952.2
659,Company_659,Technology,Middle East,2024,8101.6,29.2,63793.9,13.6,46.0,84.3,18.2,35.4,247097.1,148258.3,494194.3
817,Company_817,Energy,North America,2015,6489.7,30.6,16027.1,,52.8,16.2,91.9,50.1,7051497.7,2115449.3,70514977.1
531,Company_531,Consumer Goods,Oceania,2015,682.3,5.3,615.3,,35.6,27.2,32.1,47.5,137753.8,172192.2,688768.8
617,Company_617,Healthcare,Asia,2024,8717.3,-5.3,23734.6,15.8,63.5,90.2,10.9,89.4,495731.0,495731.0,991462.1
716,Company_716,Retail,Africa,2024,371.3,-1.6,736.9,15.5,49.3,71.6,34.7,41.6,25952.3,12976.2,51904.6
629,Company_629,Retail,Latin America,2023,1866.0,13.4,6132.4,0.9,64.4,66.6,61.0,65.6,136977.3,68488.6,273954.6
69,Company_69,Energy,North America,2023,9383.6,28.1,41719.8,10.3,50.4,17.3,65.0,68.8,10126296.0,3037888.8,101262959.6
848,Company_848,Manufacturing,Asia,2025,329.1,9.6,642.7,-6.3,71.5,68.1,70.7,75.8,71383.5,95178.0,1189724.4
226,Company_226,Healthcare,Middle East,2018,3071.6,22.4,15100.6,-1.7,26.4,61.0,2.0,16.1,237421.3,237421.3,474842.6
969,Company_969,Technology,Africa,2018,4879.8,22.6,26607.9,-9.1,42.5,95.7,16.8,14.9,129328.0,77596.8,258655.9
960,Company_960,Energy,Asia,2020,13157.1,18.9,21878.1,2.0,46.9,17.0,64.5,59.3,14222297.9,4266689.4,142222979.2
225,Company_225,Retail,Europe,2015,685.6,7.8,900.1,,81.7,75.6,78.1,91.2,45974.7,22987.4,91949.4
828,Company_828,Technology,Oceania,2022,15156.3,20.2,54168.9,17.9,87.3,97.3,76.4,88.3,393075.3,235845.2,786150.5
762,Company_762,Technology,North America,2018,10431.8,24.3,78449.3,4.8,78.1,100.0,57.7,76.5,260794.0,156476.4,521588.0
186,Company_186,Manufacturing,Middle East,2019,3384.6,13.7,4245.0,-3.8,23.6,0.0,64.1,6.6,1218442.8,1624590.4,20307380.2
990,Company_990,Consumer Goods,Asia,2015,3456.5,19.9,11486.2,,32.7,36.0,27.1,35.0,655137.4,818921.7,3275686.8
965,Company_965,Healthcare,Middle East,2019,2117.8,21.0,6068.8,20.8,46.4,96.8,10.9,31.4,110592.9,110592.9,221185.9
717,Company_717,Energy,North America,2020,12376.7,26.7,44431.5,26.3,61.4,26.2,71.4,86.5,12578927.4,3773678.2,125789274.2
959,Company_959,Manufacturing,Middle East,2016,1499.8,24.1,3047.2,-1.8,45.3,42.0,38.5,55.3,407566.2,543421.5,6792769.2
619,Company_619,Healthcare,Oceania,2017,1016.5,3.6,857.7,-10.5,56.2,52.3,61.0,55.5,84800.4,84800.4,169600.7
958,Company_958,Healthcare,Africa,2024,2127.1,25.2,7567.2,3.6,50.1,42.8,46.0,61.5,191498.3,191498.3,382996.6
629,Company_629,Retail,Latin America,2022,1850.1,9.4,2834.6,13.4,62.8,66.8,59.5,62.1,135480.5,67740.2,270961.0
551,Company_551,Retail,Middle East,2015,1931.1,8.0,1937.7,,43.2,69.6,42.3,17.7,137658.0,68829.0,275315.9
395,Company_395,Consumer Goods,North America,2018,1576.2,14.2,3162.1,9.3,49.3,35.7,43.8,68.5,299569.5,374461.9,1497847.5
701,Company_701,Transportation,Europe,2019,210.9,-2.7,339.5,-10.4,64.8,18.7,89.5,86.1,135274.2,22545.7,450913.9
931,Company_931,Energy,Middle East,2020,4899.6,23.4,15351.2,-14.0,42.4,34.5,39.0,53.8,4695550.2,1408665.1,46955502.2
803,Company_803,Consumer Goods,Africa,2016,1278.1,7.9,1809.2,2.6,25.8,43.0,18.4,15.9,229715.4,287144.3,1148577.1
837,Company_837,Healthcare,Latin America,2015,1126.4,16.7,2840.7,,52.0,58.9,52.2,44.9,88727.8,88727.8,177455.7
590,Company_590,Manufacturing,North America,2022,2419.9,24.6,10377.7,4.0,53.3,42.8,43.3,73.8,653579.1,871438.7,10892984.2
972,Company_972,Finance,Africa,2023,1607.1,23.5,4307.3,8.6,56.9,100.0,67.0,3.7,16071.3,8035.7,40178.3
328,Company_328,Retail,Asia,2019,2719.4,9.8,4375.2,9.9,78.5,78.7,66.0,90.8,176590.9,88295.5,353181.9
52,Company_52,Consumer Goods,Oceania,2021,1787.2,15.8,4145.7,7.4,66.6,42.3,85.1,72.3,323042.4,403802.9,1615211.8
790,Company_790,Finance,Latin America,2022,9189.4,28.2,26160.9,1.2,60.5,88.3,44.5,48.8,107003.2,53501.6,267507.9
264,Company_264,Consumer Goods,Middle East,2016,2081.3,14.1,7259.1,14.0,45.7,58.9,58.6,19.7,327921.6,409902.0,1639608.1
966,Company_966,Manufacturing,Oceania,2019,827.9,7.5,1313.3,6.6,78.2,86.3,86.1,62.2,147966.0,197288.0,2466100.4
287,Company_287,Transportation,Africa,2023,333.9,2.2,71.3,1.6,47.0,60.6,55.3,25.2,155355.4,25892.6,517851.2
578,Company_578,Transportation,Middle East,2017,1183.3,8.7,1493.0,14.3,61.4,64.6,49.4,70.2,531131.1,88521.9,1770437.2
773,Company_773,Manufacturing,Europe,2018,431.6,-0.8,2054.5,-6.8,59.5,22.7,100.0,55.9,134812.1,179749.5,2246868.4
666,Company_666,Finance,Middle East,2015,5664.9,11.9,10262.7,,33.6,63.8,35.6,1.2,85365.9,42683.0,213414.9
41,Company_41,Energy,North America,2015,7409.3,5.8,5982.6,,52.7,30.7,44.2,83.2,7299469.8,2189840.9,72994697.7
549,Company_549,Utilities,North America,2016,1564.3,10.4,1308.0,-8.8,78.0,65.4,80.5,88.1,928528.8,580330.5,9285287.7
845,Company_845,Retail,Middle East,2017,918.9,-0.1,3762.6,-3.4,54.2,66.1,46.0,50.5,67773.8,33886.9,135547.7
224,Company_224,Manufacturing,Europe,2019,1611.4,15.5,4856.2,-1.4,42.9,8.7,72.5,47.6,550720.2,734293.5,9178669.2
867,Company_867,Retail,Oceania,2017,465.5,8.4,602.3,10.9,45.1,42.6,38.3,54.4,41966.4,20983.2,83932.8
859,Company_859,Consumer Goods,North America,2022,2576.7,16.5,7733.8,10.7,56.7,75.7,61.8,32.5,345413.5,431766.8,1727067.3
773,Company_773,Manufacturing,Europe,2022,446.3,4.5,324.2,-2.8,58.2,19.2,96.9,58.4,142669.7,190226.3,2377828.1
488,Company_488,Utilities,Oceania,2016,2380.7,14.3,4065.2,7.6,48.7,46.3,48.9,50.8,1667671.8,1042294.9,16676718.5
236,Company_236,Retail,Asia,2016,1182.1,1.2,175.4,14.4,67.2,64.8,48.1,88.7,88234.5,44117.2,176469.0
151,Company_151,Healthcare,Latin America,2025,14651.3,-1.6,60950.1,11.8,39.5,49.5,54.3,14.5,1250007.0,1250007.0,2500014.0
606,Company_606,Transportation,Europe,2021,3165.4,3.4,2042.7,25.4,48.2,22.0,50.4,72.4,1986892.0,331148.7,6622973.5
613,Company_613,Consumer Goods,North America,2016,2909.8,19.2,12488.0,0.4,71.3,78.3,41.8,93.8,379442.9,474303.6,1897214.6
786,Company_786,Energy,North America,2019,791.9,13.2,1170.1,-5.8,56.4,49.5,46.8,73.0,675905.1,202771.5,6759051.4
112,Company_112,Retail,Europe,2018,411.7,-0.6,591.8,1.2,52.7,26.8,32.4,98.8,41676.9,20838.4,83353.7
733,Company_733,Utilities,Latin America,2025,1296.2,7.2,1342.7,-20.0,75.1,45.8,100.0,79.5,911853.7,569908.6,9118537.0
145,Company_145,Energy,Middle East,2024,7728.5,35.4,54321.7,21.9,40.1,12.8,76.4,31.2,8583635.6,2575090.7,85836355.6
887,Company_887,Utilities,Oceania,2020,3373.9,11.0,4118.5,11.0,58.7,52.3,87.2,36.7,2250046.6,1406279.1,22500466.0
110,Company_110,Healthcare,Middle East,2015,1921.7,19.9,5391.2,,27.0,56.3,9.1,15.6,154892.3,154892.3,309784.7
930,Company_930,Transportation,Africa,2020,441.0,3.3,176.3,-2.5,39.5,36.3,65.3,16.8,250242.1,41707.0,834140.2
70,Company_70,Retail,Africa,2020,1596.1,3.1,545.1,10.7,46.5,51.5,37.5,50.5,133960.4,66980.2,267920.9
593,Company_593,Manufacturing,Africa,2018,2587.9,14.6,7646.0,18.5,29.4,51.4,7.1,29.7,652069.7,869426.3,10867828.7
575,Company_575,Energy,Africa,2016,1900.1,7.4,2643.2,-15.6,40.7,52.4,36.3,33.3,1582705.2,474811.6,15827051.7
274,Company_274,Transportation,Asia,2023,980.9,8.6,1132.7,-7.5,39.7,16.0,31.3,71.7,640433.2,106738.9,2134777.3
559,Company_559,Manufacturing,Middle East,2018,2614.9,17.1,8757.2,21.4,45.9,60.9,31.1,45.7,607204.4,809605.9,10120073.8
4,Company_4,Technology,Africa,2018,5978.5,26.1,31801.0,8.8,55.6,99.7,46.3,20.7,150000.0,90000.0,300000.0
297,Company_297,Retail,Africa,2022,697.9,9.4,1412.5,13.7,50.6,42.5,66.7,42.5,62977.9,31488.9,125955.7
577,Company_577,Manufacturing,Oceania,2022,449.7,2.4,104.9,10.3,76.5,54.5,96.1,79.0,110429.2,147238.9,1840486.4
441,Company_441,Finance,North America,2018,1028.6,17.4,3556.3,-9.2,68.1,99.8,55.4,49.2,10315.2,5157.6,25788.1
633,Company_633,Utilities,Europe,2018,255.9,8.8,327.3,-3.1,62.2,50.6,63.8,72.2,173163.8,108227.4,1731637.7
605,Company_605,Energy,Oceania,2024,14070.0,32.3,85604.0,0.6,44.5,46.2,62.4,25.0,12338680.9,3701604.3,123386809.3
234,Company_234,Utilities,Asia,2016,313.9,12.2,332.2,-7.6,32.0,26.0,24.0,45.9,255615.4,159759.6,2556153.8
503,Company_503,Manufacturing,North America,2017,3190.8,19.3,5750.1,0.8,51.8,9.7,83.7,62.1,1083468.2,1444624.2,18057802.5
663,Company_663,Finance,Asia,2015,8939.0,17.1,12845.0,,63.5,98.6,71.1,20.8,91200.5,45600.3,228001.3
305,Company_305,Manufacturing,Latin America,2023,7605.0,0.7,730.0,13.8,62.5,57.1,47.7,82.6,1826487.2,2435316.3,30441453.4
463,Company_463,Technology,Latin America,2020,99728.8,16.7,545600.5,3.3,75.5,91.9,97.3,37.4,2776799.6,1666079.7,5553599.1
683,Company_683,Manufacturing,Asia,2016,704.9,12.3,1043.7,12.9,26.7,24.6,34.0,21.4,217423.2,289897.7,3623720.8
391,Company_391,Retail,Oceania,2024,999.4,-1.3,3846.3,5.2,46.2,40.6,57.8,40.3,91547.8,45773.9,183095.7
259,Company_259,Healthcare,North America,2024,386.3,12.3,762.3,6.9,50.8,56.7,52.0,43.8,31015.1,31015.1,62030.3
556,Company_556,Transportation,Asia,2017,2267.9,8.2,2676.9,-9.7,37.0,35.4,46.1,29.6,1295510.2,215918.4,4318367.3
586,Company_586,Transportation,Africa,2022,793.7,-10.4,2102.3,3.0,40.5,60.1,29.8,31.6,371187.4,61864.6,1237291.3
123,Company_123,Technology,Middle East,2024,108393.6,18.6,524589.4,10.0,64.6,100.0,29.3,64.5,2709839.3,1625903.6,5419678.7
997,Company_997,Utilities,Africa,2019,532.5,9.7,607.0,-1.2,64.5,47.7,86.8,59.1,368949.1,230593.2,3689491.4
932,Company_932,Manufacturing,Latin America,2020,376.7,6.6,514.4,1.7,50.8,25.7,76.2,50.4,115244.7,153659.6,1920745.4
624,Company_624,Healthcare,Africa,2023,2094.9,19.5,6054.3,-0.5,55.0,68.1,36.2,60.7,151550.9,151550.9,303101.8
640,Company_640,Finance,Africa,2025,21627.6,14.9,59943.4,-1.8,60.1,90.2,73.0,17.1,246011.3,123005.7,615028.3
124,Company_124,Manufacturing,Africa,2022,1407.1,9.2,1124.6,2.8,38.2,53.7,41.2,19.8,347808.7,463744.9,5796811.8
305,Company_305,Manufacturing,Latin America,2015,3324.0,4.2,1908.8,,56.6,59.2,39.2,71.5,783624.2,1044832.3,13060403.9
551,Company_551,Retail,Middle East,2025,1774.5,10.8,4418.6,-1.2,56.8,86.1,52.5,31.7,105978.8,52989.4,211957.6
679,Company_679,Retail,Latin America,2017,727.0,2.9,346.0,-5.8,40.4,26.3,32.4,62.5,73859.4,36929.7,147718.8
45,Company_45,Retail,Africa,2017,595.0,1.7,116.1,-0.6,37.5,58.9,5.0,48.7,46873.8,23436.9,93747.5
885,Company_885,Consumer Goods,Middle East,2016,1348.7,4.4,1318.6,11.2,48.9,74.8,61.4,10.3,182487.1,228108.9,912435.6
643,Company_643,Manufacturing,Asia,2019,17229.2,8.3,28100.7,1.1,68.5,47.1,69.5,88.8,4498881.5,5998508.7,74981358.5
361,Company_361,Energy,Europe,2018,5614.4,-9.1,5150.6,13.9,56.9,16.9,60.5,93.5,6074926.4,1822477.9,60749264.3
202,Company_202,Utilities,Latin America,2020,1758.9,-1.4,7375.0,1.6,44.1,61.8,38.9,31.6,1079657.5,674786.0,10796575.4
276,Company_276,Transportation,North America,2024,1008.8,-1.8,4368.9,6.7,52.0,18.0,99.6,38.4,649965.4,108327.6,2166551.2
880,Company_880,Retail,Latin America,2021,5375.6,3.8,3695.0,-0.8,49.5,33.9,36.0,78.7,517653.9,258826.9,1035307.7
736,Company_736,Finance,Europe,2019,1814.1,12.1,3036.2,5.9,62.7,79.4,61.6,47.1,23385.7,11692.9,58464.3
552,Company_552,Consumer Goods,Asia,2024,926.1,23.3,2662.1,0.4,63.4,50.5,64.0,75.8,156808.9,196011.1,784044.4
58,Company_58,Transportation,Oceania,2025,742.1,0.8,93.4,0.3,42.7,23.2,66.6,38.4,461953.1,76992.2,1539843.5
98,Company_98,Energy,North America,2019,13760.5,7.0,10839.3,10.9,41.7,12.1,48.8,64.3,15351852.5,4605555.7,153518524.5
717,Company_717,Energy,North America,2025,24550.0,50.0,219723.9,1.3,61.9,36.1,69.3,80.3,23252857.5,6975857.2,232528574.7
777,Company_777,Utilities,Middle East,2024,2020.9,13.3,3549.5,-9.1,46.8,56.2,53.7,30.6,1304169.0,815105.7,13041690.4
819,Company_819,Finance,Asia,2021,2307.8,9.2,3245.0,-0.5,64.2,88.0,36.3,68.1,26950.0,13475.0,67375.0
109,Company_109,Energy,Africa,2017,7821.6,2.6,3786.0,-22.0,50.0,50.1,48.0,52.0,6644618.1,1993385.4,66446181.2
581,Company_581,Energy,Oceania,2023,7543.6,-9.8,18139.2,20.4,61.4,30.3,83.2,70.6,7454001.7,2236200.5,74540017.5
807,Company_807,Transportation,Asia,2025,1169.9,9.2,1304.6,6.2,65.3,27.6,84.8,83.4,706733.7,117788.9,2355778.9
776,Company_776,Consumer Goods,Asia,2024,1183.3,16.7,3978.4,7.2,46.2,37.6,85.2,15.8,221748.7,277185.8,1108743.4
266,Company_266,Technology,Oceania,2022,9568.1,-1.1,35561.1,13.2,60.3,59.6,74.6,46.7,374614.4,224768.6,749228.8
14,Company_14,Transportation,Middle East,2021,1081.7,0.5,90.6,6.7,42.9,26.6,63.8,38.3,657776.8,109629.5,2192589.4
225,Company_225,Retail,Europe,2024,1402.8,9.7,1403.9,12.4,83.3,85.7,78.8,85.5,84213.9,42106.9,168427.7
875,Company_875,Healthcare,Asia,2015,3053.7,18.1,5522.8,,67.5,75.9,86.5,39.9,204103.8,204103.8,408207.5
267,Company_267,Retail,North America,2016,1618.4,7.8,2108.0,14.6,52.0,26.2,44.2,85.6,164537.5,82268.8,329075.0
672,Company_672,Finance,Middle East,2017,6609.1,4.7,4438.0,12.8,52.2,99.8,40.0,16.7,66303.2,33151.6,165757.9
16,Company_16,Energy,Europe,2017,1248.2,14.2,1935.3,2.9,47.5,48.3,39.1,55.1,1075823.2,322747.0,10758232.4
175,Company_175,Finance,Latin America,2016,3538.3,12.4,8160.9,13.1,55.7,94.8,23.9,48.3,37938.0,18969.0,94845.0
650,Company_650,Healthcare,Asia,2018,3014.3,20.8,14690.5,-6.0,55.0,43.7,37.3,83.9,269457.5,269457.5,538915.0
515,Company_515,Finance,Africa,2024,16246.2,10.9,17596.9,11.7,47.5,99.5,14.0,29.1,163521.7,81760.9,408804.3
280,Company_280,Transportation,Africa,2017,714.0,21.1,1309.1,11.6,43.7,85.6,36.6,9.0,257294.4,42882.4,857647.9
196,Company_196,Healthcare,Oceania,2020,6553.9,6.0,5801.1,5.8,55.5,71.2,57.7,37.6,459746.5,459746.5,919492.9
762,Company_762,Technology,North America,2020,10033.1,21.0,62284.2,1.1,77.1,100.0,58.3,73.1,250826.7,150496.0,501653.3
183,Company_183,Retail,Europe,2025,791.8,3.4,406.4,-1.9,61.6,63.1,82.6,39.0,60061.3,30030.6,120122.5
145,Company_145,Energy,Middle East,2015,2826.8,10.4,2800.7,,28.1,3.2,58.5,22.7,3328893.9,998668.2,33288939.2
490,Company_490,Retail,Africa,2022,2776.3,10.6,7022.4,16.2,66.8,92.4,68.4,39.7,153668.8,76834.4,307337.7
73,Company_73,Transportation,Asia,2024,1761.1,5.9,943.0,-1.9,57.4,25.3,77.3,69.7,1081083.1,180180.5,3603610.2
825,Company_825,Utilities,Middle East,2020,847.1,0.7,48.0,4.6,64.2,68.1,60.9,63.4,489965.4,306228.4,4899654.3
728,Company_728,Retail,North America,2015,1552.8,5.8,1076.0,,64.8,55.3,58.0,81.1,126282.3,63141.1,252564.6
595,Company_595,Consumer Goods,Oceania,2020,3034.1,22.0,15263.0,-2.1,80.5,63.4,91.2,86.8,458974.3,573717.9,2294871.7
543,Company_543,Energy,North America,2021,42603.7,20.9,73697.7,12.1,44.6,10.9,51.5,71.5,47870169.0,14361050.7,478701690.5
673,Company_673,Healthcare,Latin America,2025,2465.1,6.8,2949.8,6.2,63.4,52.2,45.8,92.2,205761.2,205761.2,411522.4
68,Company_68,Manufacturing,Middle East,2020,4511.8,12.5,9834.6,11.2,58.2,47.0,81.5,46.0,1178899.9,1571866.5,19648331.0
528,Company_528,Utilities,Oceania,2023,785.3,-0.8,2565.2,15.0,63.0,53.2,60.5,75.3,519918.0,324948.7,5199179.6
989,Company_989,Energy,Africa,2017,3561.7,16.6,10343.7,3.4,33.5,13.8,62.1,24.5,3929444.2,1178833.3,39294441.9
998,Company_998,Healthcare,Oceania,2018,1448.5,24.1,4956.7,9.6,63.6,96.9,23.9,70.1,75610.1,75610.1,151220.2
786,Company_786,Energy,North America,2025,938.1,25.9,2553.9,-2.8,58.7,57.7,43.5,74.7,746543.3,223963.0,7465433.5
272,Company_272,Energy,Oceania,2020,3661.1,28.2,19744.3,5.4,47.4,29.9,83.9,28.5,3626678.9,1088003.7,36266789.1
58,Company_58,Transportation,Oceania,2021,626.4,5.3,429.1,16.6,42.1,22.7,69.8,33.8,391365.9,65227.7,1304553.0
925,Company_925,Utilities,Africa,2023,972.9,15.4,1364.4,3.3,39.5,53.1,51.0,14.4,644689.4,402930.9,6446894.5
597,Company_597,Consumer Goods,Asia,2015,791.0,13.1,2291.2,,47.2,23.3,83.5,34.9,164000.6,205000.7,820002.8
936,Company_936,Energy,Middle East,2023,3456.0,-7.2,9826.1,6.3,40.5,24.1,38.7,58.7,3564986.2,1069495.8,35649861.6
356,Company_356,Consumer Goods,Europe,2015,852.5,16.4,1862.3,,61.7,70.4,56.2,58.5,120587.1,150733.9,602935.4
689,Company_689,Finance,Asia,2020,1130.9,9.4,885.7,3.0,56.5,100.0,41.0,28.7,11309.1,5654.5,28272.7
179,Company_179,Finance,Europe,2021,2227.2,13.5,3425.6,5.5,86.3,89.2,90.7,79.0,25650.4,12825.2,64126.0
553,Company_553,Retail,Africa,2016,2639.5,7.5,3418.2,3.3,46.6,44.5,50.0,45.3,234500.1,117250.1,469000.3
73,Company_73,Transportation,Asia,2022,1435.5,9.8,2703.0,16.7,55.1,24.6,73.5,67.3,885151.8,147525.3,2950506.1
311,Company_311,Consumer Goods,Middle East,2017,5494.2,19.4,18140.1,-7.4,7.2,2.7,12.6,6.1,1297656.4,1622070.5,6488282.2
172,Company_172,Energy,Asia,2019,7258.8,4.3,2950.4,5.1,39.6,19.8,67.5,31.6,7705380.2,2311614.1,77053801.8
881,Company_881,Utilities,Middle East,2017,1242.2,12.9,1367.3,5.2,58.8,82.5,62.4,31.5,618438.2,386523.9,6184382.1
509,Company_509,Technology,Europe,2020,16406.1,16.2,84986.0,22.2,66.9,100.0,73.6,27.2,410151.9,246091.2,820303.9
66,Company_66,Consumer Goods,Middle East,2015,1300.1,16.3,3140.1,,60.5,98.0,55.4,28.1,133722.0,167152.5,668610.0
722,Company_722,Healthcare,Asia,2024,4318.4,12.9,11641.5,13.2,45.6,81.5,34.6,20.8,271756.5,271756.5,543513.0
111,Company_111,Finance,Africa,2015,587.5,11.0,1180.9,,38.5,88.6,13.6,13.4,6809.5,3404.8,17023.8
533,Company_533,Technology,Middle East,2021,13082.1,11.3,47147.4,4.1,68.2,90.1,65.6,48.8,372226.5,223335.9,744453.0
315,Company_315,Utilities,Asia,2018,1002.8,17.1,1943.2,-15.1,58.3,65.8,80.4,28.8,592987.5,370617.2,5929874.9
690,Company_690,Finance,Europe,2024,3952.4,10.3,4898.2,12.0,87.0,97.6,84.8,78.5,40834.1,20417.0,102085.2
545,Company_545,Manufacturing,North America,2021,6117.7,9.5,6849.0,3.2,57.7,41.0,76.3,55.9,1675994.2,2234658.9,27933236.6
350,Company_350,Utilities,Latin America,2018,2501.4,14.0,4843.7,3.4,33.8,42.7,31.3,27.3,1802908.0,1126817.5,18029080.1
445,Company_445,Finance,Europe,2016,9322.8,19.7,24161.0,3.9,76.7,79.7,75.0,75.4,119760.1,59880.1,299400.3
430,Company_430,Healthcare,Oceania,2022,13429.3,9.1,24846.5,23.5,74.1,89.2,85.9,47.1,772612.7,772612.7,1545225.5
716,Company_716,Retail,Africa,2022,348.1,5.1,287.4,2.1,48.3,68.7,35.1,41.0,25029.2,12514.6,50058.3
861,Company_861,Consumer Goods,Asia,2019,1437.6,7.5,1953.4,13.0,40.9,48.7,63.1,11.0,247043.2,308804.0,1235216.1
380,Company_380,Retail,Europe,2015,398.6,5.1,360.6,,86.0,75.7,91.8,90.4,26701.7,13350.9,53403.5
109,Company_109,Energy,Africa,2015,10238.8,11.4,16081.5,,47.1,40.9,46.4,54.0,9355126.4,2806537.9,93551264.0
777,Company_777,Utilities,Middle East,2019,1898.6,11.1,2043.6,-1.9,45.3,53.3,53.9,28.9,1256365.5,785228.5,12563655.2
373,Company_373,Energy,Africa,2018,6746.4,12.7,15608.9,16.7,50.3,43.0,53.0,54.8,6064806.8,1819442.0,60648067.8
611,Company_611,Energy,Latin America,2024,19818.4,26.7,60146.4,19.4,28.5,25.5,47.5,12.6,20249907.9,6074972.4,202499078.8
475,Company_475,Technology,Asia,2017,15932.6,28.0,145292.2,-6.9,70.0,92.0,41.8,76.1,442714.1,265628.5,885428.3
54,Company_54,Healthcare,Oceania,2018,5888.0,20.9,25557.4,12.7,61.7,22.1,84.2,78.7,615583.0,615583.0,1231166.1
851,Company_851,Energy,Oceania,2020,821.6,19.8,1678.8,14.8,73.9,76.2,50.5,94.9,547616.2,164284.8,5476161.6
368,Company_368,Finance,Europe,2021,3979.3,19.2,6902.1,0.4,78.6,100.0,67.6,68.2,39792.6,19896.3,99481.4
553,Company_553,Retail,Africa,2017,2999.9,8.0,5536.2,13.7,47.1,45.8,50.6,44.9,263846.3,131923.2,527692.6
211,Company_211,Consumer Goods,Oceania,2024,1581.4,3.6,1147.5,9.4,67.3,40.9,69.2,91.8,289074.8,361343.5,1445373.8
965,Company_965,Healthcare,Middle East,2016,1506.6,20.6,7125.8,23.3,47.1,92.0,13.1,36.1,83769.6,83769.6,167539.1
198,Company_198,Manufacturing,North America,2022,422.4,15.2,659.2,1.8,49.8,32.8,34.2,82.3,122961.8,163949.1,2049363.8
382,Company_382,Energy,Asia,2016,4540.2,-9.8,18438.2,-2.5,63.6,74.8,54.6,61.4,3070290.6,921087.2,30702906.3
844,Company_844,Utilities,Africa,2018,1178.8,5.2,919.1,16.7,31.8,64.3,10.7,20.4,707348.4,442092.7,7073483.9
947,Company_947,Retail,Latin America,2015,2821.7,4.0,1294.5,,41.2,59.2,24.4,40.2,221652.7,110826.4,443305.4
159,Company_159,Consumer Goods,North America,2017,982.5,8.1,1688.2,-14.5,69.6,44.6,64.2,99.9,174500.7,218125.8,872503.4
281,Company_281,Healthcare,Middle East,2017,1345.3,12.8,2751.7,7.0,43.8,58.6,4.7,68.2,106288.8,106288.8,212577.7
872,Company_872,Consumer Goods,Latin America,2024,2145.0,15.4,6077.9,14.2,47.0,83.8,24.9,32.5,263198.9,328998.6,1315994.6
500,Company_500,Utilities,Middle East,2022,2286.3,8.8,2702.9,8.9,50.0,70.5,34.0,45.4,1292261.6,807663.5,12922616.4
518,Company_518,Utilities,Middle East,2024,340.4,4.0,114.8,1.5,57.2,89.8,47.0,34.9,155603.0,97251.9,1556029.7
172,Company_172,Energy,Asia,2020,7313.2,7.8,6979.1,0.7,43.5,22.8,72.0,35.6,7610072.5,2283021.8,76100725.0
847,Company_847,Finance,Oceania,2017,3904.9,22.6,15892.5,0.0,61.6,97.6,61.4,25.8,40377.3,20188.6,100943.2
3,Company_3,Transportation,Latin America,2016,245.2,8.5,224.0,-5.6,26.9,7.0,40.2,33.5,169346.3,28224.4,564487.8
380,Company_380,Retail,Europe,2016,443.5,2.7,257.2,11.3,86.7,78.0,91.5,90.5,29003.1,14501.5,58006.1
981,Company_981,Utilities,Africa,2016,1587.1,5.4,1254.9,13.7,43.1,50.6,47.9,30.9,1073804.3,671127.7,10738042.9
847,Company_847,Finance,Oceania,2021,4178.8,20.3,9771.8,-0.5,62.4,96.9,59.8,30.5,43579.3,21789.6,108948.2
585,Company_585,Energy,Asia,2020,7591.3,18.9,15455.7,12.4,24.6,30.4,30.8,12.4,7492306.8,2247692.0,74923068.3
881,Company_881,Utilities,Middle East,2016,1181.0,14.8,2271.0,1.4,57.3,78.5,60.6,32.6,614352.7,383970.4,6143526.9
558,Company_558,Finance,Middle East,2018,3723.5,8.5,5212.5,-3.8,53.5,47.7,54.4,58.3,64517.8,32258.9,161294.5
708,Company_708,Retail,North America,2016,719.9,9.0,754.5,1.6,73.6,63.8,81.0,76.0,54245.9,27122.9,108491.8
727,Company_727,Retail,Latin America,2017,1200.9,3.4,755.2,6.6,72.3,83.0,55.8,78.1,74378.2,37189.1,148756.3
444,Company_444,Finance,Europe,2016,3957.8,11.5,5636.1,10.2,91.7,99.2,84.3,91.6,40026.9,20013.4,100067.2
898,Company_898,Utilities,Oceania,2015,662.0,12.4,965.4,,66.1,79.3,38.4,80.6,341393.7,213371.0,3413936.7
130,Company_130,Manufacturing,Asia,2023,2292.0,29.5,9817.5,-7.0,33.5,16.1,31.8,52.5,747602.7,996803.6,12460045.4
72,Company_72,Utilities,Latin America,2023,603.7,8.6,672.3,-0.1,43.4,41.5,38.5,50.2,439223.5,274514.7,4392235.4
840,Company_840,Utilities,Africa,2017,1247.3,3.1,473.6,7.7,52.1,64.3,32.3,59.6,748321.8,467701.1,7483217.7
326,Company_326,Finance,Asia,2025,5512.2,17.5,11012.0,12.5,64.5,100.0,38.1,55.5,55121.8,27560.9,137804.4
123,Company_123,Technology,Middle East,2020,50915.7,14.8,225078.7,16.7,59.5,100.0,16.8,61.6,1272891.4,763734.8,2545782.8
556,Company_556,Transportation,Asia,2023,2582.9,-1.5,5746.6,-6.0,45.5,41.6,57.8,37.1,1408228.0,234704.7,4694093.2
194,Company_194,Manufacturing,Oceania,2020,1363.2,14.1,3714.7,5.1,87.0,78.3,89.3,93.3,266591.2,355454.9,4443186.3
471,Company_471,Utilities,Africa,2016,1239.4,13.7,1576.8,7.0,36.3,27.3,61.8,19.9,1000443.9,625277.4,10004438.6
694,Company_694,Consumer Goods,North America,2019,2994.0,5.7,2875.1,-0.5,71.8,62.6,59.3,93.6,456262.8,570328.5,2281313.9
783,Company_783,Manufacturing,Middle East,2025,5708.4,8.6,10714.6,17.4,44.2,22.0,72.6,38.0,1791361.0,2388481.4,29856017.4
927,Company_927,Manufacturing,Asia,2025,784.8,10.4,1035.9,9.2,65.4,53.8,59.6,82.8,193781.4,258375.2,3229690.2
695,Company_695,Manufacturing,Latin America,2021,873.0,8.6,1047.7,0.6,58.1,61.7,57.2,55.6,201237.2,268316.2,3353952.9
1000,Company_1000,Consumer Goods,Latin America,2019,2798.3,16.8,6684.5,0.7,48.9,66.8,41.1,38.9,409725.5,512156.9,2048627.7
270,Company_270,Manufacturing,Asia,2016,4351.5,13.5,5506.5,1.0,50.7,50.2,49.6,52.4,1107907.3,1477209.7,18465121.5
479,Company_479,Transportation,Oceania,2019,793.6,11.2,1117.2,5.8,44.7,18.2,92.4,23.4,510654.7,85109.1,1702182.4
664,Company_664,Finance,Latin America,2018,7864.6,12.8,14378.9,-5.6,69.4,92.5,77.3,38.3,86910.0,43455.0,217275.1
635,Company_635,Transportation,Latin America,2024,891.0,4.0,446.9,9.8,47.1,73.2,30.4,37.8,367550.4,61258.4,1225168.1
129,Company_129,Healthcare,Africa,2025,2423.2,15.3,5235.5,7.8,50.5,67.5,22.4,61.6,176313.0,176313.0,352626.0
260,Company_260,Consumer Goods,Latin America,2024,3142.7,5.5,3256.3,12.0,73.1,100.0,51.2,68.2,314270.2,392837.7,1571350.8
677,Company_677,Utilities,Oceania,2023,4107.1,14.9,9055.8,12.0,47.4,44.6,32.4,65.2,2918065.8,1823791.1,29180658.2
56,Company_56,Utilities,North America,2015,702.2,10.2,1034.9,,57.3,24.8,60.8,86.3,576680.5,360425.3,5766804.7
178,Company_178,Transportation,Latin America,2025,6860.0,4.2,3107.4,8.4,29.6,34.6,12.0,42.3,3942330.7,657055.1,13141102.5
205,Company_205,Energy,Asia,2023,20672.5,50.0,175849.0,19.2,40.3,53.4,24.5,43.1,17081826.6,5124548.0,170818265.6
963,Company_963,Transportation,Africa,2015,2235.1,4.6,1031.0,,32.9,16.2,32.7,49.7,1456932.3,242822.0,4856441.0
956,Company_956,Finance,Oceania,2020,4345.7,12.9,9253.3,0.7,62.4,100.0,48.1,39.2,43457.5,21728.7,108643.6
91,Company_91,Manufacturing,Europe,2018,3799.5,25.6,9842.8,-5.6,62.0,46.2,53.4,86.4,999548.9,1332731.9,16659148.4
528,Company_528,Utilities,Oceania,2018,597.2,4.2,365.5,11.8,56.2,41.8,60.5,66.2,433431.7,270894.8,4334317.1
523,Company_523,Consumer Goods,North America,2022,1386.6,15.1,2868.7,-8.6,43.0,30.1,44.2,54.8,274334.7,342918.3,1371673.3
371,Company_371,Retail,Middle East,2022,1085.1,-0.1,1882.9,7.7,45.1,71.2,30.5,33.5,76159.4,38079.7,152318.8
967,Company_967,Technology,Europe,2021,19966.0,6.1,30666.8,14.1,91.7,95.4,88.6,91.0,531166.4,318699.8,1062332.7
871,Company_871,Finance,Latin America,2015,198.6,15.2,525.6,,60.5,94.2,42.4,45.0,2148.7,1074.4,5371.8
453,Company_453,Energy,Middle East,2024,4160.0,-4.7,3394.6,25.1,32.1,22.7,36.4,37.1,4330435.8,1299130.7,43304357.9
855,Company_855,Healthcare,Latin America,2025,1401.9,17.9,3097.3,11.6,46.2,58.6,41.4,38.5,110674.6,110674.6,221349.1
244,Company_244,Energy,Europe,2020,13150.5,-8.4,34473.1,-1.5,60.4,40.3,80.1,60.8,12071955.8,3621586.7,120719558.1
554,Company_554,Manufacturing,Europe,2018,1095.5,4.2,1004.7,-0.2,47.8,32.0,75.7,35.8,320722.4,427629.9,5345373.5
995,Company_995,Healthcare,Latin America,2019,1857.3,13.5,3335.4,-7.3,57.5,94.7,34.8,43.0,99710.9,99710.9,199421.7
351,Company_351,Utilities,Europe,2024,360.1,8.2,358.2,-5.4,60.7,31.8,68.2,82.0,281563.3,175977.1,2815633.5
497,Company_497,Utilities,Africa,2025,1248.2,13.0,2098.6,9.4,48.8,66.1,50.9,29.3,736145.4,460090.8,7361453.6
592,Company_592,Utilities,Latin America,2022,1664.8,6.0,1146.4,9.9,52.1,66.8,55.9,33.7,975547.9,609717.4,9755479.1
365,Company_365,Retail,North America,2023,2441.3,5.1,2260.0,13.3,67.9,83.6,55.2,64.9,150060.7,75030.3,300121.3
855,Company_855,Healthcare,Latin America,2016,765.5,13.1,1663.1,10.2,37.9,55.0,30.9,27.6,62361.3,62361.3,124722.6
474,Company_474,Consumer Goods,Latin America,2016,1775.3,7.0,1411.9,3.8,58.4,54.6,49.6,71.0,290417.6,363022.0,1452088.0
809,Company_809,Utilities,Asia,2016,397.6,15.6,908.2,-3.9,45.3,47.4,54.8,33.7,276271.2,172669.5,2762711.8
722,Company_722,Healthcare,Asia,2016,1532.7,13.5,4204.4,26.9,44.1,76.5,34.1,21.7,101842.2,101842.2,203684.3
712,Company_712,Healthcare,Asia,2015,2566.6,13.2,4689.1,,53.8,46.7,52.1,62.5,224081.9,224081.9,448163.7
280,Company_280,Transportation,Africa,2015,572.1,18.5,1302.2,,42.2,81.8,40.1,4.7,215266.1,35877.7,717553.6
984,Company_984,Utilities,Latin America,2015,538.9,10.2,655.3,,40.1,45.3,37.1,37.9,380593.5,237870.9,3805935.1
241,Company_241,Finance,Asia,2023,8981.9,0.1,203.2,0.2,85.8,100.0,85.0,72.5,89818.5,44909.3,224546.3
120,Company_120,Consumer Goods,Asia,2016,1438.1,8.2,2782.8,-0.5,53.9,46.7,27.5,87.5,251164.4,313955.5,1255822.0
225,Company_225,Retail,Europe,2016,699.2,6.7,1127.9,2.0,82.8,77.4,81.2,89.8,46034.2,23017.1,92068.4
772,Company_772,Transportation,Asia,2024,983.2,2.0,192.5,1.0,42.5,31.9,24.1,71.6,576350.2,96058.4,1921167.5
714,Company_714,Transportation,Latin America,2016,296.6,8.0,388.8,-13.7,47.1,34.5,66.8,39.8,170505.7,28417.6,568352.3
456,Company_456,Utilities,Asia,2017,393.3,4.5,233.2,-2.7,34.4,38.0,52.1,13.0,293830.5,183644.1,2938304.9
238,Company_238,Retail,Middle East,2021,776.8,2.3,425.0,7.0,44.3,84.3,30.1,18.5,47390.5,23695.3,94781.1
570,Company_570,Energy,Latin America,2019,611.5,16.9,1565.3,-13.8,42.4,31.0,69.0,27.3,601269.9,180381.0,6012699.5
715,Company_715,Technology,North America,2016,2381.3,22.3,18534.2,-1.5,56.6,67.8,25.4,76.8,86368.4,51821.0,172736.7
530,Company_530,Manufacturing,Asia,2020,857.9,11.8,1232.6,14.3,33.7,21.0,19.1,60.9,271032.3,361376.4,4517204.8
120,Company_120,Consumer Goods,Asia,2021,2306.5,4.7,1827.9,18.8,58.9,59.4,29.5,87.7,361804.5,452255.6,1809022.6
199,Company_199,Retail,Latin America,2020,554.3,6.5,860.5,6.6,57.5,54.4,60.1,58.2,45409.0,22704.5,90818.0
431,Company_431,Consumer Goods,Asia,2025,1189.8,14.3,4082.3,13.1,74.7,65.4,77.3,81.3,176586.8,220733.5,882934.1
845,Company_845,Retail,Middle East,2015,856.1,1.4,196.4,,55.3,68.0,46.2,51.7,61967.1,30983.6,123934.3
799,Company_799,Consumer Goods,Oceania,2015,2372.0,5.6,3159.4,,72.5,49.4,88.1,79.9,405396.9,506746.1,2026984.4
122,Company_122,Energy,Europe,2023,7273.7,0.3,327.7,-0.0,60.5,50.7,75.0,55.7,6147274.8,1844182.4,61472748.3
461,Company_461,Technology,Oceania,2017,1171.1,24.1,9224.2,-4.1,77.1,78.4,95.8,57.0,38124.3,22874.6,76248.6
68,Company_68,Manufacturing,Middle East,2016,3628.2,13.9,7620.8,8.6,53.0,41.6,76.7,40.8,989147.5,1318863.3,16485791.6
88,Company_88,Manufacturing,North America,2023,1289.0,3.1,594.8,3.7,79.1,79.4,70.2,87.7,249041.8,332055.7,4150696.2
23,Company_23,Healthcare,Asia,2025,924.5,25.0,2909.9,-14.4,64.6,61.4,53.8,78.5,71201.3,71201.3,142402.5
80,Company_80,Utilities,Europe,2018,1178.7,9.1,1489.2,-9.9,70.0,41.6,93.6,74.7,856838.9,535524.3,8568389.5
592,Company_592,Utilities,Latin America,2024,1931.7,8.4,1461.7,2.7,55.6,70.2,59.0,37.7,1095475.7,684672.3,10954757.1
888,Company_888,Utilities,Oceania,2019,1288.9,9.0,1610.3,-6.1,70.2,63.9,79.9,66.9,775919.3,484949.6,7759193.1
377,Company_377,Consumer Goods,Europe,2019,3559.3,9.5,3680.3,10.1,49.6,49.2,24.0,75.6,609026.1,761282.6,3045130.4
943,Company_943,Transportation,Oceania,2020,854.5,11.1,1316.0,11.0,51.7,12.6,62.6,79.9,570139.7,95023.3,1900465.8
532,Company_532,Retail,North America,2018,335.6,9.4,716.1,20.9,90.3,91.2,84.8,94.9,18836.8,9418.4,37673.6
223,Company_223,Transportation,Latin America,2025,216.4,-3.8,1045.5,-6.3,40.0,43.3,67.7,9.0,116498.2,19416.4,388327.4
269,Company_269,Healthcare,Latin America,2015,486.7,12.9,1254.1,,41.2,72.9,30.5,20.2,33569.8,33569.8,67139.7
797,Company_797,Manufacturing,North America,2018,1389.2,13.4,3183.8,-14.8,60.2,46.6,51.9,82.1,364289.3,485719.1,6071488.6
307,Company_307,Finance,Middle East,2019,5564.4,19.8,9867.0,20.6,59.8,97.1,73.9,8.3,57871.4,28935.7,144678.5
634,Company_634,Healthcare,Europe,2020,1548.3,22.4,8124.4,8.0,48.5,35.4,66.8,43.4,147402.4,147402.4,294804.8
752,Company_752,Healthcare,Latin America,2017,7956.3,14.2,26786.8,12.4,55.2,90.2,46.9,28.4,452595.0,452595.0,905190.0
704,Company_704,Utilities,Europe,2019,491.4,11.6,501.7,-3.6,74.4,39.0,94.0,90.2,364347.5,227717.2,3643475.1
634,Company_634,Healthcare,Europe,2021,1622.3,25.3,5903.0,4.8,47.7,35.2,63.2,44.8,154735.1,154735.1,309470.2
974,Company_974,Energy,Europe,2024,17423.2,28.8,84572.7,16.7,50.8,17.0,50.5,85.1,18837786.1,5651335.8,188377861.3
981,Company_981,Utilities,Africa,2025,1803.6,2.3,487.7,-0.4,46.8,55.0,49.5,35.9,1175562.4,734726.5,11755624.1
41,Company_41,Energy,North America,2022,7691.9,12.4,9447.4,1.0,59.0,42.2,48.1,86.7,6957685.0,2087305.5,69576850.1
674,Company_674,Finance,Africa,2025,1203.1,20.3,4423.9,-2.3,57.1,80.0,46.7,44.6,15405.0,7702.5,38512.5
6,Company_6,Transportation,Oceania,2016,2574.5,-1.0,11890.9,10.1,68.4,56.1,76.9,72.2,1246956.8,207826.1,4156522.6
479,Company_479,Transportation,Oceania,2023,916.5,4.4,700.2,10.8,48.2,24.7,94.5,25.2,564815.9,94136.0,1882719.7
44,Company_44,Healthcare,Oceania,2018,9498.1,27.7,35202.9,9.5,56.4,44.9,31.4,93.0,841267.4,841267.4,1682534.7
236,Company_236,Retail,Asia,2015,1033.0,2.2,412.8,,67.4,62.9,47.9,91.3,78468.9,39234.4,156937.8
508,Company_508,Utilities,Europe,2019,351.4,8.6,403.0,-11.2,53.0,18.9,59.4,80.8,300245.8,187653.6,3002457.8
808,Company_808,Technology,North America,2017,5035.3,24.0,35669.3,15.6,63.6,78.8,56.5,55.5,163206.0,97923.6,326411.9
430,Company_430,Healthcare,Oceania,2016,4758.0,9.5,10564.3,9.3,69.3,79.6,78.9,49.5,305828.0,305828.0,611656.0
519,Company_519,Retail,Middle East,2017,1128.8,4.3,1004.2,6.9,50.3,69.8,60.0,21.1,80281.9,40141.0,160563.8
594,Company_594,Utilities,Europe,2015,2701.2,10.8,2467.9,,52.4,40.9,38.1,78.2,1974031.8,1233769.9,19740317.7
890,Company_890,Utilities,Middle East,2021,211.0,8.4,205.9,0.8,42.8,57.5,63.3,7.6,134610.9,84131.8,1346109.3
69,Company_69,Energy,North America,2017,6774.6,26.5,24959.3,18.7,44.9,7.5,63.5,63.8,7775821.1,2332746.3,77758211.2
988,Company_988,Consumer Goods,Europe,2024,16243.2,3.5,11125.7,9.2,77.0,79.3,51.7,100.0,2095491.1,2619363.9,10477455.4
359,Company_359,Consumer Goods,Latin America,2015,821.1,7.0,977.8,,26.8,9.7,59.8,11.0,185954.4,232443.0,929772.2
35,Company_35,Healthcare,Middle East,2017,806.5,11.2,1208.5,5.7,69.0,72.3,84.4,50.2,55947.2,55947.2,111894.3
560,Company_560,Technology,Latin America,2017,1989.4,21.0,13550.6,28.5,56.4,83.3,69.5,16.5,61371.6,36823.0,122743.2
513,Company_513,Healthcare,Europe,2022,2051.3,25.5,6467.2,8.1,54.8,38.6,63.2,62.4,190674.7,190674.7,381349.3
285,Company_285,Energy,Latin America,2022,24211.7,6.9,16207.0,7.2,52.8,48.4,44.3,65.7,20852132.8,6255639.8,208521327.6
1000,Company_1000,Consumer Goods,Latin America,2015,2388.7,14.7,6004.2,,46.4,60.0,38.8,40.4,372525.7,465657.2,1862628.6
934,Company_934,Consumer Goods,Middle East,2018,1940.5,8.6,2914.0,-4.1,37.2,37.0,54.7,19.9,365079.4,456349.3,1825397.1
907,Company_907,Transportation,Oceania,2023,839.5,0.7,68.5,13.9,51.7,40.1,62.4,52.7,462916.7,77152.8,1543055.6
345,Company_345,Consumer Goods,Oceania,2025,703.4,16.3,2408.6,-6.6,80.3,66.3,93.0,81.6,103545.8,129432.3,517729.1
564,Company_564,Energy,Africa,2025,10246.7,4.2,8194.5,-2.2,31.7,34.6,20.1,40.4,9811294.7,2943388.4,98112946.9
376,Company_376,Technology,Oceania,2019,1506.5,15.9,3965.6,-1.8,85.5,91.0,75.7,89.7,42411.5,25446.9,84823.0
576,Company_576,Finance,Asia,2023,3704.3,10.8,5741.9,8.8,66.0,100.0,45.6,52.4,37043.2,18521.6,92608.0
954,Company_954,Utilities,Latin America,2022,1095.3,12.2,1451.6,6.8,49.8,35.4,57.2,56.8,834254.8,521409.2,8342547.6
641,Company_641,Manufacturing,Latin America,2025,1163.4,18.3,2009.3,5.1,51.1,43.2,48.0,62.1,313198.3,417597.7,5219970.9
288,Company_288,Technology,Asia,2024,46184.9,20.7,323642.4,9.5,66.8,83.8,74.0,42.8,1416981.8,850189.1,2833963.7
640,Company_640,Finance,Africa,2020,19674.8,12.9,40539.2,25.2,57.9,84.6,75.8,13.2,239060.5,119530.2,597651.2
743,Company_743,Finance,Europe,2023,13553.0,17.5,22402.6,-9.0,66.7,71.0,77.4,51.8,190606.6,95303.3,476516.6
568,Company_568,Healthcare,Africa,2022,1355.1,19.7,6420.2,-3.2,47.7,59.8,57.3,25.9,105922.6,105922.6,211845.1
21,Company_21,Energy,Asia,2022,1652.2,16.6,4510.0,-10.9,35.7,27.8,39.7,39.4,1660624.1,498187.2,16606241.1
422,Company_422,Energy,Europe,2015,7231.9,12.9,10770.9,,75.1,70.7,86.0,68.6,5097618.3,1529285.5,50976182.8
984,Company_984,Utilities,Latin America,2025,326.1,9.4,250.0,-8.3,50.9,50.7,57.3,44.6,220445.6,137778.5,2204456.2
138,Company_138,Energy,Latin America,2016,13792.0,4.4,7942.1,-6.9,45.2,43.0,62.4,30.2,12401263.8,3720379.1,124012637.6
895,Company_895,Finance,Oceania,2019,8095.0,15.1,20829.5,-3.6,60.2,100.0,21.5,59.1,80950.4,40475.2,202376.1
894,Company_894,Healthcare,North America,2022,12012.7,19.0,27875.7,-4.7,79.0,69.6,98.3,69.2,856058.5,856058.5,1712117.0
154,Company_154,Manufacturing,Asia,2016,4737.7,17.3,10577.7,1.2,49.9,38.8,45.4,65.4,1319901.3,1759868.4,21998354.9
46,Company_46,Healthcare,Middle East,2019,8719.7,20.5,20858.9,3.5,50.3,73.5,50.7,26.6,597808.8,597808.8,1195617.7
666,Company_666,Finance,Middle East,2020,6372.8,7.9,7259.8,-0.4,41.7,74.6,40.5,9.9,86428.9,43214.5,216072.3
904,Company_904,Utilities,Europe,2016,1259.9,8.9,945.7,27.8,42.9,37.8,49.0,41.9,942449.2,589030.8,9424492.4
171,Company_171,Utilities,Oceania,2022,772.2,11.7,767.3,4.1,54.7,32.2,68.7,63.3,602245.3,376403.3,6022452.9
265,Company_265,Manufacturing,Middle East,2024,580.4,-2.6,2108.6,-20.4,32.4,59.6,33.1,4.5,136269.8,181693.1,2271163.3
47,Company_47,Consumer Goods,Africa,2022,260.1,-5.8,516.8,1.6,62.0,80.5,73.7,31.9,33131.6,41414.5,165658.2
397,Company_397,Consumer Goods,Latin America,2018,5862.8,6.5,9084.2,16.0,30.0,32.9,16.6,40.4,1136731.4,1420914.2,5683657.0
534,Company_534,Manufacturing,Africa,2024,1516.0,5.5,1657.4,11.3,39.5,6.7,87.4,24.5,524284.9,699046.6,8738082.5
607,Company_607,Healthcare,Europe,2021,35031.7,26.9,201165.6,23.4,88.1,98.4,85.8,80.1,1789988.4,1789988.4,3579976.8
251,Company_251,Transportation,Asia,2018,645.8,3.4,271.3,12.2,47.5,16.4,55.1,71.1,420452.9,70075.5,1401509.5
424,Company_424,Finance,Europe,2018,9365.8,7.1,7095.6,14.6,86.0,97.9,61.8,98.3,96349.7,48174.9,240874.4
44,Company_44,Healthcare,Oceania,2016,9247.6,25.4,27131.5,7.0,53.3,42.0,32.3,85.6,838153.8,838153.8,1676307.6
514,Company_514,Energy,Latin America,2015,2359.3,10.0,4526.0,,49.2,55.8,74.9,16.9,1909035.0,572710.5,19090349.9
211,Company_211,Consumer Goods,Oceania,2017,1304.6,5.0,981.5,14.1,68.2,36.3,75.1,93.0,246716.8,308396.0,1233584.1
788,Company_788,Finance,North America,2021,3714.7,5.9,3218.7,-8.0,73.9,99.9,42.1,79.6,37188.1,18594.0,92970.1
281,Company_281,Healthcare,Middle East,2015,1339.2,14.5,3895.2,,43.6,58.8,3.2,68.9,105607.6,105607.6,211215.2
44,Company_44,Healthcare,Oceania,2022,10424.8,32.2,38133.9,-3.1,57.6,38.9,42.0,91.8,966874.7,966874.7,1933749.3
952,Company_952,Energy,Africa,2022,6525.7,-10.6,24483.7,-17.6,28.2,18.0,35.9,30.8,7008537.3,2102561.2,70085373.4
783,Company_783,Manufacturing,Middle East,2020,3326.8,9.1,4441.1,1.1,36.2,12.5,60.9,35.2,1110526.3,1480701.7,18508771.3
958,Company_958,Healthcare,Africa,2018,1629.4,21.0,5471.1,21.7,45.0,39.4,39.5,56.2,150628.8,150628.8,301257.6
224,Company_224,Manufacturing,Europe,2015,1359.3,8.1,2161.3,,39.8,5.2,66.5,47.9,474632.1,632842.8,7910535.3
658,Company_658,Utilities,North America,2025,3433.2,13.2,4562.5,14.3,63.6,70.5,43.1,77.3,1941068.2,1213167.6,19410681.5
844,Company_844,Utilities,Africa,2023,1727.1,5.7,1315.8,-16.9,35.4,62.7,14.4,29.0,1051769.5,657355.9,10517694.7
582,Company_582,Healthcare,Oceania,2022,3200.2,18.2,13750.7,18.3,80.5,91.0,67.0,83.6,180137.2,180137.2,360274.3
369,Company_369,Utilities,Europe,2015,779.4,6.7,448.7,,57.1,5.1,74.4,91.8,725809.8,453631.1,7258097.8
123,Company_123,Technology,Middle East,2022,78027.0,15.6,404011.2,24.2,63.5,100.0,23.8,66.7,1950674.7,1170404.8,3901349.3
818,Company_818,Consumer Goods,Africa,2022,685.5,8.4,1109.9,-4.6,48.6,52.5,72.5,20.8,114114.2,142642.8,570571.1
228,Company_228,Finance,Africa,2016,2050.2,13.8,4679.2,26.4,50.3,94.4,38.9,17.5,22104.3,11052.2,55260.8
910,Company_910,Finance,Oceania,2021,2549.3,21.6,6773.6,12.9,75.1,100.0,81.6,43.7,25493.4,12746.7,63733.4
531,Company_531,Consumer Goods,Oceania,2025,1214.3,6.6,836.1,7.5,37.5,29.3,38.5,44.7,241583.5,301979.4,1207917.5
458,Company_458,Transportation,Asia,2022,4680.7,4.7,2538.8,21.0,31.6,12.3,54.8,27.9,3129162.1,521527.0,10430540.4
147,Company_147,Energy,Latin America,2015,11194.1,-16.5,16637.0,,47.3,44.5,67.9,29.3,9947693.5,2984308.0,99476934.9
376,Company_376,Technology,Oceania,2022,1712.0,12.7,5542.1,9.3,90.5,95.0,78.5,98.0,45778.7,27467.2,91557.5
865,Company_865,Consumer Goods,Asia,2025,2209.3,1.6,839.8,23.1,55.1,40.4,64.6,60.4,405403.6,506754.5,2027018.1
370,Company_370,Technology,Middle East,2023,6108.3,5.5,8434.8,13.7,59.7,100.0,57.3,22.0,152707.0,91624.2,305414.0
132,Company_132,Consumer Goods,Oceania,2020,1029.0,5.2,1122.6,4.3,62.5,81.3,67.2,39.2,129864.2,162330.2,649320.8
813,Company_813,Finance,Europe,2018,1628.4,16.7,2183.3,18.7,75.8,99.7,85.2,42.5,16342.6,8171.3,40856.4
93,Company_93,Retail,Latin America,2023,516.7,8.6,1065.2,-5.3,64.4,98.9,56.4,37.9,26244.1,13122.1,52488.2
65,Company_65,Transportation,Europe,2016,787.0,5.0,351.7,-3.7,62.2,29.0,91.7,66.0,470838.1,78473.0,1569460.3
861,Company_861,Consumer Goods,Asia,2017,1281.4,6.0,780.7,5.8,40.7,53.7,62.2,6.3,211214.6,264018.2,1056072.9
170,Company_170,Energy,Europe,2022,574.6,-14.0,457.8,-5.1,47.2,23.1,34.8,83.7,596753.1,179025.9,5967531.3
685,Company_685,Energy,North America,2023,10138.5,-8.1,13214.8,21.3,47.7,24.2,57.3,61.6,10450917.0,3135275.1,104509169.6
220,Company_220,Transportation,Oceania,2023,218.8,5.4,200.0,-13.8,64.0,64.3,62.5,65.3,98466.9,16411.2,328223.1
193,Company_193,Manufacturing,Asia,2025,3522.6,10.4,3351.8,11.6,43.6,62.9,44.2,23.8,803163.0,1070884.1,13386050.8
811,Company_811,Finance,Asia,2016,23675.4,19.4,43288.5,-2.5,46.4,53.7,63.6,21.8,390146.9,195073.4,975367.2
175,Company_175,Finance,Latin America,2022,8321.9,3.8,4071.9,17.9,59.8,100.0,18.2,61.3,83219.2,41609.6,208047.9
365,Company_365,Retail,North America,2018,2130.8,5.9,1641.5,4.8,64.6,79.7,54.3,59.8,136848.3,68424.2,273696.7
749,Company_749,Retail,North America,2022,378.7,-3.3,209.2,7.0,74.5,98.4,48.0,77.2,19368.9,9684.5,38737.9
228,Company_228,Finance,Africa,2025,3857.0,15.6,6295.6,3.3,54.6,100.0,40.2,23.5,38570.2,19285.1,96425.6
130,Company_130,Manufacturing,Asia,2015,2174.8,14.1,2890.7,,27.8,6.1,30.2,47.0,754971.4,1006628.6,12582857.2
724,Company_724,Retail,North America,2022,382.0,13.0,550.8,16.9,72.9,72.1,63.7,82.9,26555.5,13277.7,53111.0
582,Company_582,Healthcare,Oceania,2018,2304.9,13.2,6949.2,5.2,76.0,83.7,60.4,83.9,141571.5,141571.5,283142.9
185,Company_185,Transportation,Latin America,2016,340.4,-1.6,1281.9,-19.6,13.2,0.0,21.1,18.4,245118.0,40853.0,817060.1
55,Company_55,Finance,Latin America,2015,713.6,12.1,1217.9,,72.0,99.9,70.2,46.0,7148.4,3574.2,17871.0
142,Company_142,Finance,North America,2022,2433.8,3.8,1538.1,7.0,65.6,99.3,45.4,52.1,24588.1,12294.0,61470.1
857,Company_857,Retail,Europe,2015,1973.0,3.1,856.9,,65.2,32.7,84.3,78.7,191605.7,95802.8,383211.3
371,Company_371,Retail,Middle East,2021,1007.3,0.7,69.0,2.9,45.0,70.6,30.6,33.7,71102.7,35551.3,142205.4
812,Company_812,Manufacturing,North America,2015,645.1,3.4,448.0,,40.4,3.9,39.9,77.6,226983.9,302645.1,3783064.3
188,Company_188,Consumer Goods,Oceania,2016,2223.8,11.0,5859.8,18.8,49.7,63.4,57.6,28.2,336401.6,420501.9,1682007.8
481,Company_481,Transportation,Middle East,2019,616.0,3.8,460.9,1.1,17.9,22.4,12.8,18.5,385510.0,64251.7,1285033.2
356,Company_356,Consumer Goods,Europe,2019,1053.5,13.5,1614.0,0.1,66.6,77.4,52.7,69.6,138647.2,173309.0,693235.8
960,Company_960,Energy,Asia,2015,10565.3,17.1,33266.5,,46.6,12.0,68.0,59.8,11789876.8,3536963.1,117898768.4
529,Company_529,Finance,Asia,2016,12440.2,11.8,24747.7,10.3,48.4,86.4,36.4,22.3,148114.4,74057.2,370286.0
689,Company_689,Finance,Asia,2018,960.3,15.0,2735.5,2.0,54.8,96.4,38.6,29.3,10083.3,5041.7,25208.3
976,Company_976,Utilities,Africa,2025,1217.3,17.7,2086.7,-5.3,27.6,26.8,42.8,13.3,985740.4,616087.8,9857404.1
540,Company_540,Utilities,Oceania,2023,1887.2,7.9,2001.9,4.6,74.4,79.2,100.0,44.0,974500.8,609063.0,9745007.8
695,Company_695,Manufacturing,Latin America,2023,843.1,6.3,623.1,-4.4,55.9,61.5,54.1,51.9,194553.3,259404.5,3242555.6
303,Company_303,Energy,Oceania,2021,1281.7,29.5,7364.2,-15.7,59.3,29.9,74.5,73.6,1269469.5,380840.9,12694695.4
790,Company_790,Finance,Latin America,2017,7374.4,23.4,14987.5,-0.5,53.1,80.8,33.9,44.8,93604.6,46802.3,234011.5
27,Company_27,Healthcare,Europe,2021,3276.1,6.7,4076.0,17.8,64.8,100.0,51.0,43.4,163806.9,163806.9,327613.7
315,Company_315,Utilities,Asia,2022,772.4,16.2,1578.1,-11.0,63.3,69.8,79.2,40.9,439474.0,274671.3,4394740.1
379,Company_379,Manufacturing,Africa,2018,2433.1,3.2,1093.7,17.6,38.1,32.9,31.4,50.1,707787.4,943716.5,11796456.3
308,Company_308,Finance,Asia,2025,2711.8,11.9,4899.0,0.4,70.2,100.0,60.1,50.5,27117.5,13558.8,67793.9
769,Company_769,Manufacturing,North America,2016,1193.6,2.3,345.7,-1.2,27.3,23.5,18.2,40.3,370773.1,494364.2,6179552.3
218,Company_218,Utilities,Middle East,2020,944.9,7.8,888.3,-0.6,42.7,54.7,38.6,34.7,617834.3,386146.4,6178343.1
397,Company_397,Consumer Goods,Latin America,2024,8371.2,9.9,15512.8,20.4,36.0,43.5,14.5,50.1,1499081.8,1873852.3,7495409.2
120,Company_120,Consumer Goods,Asia,2024,3533.4,3.0,1482.9,16.0,57.9,62.4,25.5,85.8,539549.7,674437.1,2697748.4
947,Company_947,Retail,Latin America,2019,3705.0,8.7,5334.3,-0.3,40.6,64.8,21.0,35.8,276493.5,138246.8,552987.1
294,Company_294,Healthcare,Oceania,2021,733.5,14.4,2204.5,0.6,82.0,71.4,88.3,86.3,51370.7,51370.7,102741.5
378,Company_378,Technology,Oceania,2016,1387.2,25.1,12096.6,6.3,86.5,82.7,94.9,81.9,43081.2,25848.7,86162.3
829,Company_829,Manufacturing,Oceania,2025,3138.4,6.7,4107.1,-0.4,52.9,40.9,40.1,77.6,860059.5,1146746.0,14334325.3
719,Company_719,Retail,North America,2020,657.6,7.6,851.6,3.5,52.8,48.5,83.0,26.9,56583.0,28291.5,113166.1
527,Company_527,Retail,Asia,2024,957.9,12.9,1323.4,3.5,34.0,29.3,53.4,19.3,95277.9,47639.0,190555.8
456,Company_456,Utilities,Asia,2024,378.3,11.2,401.0,-7.5,35.1,45.0,49.0,11.3,267720.5,167325.3,2677204.9
251,Company_251,Transportation,Asia,2016,477.4,5.3,462.7,11.8,43.8,14.4,49.3,67.8,314934.7,52489.1,1049782.5
457,Company_457,Transportation,North America,2019,1443.7,12.2,2339.7,8.2,71.0,43.6,86.9,82.5,775354.0,129225.7,2584513.2
421,Company_421,Retail,Africa,2024,1349.3,3.2,1066.7,9.2,79.4,73.5,85.0,79.8,92468.8,46234.4,184937.6
606,Company_606,Transportation,Europe,2018,1781.0,-3.3,3474.8,14.0,45.4,19.7,45.8,70.7,1135277.7,189212.9,3784258.9
940,Company_940,Healthcare,Asia,2021,691.2,11.4,1627.4,1.5,49.4,58.6,41.0,48.7,54593.7,54593.7,109187.4
994,Company_994,Manufacturing,Europe,2016,1110.0,7.7,1489.1,5.0,53.1,13.4,93.1,52.7,368327.8,491103.7,6138796.2
322,Company_322,Consumer Goods,Middle East,2024,2185.6,0.8,409.4,8.9,50.1,74.5,35.6,40.1,296508.7,370635.9,1482543.7
594,Company_594,Utilities,Europe,2016,2288.9,12.8,2360.9,-15.3,52.4,39.4,37.9,80.1,1692933.5,1058083.4,16929335.0
692,Company_692,Healthcare,Asia,2019,1346.4,3.6,577.7,12.6,76.5,95.5,47.4,86.7,71531.3,71531.3,143062.6
77,Company_77,Utilities,Africa,2016,425.4,10.6,617.5,6.0,64.0,76.1,55.0,60.9,227077.8,141923.6,2270778.0
598,Company_598,Utilities,North America,2015,1227.1,9.7,1533.9,,44.9,13.4,48.2,73.1,1085926.7,678704.2,10859266.9
913,Company_913,Transportation,Oceania,2016,701.1,2.8,324.5,12.6,58.1,38.9,84.1,51.1,390195.3,65032.6,1300651.1
452,Company_452,Consumer Goods,Asia,2017,2307.7,13.1,3995.2,4.3,47.6,51.7,52.0,39.2,386975.4,483719.3,1934877.2
893,Company_893,Finance,Oceania,2021,6705.5,12.4,6833.1,10.6,63.7,100.0,59.6,31.5,67054.5,33527.3,167636.3
710,Company_710,Manufacturing,Middle East,2018,3448.7,13.9,10407.0,6.9,27.8,38.9,34.0,10.5,959841.8,1279789.1,15997364.1
396,Company_396,Finance,North America,2015,12553.9,8.8,20522.8,,69.7,91.6,57.8,59.6,140263.8,70131.9,350659.5
722,Company_722,Healthcare,Asia,2018,2087.5,11.4,3983.9,12.1,44.5,80.2,34.3,18.9,133324.6,133324.6,266649.2
428,Company_428,Manufacturing,Oceania,2020,4522.0,-3.8,7459.4,7.3,66.9,72.8,91.7,36.1,936533.3,1248711.1,15608888.4
843,Company_843,Retail,Middle East,2023,2357.7,12.6,4937.6,11.0,61.2,75.7,92.5,15.4,157986.0,78993.0,315972.0
556,Company_556,Transportation,Asia,2024,2857.3,-0.5,12613.3,10.6,46.2,43.0,56.7,38.8,1541272.9,256878.8,5137576.4
15,Company_15,Healthcare,Oceania,2018,6947.3,28.3,45474.5,7.4,54.2,81.1,47.2,34.3,439374.6,439374.6,878749.1
642,Company_642,Retail,Europe,2019,2188.2,6.0,3058.5,-13.6,63.7,77.5,51.6,62.1,143813.3,71906.6,287626.5
472,Company_472,Healthcare,Europe,2024,4331.3,16.9,13637.0,5.8,94.3,94.3,98.0,90.7,233749.2,233749.2,467498.4
132,Company_132,Consumer Goods,Oceania,2015,973.0,6.1,1457.0,,60.8,73.7,66.8,42.1,133171.9,166464.9,665859.7
558,Company_558,Finance,Middle East,2019,3934.4,8.6,2853.2,5.7,53.2,48.9,51.7,58.9,67508.3,33754.1,168770.7
749,Company_749,Retail,North America,2020,376.3,-1.7,1401.2,13.5,73.2,93.8,46.4,79.3,20463.5,10231.7,40927.0
952,Company_952,Energy,Africa,2019,9140.7,-3.7,15545.1,-3.0,32.0,25.9,36.5,33.7,9314494.2,2794348.2,93144941.6
713,Company_713,Energy,Oceania,2020,2403.0,-9.9,9202.4,-12.1,64.9,49.1,96.6,49.0,2056964.3,617089.3,20569642.7
846,Company_846,Energy,Middle East,2021,1030.7,10.7,1752.3,0.7,40.2,49.2,46.1,25.2,882175.1,264652.5,8821750.9
268,Company_268,Technology,Europe,2025,8550.5,15.3,24232.7,14.2,80.6,82.9,97.5,61.3,265078.4,159047.1,530156.9
179,Company_179,Finance,Europe,2020,2111.4,15.2,5192.0,-2.8,86.0,89.0,90.6,78.3,24366.3,12183.1,60915.7
226,Company_226,Healthcare,Middle East,2023,2780.0,30.3,16272.9,2.5,28.8,67.5,3.0,16.1,202268.9,202268.9,404537.9
746,Company_746,Transportation,North America,2024,1538.1,0.4,83.6,11.0,66.4,43.2,65.4,90.5,828164.0,138027.3,2760546.5
270,Company_270,Manufacturing,Asia,2019,4426.9,8.4,3809.7,2.8,54.2,51.2,51.3,60.0,1117680.1,1490240.1,18628001.2
935,Company_935,Consumer Goods,Oceania,2022,1379.4,11.5,3164.5,9.3,67.6,83.2,91.6,28.0,170439.3,213049.1,852196.3
703,Company_703,Retail,Oceania,2015,604.4,9.1,1235.8,,59.4,49.2,85.2,43.8,51710.5,25855.3,103421.0
775,Company_775,Manufacturing,Europe,2017,229.8,12.2,414.0,13.8,53.7,34.5,65.9,60.6,66087.1,88116.2,1101452.0
799,Company_799,Consumer Goods,Oceania,2021,3988.1,3.1,2242.3,6.6,73.7,58.9,88.0,74.3,628048.3,785060.4,3140241.6
725,Company_725,Finance,Oceania,2023,8471.8,18.3,27147.1,-5.9,87.0,97.9,99.0,64.2,87209.2,43604.6,218023.1
141,Company_141,Energy,Africa,2018,4654.0,-7.4,15453.6,6.1,17.8,42.4,6.7,4.3,4202481.0,1260744.3,42024809.9
872,Company_872,Consumer Goods,Latin America,2015,1504.3,12.7,4665.2,,42.0,80.6,19.3,26.2,191187.7,238984.7,955938.7
618,Company_618,Utilities,Latin America,2020,811.0,17.6,1478.1,-12.5,44.2,45.3,43.1,44.2,572774.5,357984.1,5727744.8
267,Company_267,Retail,North America,2021,1856.7,10.3,3568.3,-0.2,51.8,23.8,44.2,87.4,191844.1,95922.1,383688.3
229,Company_229,Finance,Africa,2024,2968.3,10.5,3358.5,2.6,36.9,52.7,20.2,37.7,49338.5,24669.3,123346.3
798,Company_798,Transportation,Oceania,2015,138.9,13.9,183.6,,54.9,25.0,65.4,74.3,85376.5,14229.4,284588.3
785,Company_785,Retail,Asia,2015,560.7,3.9,478.0,,42.1,12.6,35.0,78.5,62320.2,31160.1,124640.4
55,Company_55,Finance,Latin America,2024,600.6,12.2,995.7,-8.4,77.5,100.0,77.0,55.6,6006.4,3003.2,15015.9
269,Company_269,Healthcare,Latin America,2023,446.7,2.6,117.9,1.4,45.6,84.2,28.8,23.7,27280.6,27280.6,54561.2
972,Company_972,Finance,Africa,2016,1606.1,21.1,4572.7,1.6,54.6,95.6,65.3,2.8,17047.9,8523.9,42619.6
36,Company_36,Healthcare,Europe,2023,2744.7,28.2,16966.6,14.8,76.5,42.3,100.0,87.3,248141.7,248141.7,496283.5
916,Company_916,Manufacturing,Oceania,2024,1365.4,10.4,2973.0,0.5,71.9,32.4,96.9,86.4,398675.9,531567.9,6644599.1
239,Company_239,Manufacturing,Latin America,2016,536.4,7.0,568.2,22.5,49.3,12.9,55.2,79.8,178545.0,238060.0,2975749.7
469,Company_469,Retail,Middle East,2023,1890.9,0.4,93.3,3.4,50.2,32.6,61.8,56.1,183723.7,91861.8,367447.4
436,Company_436,Finance,Latin America,2019,2224.4,18.0,3363.3,14.8,61.8,94.1,51.9,39.2,24069.2,12034.6,60173.0
565,Company_565,Utilities,Europe,2025,1772.0,3.2,838.9,4.4,48.6,42.2,55.0,48.5,1281930.3,801206.4,12819303.1
505,Company_505,Transportation,North America,2020,280.6,19.6,1075.4,-5.1,66.2,28.8,81.9,87.9,168103.5,28017.3,560345.1
941,Company_941,Consumer Goods,Oceania,2023,6608.5,10.2,11394.1,13.2,45.9,27.5,60.0,50.3,1331794.8,1664743.5,6658974.0
641,Company_641,Manufacturing,Latin America,2022,957.5,15.0,2499.1,9.4,52.0,40.4,53.1,62.5,263516.3,351355.1,4391939.0
321,Company_321,Energy,Africa,2015,1914.9,9.6,2175.4,,51.4,54.9,69.5,29.8,1562235.1,468670.5,15622351.0
697,Company_697,Healthcare,North America,2024,2200.7,5.8,1690.3,10.7,61.4,61.4,63.8,59.0,169458.8,169458.8,338917.7
511,Company_511,Healthcare,Europe,2016,2155.4,2.5,1313.0,6.8,77.1,71.3,93.4,66.6,151133.5,151133.5,302267.0
587,Company_587,Healthcare,North America,2022,3451.2,20.0,15946.6,6.5,63.9,80.6,23.5,87.5,219334.0,219334.0,438668.1
275,Company_275,Healthcare,Middle East,2024,5570.6,24.6,28547.1,7.8,48.5,89.4,15.5,40.6,319762.1,319762.1,639524.3
640,Company_640,Finance,Africa,2024,22027.0,14.0,33959.0,5.6,59.2,87.7,73.7,16.1,258202.6,129101.3,645506.5
321,Company_321,Energy,Africa,2022,3228.8,10.3,2773.8,9.6,58.3,68.2,75.8,30.9,2333336.2,700000.8,23333361.6
948,Company_948,Retail,Africa,2024,1411.9,2.2,780.6,18.2,29.7,57.1,30.0,2.0,113005.7,56502.8,226011.3
37,Company_37,Energy,Oceania,2020,7942.1,14.9,17657.4,1.6,73.3,50.8,75.1,94.0,6708157.5,2012447.3,67081575.0
602,Company_602,Technology,North America,2019,6811.8,13.4,30347.8,3.3,66.0,54.7,74.4,68.9,278192.7,166915.6,556385.3
149,Company_149,Technology,Africa,2018,8621.8,14.0,36030.0,18.4,51.6,85.4,41.9,27.6,259628.8,155777.3,519257.6
626,Company_626,Healthcare,Europe,2025,10774.6,6.7,16096.9,11.0,76.8,52.6,86.9,90.8,896184.9,896184.9,1792369.8
655,Company_655,Finance,Middle East,2016,2209.4,23.0,10011.2,12.7,44.7,90.1,21.3,22.5,25145.3,12572.7,62863.3
532,Company_532,Retail,North America,2023,443.8,11.0,949.2,-1.9,91.6,95.4,85.3,94.2,23615.9,11807.9,47231.7
635,Company_635,Transportation,Latin America,2025,870.1,3.1,246.8,-2.3,47.1,72.4,28.7,40.3,361944.1,60324.0,1206480.4
404,Company_404,Healthcare,Middle East,2024,3403.4,3.1,2544.7,22.1,55.5,69.8,51.5,45.2,242233.7,242233.7,484467.3
464,Company_464,Energy,Europe,2016,12507.1,25.2,41675.2,11.6,70.0,59.0,71.8,79.3,9846414.4,2953924.3,98464144.5
784,Company_784,Manufacturing,Africa,2023,699.5,11.9,1801.9,12.4,27.6,24.5,21.2,37.0,215762.0,287682.6,3596032.9
274,Company_274,Transportation,Asia,2015,704.8,5.8,352.2,,35.9,16.3,28.5,62.9,459214.5,76535.7,1530714.9
782,Company_782,Finance,Middle East,2020,7906.2,10.6,14015.5,-1.4,56.6,99.4,34.3,36.2,79772.6,39886.3,199431.4
856,Company_856,Healthcare,Europe,2024,3314.6,24.5,8969.6,15.5,75.2,87.2,86.2,52.2,195320.3,195320.3,390640.6
459,Company_459,Transportation,Middle East,2023,1181.5,-5.3,1296.5,7.8,50.4,30.1,38.1,82.8,701312.5,116885.4,2337708.4
972,Company_972,Finance,Africa,2017,1642.4,18.2,5281.5,2.3,53.7,98.8,61.9,0.4,16694.2,8347.1,41735.6
188,Company_188,Consumer Goods,Oceania,2025,6856.4,4.6,3816.6,15.3,51.5,71.3,59.6,23.5,961175.8,1201469.8,4805879.1
884,Company_884,Consumer Goods,North America,2025,4360.4,9.2,7920.2,5.7,73.1,62.4,82.9,74.0,665341.3,831676.6,3326706.4
146,Company_146,Consumer Goods,Africa,2019,1052.5,19.6,5150.9,6.0,48.3,36.7,35.7,72.5,198457.4,248071.8,992287.1
364,Company_364,Utilities,North America,2023,723.3,14.8,996.1,3.3,63.2,7.8,86.0,95.8,662933.9,414333.7,6629339.2
126,Company_126,Manufacturing,Oceania,2025,4331.6,5.1,4147.4,13.3,47.0,25.6,61.3,54.3,1326961.2,1769281.6,22116020.1
765,Company_765,Transportation,Asia,2019,863.4,3.2,550.6,10.4,40.1,6.3,58.7,55.1,598632.9,99772.2,1995443.0
721,Company_721,Manufacturing,Asia,2020,623.6,10.8,1366.1,1.2,57.8,67.4,60.6,45.3,136268.2,181691.0,2271137.4
128,Company_128,Utilities,Africa,2023,748.9,2.1,211.2,-1.8,34.9,47.8,43.9,12.8,518401.0,324000.6,5184010.0
74,Company_74,Energy,Europe,2021,2381.8,-16.3,4128.6,14.1,69.6,20.6,88.1,100.0,2514377.9,754313.4,25143778.8
185,Company_185,Transportation,Latin America,2020,465.6,3.6,172.9,4.0,16.5,7.2,17.2,25.0,321096.6,53516.1,1070322.0
983,Company_983,Retail,Oceania,2024,564.0,6.7,932.7,-1.2,68.1,74.6,48.7,80.9,38206.5,19103.2,76413.0
571,Company_571,Retail,Middle East,2015,3910.1,0.4,327.1,,37.0,90.5,11.6,8.9,221622.5,110811.2,443245.0
991,Company_991,Transportation,Middle East,2019,643.2,9.9,1110.5,23.8,45.9,41.4,39.8,56.4,351357.0,58559.5,1171189.9
789,Company_789,Utilities,Asia,2019,1084.7,10.5,981.7,8.0,45.1,56.3,41.3,37.6,699036.8,436898.0,6990367.7
155,Company_155,Finance,Latin America,2023,6986.7,6.3,4286.1,1.8,66.6,70.5,98.0,31.2,98729.3,49364.7,246823.3
877,Company_877,Retail,North America,2023,1897.2,-0.8,8578.6,6.0,46.1,53.7,59.4,25.2,156413.1,78206.5,312826.2
757,Company_757,Transportation,North America,2015,651.8,1.1,78.4,,49.5,12.1,51.3,85.2,436048.9,72674.8,1453496.3
714,Company_714,Transportation,Latin America,2022,219.1,9.3,354.7,7.9,51.8,47.0,67.9,40.4,114516.6,19086.1,381722.1
486,Company_486,Healthcare,Middle East,2019,1391.1,23.2,6839.3,7.8,76.7,87.8,80.2,62.1,81474.6,81474.6,162949.2
998,Company_998,Healthcare,Oceania,2022,1561.9,27.3,9491.6,-5.1,64.5,100.0,24.3,69.3,78097.0,78097.0,156193.9
619,Company_619,Healthcare,Oceania,2025,977.3,9.2,981.2,-0.5,61.3,72.2,59.7,52.2,67899.9,67899.9,135799.8
356,Company_356,Consumer Goods,Europe,2024,1409.7,16.1,5387.8,-2.2,68.2,78.7,57.1,68.7,183060.0,228825.1,915300.2
171,Company_171,Utilities,Oceania,2025,899.6,14.1,1359.2,4.1,55.0,36.0,63.9,65.1,682366.1,426478.8,6823661.4
653,Company_653,Energy,North America,2019,82.2,6.3,100.5,-11.1,60.2,27.9,92.2,60.5,82571.8,24771.5,825718.0
666,Company_666,Finance,Middle East,2017,6891.9,9.8,10256.8,10.1,37.6,71.9,37.1,3.8,96022.3,48011.2,240055.8
867,Company_867,Retail,Oceania,2020,455.7,10.1,859.4,7.3,49.0,46.1,41.2,59.7,39972.3,19986.1,79944.5
618,Company_618,Utilities,Latin America,2023,877.1,19.0,2203.1,-9.1,43.6,40.7,42.8,47.3,642043.7,401277.3,6420437.5
208,Company_208,Manufacturing,Middle East,2025,22083.6,1.2,2659.8,7.1,36.3,59.9,37.2,11.7,5171746.0,6895661.3,86195766.1
517,Company_517,Finance,Latin America,2019,3134.0,20.5,8569.6,-3.2,49.4,97.9,39.1,11.1,32252.3,16126.1,80630.7
747,Company_747,Manufacturing,Oceania,2018,1509.3,15.5,2795.2,-1.1,45.6,10.6,72.6,53.5,509610.2,679480.2,8493502.9
895,Company_895,Finance,Oceania,2023,8279.2,17.6,23666.7,-6.7,60.4,99.2,20.4,61.5,83713.9,41857.0,209284.8
626,Company_626,Healthcare,Europe,2018,4479.7,9.3,9082.8,2.1,70.2,50.1,78.2,82.4,380516.3,380516.3,761032.5
929,Company_929,Manufacturing,North America,2024,1169.5,6.9,919.9,12.0,67.7,46.3,84.3,72.5,307267.7,409690.3,5121128.5
536,Company_536,Transportation,Middle East,2024,402.1,23.4,1749.6,6.3,18.4,25.3,16.1,13.7,246777.2,41129.5,822590.8
96,Company_96,Manufacturing,Middle East,2016,1302.2,1.6,332.7,20.9,73.1,82.4,50.7,86.1,243428.2,324570.9,4057136.3
681,Company_681,Consumer Goods,North America,2020,2368.6,19.8,7837.7,-1.1,46.8,15.0,65.3,60.0,518803.9,648504.8,2594019.3
399,Company_399,Energy,North America,2018,9558.2,14.5,22666.2,18.7,60.8,47.9,65.0,69.6,8263681.9,2479104.6,82636819.1
595,Company_595,Consumer Goods,Oceania,2016,2449.9,14.4,6508.5,6.7,77.3,57.3,88.7,85.9,391542.2,489427.7,1957710.8
143,Company_143,Consumer Goods,Oceania,2021,1331.9,16.4,4004.7,6.1,68.7,87.7,55.7,62.7,156074.0,195092.5,780369.9
43,Company_43,Transportation,Europe,2015,444.2,3.9,141.2,,43.8,27.5,83.4,20.5,268455.9,44742.6,894853.0
68,Company_68,Manufacturing,Middle East,2021,4263.0,18.2,10081.1,-5.5,57.2,45.5,82.0,44.0,1127044.7,1502726.2,18784077.7
21,Company_21,Energy,Asia,2017,1932.6,15.4,4568.5,0.1,31.8,25.5,37.2,32.7,1973532.2,592059.7,19735322.1
577,Company_577,Manufacturing,Oceania,2024,471.4,2.9,199.1,7.8,77.7,57.8,93.2,82.1,112518.9,150025.2,1875314.9
453,Company_453,Energy,Middle East,2018,3113.6,-1.3,5870.2,15.5,25.3,19.2,33.2,23.4,3318535.5,995560.7,33185355.4
226,Company_226,Healthcare,Middle East,2025,2743.9,29.6,13161.7,-2.7,29.6,69.3,3.5,16.1,196114.1,196114.1,392228.1
57,Company_57,Utilities,Middle East,2024,1084.2,-1.6,1650.9,-3.5,34.9,45.4,27.1,32.2,765395.2,478372.0,7653952.4
676,Company_676,Transportation,Middle East,2015,1096.3,-7.7,665.0,,28.4,22.7,43.8,18.8,684937.4,114156.2,2283124.6
739,Company_739,Utilities,Asia,2025,1066.0,6.4,678.8,-8.0,50.1,33.8,40.8,75.6,821552.7,513470.5,8215527.3
198,Company_198,Manufacturing,North America,2025,370.0,16.0,1245.0,-0.2,53.3,38.6,41.8,79.4,103178.6,137571.5,1719643.8
338,Company_338,Energy,Africa,2016,12039.6,4.9,9654.9,0.8,30.5,50.1,27.2,14.1,10222409.8,3066722.9,102224097.6
443,Company_443,Consumer Goods,Oceania,2021,1283.2,18.9,2730.5,3.7,51.6,25.1,76.0,53.6,262821.7,328527.1,1314108.5
686,Company_686,Transportation,Middle East,2022,450.7,-3.2,419.4,14.2,29.3,26.7,44.6,16.7,274073.3,45678.9,913577.8
819,Company_819,Finance,Asia,2015,1274.7,21.5,4544.6,,62.4,80.6,35.9,70.7,16204.4,8102.2,40510.9
690,Company_690,Finance,Europe,2020,3219.4,13.9,8681.2,-1.1,87.0,94.4,89.0,77.6,34736.1,17368.0,86840.2
865,Company_865,Consumer Goods,Asia,2019,1452.7,-0.8,2996.7,4.0,46.6,25.6,65.4,48.8,296512.2,370640.2,1482560.9
33,Company_33,Finance,North America,2016,1007.0,10.6,1083.6,6.0,62.0,73.4,56.9,55.7,13823.9,6912.0,34559.8
372,Company_372,Energy,Latin America,2018,5248.4,24.0,15163.6,31.6,55.9,52.6,39.2,75.7,4364836.5,1309450.9,43648364.8
42,Company_42,Energy,North America,2020,1213.0,-5.9,4799.3,-7.1,47.2,28.9,27.0,85.6,1209822.6,362946.8,12098225.6
302,Company_302,Energy,Latin America,2019,2423.2,8.0,2316.5,-5.7,12.9,18.9,18.2,1.4,2586477.5,775943.3,25864775.3
772,Company_772,Transportation,Asia,2017,772.1,2.0,296.0,0.4,36.6,28.8,17.3,63.7,462475.5,77079.3,1541585.1
22,Company_22,Manufacturing,Latin America,2023,921.1,11.8,2070.6,14.3,59.2,81.5,44.0,52.0,173937.9,231917.2,2898964.6
287,Company_287,Transportation,Africa,2017,577.1,-5.3,1815.3,-15.3,42.0,61.0,44.1,20.8,267542.7,44590.4,891809.0
655,Company_655,Finance,Middle East,2022,3698.8,21.3,13300.0,12.9,47.8,97.7,26.1,19.7,38187.4,19093.7,95468.4
411,Company_411,Healthcare,Africa,2023,7509.2,16.8,22540.1,18.2,60.9,76.9,49.6,56.4,497097.1,497097.1,994194.2
718,Company_718,Healthcare,Middle East,2023,1629.6,24.6,8227.6,3.4,46.2,66.4,52.6,19.5,119831.6,119831.6,239663.3
236,Company_236,Retail,Asia,2025,2071.9,4.5,1179.4,17.4,74.6,70.8,52.9,100.0,145941.9,72971.0,291883.8
679,Company_679,Retail,Latin America,2021,938.8,4.0,644.5,14.0,40.3,29.8,30.5,60.6,93056.6,46528.3,186113.1
93,Company_93,Retail,Latin America,2021,593.9,7.6,755.5,-5.6,62.1,96.4,53.5,36.4,31193.9,15596.9,62387.7
618,Company_618,Utilities,Latin America,2019,926.7,18.3,2499.1,-2.1,44.3,47.6,41.5,44.0,642867.0,401791.9,6428670.5
683,Company_683,Manufacturing,Asia,2025,1616.0,1.3,438.5,14.4,33.4,39.8,40.8,19.6,446673.9,595565.2,7444564.7
161,Company_161,Technology,Europe,2015,3950.3,8.6,7664.0,,75.5,97.6,71.2,57.6,102071.2,61242.7,204142.4
513,Company_513,Healthcare,Europe,2023,2364.4,24.3,6897.4,15.3,57.7,42.6,67.0,63.5,213285.3,213285.3,426570.6
880,Company_880,Retail,Latin America,2022,6196.1,4.6,2876.3,15.3,50.4,36.0,36.9,78.2,587423.4,293711.7,1174846.8
946,Company_946,Healthcare,Oceania,2020,2357.4,9.4,4026.5,4.0,72.0,68.4,68.4,79.1,170041.2,170041.2,340082.4
101,Company_101,Energy,Oceania,2018,4879.8,-1.8,17836.5,-13.9,64.7,47.1,93.5,53.5,4246553.4,1273966.0,42465534.0
823,Company_823,Retail,Europe,2018,1733.8,6.1,1531.0,3.9,68.7,57.5,79.8,68.8,138289.0,69144.5,276578.0
369,Company_369,Utilities,Europe,2016,748.0,7.4,684.7,-4.0,59.3,5.6,80.6,91.6,694700.7,434187.9,6947006.5
255,Company_255,Consumer Goods,Oceania,2023,3019.9,3.5,1675.3,-0.9,65.8,59.0,100.0,38.3,475157.8,593947.3,2375789.2
351,Company_351,Utilities,Europe,2022,415.1,9.2,416.9,-9.5,61.3,34.5,67.7,81.8,318349.3,198968.3,3183493.0
754,Company_754,Transportation,Asia,2023,1860.7,8.3,2024.4,15.8,55.0,51.8,57.6,55.7,934910.4,155818.4,3116368.2
918,Company_918,Utilities,Asia,2022,1514.8,7.2,1340.1,11.3,57.6,70.8,50.3,51.5,853623.2,533514.5,8536232.0
925,Company_925,Utilities,Africa,2019,741.9,13.6,926.3,-5.3,37.0,50.2,47.4,13.4,503566.9,314729.3,5035668.7
943,Company_943,Transportation,Oceania,2023,1126.5,18.3,3520.6,6.1,51.9,19.9,60.4,75.3,717028.1,119504.7,2390093.8
535,Company_535,Energy,Asia,2015,25114.8,3.0,11810.6,,39.4,37.9,12.7,67.5,23466785.3,7040035.6,234667853.3
440,Company_440,Retail,Oceania,2019,724.5,0.7,103.9,-4.7,48.3,63.7,42.2,39.1,54620.7,27310.4,109241.5
808,Company_808,Technology,North America,2018,5176.3,21.9,34078.7,2.8,66.9,84.8,60.2,55.6,156973.8,94184.3,313947.7
993,Company_993,Healthcare,Latin America,2016,3837.7,12.6,12026.0,1.7,64.1,52.6,69.9,69.9,319256.9,319256.9,638513.9
464,Company_464,Energy,Europe,2022,28506.9,10.7,53031.6,19.9,70.3,56.4,76.4,78.3,22958338.8,6887501.6,229583388.2
95,Company_95,Retail,North America,2015,877.3,10.9,1130.9,,68.9,59.3,49.2,98.0,68843.5,34421.8,137687.0
984,Company_984,Utilities,Latin America,2018,437.2,7.5,410.1,-7.8,42.9,44.4,47.0,37.2,311125.5,194453.4,3111255.1
386,Company_386,Utilities,Asia,2017,1973.7,8.6,2449.1,7.5,55.5,62.0,64.7,39.9,1209209.1,755755.7,12092090.5
315,Company_315,Utilities,Asia,2019,944.6,18.5,1943.1,-5.8,59.9,64.8,82.4,32.5,563876.2,352422.6,5638762.0
969,Company_969,Technology,Africa,2019,5530.9,23.2,42788.4,13.3,42.0,95.4,15.7,14.7,147135.2,88281.1,294270.5
83,Company_83,Healthcare,Oceania,2019,3249.0,5.1,2729.2,8.6,61.8,56.6,74.0,54.7,261167.9,261167.9,522335.7
995,Company_995,Healthcare,Latin America,2017,2119.0,16.3,4865.2,3.3,54.3,87.8,32.4,42.7,124054.4,124054.4,248108.8
690,Company_690,Finance,Europe,2016,2929.4,14.3,3562.9,6.8,86.4,92.2,88.7,78.4,32508.4,16254.2,81270.9
630,Company_630,Consumer Goods,Africa,2017,744.6,8.5,1191.4,6.9,61.8,80.8,42.6,62.0,94450.7,118063.3,472253.3
841,Company_841,Energy,Africa,2016,2131.9,12.5,3991.8,-10.1,23.5,22.2,32.8,15.4,2227226.0,668167.8,22272260.2
814,Company_814,Consumer Goods,Latin America,2024,1553.3,14.6,5472.4,12.4,66.1,52.1,100.0,46.2,259590.8,324488.5,1297954.1
785,Company_785,Retail,Asia,2025,728.5,5.0,809.9,5.5,50.6,29.5,36.3,86.0,72398.1,36199.1,144796.3
208,Company_208,Manufacturing,Middle East,2024,20621.7,6.4,27564.1,8.5,35.1,61.4,33.8,10.2,4765972.7,6354630.3,79432878.3
933,Company_933,Consumer Goods,Latin America,2017,2186.5,15.7,7820.3,4.3,50.3,81.0,42.6,27.2,276811.5,346014.4,1384057.6
398,Company_398,Finance,Latin America,2015,705.2,16.0,1985.0,,67.0,99.3,90.6,11.0,7118.1,3559.0,17795.1
992,Company_992,Consumer Goods,North America,2018,1415.1,8.0,2424.6,-7.9,51.9,38.2,61.1,56.4,263878.8,329848.4,1319393.8
674,Company_674,Finance,Africa,2024,1231.9,18.7,4148.0,2.5,56.9,78.8,44.8,47.0,15969.9,7985.0,39924.8
543,Company_543,Energy,North America,2025,93522.7,20.9,309026.1,23.5,50.5,17.2,59.4,75.0,100959805.2,30287941.6,1009598052.1
231,Company_231,Technology,Europe,2019,4335.4,13.7,17184.9,-1.9,68.1,71.4,100.0,32.8,151751.4,91050.8,303502.8
312,Company_312,Consumer Goods,Europe,2018,444.3,5.9,322.0,-2.9,50.8,6.1,53.5,92.7,102809.3,128511.6,514046.4
468,Company_468,Utilities,Asia,2016,1052.1,8.0,1106.8,7.1,49.5,24.6,37.1,86.7,864825.1,540515.7,8648250.9
591,Company_591,Manufacturing,Oceania,2024,1951.0,-1.1,8809.9,14.8,65.3,88.3,61.3,46.4,340581.7,454108.9,5676360.9
890,Company_890,Utilities,Middle East,2020,209.3,9.1,247.4,-13.4,41.0,54.9,61.3,6.9,136599.7,85374.8,1365997.1
325,Company_325,Finance,Europe,2025,2420.6,-1.7,1449.9,6.0,65.7,100.0,38.0,59.0,24206.3,12103.1,60515.7
807,Company_807,Transportation,Asia,2023,1090.9,8.7,1204.7,5.6,61.9,22.6,83.7,79.6,682111.3,113685.2,2273704.4
173,Company_173,Transportation,Europe,2024,1013.1,1.6,230.1,2.4,58.9,26.9,54.5,95.2,614804.6,102467.4,2049348.8
690,Company_690,Finance,Europe,2018,3053.2,17.9,9725.5,-0.9,86.6,93.5,89.0,77.3,33298.5,16649.2,83246.2
297,Company_297,Retail,Africa,2024,692.3,10.1,718.2,8.0,51.8,43.2,68.9,43.5,62136.6,31068.3,124273.1
143,Company_143,Consumer Goods,Oceania,2022,1475.1,17.0,3902.3,10.8,70.5,87.5,59.4,64.7,173295.1,216618.9,866475.7
444,Company_444,Finance,Europe,2019,4793.7,6.9,5281.1,2.7,91.0,95.5,84.6,92.8,50960.1,25480.1,127400.3
32,Company_32,Utilities,North America,2021,469.8,5.9,324.7,4.2,54.4,11.1,73.5,78.8,421876.3,263672.7,4218763.5
113,Company_113,Manufacturing,Latin America,2025,6715.5,8.2,10210.2,11.8,28.0,25.6,37.6,20.7,2055990.7,2741321.0,34266511.9
39,Company_39,Transportation,Latin America,2017,1078.3,-3.1,4921.7,10.3,45.1,20.9,63.6,50.8,681565.8,113594.3,2271885.9
759,Company_759,Energy,Oceania,2020,77534.2,3.8,33458.2,26.8,59.3,25.9,68.1,83.9,79006503.9,23701951.2,790065038.6
574,Company_574,Transportation,Latin America,2022,1528.3,4.0,892.5,-18.1,34.0,24.0,53.1,25.0,946456.8,157742.8,3154856.2
857,Company_857,Retail,Europe,2017,1792.1,3.1,1094.4,-2.1,66.3,32.7,91.7,74.6,174088.8,87044.4,348177.7
734,Company_734,Consumer Goods,Oceania,2015,866.6,8.1,1731.4,,58.5,26.8,75.6,73.0,175419.0,219273.8,877095.1
701,Company_701,Transportation,Europe,2017,237.7,-3.5,1165.5,-4.6,63.5,18.1,87.8,84.6,153116.0,25519.3,510386.6
874,Company_874,Manufacturing,Europe,2018,1104.0,8.6,1520.0,1.5,49.3,25.3,56.8,65.8,338865.8,451821.0,5647763.1
94,Company_94,Utilities,North America,2023,314.5,6.8,181.2,-12.5,56.4,46.6,56.2,66.3,219814.7,137384.2,2198146.8
433,Company_433,Retail,Middle East,2022,7662.9,9.9,18447.1,12.8,40.7,41.5,49.3,31.3,696776.6,348388.3,1393553.1
270,Company_270,Manufacturing,Asia,2024,7156.5,7.6,4485.4,11.8,56.4,59.1,49.8,60.3,1687752.1,2250336.2,28129202.0
536,Company_536,Transportation,Middle East,2016,612.5,17.2,1296.9,-13.7,15.8,29.1,11.1,7.3,366209.6,61034.9,1220698.7
336,Company_336,Retail,North America,2019,2670.7,9.6,6260.3,7.2,59.7,55.8,53.5,69.9,216238.1,108119.0,432476.1
276,Company_276,Transportation,North America,2016,948.0,2.4,366.4,27.1,44.8,4.8,91.7,37.9,663557.5,110592.9,2211858.2
70,Company_70,Retail,Africa,2019,1441.4,1.5,285.1,12.3,44.3,48.9,34.1,49.8,123670.2,61835.1,247340.3
717,Company_717,Energy,North America,2023,19346.6,42.7,101461.0,15.6,65.5,34.0,76.9,85.6,18605880.9,5581764.3,186058808.8
365,Company_365,Retail,North America,2015,1663.8,4.6,847.3,,63.3,77.7,54.0,58.2,109174.0,54587.0,218348.1
887,Company_887,Utilities,Oceania,2021,3802.0,10.4,4713.6,12.7,59.2,53.1,89.4,35.1,2518330.2,1573956.3,25183301.6
112,Company_112,Retail,Europe,2016,379.7,0.5,27.0,6.4,47.4,19.2,29.2,93.9,40467.2,20233.6,80934.3
459,Company_459,Transportation,Middle East,2021,933.3,-6.6,3900.6,-0.2,50.5,31.9,38.3,81.3,546991.5,91165.3,1823305.0
195,Company_195,Transportation,Middle East,2015,1053.9,13.7,2510.2,,22.8,17.3,10.5,40.5,682072.6,113678.8,2273575.3
221,Company_221,Healthcare,Middle East,2018,3765.4,15.6,11549.7,17.6,40.7,93.1,22.1,6.9,206346.5,206346.5,412693.0
244,Company_244,Energy,Europe,2018,13578.4,2.4,3015.9,-0.8,61.1,38.9,79.9,64.4,12598693.9,3779608.2,125986938.9
783,Company_783,Manufacturing,Middle East,2024,4860.5,9.8,4377.7,20.2,41.1,17.7,69.0,36.7,1569547.3,2092729.7,26159121.0
481,Company_481,Transportation,Middle East,2016,501.8,0.1,10.0,5.2,20.0,21.1,17.4,21.7,316914.0,52819.0,1056380.1
910,Company_910,Finance,Oceania,2019,2081.1,19.8,4186.7,-2.9,73.4,98.4,79.1,42.7,21263.9,10632.0,53159.8
144,Company_144,Utilities,Oceania,2017,1779.5,10.7,2618.0,6.5,51.3,15.6,87.8,50.6,1553186.2,970741.4,15531861.7
47,Company_47,Consumer Goods,Africa,2018,207.7,3.9,180.8,3.6,56.1,65.9,73.1,29.4,30675.1,38343.9,153375.7
781,Company_781,Technology,Asia,2023,8059.5,27.4,52910.5,-3.0,62.7,100.0,35.3,52.9,201486.6,120892.0,402973.2
344,Company_344,Technology,Africa,2018,3790.3,22.0,23742.8,5.6,47.3,75.6,55.7,10.5,127118.4,76271.0,254236.7
210,Company_210,Retail,Oceania,2020,1135.1,0.3,91.4,-0.2,91.8,85.7,95.3,94.4,68110.4,34055.2,136220.9
382,Company_382,Energy,Asia,2015,4654.2,-2.2,17367.6,,61.1,75.1,50.2,58.0,3137334.3,941200.3,31373343.0
302,Company_302,Energy,Latin America,2023,2116.9,14.0,5296.2,-0.8,14.2,27.1,13.1,2.4,2138809.0,641642.7,21388089.7
962,Company_962,Finance,Middle East,2020,2387.2,14.1,5280.5,1.5,51.1,85.5,31.0,36.9,28718.3,14359.1,71795.7
115,Company_115,Consumer Goods,Europe,2020,352.5,11.3,660.8,-2.8,60.2,41.7,65.3,73.6,64042.9,80053.6,320214.5
441,Company_441,Finance,North America,2019,1087.9,16.7,2557.7,5.8,68.8,100.0,59.3,47.2,10878.8,5439.4,27196.9
273,Company_273,Transportation,Latin America,2025,409.5,-6.9,1390.1,1.0,52.4,37.9,91.1,28.2,229622.3,38270.4,765407.6
225,Company_225,Retail,Europe,2025,1543.7,8.7,3180.4,10.0,84.1,85.3,81.3,85.5,93023.3,46511.7,186046.7
65,Company_65,Transportation,Europe,2022,824.0,-5.3,1095.9,-5.1,68.3,36.3,96.9,71.7,467682.3,77947.1,1558941.1
765,Company_765,Transportation,Asia,2022,1178.7,4.8,618.8,9.2,46.2,17.1,64.1,57.4,764088.2,127348.0,2546960.7
914,Company_914,Utilities,Oceania,2025,1812.5,13.9,3416.9,-8.0,51.5,30.4,90.5,33.7,1431859.6,894912.2,14318595.9
593,Company_593,Manufacturing,Africa,2020,3745.7,11.8,7536.8,27.8,29.5,51.1,8.4,28.9,946322.4,1261763.2,15772040.3
638,Company_638,Healthcare,Oceania,2025,10604.8,20.0,42129.2,31.1,76.3,76.4,57.8,94.8,705302.9,705302.9,1410605.8
514,Company_514,Energy,Latin America,2018,2337.8,16.9,4854.7,7.7,50.7,57.4,74.4,20.3,1866057.6,559817.3,18660576.1
125,Company_125,Finance,Middle East,2023,5145.4,4.1,2219.0,5.8,39.7,96.5,22.7,0.0,53983.9,26992.0,134959.8
65,Company_65,Transportation,Europe,2023,831.9,-4.9,2901.7,1.0,68.5,37.2,94.2,74.3,469123.6,78187.3,1563745.4
601,Company_601,Retail,Asia,2020,678.2,2.5,426.4,4.3,70.9,74.8,57.3,80.6,45865.2,22932.6,91730.3
773,Company_773,Manufacturing,Europe,2017,463.0,-5.1,984.8,-1.7,60.3,24.7,100.0,56.3,142669.0,190225.3,2377815.9
860,Company_860,Consumer Goods,Oceania,2018,1583.7,10.9,2838.4,16.4,35.7,4.1,37.9,65.0,371059.8,463824.7,1855298.8
382,Company_382,Energy,Asia,2025,5288.1,-4.5,11729.2,-4.5,64.5,83.6,50.8,59.1,3250703.0,975210.9,32507029.7
759,Company_759,Energy,Oceania,2018,50391.6,17.6,98281.5,11.5,59.1,27.0,66.9,83.6,50945236.3,15283570.9,509452363.3
135,Company_135,Transportation,Asia,2023,1472.1,0.9,162.3,-4.4,53.7,28.7,71.7,60.6,882540.6,147090.1,2941802.0
354,Company_354,Manufacturing,Oceania,2016,1536.3,6.0,1058.3,9.3,51.8,31.9,95.7,27.8,450199.0,600265.3,7503316.5
564,Company_564,Energy,Africa,2022,9543.3,6.1,10832.5,-8.6,33.9,40.2,21.0,40.5,8769264.1,2630779.2,87692641.3
419,Company_419,Healthcare,North America,2017,2360.7,14.4,4849.6,10.8,49.2,18.1,74.1,55.4,253357.2,253357.2,506714.5
164,Company_164,Retail,Oceania,2016,399.3,6.7,543.7,12.8,64.4,54.0,87.2,52.1,32815.6,16407.8,65631.2
426,Company_426,Transportation,Middle East,2016,1120.4,10.5,2153.6,19.7,25.5,36.5,25.0,15.0,635084.7,105847.4,2116948.9
166,Company_166,Energy,Latin America,2021,1143.5,10.6,1796.0,-5.9,50.8,37.9,85.4,29.3,1068759.8,320627.9,10687597.8
648,Company_648,Utilities,Middle East,2025,332.1,11.2,389.6,8.5,25.7,13.2,24.7,39.3,294197.9,183873.7,2941979.0
374,Company_374,Healthcare,Africa,2023,10508.6,25.7,61850.7,15.1,25.2,48.4,24.4,2.9,905251.3,905251.3,1810502.5
473,Company_473,Retail,Asia,2022,670.5,4.2,552.2,9.9,61.3,84.6,64.9,34.5,40743.9,20371.9,81487.8
870,Company_870,Finance,Latin America,2025,10588.4,2.0,2859.0,10.0,96.0,100.0,93.3,94.7,105884.1,52942.1,264710.3
159,Company_159,Consumer Goods,North America,2018,1054.8,7.4,1206.2,7.4,71.3,45.8,68.2,100.0,185571.8,231964.8,927859.1
151,Company_151,Healthcare,Latin America,2023,11028.4,5.0,7631.1,5.8,36.2,43.1,56.8,8.8,990741.6,990741.6,1981483.1
20,Company_20,Technology,North America,2018,5284.2,21.5,18946.4,10.7,62.0,96.8,59.5,29.7,138073.3,82844.0,276146.6
632,Company_632,Transportation,Europe,2019,1796.6,4.0,980.9,-13.6,50.3,53.1,28.8,69.1,893069.8,148845.0,2976899.4
280,Company_280,Transportation,Africa,2025,506.5,30.8,2387.4,2.7,55.8,100.0,46.2,21.1,151949.1,25324.9,506497.0
30,Company_30,Transportation,Middle East,2019,787.7,2.1,293.9,7.4,29.8,8.3,69.8,11.2,539543.2,89923.9,1798477.4
944,Company_944,Finance,Europe,2015,2730.5,15.1,6908.9,,56.7,99.1,19.2,51.7,27650.0,13825.0,69125.0
100,Company_100,Manufacturing,North America,2023,1429.8,-8.0,1079.8,2.8,57.9,16.7,91.8,65.1,464588.1,619450.8,7743134.7
885,Company_885,Consumer Goods,Middle East,2018,1529.5,6.6,2186.2,-5.8,52.1,79.0,64.6,12.8,197972.9,247466.1,989864.3
124,Company_124,Manufacturing,Africa,2021,1368.5,9.5,2715.0,7.7,37.2,52.9,37.5,21.2,340646.0,454194.7,5677433.7
31,Company_31,Transportation,Middle East,2019,1500.4,-0.6,2006.9,-36.0,28.0,33.4,16.8,33.8,869662.5,144943.8,2898875.1
698,Company_698,Retail,Oceania,2020,3155.9,5.9,3254.7,6.4,79.8,73.1,71.5,94.9,217209.6,108604.8,434419.2
147,Company_147,Energy,Latin America,2022,7656.4,1.3,1967.5,-3.5,49.0,48.0,72.3,26.6,6612711.6,1983813.5,66127115.5
427,Company_427,Manufacturing,Asia,2025,1094.7,10.7,1813.5,6.3,45.6,31.7,31.6,73.4,321284.8,428379.7,5354746.2
73,Company_73,Transportation,Asia,2015,957.1,11.0,2098.3,,51.5,18.1,74.2,62.2,616225.6,102704.3,2054085.4
22,Company_22,Manufacturing,Latin America,2017,584.8,12.2,585.4,6.4,53.0,74.5,36.5,48.0,119074.9,158766.5,1984581.8
434,Company_434,Transportation,Latin America,2019,507.3,9.4,827.9,7.7,51.7,31.2,50.0,74.0,298851.9,49808.7,996173.1
343,Company_343,Finance,Asia,2024,13680.3,9.4,20222.4,0.8,66.3,100.0,33.5,65.3,136803.2,68401.6,342008.0
811,Company_811,Finance,Asia,2017,23576.8,22.1,87876.5,-0.4,47.4,57.4,63.3,21.6,376421.2,188210.6,941052.9
809,Company_809,Utilities,Asia,2015,413.8,13.5,475.4,,44.3,45.7,56.5,30.7,291273.3,182045.8,2912732.6
768,Company_768,Healthcare,Middle East,2015,1634.8,14.6,4374.6,,33.4,44.2,42.1,13.9,145647.4,145647.4,291294.8
973,Company_973,Transportation,Latin America,2023,494.2,5.4,428.2,5.5,35.3,22.0,45.0,38.9,310240.0,51706.7,1034133.3
484,Company_484,Manufacturing,Africa,2025,2067.9,12.6,3730.1,6.9,55.1,46.2,92.2,26.7,543819.3,725092.4,9063655.0
776,Company_776,Consumer Goods,Asia,2022,1274.6,13.7,3252.8,-1.3,44.4,34.1,85.1,14.2,245089.9,306362.4,1225449.5
537,Company_537,Retail,Europe,2022,917.6,1.6,265.9,2.4,58.9,36.6,79.9,60.1,86594.0,43297.0,173188.0
235,Company_235,Healthcare,Middle East,2015,615.1,7.7,715.6,,32.8,66.0,20.5,12.0,45398.5,45398.5,90797.1
220,Company_220,Transportation,Oceania,2019,320.3,10.3,440.3,-17.3,57.3,58.5,53.7,59.8,151967.9,25328.0,506559.8
297,Company_297,Retail,Africa,2023,641.2,11.3,864.4,-8.1,50.8,41.3,69.9,41.1,58414.2,29207.1,116828.5
611,Company_611,Energy,Latin America,2022,15567.0,25.5,63524.6,14.4,29.0,26.5,47.0,13.6,15794162.9,4738248.9,157941629.1
374,Company_374,Healthcare,Africa,2025,10380.2,26.2,34549.2,14.1,23.8,48.5,19.6,3.1,892862.8,892862.8,1785725.5
230,Company_230,Transportation,Europe,2018,320.8,6.3,224.7,3.4,67.4,39.7,72.8,89.9,177505.3,29584.2,591684.4
80,Company_80,Utilities,Europe,2017,1308.0,11.4,1576.0,-3.8,66.8,38.2,90.0,72.2,975598.3,609748.9,9755982.9
338,Company_338,Energy,Africa,2025,7936.2,-1.1,28233.4,1.0,42.5,60.4,32.2,34.9,6169574.5,1850872.4,61695745.5
115,Company_115,Consumer Goods,Europe,2024,385.2,9.0,839.8,5.3,66.0,51.3,70.3,76.5,64769.1,80961.3,323845.4
148,Company_148,Healthcare,Middle East,2016,7585.7,9.2,16547.6,7.2,39.3,40.2,66.2,11.6,696870.1,696870.1,1393740.2
656,Company_656,Finance,Latin America,2015,1457.5,12.9,2385.0,,72.0,99.9,64.8,51.3,14590.2,7295.1,36475.6
536,Company_536,Transportation,Middle East,2020,436.7,15.6,563.7,-23.0,15.6,25.6,10.3,11.0,267396.0,44566.0,891319.9
443,Company_443,Consumer Goods,Oceania,2016,1629.7,19.5,6532.8,7.3,47.6,27.0,69.6,46.1,329467.1,411833.9,1647335.7
826,Company_826,Transportation,Latin America,2020,617.1,14.2,1520.4,-9.0,60.2,30.8,77.0,72.7,364488.9,60748.2,1214963.1
520,Company_520,Manufacturing,Latin America,2018,1576.4,18.1,5096.3,2.7,45.5,34.8,53.0,48.6,452346.6,603128.9,7539110.8
513,Company_513,Healthcare,Europe,2021,1897.6,24.1,7197.6,1.8,52.7,37.0,61.2,60.0,178622.2,178622.2,357244.3
111,Company_111,Finance,Africa,2025,1068.0,18.2,3371.7,-2.9,43.8,100.0,7.9,23.5,10680.3,5340.1,26700.7
792,Company_792,Finance,Africa,2017,1589.6,14.2,2414.0,2.5,49.9,74.8,29.2,45.7,21499.6,10749.8,53749.0
161,Company_161,Technology,Europe,2020,4302.5,25.5,18828.3,3.7,72.4,94.6,67.7,54.8,115662.3,69397.4,231324.5
644,Company_644,Transportation,Africa,2018,1334.3,11.8,2656.4,19.7,30.4,20.3,52.3,18.6,846920.9,141153.5,2823069.8
353,Company_353,Finance,Europe,2016,1552.8,23.1,6613.6,14.9,90.9,100.0,83.9,88.9,15527.8,7763.9,38819.4
605,Company_605,Energy,Oceania,2019,14076.8,37.2,81062.4,9.9,40.3,40.7,62.3,17.7,12876964.8,3863089.4,128769647.6
680,Company_680,Healthcare,Oceania,2021,3780.6,24.2,14041.1,14.1,53.1,49.5,46.6,63.3,322742.0,322742.0,645484.0
138,Company_138,Energy,Latin America,2021,7401.7,3.4,2366.3,-17.0,46.6,50.8,65.4,23.6,6248807.3,1874642.2,62488073.0
311,Company_311,Consumer Goods,Middle East,2018,5858.3,15.5,17380.5,6.6,8.9,5.5,13.0,8.3,1361054.2,1701317.8,6805271.2
599,Company_599,Transportation,Latin America,2024,239.6,0.1,2.0,-7.0,56.9,48.7,75.4,46.7,123566.4,20594.4,411887.9
525,Company_525,Utilities,North America,2015,591.6,9.5,630.1,,47.4,48.0,37.5,56.8,408867.2,255542.0,4088671.6
230,Company_230,Transportation,Europe,2019,321.1,7.1,317.7,0.1,66.9,38.4,73.1,89.3,179392.1,29898.7,597973.6
279,Company_279,Consumer Goods,Africa,2017,1948.0,5.4,2121.2,2.6,41.7,56.5,35.3,33.4,313460.9,391826.2,1567304.7
770,Company_770,Retail,North America,2015,1140.1,7.0,1126.5,,40.8,32.2,56.3,33.8,111094.9,55547.4,222189.8
387,Company_387,Consumer Goods,Europe,2023,1687.8,15.3,4335.5,19.7,60.5,35.3,57.8,88.5,321573.3,401966.7,1607866.7
553,Company_553,Retail,Africa,2024,3376.7,12.1,8419.4,-4.5,58.0,55.2,60.3,58.5,274663.5,137331.7,549326.9
496,Company_496,Manufacturing,North America,2022,2436.1,5.1,1227.3,2.6,51.2,14.7,57.7,81.1,801668.7,1068891.6,13361144.6
863,Company_863,Healthcare,Asia,2015,792.9,19.9,1592.4,,24.8,28.7,16.1,29.6,79236.6,79236.6,158473.1
192,Company_192,Consumer Goods,Asia,2024,701.8,20.4,2163.3,10.0,88.8,76.0,100.0,90.5,93788.3,117235.4,468941.5
216,Company_216,Transportation,Asia,2025,3973.8,-4.9,11475.3,22.1,56.7,12.3,77.7,80.3,2656676.0,442779.3,8855586.8
764,Company_764,Energy,Africa,2023,37151.9,9.6,29928.0,24.5,60.4,49.5,45.2,86.4,31699227.8,9509768.3,316992278.1
279,Company_279,Consumer Goods,Africa,2016,1898.9,4.2,1159.4,5.3,41.5,54.1,34.8,35.7,311913.4,389891.7,1559566.9
336,Company_336,Retail,North America,2024,2525.7,8.7,2222.3,-4.9,63.8,60.4,61.7,69.2,196228.4,98114.2,392456.8
246,Company_246,Consumer Goods,Oceania,2021,2909.9,9.2,2979.1,4.6,54.8,33.7,64.2,66.4,561158.7,701448.3,2805793.3
445,Company_445,Finance,Europe,2025,10265.6,26.1,26823.3,-6.1,78.5,86.8,70.1,78.7,121619.1,60809.6,304047.8
698,Company_698,Retail,Oceania,2025,2719.7,3.6,1796.2,-3.2,81.7,73.4,75.8,95.8,186723.4,93361.7,373446.8
970,Company_970,Healthcare,Europe,2025,6722.7,15.5,14070.1,16.5,72.5,92.1,48.1,77.4,373213.8,373213.8,746427.7
794,Company_794,Technology,North America,2018,8579.3,21.9,65104.6,-1.7,71.5,78.8,65.9,69.8,278283.5,166970.1,556566.9
57,Company_57,Utilities,Middle East,2016,818.8,4.3,461.1,-1.2,29.9,31.4,20.9,37.2,641918.0,401198.7,6419179.7
235,Company_235,Healthcare,Middle East,2017,509.2,10.0,835.1,-7.5,33.8,66.0,21.5,13.9,37579.8,37579.8,75159.6
250,Company_250,Manufacturing,Middle East,2024,3094.0,-2.3,2445.7,6.7,56.7,62.7,65.9,41.5,706718.9,942291.8,11778648.1
875,Company_875,Healthcare,Asia,2017,3445.5,15.9,11679.6,4.4,69.2,79.2,84.9,43.4,222526.7,222526.7,445053.5
543,Company_543,Energy,North America,2020,37995.0,21.0,124224.1,5.7,43.6,8.0,51.8,71.0,43471066.8,13041320.0,434710667.9
691,Company_691,Healthcare,Latin America,2023,6313.2,17.9,23387.8,4.0,65.7,69.4,76.7,51.0,450945.9,450945.9,901891.7
699,Company_699,Transportation,Oceania,2017,661.7,-0.4,2559.2,11.7,63.6,35.3,87.3,68.3,378389.6,63064.9,1261298.7
68,Company_68,Manufacturing,Middle East,2023,5804.1,26.1,23967.1,23.9,59.4,47.6,82.4,48.3,1509027.6,2012036.8,25150459.9
728,Company_728,Retail,North America,2023,3514.0,13.0,7398.6,3.6,69.3,64.0,52.8,91.1,264309.4,132154.7,528618.8
894,Company_894,Healthcare,North America,2021,12603.5,19.2,40403.9,-5.9,77.1,68.9,92.2,70.3,904484.9,904484.9,1808969.7
568,Company_568,Healthcare,Africa,2023,1207.1,18.4,2799.4,-10.9,47.9,57.9,58.5,27.3,95902.0,95902.0,191804.0
630,Company_630,Consumer Goods,Africa,2019,708.3,10.4,1756.9,-1.3,62.9,83.3,43.7,61.8,87401.0,109251.3,437005.2
711,Company_711,Consumer Goods,Africa,2021,4502.4,11.4,5249.3,11.0,51.2,45.3,52.8,55.6,795330.9,994163.6,3976654.5
917,Company_917,Energy,Middle East,2018,7547.2,-3.6,22167.1,17.6,26.5,21.6,30.0,27.9,7913251.7,2373975.5,79132517.2
122,Company_122,Energy,Europe,2020,6002.9,-4.2,25458.1,16.9,57.3,45.2,74.2,52.6,5303697.3,1591109.2,53036973.4
468,Company_468,Utilities,Asia,2015,982.7,7.4,612.8,,48.1,23.4,33.5,87.2,814625.5,509141.0,8146255.5
262,Company_262,Transportation,Oceania,2018,1574.3,13.3,3341.8,10.7,54.8,39.4,56.2,68.7,872944.6,145490.8,2909815.5
404,Company_404,Healthcare,Middle East,2023,2788.0,1.2,495.7,3.6,53.6,67.0,47.8,46.0,203883.2,203883.2,407766.3
498,Company_498,Technology,Europe,2015,10394.1,16.1,29205.0,,76.8,99.6,72.9,57.9,261192.7,156715.6,522385.4
576,Company_576,Finance,Asia,2015,4021.1,13.2,7951.5,,58.5,89.6,35.8,50.1,46052.0,23026.0,115130.1
405,Company_405,Finance,Europe,2019,2904.2,13.3,6046.6,-1.0,89.2,98.8,78.9,90.0,29540.1,14770.0,73850.2
557,Company_557,Healthcare,North America,2016,4355.8,2.7,2188.5,9.9,64.8,63.9,63.8,66.6,327865.3,327865.3,655730.6
577,Company_577,Manufacturing,Oceania,2020,429.1,1.3,109.3,-2.3,76.1,55.5,97.4,75.3,104462.9,139283.8,1741047.9
120,Company_120,Consumer Goods,Asia,2019,1781.5,6.3,1814.8,12.6,59.4,58.7,30.0,89.6,281043.9,351304.9,1405219.5
903,Company_903,Manufacturing,Oceania,2020,3922.9,-1.8,6296.3,0.4,49.0,11.1,57.0,78.9,1320911.7,1761215.6,22015195.0
971,Company_971,Healthcare,Africa,2021,1807.2,14.2,4120.8,-0.0,53.9,96.2,40.8,24.6,95195.7,95195.7,190391.5
356,Company_356,Consumer Goods,Europe,2022,1427.6,13.9,3929.6,8.8,68.6,78.5,55.1,72.2,185783.2,232229.0,928916.1
485,Company_485,Finance,Africa,2022,1107.8,22.0,2229.6,-5.4,53.4,100.0,48.5,11.7,11078.2,5539.1,27695.6
256,Company_256,Manufacturing,Middle East,2023,846.7,18.4,2676.8,3.6,40.3,14.9,55.3,50.6,278304.0,371072.0,4638399.4
603,Company_603,Utilities,North America,2018,970.1,9.2,1003.6,4.3,49.3,37.5,71.7,38.7,727665.7,454791.0,7276656.6
657,Company_657,Manufacturing,Europe,2016,405.5,14.9,788.5,15.8,63.9,40.6,92.6,58.5,111455.7,148607.5,1857594.2
804,Company_804,Energy,Europe,2018,4955.7,31.0,18118.3,2.4,67.7,38.9,73.7,90.4,4597464.9,1379239.5,45974649.2
754,Company_754,Transportation,Asia,2015,1050.1,4.6,774.2,,44.4,45.6,46.7,41.0,555138.8,92523.1,1850462.7
60,Company_60,Manufacturing,Middle East,2019,1159.5,16.7,3338.1,-11.0,32.1,47.9,40.1,8.5,300844.7,401126.3,5014078.3
811,Company_811,Finance,Asia,2024,35015.3,23.9,151424.3,0.4,58.1,72.5,69.2,32.6,484920.5,242460.2,1212301.2
207,Company_207,Consumer Goods,North America,2018,1105.9,4.8,1280.7,-0.6,67.9,72.0,51.0,80.7,153927.6,192409.4,769637.8
781,Company_781,Technology,Asia,2017,7702.0,22.8,47014.2,4.4,58.6,99.0,33.3,43.4,195180.3,117108.2,390360.7
667,Company_667,Consumer Goods,North America,2017,952.5,1.4,292.8,-20.9,31.6,41.7,29.1,23.9,173001.9,216252.4,865009.7
721,Company_721,Manufacturing,Asia,2021,675.4,11.2,1494.9,8.3,57.7,67.5,61.1,44.6,147403.8,196538.4,2456730.0
667,Company_667,Consumer Goods,North America,2020,1344.1,3.1,953.6,14.8,34.2,44.2,31.1,27.2,239336.5,299170.6,1196682.6
854,Company_854,Manufacturing,Asia,2016,2453.6,10.3,4738.3,-5.2,45.6,51.4,44.8,40.6,618544.6,824726.1,10309075.8
823,Company_823,Retail,Europe,2016,1624.6,7.9,1707.1,3.2,67.1,56.3,78.4,66.4,130876.5,65438.3,261753.0
817,Company_817,Energy,North America,2019,12623.3,29.3,54489.9,22.8,53.3,21.1,96.0,42.9,13282896.4,3984868.9,132828963.5
56,Company_56,Utilities,North America,2021,682.1,9.8,537.5,-5.3,61.5,24.8,69.7,90.0,560129.3,350080.8,5601292.6
398,Company_398,Finance,Latin America,2024,1888.3,9.6,2874.8,20.5,68.6,100.0,100.0,5.9,18882.6,9441.3,47206.5
193,Company_193,Manufacturing,Asia,2017,1877.6,7.6,1418.2,18.7,40.3,50.6,45.4,24.9,476314.6,635086.1,7938575.9
705,Company_705,Consumer Goods,Africa,2022,2473.9,15.5,5347.0,7.5,37.3,57.7,51.6,2.5,393816.4,492270.5,1969082.0
456,Company_456,Utilities,Asia,2021,449.9,10.5,515.8,-3.9,39.2,46.8,53.4,17.3,313913.0,196195.6,3139130.0
842,Company_842,Healthcare,North America,2015,799.2,20.1,3627.5,,58.3,42.8,81.3,50.8,71946.0,71946.0,143891.9
47,Company_47,Consumer Goods,Africa,2020,250.5,-0.4,1088.6,9.9,56.9,73.6,69.6,27.4,34287.4,42859.3,171437.2
522,Company_522,Transportation,Oceania,2015,203.9,-0.5,788.7,,28.0,61.2,17.2,5.7,94443.8,15740.6,314812.8
983,Company_983,Retail,Oceania,2023,570.9,8.3,881.4,1.7,67.0,70.9,48.7,81.5,40162.9,20081.4,80325.8
929,Company_929,Manufacturing,North America,2017,846.5,3.8,650.6,4.8,64.0,43.2,87.2,61.5,227874.2,303832.3,3797903.8
989,Company_989,Energy,Africa,2025,6509.1,-7.4,10023.3,9.0,43.4,21.2,74.2,34.8,6843015.4,2052904.6,68430154.3
747,Company_747,Manufacturing,Oceania,2024,1945.4,11.7,3355.5,-5.7,45.4,11.9,77.1,47.2,651581.7,868775.6,10859695.4
643,Company_643,Manufacturing,Asia,2016,15460.7,0.7,2127.0,5.8,66.6,47.1,68.3,84.5,4036328.6,5381771.4,67272142.5
896,Company_896,Manufacturing,North America,2021,340.5,1.8,68.1,-6.9,58.1,55.5,52.6,66.1,82877.1,110502.7,1381284.4
658,Company_658,Utilities,North America,2019,2171.7,13.7,3086.2,11.9,58.2,60.7,49.6,64.2,1346410.1,841506.3,13464101.5
356,Company_356,Consumer Goods,Europe,2020,1116.0,15.2,2584.4,5.9,67.5,76.7,52.5,73.2,148061.4,185076.7,740307.0
707,Company_707,Utilities,Europe,2015,1413.8,7.7,1313.7,,71.2,52.9,89.6,71.0,938573.2,586608.3,9385732.2
688,Company_688,Technology,Asia,2020,1521.3,17.0,6539.6,9.6,42.3,97.9,14.5,14.5,39175.0,23505.0,78350.0
263,Company_263,Utilities,Africa,2015,1319.3,12.7,1417.0,,33.4,29.7,18.1,52.4,1046923.5,654327.2,10469234.9
283,Company_283,Retail,Asia,2020,934.8,3.3,427.8,-6.3,71.7,56.8,74.5,83.7,75024.8,37512.4,150049.6
438,Company_438,Transportation,Asia,2024,1946.7,20.3,6434.5,1.1,38.0,19.2,75.4,19.4,1244661.2,207443.5,4148870.7
497,Company_497,Utilities,Africa,2018,842.5,6.0,500.0,-7.3,43.4,60.8,51.2,18.1,521830.5,326144.0,5218304.5
991,Company_991,Transportation,Middle East,2025,1217.1,2.8,459.0,9.7,48.4,46.5,38.4,60.4,638548.9,106424.8,2128496.4
807,Company_807,Transportation,Asia,2018,1087.0,9.1,1337.6,3.0,60.8,20.2,82.2,80.1,690208.0,115034.7,2300693.3
539,Company_539,Healthcare,Europe,2021,4405.8,22.7,21260.9,7.5,74.9,69.5,79.7,75.6,314500.7,314500.7,629001.3
101,Company_101,Energy,Oceania,2024,2564.4,-20.0,8369.8,-14.3,64.9,53.2,91.9,49.6,2121871.5,636561.4,21218714.6
635,Company_635,Transportation,Latin America,2016,880.7,2.9,219.6,-4.5,38.1,59.4,25.3,29.8,414517.3,69086.2,1381724.5
913,Company_913,Transportation,Oceania,2021,1257.5,4.6,584.7,8.1,60.9,41.6,95.3,45.8,685649.8,114275.0,2285499.2
95,Company_95,Retail,North America,2019,1022.1,8.0,1529.2,1.9,72.0,64.5,51.4,100.0,76518.4,38259.2,153036.9
2,Company_2,Retail,Asia,2024,3822.9,-1.2,5807.8,3.6,65.7,65.4,63.0,68.7,283660.0,141830.0,567320.0
421,Company_421,Retail,Africa,2020,1071.0,4.9,999.7,-4.2,70.9,63.4,74.4,74.8,80953.6,40476.8,161907.1
832,Company_832,Consumer Goods,Africa,2022,1097.2,8.9,1381.4,-1.0,39.3,42.8,56.3,18.8,197642.9,247053.7,988214.7
621,Company_621,Transportation,North America,2016,561.0,2.5,132.6,-5.6,62.3,33.2,76.3,77.5,325717.5,54286.2,1085724.9
811,Company_811,Finance,Asia,2018,23593.8,21.8,50262.4,0.1,48.0,58.0,62.5,23.5,374545.2,187272.6,936363.0
85,Company_85,Manufacturing,Asia,2025,2382.0,-0.5,4128.1,9.2,64.5,59.3,52.1,82.0,560737.7,747650.3,9345628.3
395,Company_395,Consumer Goods,North America,2020,1964.2,15.2,5936.9,18.1,50.2,40.4,43.7,66.6,360342.2,450427.8,1801711.1
400,Company_400,Manufacturing,Africa,2019,818.1,-4.4,1196.0,-0.9,45.3,70.0,47.6,18.4,174334.4,232445.8,2905572.7
36,Company_36,Healthcare,Europe,2024,2901.3,28.0,15900.3,5.7,76.2,40.9,98.7,89.0,265049.9,265049.9,530099.8
497,Company_497,Utilities,Africa,2024,1141.0,11.1,1295.1,-3.3,48.7,66.2,52.0,27.9,672508.0,420317.5,6725079.8
158,Company_158,Energy,Oceania,2025,15874.9,9.1,27013.9,7.3,57.3,31.3,91.1,49.5,15568332.3,4670499.7,155683323.4
197,Company_197,Energy,Latin America,2024,4212.5,10.0,7460.4,12.2,19.1,32.6,7.3,17.2,4093113.8,1227934.1,40931138.2
52,Company_52,Consumer Goods,Oceania,2015,1362.2,15.2,2314.3,,64.6,42.9,81.3,69.7,245165.1,306456.4,1225825.6
332,Company_332,Utilities,Africa,2023,1000.3,9.6,1182.8,-7.3,24.5,32.0,31.8,9.7,781122.0,488201.2,7811220.0
106,Company_106,Manufacturing,Europe,2022,2894.2,12.2,3244.4,8.6,70.4,11.2,100.0,100.0,974060.3,1298747.0,16234337.9
812,Company_812,Manufacturing,North America,2017,576.9,1.6,201.3,-3.5,38.0,3.5,40.7,69.7,203421.0,271228.1,3390350.7
313,Company_313,Utilities,Europe,2024,653.3,7.6,592.0,-6.6,73.0,76.6,70.5,71.9,346959.6,216849.7,3469595.6
904,Company_904,Utilities,Europe,2017,1389.0,6.7,1160.6,10.2,43.9,37.8,51.2,42.6,1039377.2,649610.7,10393771.7
139,Company_139,Retail,Europe,2024,1142.8,7.1,1704.5,-3.5,68.1,78.6,44.6,81.3,74249.4,37124.7,148498.9
77,Company_77,Utilities,Africa,2021,460.0,2.4,146.0,6.0,66.5,81.4,57.3,60.9,231828.2,144892.6,2318282.2
805,Company_805,Healthcare,Middle East,2025,822.8,2.9,261.7,5.2,60.5,100.0,43.7,37.8,41140.6,41140.6,82281.1
6,Company_6,Transportation,Oceania,2018,2472.4,-8.2,1595.7,-1.5,66.9,60.0,73.1,67.5,1157116.5,192852.8,3857055.1
753,Company_753,Healthcare,Europe,2024,1246.7,33.8,4457.4,-12.7,82.5,73.5,78.6,95.3,85456.0,85456.0,170912.0
502,Company_502,Manufacturing,Asia,2023,337.6,7.6,275.8,8.5,42.3,36.4,34.0,56.7,95736.6,127648.8,1595609.6
209,Company_209,Consumer Goods,North America,2018,1337.4,1.8,236.9,19.5,57.9,54.1,31.4,88.2,219727.1,274658.9,1098635.6
563,Company_563,Energy,Africa,2021,2847.3,-5.7,8761.1,-16.8,46.8,57.6,51.3,31.5,2269578.8,680873.6,22695787.7
667,Company_667,Consumer Goods,North America,2021,1396.9,4.6,1213.9,3.9,36.4,46.2,36.7,26.2,244813.9,306017.3,1224069.3
318,Company_318,Transportation,Europe,2015,881.8,10.6,892.0,,67.8,61.7,69.2,72.5,406515.8,67752.6,1355052.7
440,Company_440,Retail,Oceania,2018,760.3,-2.2,2701.3,0.1,48.6,64.3,41.1,40.5,57029.6,28514.8,114059.2
355,Company_355,Technology,North America,2023,73014.9,18.4,296783.9,14.4,86.2,97.7,94.2,66.5,1883996.3,1130397.8,3767992.7
335,Company_335,Utilities,Latin America,2018,377.5,11.8,631.0,-3.9,74.9,100.0,91.4,33.3,150992.2,94370.1,1509922.2
588,Company_588,Energy,Africa,2017,14878.6,7.6,11585.8,10.6,40.6,38.7,39.2,43.8,13819316.2,4145794.9,138193162.2
425,Company_425,Consumer Goods,Middle East,2023,4636.5,13.7,9906.1,-0.4,64.1,95.8,49.2,47.2,490873.6,613592.0,2454367.8
38,Company_38,Energy,Africa,2022,928.4,4.4,732.1,6.4,40.4,36.6,55.9,28.9,876403.1,262920.9,8764031.0
951,Company_951,Transportation,Asia,2024,401.8,-4.0,1177.5,9.2,69.6,31.1,81.7,96.1,236799.9,39466.7,789333.1
716,Company_716,Retail,Africa,2016,298.7,7.9,537.4,-4.0,43.5,61.0,36.2,33.2,23092.0,11546.0,46184.0
514,Company_514,Energy,Latin America,2020,2396.8,20.7,4025.1,1.5,51.5,59.8,75.8,18.7,1872135.0,561640.5,18721350.1
341,Company_341,Finance,Middle East,2020,19234.0,12.1,27368.1,18.8,46.7,97.8,16.1,26.2,198284.3,99142.2,495710.9
707,Company_707,Utilities,Europe,2023,1881.6,5.9,1621.4,-0.9,81.9,65.0,96.8,83.8,1121644.9,701028.1,11216449.2
771,Company_771,Transportation,Middle East,2018,347.7,26.0,1365.3,-12.3,27.0,21.5,7.0,52.6,219020.9,36503.5,730069.8
251,Company_251,Transportation,Asia,2024,907.8,14.9,2702.0,3.2,52.6,27.3,56.2,74.3,549658.0,91609.7,1832193.4
775,Company_775,Manufacturing,Europe,2015,189.6,8.1,276.1,,52.4,31.8,62.8,62.5,55577.1,74102.7,926284.3
583,Company_583,Healthcare,Africa,2021,4891.8,26.4,23897.2,1.4,25.0,26.7,26.4,22.0,495754.7,495754.7,991509.4
700,Company_700,Technology,Asia,2018,9364.4,19.8,55851.0,9.2,71.9,99.8,57.3,58.7,234756.8,140854.1,469513.6
784,Company_784,Manufacturing,Africa,2015,256.9,8.5,313.7,,25.4,16.5,24.4,35.4,83554.9,111406.6,1392582.1
194,Company_194,Manufacturing,Oceania,2025,1137.5,5.9,1124.3,4.9,92.8,89.3,95.4,93.7,196209.4,261612.5,3270156.2
173,Company_173,Transportation,Europe,2020,832.1,0.8,88.6,7.4,56.0,26.8,52.1,89.1,505517.7,84252.9,1685058.8
587,Company_587,Healthcare,North America,2020,2845.2,20.0,14039.4,0.4,63.6,76.8,27.6,86.3,188443.8,188443.8,376887.6
360,Company_360,Retail,North America,2018,664.7,-1.3,1203.5,7.5,51.4,33.8,86.3,34.1,64030.7,32015.4,128061.5
730,Company_730,Manufacturing,North America,2025,332.5,-0.3,1126.9,13.6,40.1,29.6,31.9,58.8,98992.1,131989.5,1649868.9
766,Company_766,Finance,Asia,2016,2640.2,16.7,6255.2,8.2,63.6,100.0,58.1,32.7,26401.7,13200.9,66004.3
778,Company_778,Finance,Oceania,2015,1120.0,18.9,4114.9,,74.7,80.1,98.1,45.8,14325.0,7162.5,35812.5
920,Company_920,Finance,Africa,2016,1508.9,22.5,5394.2,8.8,66.0,100.0,25.0,72.9,15088.9,7544.4,37722.2
611,Company_611,Energy,Latin America,2017,9237.1,24.9,40708.1,17.8,26.2,20.0,46.1,12.6,9794423.5,2938327.0,97944234.5
166,Company_166,Energy,Latin America,2017,1245.9,23.6,5712.4,-4.0,47.1,35.1,80.3,25.8,1188946.0,356683.8,11889460.0
177,Company_177,Manufacturing,North America,2016,1645.9,11.2,1586.5,5.2,42.4,26.4,60.8,39.9,501406.1,668541.5,8356768.7
658,Company_658,Utilities,North America,2023,2888.8,13.7,3335.5,13.0,60.6,66.9,46.0,69.1,1691308.1,1057067.5,16913080.7
213,Company_213,Technology,Europe,2018,48922.7,26.9,290998.1,-1.2,75.1,100.0,47.7,77.6,1223066.6,733840.0,2446133.3
189,Company_189,Healthcare,Asia,2019,2086.6,17.8,8161.0,-0.2,50.0,64.3,35.1,50.5,156521.4,156521.4,313042.8
808,Company_808,Technology,North America,2015,3886.4,26.8,32312.7,,62.3,77.2,54.1,55.6,128229.4,76937.6,256458.8
157,Company_157,Consumer Goods,Europe,2025,6055.5,23.8,21083.4,-1.0,95.4,99.1,100.0,87.2,613051.8,766314.8,3065259.2
96,Company_96,Manufacturing,Middle East,2017,1467.0,1.2,286.4,12.7,73.4,81.8,53.6,84.7,276006.0,368008.0,4600099.5
444,Company_444,Finance,Europe,2022,6899.5,8.4,9649.0,7.0,91.6,96.6,86.4,91.9,72315.7,36157.8,180789.2
805,Company_805,Healthcare,Middle East,2020,856.5,-2.1,3191.9,-5.6,56.0,89.4,43.4,35.2,49163.7,49163.7,98327.4
211,Company_211,Consumer Goods,Oceania,2025,1526.2,4.8,946.2,-3.5,69.1,39.9,73.7,93.8,281103.7,351379.6,1405518.5
966,Company_966,Manufacturing,Oceania,2023,642.3,6.0,707.8,-7.7,81.7,91.7,88.1,65.5,107539.3,143385.7,1792320.9
885,Company_885,Consumer Goods,Middle East,2022,1868.8,14.4,5848.4,6.5,53.9,85.0,62.9,13.8,226029.1,282536.4,1130145.7
526,Company_526,Utilities,Asia,2018,282.9,9.1,282.6,-5.7,33.2,40.5,28.2,30.9,207436.1,129647.5,2074360.6
725,Company_725,Finance,Oceania,2025,7860.0,17.8,21244.8,7.5,87.3,98.8,100.0,62.9,79875.2,39937.6,199688.1
70,Company_70,Retail,Africa,2022,2138.4,2.2,1007.7,17.1,45.8,49.0,36.6,51.8,183287.1,91643.5,366574.2
974,Company_974,Energy,Europe,2023,14930.1,21.5,61674.6,13.1,49.0,14.6,48.2,84.2,16393245.1,4917973.5,163932451.4
105,Company_105,Finance,Africa,2015,17580.7,8.8,19702.2,,42.9,75.9,32.2,20.7,235125.6,117562.8,587814.0
938,Company_938,Consumer Goods,North America,2019,1362.5,13.8,2381.4,-3.2,65.2,41.3,86.0,68.5,248258.5,310323.2,1241292.7
341,Company_341,Finance,Middle East,2021,20789.6,11.1,21141.2,8.1,46.4,97.7,17.0,24.5,214536.6,107268.3,536341.5
207,Company_207,Consumer Goods,North America,2022,1812.0,-2.4,9026.8,9.2,74.4,83.4,55.3,84.3,223275.1,279093.9,1116375.7
280,Company_280,Transportation,Africa,2016,639.6,17.4,1835.5,11.8,42.6,83.4,37.9,6.6,236522.8,39420.5,788409.4
574,Company_574,Transportation,Latin America,2019,1598.0,11.5,2501.0,-7.9,31.8,20.5,52.5,22.3,1012728.4,168788.1,3375761.2
812,Company_812,Manufacturing,North America,2025,522.2,15.4,1642.7,4.7,45.2,20.2,36.8,78.5,165884.3,221179.0,2764737.8
512,Company_512,Finance,Middle East,2017,8320.8,17.2,18731.8,-0.5,46.1,100.0,31.7,6.5,83208.5,41604.2,208021.2
763,Company_763,Technology,Oceania,2017,1732.4,23.8,9692.1,8.0,61.2,86.8,29.7,66.9,51307.6,30784.6,102615.2
181,Company_181,Finance,Oceania,2024,3269.0,26.7,9182.9,5.2,75.5,77.6,92.9,56.2,42956.4,21478.2,107391.0
583,Company_583,Healthcare,Africa,2016,3402.9,17.3,11580.9,16.1,22.4,26.4,19.9,21.0,345388.7,345388.7,690777.4
657,Company_657,Manufacturing,Europe,2023,505.0,1.4,65.8,4.9,70.9,46.8,100.0,65.8,132148.6,176198.1,2202476.6
76,Company_76,Technology,North America,2018,14357.6,23.6,102004.7,22.9,65.3,89.4,38.8,67.6,412077.4,247246.4,824154.8
939,Company_939,Consumer Goods,Europe,2022,592.9,8.6,1217.7,-10.3,65.6,35.6,92.6,68.6,112722.6,140903.2,563613.0
153,Company_153,Consumer Goods,Oceania,2015,759.3,11.5,940.1,,58.2,41.7,67.2,65.7,137860.9,172326.2,689304.7
329,Company_329,Finance,Oceania,2016,15718.9,23.4,32881.6,-1.2,82.6,73.0,96.9,77.8,216522.4,108261.2,541306.0
941,Company_941,Consumer Goods,Oceania,2025,7028.0,8.7,8675.8,3.0,45.1,26.4,57.0,52.0,1427362.1,1784202.6,7136810.5
636,Company_636,Consumer Goods,Latin America,2025,1138.3,-3.5,2622.3,2.9,60.5,65.2,63.9,52.3,169264.8,211581.0,846324.2
350,Company_350,Utilities,Latin America,2022,2993.9,15.3,6222.1,1.7,33.9,50.2,28.9,22.6,2031949.8,1269968.7,20319498.4
837,Company_837,Healthcare,Latin America,2020,1604.8,17.1,5292.4,-0.0,63.6,72.2,64.1,54.5,111514.6,111514.6,223029.1
207,Company_207,Consumer Goods,North America,2024,2141.3,2.2,581.8,2.3,76.0,83.9,56.0,88.1,262286.9,327858.6,1311434.6
418,Company_418,Manufacturing,Oceania,2021,959.8,5.3,448.2,-9.0,65.9,41.6,87.1,69.1,261659.5,348879.3,4360991.0
275,Company_275,Healthcare,Middle East,2016,2405.2,16.2,3999.5,6.5,46.4,84.1,17.1,37.9,147078.1,147078.1,294156.2
186,Company_186,Manufacturing,Middle East,2025,2602.3,4.0,1343.3,-20.7,28.9,11.6,61.8,13.2,873376.8,1164502.4,14556280.5
517,Company_517,Finance,Latin America,2022,3041.4,22.8,10610.7,4.2,50.5,99.5,42.5,9.4,30626.8,15313.4,76567.0
763,Company_763,Technology,Oceania,2024,2686.2,21.4,18670.0,-2.0,61.6,89.8,34.8,60.2,76782.3,46069.4,153564.5
533,Company_533,Technology,Middle East,2024,16641.9,17.7,61424.2,14.0,69.7,95.5,70.4,43.2,442078.3,265247.0,884156.7
118,Company_118,Retail,Asia,2023,946.2,2.5,498.6,1.7,69.3,91.7,65.4,50.7,52801.6,26400.8,105603.2
537,Company_537,Retail,Europe,2024,1026.2,0.1,30.9,-3.4,62.7,42.1,82.2,63.8,92880.1,46440.0,185760.2
54,Company_54,Healthcare,Oceania,2023,10734.2,22.0,39066.1,20.0,67.4,32.9,90.7,78.7,1041034.6,1041034.6,2082069.2
21,Company_21,Energy,Asia,2016,1931.1,11.6,2533.4,-4.5,30.4,23.4,38.7,29.3,2001281.6,600384.5,20012815.6
959,Company_959,Manufacturing,Middle East,2015,1527.7,21.4,4352.7,,44.5,40.7,38.2,54.4,419361.4,559148.5,6989356.2
624,Company_624,Healthcare,Africa,2017,1583.7,17.5,5798.6,3.8,47.2,52.4,27.5,61.7,131950.2,131950.2,263900.4
490,Company_490,Retail,Africa,2016,1440.0,10.2,3297.4,5.0,61.5,86.7,63.5,34.2,85456.7,42728.3,170913.3
79,Company_79,Healthcare,North America,2015,6798.8,20.2,29760.3,,61.1,72.1,36.1,75.0,472682.0,472682.0,945364.0
746,Company_746,Transportation,North America,2025,1698.2,1.2,225.2,10.4,68.2,44.3,65.8,94.4,906790.5,151131.7,3022635.0
351,Company_351,Utilities,Europe,2018,505.6,11.2,625.4,-1.5,58.8,25.3,73.9,77.1,413802.7,258626.7,4138026.8
656,Company_656,Finance,Latin America,2019,1544.0,15.9,2465.1,12.1,71.8,98.5,59.4,57.6,15766.0,7883.0,39415.1
77,Company_77,Utilities,Africa,2020,433.9,6.7,285.1,1.3,65.8,81.3,55.5,60.6,219032.4,136895.2,2190323.5
256,Company_256,Manufacturing,Middle East,2025,919.1,14.4,1763.1,-0.1,39.8,16.6,56.2,46.5,298942.5,398590.0,4982375.4
846,Company_846,Energy,Middle East,2015,903.5,2.4,212.1,,36.4,39.6,47.2,22.5,833772.8,250131.8,8337728.1
972,Company_972,Finance,Africa,2024,1536.3,24.1,7045.8,-4.4,58.5,100.0,69.8,5.7,15363.0,7681.5,38407.6
774,Company_774,Utilities,Africa,2025,898.2,4.6,353.1,-2.2,30.7,20.2,51.5,20.4,760699.5,475437.2,7606994.7
91,Company_91,Manufacturing,Europe,2019,4066.6,26.9,10704.0,7.0,64.3,47.7,56.0,89.0,1056520.4,1408693.9,17608673.6
339,Company_339,Finance,Europe,2018,2543.7,12.7,5220.4,7.6,68.9,62.0,64.0,80.7,38971.8,19485.9,97429.5
142,Company_142,Finance,North America,2018,1702.5,5.8,953.1,2.9,63.0,100.0,39.7,49.4,17025.0,8512.5,42562.5
341,Company_341,Finance,Middle East,2017,14440.8,14.6,39776.7,9.6,46.3,94.2,19.4,25.4,156125.2,78062.6,390313.0
300,Company_300,Manufacturing,Europe,2023,1166.3,6.6,635.9,-1.5,63.2,46.3,70.8,72.5,306368.2,408490.9,5106136.5
428,Company_428,Manufacturing,Oceania,2016,3586.3,8.0,3615.0,-0.2,64.8,67.6,88.3,38.5,782146.2,1042861.6,13035769.4
489,Company_489,Consumer Goods,Asia,2024,1639.3,9.9,1720.1,-4.1,72.5,64.1,67.1,86.3,246364.3,307955.4,1231821.7
581,Company_581,Energy,Oceania,2020,3743.5,-7.3,6061.5,13.5,59.7,24.0,84.1,71.0,3863712.7,1159113.8,38637126.8
359,Company_359,Consumer Goods,Latin America,2021,1244.3,9.9,1653.7,9.1,30.6,15.2,59.6,17.1,272209.3,340261.7,1361046.7
475,Company_475,Technology,Asia,2022,13669.0,26.8,98835.2,-6.1,66.9,84.4,48.6,67.8,416125.1,249675.0,832250.2
681,Company_681,Consumer Goods,North America,2022,2438.0,22.9,11622.2,-2.3,49.1,17.9,66.8,62.7,523956.5,654945.6,2619782.5
229,Company_229,Finance,Africa,2020,2727.3,10.3,4742.4,13.1,34.3,50.0,16.3,36.6,46350.6,23175.3,115876.5
675,Company_675,Transportation,Europe,2017,1936.0,1.0,322.0,10.2,76.9,66.4,95.7,68.4,854113.5,142352.3,2847045.2
134,Company_134,Healthcare,Asia,2015,3692.0,13.9,9656.7,,62.4,70.4,56.6,60.1,260986.8,260986.8,521973.6
982,Company_982,Technology,Europe,2017,2394.0,21.6,15392.4,4.5,76.9,75.6,100.0,55.2,80324.5,48194.7,160649.1
345,Company_345,Consumer Goods,Oceania,2016,640.8,10.7,787.1,-5.5,80.4,66.8,96.8,77.7,93905.9,117382.3,469529.3
309,Company_309,Transportation,North America,2024,4259.9,1.7,1225.2,22.5,61.2,48.0,61.7,73.9,2208996.0,368166.0,7363320.0
623,Company_623,Consumer Goods,North America,2018,676.9,8.3,1106.7,3.3,52.7,29.0,44.0,84.9,134936.3,168670.4,674681.5
204,Company_204,Retail,Middle East,2015,392.6,7.8,757.1,,24.8,14.8,45.7,13.9,43031.7,21515.9,86063.4
779,Company_779,Retail,Europe,2015,1275.4,6.6,1883.0,,72.2,56.2,87.8,72.7,102916.1,51458.0,205832.1
37,Company_37,Energy,Oceania,2019,7818.9,19.1,19127.5,-4.5,71.5,48.9,72.5,93.1,6703610.7,2011083.2,67036106.6
809,Company_809,Utilities,Asia,2018,431.9,14.4,816.4,-3.6,47.6,49.9,53.6,39.3,293882.8,183676.7,2938827.8
374,Company_374,Healthcare,Africa,2022,9127.3,23.7,27429.9,1.7,24.9,47.5,22.7,4.6,791709.9,791709.9,1583419.8
672,Company_672,Finance,Middle East,2020,7851.0,-1.2,25405.2,-1.9,52.2,98.5,37.8,20.3,80121.5,40060.8,200303.9
765,Company_765,Transportation,Asia,2021,1079.4,5.2,631.2,10.7,44.3,12.2,63.9,56.9,721851.4,120308.6,2406171.2
422,Company_422,Energy,Europe,2019,4318.5,16.4,11184.7,-13.3,78.0,75.8,81.7,76.5,2892005.8,867601.7,28920057.6
706,Company_706,Healthcare,North America,2016,4722.5,11.3,6355.9,21.1,63.9,75.8,45.1,70.9,315968.5,315968.5,631937.0
275,Company_275,Healthcare,Middle East,2018,2838.1,21.6,13422.0,5.5,48.5,85.9,20.2,39.4,169888.5,169888.5,339777.0
6,Company_6,Transportation,Oceania,2019,2598.8,-8.5,8095.7,5.1,68.7,62.3,73.8,70.1,1191171.2,198528.5,3970570.6
537,Company_537,Retail,Europe,2019,835.3,4.9,796.4,7.8,55.7,30.8,76.0,60.2,82218.4,41109.2,164436.9
642,Company_642,Retail,Europe,2017,2287.6,4.2,1416.9,9.4,62.8,75.1,49.8,63.5,154206.4,77103.2,308412.9
382,Company_382,Energy,Asia,2017,4849.2,-13.5,8991.1,6.8,63.6,77.0,53.0,60.9,3205708.1,961712.4,32057080.9
420,Company_420,Manufacturing,Africa,2020,2102.7,8.3,2579.9,13.3,43.4,81.2,29.5,19.6,398370.0,531160.0,6639500.3
121,Company_121,Retail,Oceania,2023,804.3,1.6,270.4,5.7,52.2,36.9,84.6,35.2,75737.4,37868.7,151474.9
390,Company_390,Energy,Asia,2015,5604.3,26.9,24775.0,,27.3,25.3,33.6,22.9,5732653.3,1719796.0,57326533.3
275,Company_275,Healthcare,Middle East,2022,4878.3,25.1,16806.4,11.9,47.7,87.4,18.9,36.7,286923.5,286923.5,573847.0
854,Company_854,Manufacturing,Asia,2024,2253.0,10.1,4780.4,10.6,49.3,59.6,44.5,43.7,529078.9,705438.5,8817981.7
831,Company_831,Manufacturing,Oceania,2017,1940.8,8.9,2826.2,6.1,74.3,82.1,96.1,44.7,363961.4,485281.9,6066023.7
141,Company_141,Energy,Africa,2025,7528.4,-7.7,8699.6,3.5,17.8,47.2,0.0,6.3,6544121.3,1963236.4,65441212.7
92,Company_92,Healthcare,Asia,2023,2553.3,23.8,14782.7,-17.9,37.2,59.4,29.5,22.5,200160.1,200160.1,400320.2
233,Company_233,Transportation,Africa,2017,1299.8,13.2,2237.1,13.7,55.0,39.3,64.2,61.6,721318.7,120219.8,2404395.6
679,Company_679,Retail,Latin America,2024,1112.6,6.3,736.6,3.2,41.8,33.1,31.8,60.6,107743.9,53872.0,215487.8
147,Company_147,Energy,Latin America,2021,7932.9,-1.6,14569.5,-12.4,48.2,49.5,70.9,24.3,6768802.9,2030640.9,67688028.8
249,Company_249,Healthcare,Asia,2024,1139.7,14.0,3137.9,-5.6,62.0,74.9,48.9,62.2,77035.5,77035.5,154071.0
416,Company_416,Healthcare,Middle East,2022,2920.7,-3.3,1575.1,21.3,58.0,64.9,71.4,37.6,217881.3,217881.3,435762.5
906,Company_906,Energy,Asia,2024,7711.8,7.2,9878.1,9.2,72.3,68.1,91.5,57.4,5578741.8,1673622.5,55787417.7
819,Company_819,Finance,Asia,2020,2319.5,12.2,2306.5,19.5,62.8,88.4,34.5,65.5,26974.3,13487.2,67435.8
59,Company_59,Utilities,Africa,2025,657.1,13.4,1238.7,1.1,38.6,36.9,41.7,37.2,495004.1,309377.5,4950040.6
80,Company_80,Utilities,Europe,2025,1519.0,3.7,477.5,5.1,67.9,41.3,92.0,70.5,1107090.9,691931.8,11070909.2
332,Company_332,Utilities,Africa,2017,800.7,12.8,1204.2,7.3,24.9,32.2,32.2,10.4,624081.8,390051.1,6240817.8
210,Company_210,Retail,Oceania,2019,1137.7,3.3,876.1,9.2,92.1,87.2,97.9,91.2,67049.2,33524.6,134098.5
480,Company_480,Retail,Middle East,2016,534.9,5.8,480.6,-13.7,25.6,13.0,23.2,40.7,59316.3,29658.2,118632.6
148,Company_148,Healthcare,Middle East,2022,14850.6,-6.7,10003.9,13.3,46.6,49.9,62.3,27.5,1263411.3,1263411.3,2526822.6
51,Company_51,Transportation,Middle East,2015,119.0,9.7,214.5,,48.4,76.6,66.1,2.5,47389.8,7898.3,157966.1
531,Company_531,Consumer Goods,Oceania,2023,1077.0,10.4,1178.4,20.9,36.9,27.7,36.9,46.0,216764.2,270955.3,1083821.0
753,Company_753,Healthcare,Europe,2025,1327.0,35.7,6368.2,6.4,82.9,76.4,79.9,92.3,88230.1,88230.1,176460.2
310,Company_310,Energy,Africa,2015,1150.9,10.7,1147.7,,41.0,61.3,39.4,22.2,887205.9,266161.8,8872058.6
803,Company_803,Consumer Goods,Africa,2015,1245.2,9.4,2759.3,,24.8,41.1,15.7,17.6,227246.9,284058.7,1136234.6
471,Company_471,Utilities,Africa,2021,1711.3,17.2,3676.3,17.3,40.8,31.2,64.4,26.8,1343391.5,839619.7,13433915.3
20,Company_20,Technology,North America,2017,4773.2,21.8,25275.9,-7.7,61.1,97.2,57.1,29.2,123996.5,74397.9,247993.0
328,Company_328,Retail,Asia,2020,2510.8,8.6,3183.0,-7.7,78.4,78.8,63.8,92.6,162714.2,81357.1,325428.4
937,Company_937,Technology,Europe,2017,3746.0,28.5,27693.5,17.6,85.5,80.8,87.2,88.3,118768.1,71260.9,237536.2
805,Company_805,Healthcare,Middle East,2016,812.2,7.3,1125.2,-0.1,53.6,82.5,40.0,38.4,50570.3,50570.3,101140.5
439,Company_439,Utilities,North America,2019,767.5,9.0,916.9,4.2,79.2,70.7,71.9,95.1,432861.4,270538.4,4328614.1
912,Company_912,Finance,North America,2015,728.7,15.1,1779.7,,69.7,87.9,41.9,79.5,8525.8,4262.9,21314.5
131,Company_131,Finance,Latin America,2023,33810.0,21.2,84446.1,-4.6,72.4,84.7,90.0,42.5,410672.9,205336.5,1026682.3
229,Company_229,Finance,Africa,2022,2681.2,10.6,5383.6,3.7,38.6,54.7,20.0,41.1,43798.7,21899.3,109496.7
870,Company_870,Finance,Latin America,2021,9287.1,-0.9,19718.0,-2.9,92.9,100.0,89.4,89.4,92870.6,46435.3,232176.6
504,Company_504,Retail,Europe,2020,3052.9,-2.8,4918.0,15.8,63.8,55.2,97.1,39.2,248374.2,124187.1,496748.4
842,Company_842,Healthcare,North America,2017,803.0,18.3,2930.7,6.4,60.1,45.7,79.5,55.0,70679.4,70679.4,141358.9
64,Company_64,Consumer Goods,Asia,2018,1456.8,7.7,2762.4,6.6,37.5,44.9,37.3,30.4,258151.9,322689.9,1290759.7
715,Company_715,Technology,North America,2017,2645.1,23.7,9828.2,11.1,56.4,66.2,25.0,78.0,97433.9,58460.3,194867.7
514,Company_514,Energy,Latin America,2023,2014.4,20.7,4337.1,3.0,52.7,59.8,78.0,20.2,1573731.0,472119.3,15737310.4
616,Company_616,Retail,Middle East,2019,1270.1,-0.5,1641.7,-1.9,37.7,72.0,18.3,22.7,88417.6,44208.8,176835.2
773,Company_773,Manufacturing,Europe,2016,471.1,-0.5,467.8,-6.7,60.4,21.8,100.0,59.5,148017.5,197356.7,2466959.2
120,Company_120,Consumer Goods,Asia,2020,1941.3,4.5,1702.0,9.0,59.4,60.2,30.6,87.4,302178.0,377722.5,1510889.9
520,Company_520,Manufacturing,Latin America,2017,1534.7,19.8,5466.0,2.1,45.2,36.7,52.6,46.2,434325.9,579101.2,7238765.1
852,Company_852,Energy,Latin America,2025,140.6,14.9,200.6,0.0,34.4,35.1,40.5,27.7,134181.4,40254.4,1341814.3
426,Company_426,Transportation,Middle East,2021,1504.6,19.7,5902.7,-1.4,28.6,40.1,24.7,21.0,829687.2,138281.2,2765624.1
2,Company_2,Retail,Asia,2016,3140.3,-1.1,13885.2,7.0,60.6,61.1,50.1,70.5,242555.1,121277.6,485110.3
560,Company_560,Technology,Latin America,2018,2297.6,22.5,13850.3,15.5,56.7,84.3,71.7,14.0,70100.7,42060.4,140201.5
961,Company_961,Transportation,Europe,2024,153.7,-0.1,108.0,10.3,51.3,18.5,66.7,68.8,98701.3,16450.2,329004.4
629,Company_629,Retail,Latin America,2019,1215.9,8.8,1765.0,3.1,60.3,71.0,53.7,56.3,85505.2,42752.6,171010.4
123,Company_123,Technology,Middle East,2019,43645.9,15.7,217794.6,24.3,58.6,98.3,19.2,58.2,1117702.3,670621.4,2235404.7
867,Company_867,Retail,Oceania,2022,452.6,10.1,666.0,3.2,48.2,46.0,41.8,56.8,39730.6,19865.3,79461.2
42,Company_42,Energy,North America,2017,1747.1,1.2,420.6,-2.8,45.9,29.9,25.4,82.4,1730345.0,519103.5,17303450.5
821,Company_821,Manufacturing,Africa,2024,1330.5,14.6,2054.6,-3.6,37.8,53.2,29.0,31.4,330451.4,440601.9,5507523.4
151,Company_151,Healthcare,Latin America,2021,9585.9,5.8,6109.1,14.1,36.2,43.7,57.8,7.0,856829.5,856829.5,1713658.9
977,Company_977,Energy,Oceania,2022,5828.9,5.0,2418.5,6.4,60.1,22.6,79.8,78.0,6072157.4,1821647.2,60721573.8
875,Company_875,Healthcare,Asia,2023,4847.2,26.3,25939.8,-1.0,73.6,90.2,79.6,51.0,275684.4,275684.4,551368.9
810,Company_810,Healthcare,Africa,2020,4139.6,12.5,7118.2,-15.1,31.0,58.2,6.2,28.7,328076.2,328076.2,656152.4
4,Company_4,Technology,Africa,2019,6529.4,28.2,42706.4,9.2,56.0,100.0,46.1,21.8,163234.8,97940.9,326469.6
95,Company_95,Retail,North America,2024,1310.8,15.2,3816.5,1.1,72.1,64.6,53.4,98.4,98030.0,49015.0,196060.0
498,Company_498,Technology,Europe,2025,36032.9,11.4,67997.0,11.1,78.1,98.7,76.5,59.0,917194.6,550316.8,1834389.3
86,Company_86,Finance,Asia,2020,3206.3,13.0,8221.1,2.9,49.8,100.0,36.8,12.7,32063.1,16031.6,80157.8
294,Company_294,Healthcare,Oceania,2025,874.4,6.0,526.1,8.2,85.4,78.3,87.0,90.8,56988.0,56988.0,113975.9
430,Company_430,Healthcare,Oceania,2017,5408.4,10.9,9540.1,13.7,71.3,82.6,79.5,51.8,336384.5,336384.5,672769.1
292,Company_292,Utilities,Asia,2022,1052.1,8.5,957.7,10.2,24.0,28.9,26.9,16.2,839879.5,524924.7,8398795.2
393,Company_393,Transportation,North America,2016,374.0,4.1,305.8,16.7,73.8,76.5,59.0,85.8,149018.3,24836.4,496727.7
958,Company_958,Healthcare,Africa,2021,1955.1,26.0,9728.7,10.2,45.8,36.7,43.4,57.4,184399.3,184399.3,368798.6
49,Company_49,Retail,Middle East,2025,656.1,8.0,704.2,11.5,18.7,12.4,32.9,11.0,73036.5,36518.2,146072.9
798,Company_798,Transportation,Oceania,2021,180.3,5.8,85.7,-0.9,55.0,30.2,67.3,67.5,106954.1,17825.7,356513.8
266,Company_266,Technology,Oceania,2019,8253.6,4.6,10416.1,10.5,59.4,58.3,69.2,50.5,326682.4,196009.4,653364.7
128,Company_128,Utilities,Africa,2018,569.7,3.8,171.5,11.2,30.7,47.1,31.9,13.2,396779.6,247987.3,3967796.4
452,Company_452,Consumer Goods,Asia,2016,2212.6,11.3,3264.9,19.0,46.2,46.4,54.4,37.6,387184.1,483980.1,1935920.4
282,Company_282,Transportation,Latin America,2019,1312.5,6.6,1209.5,-0.3,48.6,49.3,29.2,67.3,673299.0,112216.5,2244329.8
207,Company_207,Consumer Goods,North America,2016,992.9,8.4,1686.3,9.8,65.4,68.8,48.2,79.2,142616.8,178271.0,713084.1
868,Company_868,Technology,Oceania,2023,39742.7,10.8,89107.5,-6.6,73.3,99.3,73.6,47.1,1003531.4,602118.8,2007062.8
615,Company_615,Transportation,Europe,2019,877.1,-3.5,821.6,1.7,79.8,54.4,85.1,100.0,431024.2,71837.4,1436747.5
225,Company_225,Retail,Europe,2021,936.2,8.0,1403.0,2.2,86.7,89.3,79.6,91.3,53840.0,26920.0,107680.0
492,Company_492,Manufacturing,Africa,2025,2385.0,-7.2,4091.1,13.2,46.7,16.3,78.3,45.6,777161.5,1036215.4,12952692.5
352,Company_352,Finance,Asia,2023,2693.8,11.3,4073.9,-12.1,62.6,93.5,59.8,34.4,29397.4,14698.7,73493.4
261,Company_261,Utilities,Asia,2016,832.0,13.8,1702.9,6.5,51.4,41.2,74.6,38.4,606623.9,379139.9,6066238.9
663,Company_663,Finance,Asia,2019,14510.2,11.4,20883.4,7.5,67.2,98.8,78.3,24.5,147577.3,73788.7,368943.3
843,Company_843,Retail,Middle East,2018,1694.8,9.9,2568.0,-4.3,58.4,71.1,93.8,10.2,118990.5,59495.3,237981.0
909,Company_909,Finance,Latin America,2018,5846.4,22.6,20208.3,-6.0,63.7,98.0,65.8,27.3,60067.1,30033.6,150167.8
826,Company_826,Transportation,Latin America,2015,614.3,14.6,1350.0,,59.4,29.2,73.7,75.5,367040.8,61173.5,1223469.2
736,Company_736,Finance,Europe,2023,1521.4,16.1,4380.6,-9.6,66.3,79.5,62.0,57.3,19580.7,9790.4,48951.8
101,Company_101,Energy,Oceania,2023,2993.9,-20.0,10791.6,-16.0,66.2,53.5,91.4,53.7,2471897.1,741569.1,24718971.0
691,Company_691,Healthcare,Latin America,2017,3602.4,16.4,10531.8,9.0,58.2,56.4,71.8,46.4,290049.8,290049.8,580099.6
907,Company_907,Transportation,Oceania,2020,666.5,3.3,412.4,15.3,48.5,43.7,58.2,43.6,357620.9,59603.5,1192069.8
817,Company_817,Energy,North America,2017,7927.2,35.2,24205.1,15.6,53.2,19.6,92.0,48.0,8426756.5,2528026.9,84267564.9
534,Company_534,Manufacturing,Africa,2023,1362.1,5.3,1215.7,-15.3,40.2,8.6,86.9,25.1,465888.0,621184.0,7764800.0
449,Company_449,Manufacturing,Oceania,2021,1740.5,4.5,1147.5,15.3,64.7,50.2,74.4,69.6,443033.9,590711.9,7383898.4
555,Company_555,Energy,Africa,2022,2684.0,26.7,12215.9,-2.6,37.9,20.4,44.6,48.7,2837121.1,851136.3,28371211.3
159,Company_159,Consumer Goods,North America,2016,1148.8,7.5,1075.6,-1.5,70.0,46.9,66.9,96.4,200303.8,250379.7,1001518.9
969,Company_969,Technology,Africa,2016,5281.2,20.0,30013.3,0.1,41.2,95.1,14.6,14.0,141065.7,84639.4,282131.4
991,Company_991,Transportation,Middle East,2023,982.5,9.0,1423.9,20.2,48.6,44.3,38.3,63.3,524568.3,87428.1,1748561.1
82,Company_82,Technology,Middle East,2022,5615.6,29.8,50158.5,15.4,68.9,100.0,79.4,27.2,140391.2,84234.7,280782.5
292,Company_292,Utilities,Asia,2020,858.1,6.8,856.3,-7.7,20.8,26.7,21.4,14.4,695528.4,434705.3,6955284.5
350,Company_350,Utilities,Latin America,2020,3178.5,16.3,5552.9,14.5,33.6,45.1,29.3,26.3,2248786.3,1405491.4,22487863.0
623,Company_623,Consumer Goods,North America,2021,835.0,8.6,1291.8,18.6,58.3,34.9,52.2,87.8,159642.9,199553.6,798214.4
262,Company_262,Transportation,Oceania,2020,1456.2,17.6,4633.3,2.9,54.2,39.3,57.8,65.6,808363.8,134727.3,2694546.0
879,Company_879,Utilities,Africa,2022,1280.1,10.2,1677.8,-4.5,54.5,88.9,42.6,32.1,591500.3,369687.7,5915003.4
355,Company_355,Technology,North America,2016,31560.9,18.6,204964.8,15.7,80.5,92.6,91.2,57.6,870596.9,522358.2,1741193.9
143,Company_143,Consumer Goods,Oceania,2016,1541.7,15.9,5374.4,-7.2,61.6,81.6,52.0,51.1,193895.7,242369.6,969478.3
591,Company_591,Manufacturing,Oceania,2017,836.0,-2.9,1481.6,19.7,63.9,86.4,58.5,46.8,149267.8,199023.8,2487797.2
528,Company_528,Utilities,Oceania,2017,534.2,4.9,334.8,-2.0,56.4,43.3,57.0,68.8,383397.2,239623.2,3833971.7
710,Company_710,Manufacturing,Middle East,2017,3226.9,11.2,5881.0,-0.8,26.3,33.9,33.6,11.4,931698.3,1242264.4,15528304.4
600,Company_600,Technology,Africa,2018,4196.7,9.9,8390.1,-1.2,56.0,88.2,74.9,5.0,122248.8,73349.3,244497.7
862,Company_862,Finance,Latin America,2015,2366.3,14.5,6406.3,,62.2,60.2,52.4,74.1,36847.6,18423.8,92118.9
795,Company_795,Technology,Europe,2021,40670.0,12.1,97698.4,3.7,77.4,96.5,63.2,72.4,1066009.2,639605.5,2132018.4
897,Company_897,Utilities,Oceania,2017,624.4,9.7,738.4,3.6,76.0,71.6,82.8,73.5,349099.7,218187.3,3490997.0
929,Company_929,Manufacturing,North America,2019,848.0,5.9,482.0,3.6,63.3,41.6,85.1,63.1,231182.2,308243.0,3853037.4
592,Company_592,Utilities,Latin America,2017,1553.8,10.5,1879.0,8.4,48.0,65.2,50.5,28.3,924723.5,577952.2,9247234.7
711,Company_711,Consumer Goods,Africa,2022,4448.4,11.3,8427.8,-1.2,53.3,48.3,51.8,59.6,766798.6,958498.2,3833992.8
282,Company_282,Transportation,Latin America,2025,2359.5,6.3,1603.7,16.0,51.7,47.5,34.7,72.9,1228037.6,204672.9,4093458.7
764,Company_764,Energy,Africa,2025,62170.9,18.8,199393.2,25.9,63.7,53.9,48.9,88.3,51147462.4,15344238.7,511474624.1
751,Company_751,Transportation,Asia,2020,219.9,-4.5,251.2,-4.5,42.6,9.9,82.2,35.7,149160.2,24860.0,497200.8
259,Company_259,Healthcare,North America,2017,334.3,15.1,945.7,0.5,44.0,40.4,43.6,48.1,30648.8,30648.8,61297.6
400,Company_400,Manufacturing,Africa,2020,853.3,-5.9,957.4,4.3,44.7,73.2,43.5,17.3,175999.9,234666.6,2933332.1
290,Company_290,Transportation,Africa,2020,2115.2,7.5,2386.4,10.2,26.2,29.3,26.2,23.1,1262546.7,210424.5,4208489.2
870,Company_870,Finance,Latin America,2023,9091.6,-0.3,10725.7,-2.5,95.5,99.9,92.8,93.8,91106.1,45553.0,227765.2
905,Company_905,Manufacturing,Europe,2018,441.3,13.0,1151.4,-10.5,70.4,60.2,63.9,87.0,103037.2,137382.9,1717286.5
923,Company_923,Transportation,Middle East,2021,804.7,-1.7,1403.6,12.1,51.7,62.2,63.6,29.2,369254.2,61542.4,1230847.3
202,Company_202,Utilities,Latin America,2017,1314.2,2.5,435.6,-2.0,39.8,57.0,31.7,30.8,842095.8,526309.9,8420957.9
76,Company_76,Technology,North America,2023,15485.0,28.9,82680.8,5.8,67.3,89.8,40.7,71.4,442177.9,265306.7,884355.8
871,Company_871,Finance,Latin America,2023,249.9,17.0,753.6,-5.6,66.3,97.1,48.8,53.1,2601.2,1300.6,6503.0
801,Company_801,Finance,Africa,2017,5421.9,17.9,13655.2,-6.8,52.8,97.2,12.9,48.2,56307.5,28153.7,140768.7
291,Company_291,Technology,Oceania,2019,9120.5,20.0,32412.9,35.4,62.7,84.9,89.1,14.2,276115.8,165669.5,552231.6
421,Company_421,Retail,Africa,2025,1338.1,7.2,1395.9,-0.8,82.8,78.8,88.6,80.9,86793.3,43396.7,173586.7
559,Company_559,Manufacturing,Middle East,2020,3405.4,13.0,4424.2,21.0,47.1,60.0,33.0,48.3,796538.3,1062051.1,13275638.4
436,Company_436,Finance,Latin America,2023,2392.8,23.3,6405.9,0.7,65.0,99.1,51.5,44.5,24238.0,12119.0,60595.0
908,Company_908,Technology,Africa,2025,8189.3,11.6,28488.0,7.8,67.7,92.0,34.3,76.9,227711.5,136626.9,455423.1
159,Company_159,Consumer Goods,North America,2020,1113.1,7.3,1338.9,-1.5,71.1,49.4,67.4,96.6,190151.4,237689.3,950757.1
481,Company_481,Transportation,Middle East,2024,684.2,4.6,257.1,7.2,20.2,22.1,14.3,24.2,429243.1,71540.5,1430810.2
333,Company_333,Technology,Africa,2023,25900.4,26.7,218902.1,24.2,54.5,91.4,56.6,15.6,725905.9,435543.5,1451811.8
611,Company_611,Energy,Latin America,2016,7844.3,19.1,17621.8,6.8,24.3,16.3,46.0,10.7,8519555.4,2555866.6,85195553.6
321,Company_321,Energy,Africa,2019,2367.0,5.1,1338.0,10.1,55.5,64.1,70.7,31.8,1778786.3,533635.9,17787862.9
906,Company_906,Energy,Asia,2020,7041.3,7.4,8100.3,3.8,68.5,64.1,87.6,53.9,5290017.1,1587005.1,52900171.2
753,Company_753,Healthcare,Europe,2023,1428.7,34.4,9761.6,3.8,81.0,70.6,77.5,94.7,100839.0,100839.0,201678.0
556,Company_556,Transportation,Asia,2016,2512.6,6.3,2983.3,0.5,37.0,36.9,44.4,29.6,1419231.7,236538.6,4730772.2
232,Company_232,Manufacturing,Asia,2017,1082.1,5.0,583.6,8.1,27.7,16.6,32.4,34.1,351802.2,469069.6,5863369.8
85,Company_85,Manufacturing,Asia,2021,1992.5,2.8,661.3,-1.9,61.2,54.8,47.2,81.5,487858.6,650478.1,8130976.7
811,Company_811,Finance,Asia,2022,31048.2,24.9,112022.6,-5.8,54.8,67.9,68.6,27.8,449915.0,224957.5,1124787.6
109,Company_109,Energy,Africa,2024,4922.5,-7.5,12938.3,-4.9,58.7,57.1,54.4,64.7,3941165.9,1182349.8,39411659.4
562,Company_562,Transportation,Africa,2025,466.3,16.4,1293.5,12.5,25.7,26.6,23.4,27.0,283565.3,47260.9,945217.7
609,Company_609,Manufacturing,Latin America,2024,5647.7,17.2,10912.9,-10.1,39.5,34.2,76.5,7.8,1627831.8,2170442.4,27130529.9
837,Company_837,Healthcare,Latin America,2018,1550.2,15.1,3651.7,16.9,58.6,64.7,62.5,48.7,115793.1,115793.1,231586.2
130,Company_130,Manufacturing,Asia,2025,1816.2,22.9,3717.2,-3.2,33.6,17.8,29.6,53.3,585823.8,781098.4,9763729.6
674,Company_674,Finance,Africa,2023,1201.6,15.5,3440.6,-2.7,58.2,80.6,47.4,46.5,15272.6,7636.3,38181.6
706,Company_706,Healthcare,North America,2024,9825.8,15.0,36232.4,5.2,64.9,75.4,41.9,77.5,660465.3,660465.3,1320930.7
105,Company_105,Finance,Africa,2024,39921.7,11.1,43503.2,7.7,53.6,96.9,37.6,26.3,416618.9,208309.5,1041547.3
597,Company_597,Consumer Goods,Asia,2020,1043.9,13.4,2988.5,1.8,52.0,29.7,85.5,40.8,207137.6,258922.0,1035687.8
468,Company_468,Utilities,Asia,2022,837.9,0.5,48.6,4.2,55.4,40.0,36.4,89.7,616759.7,385474.8,6167597.2
252,Company_252,Consumer Goods,North America,2023,1664.4,14.4,2651.5,2.4,70.6,65.8,82.7,63.3,246216.4,307770.4,1231081.8
484,Company_484,Manufacturing,Africa,2019,1409.5,7.8,1373.2,2.1,53.3,41.8,89.6,28.5,383721.4,511628.6,6395357.4
505,Company_505,Transportation,North America,2025,251.9,19.7,922.2,-7.4,72.7,32.6,85.5,100.0,146905.3,24484.2,489684.4
803,Company_803,Consumer Goods,Africa,2018,1487.0,11.3,2034.4,-6.6,27.2,46.5,15.6,19.5,259983.0,324978.7,1299914.9
88,Company_88,Manufacturing,North America,2022,1242.6,6.8,922.8,0.8,79.3,76.6,73.0,88.2,247354.0,329805.4,4122567.2
516,Company_516,Utilities,North America,2016,280.5,11.4,322.3,0.5,33.6,20.4,10.4,69.9,237149.6,148218.5,2371495.7
456,Company_456,Utilities,Asia,2019,427.9,6.9,358.4,-0.4,38.5,45.4,53.9,16.3,301944.0,188715.0,3019439.8
621,Company_621,Transportation,North America,2019,418.4,2.7,90.3,-18.6,63.1,31.1,79.3,79.0,246573.2,41095.5,821910.7
246,Company_246,Consumer Goods,Oceania,2018,2588.2,12.1,4305.2,8.3,53.8,27.9,64.1,69.5,519971.9,649964.9,2599859.4
780,Company_780,Transportation,Africa,2024,460.8,19.7,941.7,-3.5,35.0,40.1,37.9,27.1,254144.5,42357.4,847148.4
671,Company_671,Technology,Middle East,2022,14819.8,13.4,45574.5,18.8,50.8,83.4,39.8,29.1,456362.4,273817.4,912724.8
135,Company_135,Transportation,Asia,2024,1570.4,3.0,793.5,6.7,52.5,27.9,69.6,60.1,946947.9,157824.7,3156493.1
886,Company_886,Retail,Oceania,2016,1243.7,11.5,2889.5,-3.2,55.5,57.2,50.8,58.4,99413.2,49706.6,198826.5
383,Company_383,Energy,Middle East,2015,2362.0,20.8,8731.4,,24.8,12.2,47.4,14.8,2633496.1,790048.8,26334961.1
530,Company_530,Manufacturing,Asia,2025,1168.9,12.1,2534.5,9.6,42.6,31.7,25.6,70.4,342954.9,457273.2,5715915.1
601,Company_601,Retail,Asia,2016,677.6,8.2,1103.8,0.4,69.0,70.0,60.7,76.3,48129.9,24065.0,96259.9
130,Company_130,Manufacturing,Asia,2022,2465.0,30.7,11266.8,-10.9,33.9,15.7,32.8,53.2,806185.9,1074914.6,13436432.1
232,Company_232,Manufacturing,Asia,2018,1122.6,6.9,1548.7,3.7,29.2,17.1,34.3,36.1,363728.9,484971.9,6062148.7
474,Company_474,Consumer Goods,Latin America,2023,2853.5,8.2,3532.3,2.7,63.8,63.2,46.4,81.9,432521.0,540651.3,2162605.2
857,Company_857,Retail,Europe,2022,2901.8,2.7,1292.7,17.0,74.8,43.6,98.9,82.0,259717.1,129858.5,519434.1
315,Company_315,Utilities,Asia,2021,867.5,14.4,1604.3,-0.6,62.5,68.1,78.8,40.5,501706.4,313566.5,5017063.6
359,Company_359,Consumer Goods,Latin America,2023,1403.2,8.4,2070.9,6.1,30.2,13.8,60.5,16.4,309610.8,387013.5,1548054.1
199,Company_199,Retail,Latin America,2015,504.8,4.0,465.9,,56.9,50.4,59.2,61.1,42775.2,21387.6,85550.3
665,Company_665,Technology,Asia,2020,7351.6,17.2,37797.6,-9.4,57.9,66.6,41.9,65.3,269643.5,161786.1,539286.9
620,Company_620,Retail,Oceania,2016,1590.3,7.2,2180.6,11.7,54.8,52.9,74.0,37.6,131949.4,65974.7,263898.8
97,Company_97,Consumer Goods,Middle East,2016,953.2,10.0,1621.0,11.0,33.2,53.7,27.9,18.1,157100.6,196375.8,785503.1
466,Company_466,Consumer Goods,Oceania,2020,1711.6,6.0,2256.6,0.8,61.1,69.0,89.0,25.2,245474.1,306842.7,1227370.7
460,Company_460,Technology,North America,2016,2165.8,18.1,6626.3,16.1,57.1,69.5,57.7,44.1,77234.1,46340.5,154468.3
376,Company_376,Technology,Oceania,2017,1504.3,18.8,4299.9,5.6,83.9,93.5,71.1,87.2,41053.2,24631.9,82106.4
889,Company_889,Healthcare,Middle East,2023,2740.8,13.4,6683.0,7.9,28.5,35.2,18.0,32.2,261371.2,261371.2,522742.4
582,Company_582,Healthcare,Oceania,2016,2236.1,15.2,5063.4,4.1,74.6,86.9,56.8,80.2,132327.8,132327.8,264655.5
804,Company_804,Energy,Europe,2025,8288.1,40.6,32584.8,-6.2,74.3,45.7,79.0,98.1,7295292.4,2188587.7,72952923.5
141,Company_141,Energy,Africa,2019,4814.3,-2.2,22541.0,3.4,18.1,43.8,6.1,4.5,4299534.9,1289860.5,42995348.6
375,Company_375,Transportation,Middle East,2016,400.5,8.9,504.1,16.3,14.9,9.1,21.2,14.4,273035.4,45505.9,910117.8
922,Company_922,Healthcare,Oceania,2023,957.1,12.4,2792.5,5.6,72.5,65.0,84.4,68.1,71283.7,71283.7,142567.5
358,Company_358,Utilities,Middle East,2016,1537.6,9.5,1573.9,10.3,41.1,33.1,18.0,72.2,1191278.4,744549.0,11912783.7
454,Company_454,Manufacturing,Middle East,2016,3281.4,9.2,4222.9,0.8,32.3,33.7,34.2,29.0,948972.3,1265296.4,15816205.5
66,Company_66,Consumer Goods,Middle East,2024,1994.4,24.5,5636.5,2.7,63.0,93.3,58.2,37.5,218079.8,272599.7,1090399.0
615,Company_615,Transportation,Europe,2017,808.4,-1.1,875.9,10.2,76.5,51.7,83.9,93.9,406526.5,67754.4,1355088.3
491,Company_491,Transportation,Latin America,2023,569.6,23.5,1084.8,-12.0,37.9,48.0,36.2,29.5,295285.5,49214.3,984285.1
610,Company_610,Technology,Europe,2016,3781.2,29.8,37542.8,17.3,89.0,91.6,90.9,84.5,105587.6,63352.6,211175.3
103,Company_103,Retail,Africa,2020,1097.0,6.5,1265.3,-6.8,53.9,77.2,43.6,40.8,72357.8,36178.9,144715.6
691,Company_691,Healthcare,Latin America,2019,4150.3,14.4,6342.2,5.8,59.3,58.6,72.5,46.7,327689.6,327689.6,655379.2
573,Company_573,Energy,North America,2015,7007.0,25.7,14931.4,,44.2,18.0,40.5,74.1,7526278.9,2257883.7,75262789.2
542,Company_542,Transportation,Asia,2022,693.8,-7.3,2693.2,9.9,52.8,52.5,31.5,74.4,346675.9,57779.3,1155586.3
145,Company_145,Energy,Middle East,2017,3583.1,18.6,12474.7,10.3,31.4,5.7,63.7,24.9,4156574.7,1246972.4,41565747.4
863,Company_863,Healthcare,Asia,2020,1849.9,15.2,6164.2,25.5,28.9,37.7,18.6,30.4,173186.1,173186.1,346372.2
406,Company_406,Utilities,Asia,2019,439.5,8.0,502.3,2.0,46.1,63.5,39.2,35.6,265757.0,166098.1,2657570.2
586,Company_586,Transportation,Africa,2024,878.7,-13.4,3322.5,10.3,44.7,65.1,30.7,38.2,392468.5,65411.4,1308228.3
142,Company_142,Finance,North America,2025,2921.6,10.0,3477.7,3.2,66.1,97.7,49.3,51.1,30150.0,15075.0,75374.9
392,Company_392,Consumer Goods,Latin America,2015,1869.9,9.1,2496.3,,20.5,16.0,21.2,24.4,406789.3,508486.6,2033946.6
815,Company_815,Technology,North America,2021,15895.9,18.2,47057.0,2.5,57.4,89.5,57.5,25.1,455551.2,273330.7,911102.5
292,Company_292,Utilities,Asia,2024,1162.6,4.2,429.7,5.9,26.3,34.0,27.3,17.7,894534.7,559084.2,8945347.4
535,Company_535,Energy,Asia,2023,47031.1,8.5,37257.6,20.7,46.9,45.0,16.3,79.4,41613870.3,12484161.1,416138702.7
767,Company_767,Finance,North America,2019,11771.1,9.4,19666.3,0.6,49.7,72.1,56.5,20.5,163703.7,81851.9,409259.3
362,Company_362,Technology,Africa,2017,1991.9,15.1,8910.7,10.1,38.1,95.7,5.3,13.5,52818.7,31691.2,105637.4
883,Company_883,Technology,Africa,2025,7897.7,22.4,42980.0,3.3,52.6,85.5,47.5,24.8,237480.2,142488.1,474960.4
637,Company_637,Utilities,Oceania,2016,626.3,10.8,770.7,17.1,51.1,21.9,92.4,39.1,524511.1,327819.5,5245111.3
771,Company_771,Transportation,Middle East,2023,326.9,30.4,1016.8,1.1,32.0,26.4,11.1,58.4,199048.8,33174.8,663496.0
829,Company_829,Manufacturing,Oceania,2021,2579.9,2.5,1155.2,-3.7,45.4,35.7,29.9,70.7,735535.0,980713.3,12258916.0
402,Company_402,Technology,Asia,2022,1621.4,21.1,11078.6,-9.3,29.8,17.1,37.8,34.4,87555.4,52533.2,175110.8
322,Company_322,Consumer Goods,Middle East,2025,2321.6,0.4,104.2,6.2,50.8,75.2,35.8,41.3,312802.7,391003.4,1564013.5
685,Company_685,Energy,North America,2025,13754.1,-16.7,49790.7,11.6,48.7,27.5,60.2,58.4,13857165.1,4157149.5,138571651.2
519,Company_519,Retail,Middle East,2019,1243.2,2.1,480.5,14.7,50.6,72.4,58.3,21.0,86156.2,43078.1,172312.3
830,Company_830,Manufacturing,Africa,2015,2684.5,15.9,6539.3,,55.0,56.4,57.0,51.4,648352.9,864470.6,10805882.2
308,Company_308,Finance,Asia,2017,2554.7,16.8,4432.8,5.0,72.8,98.5,65.1,54.8,26079.7,13039.9,65199.3
788,Company_788,Finance,North America,2022,3168.0,1.4,739.8,-14.7,75.7,100.0,44.9,82.2,31680.5,15840.2,79201.2
237,Company_237,Finance,Asia,2024,2932.5,3.9,1813.5,-0.1,63.7,96.7,57.5,36.9,30684.9,15342.4,76712.2
448,Company_448,Finance,Middle East,2021,8299.8,12.8,10333.5,22.9,52.7,100.0,43.3,14.6,82997.9,41499.0,207494.8
127,Company_127,Consumer Goods,Asia,2021,2566.7,8.0,4483.0,18.6,60.5,73.3,37.5,70.6,352681.5,440851.9,1763407.7
686,Company_686,Transportation,Middle East,2015,675.3,1.2,119.0,,25.2,21.2,42.6,11.7,426209.6,71034.9,1420698.8
69,Company_69,Energy,North America,2019,7215.2,30.9,36898.4,11.5,45.5,9.7,62.9,63.8,8170828.6,2451248.6,81708286.0
642,Company_642,Retail,Europe,2015,2121.5,3.2,834.9,,60.9,74.9,44.7,63.0,143333.9,71667.0,286667.8
979,Company_979,Energy,Middle East,2019,15334.9,12.9,24997.2,-0.3,46.1,47.8,49.6,40.8,13265561.6,3979668.5,132655616.4
443,Company_443,Consumer Goods,Oceania,2017,1563.6,19.8,4451.8,-4.1,48.7,26.2,71.2,48.8,317998.0,397497.4,1589989.8
684,Company_684,Finance,Europe,2016,956.4,16.8,1957.6,1.8,86.3,97.7,74.0,87.4,9870.6,4935.3,24676.5
947,Company_947,Retail,Latin America,2022,4250.4,8.9,6904.0,17.1,41.9,67.5,23.9,34.4,309293.9,154647.0,618587.8
162,Company_162,Technology,North America,2021,49308.8,4.4,38452.6,15.7,71.4,100.0,21.9,92.2,1232721.0,739632.6,2465442.0
2,Company_2,Retail,Asia,2021,3167.9,-0.4,15634.9,5.6,63.0,62.9,60.0,66.1,240710.6,120355.3,481421.2
161,Company_161,Technology,Europe,2025,4883.4,26.1,34342.4,0.5,75.6,91.3,75.1,60.4,137031.8,82219.1,274063.7
172,Company_172,Energy,Asia,2022,7504.2,10.8,12381.1,-3.8,42.4,25.8,70.0,31.3,7647427.9,2294228.4,76474278.9
822,Company_822,Finance,Latin America,2022,864.5,16.5,1373.5,1.8,57.6,49.1,78.0,45.8,14811.6,7405.8,37028.9
150,Company_150,Manufacturing,North America,2018,2209.4,-4.3,6957.8,13.4,62.4,36.9,90.4,60.1,624399.7,832532.9,10406661.3
854,Company_854,Manufacturing,Asia,2018,2166.2,12.4,4532.0,-4.1,48.9,56.4,44.2,46.2,523084.2,697445.5,8718069.2
211,Company_211,Consumer Goods,Oceania,2021,1459.6,9.8,2087.9,0.5,67.0,43.0,68.2,89.7,262455.6,328069.4,1312277.8
333,Company_333,Technology,Africa,2015,18150.6,22.7,108102.0,,47.9,85.5,44.7,13.5,545618.0,327370.8,1091236.0
13,Company_13,Consumer Goods,Asia,2015,497.7,9.9,550.8,,44.6,80.2,23.0,30.7,63581.8,79477.3,317909.1
540,Company_540,Utilities,Oceania,2017,1643.5,6.8,1258.6,11.3,68.6,70.6,95.1,40.2,928339.3,580212.1,9283393.3
305,Company_305,Manufacturing,Latin America,2022,6683.6,3.5,4622.0,19.8,60.2,56.2,41.3,83.0,1617061.8,2156082.4,26951030.2
388,Company_388,Manufacturing,Middle East,2022,788.2,4.8,599.2,3.0,51.5,72.3,33.2,48.9,164055.4,218740.6,2734257.4
422,Company_422,Energy,Europe,2023,2482.6,4.5,2041.4,-15.1,82.7,82.1,91.4,74.7,1552991.4,465897.4,15529914.2
803,Company_803,Consumer Goods,Africa,2022,1616.8,10.8,2334.7,9.1,29.1,50.5,19.7,17.2,273755.7,342194.7,1368778.7
100,Company_100,Manufacturing,North America,2021,1267.4,-6.0,4679.1,9.5,53.9,12.3,91.1,58.2,423408.9,564545.2,7056815.3
396,Company_396,Finance,North America,2023,17665.3,13.2,19090.7,14.1,77.7,99.7,61.8,71.8,177470.8,88735.4,443677.0
590,Company_590,Manufacturing,North America,2018,2304.0,14.7,6926.8,-5.3,52.5,41.5,47.8,68.1,628637.9,838183.8,10477297.8
48,Company_48,Technology,Latin America,2025,4740.9,23.5,17230.4,6.6,52.2,92.0,46.5,18.1,131743.7,79046.2,263487.3
455,Company_455,Consumer Goods,Latin America,2024,2593.5,8.9,4629.0,8.9,48.7,80.6,23.1,42.5,329970.4,412463.0,1649851.8
183,Company_183,Retail,Europe,2015,999.1,11.7,2270.7,,53.1,55.7,67.3,36.4,80960.3,40480.2,161920.6
576,Company_576,Finance,Asia,2016,3680.0,15.6,4834.1,-8.5,59.6,91.9,36.6,50.2,40959.9,20480.0,102399.8
16,Company_16,Energy,Europe,2018,1320.2,17.3,4087.7,5.8,50.1,49.6,41.3,59.3,1126052.2,337815.6,11260521.6
672,Company_672,Finance,Middle East,2021,8812.9,2.2,1603.6,12.3,50.9,97.1,36.8,18.9,91719.6,45859.8,229298.9
760,Company_760,Manufacturing,Europe,2016,2524.3,2.6,944.0,1.8,74.6,54.3,99.6,69.8,620787.7,827717.0,10346462.3
375,Company_375,Transportation,Middle East,2023,381.1,1.5,104.9,6.7,19.9,8.5,25.9,25.3,260846.2,43474.4,869487.4
175,Company_175,Finance,Latin America,2020,6048.6,4.5,3609.0,12.0,59.4,97.9,21.1,59.1,62225.4,31112.7,155563.5
64,Company_64,Consumer Goods,Asia,2023,1883.8,4.7,1728.6,8.5,44.3,48.8,41.1,43.0,323426.1,404282.7,1617130.6
505,Company_505,Transportation,North America,2018,314.1,17.7,1062.0,2.5,68.3,30.6,85.5,88.9,185737.9,30956.3,619126.2
596,Company_596,Technology,Europe,2020,57632.4,18.0,197751.3,27.5,87.5,88.4,90.2,83.9,1674257.1,1004554.3,3348514.2
672,Company_672,Finance,Middle East,2023,10823.4,-0.3,32961.5,5.8,49.5,100.0,33.2,15.4,108234.5,54117.2,270586.2
344,Company_344,Technology,Africa,2024,6717.0,21.4,24156.6,12.8,54.9,88.5,63.3,12.9,194959.2,116975.5,389918.5
758,Company_758,Healthcare,Latin America,2024,32062.6,11.3,43829.9,15.8,48.3,80.0,35.7,29.4,2051908.3,2051908.3,4103816.6
756,Company_756,Technology,Middle East,2015,9861.9,27.6,69036.2,,72.0,84.1,85.8,46.0,301508.1,180904.9,603016.2
566,Company_566,Healthcare,North America,2024,2531.3,15.9,4093.2,4.6,59.4,44.1,59.0,75.0,225541.4,225541.4,451082.9
252,Company_252,Consumer Goods,North America,2020,1304.9,10.5,1936.3,-0.8,67.2,64.6,81.9,54.9,195101.3,243876.6,975506.3
684,Company_684,Finance,Europe,2024,1657.2,15.2,4314.4,7.3,88.2,98.8,76.1,89.6,16848.8,8424.4,42121.9
71,Company_71,Consumer Goods,Latin America,2017,2780.0,6.8,4553.2,18.6,41.2,57.8,22.5,43.2,442230.0,552787.5,2211149.8
119,Company_119,Consumer Goods,Middle East,2015,1239.6,12.5,3325.0,,30.4,52.3,31.1,7.6,206749.4,258436.8,1033747.2
800,Company_800,Transportation,Asia,2020,2372.3,10.1,4003.1,17.9,41.7,10.8,67.1,47.1,1600478.2,266746.4,5334927.2
123,Company_123,Technology,Middle East,2025,137883.0,22.7,821387.0,27.2,64.1,100.0,30.3,61.9,3447075.5,2068245.3,6894151.1
267,Company_267,Retail,North America,2015,1412.0,6.7,1906.8,,50.1,23.9,42.4,84.1,145832.5,72916.2,291665.0
663,Company_663,Finance,Asia,2017,13016.6,12.6,22618.3,25.9,64.2,94.4,75.3,22.8,140391.4,70195.7,350978.5
933,Company_933,Consumer Goods,Latin America,2023,3627.0,16.5,9313.7,3.0,56.4,91.7,50.4,27.2,404842.2,506052.8,2024211.1
118,Company_118,Retail,Asia,2015,870.9,4.1,820.5,,65.7,84.6,53.3,59.2,52909.8,26454.9,105819.7
284,Company_284,Retail,Asia,2025,538.9,6.8,371.8,-5.7,71.4,95.8,56.1,62.2,28530.0,14265.0,57060.1
705,Company_705,Consumer Goods,Africa,2017,1219.6,21.2,5718.9,12.3,36.7,57.0,50.3,2.8,195322.7,244153.3,976613.4
822,Company_822,Finance,Latin America,2017,820.2,15.7,1709.8,5.4,54.9,51.7,76.2,36.7,13747.5,6873.7,34368.7
942,Company_942,Transportation,Middle East,2025,564.1,-1.0,443.7,4.8,43.0,30.0,10.6,88.4,335074.1,55845.7,1116913.8
641,Company_641,Manufacturing,Latin America,2019,644.6,12.6,784.7,6.6,46.7,33.9,48.0,58.1,186166.7,248222.3,3102779.0
184,Company_184,Utilities,Europe,2015,859.4,9.3,797.6,,63.0,27.3,70.1,91.6,693452.3,433407.7,6934522.7
722,Company_722,Healthcare,Asia,2015,1207.8,17.0,4442.9,,45.4,78.9,34.2,23.2,78250.0,78250.0,156499.9
901,Company_901,Consumer Goods,Europe,2019,814.3,3.8,489.4,12.3,60.3,63.5,62.0,55.3,123076.6,153845.8,615383.2
528,Company_528,Utilities,Oceania,2022,683.0,0.4,34.3,7.0,62.6,50.6,61.4,75.9,462052.7,288782.9,4620527.0
795,Company_795,Technology,Europe,2019,37476.1,10.6,105530.7,7.6,78.3,97.9,65.2,71.8,964907.8,578944.7,1929815.7
978,Company_978,Transportation,North America,2025,4789.9,16.9,7230.1,10.5,60.4,73.3,31.4,76.7,1973593.9,328932.3,6578646.4
196,Company_196,Healthcare,Oceania,2017,5218.2,4.9,3785.8,7.9,52.3,73.6,50.0,33.4,357240.6,357240.6,714481.3
533,Company_533,Technology,Middle East,2023,14599.7,18.5,88738.4,4.2,68.5,95.2,67.3,42.9,389461.7,233677.0,778923.4
341,Company_341,Finance,Middle East,2024,24539.2,10.5,49729.0,12.5,46.4,97.2,16.7,25.4,254974.2,127487.1,637435.5
276,Company_276,Transportation,North America,2023,945.8,-1.3,2146.8,-12.1,51.7,18.3,100.0,36.9,608437.3,101406.2,2028124.3
741,Company_741,Retail,Latin America,2023,1039.1,13.2,3123.9,1.5,56.6,63.6,65.8,40.3,78454.5,39227.2,156909.0
577,Company_577,Manufacturing,Oceania,2017,415.6,-0.9,711.7,6.2,75.6,48.8,99.9,78.0,107018.8,142691.8,1783647.1
477,Company_477,Manufacturing,Latin America,2018,1046.5,6.5,874.7,1.4,39.7,47.8,49.3,22.0,271700.8,362267.8,4528346.9
41,Company_41,Energy,North America,2024,7708.9,7.6,4826.3,-6.0,62.1,42.6,51.1,92.8,6951394.4,2085418.3,69513943.5
314,Company_314,Consumer Goods,Latin America,2021,701.5,11.2,1058.9,10.1,55.3,11.4,89.4,65.2,157158.6,196448.3,785793.2
855,Company_855,Healthcare,Latin America,2020,1053.9,20.1,4960.1,9.5,42.7,58.8,39.0,30.3,83071.6,83071.6,166143.3
603,Company_603,Utilities,North America,2015,823.2,12.1,826.3,,48.0,37.0,69.0,38.1,619653.2,387283.3,6196532.3
342,Company_342,Energy,Africa,2017,11225.1,5.8,10051.5,-4.4,41.1,70.3,32.2,20.7,7944423.6,2383327.1,79444236.3
437,Company_437,Technology,Africa,2016,721.8,25.9,3888.3,7.6,47.5,65.6,73.2,3.8,26746.6,16048.0,53493.2
724,Company_724,Retail,North America,2025,433.9,14.7,1144.4,2.6,74.9,77.6,65.1,82.1,28503.2,14251.6,57006.5
74,Company_74,Energy,Europe,2022,2411.5,-8.7,9399.6,1.2,71.7,22.4,92.6,100.0,2516528.6,754958.6,25165285.6
958,Company_958,Healthcare,Africa,2020,1774.6,24.4,7386.6,17.5,45.3,36.4,43.6,56.1,167788.0,167788.0,335576.0
718,Company_718,Healthcare,Middle East,2025,1532.1,25.4,6829.1,-3.4,45.3,65.8,50.2,19.8,113277.9,113277.9,226555.8
417,Company_417,Transportation,Middle East,2023,430.5,5.0,420.1,23.7,22.3,25.1,24.0,17.8,264540.5,44090.1,881801.5
869,Company_869,Healthcare,Africa,2016,621.0,17.9,1898.9,-11.3,35.8,56.7,17.2,33.4,49865.7,49865.7,99731.4
189,Company_189,Healthcare,Asia,2020,2059.9,18.4,5956.1,-1.3,51.7,64.4,38.5,52.3,154316.8,154316.8,308633.5
652,Company_652,Finance,Latin America,2022,5479.2,24.6,25492.7,14.7,44.4,90.9,27.2,15.1,61770.3,30885.2,154425.8
704,Company_704,Utilities,Europe,2022,580.1,12.4,961.2,10.5,78.4,50.3,100.0,84.8,393441.8,245901.1,3934418.1
680,Company_680,Healthcare,Oceania,2022,4059.4,26.7,16692.6,7.4,52.1,49.5,45.0,61.8,346429.2,346429.2,692858.4
135,Company_135,Transportation,Asia,2018,1222.6,3.5,720.9,-6.7,51.4,23.4,70.5,60.4,760250.9,126708.5,2534169.5
163,Company_163,Energy,Asia,2023,1886.4,-4.7,8899.4,3.1,56.0,25.7,52.3,90.1,1924569.6,577370.9,19245696.4
213,Company_213,Technology,Europe,2016,52102.5,24.1,386167.0,-3.6,72.1,100.0,41.6,74.7,1302563.2,781537.9,2605126.5
545,Company_545,Manufacturing,North America,2018,5066.7,11.0,6097.8,15.9,52.7,32.2,70.6,55.2,1481510.1,1975346.8,24691834.5
183,Company_183,Retail,Europe,2021,828.2,7.4,1498.5,-1.1,59.1,61.1,77.7,38.4,63950.4,31975.2,127900.9
63,Company_63,Consumer Goods,Europe,2015,854.0,15.8,1637.2,,65.6,39.9,69.7,87.0,157203.4,196504.3,786017.2
830,Company_830,Manufacturing,Africa,2025,3772.6,20.1,11732.5,3.3,60.6,65.9,56.5,59.3,836295.6,1115060.8,13938260.4
581,Company_581,Energy,Oceania,2019,3298.8,2.1,1231.3,20.1,58.6,22.4,85.6,67.9,3440875.8,1032262.7,34408757.6
260,Company_260,Consumer Goods,Latin America,2025,3595.0,6.5,3100.6,14.4,73.7,100.0,51.9,69.0,359501.0,449376.2,1797505.0
432,Company_432,Technology,North America,2021,465.2,20.5,1952.5,25.2,71.6,68.7,59.0,87.0,16722.3,10033.4,33444.6
6,Company_6,Transportation,Oceania,2017,2508.9,-4.0,3844.3,-2.6,68.7,60.3,75.8,70.0,1171117.0,195186.2,3903723.3
402,Company_402,Technology,Asia,2025,1996.2,23.0,12282.7,19.2,31.6,16.2,40.1,38.6,108450.4,65070.2,216900.7
847,Company_847,Finance,Oceania,2024,4741.9,14.1,12171.6,3.1,62.4,99.7,58.5,28.8,47597.1,23798.6,118992.8
738,Company_738,Consumer Goods,Middle East,2025,548.4,21.9,2734.2,-1.8,36.8,25.9,30.4,54.2,111711.6,139639.5,558557.8
219,Company_219,Transportation,Middle East,2016,487.5,-3.8,1614.9,9.1,44.6,38.9,37.6,57.4,271356.9,45226.2,904523.1
407,Company_407,Healthcare,North America,2023,538.0,13.5,1776.3,4.2,64.4,77.9,23.9,91.4,35228.5,35228.5,70457.0
5,Company_5,Finance,Middle East,2017,2553.4,19.9,9760.9,-3.6,44.3,74.7,18.7,39.6,34565.5,17282.7,86413.7
3,Company_3,Transportation,Latin America,2023,415.2,8.1,498.7,6.6,32.3,20.2,43.8,32.9,263632.1,43938.7,878773.7
766,Company_766,Finance,Asia,2020,3167.0,16.4,5210.0,9.9,67.2,99.4,60.5,41.7,31937.8,15968.9,79844.5
467,Company_467,Manufacturing,Middle East,2016,620.2,11.6,1050.9,15.1,34.5,64.7,36.4,2.3,138964.9,185286.5,2316081.7
515,Company_515,Finance,Africa,2025,18660.4,11.8,24990.6,14.9,46.6,97.4,12.6,29.7,193411.2,96705.6,483527.9
134,Company_134,Healthcare,Asia,2020,6629.2,13.7,18914.7,19.4,67.6,81.8,55.9,65.2,415804.0,415804.0,831607.9
152,Company_152,Technology,Latin America,2019,27304.3,32.4,216340.2,-4.5,65.0,95.9,69.0,30.0,721682.8,433009.7,1443365.7
129,Company_129,Healthcare,Africa,2023,2037.5,7.8,3530.8,5.0,49.6,62.5,24.7,61.6,155408.7,155408.7,310817.3
906,Company_906,Energy,Asia,2019,6782.5,6.5,7966.5,-4.8,66.0,63.4,84.2,50.4,5129378.4,1538813.5,51293784.1
215,Company_215,Utilities,North America,2019,1080.1,6.5,595.3,-0.8,87.8,73.0,92.1,98.4,595349.9,372093.7,5953499.1
751,Company_751,Transportation,Asia,2017,246.8,-0.4,718.9,-11.1,39.4,4.8,77.5,35.8,172783.6,28797.3,575945.4
873,Company_873,Consumer Goods,Africa,2020,1432.9,-5.9,5994.9,5.5,51.0,50.1,33.7,69.3,243461.4,304326.7,1217306.8
323,Company_323,Healthcare,Europe,2019,2463.5,17.8,5791.2,-2.3,77.4,62.3,90.6,79.2,188210.1,188210.1,376420.3
334,Company_334,Technology,Africa,2021,15423.5,15.3,61300.5,-12.4,37.9,62.3,43.0,8.5,589292.1,353575.3,1178584.3
849,Company_849,Technology,Africa,2025,11225.3,33.2,97669.6,12.7,72.3,100.0,49.9,67.0,280631.5,168378.9,561263.0
366,Company_366,Manufacturing,Africa,2024,819.8,8.4,1025.2,-11.1,22.7,31.1,9.0,28.0,241509.7,322013.0,4025162.2
40,Company_40,Transportation,Oceania,2015,2337.7,4.0,1791.9,,53.4,26.0,73.6,60.6,1427581.7,237930.3,4758605.6
811,Company_811,Finance,Asia,2023,34886.6,24.8,126640.8,12.4,56.2,69.0,70.6,29.0,500504.7,250252.3,1251261.7
455,Company_455,Consumer Goods,Latin America,2016,819.3,6.9,1365.8,16.4,41.3,69.3,19.4,35.2,117147.6,146434.5,585738.2
36,Company_36,Healthcare,Europe,2015,1387.2,19.2,6545.4,,71.7,29.7,97.6,87.8,137592.0,137592.0,275184.0
177,Company_177,Manufacturing,North America,2024,2620.3,23.8,12394.4,4.3,47.2,40.8,54.9,46.0,718831.3,958441.7,11980521.6
468,Company_468,Utilities,Asia,2018,989.3,6.7,729.5,-1.4,51.5,31.1,35.7,87.6,777283.1,485801.9,7772831.1
395,Company_395,Consumer Goods,North America,2023,2646.9,14.4,7138.5,6.1,48.5,37.5,46.2,61.9,496377.0,620471.3,2481885.2
812,Company_812,Manufacturing,North America,2023,542.0,13.1,689.9,0.2,43.0,10.1,39.7,79.1,183638.7,244851.6,3060645.3
44,Company_44,Healthcare,Oceania,2015,8643.8,26.4,36906.0,,50.9,39.1,30.9,82.7,800376.2,800376.2,1600752.5
575,Company_575,Energy,Africa,2025,881.1,5.7,896.1,-25.9,48.1,62.6,36.9,45.0,671446.8,201434.1,6714468.5
879,Company_879,Utilities,Africa,2018,1189.5,12.1,2077.5,7.2,54.8,91.2,38.9,34.5,534649.1,334155.7,5346490.8
304,Company_304,Technology,Asia,2015,5962.2,20.1,21451.9,,51.7,90.7,26.0,38.5,168435.4,101061.3,336870.9
671,Company_671,Technology,Middle East,2021,12472.5,13.5,48879.6,13.6,48.3,77.9,39.8,27.0,408205.3,244923.2,816410.7
726,Company_726,Healthcare,Africa,2016,3169.3,22.5,10668.6,2.2,43.8,53.9,30.0,47.5,260632.1,260632.1,521264.3
53,Company_53,Utilities,North America,2021,794.7,8.0,712.5,-1.8,73.9,34.0,99.0,88.6,611481.2,382175.8,6114812.3
96,Company_96,Manufacturing,Middle East,2025,2353.3,-2.3,8796.6,17.3,76.4,89.2,51.6,88.4,406287.3,541716.4,6771455.0
208,Company_208,Manufacturing,Middle East,2019,21000.4,2.5,10680.8,6.7,31.3,57.3,29.7,7.0,5032957.3,6710609.7,83882621.4
701,Company_701,Transportation,Europe,2016,249.1,-5.0,800.0,-2.8,65.4,19.1,88.5,88.5,159335.3,26555.9,531117.6
546,Company_546,Energy,Asia,2024,462.4,10.3,909.4,-33.9,44.4,49.0,57.2,27.0,396136.7,118841.0,3961366.7
373,Company_373,Energy,Africa,2022,9748.5,16.9,29528.2,-5.7,51.2,48.8,51.9,52.8,8370945.9,2511283.8,83709459.0
658,Company_658,Utilities,North America,2016,1745.8,11.9,2162.1,-2.6,56.2,57.9,48.8,61.9,1110010.0,693756.2,11100099.6
645,Company_645,Finance,Middle East,2018,14511.3,3.5,8280.8,-3.6,39.2,82.1,27.8,7.8,181408.6,90704.3,453521.4
314,Company_314,Consumer Goods,Latin America,2019,621.7,14.6,1292.9,10.0,55.1,11.6,89.3,64.3,139078.0,173847.4,695389.8
74,Company_74,Energy,Europe,2023,2678.4,1.3,453.7,11.1,72.8,24.6,95.1,98.6,2752358.9,825707.7,27523589.0
955,Company_955,Transportation,Asia,2019,810.4,-1.8,3155.9,10.7,61.0,51.2,66.8,65.0,409399.4,68233.2,1364664.7
326,Company_326,Finance,Asia,2022,3778.3,15.0,5258.3,17.9,66.5,99.3,42.7,57.5,38152.9,19076.4,95382.2
457,Company_457,Transportation,North America,2018,1333.7,9.7,2047.3,11.6,72.2,45.8,88.4,82.3,703787.6,117297.9,2345958.7
499,Company_499,Transportation,Asia,2015,439.4,-1.3,980.1,,40.2,10.6,45.1,64.9,296899.2,49483.2,989664.1
643,Company_643,Manufacturing,Asia,2020,17488.4,7.6,26564.7,1.5,68.4,49.5,70.0,85.6,4476142.1,5968189.5,74602368.6
688,Company_688,Technology,Asia,2024,2767.7,11.9,5979.2,15.0,44.3,96.2,16.6,20.0,72910.4,43746.2,145820.7
277,Company_277,Transportation,Middle East,2024,800.7,8.4,1004.2,9.6,37.4,66.4,41.6,4.1,353285.9,58881.0,1177619.7
276,Company_276,Transportation,North America,2022,1076.1,-5.2,4249.7,0.9,52.3,16.8,98.8,41.3,698987.9,116498.0,2329959.8
11,Company_11,Energy,Europe,2016,833.7,7.9,657.0,-24.4,60.1,45.7,75.2,59.4,733816.9,220145.1,7338168.9
840,Company_840,Utilities,Africa,2024,1967.1,1.0,263.1,9.9,58.6,82.2,18.0,75.6,983050.5,614406.5,9830504.7
955,Company_955,Transportation,Asia,2021,972.8,-10.9,2566.7,5.6,63.7,56.2,65.7,69.1,470936.3,78489.4,1569787.6
314,Company_314,Consumer Goods,Latin America,2020,637.5,14.3,1926.9,2.5,55.6,12.1,90.7,64.0,142212.4,177765.5,711061.9
714,Company_714,Transportation,Latin America,2017,256.4,13.3,482.4,-13.5,48.5,38.6,66.8,40.0,143077.6,23846.3,476925.3
159,Company_159,Consumer Goods,North America,2022,1270.6,7.9,1532.7,3.5,72.0,52.2,67.0,96.8,212114.9,265143.6,1060574.6
995,Company_995,Healthcare,Latin America,2021,2067.0,12.4,5910.0,4.2,60.8,100.0,38.8,43.4,103349.6,103349.6,206699.2
133,Company_133,Consumer Goods,Europe,2015,565.0,6.4,432.1,,64.6,27.1,79.7,87.0,114135.0,142668.7,570674.9
196,Company_196,Healthcare,Oceania,2019,6194.8,6.3,5076.1,15.3,53.6,72.6,54.3,33.8,428425.4,428425.4,856850.8
30,Company_30,Transportation,Middle East,2015,705.5,4.5,536.8,,26.0,4.2,64.5,9.3,495563.5,82593.9,1651878.3
390,Company_390,Energy,Asia,2024,2378.3,50.0,13700.4,-1.4,27.8,25.7,34.8,22.9,2426506.7,727952.0,24265066.8
869,Company_869,Healthcare,Africa,2018,603.4,26.7,2464.1,2.4,36.0,56.8,18.0,33.3,48423.5,48423.5,96847.0
244,Company_244,Energy,Europe,2015,12385.9,8.5,15641.2,,60.1,36.3,80.7,63.4,11718646.7,3515594.0,117186466.8
175,Company_175,Finance,Latin America,2023,8836.1,4.4,7479.0,6.2,60.2,100.0,19.2,61.4,88360.7,44180.3,220901.7
936,Company_936,Energy,Middle East,2015,3609.0,13.0,8820.1,,32.8,14.3,27.4,56.6,3970442.9,1191132.9,39704428.7
891,Company_891,Manufacturing,North America,2015,7955.8,9.6,14100.5,,54.4,33.0,66.2,64.0,2313458.5,3084611.3,38557641.1
408,Company_408,Retail,Asia,2021,1291.1,7.7,1862.0,1.5,67.8,85.8,37.3,80.3,77432.3,38716.1,154864.6
944,Company_944,Finance,Europe,2025,2252.2,18.9,6448.7,-6.4,54.5,93.7,23.0,46.7,24511.0,12255.5,61277.4
544,Company_544,Energy,Latin America,2021,8004.0,-17.3,14952.9,23.5,57.8,93.3,46.8,33.4,4376292.6,1312887.8,43762925.7
194,Company_194,Manufacturing,Oceania,2021,1334.1,10.6,1718.9,-2.1,88.3,79.9,90.7,94.3,256308.3,341744.4,4271805.5
854,Company_854,Manufacturing,Asia,2017,2259.1,14.2,4079.0,-7.9,48.1,55.5,45.0,43.6,549822.3,733096.4,9163705.6
601,Company_601,Retail,Asia,2023,700.2,1.5,249.7,1.2,72.9,81.2,54.9,82.6,44221.1,22110.6,88442.2
794,Company_794,Technology,North America,2020,9844.0,26.5,85499.0,2.1,73.6,86.4,67.4,67.1,293008.2,175804.9,586016.3
325,Company_325,Finance,Europe,2017,1761.3,13.4,2507.8,7.9,62.1,100.0,35.8,50.5,17612.9,8806.4,44032.2
785,Company_785,Retail,Asia,2020,875.5,4.7,540.8,-0.6,47.4,21.9,34.3,85.9,91637.3,45818.7,183274.7
712,Company_712,Healthcare,Asia,2016,2806.0,16.8,11787.7,9.3,52.9,49.7,48.8,60.2,239013.2,239013.2,478026.4
426,Company_426,Transportation,Middle East,2024,2370.1,27.6,7488.3,13.7,33.0,49.7,25.0,24.3,1211438.8,201906.5,4038129.4
739,Company_739,Utilities,Asia,2016,1042.5,8.5,934.5,-7.9,48.1,31.5,36.5,76.3,816673.2,510420.8,8166732.4
96,Company_96,Manufacturing,Middle East,2022,2011.1,0.4,107.4,12.7,76.9,85.7,57.5,87.7,362045.5,482727.3,6034091.8
500,Company_500,Utilities,Middle East,2020,1820.3,5.5,1247.9,14.1,46.4,66.5,31.5,41.1,1069403.9,668377.4,10694038.6
891,Company_891,Manufacturing,North America,2018,13345.7,8.3,15027.0,24.0,58.2,35.7,70.4,68.4,3803829.4,5071772.5,63397156.0
441,Company_441,Finance,North America,2020,1113.5,15.7,2634.0,2.4,70.0,100.0,62.9,47.2,11135.2,5567.6,27837.9
10,Company_10,Technology,Latin America,2015,48720.0,11.9,186028.6,,62.2,81.7,62.5,42.5,1530517.6,918310.6,3061035.3
981,Company_981,Utilities,Africa,2018,1921.6,8.0,1950.7,13.1,43.5,49.4,48.5,32.8,1313512.9,820945.6,13135129.4
133,Company_133,Consumer Goods,Europe,2019,830.9,2.8,393.7,1.7,67.0,31.3,80.6,89.2,162962.5,203703.2,814812.6
33,Company_33,Finance,North America,2024,1306.6,9.9,1176.3,-0.7,68.0,82.8,60.0,61.4,16219.1,8109.5,40547.7
74,Company_74,Energy,Europe,2024,3009.2,5.9,2490.4,12.4,71.7,24.4,95.5,95.1,3097235.2,929170.6,30972352.3
100,Company_100,Manufacturing,North America,2018,926.8,0.1,7.9,4.6,54.0,17.2,86.6,58.3,300253.7,400338.3,5004229.1
399,Company_399,Energy,North America,2016,7611.3,3.7,2706.2,15.7,58.2,43.7,63.6,67.3,6807457.1,2042237.1,68074570.7
286,Company_286,Transportation,North America,2025,1486.7,3.9,796.0,4.7,70.3,48.8,91.7,70.5,765799.6,127633.3,2552665.2
410,Company_410,Manufacturing,Africa,2018,2397.8,17.0,5225.3,13.7,31.2,27.9,55.8,9.9,722678.6,963571.5,12044644.0
484,Company_484,Manufacturing,Africa,2023,1902.0,4.4,1734.0,15.8,54.9,46.3,92.0,26.3,499915.4,666553.9,8331923.6
599,Company_599,Transportation,Latin America,2023,257.6,-0.3,910.6,-3.3,57.7,50.5,78.1,44.6,130834.4,21805.7,436114.6
682,Company_682,Technology,Middle East,2017,5640.1,17.0,28197.6,8.9,43.4,82.8,32.6,14.9,174933.0,104959.8,349866.0
762,Company_762,Technology,North America,2023,12604.1,21.2,70529.0,6.8,77.4,100.0,60.2,72.0,315103.1,189061.8,630206.1
559,Company_559,Manufacturing,Middle East,2024,4523.7,9.7,8664.3,2.5,50.4,64.5,36.8,49.9,1015803.6,1354404.8,16930059.8
129,Company_129,Healthcare,Africa,2021,1739.9,11.3,3922.9,1.6,48.4,59.9,24.3,60.9,135862.1,135862.1,271724.1
50,Company_50,Consumer Goods,North America,2016,852.1,16.5,1712.0,10.7,61.5,69.4,48.2,66.8,121720.2,152150.2,608601.0
645,Company_645,Finance,Middle East,2017,15053.1,6.3,7616.1,0.6,37.6,79.0,28.7,5.2,194865.4,97432.7,487163.6
442,Company_442,Consumer Goods,Latin America,2015,1330.0,6.2,1963.7,,45.9,53.6,34.1,50.0,219336.0,274170.0,1096680.2
105,Company_105,Finance,Africa,2017,21285.4,5.1,15928.8,11.0,45.8,82.9,33.6,20.9,263932.1,131966.0,659830.1
542,Company_542,Transportation,Asia,2021,631.3,-7.3,2282.3,10.3,51.6,51.3,29.0,74.6,318515.5,53085.9,1061718.3
69,Company_69,Energy,North America,2021,7911.5,23.1,30386.3,3.6,47.1,12.0,61.8,67.5,8828546.8,2648564.0,88285467.9
613,Company_613,Consumer Goods,North America,2022,3823.8,21.7,19805.0,19.3,76.0,87.6,42.5,98.0,448764.1,560955.1,2243820.5
649,Company_649,Finance,Oceania,2019,10495.5,6.9,10651.6,7.6,79.4,82.6,80.6,75.0,130468.8,65234.4,326171.9
964,Company_964,Technology,Middle East,2021,6618.5,21.1,25930.3,14.2,54.3,88.5,51.3,23.2,192083.6,115250.1,384167.2
369,Company_369,Utilities,Europe,2022,1359.9,3.1,354.0,18.1,65.0,16.7,81.3,97.0,1178426.6,736516.6,11784265.8
502,Company_502,Manufacturing,Asia,2015,207.8,0.5,19.5,,34.2,24.1,26.8,51.7,64270.1,85693.5,1071168.2
437,Company_437,Technology,Africa,2022,1021.6,19.9,5887.5,6.9,53.3,70.8,78.4,10.7,35996.5,21597.9,71992.9
953,Company_953,Technology,Latin America,2023,4621.8,13.8,19129.7,16.8,37.4,63.0,24.7,24.6,175350.8,105210.5,350701.5
285,Company_285,Energy,Latin America,2021,22581.3,6.1,22107.0,31.0,54.4,47.6,49.0,66.6,19569070.3,5870721.1,195690703.2
269,Company_269,Healthcare,Latin America,2024,452.2,0.4,34.7,1.2,47.2,84.9,28.3,28.4,27393.7,27393.7,54787.4
824,Company_824,Transportation,Oceania,2021,574.6,16.1,1218.1,11.7,49.6,14.1,51.1,83.6,379579.7,63263.3,1265265.8
852,Company_852,Energy,Latin America,2018,470.2,20.8,783.3,-15.5,31.3,19.8,42.1,31.9,499084.6,149725.4,4990846.5
653,Company_653,Energy,North America,2021,68.9,24.3,314.5,-9.6,64.3,33.4,94.5,65.0,66598.0,19979.4,665979.8
629,Company_629,Retail,Latin America,2021,1632.1,9.4,2299.7,14.9,63.2,68.6,59.7,61.4,117485.4,58742.7,234970.8
10,Company_10,Technology,Latin America,2016,56121.2,9.4,134112.7,15.2,64.8,79.6,68.6,46.2,1803672.0,1082203.2,3607344.1
238,Company_238,Retail,Middle East,2016,679.5,3.9,313.2,6.1,32.7,72.7,17.0,8.5,46969.7,23484.8,93939.3
874,Company_874,Manufacturing,Europe,2016,1039.1,6.0,1174.4,2.4,47.4,24.7,53.7,63.9,320132.1,426842.8,5335534.6
591,Company_591,Manufacturing,Oceania,2019,1083.6,0.3,54.9,10.2,62.5,82.3,56.7,48.6,202889.7,270519.6,3381495.3
705,Company_705,Consumer Goods,Africa,2024,2925.2,14.4,7099.6,12.3,39.1,62.4,54.6,0.2,446412.1,558015.1,2232060.5
940,Company_940,Healthcare,Asia,2025,988.5,15.5,1664.0,6.5,51.5,53.2,45.6,55.6,81796.7,81796.7,163593.4
599,Company_599,Transportation,Latin America,2017,642.1,0.3,36.2,-22.2,51.4,37.7,71.0,45.5,360760.2,60126.7,1202534.1
316,Company_316,Healthcare,Africa,2020,14022.8,17.6,46846.8,11.7,51.2,69.1,38.7,45.7,1004655.7,1004655.7,2009311.5
487,Company_487,Technology,Europe,2023,26595.2,26.2,131235.5,13.5,74.8,98.2,69.5,56.6,681889.2,409133.5,1363778.3
511,Company_511,Healthcare,Europe,2018,2645.5,-1.5,11994.3,19.3,78.5,74.3,93.1,68.1,179909.7,179909.7,359819.4
55,Company_55,Finance,Latin America,2022,709.4,10.2,757.6,5.2,75.7,99.5,73.5,54.1,7146.8,3573.4,17867.0
726,Company_726,Healthcare,Africa,2018,3365.5,12.4,8395.2,5.7,45.4,54.7,31.4,50.1,274982.1,274982.1,549964.3
959,Company_959,Manufacturing,Middle East,2021,1116.9,25.5,3128.9,2.2,48.1,44.1,40.3,59.9,298551.9,398069.2,4975865.3
431,Company_431,Consumer Goods,Asia,2016,369.7,5.9,395.5,14.0,68.4,49.8,77.8,77.6,62958.3,78697.9,314791.4
796,Company_796,Healthcare,Europe,2019,9528.5,19.2,30402.8,15.4,73.9,71.5,67.7,82.4,666518.5,666518.5,1333037.0
439,Company_439,Utilities,North America,2016,573.3,8.5,526.1,8.9,78.9,70.8,72.2,93.8,323014.9,201884.3,3230149.4
550,Company_550,Consumer Goods,Asia,2020,1000.9,22.8,4526.7,12.6,66.9,48.0,79.3,73.6,172992.4,216240.5,864962.0
524,Company_524,Transportation,Middle East,2015,1779.9,8.3,1708.8,,41.4,12.0,45.7,66.5,1192174.7,198695.8,3973915.6
95,Company_95,Retail,North America,2025,1350.4,16.5,3276.8,3.0,71.1,61.0,52.3,100.0,104368.2,52184.1,208736.3
778,Company_778,Finance,Oceania,2020,1127.8,24.7,5237.8,-4.5,79.6,88.1,100.0,50.8,13161.2,6580.6,32903.0
142,Company_142,Finance,North America,2021,2273.6,5.4,1442.5,12.1,66.5,100.0,45.2,54.2,22736.5,11368.2,56841.2
902,Company_902,Utilities,Africa,2022,638.9,15.8,1196.0,5.4,30.3,43.8,34.9,12.3,456554.5,285346.6,4565545.3
136,Company_136,Manufacturing,Latin America,2017,568.3,10.4,543.1,17.2,49.2,52.1,43.1,52.5,142452.5,189936.7,2374208.9
413,Company_413,Consumer Goods,North America,2020,1791.7,11.7,3659.4,1.1,63.1,43.8,79.4,66.1,320211.5,400264.3,1601057.3
17,Company_17,Utilities,Oceania,2019,4023.2,17.2,9379.8,2.9,65.8,61.4,88.2,47.6,2478297.7,1548936.1,24782977.2
921,Company_921,Healthcare,Oceania,2016,2430.0,20.7,10902.7,14.0,83.3,83.6,87.0,79.3,149454.3,149454.3,298908.6
471,Company_471,Utilities,Africa,2025,2247.5,17.1,5054.1,-4.4,42.9,38.1,63.4,27.1,1678067.8,1048792.3,16780677.6
193,Company_193,Manufacturing,Asia,2018,2224.3,8.5,3887.6,18.5,38.2,50.0,42.3,22.3,567388.6,756518.1,9456476.1
155,Company_155,Finance,Latin America,2020,6179.7,9.3,4898.5,24.1,65.1,64.8,95.9,34.5,92250.6,46125.3,230626.5
126,Company_126,Manufacturing,Oceania,2019,2899.5,4.7,1105.6,20.5,44.5,23.2,59.2,51.1,902372.8,1203163.8,15039547.1
323,Company_323,Healthcare,Europe,2020,2663.7,16.5,5153.7,8.1,78.5,64.2,88.4,83.0,199847.3,199847.3,399694.5
219,Company_219,Transportation,Middle East,2021,620.4,-5.7,2408.7,0.1,47.9,40.2,43.0,60.5,341876.2,56979.4,1139587.2
127,Company_127,Consumer Goods,Asia,2024,3085.4,8.2,4696.9,11.8,60.3,74.4,37.1,69.4,419239.2,524049.0,2096195.9
668,Company_668,Retail,Middle East,2022,3977.8,12.5,9789.8,15.3,65.7,100.0,56.0,41.0,198889.8,99444.9,397779.6
57,Company_57,Utilities,Middle East,2017,754.0,3.5,216.2,-7.9,28.8,32.2,19.2,35.1,587759.0,367349.4,5877590.1
721,Company_721,Manufacturing,Asia,2019,616.4,9.0,730.2,-12.7,57.5,64.8,60.7,46.9,138034.3,184045.7,2300571.0
986,Company_986,Retail,Latin America,2017,2716.6,-3.0,2604.5,2.0,24.6,27.1,27.8,18.9,274490.7,137245.4,548981.5
146,Company_146,Consumer Goods,Africa,2020,972.5,23.4,2457.3,-7.6,47.9,37.4,32.5,73.7,182488.7,228110.9,912443.6
635,Company_635,Transportation,Latin America,2023,811.2,-0.7,2398.8,5.6,44.3,67.2,29.9,35.8,355085.6,59180.9,1183618.8
660,Company_660,Consumer Goods,Africa,2018,2224.6,16.3,5021.4,10.6,27.0,16.9,48.3,15.8,481210.9,601513.6,2406054.5
147,Company_147,Energy,Latin America,2024,5920.4,4.9,3844.1,-10.0,49.3,47.2,70.4,30.3,5149578.6,1544873.6,51495786.3
655,Company_655,Finance,Middle East,2020,2927.3,27.4,11082.1,1.2,44.8,92.4,22.4,19.8,32396.6,16198.3,80991.6
40,Company_40,Transportation,Oceania,2024,4002.7,3.4,2451.8,9.9,58.0,32.8,82.4,58.8,2331201.9,388533.6,7770672.8
729,Company_729,Consumer Goods,Oceania,2022,9071.7,0.4,618.7,7.4,65.0,94.3,88.9,11.9,980133.9,1225167.4,4900669.6
190,Company_190,Technology,North America,2019,3946.7,17.9,14053.3,6.3,72.9,83.4,66.4,68.7,121534.4,72920.7,243068.9
918,Company_918,Utilities,Asia,2019,1104.1,6.4,840.0,0.8,56.9,68.0,50.5,52.0,639215.4,399509.6,6392154.4
394,Company_394,Transportation,Oceania,2020,1851.6,4.3,1009.9,3.4,51.7,27.5,31.0,96.6,1119452.6,186575.4,3731508.8
755,Company_755,Finance,North America,2023,6870.3,3.6,3460.9,-3.1,70.6,60.0,76.3,75.5,107194.4,53597.2,267986.0
549,Company_549,Utilities,North America,2024,1728.4,10.3,2634.7,-0.2,82.1,69.4,89.3,87.6,987622.0,617263.8,9876220.5
509,Company_509,Technology,Europe,2016,9704.3,19.0,57871.1,20.5,68.3,100.0,72.3,32.6,242607.6,145564.5,485215.1
801,Company_801,Finance,Africa,2019,7699.8,16.7,25726.2,14.5,52.3,99.6,13.9,43.3,77402.8,38701.4,193506.9
750,Company_750,Finance,Africa,2016,6070.3,20.5,24515.1,7.1,68.8,74.8,73.4,58.0,82111.8,41055.9,205279.6
541,Company_541,Technology,Asia,2015,1294.2,28.8,6930.0,,37.4,27.0,59.5,25.7,65416.6,39250.0,130833.2
232,Company_232,Manufacturing,Asia,2019,1270.3,6.1,1132.6,13.2,30.8,19.4,35.6,37.5,405638.8,540851.7,6760646.2
563,Company_563,Energy,Africa,2015,2795.8,4.9,2243.7,,41.6,54.7,54.0,16.2,2284200.6,685260.2,22842005.8
870,Company_870,Finance,Latin America,2018,9384.3,1.2,2134.9,1.5,90.7,97.1,90.2,85.0,97649.5,48824.7,244123.6
951,Company_951,Transportation,Asia,2019,410.3,2.8,151.7,-4.7,67.5,32.3,79.3,90.9,239741.2,39956.9,799137.4
175,Company_175,Finance,Latin America,2019,5398.2,3.2,1897.9,19.7,60.3,100.0,23.8,57.1,53981.7,26990.8,134954.2
834,Company_834,Technology,Oceania,2023,17701.1,11.8,58846.9,14.1,88.2,100.0,73.2,91.3,442527.7,265516.6,885055.4
552,Company_552,Consumer Goods,Asia,2020,874.4,13.0,2157.7,2.8,60.8,46.7,59.4,76.1,152655.0,190818.7,763274.9
633,Company_633,Utilities,Europe,2015,270.0,11.2,260.8,,59.1,43.8,67.1,66.6,193023.9,120639.9,1930239.2
831,Company_831,Manufacturing,Oceania,2022,2382.1,14.5,3377.5,-1.4,79.0,86.5,100.0,50.5,424708.5,566277.9,7078474.3
422,Company_422,Energy,Europe,2025,2179.4,-0.3,9449.6,-4.6,86.9,87.6,93.4,79.6,1278342.8,383502.9,12783428.4
700,Company_700,Technology,Asia,2024,16665.2,22.1,112203.9,-0.4,70.8,94.8,63.3,54.4,447019.0,268211.4,894038.0
187,Company_187,Utilities,Africa,2023,3552.3,21.1,8160.6,14.1,42.8,68.2,58.3,2.0,2053228.5,1283267.8,20532285.0
313,Company_313,Utilities,Europe,2020,590.7,6.8,540.1,1.9,72.3,74.7,69.5,72.9,320131.6,200082.2,3201316.0
923,Company_923,Transportation,Middle East,2016,492.0,1.4,82.7,19.7,53.7,59.7,70.7,30.7,230890.2,38481.7,769634.1
215,Company_215,Utilities,North America,2023,1126.4,5.5,880.4,-1.8,92.5,82.3,95.1,100.0,562195.3,351372.0,5621952.7
275,Company_275,Healthcare,Middle East,2015,2259.1,14.9,4126.5,,44.2,83.0,15.0,34.6,139791.4,139791.4,279582.9
203,Company_203,Energy,Oceania,2018,5085.3,24.6,19926.6,-7.1,55.1,35.2,90.7,39.3,4850801.7,1455240.5,48508016.6
744,Company_744,Transportation,North America,2022,3910.5,6.5,3028.9,15.4,64.8,23.3,91.7,79.3,2432876.1,405479.4,8109587.1
756,Company_756,Technology,Middle East,2025,18906.3,28.7,124839.8,5.4,73.4,79.1,98.2,42.8,610643.1,366385.8,1221286.1
103,Company_103,Retail,Africa,2019,1177.2,6.0,1416.4,-2.5,54.1,80.1,43.1,39.1,75233.8,37616.9,150467.7
978,Company_978,Transportation,North America,2020,3375.1,21.3,9896.3,25.2,56.7,63.4,32.5,74.1,1531111.5,255185.3,5103705.2
510,Company_510,Utilities,Middle East,2022,1247.9,9.9,1818.0,-0.2,66.1,64.5,46.7,87.1,747364.6,467102.8,7473645.6
446,Company_446,Manufacturing,Oceania,2020,2250.1,16.7,5079.8,10.7,54.1,62.8,56.7,42.7,513388.8,684518.5,8556480.8
461,Company_461,Technology,Oceania,2019,1348.7,28.6,12145.1,8.5,81.6,86.1,98.1,60.5,40283.2,24169.9,80566.4
223,Company_223,Transportation,Latin America,2017,323.4,4.6,266.3,-7.4,29.3,23.2,56.9,7.6,201263.6,33543.9,670878.6
323,Company_323,Healthcare,Europe,2023,3197.7,16.8,12680.3,10.0,83.7,67.5,95.8,87.7,232575.1,232575.1,465150.2
121,Company_121,Retail,Oceania,2017,845.6,-1.1,2509.9,8.3,47.6,27.5,80.1,35.3,85213.1,42606.5,170426.1
146,Company_146,Consumer Goods,Africa,2023,1083.0,17.2,2068.3,10.2,50.6,42.7,29.0,80.0,195216.4,244020.5,976082.1
612,Company_612,Utilities,Oceania,2023,717.5,2.4,143.9,23.1,64.1,39.4,68.5,84.5,530653.5,331658.4,5306535.0
782,Company_782,Finance,Middle East,2024,13559.2,12.5,23720.8,15.5,61.0,100.0,44.2,38.9,135592.3,67796.1,338980.7
863,Company_863,Healthcare,Asia,2022,2505.8,19.6,11659.2,19.5,28.1,41.1,14.7,28.6,228570.5,228570.5,457141.1
819,Company_819,Finance,Asia,2018,1521.6,18.4,3128.6,1.7,60.6,80.9,33.7,67.4,19289.4,9644.7,48223.4
974,Company_974,Energy,Europe,2015,7847.7,11.6,12936.0,,47.7,7.0,45.1,90.9,9033404.5,2710021.4,90334045.5
868,Company_868,Technology,Oceania,2020,46826.0,9.5,141473.9,4.4,71.2,92.4,71.8,49.6,1294545.5,776727.3,2589091.0
489,Company_489,Consumer Goods,Asia,2018,2364.4,5.2,2972.8,-8.4,62.7,50.3,58.8,79.1,400974.4,501218.0,2004872.0
593,Company_593,Manufacturing,Africa,2021,4939.5,14.3,6219.6,31.9,30.7,52.3,11.1,28.7,1236077.8,1648103.7,20601296.5
584,Company_584,Healthcare,Latin America,2025,5001.4,9.3,8950.4,2.1,66.5,80.6,42.6,76.2,318104.2,318104.2,636208.4
209,Company_209,Consumer Goods,North America,2017,1119.6,5.3,680.5,10.0,58.2,53.6,32.6,88.4,184614.6,230768.2,923072.8
936,Company_936,Energy,Middle East,2020,2964.1,-0.6,6665.2,-5.7,39.2,20.8,36.6,60.1,3124435.6,937330.7,31244355.5
815,Company_815,Technology,North America,2018,15179.0,21.2,88019.4,12.9,56.8,84.1,58.6,27.8,464054.0,278432.4,928108.1
138,Company_138,Energy,Latin America,2015,14820.4,-4.8,27157.2,,45.1,39.9,62.4,32.9,13643565.9,4093069.8,136435658.9
581,Company_581,Energy,Oceania,2018,2747.7,-1.0,4012.6,16.3,58.0,21.7,85.2,67.1,2879064.4,863719.3,28790644.5
142,Company_142,Finance,North America,2023,2736.9,5.5,1409.4,12.5,65.2,99.7,45.6,50.5,27490.5,13745.2,68726.2
911,Company_911,Manufacturing,Europe,2022,391.8,1.1,39.9,-5.2,85.0,99.5,62.5,92.9,59158.1,78877.5,985968.5
553,Company_553,Retail,Africa,2019,3309.7,5.9,4489.6,8.6,49.7,48.6,52.5,48.0,284556.8,142278.4,569113.6
336,Company_336,Retail,North America,2022,2545.1,9.3,3965.3,-5.4,63.7,59.7,59.2,72.0,199016.0,99508.0,398032.0
818,Company_818,Consumer Goods,Africa,2019,689.0,9.2,1067.6,9.3,46.1,53.7,67.4,17.3,113576.5,141970.7,567882.6
407,Company_407,Healthcare,North America,2016,398.7,11.2,962.4,-2.8,62.4,72.9,25.5,88.9,27500.1,27500.1,55000.2
167,Company_167,Energy,North America,2025,20645.2,3.8,7903.5,37.5,46.6,19.1,67.6,53.0,22020105.5,6606031.7,220201055.3
435,Company_435,Retail,Middle East,2020,2008.8,12.7,2888.6,28.2,22.9,45.2,9.8,13.8,177486.2,88743.1,354972.5
344,Company_344,Technology,Africa,2023,5956.6,18.7,22703.0,15.1,53.7,86.5,62.4,12.1,177135.7,106281.4,354271.3
90,Company_90,Energy,Africa,2017,6716.7,-0.7,27034.4,-2.0,26.1,10.9,32.5,34.9,7546012.4,2263803.7,75460124.4
839,Company_839,Manufacturing,Oceania,2023,2201.5,17.0,3875.7,4.2,55.1,55.6,44.9,64.9,535505.4,714007.3,8925090.8
124,Company_124,Manufacturing,Africa,2016,1025.4,5.0,593.5,4.6,34.5,50.2,36.3,17.1,261080.0,348106.7,4351334.0
261,Company_261,Utilities,Asia,2025,781.4,12.3,1187.9,0.1,56.5,52.7,76.0,40.8,519454.5,324659.1,5194545.0
5,Company_5,Finance,Middle East,2016,2647.4,17.6,9275.6,-2.7,42.5,74.2,16.0,37.4,36048.3,18024.2,90120.8
232,Company_232,Manufacturing,Asia,2016,1000.8,7.1,1516.3,-4.0,27.7,18.5,31.9,32.7,321322.6,428430.1,5355376.4
10,Company_10,Technology,Latin America,2020,79033.4,13.5,313712.7,9.0,65.8,81.3,73.5,42.4,2492114.3,1495268.6,4984228.6
69,Company_69,Energy,North America,2015,5387.6,31.0,13845.7,,44.5,6.1,63.4,64.0,6236720.6,1871016.2,62367205.8
537,Company_537,Retail,Europe,2018,774.9,2.7,279.3,6.4,56.4,30.2,75.9,63.0,76598.1,38299.1,153196.3
329,Company_329,Finance,Oceania,2024,24939.6,27.8,129601.7,8.9,87.0,78.8,96.5,85.8,323443.7,161721.9,808609.3
666,Company_666,Finance,Middle East,2025,7614.6,9.0,13315.1,-5.5,45.9,75.7,44.2,17.6,102075.1,51037.6,255187.8
353,Company_353,Finance,Europe,2024,5644.9,29.2,28771.9,14.1,94.3,98.2,84.7,100.0,57833.8,28916.9,144584.6
441,Company_441,Finance,North America,2025,929.9,10.5,1120.2,0.3,72.6,100.0,72.1,45.6,9299.2,4649.6,23248.0
945,Company_945,Finance,Europe,2022,2399.4,10.3,2629.4,-4.3,71.2,67.2,100.0,46.3,35005.8,17502.9,87514.4
517,Company_517,Finance,Latin America,2017,3238.2,18.0,7947.9,2.1,47.0,95.3,39.0,6.6,34497.9,17249.0,86244.9
792,Company_792,Finance,Africa,2018,1730.1,16.1,3332.8,8.8,50.2,74.1,30.4,46.1,23581.8,11790.9,58954.5
49,Company_49,Retail,Middle East,2022,500.7,9.9,1224.8,9.6,19.3,13.7,34.6,9.4,55261.4,27630.7,110522.9
416,Company_416,Healthcare,Middle East,2023,3018.4,-0.2,4357.1,3.3,59.6,69.5,73.8,35.5,215336.8,215336.8,430673.5
694,Company_694,Consumer Goods,North America,2016,2077.7,8.9,4573.4,14.5,72.0,57.1,64.3,94.6,332694.5,415868.2,1663472.7
761,Company_761,Technology,Africa,2023,65248.1,10.3,182080.6,-0.5,57.9,97.3,19.5,56.9,1692515.2,1015509.1,3385030.4
616,Company_616,Retail,Middle East,2022,1396.4,1.6,458.8,1.9,39.2,74.6,19.9,23.2,94674.4,47337.2,189348.9
205,Company_205,Energy,Asia,2022,17337.0,50.0,145463.2,33.0,39.7,55.1,22.7,41.2,14114900.6,4234470.2,141149006.0
94,Company_94,Utilities,North America,2017,319.9,9.4,373.8,-1.6,56.2,42.2,57.5,69.0,231484.9,144678.1,2314849.2
493,Company_493,Energy,Latin America,2024,1177.8,-20.0,4343.6,-3.4,47.5,54.9,65.5,22.0,960617.6,288185.3,9606176.1
880,Company_880,Retail,Latin America,2017,4468.1,2.8,2556.5,10.0,44.4,26.1,32.2,75.0,454520.7,227260.4,909041.5
420,Company_420,Manufacturing,Africa,2024,2845.1,6.5,3854.4,10.7,48.0,89.0,30.4,24.4,492451.9,656602.5,8207531.3
398,Company_398,Finance,Latin America,2020,1211.4,13.2,2872.5,11.9,71.3,99.7,100.0,14.2,12168.9,6084.5,30422.3
625,Company_625,Energy,Middle East,2025,5455.1,3.4,2044.2,-0.4,39.0,43.0,32.6,41.4,4902670.3,1470801.1,49026703.4
586,Company_586,Transportation,Africa,2015,793.6,4.2,361.8,,36.3,55.2,29.3,24.5,387422.6,64570.4,1291408.6
320,Company_320,Technology,Middle East,2025,10151.2,24.6,66281.3,17.1,63.7,68.6,39.1,83.3,365400.8,219240.5,730801.5
518,Company_518,Utilities,Middle East,2015,440.3,6.0,320.6,,55.5,81.3,50.4,34.9,222173.5,138858.4,2221734.7
440,Company_440,Retail,Oceania,2024,702.2,3.4,375.0,6.5,54.4,74.4,41.6,47.0,47688.5,23844.2,95376.9
965,Company_965,Healthcare,Middle East,2023,2297.0,19.5,9408.6,4.8,50.1,98.8,16.7,34.8,116732.5,116732.5,233465.1
581,Company_581,Energy,Oceania,2022,6264.8,-10.7,26857.8,28.1,61.3,29.3,85.4,69.2,6231464.1,1869439.2,62314640.9
61,Company_61,Consumer Goods,Oceania,2019,2047.0,13.4,6420.3,0.7,78.7,83.5,56.8,95.8,251971.1,314963.9,1259855.7
973,Company_973,Transportation,Latin America,2021,437.5,5.8,214.6,3.8,36.2,24.4,47.4,36.7,270096.8,45016.1,900322.6
263,Company_263,Utilities,Africa,2022,1585.3,13.7,2807.2,2.5,33.2,30.9,19.5,49.1,1247809.4,779880.9,12478093.8
817,Company_817,Energy,North America,2024,20947.5,22.0,79752.6,20.9,56.1,26.3,100.0,41.9,21274755.4,6382426.6,212747554.5
271,Company_271,Healthcare,Europe,2015,3189.8,21.6,15087.6,,54.3,57.9,53.2,51.8,253502.6,253502.6,507005.2
914,Company_914,Utilities,Oceania,2024,1969.1,13.5,2193.1,9.0,51.0,28.7,91.0,33.4,1573935.1,983709.4,15739351.1
655,Company_655,Finance,Middle East,2021,3275.0,21.4,6137.3,11.9,48.5,96.6,26.7,22.1,34316.8,17158.4,85791.9
941,Company_941,Consumer Goods,Oceania,2015,4322.7,13.5,13700.8,,37.0,16.7,49.8,44.5,936140.9,1170176.1,4680704.3
446,Company_446,Manufacturing,Oceania,2018,2034.7,15.2,5192.9,19.4,53.9,60.6,58.6,42.6,473735.7,631647.5,7895594.3
962,Company_962,Finance,Middle East,2015,1819.6,18.7,5610.7,,48.1,76.6,34.0,33.6,24145.8,12072.9,60364.4
355,Company_355,Technology,North America,2015,27272.8,19.1,135437.1,,82.0,94.1,92.8,59.0,737949.2,442769.5,1475898.4
413,Company_413,Consumer Goods,North America,2015,1198.2,11.8,2403.3,,61.7,40.5,83.0,61.5,219571.6,274464.5,1097858.0
62,Company_62,Technology,Asia,2019,4531.9,26.8,36043.5,9.7,61.2,89.7,27.9,66.0,129612.0,77767.2,259224.0
924,Company_924,Retail,Africa,2015,886.7,-1.2,2726.8,,37.4,68.2,21.4,22.5,64081.1,32040.5,128162.1
887,Company_887,Utilities,Oceania,2016,2717.6,9.5,2850.8,-4.7,56.1,47.1,85.0,36.4,1892510.9,1182819.3,18925108.8
538,Company_538,Transportation,Middle East,2020,962.6,17.9,1470.0,-0.2,31.0,13.5,19.0,60.4,638397.8,106399.6,2127992.7
755,Company_755,Finance,North America,2016,4675.9,15.6,12179.9,1.0,70.7,60.8,70.7,80.4,72411.8,36205.9,181029.6
451,Company_451,Consumer Goods,Oceania,2020,6389.5,10.0,8328.9,6.7,79.4,68.2,82.8,87.1,923038.1,1153797.7,4615190.7
785,Company_785,Retail,Asia,2022,847.6,7.1,1399.1,0.8,48.1,23.2,33.6,87.5,87972.4,43986.2,175944.8
276,Company_276,Transportation,North America,2025,975.9,-0.4,1504.3,-3.3,52.7,19.2,100.0,38.9,623844.7,103974.1,2079482.4
179,Company_179,Finance,Europe,2019,2171.7,15.1,4049.4,-0.8,85.1,85.7,90.3,79.4,26069.3,13034.7,65173.4
168,Company_168,Healthcare,North America,2018,2256.0,30.2,13897.4,7.6,77.1,87.7,46.9,96.7,132282.8,132282.8,264565.6
467,Company_467,Manufacturing,Middle East,2024,1282.1,8.5,2177.5,12.2,41.6,76.2,46.4,2.3,256415.2,341886.9,4273586.1
653,Company_653,Energy,North America,2015,135.6,10.5,222.8,,57.3,20.9,85.1,65.8,142827.5,42848.2,1428274.7
856,Company_856,Healthcare,Europe,2023,2869.7,21.8,8912.3,8.6,74.5,85.8,86.1,51.5,172018.6,172018.6,344037.2
626,Company_626,Healthcare,Europe,2016,3744.4,14.5,8819.8,6.5,70.1,51.2,73.7,85.4,315100.3,315100.3,630200.7
796,Company_796,Healthcare,Europe,2021,9607.5,17.8,26135.6,-2.8,74.6,71.4,69.2,83.4,673046.6,673046.6,1346093.2
302,Company_302,Energy,Latin America,2024,2061.3,16.0,3593.0,-2.6,14.6,31.5,12.3,0.1,2018467.1,605540.1,20184671.4
540,Company_540,Utilities,Oceania,2018,1715.7,8.9,1650.1,4.4,70.6,74.9,97.0,40.0,927343.9,579590.0,9273439.4
611,Company_611,Energy,Latin America,2018,10564.7,24.6,41485.1,14.4,26.3,20.1,47.7,11.2,11188908.6,3356672.6,111889086.4
956,Company_956,Finance,Oceania,2021,4618.5,12.4,5247.4,6.3,62.8,100.0,50.2,38.2,46185.1,23092.5,115462.7
426,Company_426,Transportation,Middle East,2022,1861.4,19.6,4087.2,23.7,29.8,44.1,23.4,21.8,995267.3,165877.9,3317557.8
687,Company_687,Retail,Oceania,2018,5247.7,3.5,3926.7,24.6,42.1,34.4,60.3,31.7,503365.8,251682.9,1006731.7
528,Company_528,Utilities,Oceania,2025,684.7,1.3,70.8,-3.9,65.3,59.7,58.2,77.9,428216.8,267635.5,4282167.7
763,Company_763,Technology,Oceania,2018,1784.6,21.9,8152.6,3.0,61.2,88.6,28.0,67.1,51715.8,31029.5,103431.6
38,Company_38,Energy,Africa,2019,669.8,12.8,1170.5,12.5,38.9,35.3,51.9,29.5,638236.4,191470.9,6382363.9
56,Company_56,Utilities,North America,2023,694.0,11.2,1093.3,3.0,58.7,27.7,62.2,86.2,558755.9,349222.4,5587559.0
78,Company_78,Technology,Latin America,2015,7845.4,18.7,31400.6,,44.1,67.0,42.2,23.2,286647.1,171988.2,573294.1
338,Company_338,Energy,Africa,2018,10729.7,0.4,859.5,7.6,32.3,56.5,24.4,15.8,8629250.2,2588775.1,86292502.3
578,Company_578,Transportation,Middle East,2023,1670.7,2.8,881.1,-3.3,67.6,70.6,55.2,77.0,707814.0,117969.0,2359380.2
131,Company_131,Finance,Latin America,2015,23779.2,19.5,80256.6,,69.4,86.3,88.1,33.7,283407.1,141703.5,708517.7
372,Company_372,Energy,Latin America,2017,3987.3,34.3,16898.3,20.4,53.0,46.6,38.9,73.5,3484647.7,1045394.3,34846476.5
947,Company_947,Retail,Latin America,2016,3449.3,3.2,1789.8,22.2,42.3,60.4,24.0,42.4,268070.4,134035.2,536140.8
905,Company_905,Manufacturing,Europe,2015,468.8,11.0,485.8,,68.0,56.5,55.4,92.1,113188.7,150918.2,1886478.0
436,Company_436,Finance,Latin America,2024,2509.0,21.5,4622.3,4.9,66.8,99.7,52.9,47.7,25188.2,12594.1,62970.5
369,Company_369,Utilities,Europe,2020,1114.2,3.6,485.9,-1.9,60.6,8.4,80.6,92.9,1017209.2,635755.7,10172091.6
315,Company_315,Utilities,Asia,2024,638.3,15.9,1108.8,-8.2,61.4,68.4,75.5,40.3,368303.6,230189.7,3683035.9
384,Company_384,Healthcare,Oceania,2018,6832.5,22.7,38138.1,10.5,54.3,54.5,30.6,77.7,559305.2,559305.2,1118610.4
129,Company_129,Healthcare,Africa,2024,2248.7,9.6,3301.0,10.4,50.9,68.0,23.0,61.8,162876.6,162876.6,325753.3
459,Company_459,Transportation,Middle East,2015,686.2,0.3,29.3,,46.1,27.2,33.1,78.1,415702.2,69283.7,1385674.2
395,Company_395,Consumer Goods,North America,2017,1441.9,16.1,4684.7,-7.1,48.0,32.5,43.4,68.0,280368.8,350461.0,1401843.9
55,Company_55,Finance,Latin America,2025,625.3,10.8,882.9,4.1,77.9,100.0,77.6,56.0,6253.4,3126.7,15633.6
116,Company_116,Retail,Asia,2022,330.6,2.7,170.4,-20.2,47.6,48.3,42.9,51.5,28483.6,14241.8,56967.1
447,Company_447,Utilities,North America,2016,1436.8,12.3,2463.4,-6.3,34.4,28.3,10.7,64.4,1152042.3,720026.5,11520423.2
704,Company_704,Utilities,Europe,2020,522.1,13.3,1013.5,6.3,75.7,42.5,96.0,88.6,376868.4,235542.7,3768683.5
566,Company_566,Healthcare,North America,2015,1805.1,7.6,2995.8,,52.6,36.2,43.6,77.9,170916.0,170916.0,341832.0
363,Company_363,Manufacturing,Asia,2024,1480.5,5.1,869.0,-3.2,54.4,32.7,58.9,71.6,431306.4,575075.1,7188439.2
726,Company_726,Healthcare,Africa,2021,3227.9,16.5,12699.8,-10.1,49.4,65.7,29.1,53.4,238909.8,238909.8,477819.6
438,Company_438,Transportation,Asia,2016,679.3,15.7,2115.3,18.7,35.4,21.4,69.6,15.2,428077.8,71346.3,1426926.0
23,Company_23,Healthcare,Asia,2020,1042.5,21.6,3740.8,-4.8,56.9,53.5,49.3,68.0,86072.5,86072.5,172145.0
480,Company_480,Retail,Middle East,2018,524.8,4.2,443.6,0.9,27.0,16.5,21.4,43.0,56913.9,28457.0,113827.9
264,Company_264,Consumer Goods,Middle East,2022,2912.2,25.3,11684.9,1.2,52.2,67.3,65.7,23.6,424694.7,530868.4,2123473.5
181,Company_181,Finance,Oceania,2017,1907.7,17.6,5997.4,14.7,68.6,76.4,80.5,48.7,25370.6,12685.3,63426.5
377,Company_377,Consumer Goods,Europe,2018,3232.8,8.3,5983.9,-1.4,49.3,50.4,23.3,74.3,547805.2,684756.5,2739025.9
593,Company_593,Manufacturing,Africa,2015,1640.9,7.0,2086.3,,31.4,55.2,11.5,27.4,400670.2,534226.9,6677836.5
19,Company_19,Technology,Latin America,2016,71999.1,16.7,180408.7,3.9,48.9,91.9,43.6,11.3,2004620.0,1202772.0,4009239.9
448,Company_448,Finance,Middle East,2016,4928.6,14.4,11466.3,4.7,50.1,99.0,43.2,8.2,49999.9,24999.9,124999.7
45,Company_45,Retail,Africa,2016,598.7,2.6,301.2,1.9,36.7,55.1,9.5,45.6,48772.9,24386.4,97545.7
262,Company_262,Transportation,Oceania,2023,1319.8,26.8,6203.9,-5.3,57.6,46.0,55.8,71.1,695340.3,115890.1,2317801.1
943,Company_943,Transportation,Oceania,2024,1273.1,16.4,2257.0,13.0,52.1,20.5,60.7,75.0,807047.6,134507.9,2690158.7
807,Company_807,Transportation,Asia,2015,1083.3,7.1,964.8,,57.2,14.8,79.3,77.4,712431.8,118738.6,2374772.7
488,Company_488,Utilities,Oceania,2023,2898.0,17.3,6264.9,4.3,52.5,56.6,47.1,53.7,1863155.9,1164472.4,18631558.7
257,Company_257,Finance,Latin America,2022,2183.8,10.8,2052.5,7.7,57.1,91.5,31.8,47.9,24441.3,12220.6,61103.2
42,Company_42,Energy,North America,2019,1306.3,-4.5,3262.6,-4.8,48.2,33.6,26.5,84.5,1260026.7,378008.0,12600266.5
981,Company_981,Utilities,Africa,2015,1395.6,5.0,999.8,,43.5,52.4,48.4,29.6,930418.0,581511.2,9304179.5
885,Company_885,Consumer Goods,Middle East,2021,1754.5,12.6,3861.8,2.9,53.1,81.4,66.3,11.6,221227.3,276534.2,1106136.7
296,Company_296,Utilities,Latin America,2015,545.3,8.0,409.1,,49.9,46.9,67.4,35.4,380248.4,237655.2,3802483.8
721,Company_721,Manufacturing,Asia,2025,771.4,20.4,2534.1,-1.4,62.6,71.5,65.1,51.2,161949.4,215932.6,2699157.4
157,Company_157,Consumer Goods,Europe,2020,4939.2,13.8,15771.8,3.2,90.2,87.4,95.3,87.9,580754.1,725942.7,2903770.6
801,Company_801,Finance,Africa,2022,9319.2,9.1,15999.5,0.0,51.3,100.0,11.3,42.7,93191.7,46595.9,232979.3
572,Company_572,Retail,Latin America,2025,2697.3,9.6,4659.3,7.7,42.8,59.6,49.7,19.1,211052.9,105526.5,422105.8
578,Company_578,Transportation,Middle East,2015,888.2,8.8,634.5,,60.8,64.4,47.7,70.1,399131.9,66522.0,1330439.5
819,Company_819,Finance,Asia,2023,2477.8,10.1,3051.5,7.2,65.6,85.5,37.2,74.2,29823.4,14911.7,74558.5
255,Company_255,Consumer Goods,Oceania,2015,1714.5,12.4,4271.1,,56.8,38.9,95.1,36.4,318195.3,397744.2,1590976.7
493,Company_493,Energy,Latin America,2020,1069.5,-20.0,3280.8,-24.6,43.2,50.6,62.2,16.7,904387.9,271316.4,9043879.0
639,Company_639,Healthcare,Latin America,2017,1136.8,8.8,2228.0,16.0,27.5,21.5,33.1,27.8,119302.4,119302.4,238604.9
644,Company_644,Transportation,Africa,2019,1360.0,13.8,2039.3,1.9,30.9,19.8,55.6,17.1,865883.6,144313.9,2886278.7
48,Company_48,Technology,Latin America,2022,3510.1,23.3,24999.7,7.9,51.7,92.9,45.7,16.4,96489.7,57893.8,192979.3
79,Company_79,Healthcare,North America,2019,7628.0,25.9,38146.6,11.0,62.3,72.7,39.4,74.8,527381.8,527381.8,1054763.7
191,Company_191,Manufacturing,Oceania,2019,667.2,3.5,441.1,7.3,39.7,5.9,84.6,28.6,231895.4,309193.8,3864923.0
87,Company_87,Technology,Oceania,2016,41951.7,17.0,150448.9,2.9,76.5,94.2,76.6,58.8,1133543.3,680126.0,2267086.7
573,Company_573,Energy,North America,2021,3598.9,25.7,9121.1,-18.8,45.6,26.8,40.3,69.8,3644583.4,1093375.0,36445834.2
132,Company_132,Consumer Goods,Oceania,2018,902.0,8.1,1407.9,-1.9,58.9,73.8,62.8,40.2,123251.9,154064.9,616259.5
117,Company_117,Retail,Asia,2019,1209.6,12.1,2331.5,-3.2,68.6,38.2,86.8,80.8,112842.6,56421.3,225685.2
941,Company_941,Consumer Goods,Oceania,2024,6823.4,8.5,12638.5,3.3,46.1,27.7,59.1,51.4,1373019.3,1716274.1,6865096.4
12,Company_12,Finance,Asia,2016,3202.0,10.8,6084.8,3.9,54.1,91.5,42.7,28.0,35841.1,17920.6,89602.8
467,Company_467,Manufacturing,Middle East,2019,700.0,8.2,757.8,-4.8,39.9,70.5,44.4,4.9,148414.1,197885.4,2473568.0
686,Company_686,Transportation,Middle East,2020,409.7,0.6,37.5,-8.7,27.5,27.2,43.2,12.0,248137.7,41356.3,827125.8
441,Company_441,Finance,North America,2022,997.9,13.2,1712.4,-6.7,70.7,100.0,67.7,44.4,9978.7,4989.4,24946.8
942,Company_942,Transportation,Middle East,2017,574.0,-1.9,1136.9,2.5,33.6,15.9,4.8,80.2,374927.4,62487.9,1249757.9
827,Company_827,Retail,Latin America,2024,2994.5,13.4,5322.8,11.2,43.4,62.7,44.1,23.5,227857.6,113928.8,455715.2
786,Company_786,Energy,North America,2021,852.5,4.0,436.6,3.8,56.6,48.2,45.0,76.4,735355.8,220606.8,7353558.4
210,Company_210,Retail,Oceania,2018,1041.9,6.2,907.5,-4.3,89.7,83.7,98.2,87.2,64000.8,32000.4,128001.7
519,Company_519,Retail,Middle East,2020,1369.9,2.5,808.8,10.2,48.0,70.8,55.9,17.5,96483.1,48241.5,192966.1
904,Company_904,Utilities,Europe,2024,1812.4,-1.9,3171.2,15.3,51.6,46.6,51.5,56.6,1267323.2,792077.0,12673231.7
755,Company_755,Finance,North America,2018,5415.6,12.8,11606.3,6.7,70.7,59.9,73.3,79.1,84570.5,42285.2,211426.1
183,Company_183,Retail,Europe,2017,933.3,10.3,1782.0,-5.8,55.6,56.0,71.7,39.0,75431.6,37715.8,150863.2
890,Company_890,Utilities,Middle East,2018,226.3,8.3,183.8,0.5,39.3,53.1,60.4,4.4,149904.1,93690.1,1499041.3
873,Company_873,Consumer Goods,Africa,2016,1061.4,-3.6,4247.1,3.8,47.0,54.1,24.8,62.1,174373.8,217967.3,871869.1
92,Company_92,Healthcare,Asia,2019,3469.5,14.9,7023.6,-1.9,34.0,52.7,24.0,25.4,288412.5,288412.5,576825.0
718,Company_718,Healthcare,Middle East,2022,1575.7,23.0,6526.0,-6.2,46.5,65.0,54.9,19.7,117442.2,117442.2,234884.5
888,Company_888,Utilities,Oceania,2015,1272.8,9.3,1514.3,,66.9,61.6,76.2,63.0,782596.5,489122.8,7825965.1
372,Company_372,Energy,Latin America,2025,22416.1,9.9,33517.9,21.6,64.2,59.5,59.1,74.0,17564369.4,5269310.8,175643694.2
278,Company_278,Utilities,Europe,2023,1861.6,9.0,1637.5,-10.6,45.5,16.1,53.3,67.1,1619545.6,1012216.0,16195456.2
263,Company_263,Utilities,Africa,2018,1677.9,12.4,1815.7,-3.8,32.2,31.2,15.7,49.6,1317721.4,823575.9,13177213.7
676,Company_676,Transportation,Middle East,2022,834.9,0.2,20.7,5.0,30.1,21.0,53.3,15.8,527320.8,87886.8,1757736.0
194,Company_194,Manufacturing,Oceania,2024,1084.5,3.5,607.6,-6.2,92.4,88.5,95.1,93.7,188773.1,251697.4,3146218.0
793,Company_793,Manufacturing,Africa,2024,1317.5,12.1,1832.1,10.8,44.4,24.1,78.4,30.8,407752.7,543670.3,6795878.3
764,Company_764,Energy,Africa,2024,49368.5,16.5,138989.7,32.9,63.0,52.6,48.0,88.5,41078719.5,12323615.9,410787195.0
960,Company_960,Energy,Asia,2023,12465.6,12.0,29794.0,3.2,46.8,13.8,65.0,61.5,13753687.7,4126106.3,137536876.6
433,Company_433,Retail,Middle East,2025,12701.6,12.4,23639.6,17.6,39.4,38.6,49.3,30.2,1181058.6,590529.3,2362117.3
188,Company_188,Consumer Goods,Oceania,2015,1871.4,11.1,4887.7,,48.9,62.2,55.9,28.5,286109.3,357636.6,1430546.4
18,Company_18,Energy,Europe,2016,7833.6,1.8,1889.4,-0.9,67.9,65.1,78.9,59.6,5832359.2,1749707.8,58323592.4
21,Company_21,Energy,Asia,2024,1229.6,13.5,1571.1,-28.6,36.8,28.9,43.4,38.2,1227098.8,368129.7,12270988.4
473,Company_473,Retail,Asia,2018,636.0,5.4,359.7,-13.6,59.6,80.3,63.7,34.8,40575.3,20287.7,81150.7
780,Company_780,Transportation,Africa,2021,511.3,18.1,768.1,-1.9,30.4,31.3,35.1,24.7,300971.8,50162.0,1003239.2
915,Company_915,Manufacturing,Middle East,2020,1248.1,0.3,55.9,14.0,32.8,56.0,22.3,20.1,302476.5,403302.0,5041274.8
663,Company_663,Finance,Asia,2022,18480.5,17.8,48901.3,1.0,67.8,99.5,78.0,25.9,186188.4,93094.2,465471.1
806,Company_806,Finance,North America,2015,682.4,10.0,758.4,,82.8,99.6,61.4,87.5,6865.0,3432.5,17162.5
274,Company_274,Transportation,Asia,2019,858.0,6.1,728.4,1.1,38.6,20.3,27.2,68.3,544727.9,90788.0,1815759.8
667,Company_667,Consumer Goods,North America,2025,1665.2,1.6,354.2,6.4,41.1,53.9,42.3,27.2,273936.1,342420.2,1369680.6
839,Company_839,Manufacturing,Oceania,2021,1886.3,12.8,2550.3,9.7,54.2,55.9,40.2,66.7,457781.3,610375.0,7629688.1
20,Company_20,Technology,North America,2015,4449.5,21.5,32323.9,,59.6,96.8,57.4,24.5,116153.9,69692.3,232307.8
373,Company_373,Energy,Africa,2019,7925.9,23.7,33208.1,17.5,50.9,45.4,52.7,54.6,6990424.0,2097127.2,69904240.3
251,Company_251,Transportation,Asia,2015,427.1,11.0,768.0,,43.4,12.5,49.9,67.8,285144.6,47524.1,950481.9
694,Company_694,Consumer Goods,North America,2017,2679.1,6.9,2911.9,28.9,72.1,60.1,63.0,93.1,417475.6,521844.5,2087378.2
387,Company_387,Consumer Goods,Europe,2015,846.7,16.0,3211.6,,56.3,36.4,61.4,71.3,160114.7,200143.3,800573.4
644,Company_644,Transportation,Africa,2022,1523.1,16.6,3048.9,8.6,31.9,21.9,62.4,11.2,956276.1,159379.3,3187586.9
26,Company_26,Healthcare,Asia,2020,7473.7,29.8,42198.3,-5.5,57.3,89.9,51.7,30.3,426273.9,426273.9,852547.8
268,Company_268,Technology,Europe,2022,5560.7,8.7,10309.0,26.9,75.5,76.4,95.6,54.6,184963.4,110978.0,369926.8
974,Company_974,Energy,Europe,2021,11707.5,18.5,40725.6,1.3,50.5,16.2,46.1,89.1,12717466.7,3815240.0,127174667.0
420,Company_420,Manufacturing,Africa,2023,2571.1,6.3,2848.0,2.7,45.8,87.8,27.7,21.8,451459.1,601945.4,7524318.0
248,Company_248,Energy,Latin America,2016,8797.9,18.4,21891.1,11.0,21.0,18.5,29.1,15.5,9418939.3,2825681.8,94189392.8
515,Company_515,Finance,Africa,2020,8714.9,9.7,12745.3,15.5,46.3,96.6,18.0,24.3,91299.3,45649.6,228248.2
952,Company_952,Energy,Africa,2020,9091.7,-3.1,40257.7,-0.5,31.0,23.4,35.8,33.7,9419125.3,2825737.6,94191252.5
429,Company_429,Finance,North America,2023,748.0,7.3,578.1,-5.0,82.7,99.6,90.7,57.9,7518.6,3759.3,18796.6
158,Company_158,Energy,Oceania,2016,5218.1,1.6,866.5,9.3,51.7,21.8,93.2,40.2,5466580.4,1639974.1,54665803.9
898,Company_898,Utilities,Oceania,2021,757.0,14.6,1399.6,-3.6,65.0,76.7,42.3,75.9,401497.2,250935.8,4014972.2
31,Company_31,Transportation,Middle East,2022,977.7,-2.6,1051.4,-9.9,28.6,37.7,11.6,36.6,549185.1,91530.9,1830617.1
553,Company_553,Retail,Africa,2018,3048.2,8.0,2645.5,1.6,48.4,46.8,53.0,45.5,265881.9,132941.0,531763.8
385,Company_385,Transportation,Oceania,2024,278.6,5.0,155.4,-19.3,34.4,19.2,47.0,37.0,178162.2,29693.7,593874.0
241,Company_241,Finance,Asia,2025,8630.6,2.3,3890.4,-8.3,85.2,100.0,83.6,71.9,86305.6,43152.8,215763.9
569,Company_569,Energy,Asia,2025,12923.3,6.0,7536.8,-5.7,32.9,33.4,38.5,26.9,12486961.8,3746088.5,124869618.0
854,Company_854,Manufacturing,Asia,2021,2334.8,7.0,1760.4,6.5,47.0,53.8,40.7,46.4,576622.6,768830.2,9610377.2
773,Company_773,Manufacturing,Europe,2019,463.0,1.2,112.3,7.3,59.4,23.7,100.0,54.4,143674.8,191566.4,2394580.1
564,Company_564,Energy,Africa,2021,10440.4,13.2,25727.4,3.7,34.4,39.1,21.3,42.6,9667787.8,2900336.3,96677877.6
628,Company_628,Energy,Europe,2024,4093.7,16.2,10954.1,-6.1,61.9,32.9,88.1,64.7,3969464.9,1190839.5,39694648.6
863,Company_863,Healthcare,Asia,2023,2726.7,17.4,6745.6,8.8,30.8,43.2,18.1,31.1,244693.8,244693.8,489387.6
317,Company_317,Technology,Middle East,2021,3881.1,21.2,13432.1,3.5,73.5,100.0,81.0,39.3,97027.4,58216.4,194054.8
112,Company_112,Retail,Europe,2020,438.3,-3.4,423.7,-2.4,54.9,29.1,35.9,99.6,43666.9,21833.4,87333.8
407,Company_407,Healthcare,North America,2024,572.4,13.8,1815.6,6.4,67.9,80.7,29.0,93.9,36348.6,36348.6,72697.1
914,Company_914,Utilities,Oceania,2021,1808.2,11.7,2766.2,9.7,49.3,25.1,91.9,30.9,1481489.9,925931.2,14814899.1
195,Company_195,Transportation,Middle East,2025,1703.0,10.4,2952.7,2.4,26.2,22.4,12.3,43.9,1066045.8,177674.3,3553485.8
880,Company_880,Retail,Latin America,2018,5408.4,1.0,1283.4,21.0,43.8,28.3,30.5,72.6,542003.8,271001.9,1084007.7
462,Company_462,Technology,North America,2023,41123.2,14.2,187936.6,18.1,77.9,97.1,72.0,64.7,1069911.6,641947.0,2139823.3
192,Company_192,Consumer Goods,Asia,2025,744.9,18.8,3237.5,6.1,89.8,78.3,100.0,91.1,97105.5,121381.9,485527.7
908,Company_908,Technology,Africa,2023,7873.1,9.1,19599.7,16.6,63.0,90.6,30.4,67.9,222829.3,133697.6,445658.5
621,Company_621,Transportation,North America,2023,350.9,3.5,118.5,-4.5,62.9,29.9,79.2,79.7,208509.4,34751.6,695031.4
398,Company_398,Finance,Latin America,2025,2143.1,6.6,1456.4,13.5,66.7,97.8,98.4,4.0,22095.3,11047.6,55238.2
513,Company_513,Healthcare,Europe,2019,1622.6,21.5,7347.3,-3.6,52.4,37.7,62.0,57.6,151914.8,151914.8,303829.7
283,Company_283,Retail,Asia,2023,813.2,2.9,555.3,1.0,70.0,59.3,72.1,78.8,63854.2,31927.1,127708.3
457,Company_457,Transportation,North America,2021,1991.4,22.5,4608.2,18.3,72.2,43.3,87.6,85.7,1071360.5,178560.1,3571201.5
93,Company_93,Retail,Latin America,2020,629.2,10.3,1435.1,-12.9,62.8,95.8,55.0,37.5,33319.1,16659.6,66638.2
917,Company_917,Energy,Middle East,2019,8975.6,1.0,796.1,18.9,25.7,21.0,30.1,26.0,9449776.1,2834932.8,94497761.4
17,Company_17,Utilities,Oceania,2020,4324.4,16.8,9737.7,7.5,66.3,59.2,89.5,50.3,2717984.9,1698740.5,27179848.5
556,Company_556,Transportation,Asia,2022,2746.4,1.2,346.5,14.6,45.9,42.6,56.8,38.2,1486381.7,247730.3,4954605.6
176,Company_176,Healthcare,Oceania,2018,2520.7,12.2,7230.9,3.9,82.2,77.3,86.6,82.6,166152.4,166152.4,332304.8
953,Company_953,Technology,Latin America,2020,3371.9,11.6,9404.9,11.1,37.6,61.3,26.7,24.6,129922.0,77953.2,259844.1
32,Company_32,Utilities,North America,2024,520.1,7.6,321.1,6.9,54.2,14.5,69.2,78.8,456999.7,285624.8,4569997.0
373,Company_373,Energy,Africa,2020,9290.8,21.4,23472.0,17.2,51.5,48.0,51.4,55.2,8024891.6,2407467.5,80248915.8
201,Company_201,Utilities,Europe,2016,1602.6,9.9,2209.6,11.9,60.9,5.8,82.0,95.0,1486290.8,928931.8,14862908.4
866,Company_866,Utilities,Oceania,2020,1010.9,11.4,1440.1,0.7,59.5,58.8,71.5,48.3,637779.0,398611.8,6377789.5
176,Company_176,Healthcare,Oceania,2024,3522.2,18.1,9491.6,8.9,79.3,80.2,86.3,71.5,225022.1,225022.1,450044.2
485,Company_485,Finance,Africa,2019,1278.0,21.1,2623.2,-3.5,49.1,94.2,46.1,7.0,13826.0,6913.0,34565.0
755,Company_755,Finance,North America,2022,7088.7,4.5,2890.4,6.9,71.3,61.8,73.8,78.2,108779.2,54389.6,271947.9
958,Company_958,Healthcare,Africa,2015,1074.6,21.6,4104.2,,43.0,34.7,38.9,55.3,102840.8,102840.8,205681.7
565,Company_565,Utilities,Europe,2024,1697.8,2.8,555.8,-7.3,46.5,36.2,53.1,50.2,1286023.8,803764.9,12860238.1
446,Company_446,Manufacturing,Oceania,2022,2706.4,20.3,9561.3,9.5,53.3,63.1,53.3,43.4,615739.9,820986.6,10262332.3
559,Company_559,Manufacturing,Middle East,2015,1719.6,20.4,3547.5,,38.5,48.0,24.8,42.7,445564.5,594086.0,7426075.4
52,Company_52,Consumer Goods,Oceania,2018,1496.5,16.8,3548.3,3.7,63.5,44.3,79.7,66.6,266413.5,333016.9,1332067.7
144,Company_144,Utilities,Oceania,2024,1530.6,1.8,310.8,-1.8,57.0,25.3,94.5,51.1,1252308.0,782692.5,12523080.3
550,Company_550,Consumer Goods,Asia,2021,1001.4,24.2,2886.0,0.0,66.9,48.2,76.4,76.0,172695.1,215868.8,863475.3
198,Company_198,Manufacturing,North America,2023,450.9,15.2,1141.4,6.8,50.9,34.9,37.2,80.5,129268.8,172358.4,2154479.8
541,Company_541,Technology,Asia,2020,1888.6,29.6,12200.3,8.9,42.6,30.8,65.4,31.7,92984.5,55790.7,185968.9
231,Company_231,Technology,Europe,2025,4959.3,15.7,26805.3,2.3,71.1,74.8,100.0,38.5,167771.8,100663.1,335543.7
912,Company_912,Finance,North America,2016,789.6,18.4,1520.4,8.4,69.3,87.0,43.8,77.1,9332.9,4666.5,23332.3
505,Company_505,Transportation,North America,2016,278.4,11.6,291.7,-5.8,68.2,29.9,84.6,90.0,165533.8,27589.0,551779.2
715,Company_715,Technology,North America,2022,3517.9,21.6,23772.2,0.0,61.2,73.3,25.2,85.0,120834.2,72500.5,241668.5
247,Company_247,Consumer Goods,Asia,2016,1213.2,8.1,2216.5,-11.3,44.2,38.9,52.5,41.1,225164.0,281455.1,1125820.2
307,Company_307,Finance,Middle East,2021,7363.7,20.5,12281.8,4.2,62.4,100.0,78.5,8.7,73637.1,36818.5,184092.7
988,Company_988,Consumer Goods,Europe,2019,10293.7,14.7,25877.0,17.6,72.3,69.2,48.8,98.9,1473037.4,1841296.8,7365187.1
203,Company_203,Energy,Oceania,2021,4104.6,14.5,7927.6,-8.1,58.9,38.0,93.5,45.1,3832834.1,1149850.2,38328341.4
102,Company_102,Retail,Africa,2019,1059.8,4.3,785.0,9.1,52.1,31.0,77.6,47.6,104168.0,52084.0,208335.9
454,Company_454,Manufacturing,Middle East,2015,3254.0,8.7,5486.0,,32.2,30.8,36.1,29.8,961287.8,1281717.1,16021464.0
458,Company_458,Transportation,Asia,2021,3867.2,6.3,4739.0,-0.1,31.7,12.9,55.6,26.5,2574197.8,429033.0,8580659.4
381,Company_381,Utilities,Oceania,2024,2902.0,3.7,1129.6,4.7,55.3,13.6,79.5,72.7,2564727.7,1602954.8,25647277.2
372,Company_372,Energy,Latin America,2015,2733.1,20.6,4603.2,,50.9,48.1,40.4,64.3,2359600.2,707880.1,23596002.5
410,Company_410,Manufacturing,Africa,2021,3170.2,14.8,7099.8,9.3,31.1,23.7,63.1,6.7,983737.6,1311650.2,16395627.1
560,Company_560,Technology,Latin America,2023,5461.8,16.4,19428.4,21.4,58.4,87.6,65.1,22.6,160310.5,96186.3,320620.9
629,Company_629,Retail,Latin America,2020,1420.1,10.1,1669.6,16.8,60.7,69.5,54.1,58.5,101360.0,50680.0,202720.0
904,Company_904,Utilities,Europe,2015,985.8,10.4,1230.9,,41.8,37.1,46.3,41.9,741499.3,463437.1,7414993.5
891,Company_891,Manufacturing,North America,2017,10765.0,9.2,19127.1,13.9,56.2,32.4,68.9,67.5,3143238.0,4190984.0,52387300.1
312,Company_312,Consumer Goods,Europe,2023,398.5,6.1,377.7,-2.1,52.8,11.4,50.7,96.2,89272.7,111590.8,446363.3
75,Company_75,Technology,North America,2022,3627.0,24.1,13481.3,10.5,72.4,77.4,44.9,94.8,119365.0,71619.0,238730.0
188,Company_188,Consumer Goods,Oceania,2021,4362.9,7.1,5901.3,2.2,54.4,71.2,64.6,27.3,612101.4,765126.7,3060506.9
207,Company_207,Consumer Goods,North America,2021,1659.7,-0.5,4186.5,14.1,72.9,79.7,53.9,85.2,213098.4,266373.0,1065492.0
616,Company_616,Retail,Middle East,2018,1294.5,1.0,178.8,-18.2,35.8,69.1,17.0,21.3,92690.1,46345.1,185380.3
8,Company_8,Healthcare,Europe,2019,6690.8,9.7,8033.5,-3.8,77.0,67.2,98.8,64.9,488275.3,488275.3,976550.7
121,Company_121,Retail,Oceania,2018,673.3,0.1,10.0,-20.4,49.4,26.5,85.1,36.8,68311.8,34155.9,136623.5
587,Company_587,Healthcare,North America,2016,2273.4,12.8,3672.7,17.2,60.9,72.5,26.2,83.9,157414.3,157414.3,314828.6
873,Company_873,Consumer Goods,Africa,2025,1557.5,-5.8,3437.0,12.7,57.8,55.3,42.0,76.1,253193.2,316491.5,1265966.0
147,Company_147,Energy,Latin America,2023,6580.6,1.7,1986.3,-14.1,49.7,49.7,69.5,30.0,5608161.5,1682448.5,56081615.2
246,Company_246,Consumer Goods,Oceania,2017,2390.9,13.1,4518.9,3.3,52.1,26.1,64.2,66.1,486555.0,608193.7,2432774.9
76,Company_76,Technology,North America,2021,14135.0,27.1,117885.6,0.2,64.9,87.3,39.1,68.1,416253.9,249752.3,832507.8
529,Company_529,Finance,Asia,2021,21165.3,12.9,41645.6,2.2,52.1,96.4,39.5,20.3,222239.6,111119.8,555598.9
884,Company_884,Consumer Goods,North America,2022,4264.1,9.5,9232.3,-0.6,71.0,58.6,81.1,73.3,673380.6,841725.8,3366903.0
917,Company_917,Energy,Middle East,2021,10815.1,-19.4,16405.3,10.3,27.1,24.6,28.1,28.6,11116790.3,3335037.1,111167903.3
221,Company_221,Healthcare,Middle East,2015,2440.3,13.7,6564.0,,41.4,95.9,24.0,4.3,129047.9,129047.9,258095.8
495,Company_495,Consumer Goods,Latin America,2021,1134.8,14.1,2624.3,9.4,46.2,44.4,63.0,31.3,201736.9,252171.2,1008684.7
594,Company_594,Utilities,Europe,2021,2372.6,11.8,2865.7,-2.3,55.5,44.0,45.4,77.2,1693449.2,1058405.8,16934492.5
258,Company_258,Healthcare,Latin America,2021,5299.2,12.7,8006.8,15.4,54.3,81.1,51.5,30.4,334926.9,334926.9,669853.9
590,Company_590,Manufacturing,North America,2025,2649.3,21.6,10090.7,-2.0,59.2,47.1,48.6,81.8,691453.8,921938.4,11524230.1
722,Company_722,Healthcare,Asia,2021,2895.7,8.6,5284.7,-0.3,45.2,79.6,35.3,20.8,186148.0,186148.0,372296.0
373,Company_373,Energy,Africa,2023,11496.4,23.5,44606.4,17.9,51.1,43.4,52.5,57.3,10299766.8,3089930.0,102997667.6
150,Company_150,Manufacturing,North America,2025,2485.5,-14.4,9065.1,3.1,72.1,49.8,97.0,69.5,634800.7,846400.9,10580011.5
975,Company_975,Consumer Goods,Oceania,2022,1845.4,13.0,3516.4,10.8,78.3,69.8,69.4,95.8,262565.6,328207.0,1312828.2
429,Company_429,Finance,North America,2017,840.1,13.3,2182.7,-1.1,82.9,99.6,87.5,61.6,8448.5,4224.3,21121.4
364,Company_364,Utilities,North America,2017,881.1,14.3,1046.3,-9.3,62.0,4.0,87.4,94.6,826205.9,516378.7,8262058.9
739,Company_739,Utilities,Asia,2024,1158.4,6.9,738.9,9.7,48.8,32.5,39.0,75.0,901501.6,563438.5,9015015.9
936,Company_936,Energy,Middle East,2021,3079.1,3.5,1445.5,3.9,39.8,23.3,38.5,57.7,3192834.8,957850.4,31928347.5
768,Company_768,Healthcare,Middle East,2017,2381.5,14.1,3977.1,16.4,35.7,46.7,43.6,16.6,207877.0,207877.0,415754.1
520,Company_520,Manufacturing,Latin America,2020,1823.6,24.4,5342.6,8.5,49.0,43.2,52.8,51.1,491197.6,654930.2,8186627.2
754,Company_754,Transportation,Asia,2024,2091.3,7.1,2720.1,12.4,55.6,51.5,55.5,59.8,1053362.6,175560.4,3511208.6
578,Company_578,Transportation,Middle East,2025,1828.3,-0.2,7564.1,-5.6,70.3,73.6,57.6,79.6,750839.9,125140.0,2502799.7
245,Company_245,Finance,Oceania,2020,2323.6,8.7,3037.6,2.6,77.3,100.0,87.9,43.9,23236.1,11618.0,58090.2
852,Company_852,Energy,Latin America,2019,385.9,16.1,529.0,-17.9,31.3,20.0,42.1,31.8,408991.1,122697.3,4089910.9
329,Company_329,Finance,Oceania,2015,15907.7,22.9,48383.4,,80.3,72.1,92.9,76.1,221279.9,110640.0,553199.9
69,Company_69,Energy,North America,2016,5709.2,29.1,24954.9,6.0,44.4,5.3,64.5,63.5,6638698.7,1991609.6,66386987.0
894,Company_894,Healthcare,North America,2020,13393.6,21.0,46528.5,-2.2,77.3,67.3,92.7,71.8,975805.0,975805.0,1951609.9
216,Company_216,Transportation,Asia,2023,2854.3,-4.1,5375.3,5.3,56.8,12.5,77.8,80.2,1905377.9,317563.0,6351259.5
223,Company_223,Transportation,Latin America,2015,398.5,4.9,368.0,,26.1,18.4,54.4,5.7,256096.8,42682.8,853655.9
520,Company_520,Manufacturing,Latin America,2022,1956.6,20.5,8368.8,-8.2,51.4,47.3,49.2,57.7,509917.4,679889.9,8498623.6
946,Company_946,Healthcare,Oceania,2017,1874.4,8.9,1957.0,3.1,69.6,66.0,72.4,70.3,138305.3,138305.3,276610.5
251,Company_251,Transportation,Asia,2023,879.8,16.8,2834.8,18.3,51.6,27.8,55.0,72.1,530781.1,88463.5,1769270.2
880,Company_880,Retail,Latin America,2015,3636.5,5.8,3967.2,,44.5,27.3,31.5,74.7,366982.0,183491.0,733964.1
559,Company_559,Manufacturing,Middle East,2022,4209.7,9.8,5097.9,6.5,47.6,60.8,34.5,47.5,977646.6,1303528.8,16294110.1
838,Company_838,Finance,Latin America,2020,11744.4,0.8,1413.4,8.7,77.1,76.4,79.9,74.8,156174.9,78087.5,390437.3
558,Company_558,Finance,Middle East,2017,3869.6,12.4,6177.6,-3.8,51.9,44.5,53.7,57.5,68773.6,34386.8,171934.1
742,Company_742,Transportation,Oceania,2017,678.2,3.6,325.9,6.7,43.7,38.9,21.5,70.6,377559.0,62926.5,1258530.1
419,Company_419,Healthcare,North America,2015,1924.8,20.4,9583.1,,48.9,15.7,75.9,55.0,209850.0,209850.0,419700.0
515,Company_515,Finance,Africa,2023,14548.2,9.1,24430.6,24.5,46.9,100.0,13.7,27.0,145481.8,72740.9,363704.4
440,Company_440,Retail,Oceania,2016,706.2,1.0,76.0,-4.5,47.1,63.0,39.2,39.0,53611.1,26805.6,107222.3
610,Company_610,Technology,Europe,2022,6071.9,19.9,29528.7,-3.0,92.6,89.5,97.4,91.0,174061.4,104436.8,348122.7
878,Company_878,Consumer Goods,Asia,2016,704.6,12.4,1751.2,14.8,23.5,5.1,33.6,31.8,164024.8,205031.0,820124.0
531,Company_531,Consumer Goods,Oceania,2021,788.2,7.1,874.9,7.4,38.5,26.4,37.5,51.7,160075.0,200093.8,800375.2
533,Company_533,Technology,Middle East,2020,12567.3,10.1,42413.2,11.2,68.9,92.0,65.6,49.2,349304.7,209582.8,698609.4
919,Company_919,Consumer Goods,Europe,2022,7829.2,0.9,1384.9,16.6,81.7,55.3,99.8,89.9,1273228.8,1591536.0,6366144.2
873,Company_873,Consumer Goods,Africa,2022,1381.0,-5.0,2915.8,-1.8,54.4,53.0,36.0,74.3,228995.7,286244.7,1144978.6
104,Company_104,Technology,Europe,2021,6596.3,22.2,34474.5,19.2,70.3,78.1,57.0,75.8,215497.1,129298.2,430994.1
793,Company_793,Manufacturing,Africa,2018,1334.4,8.7,1630.5,-8.2,36.5,16.8,68.3,24.4,433329.5,577772.7,7222158.3
203,Company_203,Energy,Oceania,2024,3044.4,16.0,9306.0,-18.3,58.8,44.7,89.4,42.3,2699956.9,809987.1,26999568.8
197,Company_197,Energy,Latin America,2023,3755.4,15.5,10717.6,-11.6,18.8,31.6,8.8,16.1,3675227.2,1102568.2,36752272.5
263,Company_263,Utilities,Africa,2019,1623.2,12.2,1874.1,-3.3,30.8,30.2,15.7,46.4,1283418.3,802136.4,12834182.8
591,Company_591,Manufacturing,Oceania,2020,1217.4,-1.7,4481.6,12.3,62.0,80.0,58.4,47.6,233780.5,311707.4,3896342.4
707,Company_707,Utilities,Europe,2024,1929.9,7.7,1627.6,2.6,81.8,66.9,98.2,80.1,1129454.6,705909.1,11294546.3
253,Company_253,Technology,Oceania,2020,2335.0,23.9,18317.2,19.7,84.2,70.5,97.5,84.6,82469.8,49481.9,164939.6
644,Company_644,Transportation,Africa,2024,1574.7,9.8,1968.2,12.9,35.3,25.9,66.9,13.1,962224.2,160370.7,3207413.9
336,Company_336,Retail,North America,2016,2157.5,10.1,2772.9,0.5,56.8,51.6,50.2,68.5,181038.5,90519.3,362077.0
143,Company_143,Consumer Goods,Oceania,2023,1328.4,16.2,3968.5,-9.9,73.7,92.3,61.9,66.7,147076.8,183846.0,735383.9
16,Company_16,Energy,Europe,2022,1283.2,20.5,3303.6,-7.5,56.8,59.6,44.0,66.7,1004250.2,301275.0,10042501.7
59,Company_59,Utilities,Africa,2016,583.9,13.8,814.1,-9.2,31.1,31.2,38.1,23.8,458409.4,286505.9,4584094.3
400,Company_400,Manufacturing,Africa,2021,809.0,-6.6,3719.5,-5.2,45.8,74.3,46.9,16.2,164963.1,219950.8,2749384.4
190,Company_190,Technology,North America,2023,5003.8,22.1,35398.4,14.3,74.3,89.0,64.4,69.4,144316.1,86589.6,288632.1
285,Company_285,Energy,Latin America,2019,15692.7,0.4,888.9,10.4,52.5,44.8,50.1,62.6,13906991.9,4172097.6,139069919.3
219,Company_219,Transportation,Middle East,2017,446.6,-1.7,1112.6,-8.4,44.3,37.7,38.2,56.8,250772.6,41795.4,835908.5
713,Company_713,Energy,Oceania,2021,2069.0,-12.0,1213.6,-13.9,65.3,54.0,93.8,48.1,1701267.4,510380.2,17012674.5
104,Company_104,Technology,Europe,2025,9998.8,27.0,84911.5,8.9,72.6,80.2,57.0,80.5,319356.7,191614.0,638713.4
701,Company_701,Transportation,Europe,2015,256.2,-7.6,1067.8,,64.9,16.0,92.4,86.3,167202.9,27867.1,557343.0
439,Company_439,Utilities,North America,2025,1183.7,11.8,1133.2,11.0,85.5,79.7,76.9,100.0,608107.2,380067.0,6081072.1
546,Company_546,Energy,Asia,2021,951.6,11.1,1648.2,-4.7,41.5,38.3,61.3,24.9,886772.3,266031.7,8867722.9
839,Company_839,Manufacturing,Oceania,2025,2420.5,18.8,4658.4,8.6,59.1,59.6,46.9,70.7,568287.1,757716.1,9471451.3
906,Company_906,Energy,Asia,2021,6592.0,9.4,7322.4,-6.4,68.9,63.1,87.4,56.2,4998225.6,1499467.7,49982256.4
167,Company_167,Energy,North America,2021,9709.5,-3.1,17498.4,19.6,45.5,14.4,71.4,50.8,10675086.3,3202525.9,106750862.7
567,Company_567,Healthcare,Oceania,2021,1318.7,19.0,6239.6,8.2,79.7,87.1,70.6,81.5,77827.9,77827.9,155655.9
470,Company_470,Technology,North America,2025,13820.7,25.2,89811.5,16.1,73.9,72.9,73.8,75.0,476729.9,286037.9,953459.7
693,Company_693,Retail,Africa,2016,563.0,-2.0,1695.0,10.6,42.3,54.4,57.8,14.6,46139.1,23069.5,92278.2
915,Company_915,Manufacturing,Middle East,2015,725.7,-2.8,3063.1,,29.8,52.6,19.3,17.4,181095.6,241460.8,3018259.6
762,Company_762,Technology,North America,2017,9955.2,20.5,57498.4,18.6,78.2,100.0,59.2,75.3,248881.1,149328.7,497762.2
489,Company_489,Consumer Goods,Asia,2019,2080.5,6.7,2886.0,-12.0,64.1,51.5,61.4,79.3,349205.3,436506.7,1746026.7
425,Company_425,Consumer Goods,Middle East,2022,4656.5,14.8,8156.5,8.8,63.6,96.7,47.8,46.3,487431.5,609289.3,2437157.4
709,Company_709,Finance,North America,2018,6005.0,18.0,11943.1,12.8,72.1,93.9,60.4,62.0,65185.5,32592.7,162963.6
907,Company_907,Transportation,Oceania,2018,505.9,5.0,318.9,6.3,49.9,47.5,58.1,44.3,263313.6,43885.6,877712.0
76,Company_76,Technology,North America,2024,19125.8,30.6,143103.0,23.5,68.5,93.2,40.1,72.1,523663.6,314198.1,1047327.2
227,Company_227,Transportation,Asia,2015,1045.8,3.8,629.2,,48.4,33.6,38.8,72.8,605335.5,100889.2,2017784.9
750,Company_750,Finance,Africa,2023,6200.4,24.6,26235.4,-1.8,74.4,86.6,73.7,62.8,73612.4,36806.2,184031.1
888,Company_888,Utilities,Oceania,2021,1002.9,7.1,591.0,-11.8,71.6,66.8,80.0,68.1,587482.8,367176.7,5874827.5
503,Company_503,Manufacturing,North America,2022,5124.1,17.4,11309.4,9.5,52.9,18.9,83.5,56.4,1641772.7,2189030.2,27362877.5
372,Company_372,Energy,Latin America,2023,15362.4,15.0,29236.9,24.9,60.9,55.6,51.9,75.3,12457177.7,3737153.3,124571777.4
421,Company_421,Retail,Africa,2021,1224.5,3.1,840.2,14.3,73.0,65.4,75.4,78.2,90886.6,45443.3,181773.1
878,Company_878,Consumer Goods,Asia,2019,868.3,11.6,1074.0,8.9,25.1,8.3,36.3,30.7,198348.2,247935.2,991741.0
75,Company_75,Technology,North America,2020,3457.9,23.5,25560.9,11.0,73.2,77.0,44.7,97.8,114301.1,68580.7,228602.2
6,Company_6,Transportation,Oceania,2025,3297.0,-10.0,7887.8,6.5,73.1,68.2,77.4,73.6,1428863.2,238143.9,4762877.2
387,Company_387,Consumer Goods,Europe,2022,1410.6,14.5,2798.0,-1.4,58.1,30.5,56.8,86.9,278301.1,347876.4,1391505.4
624,Company_624,Healthcare,Africa,2018,1671.1,17.0,2995.0,5.5,49.2,54.1,30.6,62.9,137201.3,137201.3,274402.5
185,Company_185,Transportation,Latin America,2015,423.6,0.6,34.6,,12.0,0.5,19.1,16.3,304132.4,50688.7,1013774.7
563,Company_563,Energy,Africa,2024,3031.4,-5.5,2918.8,0.7,51.4,63.2,55.4,35.6,2296900.6,689070.2,22969006.2
33,Company_33,Finance,North America,2017,1026.3,14.0,1747.2,1.9,61.2,71.4,56.1,56.0,14375.0,7187.5,35937.5
930,Company_930,Transportation,Africa,2025,495.2,-2.3,2327.6,6.3,45.1,39.8,73.1,22.5,273730.3,45621.7,912434.5
450,Company_450,Utilities,Europe,2025,3580.7,5.5,2906.8,2.7,64.0,21.9,78.2,91.8,2997393.4,1873370.9,29973934.0
623,Company_623,Consumer Goods,North America,2015,592.8,9.6,1061.9,,50.9,27.7,46.9,78.3,119312.6,149140.8,596563.1
165,Company_165,Manufacturing,Latin America,2019,2007.8,9.1,2853.0,-1.6,31.1,16.6,57.7,18.9,652881.8,870509.1,10881363.3
918,Company_918,Utilities,Asia,2025,1848.8,7.8,2008.0,7.7,61.4,80.5,52.3,51.2,941356.1,588347.6,9413561.1
408,Company_408,Retail,Asia,2018,1040.8,8.1,1274.3,19.3,63.4,84.7,27.2,78.5,63203.7,31601.8,126407.3
458,Company_458,Transportation,Asia,2016,2165.0,6.0,2094.4,-3.8,23.7,0.0,44.5,26.6,1558814.8,259802.5,5196049.2
813,Company_813,Finance,Europe,2023,2657.5,16.7,7492.6,6.0,78.7,100.0,86.3,49.8,26575.2,13287.6,66438.0
989,Company_989,Energy,Africa,2019,3843.3,-0.3,12623.4,3.9,35.6,17.8,60.8,28.3,4132657.7,1239797.3,41326576.6
622,Company_622,Transportation,Latin America,2023,1596.2,13.7,2121.5,1.7,28.1,21.9,21.0,41.4,1002419.5,167069.9,3341398.3
865,Company_865,Consumer Goods,Asia,2016,1610.8,-2.2,4800.5,12.4,42.6,23.5,52.9,51.3,333497.6,416872.0,1667487.9
377,Company_377,Consumer Goods,Europe,2016,2822.5,5.5,1824.5,16.4,48.2,46.4,21.9,76.2,493985.4,617481.8,2469927.2
43,Company_43,Transportation,Europe,2025,423.4,-2.4,898.5,7.2,44.3,31.1,79.5,22.4,249629.8,41605.0,832099.3
734,Company_734,Consumer Goods,Oceania,2020,1105.2,6.0,1491.9,11.7,63.3,36.8,80.4,72.5,208266.7,260333.3,1041333.3
285,Company_285,Energy,Latin America,2018,14211.5,-1.8,53068.3,5.3,51.2,43.6,48.4,61.5,12715442.3,3814632.7,127154423.2
340,Company_340,Consumer Goods,Oceania,2023,834.7,5.5,1081.0,-3.3,63.7,44.4,80.5,66.1,148385.9,185482.3,741929.4
584,Company_584,Healthcare,Latin America,2021,3368.6,11.8,8718.3,8.7,60.9,77.6,39.2,66.0,221187.0,221187.0,442373.9
658,Company_658,Utilities,North America,2021,2442.5,15.1,3099.6,17.9,58.3,64.4,45.9,64.7,1464037.5,915023.5,14640375.4
694,Company_694,Consumer Goods,North America,2025,6571.9,11.4,11217.6,11.9,72.5,61.0,60.6,95.9,1016359.8,1270449.8,5081799.2
613,Company_613,Consumer Goods,North America,2023,4069.4,24.0,20253.9,6.4,75.3,83.6,43.3,98.9,500137.6,625172.0,2500688.0
79,Company_79,Healthcare,North America,2025,10727.6,31.3,61574.7,2.6,66.1,86.5,33.6,78.3,637674.3,637674.3,1275348.7
961,Company_961,Transportation,Europe,2018,189.8,-2.5,548.4,5.7,47.8,9.9,63.7,69.6,128779.0,21463.2,429263.4
435,Company_435,Retail,Middle East,2023,2610.1,16.2,6018.3,18.2,25.6,47.6,15.1,14.2,226316.4,113158.2,452632.9
775,Company_775,Manufacturing,Europe,2022,425.9,13.0,632.3,20.0,56.2,37.2,77.9,53.5,120070.1,160093.5,2001169.0
137,Company_137,Manufacturing,Oceania,2025,879.9,6.1,746.6,10.3,49.7,28.3,38.1,82.8,264415.6,352554.2,4406927.3
928,Company_928,Healthcare,Oceania,2023,6344.9,29.6,41856.0,10.0,69.5,53.1,80.7,74.6,525480.7,525480.7,1050961.4
675,Company_675,Transportation,Europe,2015,1640.4,-1.0,6538.0,,74.0,63.4,96.7,61.9,744137.9,124023.0,2480459.6
567,Company_567,Healthcare,Oceania,2016,701.8,13.0,1725.8,10.2,74.8,83.7,64.4,76.2,43075.6,43075.6,86151.2
339,Company_339,Finance,Europe,2025,3562.5,13.5,8315.5,15.0,77.4,74.3,65.5,92.4,48455.1,24227.6,121137.9
664,Company_664,Finance,Latin America,2022,6950.0,17.8,12107.4,-4.5,72.5,93.0,79.0,45.4,76306.4,38153.2,190766.1
532,Company_532,Retail,North America,2025,498.1,6.8,808.2,9.3,92.3,99.9,80.1,97.1,24955.4,12477.7,49910.8
252,Company_252,Consumer Goods,North America,2024,1696.3,12.0,3448.8,1.9,71.8,67.0,84.4,63.9,247924.7,309905.9,1239623.6
935,Company_935,Consumer Goods,Oceania,2017,964.2,13.0,1422.9,8.0,65.3,82.9,86.3,26.7,119465.1,149331.3,597325.4
730,Company_730,Manufacturing,North America,2019,477.8,2.4,152.6,-1.5,32.6,22.8,18.6,56.4,149169.6,198892.8,2486160.6
583,Company_583,Healthcare,Africa,2025,9455.1,17.0,16535.3,22.1,28.4,33.5,31.1,20.5,912577.5,912577.5,1825155.1
436,Company_436,Finance,Latin America,2022,2375.5,21.7,4424.1,7.2,63.9,96.6,51.9,43.3,24883.1,12441.6,62207.8
98,Company_98,Energy,North America,2023,17635.2,4.3,14530.8,13.8,46.6,20.7,56.4,62.6,18608760.8,5582628.2,186087608.0
354,Company_354,Manufacturing,Oceania,2019,1546.3,4.0,1127.1,4.1,52.9,36.6,95.8,26.4,437977.5,583970.0,7299624.9
992,Company_992,Consumer Goods,North America,2025,1180.5,8.2,2242.3,3.1,65.1,51.5,73.6,70.2,198138.1,247672.6,990690.5
874,Company_874,Manufacturing,Europe,2020,1328.9,5.7,1198.4,4.6,50.0,31.0,55.0,64.0,392014.2,522685.6,6533569.7
292,Company_292,Utilities,Asia,2023,1097.6,5.4,851.6,4.3,25.5,30.6,28.4,17.5,865906.7,541191.7,8659066.7
532,Company_532,Retail,North America,2022,452.3,11.3,607.1,8.8,92.3,94.6,87.5,94.8,24338.3,12169.1,48676.6
128,Company_128,Utilities,Africa,2017,512.2,4.8,223.4,17.2,30.9,46.9,33.3,12.6,357068.1,223167.6,3570680.9
591,Company_591,Manufacturing,Oceania,2022,1541.5,-1.0,1845.7,17.3,63.1,81.0,59.8,48.5,292714.0,390285.3,4878566.8
948,Company_948,Retail,Africa,2017,983.2,1.0,119.0,16.7,27.4,50.3,25.1,6.7,83333.4,41666.7,166666.7
528,Company_528,Utilities,Oceania,2016,545.4,8.0,643.7,-13.9,56.0,39.8,57.5,70.7,402106.4,251316.5,4021064.3
963,Company_963,Transportation,Africa,2018,3202.1,8.1,3131.8,4.6,34.2,21.5,31.4,49.8,2016464.9,336077.5,6721549.6
704,Company_704,Utilities,Europe,2021,525.1,14.2,1110.5,0.6,76.2,44.0,100.0,84.6,374730.4,234206.5,3747304.1
217,Company_217,Manufacturing,Oceania,2018,2883.5,12.1,6470.6,-2.1,65.8,55.4,72.1,69.8,702602.1,936802.8,11710035.3
763,Company_763,Technology,Oceania,2020,2235.7,17.9,11905.7,11.1,61.1,90.5,30.5,62.2,63326.7,37996.0,126653.5
146,Company_146,Consumer Goods,Africa,2022,982.8,18.4,3158.3,7.9,48.3,42.1,26.3,76.5,177957.6,222447.0,889788.0
858,Company_858,Finance,Oceania,2024,4084.4,6.6,2328.4,17.9,80.9,77.6,91.8,73.4,53648.0,26824.0,134120.0
7,Company_7,Healthcare,Oceania,2022,6387.4,-2.2,18488.5,-1.3,53.9,80.9,34.8,45.8,404596.4,404596.4,809192.9
451,Company_451,Consumer Goods,Oceania,2017,6345.1,9.2,8860.9,7.9,78.3,68.2,80.0,86.7,917138.7,1146423.4,4585693.5
410,Company_410,Manufacturing,Africa,2019,2833.2,16.9,4294.5,18.2,31.2,25.7,56.5,11.5,867209.6,1156279.5,14453493.5
485,Company_485,Finance,Africa,2017,1474.7,17.6,2575.9,3.3,49.1,94.4,46.1,6.7,15908.0,7954.0,39769.9
741,Company_741,Retail,Latin America,2022,1024.1,15.8,2845.4,-2.3,58.0,62.4,67.0,44.6,78127.1,39063.6,156254.2
312,Company_312,Consumer Goods,Europe,2022,407.2,4.6,328.1,-2.8,52.7,9.7,54.3,94.0,92210.5,115263.2,461052.7
486,Company_486,Healthcare,Middle East,2024,2017.1,23.2,10396.4,5.6,79.6,93.3,82.3,63.2,110248.4,110248.4,220496.8
101,Company_101,Energy,Oceania,2016,6172.2,1.2,1365.3,-7.7,63.4,42.6,95.6,52.1,5565758.7,1669727.6,55657587.2
396,Company_396,Finance,North America,2022,15487.3,12.4,23594.6,-1.1,77.8,99.2,60.7,73.6,156708.8,78354.4,391772.0
955,Company_955,Transportation,Asia,2020,921.2,-5.2,4439.4,13.7,61.8,51.3,68.6,65.6,464937.7,77489.6,1549792.4
646,Company_646,Energy,Europe,2015,46160.7,-5.3,46132.5,,75.4,44.4,88.6,93.1,41052431.1,12315729.3,410524311.0
29,Company_29,Transportation,Oceania,2020,1066.1,15.0,1320.6,-3.4,25.6,10.1,59.7,7.1,722558.3,120426.4,2408527.8
768,Company_768,Healthcare,Middle East,2022,6300.5,14.9,15702.1,26.1,35.7,45.6,42.0,19.4,555122.6,555122.6,1110245.2
324,Company_324,Energy,Middle East,2019,2879.2,13.7,4491.1,-4.1,64.8,92.0,34.4,67.9,1601269.4,480380.8,16012694.1
429,Company_429,Finance,North America,2015,904.1,17.7,2320.1,,81.1,100.0,86.8,56.5,9042.2,4521.1,22605.5
706,Company_706,Healthcare,North America,2025,10314.8,15.6,16377.1,5.0,66.8,78.5,41.0,81.1,670967.1,670967.1,1341934.3
11,Company_11,Energy,Europe,2023,266.7,3.7,155.1,-9.7,67.7,68.9,72.8,61.5,191370.2,57411.1,1913701.7
184,Company_184,Utilities,Europe,2024,951.0,9.4,933.1,-2.2,67.3,39.4,75.9,86.6,703195.4,439497.1,7031954.2
989,Company_989,Energy,Africa,2021,4207.5,-0.3,20073.7,3.4,40.7,20.3,67.9,33.8,4451607.4,1335482.2,44516074.0
404,Company_404,Healthcare,Middle East,2021,2781.5,0.4,124.6,7.3,52.8,62.0,46.7,49.6,213041.3,213041.3,426082.5
701,Company_701,Transportation,Europe,2018,235.4,-2.7,655.8,-1.0,64.3,18.5,89.8,84.7,151224.3,25204.0,504080.8
185,Company_185,Transportation,Latin America,2025,793.8,-5.4,3335.6,3.8,16.5,12.6,14.1,22.7,529410.8,88235.1,1764702.6
571,Company_571,Retail,Middle East,2020,3425.2,-2.2,15594.8,-2.1,40.4,93.5,13.9,13.8,186831.4,93415.7,373662.8
260,Company_260,Consumer Goods,Latin America,2022,2298.6,8.8,4410.7,-1.1,70.7,100.0,44.2,67.9,229864.1,287330.1,1149320.3
870,Company_870,Finance,Latin America,2020,9564.7,0.5,528.5,-2.1,92.2,99.9,91.8,84.8,95835.4,47917.7,239588.5
758,Company_758,Healthcare,Latin America,2020,26343.0,8.6,35280.7,15.3,44.5,76.4,31.8,25.4,1753194.9,1753194.9,3506389.9
111,Company_111,Finance,Africa,2024,1099.6,21.5,2122.4,12.3,43.2,100.0,8.4,21.1,10995.7,5497.9,27489.4
698,Company_698,Retail,Oceania,2024,2809.5,3.9,2103.5,-4.3,83.1,76.7,76.0,96.7,186372.8,93186.4,372745.5
621,Company_621,Transportation,North America,2022,367.5,6.7,212.0,-6.3,63.3,30.4,80.2,79.4,217730.0,36288.3,725766.7
822,Company_822,Finance,Latin America,2018,912.2,15.6,1139.5,11.2,56.1,54.4,74.1,39.9,14945.8,7472.9,37364.5
380,Company_380,Retail,Europe,2022,597.1,8.6,800.4,9.9,91.4,87.6,93.2,93.2,35021.9,17510.9,70043.8
229,Company_229,Finance,Africa,2017,2637.3,12.3,2687.1,8.4,32.2,46.1,13.1,37.5,46288.4,23144.2,115721.0
476,Company_476,Retail,Asia,2015,1962.4,4.7,2281.9,,48.5,38.1,40.8,66.5,183085.9,91542.9,366171.7
753,Company_753,Healthcare,Europe,2017,1275.9,26.1,4437.2,-7.3,78.8,65.0,79.4,92.0,95028.1,95028.1,190056.2
457,Company_457,Transportation,North America,2024,3224.2,21.2,11305.4,28.8,73.4,46.1,90.2,84.0,1697124.6,282854.1,5657081.9
823,Company_823,Retail,Europe,2021,1507.9,7.1,1494.6,-5.8,72.8,65.0,75.9,77.6,112321.0,56160.5,224641.9
884,Company_884,Consumer Goods,North America,2017,4208.8,9.4,6708.7,13.4,64.0,50.1,76.2,65.7,714674.8,893343.5,3573374.2
752,Company_752,Healthcare,Latin America,2024,16478.4,-1.2,22384.3,13.3,57.5,94.7,51.4,26.3,885440.9,885440.9,1770881.8
402,Company_402,Technology,Asia,2024,1674.9,21.7,10204.9,2.5,31.2,17.4,37.9,38.4,90268.5,54161.1,180537.0
17,Company_17,Utilities,Oceania,2016,3460.1,13.0,5855.9,-3.3,63.8,57.5,87.7,46.1,2207551.8,1379719.9,22075517.8
150,Company_150,Manufacturing,North America,2019,2263.9,-3.7,8981.3,2.5,63.4,37.8,91.0,61.6,635437.0,847249.4,10590617.5
986,Company_986,Retail,Latin America,2015,2354.7,-2.0,3702.8,,20.2,22.2,24.4,14.0,245907.9,122953.9,491815.7
775,Company_775,Manufacturing,Europe,2024,523.8,15.3,1066.6,2.6,60.2,44.0,77.6,58.9,140210.1,186946.9,2336835.8
385,Company_385,Transportation,Oceania,2015,470.8,1.9,109.4,,27.9,9.5,42.3,31.8,320212.3,53368.7,1067374.3
125,Company_125,Finance,Middle East,2025,5626.2,-0.4,27749.7,-6.7,41.9,99.8,24.6,1.3,56393.1,28196.6,140982.8
157,Company_157,Consumer Goods,Europe,2019,4784.6,19.0,12493.0,0.1,90.3,88.1,95.8,86.9,558003.8,697504.8,2790019.2
927,Company_927,Manufacturing,Asia,2022,801.6,11.1,953.1,-12.8,60.4,49.8,53.8,77.5,204690.2,272920.3,3411503.5
707,Company_707,Utilities,Europe,2020,1871.1,3.8,998.8,10.6,78.0,58.2,96.4,79.5,1186026.9,741266.8,11860268.6
206,Company_206,Manufacturing,North America,2024,915.5,17.0,2072.4,7.9,76.8,40.8,89.6,100.0,251182.7,334910.3,4186379.2
8,Company_8,Healthcare,Europe,2025,7117.1,8.6,10386.3,-0.7,81.6,77.1,97.6,69.9,469707.3,469707.3,939414.6
944,Company_944,Finance,Europe,2020,2650.9,13.2,3536.7,4.2,55.0,98.2,19.1,47.6,27181.3,13590.7,67953.3
544,Company_544,Energy,Latin America,2016,4931.9,3.4,2627.6,12.3,52.9,82.1,48.1,28.3,3082374.2,924712.2,30823741.6
308,Company_308,Finance,Asia,2020,2478.1,12.2,2716.6,-9.7,70.2,99.9,60.1,50.5,24824.1,12412.0,62060.2
592,Company_592,Utilities,Latin America,2015,1462.1,8.9,1213.1,,45.4,60.8,47.6,27.9,906191.0,566369.4,9061910.3
871,Company_871,Finance,Latin America,2020,244.5,15.3,414.4,9.8,65.0,100.0,45.6,49.4,2445.2,1222.6,6113.0
37,Company_37,Energy,Oceania,2022,5289.1,7.3,7421.2,-23.0,76.8,54.0,81.9,94.4,4347961.0,1304388.3,43479610.4
396,Company_396,Finance,North America,2017,16225.5,5.3,7884.0,3.1,71.8,94.6,56.6,64.2,174488.0,87244.0,436219.9
305,Company_305,Manufacturing,Latin America,2021,5578.1,2.0,1283.7,-4.3,59.8,54.1,43.4,82.1,1374770.8,1833027.8,22912846.9
870,Company_870,Finance,Latin America,2024,9624.4,-0.1,9695.7,5.9,95.9,100.0,93.3,94.3,96244.1,48122.1,240610.3
374,Company_374,Healthcare,Africa,2024,9095.3,28.6,59902.0,-13.4,24.5,50.7,20.6,2.1,768548.8,768548.8,1537097.7
672,Company_672,Finance,Middle East,2022,10229.8,1.8,1652.4,16.1,50.6,98.5,36.2,17.2,104481.5,52240.7,261203.7
751,Company_751,Transportation,Asia,2025,223.8,-0.7,411.9,3.8,48.5,16.1,84.9,44.5,146074.1,24345.7,486913.5
927,Company_927,Manufacturing,Asia,2023,730.9,15.2,1955.8,-8.8,61.6,51.8,57.3,75.7,183607.4,244809.8,3060122.8
939,Company_939,Consumer Goods,Europe,2015,750.4,14.0,1719.3,,62.6,34.3,95.8,57.7,144021.5,180026.9,720107.6
688,Company_688,Technology,Asia,2017,1045.9,18.5,2947.1,33.2,41.4,97.3,11.3,15.5,27149.2,16289.5,54298.3
224,Company_224,Manufacturing,Europe,2018,1634.0,14.1,4145.0,18.2,40.4,6.2,69.6,45.4,566806.5,755742.0,9446774.7
371,Company_371,Retail,Middle East,2025,1164.2,-1.7,3144.4,1.1,47.8,73.6,34.9,34.8,79749.4,39874.7,159498.9
908,Company_908,Technology,Africa,2022,6750.0,6.6,9607.3,8.2,62.4,91.0,28.4,67.7,190081.5,114048.9,380163.1
202,Company_202,Utilities,Latin America,2018,1673.2,2.3,388.5,27.3,41.6,60.4,34.9,29.4,1040566.5,650354.1,10405665.5
94,Company_94,Utilities,North America,2019,343.6,9.0,411.7,3.3,54.2,42.9,55.4,64.3,247396.4,154622.8,2473964.0
971,Company_971,Healthcare,Africa,2025,2317.6,11.9,3568.5,6.2,55.5,98.9,42.8,24.9,117701.3,117701.3,235402.6
130,Company_130,Manufacturing,Asia,2017,2107.8,21.0,5871.0,5.3,28.3,7.3,27.1,50.6,726713.3,968951.1,12111888.2
222,Company_222,Technology,Asia,2020,15470.3,7.3,36942.8,2.4,48.7,95.2,17.2,33.8,412711.5,247626.9,825423.0
981,Company_981,Utilities,Africa,2023,1713.6,3.1,798.3,1.0,47.3,57.0,49.7,35.2,1097787.9,686117.4,10977879.0
616,Company_616,Retail,Middle East,2023,1529.8,1.0,243.4,9.6,41.4,77.1,20.9,26.2,101025.7,50512.8,202051.4
910,Company_910,Finance,Oceania,2022,2772.0,20.6,9551.4,8.7,74.5,98.5,80.0,44.9,28320.7,14160.4,70801.8
117,Company_117,Retail,Asia,2017,1232.5,9.8,1648.0,6.4,67.2,33.5,88.2,79.8,118985.7,59492.8,237971.4
482,Company_482,Energy,Europe,2018,6270.1,12.2,12810.2,-1.0,79.6,74.8,84.4,79.7,4242039.9,1272612.0,42420398.8
964,Company_964,Technology,Middle East,2025,8091.3,12.1,17710.2,2.0,52.7,88.0,52.0,18.1,236149.0,141689.4,472297.9
251,Company_251,Transportation,Asia,2025,1020.4,14.6,2792.2,12.4,54.2,32.0,53.3,77.1,597321.6,99553.6,1991071.9
544,Company_544,Energy,Latin America,2025,11745.8,-20.0,46145.3,18.4,61.0,94.5,48.9,39.6,6325151.0,1897545.3,63251509.8
562,Company_562,Transportation,Africa,2021,356.9,16.1,1005.3,-3.9,21.4,23.3,20.4,20.4,222007.6,37001.3,740025.2
731,Company_731,Finance,Middle East,2016,3045.9,20.7,11062.0,0.4,74.9,95.6,37.3,91.7,32331.3,16165.7,80828.3
180,Company_180,Utilities,Latin America,2024,1301.3,18.2,2639.4,-3.2,54.4,56.6,59.4,47.2,836544.5,522840.3,8365445.2
97,Company_97,Consumer Goods,Middle East,2020,1673.5,11.0,3764.5,23.0,32.7,52.8,29.9,15.3,277841.6,347302.0,1389208.2
930,Company_930,Transportation,Africa,2018,394.2,3.1,122.0,8.2,38.7,36.1,67.2,12.8,224062.7,37343.8,746875.7
130,Company_130,Manufacturing,Asia,2021,2765.6,27.9,8064.2,1.4,31.5,14.6,31.2,48.9,911097.1,1214796.2,15184952.3
760,Company_760,Manufacturing,Europe,2025,2198.5,-7.4,5685.1,-7.3,80.3,61.0,98.0,81.8,509854.7,679806.3,8497578.9
895,Company_895,Finance,Oceania,2021,8911.0,16.3,14411.7,7.4,60.8,97.8,23.4,61.2,91885.1,45942.6,229712.8
508,Company_508,Utilities,Europe,2017,458.2,8.6,573.7,-2.1,51.1,17.8,56.0,79.4,394137.9,246336.2,3941379.4
137,Company_137,Manufacturing,Oceania,2021,873.1,2.7,358.0,-0.4,45.9,24.2,35.4,78.3,269972.6,359963.5,4499543.6
975,Company_975,Consumer Goods,Oceania,2020,1701.8,10.1,3418.8,2.6,78.1,65.4,72.9,96.2,252732.5,315915.6,1263662.6
859,Company_859,Consumer Goods,North America,2015,2080.0,7.6,1863.9,,56.0,73.1,63.2,31.6,286313.2,357891.5,1431565.9
367,Company_367,Utilities,Latin America,2015,1143.6,10.6,1264.4,,58.9,58.4,62.2,56.0,723865.9,452416.2,7238659.2
771,Company_771,Transportation,Middle East,2015,485.9,12.1,876.8,,27.3,21.8,11.0,49.1,305429.4,50904.9,1018098.0
860,Company_860,Consumer Goods,Oceania,2021,2331.1,12.2,3490.0,17.0,36.8,5.3,40.6,64.6,542305.7,677882.1,2711528.6
796,Company_796,Healthcare,Europe,2018,8255.2,15.2,28316.7,7.1,75.0,71.6,70.6,82.8,576967.8,576967.8,1153935.7
62,Company_62,Technology,Asia,2022,7338.6,24.4,44249.0,18.0,60.8,90.9,28.8,62.7,206777.2,124066.3,413554.4
235,Company_235,Healthcare,Middle East,2018,535.1,12.1,1261.4,5.1,34.1,65.6,22.7,14.0,39622.2,39622.2,79244.4
506,Company_506,Retail,North America,2023,9257.4,17.2,36461.3,-1.2,66.4,31.4,80.5,87.2,907704.1,453852.0,1815408.2
282,Company_282,Transportation,Latin America,2022,1719.5,4.3,1111.5,9.6,54.2,54.9,34.6,73.0,841612.0,140268.7,2805373.4
960,Company_960,Energy,Asia,2025,14943.0,18.1,26336.5,9.1,47.5,13.2,68.2,61.2,16550190.3,4965057.1,165501902.5
790,Company_790,Finance,Latin America,2019,9044.7,24.9,40894.6,5.9,56.5,86.7,37.8,45.1,107297.7,53648.8,268244.2
705,Company_705,Consumer Goods,Africa,2015,1172.6,19.1,5257.6,,34.2,53.5,48.6,0.6,193550.1,241937.6,967750.3
692,Company_692,Healthcare,Asia,2022,1986.8,0.5,181.9,20.7,80.0,100.0,51.2,88.7,99338.2,99338.2,198676.5
10,Company_10,Technology,Latin America,2018,65683.3,11.0,223764.9,8.5,65.1,79.7,70.0,45.8,2109725.6,1265835.4,4219451.2
88,Company_88,Manufacturing,North America,2015,852.2,9.8,939.5,,74.5,69.9,72.0,81.5,181620.6,242160.8,3027009.7
543,Company_543,Energy,North America,2022,51804.7,13.9,89404.9,21.6,45.0,12.3,53.3,69.4,57697739.7,17309321.9,576977397.5
436,Company_436,Finance,Latin America,2021,2216.4,21.2,4203.6,7.3,64.3,96.9,54.0,42.1,23126.7,11563.4,57816.8
845,Company_845,Retail,Middle East,2025,1871.7,0.5,160.5,17.1,60.4,72.3,49.8,58.9,129819.3,64909.7,259638.7
98,Company_98,Energy,North America,2018,12412.2,11.7,22670.4,15.1,42.1,13.0,48.7,64.5,13761253.4,4128376.0,137612533.9
365,Company_365,Retail,North America,2021,2262.4,6.0,1828.2,4.0,65.4,78.5,59.2,58.5,147241.6,73620.8,294483.1
245,Company_245,Finance,Oceania,2019,2264.3,11.6,3251.6,14.4,76.4,97.8,89.4,42.0,23349.0,11674.5,58372.6
357,Company_357,Transportation,North America,2018,2075.5,11.1,3251.0,13.1,60.8,32.6,85.5,64.4,1209825.1,201637.5,4032750.4
724,Company_724,Retail,North America,2024,423.0,14.2,1091.8,5.7,75.1,75.6,65.9,83.8,28368.0,14184.0,56735.9
833,Company_833,Consumer Goods,North America,2025,1305.6,7.2,1891.5,7.3,61.8,64.4,47.9,73.1,195540.7,244425.8,977703.3
309,Company_309,Transportation,North America,2019,2521.0,3.6,1323.9,21.8,55.9,48.1,47.8,71.9,1305681.5,217613.6,4352271.8
493,Company_493,Energy,Latin America,2015,1889.7,-7.4,1224.1,,42.6,43.8,69.8,14.3,1687956.9,506387.1,16879568.5
799,Company_799,Consumer Goods,Oceania,2016,2731.5,8.7,4328.9,15.2,73.4,51.7,89.8,78.9,457928.2,572410.2,2289640.9
937,Company_937,Technology,Europe,2021,6362.0,22.4,32430.7,12.7,88.0,85.2,89.8,89.1,192074.3,115244.6,384148.5
299,Company_299,Consumer Goods,North America,2019,2493.6,10.8,4893.2,0.9,54.2,46.6,66.0,49.8,435605.2,544506.5,2178026.1
661,Company_661,Retail,Europe,2022,2011.7,10.8,3003.1,4.2,77.6,47.4,95.3,90.1,174597.5,87298.8,349195.1
668,Company_668,Retail,Middle East,2020,3309.7,11.4,5511.2,12.4,63.8,98.3,56.9,36.3,169376.3,84688.2,338752.7
39,Company_39,Transportation,Latin America,2015,809.3,3.2,357.9,,41.6,21.2,57.9,45.6,510651.5,85108.6,1702171.8
537,Company_537,Retail,Europe,2015,750.1,0.3,36.6,,56.1,31.0,75.5,61.8,73723.4,36861.7,147446.8
811,Company_811,Finance,Asia,2021,32947.5,25.5,125244.1,5.8,51.9,61.0,67.6,27.0,509581.0,254790.5,1273952.5
649,Company_649,Finance,Oceania,2018,9751.0,6.1,6436.1,6.9,80.4,83.9,81.2,76.2,119552.3,59776.1,298880.6
178,Company_178,Transportation,Latin America,2015,1715.0,10.2,1460.8,,23.2,22.8,10.9,36.0,1070364.1,178394.0,3567880.3
211,Company_211,Consumer Goods,Oceania,2023,1445.9,6.5,2111.4,5.7,64.4,39.4,67.1,86.8,267193.5,333991.9,1335967.7
723,Company_723,Manufacturing,Asia,2025,15963.6,13.0,24604.3,18.9,76.1,66.8,88.6,72.8,3506221.4,4674961.9,58437023.6
210,Company_210,Retail,Oceania,2015,1132.1,6.4,1280.4,,88.9,80.5,94.5,91.8,72048.8,36024.4,144097.7
587,Company_587,Healthcare,North America,2017,2700.0,15.2,6232.7,18.8,61.0,73.4,27.5,82.0,185293.2,185293.2,370586.4
671,Company_671,Technology,Middle East,2016,7786.9,15.6,42275.0,18.3,47.8,73.2,39.8,30.5,267632.0,160579.2,535264.0
874,Company_874,Manufacturing,Europe,2024,1419.9,5.2,1302.7,15.0,56.4,35.6,62.5,71.1,404933.7,539911.6,6748894.7
19,Company_19,Technology,Latin America,2025,180810.4,0.7,39614.5,16.8,57.1,91.2,58.8,21.3,5078874.7,3047324.8,10157749.4
912,Company_912,Finance,North America,2023,1420.2,19.4,4294.1,12.6,77.1,94.1,55.0,82.2,15367.5,7683.7,38418.7
557,Company_557,Healthcare,North America,2019,5030.1,1.8,956.2,8.0,66.3,64.6,62.7,71.5,376181.4,376181.4,752362.9
655,Company_655,Finance,Middle East,2015,1959.9,23.6,6703.5,,44.4,88.7,22.7,21.8,22693.1,11346.5,56732.7
541,Company_541,Technology,Asia,2018,1693.7,33.1,16751.1,22.1,39.8,28.8,64.0,26.6,84522.6,50713.5,169045.1
476,Company_476,Retail,Asia,2016,1967.8,7.4,3432.5,0.3,49.6,41.7,41.1,66.0,178690.0,89345.0,357379.9
49,Company_49,Retail,Middle East,2015,535.9,4.8,500.1,,15.8,5.9,29.1,12.5,62100.1,31050.1,124200.2
113,Company_113,Manufacturing,Latin America,2016,2583.9,0.4,217.7,5.1,21.0,11.8,39.3,12.0,866060.2,1154747.0,14434337.2
71,Company_71,Consumer Goods,Latin America,2024,4047.6,10.7,5604.6,8.4,43.3,63.7,24.0,42.2,610622.9,763278.6,3053114.3
66,Company_66,Consumer Goods,Middle East,2022,1843.0,27.8,7673.1,6.7,61.5,92.4,56.7,35.2,203891.9,254864.8,1019459.3
359,Company_359,Consumer Goods,Latin America,2018,1017.5,8.7,2209.0,7.3,29.5,12.6,58.9,17.0,226230.4,282788.0,1131151.9
897,Company_897,Utilities,Oceania,2016,602.9,8.4,715.2,2.9,75.0,71.6,82.1,71.4,337112.4,210695.3,3371124.3
686,Company_686,Transportation,Middle East,2018,502.3,1.0,39.3,2.5,26.7,26.1,40.8,13.1,306573.2,51095.5,1021910.7
170,Company_170,Energy,Europe,2016,863.5,7.7,760.0,-16.5,45.6,22.4,29.0,85.3,901009.2,270302.8,9010091.9
845,Company_845,Retail,Middle East,2016,951.3,0.5,112.2,11.1,54.7,66.8,46.7,50.5,69688.3,34844.1,139376.6
957,Company_957,Technology,Latin America,2022,1453.0,21.5,8872.3,20.6,50.1,78.8,47.2,24.4,47121.1,28272.6,94242.1
849,Company_849,Technology,Africa,2016,5453.2,22.0,19469.8,10.1,64.9,86.0,47.1,61.7,163056.6,97833.9,326113.2
352,Company_352,Finance,Asia,2024,2634.0,13.1,4571.7,-2.2,62.7,93.6,59.3,35.2,28691.2,14345.6,71728.0
182,Company_182,Manufacturing,North America,2016,3391.7,6.3,4105.4,5.6,61.8,29.3,78.8,77.2,1012256.3,1349675.1,16870938.5
213,Company_213,Technology,Europe,2015,54045.5,22.4,387117.3,,72.3,99.8,43.0,74.1,1354990.4,812994.2,2709980.8
818,Company_818,Consumer Goods,Africa,2023,663.9,7.3,998.7,-3.2,50.3,54.6,75.3,20.9,108572.8,135716.0,542864.0
909,Company_909,Finance,Latin America,2017,6218.5,21.4,11175.6,2.8,61.3,97.4,61.6,24.8,64452.5,32226.3,161131.3
605,Company_605,Energy,Oceania,2022,15235.5,42.6,89525.3,2.0,43.3,43.7,64.9,21.4,13625620.8,4087686.2,136256208.0
755,Company_755,Finance,North America,2019,6204.0,11.5,12509.7,14.6,71.1,60.5,72.6,80.3,96309.1,48154.5,240772.7
344,Company_344,Technology,Africa,2022,5174.2,15.1,14712.6,6.1,53.3,85.9,62.0,11.8,154823.7,92894.2,309647.4
184,Company_184,Utilities,Europe,2023,972.5,9.2,1120.1,-14.5,66.9,36.1,74.8,89.7,736948.5,460592.8,7369485.4
315,Company_315,Utilities,Asia,2020,872.7,16.9,1716.9,-7.6,60.4,65.0,81.0,35.3,520313.5,325195.9,5203134.6
39,Company_39,Transportation,Latin America,2025,2744.5,4.8,2414.7,14.6,56.2,29.0,79.8,59.8,1641232.2,273538.7,5470773.9
225,Company_225,Retail,Europe,2022,1045.5,7.1,1263.3,11.7,84.6,86.6,78.5,88.9,62116.8,31058.4,124233.6
676,Company_676,Transportation,Middle East,2024,720.5,2.5,336.3,-3.7,31.3,24.1,54.2,15.5,445892.9,74315.5,1486309.7
584,Company_584,Healthcare,Latin America,2024,4897.8,9.1,6945.9,14.1,65.3,80.6,42.9,72.4,311477.4,311477.4,622954.7
887,Company_887,Utilities,Oceania,2022,3604.5,9.6,3814.2,-5.2,59.0,51.9,90.7,34.3,2412697.0,1507935.6,24126969.9
514,Company_514,Energy,Latin America,2024,2007.9,16.4,4343.4,-0.3,52.3,57.3,79.3,20.2,1604167.8,481250.3,16041677.7
521,Company_521,Technology,Middle East,2018,5382.9,28.0,25786.9,2.7,68.8,92.4,71.1,42.8,148889.2,89333.5,297778.5
127,Company_127,Consumer Goods,Asia,2025,3575.1,8.2,3317.3,15.9,59.8,73.6,36.9,68.9,489858.8,612323.5,2449293.8
136,Company_136,Manufacturing,Latin America,2019,632.9,10.1,934.1,-1.5,49.0,50.6,43.6,52.9,160645.0,214193.4,2677417.1
720,Company_720,Energy,Asia,2025,14775.2,18.9,28934.8,14.6,58.0,57.2,81.1,35.7,11819077.0,3545723.1,118190770.4
263,Company_263,Utilities,Africa,2017,1743.5,12.1,2847.6,8.4,34.6,32.4,18.2,53.2,1357112.5,848195.3,13571125.0
404,Company_404,Healthcare,Middle East,2018,2193.8,4.7,2051.5,8.1,52.6,68.7,48.7,40.5,157789.3,157789.3,315578.5
95,Company_95,Retail,North America,2023,1296.1,14.5,3545.1,2.4,72.4,65.6,54.3,97.4,96061.3,48030.7,192122.7
453,Company_453,Energy,Middle East,2025,3910.0,-6.6,3410.5,-6.0,33.4,24.3,38.7,37.2,4027081.7,1208124.5,40270816.6
53,Company_53,Utilities,North America,2016,843.9,9.8,1086.0,1.5,70.8,33.2,94.5,84.6,653051.9,408157.5,6530519.4
836,Company_836,Retail,Europe,2015,1032.2,1.6,368.3,,62.1,66.5,68.0,51.9,75815.3,37907.6,151630.6
24,Company_24,Technology,Middle East,2019,13010.4,18.2,41732.0,-4.1,51.7,86.5,28.6,40.1,386946.2,232167.7,773892.4
883,Company_883,Technology,Africa,2019,3922.7,22.1,17381.0,12.7,50.1,87.0,38.6,24.9,115912.2,69547.3,231824.4
775,Company_775,Manufacturing,Europe,2021,354.8,14.2,540.7,10.3,53.3,33.0,74.9,52.0,103124.6,137499.5,1718743.4
864,Company_864,Consumer Goods,Africa,2015,1587.4,14.7,4747.2,,49.6,47.4,53.5,47.9,275722.8,344653.5,1378613.8
802,Company_802,Consumer Goods,Oceania,2018,1935.3,8.9,2213.3,18.3,72.1,35.1,82.8,98.5,369270.6,461588.3,1846353.2
258,Company_258,Healthcare,Latin America,2023,6712.9,13.8,11414.5,9.6,55.6,84.5,50.0,32.4,408325.8,408325.8,816651.5
553,Company_553,Retail,Africa,2020,3045.6,7.5,3898.8,-8.0,51.6,49.1,55.2,50.5,260841.8,130420.9,521683.6
190,Company_190,Technology,North America,2025,6410.6,22.8,28719.0,9.2,71.8,89.2,59.1,67.2,184547.4,110728.5,369094.9
330,Company_330,Transportation,Asia,2021,1555.8,24.3,6095.8,-10.8,40.7,52.9,47.7,21.5,774458.5,129076.4,2581528.3
64,Company_64,Consumer Goods,Asia,2024,2018.6,2.9,1390.8,7.2,44.9,51.1,40.0,43.6,339971.7,424964.6,1699858.3
290,Company_290,Transportation,Africa,2025,2844.3,13.8,3776.6,-7.6,30.6,34.4,32.0,25.5,1637163.1,272860.5,5457210.2
46,Company_46,Healthcare,Middle East,2023,11519.7,19.3,32876.0,14.3,55.3,84.5,61.1,20.4,700986.8,700986.8,1401973.7
482,Company_482,Energy,Europe,2021,5756.7,14.2,14529.9,-1.6,82.4,74.7,91.8,80.9,3898687.2,1169606.2,38986872.5
884,Company_884,Consumer Goods,North America,2018,3897.6,9.4,5299.8,-7.4,68.5,54.2,80.0,71.3,639634.1,799542.7,3198170.6
123,Company_123,Technology,Middle East,2018,35114.9,20.8,148859.6,34.7,59.5,99.8,21.1,57.5,880485.7,528291.4,1760971.4
717,Company_717,Energy,North America,2022,16740.2,43.1,124067.5,16.7,64.2,30.1,74.9,87.7,16561653.9,4968496.2,165616539.0
694,Company_694,Consumer Goods,North America,2024,5875.4,13.3,14285.5,15.9,72.9,64.3,60.2,94.2,880839.2,1101049.0,4404195.8
205,Company_205,Energy,Asia,2019,14065.4,50.0,116732.8,18.9,35.0,49.9,18.4,36.6,11964170.4,3589251.1,119641703.5
615,Company_615,Transportation,Europe,2018,862.8,-4.1,2615.7,6.7,78.5,52.9,84.8,97.7,429654.6,71609.1,1432181.9
553,Company_553,Retail,Africa,2015,2555.6,8.6,3779.2,,47.7,47.3,50.5,45.5,222115.0,111057.5,444230.1
707,Company_707,Utilities,Europe,2017,1670.8,6.3,1484.8,9.0,74.1,53.9,95.0,73.5,1100029.1,687518.2,11000291.3
34,Company_34,Energy,Middle East,2024,18074.5,20.5,45597.9,33.3,35.7,60.2,16.2,30.9,14078566.5,4223570.0,140785665.3
846,Company_846,Energy,Middle East,2022,1149.7,7.9,1624.8,11.5,39.9,49.0,46.6,24.2,985023.1,295506.9,9850231.5
523,Company_523,Consumer Goods,North America,2024,1531.0,14.8,2545.1,1.4,46.6,32.1,48.8,58.9,298693.1,373366.3,1493465.3
183,Company_183,Retail,Europe,2019,913.5,8.8,1174.1,-0.6,57.2,58.4,75.4,37.9,72295.2,36147.6,144590.5
429,Company_429,Finance,North America,2022,787.5,7.6,784.2,-2.3,83.3,100.0,92.1,57.8,7875.3,3937.6,19688.2
682,Company_682,Technology,Middle East,2023,9213.4,14.7,30047.7,13.4,48.8,89.8,39.6,17.0,263322.8,157993.7,526645.6
448,Company_448,Finance,Middle East,2017,5427.9,14.2,14910.5,10.1,49.2,97.9,40.6,9.2,55855.5,27927.8,139638.8
990,Company_990,Consumer Goods,Asia,2018,3556.2,15.3,13588.5,3.0,35.4,43.9,27.2,34.9,634863.8,793579.7,3174318.9
133,Company_133,Consumer Goods,Europe,2022,892.5,5.4,1079.0,7.6,70.4,30.2,88.8,92.4,176459.6,220574.4,882297.8
672,Company_672,Finance,Middle East,2016,5860.4,6.4,5836.4,6.9,52.2,100.0,39.1,17.6,58604.3,29302.1,146510.7
192,Company_192,Consumer Goods,Asia,2016,269.8,15.7,466.0,13.4,81.5,64.4,90.0,89.9,40404.3,50505.4,202021.7
91,Company_91,Manufacturing,Europe,2022,3356.1,32.7,13292.0,-0.7,65.9,54.4,53.9,89.4,824716.7,1099622.2,13745277.6
820,Company_820,Energy,Europe,2020,986.4,2.8,276.5,30.8,52.8,23.1,55.3,80.1,1024458.2,307337.4,10244581.7
925,Company_925,Utilities,Africa,2020,806.5,13.1,972.3,8.7,38.1,52.2,49.1,13.0,538282.0,336426.2,5382819.9
107,Company_107,Finance,Asia,2025,17816.2,19.9,42929.0,20.1,62.4,100.0,61.9,25.3,178162.4,89081.2,445406.1
970,Company_970,Healthcare,Europe,2017,1843.2,21.3,9017.0,20.7,67.6,83.7,41.5,77.6,113178.6,113178.6,226357.3
51,Company_51,Transportation,Middle East,2016,116.5,9.0,178.4,-2.1,48.3,73.6,66.9,4.6,47866.0,7977.7,159553.4
68,Company_68,Manufacturing,Middle East,2022,4684.4,20.7,12332.7,9.9,59.2,48.0,83.6,45.9,1214226.1,1618968.2,20237102.4
300,Company_300,Manufacturing,Europe,2024,1093.0,6.6,1220.1,-6.3,63.8,47.0,73.4,71.1,285524.7,380699.6,4758745.1
619,Company_619,Healthcare,Oceania,2015,998.1,6.7,842.8,,54.9,51.0,58.5,55.4,84164.4,84164.4,168328.9
318,Company_318,Transportation,Europe,2025,637.8,4.7,426.8,-6.5,77.7,68.9,84.5,79.6,274569.7,45761.6,915232.2
395,Company_395,Consumer Goods,North America,2016,1552.5,13.9,5317.1,6.0,47.6,30.0,42.7,70.1,307360.3,384200.4,1536801.7
521,Company_521,Technology,Middle East,2022,7441.0,22.9,28866.5,2.0,73.3,99.4,72.0,48.7,187545.6,112527.4,375091.3
364,Company_364,Utilities,North America,2025,648.9,13.4,1128.9,0.0,64.2,8.9,86.7,96.8,590553.5,369095.9,5905535.1
358,Company_358,Utilities,Middle East,2024,1600.0,8.2,1632.7,-3.3,52.0,35.2,35.8,85.1,1220965.6,763103.5,12209656.5
585,Company_585,Energy,Asia,2016,6014.4,6.2,4416.1,13.4,20.1,22.7,24.2,13.5,6261569.7,1878470.9,62615697.0
367,Company_367,Utilities,Latin America,2020,1027.8,12.6,1478.8,-4.4,65.3,64.0,72.5,59.3,618399.7,386499.8,6183997.2
752,Company_752,Healthcare,Latin America,2021,13181.2,5.4,7985.0,7.3,53.8,93.2,45.5,22.8,721905.9,721905.9,1443811.8
894,Company_894,Healthcare,North America,2017,13451.7,12.3,27748.0,5.3,74.5,63.4,88.6,71.4,1016935.2,1016935.2,2033870.4
789,Company_789,Utilities,Asia,2018,1004.1,11.0,1649.3,0.5,45.0,56.0,39.3,39.5,649002.3,405626.4,6490023.1
573,Company_573,Energy,North America,2024,2486.3,22.6,7423.3,-6.7,47.6,30.3,41.1,71.3,2456450.7,736935.2,24564506.9
510,Company_510,Utilities,Middle East,2017,1187.0,11.3,1972.8,14.4,65.6,55.8,49.1,91.9,768933.4,480583.4,7689334.1
933,Company_933,Consumer Goods,Latin America,2019,2393.5,18.7,10172.9,2.4,52.6,84.3,45.7,27.9,291910.9,364888.6,1459554.4
842,Company_842,Healthcare,North America,2024,685.8,23.6,2348.5,1.1,64.8,48.7,80.3,65.4,58902.1,58902.1,117804.3
502,Company_502,Manufacturing,Asia,2020,326.8,2.5,151.3,5.5,37.7,31.1,30.2,51.8,96301.3,128401.8,1605022.2
552,Company_552,Consumer Goods,Asia,2025,861.5,22.9,4168.2,-7.0,66.0,52.2,65.4,80.3,143755.3,179694.1,718776.6
387,Company_387,Consumer Goods,Europe,2025,2262.7,16.1,3795.8,16.2,63.0,38.9,61.8,88.2,419956.3,524945.4,2099781.5
64,Company_64,Consumer Goods,Asia,2015,1334.6,10.0,2949.3,,35.5,41.0,36.5,29.1,243651.2,304563.9,1218255.8
231,Company_231,Technology,Europe,2018,4419.0,17.7,12923.4,9.0,68.1,69.7,100.0,34.5,157270.1,94362.1,314540.3
502,Company_502,Manufacturing,Asia,2019,309.7,3.1,134.0,2.0,35.9,27.6,30.3,49.9,93518.0,124690.6,1558633.0
314,Company_314,Consumer Goods,Latin America,2015,472.8,12.2,596.2,,50.1,5.5,86.2,58.5,109807.7,137259.7,549038.7
90,Company_90,Energy,Africa,2018,5243.3,-1.2,7148.0,-21.9,26.6,14.4,31.2,34.3,5764177.2,1729253.2,57641771.8
545,Company_545,Manufacturing,North America,2025,6202.3,14.5,9869.6,-2.8,61.7,49.7,75.0,60.3,1585168.9,2113558.6,26419481.9
481,Company_481,Transportation,Middle East,2017,608.8,1.7,178.9,21.3,18.3,21.4,13.6,19.9,383544.1,63924.0,1278480.4
8,Company_8,Healthcare,Europe,2017,7077.8,10.7,14011.4,-4.3,76.8,71.8,92.2,66.6,493832.6,493832.6,987665.3
571,Company_571,Retail,Middle East,2025,3435.3,-0.9,10542.9,13.6,47.3,96.0,27.0,19.1,181444.1,90722.0,362888.1
9,Company_9,Technology,North America,2018,2575.4,14.1,5543.0,23.5,63.5,40.8,81.7,68.1,117733.8,70640.3,235467.6
718,Company_718,Healthcare,Middle East,2017,1582.8,24.2,4564.9,23.9,42.8,57.7,56.4,14.3,125965.7,125965.7,251931.3
207,Company_207,Consumer Goods,North America,2015,904.7,11.1,2357.4,,63.9,65.4,48.5,77.7,134241.3,167801.6,671206.4
506,Company_506,Retail,North America,2019,6378.6,11.6,14560.0,21.9,61.8,25.8,77.1,82.6,650150.4,325075.2,1300300.8
645,Company_645,Finance,Middle East,2023,18044.3,6.2,20903.9,1.5,41.1,85.5,32.4,5.4,217176.9,108588.5,542942.3
550,Company_550,Consumer Goods,Asia,2017,735.1,17.0,3026.0,0.3,68.5,51.2,76.8,77.4,123688.1,154610.1,618440.5
24,Company_24,Technology,Middle East,2023,15013.1,21.9,106974.2,-0.0,56.8,88.4,30.7,51.4,436094.0,261656.4,872188.0
195,Company_195,Transportation,Middle East,2023,1741.6,7.6,1872.4,11.1,25.3,19.3,14.9,41.7,1112502.6,185417.1,3708342.0
304,Company_304,Technology,Asia,2019,8894.5,8.4,25510.8,0.4,54.3,91.6,29.8,41.6,248642.2,149185.3,497284.4
336,Company_336,Retail,North America,2021,2689.6,9.3,4815.6,-2.4,60.9,56.8,58.2,67.6,215777.3,107888.6,431554.5
954,Company_954,Utilities,Latin America,2025,1102.1,10.4,1120.3,-2.0,53.5,39.8,64.2,56.5,812349.4,507718.4,8123493.8
745,Company_745,Utilities,Middle East,2016,3399.0,12.9,4412.6,4.5,38.7,50.6,29.1,36.4,2300214.1,1437633.8,23002140.9
511,Company_511,Healthcare,Europe,2019,2700.0,0.8,401.8,2.1,79.2,78.0,95.2,64.3,176575.1,176575.1,353150.1
207,Company_207,Consumer Goods,North America,2017,1112.1,7.8,983.8,12.0,67.9,71.2,50.5,81.8,156049.7,195062.1,780248.3
41,Company_41,Energy,North America,2020,7459.6,12.4,8666.2,-3.8,57.0,40.5,46.0,84.6,6837896.1,2051368.8,68378961.0
600,Company_600,Technology,Africa,2022,5188.9,8.4,15167.3,2.0,59.2,91.2,74.2,12.2,145761.1,87456.7,291522.2
738,Company_738,Consumer Goods,Middle East,2024,558.3,22.4,1688.3,4.4,38.8,25.0,32.8,58.8,114465.7,143082.1,572328.4
419,Company_419,Healthcare,North America,2021,2509.2,4.3,1733.7,-0.4,49.0,22.9,70.9,53.1,260810.9,260810.9,521621.8
339,Company_339,Finance,Europe,2021,2748.1,12.0,3972.6,-7.4,72.5,68.6,61.6,87.2,39575.9,19788.0,98939.8
797,Company_797,Manufacturing,North America,2016,1684.2,11.5,2046.2,12.7,60.2,48.2,50.5,82.0,435871.2,581161.7,7264520.8
473,Company_473,Retail,Asia,2023,707.4,6.4,1049.0,5.5,61.0,86.1,65.3,31.6,42268.9,21134.4,84537.8
324,Company_324,Energy,Middle East,2017,2667.3,8.2,3541.9,-3.4,63.1,84.9,35.5,68.8,1614703.7,484411.1,16147037.2
734,Company_734,Consumer Goods,Oceania,2023,1268.4,10.1,1765.9,4.1,66.0,42.5,80.2,75.3,228895.8,286119.8,1144479.0
146,Company_146,Consumer Goods,Africa,2018,993.1,18.0,3230.2,3.4,46.3,34.8,32.7,71.4,189980.2,237475.3,949901.1
987,Company_987,Consumer Goods,Africa,2020,1309.3,16.9,3917.0,-0.4,52.3,62.2,54.5,40.1,200138.1,250172.6,1000690.3
155,Company_155,Finance,Latin America,2022,6863.1,6.3,8345.8,1.6,66.7,68.8,97.7,33.7,98589.5,49294.7,246473.7
621,Company_621,Transportation,North America,2017,574.0,6.5,332.4,2.3,62.5,32.0,75.4,80.0,336049.4,56008.2,1120164.8
925,Company_925,Utilities,Africa,2017,816.5,12.7,1447.7,18.8,37.2,51.6,49.4,10.8,547800.0,342375.0,5478000.3
367,Company_367,Utilities,Latin America,2021,1050.1,12.3,1169.4,2.2,67.2,62.4,78.0,61.1,640885.7,400553.6,6408857.5
230,Company_230,Transportation,Europe,2022,421.7,4.2,272.8,6.2,73.2,50.6,74.5,94.6,214050.9,35675.2,713503.0
595,Company_595,Consumer Goods,Oceania,2018,3034.0,21.3,8551.9,11.5,78.0,60.5,89.4,83.9,471180.2,588975.3,2355901.1
439,Company_439,Utilities,North America,2023,957.0,7.6,606.3,12.2,84.1,73.3,79.0,100.0,526050.5,328781.6,5260505.4
464,Company_464,Energy,Europe,2020,20253.3,19.6,75066.6,14.6,69.9,57.2,73.7,78.9,16196377.7,4858913.3,161963776.9
7,Company_7,Healthcare,Oceania,2017,5192.0,6.4,7750.2,2.2,53.9,77.8,38.1,45.7,340222.4,340222.4,680444.7
107,Company_107,Finance,Asia,2017,12219.0,16.4,26552.0,11.7,60.7,98.1,55.3,28.5,125359.4,62679.7,313398.6
350,Company_350,Utilities,Latin America,2024,3095.4,14.2,5030.1,6.4,35.5,55.7,29.9,20.9,2006567.8,1254104.9,20065678.2
5,Company_5,Finance,Middle East,2019,2746.9,21.3,11365.5,-0.4,46.0,77.0,20.4,40.7,36325.1,18162.6,90812.9
708,Company_708,Retail,North America,2020,772.9,13.4,1961.3,10.8,79.8,70.2,85.2,84.0,54749.4,27374.7,109498.7
96,Company_96,Manufacturing,Middle East,2023,2151.1,-2.8,9512.0,7.0,76.8,88.5,54.1,87.9,374787.3,499716.4,6246455.4
8,Company_8,Healthcare,Europe,2022,6583.8,10.3,8606.9,2.9,79.6,75.2,95.3,68.3,443275.8,443275.8,886551.6
287,Company_287,Transportation,Africa,2018,494.1,-6.0,1495.7,-14.4,43.9,64.2,46.2,21.3,222549.0,37091.5,741830.1
489,Company_489,Consumer Goods,Asia,2023,1710.1,8.4,2827.2,1.5,70.9,60.0,67.5,85.1,266877.2,333596.5,1334386.1
81,Company_81,Healthcare,Europe,2015,5337.6,7.1,7114.3,,74.3,73.7,77.4,71.7,365061.3,365061.3,730122.7
242,Company_242,Finance,Latin America,2015,344.9,16.5,977.1,,42.3,83.4,32.4,11.2,4251.6,2125.8,10628.9
860,Company_860,Consumer Goods,Oceania,2024,2760.7,12.2,4410.7,6.2,40.9,11.0,48.1,63.7,620002.1,775002.6,3100010.5
222,Company_222,Technology,Asia,2023,22326.5,8.0,30885.8,16.5,49.1,92.7,20.4,34.3,614956.5,368973.9,1229913.1
904,Company_904,Utilities,Europe,2025,1982.5,-1.9,4399.7,9.4,50.9,45.4,53.9,53.5,1399442.6,874651.6,13994426.1
419,Company_419,Healthcare,North America,2018,2470.3,11.4,4042.3,4.6,49.9,20.5,73.2,55.9,260940.9,260940.9,521881.9
522,Company_522,Transportation,Oceania,2023,257.2,-11.9,1070.1,-0.5,33.7,68.8,23.2,9.1,110903.6,18483.9,369678.7
134,Company_134,Healthcare,Asia,2019,5553.1,15.0,11450.2,12.5,67.3,80.6,56.7,64.8,353130.7,353130.7,706261.4
723,Company_723,Manufacturing,Asia,2018,6317.3,16.4,18132.4,3.8,71.8,56.4,90.0,68.8,1525386.7,2033848.9,25423111.5
391,Company_391,Retail,Oceania,2016,815.1,5.6,801.7,-1.5,43.9,32.2,57.2,42.5,79465.6,39732.8,158931.2
222,Company_222,Technology,Asia,2025,24496.5,6.7,52956.5,-0.6,51.8,97.7,20.5,37.2,632173.4,379304.0,1264346.8
707,Company_707,Utilities,Europe,2018,1599.7,6.0,1395.7,-4.3,74.9,57.3,92.3,75.0,1022524.9,639078.1,10225249.0
518,Company_518,Utilities,Middle East,2023,335.2,6.8,200.5,-5.2,56.9,91.6,47.8,31.3,149890.8,93681.7,1498907.9
21,Company_21,Energy,Asia,2025,1100.4,16.6,3066.5,-10.5,37.0,31.3,42.1,37.7,1079769.8,323930.9,10797698.2
121,Company_121,Retail,Oceania,2015,724.8,3.7,384.4,,48.2,28.2,78.4,38.0,72640.0,36320.0,145280.0
4,Company_4,Technology,Africa,2023,5844.2,26.5,34781.6,2.3,62.6,100.0,64.1,23.8,146104.4,87662.6,292208.7
277,Company_277,Transportation,Middle East,2018,535.7,6.8,361.4,17.8,37.5,68.2,41.0,3.4,232331.4,38721.9,774438.1
71,Company_71,Consumer Goods,Latin America,2022,3212.1,9.4,4839.2,-2.4,45.4,63.2,27.1,45.7,486482.1,608102.6,2432410.3
897,Company_897,Utilities,Oceania,2020,593.7,5.1,284.6,2.6,77.6,77.9,80.2,74.6,310912.0,194320.0,3109120.1
216,Company_216,Transportation,Asia,2022,2709.5,-3.2,11400.6,0.9,55.0,9.5,76.5,79.0,1842479.6,307079.9,6141598.8
158,Company_158,Energy,Oceania,2017,5993.7,4.4,4674.3,14.9,52.0,22.6,90.7,42.7,6244823.2,1873446.9,62448231.6
892,Company_892,Transportation,Latin America,2021,906.2,2.2,267.2,-0.9,36.6,23.9,62.2,23.7,561319.8,93553.3,1871066.0
326,Company_326,Finance,Asia,2018,2204.0,17.7,7478.8,7.0,61.1,94.8,35.1,53.5,23643.9,11821.9,59109.7
53,Company_53,Utilities,North America,2022,728.6,8.8,846.4,-8.3,74.4,32.2,100.0,91.2,568109.1,355068.2,5681090.6
940,Company_940,Healthcare,Asia,2018,551.9,11.1,762.7,-5.3,49.2,52.5,47.4,47.7,45957.9,45957.9,91915.9
647,Company_647,Energy,North America,2019,10735.2,-0.3,38370.6,-14.7,52.5,30.3,53.6,73.6,10601925.5,3180577.7,106019255.3
663,Company_663,Finance,Asia,2016,10340.4,13.9,16715.7,15.7,64.8,97.9,73.8,22.8,106499.3,53249.7,266248.3
280,Company_280,Transportation,Africa,2024,493.1,31.9,2948.5,-3.5,56.2,100.0,46.1,22.5,147921.6,24653.6,493072.0
501,Company_501,Retail,Europe,2023,746.0,3.7,334.1,13.6,51.6,34.4,85.8,34.7,71549.6,35774.8,143099.1
731,Company_731,Finance,Middle East,2019,4351.4,20.3,13690.7,7.8,76.6,100.0,38.7,91.1,43513.6,21756.8,108784.1
632,Company_632,Transportation,Europe,2025,2232.6,-5.0,2337.0,2.2,57.6,64.4,34.6,73.8,1004070.9,167345.2,3346903.1
261,Company_261,Utilities,Asia,2022,793.0,9.1,600.3,20.6,55.2,42.6,78.6,44.5,572154.2,357596.4,5721542.3
136,Company_136,Manufacturing,Latin America,2021,757.1,9.0,896.7,8.0,53.0,52.9,51.9,54.1,188464.1,251285.5,3141068.8
790,Company_790,Finance,Latin America,2023,8394.4,26.5,38903.8,-8.7,59.6,90.0,39.3,49.5,95749.8,47874.9,239374.4
623,Company_623,Consumer Goods,North America,2020,703.8,7.8,972.7,5.0,55.3,29.6,48.9,87.3,139720.8,174651.0,698603.8
6,Company_6,Transportation,Oceania,2021,2466.6,-8.5,7550.0,-3.8,70.8,64.2,75.3,72.9,1110593.7,185099.0,3701979.0
488,Company_488,Utilities,Oceania,2017,2125.8,15.5,4889.6,-10.7,49.8,45.2,50.3,53.7,1502444.8,939028.0,15024448.0
316,Company_316,Healthcare,Africa,2023,21670.5,18.4,96851.3,26.2,54.8,69.6,43.1,51.7,1544675.0,1544675.0,3089349.9
443,Company_443,Consumer Goods,Oceania,2020,1236.8,20.7,3047.8,-11.3,49.8,24.2,72.3,52.8,254866.4,318583.0,1274332.1
723,Company_723,Manufacturing,Asia,2020,7951.0,18.4,14745.1,17.0,73.2,58.4,89.8,71.3,1887978.0,2517304.0,31466299.4
37,Company_37,Energy,Oceania,2021,6869.8,7.9,8351.7,-13.5,74.9,50.7,80.0,93.9,5803707.6,1741112.3,58037075.8
31,Company_31,Transportation,Middle East,2017,2708.7,1.7,705.6,-7.1,26.8,31.3,14.9,34.4,1594740.5,265790.1,5315801.6
190,Company_190,Technology,North America,2020,3840.4,16.2,18295.1,-2.7,75.0,88.7,64.9,71.4,111134.4,66680.6,222268.8
278,Company_278,Utilities,Europe,2025,1968.6,10.4,2004.2,-1.0,44.2,18.9,49.8,63.7,1681039.5,1050649.7,16810395.5
600,Company_600,Technology,Africa,2020,4661.1,10.0,7694.6,2.2,57.4,89.2,75.6,7.4,134134.5,80480.7,268268.9
751,Company_751,Transportation,Asia,2022,187.9,-2.2,928.6,-2.1,46.2,14.4,85.4,38.9,123895.1,20649.2,412983.7
419,Company_419,Healthcare,North America,2023,2641.5,2.7,1370.9,4.3,50.4,25.4,70.0,55.8,270022.6,270022.6,540045.3
15,Company_15,Healthcare,Oceania,2025,11489.1,28.7,61972.3,23.7,58.6,85.1,50.4,40.3,694213.6,694213.6,1388427.2
471,Company_471,Utilities,Africa,2019,1312.6,16.4,2511.7,2.3,38.0,30.9,63.1,20.0,1032875.6,645547.3,10328756.2
247,Company_247,Consumer Goods,Asia,2024,832.1,5.2,1000.2,5.2,48.4,49.7,52.7,42.7,141792.9,177241.2,708964.6
894,Company_894,Healthcare,North America,2024,13774.5,15.5,43462.2,6.4,81.0,75.3,100.0,67.6,927289.1,927289.1,1854578.3
576,Company_576,Finance,Asia,2020,3642.3,14.6,10247.5,-10.5,63.4,100.0,39.9,50.3,36423.4,18211.7,91058.5
569,Company_569,Energy,Asia,2020,11699.6,39.2,41003.7,14.3,31.4,35.6,35.3,23.2,11126033.7,3337810.1,111260336.9
750,Company_750,Finance,Africa,2018,6475.6,23.7,26985.1,-2.9,69.8,78.0,71.6,59.8,84667.3,42333.6,211668.1
302,Company_302,Energy,Latin America,2021,2009.4,16.1,5080.6,-3.5,11.7,19.2,15.7,0.0,2140680.4,642204.1,21406804.4
804,Company_804,Energy,Europe,2022,8257.8,39.6,52704.0,12.6,69.6,45.0,74.4,89.3,7306273.9,2191882.2,73062739.1
622,Company_622,Transportation,Latin America,2022,1570.1,10.5,2173.5,-1.3,26.4,19.2,19.9,40.2,1003548.4,167258.1,3345161.4
681,Company_681,Consumer Goods,North America,2016,1661.6,14.0,3608.6,7.0,46.2,11.5,64.8,62.3,372043.3,465054.1,1860216.6
677,Company_677,Utilities,Oceania,2017,3266.6,10.2,3451.3,-5.4,42.2,30.1,31.0,65.6,2585822.4,1616139.0,25858224.1
358,Company_358,Utilities,Middle East,2022,1713.7,8.9,1311.8,-2.8,49.5,37.3,30.8,80.4,1286997.8,804373.6,12869977.9
251,Company_251,Transportation,Asia,2020,754.8,8.1,843.3,2.0,50.7,19.3,57.7,75.0,482331.3,80388.6,1607771.1
966,Company_966,Manufacturing,Oceania,2025,625.1,4.9,508.4,-10.3,82.7,94.0,90.6,63.4,101587.9,135450.6,1693132.0
763,Company_763,Technology,Oceania,2015,1503.4,25.7,13525.0,,60.5,86.7,28.3,66.5,44564.1,26738.4,89128.1
122,Company_122,Energy,Europe,2018,4505.2,-3.4,3727.8,11.7,55.7,41.4,71.6,54.2,4099257.7,1229777.3,40992576.7
771,Company_771,Transportation,Middle East,2025,284.6,26.3,1399.3,-15.5,33.6,26.5,12.4,61.8,173208.8,28868.1,577362.6
261,Company_261,Utilities,Asia,2019,773.9,11.3,1048.7,3.6,54.4,42.1,78.0,43.0,560391.7,350244.8,5603917.4
151,Company_151,Healthcare,Latin America,2024,13106.9,0.2,459.0,18.8,38.6,47.6,55.0,13.0,1135677.8,1135677.8,2271355.6
508,Company_508,Utilities,Europe,2021,348.6,8.7,268.1,9.2,56.2,19.3,66.0,83.4,296978.2,185611.4,2969781.8
69,Company_69,Energy,North America,2020,7640.0,22.3,26006.7,5.9,45.4,9.5,63.4,63.2,8657998.1,2597399.4,86579980.6
279,Company_279,Consumer Goods,Africa,2021,1837.5,2.1,429.5,-6.8,42.7,63.3,40.1,24.7,278080.2,347600.2,1390401.0
729,Company_729,Consumer Goods,Oceania,2015,5723.4,6.8,7781.1,,62.4,84.0,90.3,12.9,700345.8,875432.3,3501729.1
264,Company_264,Consumer Goods,Middle East,2023,2976.1,22.3,13980.9,2.2,53.7,67.5,66.0,27.5,433162.8,541453.5,2165814.0
645,Company_645,Finance,Middle East,2024,17539.8,6.3,9490.7,-2.8,40.7,84.7,30.6,6.8,213001.0,106500.5,532502.5
748,Company_748,Healthcare,Middle East,2016,718.5,19.0,1417.4,4.5,37.4,72.6,25.1,14.4,49702.8,49702.8,99405.7
65,Company_65,Transportation,Europe,2017,737.9,1.6,172.0,-6.2,64.8,32.7,92.9,68.7,430074.6,71679.1,1433582.0
633,Company_633,Utilities,Europe,2020,293.3,9.0,270.8,2.7,63.1,54.0,63.0,72.5,192929.4,120580.9,1929294.3
271,Company_271,Healthcare,Europe,2018,4284.0,29.8,14222.1,2.1,57.0,61.9,52.5,56.7,328449.3,328449.3,656898.6
964,Company_964,Technology,Middle East,2024,7934.7,14.6,31022.7,3.4,53.1,86.3,52.6,20.3,236497.1,141898.3,472994.2
390,Company_390,Energy,Asia,2017,4326.0,28.3,19462.1,-7.8,25.1,23.5,30.5,21.3,4478870.5,1343661.1,44788704.9
857,Company_857,Retail,Europe,2025,3558.2,0.1,25.4,4.8,77.2,49.4,96.5,85.7,304048.6,152024.3,608097.2
322,Company_322,Consumer Goods,Middle East,2019,1260.7,4.6,1106.1,-12.0,48.0,67.9,37.2,38.9,182793.2,228491.5,913965.9
707,Company_707,Utilities,Europe,2022,1898.6,3.8,1055.1,-4.9,80.6,61.3,97.5,83.0,1170693.8,731683.6,11706938.2
822,Company_822,Finance,Latin America,2023,1034.4,16.1,3252.8,19.6,58.1,51.2,80.4,42.7,17408.8,8704.4,43522.0
725,Company_725,Finance,Oceania,2019,8794.9,11.7,13494.9,2.5,85.0,97.3,94.1,63.6,91288.6,45644.3,228221.4
988,Company_988,Consumer Goods,Europe,2022,13854.9,7.0,12595.7,12.5,74.7,77.9,48.6,97.5,1814162.4,2267703.0,9070811.9
373,Company_373,Energy,Africa,2021,10337.5,20.0,39918.7,11.3,51.8,48.2,52.9,54.4,8919165.5,2675749.6,89191654.9
960,Company_960,Energy,Asia,2018,11545.3,18.5,25501.9,4.8,44.5,12.2,64.1,57.2,12866846.1,3860053.8,128668461.3
287,Company_287,Transportation,Africa,2020,365.9,-0.3,1533.4,-15.6,47.3,65.0,47.8,29.1,163547.9,27258.0,545159.7
419,Company_419,Healthcare,North America,2022,2532.7,1.8,539.3,0.9,50.0,21.6,73.7,54.8,265685.1,265685.1,531370.2
957,Company_957,Technology,Latin America,2019,854.4,14.1,3313.3,7.6,49.5,79.6,42.3,26.5,27456.0,16473.6,54911.9
900,Company_900,Utilities,Middle East,2023,576.2,24.7,1470.4,-11.4,25.9,14.1,27.9,35.7,507739.7,317337.3,5077396.7
346,Company_346,Transportation,Asia,2019,744.9,-1.2,453.5,3.0,63.0,66.1,28.0,94.8,329459.3,54909.9,1098197.8
366,Company_366,Manufacturing,Africa,2022,962.7,4.8,949.7,-3.6,23.2,29.1,13.1,27.5,287801.3,383735.1,4796688.7
562,Company_562,Transportation,Africa,2020,371.4,16.4,1178.4,5.6,20.3,20.5,19.4,20.9,235368.9,39228.2,784563.1
167,Company_167,Energy,North America,2023,12884.8,-0.2,35503.5,19.2,45.4,17.8,68.2,50.3,13857792.9,4157337.9,138577929.1
98,Company_98,Energy,North America,2022,15491.2,7.2,10192.5,12.1,44.8,14.8,55.9,63.7,16986774.2,5096032.3,169867741.8
834,Company_834,Technology,Oceania,2017,9997.3,18.2,43188.8,17.6,81.2,100.0,58.7,84.8,249931.8,149959.1,499863.6
313,Company_313,Utilities,Europe,2021,651.0,9.2,589.3,10.2,74.0,77.0,69.2,75.7,344443.6,215277.2,3444436.0
816,Company_816,Manufacturing,Middle East,2022,3880.3,2.7,1762.4,4.4,24.3,45.5,18.4,9.1,1026491.7,1368655.7,17108195.8
615,Company_615,Transportation,Europe,2020,910.7,-5.3,2541.4,3.8,80.0,53.7,86.3,100.0,450452.0,75075.3,1501506.7
809,Company_809,Utilities,Asia,2017,448.0,15.5,941.0,12.7,46.8,48.7,54.0,37.8,307820.7,192388.0,3078207.5
221,Company_221,Healthcare,Middle East,2024,6436.9,18.6,21727.1,17.6,43.9,92.3,31.8,7.8,356623.8,356623.8,713247.7
23,Company_23,Healthcare,Asia,2019,1095.2,20.6,5309.9,7.2,56.5,54.0,48.4,67.1,90060.4,90060.4,180120.7
347,Company_347,Technology,Asia,2024,76569.4,23.3,504402.7,10.8,47.8,84.9,37.4,21.1,2319968.6,1391981.2,4639937.3
331,Company_331,Consumer Goods,Africa,2017,362.2,13.4,756.0,13.0,30.6,16.7,68.6,6.5,78480.7,98100.8,392403.3
599,Company_599,Transportation,Latin America,2021,332.8,-2.8,1652.0,-19.7,57.5,47.1,79.8,45.5,173812.2,28968.7,579373.9
206,Company_206,Manufacturing,North America,2022,973.4,17.3,3150.5,-1.0,75.4,40.6,86.9,98.7,267369.3,356492.4,4456154.8
205,Company_205,Energy,Asia,2017,11326.6,48.2,48314.8,11.9,31.8,48.8,11.4,35.1,9721289.0,2916386.7,97212890.1
76,Company_76,Technology,North America,2025,22155.4,34.2,248688.0,15.8,69.3,92.6,40.6,74.7,611552.6,366931.6,1223105.2
40,Company_40,Transportation,Oceania,2018,2856.7,1.6,707.3,14.7,52.6,28.2,70.7,58.7,1718642.3,286440.4,5728807.8
864,Company_864,Consumer Goods,Africa,2019,2215.1,13.0,3964.0,3.2,53.1,49.3,57.9,52.1,378628.7,473285.9,1893143.5
107,Company_107,Finance,Asia,2022,14836.8,21.4,44555.3,2.5,62.1,100.0,58.0,28.3,148368.3,74184.1,370920.7
421,Company_421,Retail,Africa,2017,1058.6,6.0,1304.3,8.8,69.9,65.0,74.3,70.4,78863.6,39431.8,157727.2
553,Company_553,Retail,Africa,2023,3535.6,10.3,4063.4,0.9,57.1,53.2,61.1,56.9,292719.1,146359.5,585438.1
607,Company_607,Healthcare,Europe,2015,16260.7,20.8,37105.0,,85.7,85.7,92.5,79.0,975631.0,975631.0,1951262.1
378,Company_378,Technology,Oceania,2025,2554.2,36.6,27445.4,0.8,95.3,91.3,98.8,95.8,71639.1,42983.5,143278.2
979,Company_979,Energy,Middle East,2023,19072.8,23.2,64155.1,8.2,50.4,52.3,50.6,48.4,15910432.2,4773129.7,159104321.8
999,Company_999,Finance,Asia,2021,5106.7,17.2,14494.9,-3.9,54.1,97.0,24.2,41.0,53176.5,26588.2,132941.1
392,Company_392,Consumer Goods,Latin America,2016,2020.2,9.4,2203.6,8.0,21.8,17.6,20.6,27.1,435125.9,543907.4,2175629.7
395,Company_395,Consumer Goods,North America,2025,2617.7,13.2,6704.2,-5.1,52.3,41.2,48.5,67.1,477376.0,596720.0,2386880.0
820,Company_820,Energy,Europe,2022,1334.4,-16.3,1038.2,11.6,55.9,30.6,56.2,80.8,1315836.4,394750.9,13158363.8
249,Company_249,Healthcare,Asia,2016,890.4,13.8,2314.1,7.7,53.1,59.8,48.8,50.8,69543.9,69543.9,139087.8
990,Company_990,Consumer Goods,Asia,2025,3723.8,16.2,10906.5,9.8,41.7,50.5,33.3,41.3,630212.6,787765.7,3151063.0
40,Company_40,Transportation,Oceania,2019,3110.5,3.3,1362.4,8.9,54.3,30.1,75.1,57.6,1845987.3,307664.6,6153291.0
761,Company_761,Technology,Africa,2015,37993.3,20.1,243096.3,,53.9,92.8,15.3,53.6,1045646.3,627387.8,2091292.7
911,Company_911,Manufacturing,Europe,2017,452.5,1.7,154.6,6.8,80.3,94.2,58.1,88.7,73375.5,97834.1,1222925.8
564,Company_564,Energy,Africa,2016,11329.3,10.2,16147.2,-4.3,36.5,40.3,26.0,43.1,10397990.7,3119397.2,103979906.5
862,Company_862,Finance,Latin America,2024,5492.8,14.1,10399.3,11.4,67.1,69.2,54.1,77.9,78611.6,39305.8,196529.0
831,Company_831,Manufacturing,Oceania,2025,2463.0,13.2,3972.4,-1.5,79.9,86.8,100.0,52.8,437724.1,583632.2,7295402.0
364,Company_364,Utilities,North America,2024,648.8,14.2,844.6,-10.3,62.1,5.5,85.9,95.0,602910.2,376818.9,6029102.0
122,Company_122,Energy,Europe,2016,3390.3,-0.9,3942.1,18.3,58.1,40.7,73.5,60.0,3102149.9,930645.0,31021498.5
582,Company_582,Healthcare,Oceania,2015,2148.2,21.5,4974.7,,74.0,86.9,54.0,81.1,127136.7,127136.7,254273.4
659,Company_659,Technology,Middle East,2025,8177.9,33.0,78802.9,0.9,46.3,86.0,16.3,36.7,244386.9,146632.1,488773.8
132,Company_132,Consumer Goods,Oceania,2017,919.8,6.5,976.0,-10.5,60.0,73.3,63.1,43.5,126361.7,157952.1,631808.3
540,Company_540,Utilities,Oceania,2022,1803.4,8.9,2000.9,7.8,73.4,78.4,99.1,42.8,939850.2,587406.4,9398502.1
383,Company_383,Energy,Middle East,2018,3104.3,31.7,19278.4,6.0,22.5,11.0,45.7,10.7,3485656.1,1045696.8,34856561.5
727,Company_727,Retail,Latin America,2019,1330.6,3.2,954.3,-1.3,71.6,82.5,55.0,77.2,82867.8,41433.9,165735.5
751,Company_751,Transportation,Asia,2021,192.0,-4.4,295.7,-12.7,45.1,14.2,83.1,37.9,126722.3,21120.4,422407.5
800,Company_800,Transportation,Asia,2024,3190.3,15.7,8209.9,-1.5,45.8,12.9,68.1,56.5,2124664.8,354110.8,7082216.2
234,Company_234,Utilities,Asia,2021,424.6,14.2,617.4,11.5,36.6,29.6,25.8,54.5,337325.2,210828.2,3373251.6
334,Company_334,Technology,Africa,2018,17753.7,22.3,114505.6,-0.9,33.7,56.9,36.1,8.0,711584.4,426950.6,1423168.8
929,Company_929,Manufacturing,North America,2020,967.5,9.6,1081.2,14.1,64.5,43.1,86.5,63.9,260777.3,347703.0,4346287.9
223,Company_223,Transportation,Latin America,2019,305.7,7.1,257.2,-8.5,32.9,28.6,61.3,8.8,183425.0,30570.8,611416.7
916,Company_916,Manufacturing,Oceania,2025,1468.4,10.5,2211.3,7.5,73.4,33.8,99.9,86.7,424506.8,566009.0,7075113.0
735,Company_735,Finance,Middle East,2016,4025.7,15.1,6614.0,5.6,49.0,100.0,16.6,30.3,40257.1,20128.6,100642.8
810,Company_810,Healthcare,Africa,2018,4537.8,12.5,7781.8,2.7,31.6,58.0,6.5,30.2,360321.3,360321.3,720642.7
289,Company_289,Healthcare,Asia,2019,3004.7,18.7,11972.0,-16.2,32.6,27.4,18.4,52.0,302869.4,302869.4,605738.8
112,Company_112,Retail,Europe,2017,406.6,-1.3,1046.7,7.1,50.9,24.0,30.1,98.5,41958.1,20979.0,83916.1
426,Company_426,Transportation,Middle East,2020,1526.2,17.1,5192.6,9.1,27.0,38.1,25.0,18.0,854689.1,142448.2,2848963.5
50,Company_50,Consumer Goods,North America,2020,1240.0,24.8,7104.7,-0.1,66.2,71.9,55.8,70.8,172790.6,215988.2,863952.9
110,Company_110,Healthcare,Middle East,2020,2754.4,18.0,7308.9,4.0,26.8,53.3,9.4,17.6,227770.4,227770.4,455540.8
405,Company_405,Finance,Europe,2025,3483.4,13.2,4404.0,-6.0,90.5,100.0,77.6,93.9,34834.2,17417.1,87085.6
466,Company_466,Consumer Goods,Oceania,2021,1760.6,5.0,1156.8,2.9,60.5,68.8,88.6,24.1,253046.0,316307.5,1265229.9
912,Company_912,Finance,North America,2021,1179.1,22.1,3312.6,-2.1,73.9,91.8,47.6,82.2,13147.6,6573.8,32869.1
240,Company_240,Transportation,Oceania,2023,3114.5,14.4,7408.8,16.7,50.6,43.8,48.6,59.4,1669530.0,278255.0,5565099.9
969,Company_969,Technology,Africa,2022,6680.0,17.3,28754.0,7.0,42.4,95.2,12.6,19.3,178139.3,106883.6,356278.5
959,Company_959,Manufacturing,Middle East,2018,1320.3,20.7,5680.1,-1.7,45.6,41.1,37.7,58.0,361468.6,481958.1,6024476.2
834,Company_834,Technology,Oceania,2021,13933.0,15.1,36790.4,11.8,85.0,100.0,69.0,85.9,348324.8,208994.9,696649.5
904,Company_904,Utilities,Europe,2022,1687.5,-1.3,8417.3,6.1,51.7,49.2,51.4,54.6,1155446.2,722153.9,11554462.1
874,Company_874,Manufacturing,Europe,2015,1014.5,9.8,1125.0,,46.7,23.9,52.0,64.3,314256.3,419008.3,5237604.3
80,Company_80,Utilities,Europe,2023,1390.1,2.4,482.9,12.8,69.3,40.1,92.6,75.3,1022079.8,638799.9,10220797.7
814,Company_814,Consumer Goods,Latin America,2021,1091.1,13.4,3203.9,9.4,63.0,47.4,94.3,47.4,189455.6,236819.5,947278.1
18,Company_18,Energy,Europe,2024,13785.1,15.1,20222.1,16.4,74.9,70.4,82.6,71.7,9745915.4,2923774.6,97459154.4
975,Company_975,Consumer Goods,Oceania,2025,2224.3,8.4,3193.4,7.7,79.9,74.8,64.9,100.0,300935.5,376169.4,1504677.6
308,Company_308,Finance,Asia,2021,2427.3,13.8,3895.9,-2.1,68.5,96.9,59.3,49.2,25339.4,12669.7,63348.6
642,Company_642,Retail,Europe,2025,1619.5,5.8,1293.9,-10.8,65.0,80.4,52.7,61.9,103186.1,51593.1,206372.3
695,Company_695,Manufacturing,Latin America,2016,679.4,12.3,1786.8,4.0,50.4,56.1,58.5,36.7,164497.7,219330.2,2741627.6
273,Company_273,Transportation,Latin America,2020,431.7,0.6,48.3,0.5,50.1,36.5,90.8,23.0,244720.4,40786.7,815734.7
556,Company_556,Transportation,Asia,2020,2480.7,0.5,235.8,-0.3,43.0,40.5,53.7,34.8,1363682.6,227280.4,4545608.8
234,Company_234,Utilities,Asia,2023,509.6,15.5,1049.8,5.3,37.4,28.1,25.3,58.7,409050.7,255656.7,4090507.3
434,Company_434,Transportation,Latin America,2023,840.4,4.8,581.9,12.8,56.4,37.5,55.0,76.8,472647.4,78774.6,1575491.4
865,Company_865,Consumer Goods,Asia,2018,1396.9,-2.1,4508.2,-4.7,46.5,23.9,64.6,50.9,288455.9,360569.8,1442279.3
938,Company_938,Consumer Goods,North America,2025,2144.8,17.4,7918.1,3.9,68.2,41.2,92.8,70.7,390944.5,488680.7,1954722.7
743,Company_743,Finance,Europe,2016,7723.6,12.6,7971.0,18.5,66.0,63.3,82.2,52.6,116922.8,58461.4,292307.1
381,Company_381,Utilities,Oceania,2025,3331.7,3.4,1106.8,14.8,56.1,16.2,79.9,72.0,2896559.6,1810349.8,28965596.2
754,Company_754,Transportation,Asia,2020,1394.2,10.2,2203.5,8.2,54.0,53.7,54.3,54.1,689603.4,114933.9,2298677.9
244,Company_244,Energy,Europe,2024,14282.0,-10.9,47892.4,11.8,63.9,44.8,81.8,65.2,12661144.3,3798343.3,126611442.7
229,Company_229,Finance,Africa,2015,2224.8,12.7,5189.0,,31.1,46.8,10.4,36.1,38819.4,19409.7,97048.4
398,Company_398,Finance,Latin America,2021,1345.1,9.1,1853.4,11.0,70.5,100.0,99.3,12.1,13450.9,6725.5,33627.4
735,Company_735,Finance,Middle East,2025,3168.8,11.6,7284.6,0.3,49.8,94.5,19.8,35.0,34105.5,17052.8,85263.9
534,Company_534,Manufacturing,Africa,2015,1526.4,10.7,3178.2,,34.3,3.0,81.9,18.0,539924.1,719898.7,8998734.4
114,Company_114,Energy,North America,2016,2657.7,7.6,3448.4,-20.1,70.5,68.5,65.5,77.5,1915572.8,574671.8,19155727.9
410,Company_410,Manufacturing,Africa,2020,2899.9,14.4,9053.3,2.4,31.7,24.1,60.7,10.1,897090.9,1196121.1,14951514.3
884,Company_884,Consumer Goods,North America,2015,3825.0,7.9,7135.9,,58.4,42.2,71.7,61.4,692133.2,865166.4,3460665.8
375,Company_375,Transportation,Middle East,2022,357.3,2.9,112.8,-10.9,19.3,8.7,26.1,23.1,244230.3,40705.0,814100.9
711,Company_711,Consumer Goods,Africa,2019,3955.0,7.3,6630.6,-2.6,48.4,37.5,53.5,54.3,741595.9,926994.9,3707979.5
415,Company_415,Energy,North America,2023,2303.2,-3.8,6721.6,-1.2,48.8,39.4,81.4,25.6,2128502.1,638550.6,21285021.0
654,Company_654,Energy,Oceania,2017,2532.2,23.7,8054.6,-14.1,57.2,60.3,39.3,72.0,1969096.6,590729.0,19690965.6
482,Company_482,Energy,Europe,2016,6807.3,4.7,3090.0,-2.7,77.4,72.4,80.5,79.3,4718540.3,1415562.1,47185402.7
24,Company_24,Technology,Middle East,2016,11745.1,20.4,67390.9,-0.3,49.7,84.8,20.9,43.5,356269.3,213761.6,712538.7
402,Company_402,Technology,Asia,2016,1112.6,24.3,7178.8,7.8,28.4,16.8,37.9,30.4,60226.4,36135.8,120452.8
513,Company_513,Healthcare,Europe,2018,1683.9,23.1,5729.2,1.3,51.9,37.8,61.7,56.2,157569.8,157569.8,315139.7
828,Company_828,Technology,Oceania,2020,11603.8,23.7,67530.0,22.6,84.5,88.2,80.9,84.3,338055.0,202833.0,676110.0
70,Company_70,Retail,Africa,2015,905.6,3.2,488.2,,40.2,43.0,30.9,46.5,81390.0,40695.0,162780.0
60,Company_60,Manufacturing,Middle East,2020,1175.1,15.7,3175.4,1.3,31.4,49.1,39.6,5.4,301905.8,402541.1,5031763.7
810,Company_810,Healthcare,Africa,2015,4491.9,12.1,8934.3,,30.5,54.4,6.1,31.0,368032.9,368032.9,736065.7
310,Company_310,Energy,Africa,2017,1543.4,8.0,1513.6,12.0,45.9,66.5,44.5,26.6,1133105.8,339931.7,11331058.1
130,Company_130,Manufacturing,Asia,2016,2002.1,17.9,7066.6,-7.9,28.4,7.3,27.2,50.6,689927.5,919903.3,11498791.4
277,Company_277,Transportation,Middle East,2023,730.3,4.3,617.5,-5.8,37.9,66.0,42.1,5.7,323521.7,53920.3,1078405.8
258,Company_258,Healthcare,Latin America,2018,3492.5,13.3,7070.1,4.3,51.9,77.4,44.6,33.6,229840.6,229840.6,459681.3
772,Company_772,Transportation,Asia,2022,961.6,-0.8,526.6,-1.5,39.2,28.2,20.1,69.5,578607.4,96434.6,1928691.2
30,Company_30,Transportation,Middle East,2024,1204.6,-0.5,4785.1,9.4,32.1,11.3,73.2,11.7,810345.5,135057.6,2701151.5
944,Company_944,Finance,Europe,2021,2326.1,12.2,4258.1,-12.3,56.0,100.0,19.9,48.2,23260.8,11630.4,58152.1
741,Company_741,Retail,Latin America,2024,1059.2,12.8,2362.8,1.9,57.5,64.7,71.6,36.1,79165.0,39582.5,158330.0
275,Company_275,Healthcare,Middle East,2020,3734.3,23.0,14484.8,22.8,48.7,86.3,20.5,39.3,222444.2,222444.2,444888.4
276,Company_276,Transportation,North America,2019,954.4,3.8,389.9,-12.9,50.0,13.4,96.1,40.5,633560.3,105593.4,2111867.5
240,Company_240,Transportation,Oceania,2022,2668.2,13.9,6524.3,17.2,49.8,45.2,46.1,58.2,1414716.0,235786.0,4715719.9
1000,Company_1000,Consumer Goods,Latin America,2016,2459.4,14.7,8024.3,3.0,49.0,61.8,42.6,42.5,377376.2,471720.3,1886881.0
275,Company_275,Healthcare,Middle East,2019,3039.8,19.2,6149.6,7.1,48.1,85.8,19.3,39.0,182186.8,182186.8,364373.6
268,Company_268,Technology,Europe,2023,6836.3,11.0,24743.3,22.9,76.6,77.4,97.6,54.9,225070.0,135042.0,450139.9
333,Company_333,Technology,Africa,2022,20845.4,27.7,118502.3,12.7,54.6,91.0,55.5,17.2,586812.6,352087.5,1173625.1
760,Company_760,Manufacturing,Europe,2019,2523.8,3.8,1087.9,3.4,77.6,56.8,100.0,76.0,607758.3,810344.4,10129304.8
540,Company_540,Utilities,Oceania,2021,1673.5,10.2,1445.0,-2.8,72.5,77.8,97.8,41.9,877016.5,548135.3,8770165.0
928,Company_928,Healthcare,Oceania,2022,5767.6,29.9,32126.7,6.2,69.1,51.8,81.5,74.0,483080.5,483080.5,966161.0
243,Company_243,Transportation,Asia,2016,391.5,12.9,761.5,-1.5,35.1,9.8,27.6,67.9,265854.9,44309.2,886183.1
419,Company_419,Healthcare,North America,2024,2548.2,-1.3,10868.2,-3.5,51.5,26.2,73.6,54.8,259053.6,259053.6,518107.1
124,Company_124,Manufacturing,Africa,2024,1288.9,16.6,2904.2,2.0,40.2,59.7,44.2,16.8,302298.3,403064.4,5038304.4
910,Company_910,Finance,Oceania,2023,2950.0,17.2,5430.7,6.4,76.0,99.1,82.3,46.4,29856.1,14928.1,74640.3
317,Company_317,Technology,Middle East,2020,3750.9,22.8,19459.4,-3.9,71.5,99.1,79.6,35.8,94893.3,56936.0,189786.6
964,Company_964,Technology,Middle East,2023,7673.7,16.4,28288.7,8.1,52.4,85.0,51.8,20.4,232111.9,139267.2,464223.9
963,Company_963,Transportation,Africa,2024,5160.3,12.6,11652.0,3.8,37.6,25.3,41.0,46.5,3166546.3,527757.7,10555154.5
849,Company_849,Technology,Africa,2019,6367.8,24.8,30023.8,8.1,66.4,89.2,48.9,61.1,183365.9,110019.5,366731.8
409,Company_409,Healthcare,Europe,2016,15719.7,16.1,48543.5,13.0,61.4,64.5,49.8,70.0,1176677.5,1176677.5,2353355.1
619,Company_619,Healthcare,Oceania,2022,1023.5,5.1,711.6,-8.8,59.9,64.2,61.9,53.5,76795.7,76795.7,153591.5
262,Company_262,Transportation,Oceania,2024,1456.7,25.3,3801.5,10.4,58.9,47.0,58.7,71.1,761432.8,126905.5,2538109.2
308,Company_308,Finance,Asia,2019,2744.4,11.4,3108.5,9.0,71.6,98.8,64.2,51.8,27924.1,13962.0,69810.1
119,Company_119,Consumer Goods,Middle East,2019,1266.1,11.1,1453.5,0.6,35.7,53.2,35.0,18.9,209613.2,262016.5,1048065.9
712,Company_712,Healthcare,Asia,2022,3854.2,17.8,12860.6,0.8,59.6,59.7,51.5,67.5,301436.4,301436.4,602872.8
453,Company_453,Energy,Middle East,2015,2392.7,-0.3,5412.8,,22.0,11.7,29.4,24.8,2675865.0,802759.5,26758649.8
548,Company_548,Retail,Middle East,2016,3157.4,10.3,4076.1,24.2,26.1,46.2,22.5,9.7,276807.1,138403.6,553614.2
397,Company_397,Consumer Goods,Latin America,2025,8082.2,8.8,7301.8,-3.5,37.5,46.8,15.3,50.6,1410615.5,1763269.3,7053077.3
729,Company_729,Consumer Goods,Oceania,2020,8109.4,-0.6,6344.7,5.2,64.8,91.0,89.8,13.6,912773.3,1140966.6,4563866.3
295,Company_295,Finance,Europe,2016,2064.1,12.3,4258.6,11.9,75.7,85.2,72.0,69.8,24930.2,12465.1,62325.6
297,Company_297,Retail,Africa,2016,541.5,6.5,381.7,16.4,46.5,43.1,56.7,39.6,48656.0,24328.0,97311.9
603,Company_603,Utilities,North America,2020,849.4,11.5,800.5,-6.7,53.9,44.5,77.8,39.3,603806.0,377378.8,6038060.5
740,Company_740,Manufacturing,Africa,2022,533.4,18.0,1375.5,4.1,49.2,17.5,72.4,57.8,172409.5,229879.3,2873491.5
17,Company_17,Utilities,Oceania,2015,3577.1,12.7,3876.1,,62.9,55.9,87.3,45.4,2314884.0,1446802.5,23148840.2
40,Company_40,Transportation,Oceania,2021,3397.6,1.7,1087.5,13.1,55.1,31.1,77.4,56.7,2002287.7,333714.6,6674292.2
387,Company_387,Consumer Goods,Europe,2019,1126.1,12.1,1759.7,13.7,59.8,38.7,55.6,85.0,209179.3,261474.1,1045896.6
29,Company_29,Transportation,Oceania,2015,1572.4,11.2,3444.6,,25.0,6.2,58.4,10.6,1091477.3,181912.9,3638257.7
143,Company_143,Consumer Goods,Oceania,2018,1521.6,19.4,6750.5,2.3,66.0,86.5,53.8,57.8,180946.1,226182.6,904730.4
361,Company_361,Energy,Europe,2019,5548.5,-7.2,7390.5,-1.2,56.7,19.0,60.9,90.1,5919176.4,1775752.9,59191763.9
622,Company_622,Transportation,Latin America,2015,1624.0,3.8,1091.8,,20.5,14.3,17.9,29.4,1071646.1,178607.7,3572153.7
492,Company_492,Manufacturing,Africa,2017,2033.6,6.7,2985.1,17.3,47.1,15.0,74.7,51.5,667903.8,890538.4,11131729.4
821,Company_821,Manufacturing,Africa,2022,1356.2,14.3,2822.4,-4.9,35.2,47.4,23.9,34.4,353363.1,471150.8,5889385.2
55,Company_55,Finance,Latin America,2016,662.8,11.6,706.1,-7.1,73.8,99.2,73.9,48.1,6698.0,3349.0,16745.0
586,Company_586,Transportation,Africa,2018,749.0,-4.7,1064.2,3.0,39.3,54.7,30.0,33.2,367099.8,61183.3,1223665.9
966,Company_966,Manufacturing,Oceania,2022,695.8,6.5,766.8,-5.5,80.9,88.9,88.6,65.1,120538.6,160718.2,2008977.1
239,Company_239,Manufacturing,Latin America,2020,676.2,3.1,392.1,1.0,50.9,14.9,59.7,78.0,222261.9,296349.2,3704364.6
762,Company_762,Technology,North America,2015,7801.0,22.4,58045.4,,78.2,99.0,62.7,72.8,197741.7,118645.0,395483.4
917,Company_917,Energy,Middle East,2016,6103.0,8.5,7524.0,2.7,26.4,16.4,33.1,29.6,6623795.4,1987138.6,66237953.6
22,Company_22,Manufacturing,Latin America,2015,518.6,7.9,723.0,,51.5,67.8,37.4,49.2,112808.1,150410.8,1880134.9
17,Company_17,Utilities,Oceania,2018,3910.5,13.4,4504.2,1.4,65.2,59.6,89.8,46.2,2448835.7,1530522.3,24488357.2
68,Company_68,Manufacturing,Middle East,2015,3341.8,9.4,5715.5,,52.7,39.0,77.9,41.1,929427.1,1239236.2,15490452.4
667,Company_667,Consumer Goods,North America,2023,1547.6,3.7,892.1,3.8,39.1,50.9,41.2,25.3,261221.3,326526.7,1306106.7
725,Company_725,Finance,Oceania,2022,9000.5,17.4,15061.8,-4.6,86.9,96.6,99.0,65.2,94259.9,47130.0,235649.9
922,Company_922,Healthcare,Oceania,2024,981.9,13.2,2010.1,2.6,73.1,64.7,86.2,68.2,73366.9,73366.9,146733.8
878,Company_878,Consumer Goods,Asia,2020,1073.5,13.5,2124.6,23.6,25.2,6.8,36.0,32.9,247487.7,309359.7,1237438.7
669,Company_669,Retail,Middle East,2016,616.7,9.9,715.5,-5.7,37.3,40.8,28.6,42.5,56387.2,28193.6,112774.4
782,Company_782,Finance,Middle East,2018,7421.7,13.3,16894.7,10.5,55.3,100.0,33.4,32.6,74217.0,37108.5,185542.6
121,Company_121,Retail,Oceania,2016,780.5,0.9,146.8,7.7,47.4,27.1,78.7,36.3,78872.4,39436.2,157744.7
182,Company_182,Manufacturing,North America,2019,3227.5,6.1,3164.1,0.7,65.2,31.9,79.3,84.5,945748.6,1260998.2,15762477.5
962,Company_962,Finance,Middle East,2024,2685.2,15.0,5417.1,-0.4,50.4,88.1,30.6,32.5,31333.7,15666.8,78334.2
569,Company_569,Energy,Asia,2015,8982.8,16.1,16079.5,,31.5,33.0,32.7,28.9,8703591.2,2611077.3,87035911.6
73,Company_73,Transportation,Asia,2023,1796.1,4.2,1482.2,25.1,56.3,24.6,75.1,69.1,1107836.6,184639.4,3692788.6
855,Company_855,Healthcare,Latin America,2021,1063.6,19.9,3053.7,0.9,45.1,61.8,39.6,33.9,81617.8,81617.8,163235.5
630,Company_630,Consumer Goods,Africa,2018,717.8,7.7,714.4,-3.6,62.4,82.6,42.8,61.8,89270.6,111588.3,446353.1
868,Company_868,Technology,Oceania,2015,36974.2,15.9,131175.1,,69.8,89.0,72.0,48.3,1066431.0,639858.6,2132861.9
7,Company_7,Healthcare,Oceania,2018,5320.5,4.3,2608.0,2.5,53.4,77.7,38.4,44.2,349079.0,349079.0,698158.1
507,Company_507,Manufacturing,Europe,2025,1012.3,12.8,2230.7,11.4,75.6,99.3,94.3,33.2,153408.4,204544.5,2556806.3
620,Company_620,Retail,Oceania,2021,2085.2,4.3,1077.8,2.0,57.1,55.6,78.0,37.7,169010.9,84505.5,338021.8
153,Company_153,Consumer Goods,Oceania,2023,977.6,19.2,3352.5,6.4,60.8,47.3,66.8,68.3,169928.6,212410.8,849643.2
35,Company_35,Healthcare,Middle East,2018,863.8,13.8,1934.2,7.1,70.4,77.5,87.6,46.0,56794.7,56794.7,113589.3
134,Company_134,Healthcare,Asia,2021,7335.0,14.3,15887.2,10.6,67.3,80.9,56.5,64.6,464879.2,464879.2,929758.4
237,Company_237,Finance,Asia,2022,3102.6,9.6,5014.9,12.7,64.2,98.3,55.4,38.9,31742.9,15871.5,79357.3
381,Company_381,Utilities,Oceania,2016,2416.2,13.0,3623.8,-0.7,52.8,12.5,78.5,67.3,2150209.9,1343881.2,21502098.9
481,Company_481,Transportation,Middle East,2021,579.0,5.7,507.4,-5.8,20.6,23.2,17.3,21.2,360522.3,60087.0,1201740.9
385,Company_385,Transportation,Oceania,2021,423.0,4.6,263.9,1.0,31.8,17.9,46.3,31.3,272781.1,45463.5,909270.2
282,Company_282,Transportation,Latin America,2015,984.5,7.3,1288.9,,45.8,46.1,27.0,64.3,518126.7,86354.5,1727089.0
248,Company_248,Energy,Latin America,2024,11789.6,29.7,49056.4,6.1,24.5,18.6,34.9,20.0,12609280.9,3782784.3,126092809.1
44,Company_44,Healthcare,Oceania,2019,10238.6,28.4,66082.6,7.8,54.8,43.9,31.3,89.3,913851.4,913851.4,1827702.8
121,Company_121,Retail,Oceania,2024,750.6,0.6,87.6,-6.7,53.5,38.5,85.0,37.0,69835.8,34917.9,139671.6
208,Company_208,Manufacturing,Middle East,2021,18898.9,-0.6,62343.2,-4.2,35.0,63.9,32.6,8.6,4266457.2,5688609.6,71107619.4
777,Company_777,Utilities,Middle East,2017,1914.7,10.2,1853.3,3.4,46.2,56.1,50.4,32.2,1236506.8,772816.8,12365068.0
966,Company_966,Manufacturing,Oceania,2016,771.4,12.5,1416.1,-6.6,75.0,82.9,84.1,57.8,143424.5,191232.7,2390408.9
69,Company_69,Energy,North America,2018,6470.7,27.4,28381.1,-4.5,45.4,7.1,64.9,64.1,7443923.3,2233177.0,74439233.5
452,Company_452,Consumer Goods,Asia,2023,2667.7,14.3,4548.5,4.6,54.2,57.0,61.5,44.0,427234.6,534043.3,2136173.2
667,Company_667,Consumer Goods,North America,2022,1491.6,3.9,958.0,6.8,38.2,49.0,40.3,25.2,255555.0,319443.8,1277775.1
576,Company_576,Finance,Asia,2024,3797.2,7.8,5412.2,2.5,63.8,97.5,47.0,47.1,39314.1,19657.1,98285.3
828,Company_828,Technology,Oceania,2017,7117.0,17.0,27021.9,14.7,85.0,91.2,77.5,86.4,199909.4,119945.7,399818.8
141,Company_141,Energy,Africa,2020,4637.7,-9.1,22906.7,-3.7,16.4,41.3,5.4,2.4,4224556.6,1267367.0,42245566.0
698,Company_698,Retail,Oceania,2017,3030.3,1.4,1070.6,3.5,76.9,63.3,71.5,95.8,229360.6,114680.3,458721.2
858,Company_858,Finance,Oceania,2020,2248.1,17.1,3626.0,19.2,77.0,74.3,87.5,69.1,30565.3,15282.7,76413.3
244,Company_244,Energy,Europe,2025,13969.7,-20.0,44693.5,-2.2,65.0,45.7,83.7,65.6,12290270.1,3687081.0,122902700.8
855,Company_855,Healthcare,Latin America,2023,1021.0,20.7,3316.1,-7.4,45.1,58.2,40.9,36.1,80943.8,80943.8,161887.7
874,Company_874,Manufacturing,Europe,2023,1235.1,7.8,1493.7,-4.6,53.9,31.8,59.2,70.6,362131.8,482842.4,6035530.6
596,Company_596,Technology,Europe,2024,103304.3,17.9,408116.4,13.1,91.8,99.9,92.1,83.5,2585486.3,1551291.8,5170972.6
320,Company_320,Technology,Middle East,2024,8666.9,21.7,63118.8,20.0,62.8,68.3,38.0,82.2,312924.2,187754.5,625848.5
394,Company_394,Transportation,Oceania,2024,2560.9,-0.2,8662.7,7.7,56.3,36.6,38.6,93.6,1449885.7,241647.6,4832952.5
215,Company_215,Utilities,North America,2015,1109.3,7.2,1002.4,,85.2,73.4,86.6,95.6,609199.3,380749.6,6091993.0
71,Company_71,Consumer Goods,Latin America,2018,2841.1,5.5,1769.3,2.2,41.9,60.0,21.8,44.0,443308.3,554135.4,2216541.5
868,Company_868,Technology,Oceania,2016,35695.2,14.5,79939.3,-3.5,68.4,86.9,72.8,45.6,1056218.8,633731.3,2112437.7
883,Company_883,Technology,Africa,2024,7644.3,22.3,46517.9,24.1,50.4,82.8,44.3,24.2,237220.6,142332.4,474441.3
794,Company_794,Technology,North America,2023,12131.9,22.9,90326.3,10.0,78.3,95.8,72.6,66.7,321042.6,192625.6,642085.2
59,Company_59,Utilities,Africa,2018,738.0,12.9,981.2,11.8,34.0,31.9,44.2,26.1,576747.7,360467.3,5767477.3
715,Company_715,Technology,North America,2020,3655.8,19.3,19870.4,12.3,58.7,71.4,23.1,81.6,127930.4,76758.2,255860.7
438,Company_438,Transportation,Asia,2020,1155.7,17.3,2195.5,6.9,36.3,18.0,73.3,17.7,744713.7,124119.0,2482379.1
499,Company_499,Transportation,Asia,2016,434.3,1.7,102.9,-1.2,42.2,12.3,45.9,68.3,290297.1,48382.9,967657.2
725,Company_725,Finance,Oceania,2020,8688.6,12.2,12366.4,-1.2,87.6,100.0,96.6,66.3,86886.3,43443.1,217215.7
392,Company_392,Consumer Goods,Latin America,2023,2110.6,14.7,5764.8,-1.1,27.0,23.1,22.9,35.2,438401.6,548002.1,2192008.2
79,Company_79,Healthcare,North America,2022,9571.5,33.1,55997.4,0.9,65.0,78.2,36.6,80.1,624490.4,624490.4,1248980.7
555,Company_555,Energy,Africa,2016,1589.8,14.2,2870.6,-4.6,29.0,9.8,34.2,43.0,1798539.8,539561.9,17985397.8
736,Company_736,Finance,Europe,2024,1456.7,16.1,3374.4,-4.3,66.7,78.5,63.8,57.7,18959.8,9479.9,47399.5
989,Company_989,Energy,Africa,2024,5970.5,-1.9,8108.9,9.9,41.7,20.2,74.4,30.3,6319535.7,1895860.7,63195357.2
548,Company_548,Retail,Middle East,2015,2542.0,10.0,4018.7,,25.2,44.1,23.4,8.1,226529.7,113264.9,453059.4
530,Company_530,Manufacturing,Asia,2024,1066.8,12.7,2324.1,10.9,40.0,26.9,24.7,68.4,323812.0,431749.4,5396867.4
822,Company_822,Finance,Latin America,2015,784.6,15.8,1944.1,,52.7,50.6,75.1,32.4,13266.8,6633.4,33167.0
88,Company_88,Manufacturing,North America,2020,1065.2,6.5,1428.5,1.8,77.4,73.4,72.6,86.2,219219.0,292292.0,3653650.1
743,Company_743,Finance,Europe,2021,13634.7,18.9,20819.0,11.7,66.6,72.8,77.3,49.8,188363.6,94181.8,470909.0
660,Company_660,Consumer Goods,Africa,2022,2515.3,18.4,5969.6,-3.5,29.1,21.2,50.6,15.5,529126.0,661407.5,2645630.2
480,Company_480,Retail,Middle East,2023,625.0,3.7,527.5,-4.2,34.9,22.7,27.9,54.3,65077.8,32538.9,130155.6
301,Company_301,Finance,Middle East,2024,1797.7,14.8,4747.8,-1.6,52.7,98.3,31.2,28.4,18397.1,9198.5,45992.6
197,Company_197,Energy,Latin America,2025,4374.2,7.6,4955.0,3.8,19.1,33.1,6.2,18.0,4236367.4,1270910.2,42363673.9
34,Company_34,Energy,Middle East,2015,7972.5,13.6,8847.6,,25.5,47.7,10.6,18.1,6906699.0,2072009.7,69066989.5
339,Company_339,Finance,Europe,2020,2969.3,15.1,6601.6,12.0,71.5,66.4,62.5,85.6,43675.8,21837.9,109189.4
257,Company_257,Finance,Latin America,2024,2706.7,11.2,2757.3,10.2,57.4,91.2,33.7,47.2,30414.3,15207.1,76035.7
328,Company_328,Retail,Asia,2015,2625.6,3.4,963.6,,73.4,73.0,62.3,85.0,180845.7,90422.8,361691.4
50,Company_50,Consumer Goods,North America,2022,1786.5,26.0,7860.8,25.1,67.2,74.0,58.8,68.9,243716.9,304646.1,1218584.4
268,Company_268,Technology,Europe,2018,2850.9,15.1,15023.8,18.7,73.2,73.3,90.6,55.6,97903.2,58741.9,195806.4
43,Company_43,Transportation,Europe,2024,394.9,-0.7,1393.5,-0.5,43.3,32.4,77.2,20.1,230494.1,38415.7,768313.7
150,Company_150,Manufacturing,North America,2017,1948.0,-1.7,2636.9,3.2,60.8,34.8,90.8,56.9,559016.5,745355.3,9316941.3
304,Company_304,Technology,Asia,2020,11165.0,4.7,16398.3,25.5,56.2,93.5,32.2,43.0,304578.0,182746.8,609156.0
624,Company_624,Healthcare,Africa,2015,1302.7,17.3,4801.8,,46.1,50.7,28.0,59.7,110116.4,110116.4,220232.9
107,Company_107,Finance,Asia,2021,14472.5,23.1,27176.4,11.3,62.0,100.0,56.9,29.1,144725.1,72362.5,361812.7
395,Company_395,Consumer Goods,North America,2022,2494.3,16.2,4706.7,13.0,48.2,38.2,45.1,61.3,465176.9,581471.1,2325884.5
631,Company_631,Manufacturing,North America,2024,1094.9,7.1,1444.5,30.6,39.7,43.9,37.6,37.7,293225.7,390967.6,4887094.7
502,Company_502,Manufacturing,Asia,2025,398.0,10.8,505.2,25.0,43.6,41.5,33.7,55.6,108569.3,144759.0,1809488.1
506,Company_506,Retail,North America,2016,4620.3,5.6,3321.1,25.2,62.8,21.6,81.2,85.7,484713.9,242356.9,969427.8
673,Company_673,Healthcare,Latin America,2022,2364.2,9.1,3291.3,16.1,59.5,44.2,46.4,87.8,210610.9,210610.9,421221.9
977,Company_977,Energy,Oceania,2023,5682.7,9.8,11059.5,-2.5,61.4,24.9,80.9,78.4,5827739.8,1748321.9,58277397.7
129,Company_129,Healthcare,Africa,2017,1540.6,13.6,5123.2,-10.2,44.1,56.0,18.4,57.8,124469.2,124469.2,248938.3
533,Company_533,Technology,Middle East,2022,14008.4,14.1,60424.7,7.1,68.1,94.0,63.0,47.3,379408.7,227645.2,758817.5
441,Company_441,Finance,North America,2023,1012.2,14.1,2548.7,1.4,72.8,100.0,70.1,48.3,10122.4,5061.2,25306.1
660,Company_660,Consumer Goods,Africa,2024,3208.3,19.5,7082.2,11.7,29.8,17.2,52.7,19.5,692876.2,866095.3,3464381.1
746,Company_746,Transportation,North America,2023,1386.0,2.3,521.2,5.0,66.9,46.7,65.3,88.6,726182.4,121030.4,2420607.9
726,Company_726,Healthcare,Africa,2015,3100.4,23.2,16169.9,,41.9,51.6,29.7,44.3,259998.4,259998.4,519996.8
75,Company_75,Technology,North America,2016,2666.7,24.1,17911.9,4.0,70.9,77.0,43.0,92.7,88133.9,52880.3,176267.7
194,Company_194,Manufacturing,Oceania,2023,1155.9,5.4,1301.3,-7.3,90.0,84.5,93.9,91.7,210935.7,281247.6,3515595.1
164,Company_164,Retail,Oceania,2019,499.2,8.9,988.0,1.6,66.5,56.8,90.8,52.0,40061.4,20030.7,80122.8
284,Company_284,Retail,Asia,2024,571.2,8.2,782.5,-7.6,71.2,93.3,58.2,62.0,31222.0,15611.0,62444.0
490,Company_490,Retail,Africa,2017,1507.3,7.5,1203.7,4.7,60.4,87.3,61.7,32.2,88723.8,44361.9,177447.6
389,Company_389,Energy,Middle East,2022,6800.4,14.6,11800.4,13.5,30.6,24.6,26.5,40.6,6991791.5,2097537.4,69917914.8
927,Company_927,Manufacturing,Asia,2015,884.4,10.4,1540.8,,56.5,44.9,49.3,75.3,235055.3,313407.1,3917589.1
614,Company_614,Finance,Asia,2015,3938.6,13.1,6105.9,,75.3,96.2,87.3,42.4,41477.9,20739.0,103694.9
514,Company_514,Energy,Latin America,2022,1955.4,21.5,3409.9,-18.6,49.6,59.2,74.3,15.3,1536750.3,461025.1,15367503.0
849,Company_849,Technology,Africa,2021,7147.2,29.9,64496.5,7.7,69.0,90.1,49.9,67.1,203376.1,122025.6,406752.1
554,Company_554,Manufacturing,Europe,2017,1097.3,8.2,793.2,9.9,46.5,28.6,74.5,36.4,329135.6,438847.5,5485593.7
22,Company_22,Manufacturing,Latin America,2021,815.7,19.0,2313.7,10.8,52.7,71.9,40.2,46.1,170485.9,227314.6,2841432.3
140,Company_140,Manufacturing,Europe,2018,809.9,5.8,878.7,-1.3,33.9,0.8,33.2,67.6,290156.7,386875.6,4835945.5
943,Company_943,Transportation,Oceania,2018,690.2,12.5,878.1,16.3,50.3,10.7,57.2,83.0,465972.4,77662.1,1553241.5
428,Company_428,Manufacturing,Oceania,2023,5931.4,-4.7,13125.6,13.4,67.3,80.6,87.1,34.3,1131647.8,1508863.7,18860796.9
311,Company_311,Consumer Goods,Middle East,2015,5644.7,13.7,19058.5,,7.4,2.7,14.7,4.7,1333315.1,1666643.9,6666575.7
697,Company_697,Healthcare,North America,2019,2118.0,9.2,2516.9,-3.2,59.9,62.0,59.7,58.0,162282.5,162282.5,324565.0
912,Company_912,Finance,North America,2025,1765.3,18.5,4495.3,11.1,80.6,100.0,55.2,86.7,17653.4,8826.7,44133.5
140,Company_140,Manufacturing,Europe,2021,765.7,7.0,497.3,2.2,36.8,7.1,38.2,65.1,264255.3,352340.4,4404254.7
353,Company_353,Finance,Europe,2022,4224.6,30.3,18341.3,13.6,95.3,99.1,87.0,99.8,42800.4,21400.2,107001.0
119,Company_119,Consumer Goods,Middle East,2016,1450.2,12.8,3090.6,17.0,31.9,51.7,33.0,11.0,243052.9,303816.1,1215264.4
881,Company_881,Utilities,Middle East,2018,1325.0,13.7,1864.1,6.7,58.5,80.9,61.9,32.8,671597.2,419748.3,6715972.3
691,Company_691,Healthcare,Latin America,2024,7168.2,18.5,16119.7,13.5,68.7,74.1,79.4,52.7,488443.3,488443.3,976886.7
135,Company_135,Transportation,Asia,2021,1332.3,-1.9,2262.4,11.3,52.6,29.2,70.1,58.6,795609.0,132601.5,2652029.8
254,Company_254,Retail,Asia,2025,1274.3,10.7,3023.6,8.4,47.9,33.1,68.5,42.3,123427.7,61713.8,246855.3
985,Company_985,Healthcare,Oceania,2019,8142.8,15.6,23617.2,20.0,62.4,38.1,58.8,90.4,760087.9,760087.9,1520175.8
979,Company_979,Energy,Middle East,2018,15382.0,12.0,20162.9,11.7,43.9,45.6,46.4,39.6,13543565.4,4063069.6,135435653.5
668,Company_668,Retail,Middle East,2025,6691.6,13.3,19768.5,14.0,69.1,100.0,59.2,47.9,334577.9,167289.0,669155.9
438,Company_438,Transportation,Asia,2015,572.0,15.8,1607.6,,37.6,22.5,73.6,16.8,357868.5,59644.7,1192895.0
417,Company_417,Transportation,Middle East,2019,340.1,3.7,119.8,6.1,17.0,17.2,18.8,14.8,220222.9,36703.8,734076.2
510,Company_510,Utilities,Middle East,2024,1356.6,11.3,2276.0,2.9,70.4,67.2,52.8,91.1,791823.9,494890.0,7918239.4
454,Company_454,Manufacturing,Middle East,2017,2829.0,9.7,2572.7,-13.8,33.3,36.5,36.9,26.6,801677.8,1068903.7,13361296.8
333,Company_333,Technology,Africa,2024,26163.1,26.8,224585.8,1.0,56.3,92.5,56.6,19.8,723163.0,433897.8,1446326.0
51,Company_51,Transportation,Middle East,2020,173.8,3.0,91.2,9.6,49.3,76.9,65.4,5.6,69035.6,11505.9,230118.5
106,Company_106,Manufacturing,Europe,2023,2876.3,18.6,11208.4,-0.6,68.7,10.0,96.2,100.0,975140.9,1300187.9,16252348.8
552,Company_552,Consumer Goods,Asia,2016,877.1,14.7,3084.7,-7.3,61.1,41.8,62.1,79.5,159144.4,198930.5,795721.8
37,Company_37,Energy,Oceania,2016,8220.4,21.9,29648.9,-1.9,70.3,47.2,74.1,89.5,7148109.2,2144432.7,71481091.6
647,Company_647,Energy,North America,2017,14084.4,-3.2,30541.7,4.2,54.4,32.0,56.2,75.1,13750938.7,4125281.6,137509387.2
585,Company_585,Energy,Asia,2019,6754.1,11.2,12896.5,7.3,23.9,29.6,30.5,11.7,6704260.1,2011278.0,67042600.5
882,Company_882,Energy,Europe,2018,7743.2,-4.6,32778.8,9.3,72.8,77.8,84.4,56.3,5075013.2,1522503.9,50750131.5
472,Company_472,Healthcare,Europe,2017,3072.8,16.4,9740.6,16.4,92.6,88.5,98.8,90.3,178339.4,178339.4,356678.8
582,Company_582,Healthcare,Oceania,2023,3387.4,18.7,10008.1,5.8,81.1,88.1,68.5,86.7,197643.6,197643.6,395287.3
691,Company_691,Healthcare,Latin America,2018,3923.5,15.1,7336.6,8.9,58.6,57.7,71.1,46.9,312265.1,312265.1,624530.3
66,Company_66,Consumer Goods,Middle East,2023,1942.5,25.0,4973.3,5.4,61.1,92.2,55.8,35.3,215412.3,269265.4,1077061.6
28,Company_28,Technology,Latin America,2018,3347.3,14.2,7441.4,2.4,76.6,99.7,51.8,78.2,84066.9,50440.1,168133.7
842,Company_842,Healthcare,North America,2020,777.7,18.0,3381.5,-0.8,62.1,48.0,76.2,62.1,67188.0,67188.0,134375.9
391,Company_391,Retail,Oceania,2019,959.5,2.9,599.0,3.4,44.6,34.8,59.5,39.5,91764.9,45882.4,183529.8
400,Company_400,Manufacturing,Africa,2023,702.9,-7.2,1949.1,-0.2,49.2,74.8,53.6,19.2,142664.6,190219.4,2377742.7
381,Company_381,Utilities,Oceania,2020,2697.1,6.4,1934.4,-9.9,54.5,12.7,78.9,71.9,2396989.0,1498118.2,23969890.4
480,Company_480,Retail,Middle East,2025,574.3,4.1,517.1,-11.6,34.5,23.1,26.0,54.3,59618.7,29809.4,119237.4
411,Company_411,Healthcare,Africa,2016,2170.4,15.1,5403.8,14.4,54.6,67.4,35.2,61.1,158035.1,158035.1,316070.1
986,Company_986,Retail,Latin America,2024,5582.9,-1.9,27467.9,8.8,28.5,37.1,22.5,25.8,524823.6,262411.8,1049647.1
286,Company_286,Transportation,North America,2022,1356.2,4.2,562.3,7.2,65.5,47.2,83.5,65.8,707716.7,117952.8,2359055.6
456,Company_456,Utilities,Asia,2016,404.3,3.0,177.9,1.3,36.5,40.2,54.1,15.2,297102.4,185689.0,2971023.8
292,Company_292,Utilities,Asia,2019,930.1,9.6,1097.9,-6.1,21.2,28.3,17.4,18.0,745635.9,466022.4,7456359.1
908,Company_908,Technology,Africa,2019,5224.3,2.2,2894.2,1.0,60.0,89.5,30.9,59.7,149890.9,89934.6,299781.9
958,Company_958,Healthcare,Africa,2022,1968.9,27.2,11333.8,0.7,46.1,36.8,42.0,59.6,185515.6,185515.6,371031.2
657,Company_657,Manufacturing,Europe,2019,465.6,12.2,648.2,9.4,66.3,43.4,94.5,61.0,125178.4,166904.6,2086307.3
702,Company_702,Manufacturing,Latin America,2021,3300.3,11.9,7477.1,-2.4,50.5,43.6,39.2,68.7,885631.9,1180842.5,14760531.3
105,Company_105,Finance,Africa,2023,37057.4,14.9,86806.6,8.9,51.6,94.5,37.0,23.4,399059.1,199529.5,997647.6
111,Company_111,Finance,Africa,2017,631.4,12.6,1209.8,1.6,41.0,91.8,13.8,17.5,7039.4,3519.7,17598.6
837,Company_837,Healthcare,Latin America,2024,1978.5,22.2,9264.6,2.7,69.5,77.4,67.8,63.3,130255.2,130255.2,260510.5
971,Company_971,Healthcare,Africa,2024,2181.6,12.9,5700.4,10.4,56.0,99.5,42.2,26.4,109875.5,109875.5,219751.0
719,Company_719,Retail,North America,2017,485.2,6.8,645.9,3.1,52.8,49.0,76.9,32.4,41586.3,20793.2,83172.6
533,Company_533,Technology,Middle East,2025,18913.3,17.4,57158.2,13.6,69.5,95.9,70.6,41.9,499686.0,299811.6,999372.1
471,Company_471,Utilities,Africa,2018,1283.3,14.5,1540.2,-1.2,37.4,28.3,63.5,20.3,1028820.0,643012.5,10288199.6
61,Company_61,Consumer Goods,Oceania,2020,2328.3,10.1,5428.6,13.7,78.7,83.9,58.3,93.8,285235.5,356544.4,1426177.4
59,Company_59,Utilities,Africa,2019,849.8,14.4,1423.3,15.2,33.3,28.9,44.5,26.6,678077.5,423798.4,6780775.0
934,Company_934,Consumer Goods,Middle East,2015,2063.2,7.5,3724.5,,34.6,34.7,50.6,18.4,394907.5,493634.4,1974537.7
343,Company_343,Finance,Asia,2020,11639.4,11.6,11348.3,8.0,61.3,94.8,31.6,57.6,124886.2,62443.1,312215.6
389,Company_389,Energy,Middle East,2019,9095.7,28.6,27520.8,-9.7,28.0,22.4,24.3,37.5,9489875.4,2846962.6,94898754.5
416,Company_416,Healthcare,Middle East,2025,3075.0,-1.2,4416.8,1.2,62.6,75.1,73.3,39.5,207429.2,207429.2,414858.4
72,Company_72,Utilities,Latin America,2020,672.4,7.0,451.0,-21.6,41.7,40.3,36.4,48.4,493856.3,308660.2,4938562.8
706,Company_706,Healthcare,North America,2023,9343.4,12.9,24338.5,7.8,63.9,76.1,39.4,76.2,623465.6,623465.6,1246931.3
292,Company_292,Utilities,Asia,2016,1074.6,9.2,933.7,-7.4,21.7,26.1,18.7,20.3,874642.4,546651.5,8746424.0
533,Company_533,Technology,Middle East,2019,11298.9,14.2,35915.8,14.8,70.6,90.3,68.1,53.3,320659.6,192395.8,641319.2
381,Company_381,Utilities,Oceania,2022,2755.0,4.0,1369.6,2.0,54.2,12.2,79.7,70.6,2456693.5,1535433.5,24566935.2
713,Company_713,Energy,Oceania,2022,1971.3,-16.8,1724.5,-4.7,65.3,54.9,93.4,47.5,1608080.2,482424.0,16080801.6
986,Company_986,Retail,Latin America,2023,5130.7,-3.6,10921.4,23.4,27.4,35.6,21.7,24.9,487919.3,243959.7,975838.7
265,Company_265,Manufacturing,Middle East,2016,1207.2,12.1,2629.9,-14.9,19.6,30.0,25.3,3.5,358507.0,478009.4,5975117.3
428,Company_428,Manufacturing,Oceania,2022,5229.1,-3.4,6252.6,2.6,65.8,77.2,86.9,33.4,1034972.6,1379963.5,17249543.7
91,Company_91,Manufacturing,Europe,2021,3378.5,30.2,12262.6,-13.6,65.4,52.1,53.5,90.6,846508.8,1128678.4,14108480.2
911,Company_911,Manufacturing,Europe,2025,438.0,-0.5,1689.7,4.9,86.2,100.0,59.4,99.4,65701.7,87602.2,1095028.0
691,Company_691,Healthcare,Latin America,2025,7986.6,17.2,15634.1,11.4,70.7,77.7,80.7,53.6,523945.1,523945.1,1047890.3
733,Company_733,Utilities,Latin America,2015,972.9,8.4,966.7,,68.4,38.7,88.8,77.7,722891.9,451807.5,7228919.4
15,Company_15,Healthcare,Oceania,2017,6468.8,23.9,23465.8,13.0,52.6,80.4,44.9,32.5,412080.4,412080.4,824160.8
913,Company_913,Transportation,Oceania,2020,1162.9,2.5,336.3,21.1,59.7,41.4,90.6,47.1,634887.6,105814.6,2116292.1
281,Company_281,Healthcare,Middle East,2020,1674.4,12.6,3940.4,15.6,47.1,60.9,8.1,72.3,129496.8,129496.8,258993.5
838,Company_838,Finance,Latin America,2017,7580.8,4.2,3784.3,21.2,75.4,74.1,82.2,69.8,103255.5,51627.7,258138.7
690,Company_690,Finance,Europe,2015,2744.1,13.4,4767.9,,81.8,89.7,83.9,71.9,31398.7,15699.4,78496.8
634,Company_634,Healthcare,Europe,2019,1433.2,20.8,6821.7,-7.0,49.6,35.7,65.4,47.7,136200.8,136200.8,272401.6
918,Company_918,Utilities,Asia,2023,1616.0,7.7,1520.0,6.7,59.0,75.1,49.5,52.5,871970.7,544981.7,8719707.3
346,Company_346,Transportation,Asia,2015,674.3,4.7,282.3,,59.5,64.1,25.3,89.2,303965.5,50660.9,1013218.2
46,Company_46,Healthcare,Middle East,2015,8416.9,23.6,47471.5,,48.6,73.7,50.4,21.7,575811.1,575811.1,1151622.2
212,Company_212,Consumer Goods,Asia,2015,636.1,11.1,1241.7,,49.2,37.1,27.1,83.4,119641.9,149552.3,598209.4
572,Company_572,Retail,Latin America,2020,2359.6,6.7,2572.2,11.8,42.0,54.6,50.9,20.5,192966.0,96483.0,385932.1
414,Company_414,Retail,Oceania,2023,382.0,0.6,48.7,11.7,60.9,66.6,37.9,78.0,28035.8,14017.9,56071.6
14,Company_14,Transportation,Middle East,2023,1404.4,1.5,364.0,21.3,42.9,27.5,61.9,39.3,849092.3,141515.4,2830307.5
864,Company_864,Consumer Goods,Africa,2021,2640.7,13.5,3818.4,7.3,55.9,56.1,59.3,52.2,426177.8,532722.3,2130889.0
489,Company_489,Consumer Goods,Asia,2025,1551.2,12.6,4125.2,-5.4,73.9,69.7,68.3,83.6,221008.6,276260.7,1105043.0
632,Company_632,Transportation,Europe,2016,2107.1,6.5,1461.0,4.1,45.3,48.0,29.1,58.7,1092088.8,182014.8,3640296.1
159,Company_159,Consumer Goods,North America,2015,1166.4,8.0,1743.7,,68.1,44.1,65.1,95.0,207868.0,259835.0,1039339.9
273,Company_273,Transportation,Latin America,2024,405.5,-5.0,796.8,9.8,51.8,38.1,91.2,26.1,227042.7,37840.5,756809.1
889,Company_889,Healthcare,Middle East,2024,3445.2,13.1,10493.3,25.7,27.0,33.5,18.0,29.6,332592.2,332592.2,665184.3
551,Company_551,Retail,Middle East,2022,1832.7,7.0,2645.3,-7.0,53.1,82.8,50.5,26.0,113672.3,56836.1,227344.5
532,Company_532,Retail,North America,2020,381.2,7.4,510.7,8.7,91.1,93.8,87.4,92.1,20713.9,10356.9,41427.8
982,Company_982,Technology,Europe,2018,2632.5,21.7,19587.8,10.0,75.6,73.4,100.0,53.4,90284.5,54170.7,180568.9
263,Company_263,Utilities,Africa,2016,1608.7,10.8,2601.6,21.9,34.9,32.4,19.7,52.5,1252463.2,782789.5,12524632.5
339,Company_339,Finance,Europe,2017,2364.5,11.2,3111.2,2.2,68.7,60.0,64.9,81.3,36894.4,18447.2,92236.0
988,Company_988,Consumer Goods,Europe,2023,14872.4,2.0,7117.1,7.3,75.4,78.2,48.1,100.0,1941070.8,2426338.4,9705353.8
855,Company_855,Healthcare,Latin America,2017,803.9,16.3,1755.6,5.0,39.1,58.3,34.5,24.4,63662.9,63662.9,127325.8
894,Company_894,Healthcare,North America,2025,15518.0,10.3,20539.8,12.7,80.2,73.5,100.0,67.0,1064122.8,1064122.8,2128245.7
439,Company_439,Utilities,North America,2020,838.6,9.8,874.1,9.3,79.7,70.6,76.0,92.5,473698.5,296061.6,4736984.9
207,Company_207,Consumer Goods,North America,2025,2020.3,2.3,707.4,-5.7,75.3,83.6,51.6,90.8,248433.6,310542.0,1242168.2
406,Company_406,Utilities,Asia,2021,417.0,12.7,693.2,-6.3,48.7,67.9,41.1,36.9,241646.2,151028.9,2416462.3
32,Company_32,Utilities,North America,2017,428.2,4.0,142.1,0.4,52.0,9.2,69.9,76.8,388983.8,243114.9,3889838.4
377,Company_377,Consumer Goods,Europe,2015,2424.9,2.7,998.4,,47.5,45.5,19.8,77.1,427525.7,534407.1,2137628.3
704,Company_704,Utilities,Europe,2015,621.1,10.4,815.2,,73.2,34.7,90.8,93.9,475434.1,297146.3,4754341.2
645,Company_645,Finance,Middle East,2021,16372.5,9.3,18548.9,5.4,40.7,84.9,33.2,3.9,198270.1,99135.0,495675.2
203,Company_203,Energy,Oceania,2016,6528.2,19.2,17615.2,-11.3,51.8,32.3,86.0,37.1,6358929.2,1907678.8,63589291.8
382,Company_382,Energy,Asia,2020,5046.4,3.6,2398.6,11.1,64.0,81.7,51.7,58.7,3171165.0,951349.5,31711649.6
582,Company_582,Healthcare,Oceania,2024,3960.4,19.6,11659.9,16.9,80.9,90.5,68.4,83.7,224274.2,224274.2,448548.3
464,Company_464,Energy,Europe,2017,14151.6,28.9,50109.4,13.1,68.8,56.2,70.9,79.3,11412781.3,3423834.4,114127813.4
649,Company_649,Finance,Oceania,2016,8344.1,11.4,14345.7,2.2,83.1,89.3,81.1,79.0,95956.0,47978.0,239890.1
541,Company_541,Technology,Asia,2025,3035.3,32.2,29105.5,-5.6,46.9,35.5,62.7,42.4,144456.1,86673.7,288912.2
772,Company_772,Transportation,Asia,2025,1055.4,1.0,205.4,7.3,42.6,30.1,24.8,72.7,626373.1,104395.5,2087910.5
916,Company_916,Manufacturing,Oceania,2015,1153.5,5.1,906.4,,67.5,25.9,88.8,87.7,352466.4,469955.1,5874439.3
499,Company_499,Transportation,Asia,2024,1212.0,10.9,1340.5,26.8,43.9,14.9,43.5,73.5,796818.7,132803.1,2656062.3
134,Company_134,Healthcare,Asia,2017,4220.3,14.7,14173.2,4.5,63.0,73.8,53.7,61.5,288443.0,288443.0,576885.9
204,Company_204,Retail,Middle East,2016,411.3,6.9,669.1,4.8,23.8,16.4,41.2,13.8,44636.5,22318.3,89273.0
746,Company_746,Transportation,North America,2016,989.0,7.2,800.3,27.5,65.0,43.9,59.1,92.0,529936.0,88322.7,1766453.3
355,Company_355,Technology,North America,2024,76755.4,19.2,291252.9,5.1,88.3,100.0,95.4,69.5,1918885.1,1151331.1,3837770.2
964,Company_964,Technology,Middle East,2015,6131.8,20.8,21061.6,,53.7,87.8,54.0,19.3,179565.5,107739.3,359131.1
674,Company_674,Finance,Africa,2018,1045.3,10.6,1306.6,-9.3,56.6,77.9,45.2,46.7,13684.2,6842.1,34210.6
859,Company_859,Consumer Goods,North America,2024,2978.7,14.6,8470.0,5.1,58.0,77.5,63.4,33.0,391543.9,489429.9,1957719.6
962,Company_962,Finance,Middle East,2019,2352.8,15.3,4935.3,-2.0,50.5,83.2,29.3,39.1,29077.7,14538.9,72694.3
558,Company_558,Finance,Middle East,2016,4021.7,9.7,4696.0,1.9,50.5,45.3,51.8,54.5,71018.6,35509.3,177546.5
378,Company_378,Technology,Oceania,2019,1589.3,30.1,9280.7,7.0,89.3,85.2,95.9,86.9,47966.2,28779.7,95932.3
485,Company_485,Finance,Africa,2024,1046.5,20.9,2029.1,-7.6,49.4,98.4,48.2,1.5,10694.4,5347.2,26736.0
193,Company_193,Manufacturing,Asia,2024,3155.3,13.4,4058.9,5.3,43.6,61.8,44.9,24.0,726391.0,968521.3,12106516.0
412,Company_412,Energy,Latin America,2019,14692.5,16.5,29162.3,15.3,43.0,26.8,48.0,54.1,14872762.3,4461828.7,148727623.4
773,Company_773,Manufacturing,Europe,2024,496.3,1.0,94.6,1.6,56.6,21.1,94.2,54.5,156698.5,208931.3,2611641.2
460,Company_460,Technology,North America,2019,2959.4,15.4,7797.3,-6.6,56.9,64.2,58.2,48.4,111036.0,66621.6,222072.0
288,Company_288,Technology,Asia,2019,23365.3,21.0,138418.0,21.2,63.8,79.3,77.3,34.8,753459.3,452075.6,1506918.6
240,Company_240,Transportation,Oceania,2016,1157.4,7.7,1358.4,34.8,47.9,36.5,49.2,57.9,655921.8,109320.3,2186405.9
787,Company_787,Utilities,North America,2022,772.8,14.5,1505.8,5.6,48.2,52.8,70.2,21.5,513246.7,320779.2,5132466.7
853,Company_853,Energy,North America,2018,437.1,12.9,904.7,-26.4,54.6,5.8,71.1,86.9,506919.7,152075.9,5069196.8
603,Company_603,Utilities,North America,2016,943.6,12.8,1586.7,14.6,48.2,37.2,69.1,38.2,709417.1,443385.7,7094170.6
900,Company_900,Utilities,Middle East,2016,817.8,18.0,1383.3,-13.0,25.3,12.5,23.0,40.3,727672.6,454795.4,7276726.4
110,Company_110,Healthcare,Middle East,2019,2648.2,18.0,5461.5,4.3,25.2,52.7,4.9,18.0,220164.6,220164.6,440329.2
709,Company_709,Finance,North America,2024,7564.2,20.2,19480.3,2.5,76.3,99.0,64.8,65.1,76689.1,38344.6,191722.9
57,Company_57,Utilities,Middle East,2015,828.6,4.5,521.1,,28.7,28.5,19.8,37.7,663293.7,414558.6,6632937.0
176,Company_176,Healthcare,Oceania,2016,2103.1,12.4,3823.8,11.4,80.8,76.3,82.6,83.3,139980.6,139980.6,279961.2
284,Company_284,Retail,Asia,2016,797.7,2.8,385.2,0.9,64.9,86.5,49.3,59.0,47427.8,23713.9,94855.6
241,Company_241,Finance,Asia,2016,5499.2,11.4,9447.2,1.1,81.1,89.0,77.2,77.2,63481.3,31740.7,158703.3
899,Company_899,Manufacturing,Asia,2021,2715.0,12.2,2681.3,20.3,50.4,27.7,51.4,72.0,819378.8,1092505.1,13656313.9
233,Company_233,Transportation,Africa,2025,1426.5,0.6,141.9,-1.6,60.4,43.7,69.5,68.0,765236.7,127539.4,2550788.9
950,Company_950,Technology,Africa,2023,10821.5,28.1,81406.6,5.6,34.6,67.2,28.6,8.1,394944.1,236966.5,789888.2
249,Company_249,Healthcare,Asia,2015,826.8,13.2,2016.6,,51.9,61.3,45.8,48.6,63715.7,63715.7,127431.4
427,Company_427,Manufacturing,Asia,2023,1041.6,7.3,1641.3,1.4,43.9,26.0,33.4,72.3,318207.1,424276.2,5303452.4
797,Company_797,Manufacturing,North America,2017,1629.9,12.6,1820.1,-3.2,62.0,50.1,52.4,83.5,415273.8,553698.4,6921229.7
194,Company_194,Manufacturing,Oceania,2018,1253.2,13.1,2764.4,-7.4,84.6,76.8,84.1,93.1,249068.1,332090.7,4151134.2
476,Company_476,Retail,Asia,2017,2031.0,8.1,3557.4,3.2,47.8,41.3,36.6,65.6,185038.9,92519.4,370077.8
827,Company_827,Retail,Latin America,2017,1569.7,6.2,1527.9,5.2,38.2,54.2,43.1,17.4,128775.6,64387.8,257551.2
511,Company_511,Healthcare,Europe,2025,3630.3,7.6,4453.5,7.6,80.6,81.6,100.0,60.1,228280.3,228280.3,456560.6
549,Company_549,Utilities,North America,2019,1513.0,13.4,2989.2,5.6,78.4,65.0,80.9,89.3,902119.6,563824.8,9021196.2
74,Company_74,Energy,Europe,2017,1421.7,-10.3,2533.6,6.3,62.7,7.2,86.2,94.8,1634176.7,490253.0,16341766.6
465,Company_465,Retail,Oceania,2017,1264.8,-0.2,2745.1,-1.8,63.4,38.4,93.7,58.2,117817.1,58908.6,235634.3
914,Company_914,Utilities,Oceania,2019,1588.9,11.8,2701.9,3.4,47.3,24.8,90.0,27.1,1305074.2,815671.4,13050741.8
390,Company_390,Energy,Asia,2016,4694.4,26.5,13984.6,-16.2,25.4,22.6,31.9,21.6,4890151.7,1467045.5,48901517.0
757,Company_757,Transportation,North America,2025,551.5,-2.4,1030.7,15.3,60.7,31.8,52.9,97.4,323289.5,53881.6,1077631.7
829,Company_829,Manufacturing,Oceania,2024,3150.3,8.5,2409.6,4.8,50.3,40.8,37.1,72.8,864156.0,1152208.0,14402599.6
442,Company_442,Consumer Goods,Latin America,2016,1145.8,5.6,1587.1,-13.8,47.2,54.4,35.8,51.6,187798.4,234748.1,938992.2
50,Company_50,Consumer Goods,North America,2023,1966.1,27.0,10843.2,10.1,68.9,76.9,61.0,68.7,260304.1,325380.2,1301520.7
3,Company_3,Transportation,Latin America,2019,322.6,5.1,290.7,7.5,29.8,14.8,43.6,31.2,212286.3,35381.0,707621.0
807,Company_807,Transportation,Asia,2024,1101.5,9.2,1141.5,1.0,63.6,24.6,84.5,81.8,679395.4,113232.6,2264651.3
357,Company_357,Transportation,North America,2017,1835.3,9.4,3438.1,2.9,59.7,31.2,85.9,62.1,1080723.4,180120.6,3602411.4
408,Company_408,Retail,Asia,2024,1546.6,8.1,1550.3,0.8,70.8,90.7,35.9,86.0,87361.5,43680.8,174723.1
711,Company_711,Consumer Goods,Africa,2025,4091.6,7.8,7317.1,5.0,56.1,48.5,55.0,64.9,704418.3,880522.9,3522091.7
446,Company_446,Manufacturing,Oceania,2021,2471.2,19.2,4991.2,9.8,53.1,62.3,55.6,41.5,566468.2,755290.9,9441136.6
112,Company_112,Retail,Europe,2015,356.7,2.3,192.8,,48.0,20.2,28.2,95.6,37775.0,18887.5,75550.0
554,Company_554,Manufacturing,Europe,2016,998.7,8.9,866.3,11.5,47.0,29.4,79.1,32.5,297841.2,397121.7,4964020.7
232,Company_232,Manufacturing,Asia,2022,1350.9,11.6,2367.9,1.8,30.5,17.0,36.8,37.8,438207.5,584276.6,7303457.7
40,Company_40,Transportation,Oceania,2023,3642.3,1.3,462.2,1.1,57.6,33.7,79.4,59.7,2106949.3,351158.2,7023164.2
484,Company_484,Manufacturing,Africa,2024,1935.3,9.7,3930.6,1.8,56.0,48.3,90.9,28.9,500539.5,667386.0,8342324.7
848,Company_848,Manufacturing,Asia,2020,433.0,10.4,858.4,-5.2,66.0,60.0,66.2,71.8,101289.5,135052.7,1688159.0
170,Company_170,Energy,Europe,2017,903.9,-2.3,3316.6,4.7,47.0,25.1,31.8,84.3,925947.5,277784.3,9259475.3
246,Company_246,Consumer Goods,Oceania,2019,2866.6,9.8,5902.1,10.8,53.4,28.2,63.3,68.9,574929.4,718661.8,2874647.1
905,Company_905,Manufacturing,Europe,2019,439.9,10.6,1007.1,-0.3,71.0,61.0,64.5,87.5,101978.2,135970.9,1699636.2
513,Company_513,Healthcare,Europe,2024,2335.4,23.0,10966.1,-1.2,56.9,42.0,66.4,62.2,211533.5,211533.5,423067.0
226,Company_226,Healthcare,Middle East,2021,2728.3,30.6,13275.6,-12.0,28.6,64.3,5.9,15.4,204612.3,204612.3,409224.6
443,Company_443,Consumer Goods,Oceania,2015,1519.1,20.1,6520.1,,47.3,28.1,71.0,42.7,304726.9,380908.6,1523634.5
845,Company_845,Retail,Middle East,2022,1333.1,-2.8,5856.3,6.5,57.8,69.4,47.4,56.6,95200.6,47600.3,190401.3
247,Company_247,Consumer Goods,Asia,2015,1367.5,11.7,2532.7,,42.3,34.4,51.8,40.7,262430.7,328038.4,1312153.6
30,Company_30,Transportation,Middle East,2022,987.0,-2.0,1337.9,8.8,30.2,10.3,69.4,10.9,668097.6,111349.6,2226991.9
228,Company_228,Finance,Africa,2017,2097.9,13.0,4639.1,2.3,50.8,95.7,38.7,18.0,22255.3,11127.7,55638.3
92,Company_92,Healthcare,Asia,2018,3535.7,17.8,12302.3,6.9,34.3,56.6,23.3,23.0,284136.7,284136.7,568273.3
816,Company_816,Manufacturing,Middle East,2020,3061.7,7.8,4324.0,23.9,24.2,43.5,16.4,12.6,822780.0,1097040.1,13713000.7
890,Company_890,Utilities,Middle East,2024,226.3,6.2,163.7,4.8,43.7,56.7,66.1,8.5,145445.6,90903.5,1454456.3
365,Company_365,Retail,North America,2022,2154.4,6.3,2271.9,-4.8,65.3,80.0,55.6,60.4,137885.1,68942.6,275770.2
695,Company_695,Manufacturing,Latin America,2025,834.7,4.7,475.4,2.5,58.3,63.4,51.8,59.6,189375.6,252500.8,3156260.0
49,Company_49,Retail,Middle East,2021,456.8,11.9,1098.3,-0.3,18.4,13.6,33.0,8.6,50468.7,25234.3,100937.4
585,Company_585,Energy,Asia,2018,6293.6,14.1,10886.4,3.5,22.8,25.5,28.8,14.2,6429628.0,1928888.4,64296280.3
361,Company_361,Energy,Europe,2015,4003.3,-9.9,9748.5,,51.3,9.5,55.4,88.9,4536709.3,1361012.8,45367092.8
54,Company_54,Healthcare,Oceania,2017,5226.3,19.4,13132.8,21.8,60.5,21.2,83.6,76.6,549450.0,549450.0,1098900.0
826,Company_826,Transportation,Latin America,2023,711.5,20.7,2874.0,9.3,63.9,33.2,78.0,80.4,412942.6,68823.8,1376475.4
670,Company_670,Technology,Middle East,2015,28141.6,24.6,209373.5,,38.9,78.2,9.2,29.2,917883.3,550730.0,1835766.5
491,Company_491,Transportation,Latin America,2016,648.4,14.7,949.7,2.5,30.2,34.1,38.0,18.6,374065.5,62344.2,1246884.9
656,Company_656,Finance,Latin America,2017,1312.4,16.6,2276.4,-6.8,72.6,100.0,60.7,57.2,13123.5,6561.8,32808.8
618,Company_618,Utilities,Latin America,2025,1065.2,18.7,1623.9,12.4,44.7,41.1,46.2,46.8,777303.7,485814.8,7773036.7
45,Company_45,Retail,Africa,2022,599.2,-0.8,531.6,-6.3,47.5,66.8,12.6,63.0,43879.7,21939.9,87759.4
624,Company_624,Healthcare,Africa,2020,1866.2,15.0,3951.6,13.0,50.2,59.8,29.2,61.5,145867.8,145867.8,291735.7
530,Company_530,Manufacturing,Asia,2018,734.0,8.5,1343.3,20.2,33.1,21.5,21.9,55.9,231175.5,308233.9,3852924.2
438,Company_438,Transportation,Asia,2021,1461.7,15.5,2405.0,26.5,38.9,19.0,75.1,22.6,935890.7,155981.8,3119635.8
522,Company_522,Transportation,Oceania,2021,262.6,-13.2,585.7,10.1,31.5,67.6,17.0,10.0,114581.7,19096.9,381938.8
788,Company_788,Finance,North America,2019,4667.3,4.2,1867.1,-8.8,76.1,99.9,45.1,83.1,46716.0,23358.0,116789.9
323,Company_323,Healthcare,Europe,2021,2865.6,15.2,9397.3,7.6,79.4,62.1,91.5,84.5,219212.7,219212.7,438425.5
175,Company_175,Finance,Latin America,2017,3901.3,9.6,7028.4,10.3,56.9,98.1,21.8,50.7,40045.3,20022.7,100113.3
290,Company_290,Transportation,Africa,2021,2393.8,10.6,2493.4,13.2,26.3,30.3,25.3,23.2,1418499.9,236416.7,4728333.1
425,Company_425,Consumer Goods,Middle East,2018,4629.4,14.5,8937.4,18.6,63.1,93.5,41.9,53.7,504804.1,631005.1,2524020.4
174,Company_174,Transportation,Africa,2022,330.0,-13.0,1417.7,-0.4,19.8,15.6,34.2,9.5,215994.0,35999.0,719980.2
591,Company_591,Manufacturing,Oceania,2025,2138.3,-0.7,5162.5,9.6,66.5,91.5,62.2,45.9,359075.3,478767.0,5984587.7
614,Company_614,Finance,Asia,2023,6387.7,1.6,1721.9,9.0,82.1,100.0,97.5,48.7,63876.7,31938.4,159691.8
104,Company_104,Technology,Europe,2015,2890.8,17.2,14031.2,,67.3,67.9,56.6,77.5,104732.0,62839.2,209463.9
990,Company_990,Consumer Goods,Asia,2024,3390.7,13.3,10218.0,9.6,39.2,45.5,30.3,41.9,597789.4,747236.8,2988947.2
229,Company_229,Finance,Africa,2025,2847.5,8.9,2418.8,-4.1,37.9,51.9,23.5,38.3,47646.8,23823.4,119116.9
699,Company_699,Transportation,Oceania,2019,660.9,-5.1,3184.9,9.5,65.3,37.1,87.8,71.0,372874.7,62145.8,1242915.6
120,Company_120,Consumer Goods,Asia,2023,3045.9,1.3,735.2,18.2,58.7,61.9,26.8,87.4,467179.8,583974.8,2335899.2
398,Company_398,Finance,Latin America,2016,827.0,15.8,1436.5,17.3,67.6,100.0,90.3,12.4,8270.3,4135.1,20675.7
12,Company_12,Finance,Asia,2015,3081.4,9.4,2730.3,,52.8,90.4,43.2,24.7,34963.6,17481.8,87409.0
769,Company_769,Manufacturing,North America,2021,2005.0,-1.5,8849.9,15.4,26.5,23.1,19.3,37.1,624557.5,832743.3,10409291.6
223,Company_223,Transportation,Latin America,2022,293.4,3.7,189.7,-13.0,38.1,38.7,64.3,11.4,163565.1,27260.8,545217.0
635,Company_635,Transportation,Latin America,2019,730.7,-2.1,873.2,-8.8,41.0,61.7,29.1,32.2,336633.7,56105.6,1122112.4
480,Company_480,Retail,Middle East,2021,588.1,4.2,441.3,-11.0,33.2,21.3,22.5,55.8,61810.5,30905.3,123621.0
237,Company_237,Finance,Asia,2020,2616.8,16.2,8145.4,-3.0,64.6,100.0,55.1,38.8,26168.3,13084.1,65420.7
836,Company_836,Retail,Europe,2016,854.5,2.3,206.3,-17.2,61.1,68.9,64.5,49.8,61329.7,30664.9,122659.5
791,Company_791,Retail,Europe,2023,2148.6,11.5,5583.6,8.9,47.9,1.1,49.9,92.6,256219.2,128109.6,512438.4
198,Company_198,Manufacturing,North America,2021,414.7,10.6,488.7,-9.8,48.3,32.4,32.5,80.1,121057.4,161409.9,2017623.4
299,Company_299,Consumer Goods,North America,2020,2866.0,10.4,4389.9,14.9,54.8,44.9,67.2,52.4,507719.6,634649.4,2538597.8
415,Company_415,Energy,North America,2015,2312.8,-2.8,6681.7,,41.5,23.1,75.6,25.9,2401203.3,720361.0,24012033.2
328,Company_328,Retail,Asia,2023,2302.4,8.4,3424.0,-1.7,77.6,82.9,61.1,88.7,142632.0,71316.0,285264.1
429,Company_429,Finance,North America,2025,678.3,8.3,1075.3,-4.1,82.8,98.0,91.2,59.3,6976.2,3488.1,17440.4
909,Company_909,Finance,Latin America,2020,4750.6,28.0,15855.6,-10.2,63.9,100.0,62.4,29.2,47505.8,23752.9,118764.6
343,Company_343,Finance,Asia,2021,13127.9,14.7,36317.0,12.8,61.6,96.8,30.2,57.7,137183.1,68591.5,342957.7
633,Company_633,Utilities,Europe,2022,344.9,14.5,719.7,10.3,68.0,56.8,72.7,74.5,221337.5,138335.9,2213374.9
368,Company_368,Finance,Europe,2016,3748.5,13.4,6439.1,7.4,72.5,93.1,63.7,60.6,41121.2,20560.6,102803.0
319,Company_319,Finance,Africa,2019,14119.4,27.0,74357.0,-3.7,61.5,75.8,77.7,31.0,189128.3,94564.2,472820.8
128,Company_128,Utilities,Africa,2025,713.5,3.3,277.9,9.0,36.6,49.4,42.7,17.9,487747.3,304842.0,4877472.5
671,Company_671,Technology,Middle East,2020,10975.5,13.6,39923.7,13.1,48.7,77.8,40.5,27.8,359844.8,215906.9,719689.7
648,Company_648,Utilities,Middle East,2016,277.3,8.7,297.6,-8.7,19.1,8.5,12.4,36.3,252941.4,158088.4,2529414.2
866,Company_866,Utilities,Oceania,2018,955.6,11.0,977.8,3.3,57.4,57.3,69.5,45.3,610849.7,381781.1,6108496.9
235,Company_235,Healthcare,Middle East,2020,677.8,11.4,1074.8,25.9,33.4,69.4,23.0,7.8,48408.7,48408.7,96817.4
493,Company_493,Energy,Latin America,2021,1112.9,-20.0,4338.6,4.1,45.5,51.3,66.5,18.6,935617.2,280685.1,9356171.6
298,Company_298,Utilities,Middle East,2017,1282.8,12.2,1564.9,-0.9,33.6,30.9,50.2,19.8,1009777.4,631110.9,10097774.1
957,Company_957,Technology,Latin America,2015,565.8,19.8,3273.5,,48.4,80.7,39.0,25.4,17968.8,10781.3,35937.7
170,Company_170,Energy,Europe,2023,497.5,-17.5,2390.2,-13.4,48.5,24.9,38.4,82.2,510173.8,153052.1,5101738.1
992,Company_992,Consumer Goods,North America,2016,1453.6,6.9,1104.8,-8.6,48.5,36.2,59.9,49.3,275163.9,343954.9,1375819.7
458,Company_458,Transportation,Asia,2015,2249.9,7.1,3068.6,,23.2,0.8,42.3,26.4,1612202.3,268700.4,5374007.5
230,Company_230,Transportation,Europe,2017,310.3,6.4,235.2,11.8,66.9,39.3,71.4,90.2,172224.0,28704.0,574080.1
492,Company_492,Manufacturing,Africa,2019,1865.1,0.6,186.3,-1.4,48.0,17.8,75.3,50.9,601883.2,802510.9,10031386.5
166,Company_166,Energy,Latin America,2020,1214.9,14.1,1507.7,-3.5,49.3,37.9,80.7,29.2,1135463.9,340639.2,11354639.2
783,Company_783,Manufacturing,Middle East,2018,2946.1,7.7,2171.5,16.8,33.6,8.6,57.3,34.9,1007417.3,1343223.0,16790287.8
5,Company_5,Finance,Middle East,2022,3094.2,20.1,9600.4,-0.8,47.6,78.4,22.3,42.3,40314.0,20157.0,100785.1
354,Company_354,Manufacturing,Oceania,2020,1710.4,2.0,714.5,10.6,53.5,40.0,95.3,25.1,471958.4,629277.9,7865973.2
607,Company_607,Healthcare,Europe,2020,28391.2,24.6,134652.2,13.4,88.4,96.6,88.7,79.9,1486442.8,1486442.8,2972885.7
326,Company_326,Finance,Asia,2017,2058.9,16.1,3118.8,7.0,58.5,92.2,32.7,50.6,22839.1,11419.5,57097.6
416,Company_416,Healthcare,Middle East,2015,2803.2,4.3,2920.7,,52.3,58.7,62.2,36.1,221286.0,221286.0,442572.0
826,Company_826,Transportation,Latin America,2019,678.3,19.0,1280.0,6.7,58.1,26.8,74.0,73.6,412157.8,68693.0,1373859.4
472,Company_472,Healthcare,Europe,2020,3544.1,18.1,9746.7,5.7,95.3,96.5,97.3,92.2,185991.8,185991.8,371983.7
169,Company_169,Consumer Goods,Latin America,2025,1570.1,0.6,143.2,18.9,58.2,62.2,99.3,13.0,240180.8,300225.9,1200903.8
561,Company_561,Healthcare,Africa,2016,1486.2,16.5,4895.7,0.1,35.2,66.9,8.2,30.5,108765.2,108765.2,217530.3
955,Company_955,Transportation,Asia,2015,479.2,5.6,308.6,,60.1,48.5,70.8,61.0,247310.7,41218.5,824369.1
887,Company_887,Utilities,Oceania,2015,2853.0,9.0,2789.9,,54.5,44.7,83.2,35.6,2024809.6,1265506.0,20248096.0
546,Company_546,Energy,Asia,2019,1038.2,14.8,2230.5,-21.2,38.8,34.9,58.0,23.5,992005.4,297601.6,9920054.4
886,Company_886,Retail,Oceania,2020,1268.6,9.0,2122.6,0.0,62.0,71.7,58.2,56.2,88566.8,44283.4,177133.7
924,Company_924,Retail,Africa,2020,897.1,0.6,116.0,5.4,46.3,76.2,34.8,27.9,59817.2,29908.6,119634.5
39,Company_39,Transportation,Latin America,2022,1867.7,5.8,1653.1,17.9,51.3,26.9,70.7,56.2,1133580.4,188930.1,3778601.2
390,Company_390,Energy,Asia,2020,4545.9,35.8,24183.6,-1.0,27.9,24.0,33.0,26.9,4692956.0,1407886.8,46929560.0
625,Company_625,Energy,Middle East,2018,5250.6,6.5,4610.4,3.3,35.8,35.4,31.5,40.3,4998715.9,1499614.8,49987158.5
623,Company_623,Consumer Goods,North America,2024,1013.8,6.2,1464.4,5.0,60.6,38.5,54.8,88.5,188655.7,235819.6,943278.4
21,Company_21,Energy,Asia,2023,1721.3,11.6,3276.9,4.2,36.6,29.6,41.3,38.9,1708731.8,512619.5,17087318.0
575,Company_575,Energy,Africa,2020,1702.0,-0.4,4220.2,9.4,42.9,53.9,34.4,40.5,1399766.8,419930.1,13997668.3
250,Company_250,Manufacturing,Middle East,2017,1585.6,5.6,1758.1,4.0,45.7,49.6,52.8,34.6,405778.4,541037.9,6762973.8
876,Company_876,Healthcare,Oceania,2025,3361.4,17.9,12338.4,3.2,59.7,95.4,49.4,34.4,179004.9,179004.9,358009.8
896,Company_896,Manufacturing,North America,2025,269.6,-6.6,312.1,-8.3,61.5,60.7,53.7,70.1,62697.9,83597.2,1044964.4
541,Company_541,Technology,Asia,2023,3202.9,32.0,17751.3,20.4,44.1,34.6,60.8,36.9,153399.6,92039.7,306799.2
266,Company_266,Technology,Oceania,2021,8455.3,6.0,7759.0,-0.6,58.9,60.6,71.1,45.0,327898.1,196738.9,655796.2
845,Company_845,Retail,Middle East,2019,1074.8,0.1,22.3,9.9,56.7,69.2,47.8,53.1,76936.8,38468.4,153873.6
333,Company_333,Technology,Africa,2016,18433.0,25.3,76166.5,1.6,47.8,84.8,47.3,11.3,559130.9,335478.5,1118261.8
505,Company_505,Transportation,North America,2024,272.0,22.1,960.6,1.4,71.7,32.0,85.0,98.0,159277.4,26546.2,530924.6
454,Company_454,Manufacturing,Middle East,2023,2580.0,9.6,4806.1,-9.1,34.5,47.1,32.6,23.9,673548.5,898064.6,11225808.0
103,Company_103,Retail,Africa,2021,1156.6,6.9,1238.7,5.4,55.3,77.9,44.6,43.3,75716.0,37858.0,151432.0
991,Company_991,Transportation,Middle East,2015,393.5,6.1,407.4,,38.7,29.9,31.4,54.7,233928.0,38988.0,779760.0
212,Company_212,Consumer Goods,Asia,2025,1114.5,4.2,517.9,3.7,54.7,48.9,34.5,80.6,191114.4,238893.1,955572.2
201,Company_201,Utilities,Europe,2023,2026.6,12.8,3310.7,9.6,71.0,22.4,90.6,100.0,1691020.5,1056887.8,16910205.4
902,Company_902,Utilities,Africa,2017,595.2,13.2,968.5,6.7,22.8,38.3,23.2,6.8,443756.5,277347.8,4437565.0
892,Company_892,Transportation,Latin America,2023,882.0,4.5,357.4,2.1,39.1,26.1,62.4,28.8,538521.9,89753.6,1795073.0
466,Company_466,Consumer Goods,Oceania,2023,1934.4,-0.5,4197.0,8.2,64.4,73.1,97.4,22.7,266280.6,332850.7,1331402.9
287,Company_287,Transportation,Africa,2022,328.7,0.1,4.9,2.7,48.1,65.2,52.9,26.2,146708.4,24451.4,489028.0
886,Company_886,Retail,Oceania,2025,1128.8,8.6,1410.1,-1.0,63.5,78.4,58.1,54.1,73509.5,36754.7,147018.9
787,Company_787,Utilities,North America,2018,1050.2,8.4,977.5,13.3,42.9,49.5,64.7,14.5,717247.3,448279.6,7172473.3
687,Company_687,Retail,Oceania,2022,7626.1,1.2,1830.9,14.2,45.0,38.1,66.5,30.4,711681.2,355840.6,1423362.5
961,Company_961,Transportation,Europe,2025,140.6,3.1,59.8,-8.5,53.1,20.5,68.1,70.6,89143.3,14857.2,297144.5
216,Company_216,Transportation,Asia,2024,3255.0,-3.6,7238.2,14.0,56.4,12.9,77.6,78.8,2167900.9,361316.8,7226336.3
149,Company_149,Technology,Africa,2019,9979.0,16.0,26688.2,15.7,51.6,87.1,41.2,26.4,294543.5,176726.1,589087.0
753,Company_753,Healthcare,Europe,2022,1376.2,28.1,8786.2,2.7,80.6,70.4,79.0,92.3,97352.7,97352.7,194705.4
209,Company_209,Consumer Goods,North America,2025,1890.3,-4.9,2268.0,6.7,60.5,65.2,32.1,84.0,281065.3,351331.6,1405326.3
629,Company_629,Retail,Latin America,2018,1178.9,6.3,1486.5,18.0,60.6,71.3,53.5,57.1,82615.1,41307.5,165230.2
387,Company_387,Consumer Goods,Europe,2021,1430.2,12.8,1940.4,16.8,57.7,32.7,54.6,85.9,277854.8,347318.5,1389274.0
714,Company_714,Transportation,Latin America,2018,241.7,13.7,406.6,-5.7,50.9,39.6,70.3,42.9,133852.4,22308.7,446174.5
742,Company_742,Transportation,Oceania,2021,1023.9,6.9,837.5,5.2,48.3,44.1,24.4,76.5,547583.7,91264.0,1825279.1
933,Company_933,Consumer Goods,Latin America,2024,3731.5,15.4,9724.4,2.9,56.4,91.3,49.4,28.5,418756.0,523445.0,2093780.2
864,Company_864,Consumer Goods,Africa,2016,1884.7,16.9,5745.2,18.7,50.3,48.9,54.5,47.5,323422.3,404277.9,1617111.6
775,Company_775,Manufacturing,Europe,2016,201.9,9.3,222.4,6.5,54.1,33.1,66.7,62.6,58632.2,78176.3,977203.4
612,Company_612,Utilities,Oceania,2020,590.4,1.8,95.9,-3.6,65.0,40.0,73.1,81.9,434664.2,271665.2,4346642.4
742,Company_742,Transportation,Oceania,2025,1653.7,9.9,3255.9,20.3,54.2,53.3,26.3,83.1,820128.1,136688.0,2733760.4
765,Company_765,Transportation,Asia,2020,975.0,5.1,990.1,12.9,42.8,9.6,62.1,56.6,662673.2,110445.5,2208910.5
447,Company_447,Utilities,North America,2023,1556.6,8.1,1076.1,3.1,43.5,42.4,16.5,71.6,1124560.5,702850.3,11245605.5
694,Company_694,Consumer Goods,North America,2020,3310.8,5.9,4429.2,10.6,71.5,62.9,58.5,92.9,503041.4,628801.8,2515207.2
468,Company_468,Utilities,Asia,2021,804.4,3.6,409.0,-15.3,54.0,37.1,37.1,87.8,605292.0,378307.5,6052920.1
992,Company_992,Consumer Goods,North America,2021,1299.2,9.0,2002.9,4.2,56.2,45.3,62.1,61.1,229389.2,286736.5,1146946.0
614,Company_614,Finance,Asia,2019,5029.2,8.1,6379.1,11.4,78.3,99.3,86.5,49.3,50798.2,25399.1,126995.4
816,Company_816,Manufacturing,Middle East,2015,1543.7,9.9,3191.4,,26.2,43.5,20.1,15.0,414801.4,553068.6,6913357.3
232,Company_232,Manufacturing,Asia,2024,1381.0,14.6,1906.7,-4.0,29.1,21.1,29.5,36.8,436083.9,581445.1,7268064.3
469,Company_469,Retail,Middle East,2024,2068.9,-1.4,7636.2,9.4,52.4,33.8,66.9,56.4,199251.6,99625.8,398503.3
86,Company_86,Finance,Asia,2018,2901.7,12.7,5272.5,-2.1,47.6,99.9,30.8,12.0,29047.4,14523.7,72618.6
565,Company_565,Utilities,Europe,2020,1593.4,6.8,1583.7,-3.7,43.9,30.0,50.1,51.7,1261914.5,788696.6,12619145.1
889,Company_889,Healthcare,Middle East,2017,2572.9,7.1,2779.2,-0.5,27.1,38.0,6.1,37.0,240278.6,240278.6,480557.3
861,Company_861,Consumer Goods,Asia,2023,1650.3,9.5,1610.9,-1.3,47.4,55.0,68.8,18.6,269091.6,336364.5,1345457.9
973,Company_973,Transportation,Latin America,2024,444.5,5.2,421.1,-10.1,34.5,23.8,42.2,37.5,275557.5,45926.3,918525.1
241,Company_241,Finance,Asia,2019,7354.3,10.6,10206.7,8.8,83.4,94.8,75.2,80.3,78888.6,39444.3,197221.5
876,Company_876,Healthcare,Oceania,2017,2124.9,18.9,8136.7,12.1,58.2,80.8,54.5,39.4,134837.1,134837.1,269674.2
288,Company_288,Technology,Asia,2023,42164.5,24.8,342674.8,25.9,64.9,79.9,72.5,42.3,1351015.1,810609.1,2702030.3
331,Company_331,Consumer Goods,Africa,2024,432.5,17.1,1718.0,10.1,36.7,27.2,73.6,9.3,87337.4,109171.7,436686.9
845,Company_845,Retail,Middle East,2023,1458.2,-1.5,852.4,9.4,57.7,68.0,46.8,58.3,105597.9,52798.9,211195.8
188,Company_188,Consumer Goods,Oceania,2019,3602.2,8.6,5187.4,14.1,51.2,66.9,59.8,26.9,527274.8,659093.5,2636374.0
423,Company_423,Healthcare,Oceania,2018,4710.6,18.8,11536.0,2.7,61.1,66.5,39.5,77.4,346065.6,346065.6,692131.2
735,Company_735,Finance,Middle East,2015,3811.0,14.4,8602.0,,51.7,100.0,20.5,34.5,38111.0,19055.5,95277.6
256,Company_256,Manufacturing,Middle East,2022,817.6,15.2,1475.0,10.8,41.2,15.5,55.8,52.4,267651.0,356867.9,4460849.4
940,Company_940,Healthcare,Asia,2017,582.5,9.1,1269.8,0.9,48.0,50.7,46.4,47.0,49222.8,49222.8,98445.7
869,Company_869,Healthcare,Africa,2015,700.2,14.0,2340.3,,36.3,58.7,17.0,33.1,55248.9,55248.9,110497.9
901,Company_901,Consumer Goods,Europe,2024,817.3,8.1,758.6,11.2,65.8,72.5,60.5,64.5,113208.7,141510.9,566043.6
232,Company_232,Manufacturing,Asia,2023,1438.0,12.9,2895.3,6.4,29.5,17.9,33.3,37.3,463605.5,618140.7,7726758.6
671,Company_671,Technology,Middle East,2024,16723.1,16.9,98257.9,4.6,53.7,87.1,41.8,32.4,493605.5,296163.3,987211.1
991,Company_991,Transportation,Middle East,2018,519.4,9.0,501.1,6.3,45.9,40.6,41.1,56.1,285394.8,47565.8,951315.9
476,Company_476,Retail,Asia,2018,2053.4,10.4,5235.7,1.1,46.9,41.4,36.8,62.6,186928.6,93464.3,373857.2
380,Company_380,Retail,Europe,2020,564.8,6.5,868.7,8.7,91.2,86.1,97.1,90.3,33745.6,16872.8,67491.2
877,Company_877,Retail,North America,2022,1790.5,0.1,52.6,-2.4,42.6,48.8,56.2,22.8,153761.0,76880.5,307522.0
94,Company_94,Utilities,North America,2016,325.3,9.4,248.4,-7.6,56.8,40.1,59.7,70.7,239158.4,149474.0,2391583.9
542,Company_542,Transportation,Asia,2020,572.5,-5.7,1778.9,4.8,52.2,55.5,30.0,71.0,278823.7,46470.6,929412.3
599,Company_599,Transportation,Latin America,2019,484.1,-4.4,2110.2,-20.1,53.6,40.2,74.4,46.2,266816.0,44469.3,889386.5
178,Company_178,Transportation,Latin America,2019,2654.4,6.8,1873.7,5.9,26.1,28.4,11.5,38.3,1594069.0,265678.2,5313563.3
552,Company_552,Consumer Goods,Asia,2023,922.6,22.7,3465.4,-2.4,62.7,50.8,59.0,78.3,155793.4,194741.7,778966.9
32,Company_32,Utilities,North America,2025,556.0,7.4,451.9,6.9,55.2,16.1,71.6,77.8,483791.4,302369.6,4837913.8
536,Company_536,Transportation,Middle East,2015,709.4,14.4,1985.8,,15.5,31.5,12.8,2.3,416845.5,69474.2,1389485.0
431,Company_431,Consumer Goods,Asia,2023,847.8,13.8,1705.5,10.7,72.6,59.4,79.7,78.5,132939.1,166173.8,664695.3
333,Company_333,Technology,Africa,2025,22843.0,23.1,85981.9,-12.7,57.5,93.3,58.3,21.0,624521.6,374713.0,1249043.2
854,Company_854,Manufacturing,Asia,2022,2304.8,7.9,3248.8,-1.3,46.3,54.1,40.3,44.5,567803.4,757071.2,9463390.2
424,Company_424,Finance,Europe,2019,10890.5,5.5,8766.0,16.3,86.1,98.8,62.1,97.4,110689.9,55345.0,276724.8
732,Company_732,Transportation,Latin America,2025,3310.2,-11.6,6477.3,11.3,53.7,33.0,45.9,82.2,1924978.7,320829.8,6416595.7
287,Company_287,Transportation,Africa,2019,433.5,-3.7,2095.3,-12.3,46.1,65.8,48.1,24.5,192415.2,32069.2,641383.9
476,Company_476,Retail,Asia,2025,1745.6,9.7,1841.3,-17.6,51.6,45.5,37.7,71.6,153915.8,76957.9,307831.6
505,Company_505,Transportation,North America,2015,295.5,8.3,472.4,,67.7,29.0,84.4,89.7,176812.9,29468.8,589376.4
671,Company_671,Technology,Middle East,2015,6584.2,20.6,23043.9,,47.1,69.8,39.5,32.1,234249.4,140549.7,468498.9
268,Company_268,Technology,Europe,2017,2401.2,16.1,9814.1,16.7,71.8,68.9,91.8,54.6,86196.4,51717.8,172392.7
411,Company_411,Healthcare,Africa,2015,1897.7,17.6,3400.8,,55.5,65.5,38.2,62.7,140666.3,140666.3,281332.5
122,Company_122,Energy,Europe,2024,8511.4,2.4,1730.5,17.0,60.5,49.4,75.9,56.2,7268214.4,2180464.3,72682143.7
939,Company_939,Consumer Goods,Europe,2017,800.2,16.0,3104.2,2.3,62.8,35.3,96.1,56.9,152491.0,190613.8,762455.2
666,Company_666,Finance,Middle East,2024,8056.8,8.2,6494.4,6.2,44.8,75.5,44.3,14.5,108179.1,54089.6,270447.8
781,Company_781,Technology,Asia,2020,7506.9,27.6,41002.2,-3.6,61.0,100.0,34.9,48.0,187673.2,112603.9,375346.4
816,Company_816,Manufacturing,Middle East,2023,4608.7,0.3,132.9,18.8,24.4,46.4,17.8,9.1,1210049.5,1613399.3,20167491.4
875,Company_875,Healthcare,Asia,2024,5477.5,23.2,14704.1,13.0,74.1,94.2,80.2,47.8,296236.9,296236.9,592473.9
488,Company_488,Utilities,Oceania,2019,2329.8,20.8,5643.8,8.8,47.9,45.4,46.6,51.7,1644302.3,1027689.0,16443023.3
144,Company_144,Utilities,Oceania,2025,1779.3,2.7,699.6,16.3,58.0,24.1,97.4,52.5,1468189.6,917618.5,14681896.2
129,Company_129,Healthcare,Africa,2019,1747.7,12.5,4024.7,6.3,47.5,56.0,24.3,62.1,141171.5,141171.5,282343.0
852,Company_852,Energy,Latin America,2023,149.2,25.9,357.8,-21.2,34.0,28.1,42.7,31.3,149732.8,44919.8,1497327.5
877,Company_877,Retail,North America,2020,1637.4,4.4,1654.0,6.5,41.5,48.1,56.0,20.3,141361.8,70680.9,282723.7
206,Company_206,Manufacturing,North America,2016,1069.9,11.1,2593.6,-0.0,71.3,31.7,84.0,98.1,313864.7,418486.2,5231078.0
741,Company_741,Retail,Latin America,2015,683.3,11.1,1352.6,,52.6,53.4,61.3,43.2,56472.4,28236.2,112944.7
202,Company_202,Utilities,Latin America,2016,1340.4,3.9,741.1,-2.5,39.8,53.4,31.9,34.1,886145.6,553841.0,8861455.5
239,Company_239,Manufacturing,Latin America,2019,669.5,0.8,51.7,15.4,51.1,17.4,58.9,77.1,216506.9,288675.9,3608448.9
720,Company_720,Energy,Asia,2024,12898.0,16.4,25826.3,7.6,59.2,58.9,77.1,41.7,10155528.2,3046658.5,101555282.2
330,Company_330,Transportation,Asia,2020,1743.3,22.1,4544.7,5.2,38.6,50.8,44.1,20.9,883077.7,147179.6,2943592.3
474,Company_474,Consumer Goods,Latin America,2022,2779.4,9.1,4091.4,2.5,61.5,59.5,44.4,80.5,435653.7,544567.1,2178268.3
388,Company_388,Manufacturing,Middle East,2025,729.1,4.5,632.3,12.9,53.8,74.4,34.1,52.8,148519.5,198026.0,2475325.5
901,Company_901,Consumer Goods,Europe,2015,672.6,5.7,801.0,,59.3,65.0,63.3,49.5,100178.0,125222.5,500890.1
43,Company_43,Transportation,Europe,2016,458.3,-0.5,2237.4,3.2,44.6,31.5,80.4,21.7,269289.4,44881.6,897631.3
160,Company_160,Utilities,Latin America,2020,1278.8,9.0,1446.4,5.0,49.9,49.1,27.4,73.0,875973.4,547483.4,8759734.4
799,Company_799,Consumer Goods,Oceania,2023,4551.2,1.7,1065.8,10.5,74.7,63.7,84.8,75.7,686317.3,857896.6,3431586.5
488,Company_488,Utilities,Oceania,2018,2141.5,19.7,3980.1,0.7,48.5,44.1,47.4,54.0,1527083.0,954426.9,15270830.1
447,Company_447,Utilities,North America,2022,1510.2,7.8,1534.1,8.9,41.8,38.3,14.9,72.1,1125524.2,703452.6,11255242.1
557,Company_557,Healthcare,North America,2017,4477.5,-2.5,19446.0,2.8,65.4,63.9,63.1,69.3,336877.5,336877.5,673755.0
35,Company_35,Healthcare,Middle East,2019,1020.4,16.4,2108.1,18.1,69.5,73.2,88.1,47.2,70140.5,70140.5,140281.0
283,Company_283,Retail,Asia,2019,997.8,5.2,623.0,2.9,72.0,58.5,74.7,82.9,78884.1,39442.1,157768.2
122,Company_122,Energy,Europe,2019,5134.9,-4.4,11248.9,14.0,56.9,42.8,75.3,52.6,4622659.2,1386797.8,46226591.7
970,Company_970,Healthcare,Europe,2024,5770.8,12.5,17373.3,22.2,71.9,92.2,46.4,77.1,320125.2,320125.2,640250.3
247,Company_247,Consumer Goods,Asia,2025,806.5,7.9,1064.3,-3.1,48.5,51.7,48.2,45.4,135146.7,168933.4,675733.6
554,Company_554,Manufacturing,Europe,2019,1131.2,5.5,1148.6,3.3,48.9,30.4,79.8,36.5,334947.3,446596.4,5582455.5
483,Company_483,Transportation,Asia,2025,1216.0,-7.4,4261.1,-4.7,28.5,36.0,14.5,34.9,691542.5,115257.1,2305141.6
537,Company_537,Retail,Europe,2017,728.5,2.0,203.6,2.3,55.1,29.3,75.0,60.9,72501.5,36250.8,145003.0
565,Company_565,Utilities,Europe,2017,1370.5,6.9,1226.2,-0.7,44.4,31.6,49.7,51.7,1072910.6,670569.2,10729106.4
165,Company_165,Manufacturing,Latin America,2022,3321.8,8.7,3232.5,19.1,34.3,22.0,59.8,21.2,1042109.1,1389478.9,17368485.7
173,Company_173,Transportation,Europe,2017,682.3,2.9,391.3,-4.0,54.2,23.2,53.9,85.5,424672.0,70778.7,1415573.5
804,Company_804,Energy,Europe,2024,8834.1,39.9,49350.7,-0.1,71.8,45.0,76.9,93.5,7818770.4,2345631.1,78187704.2
485,Company_485,Finance,Africa,2023,1132.1,20.0,3326.6,2.2,51.9,99.1,49.6,6.8,11458.5,5729.3,28646.3
926,Company_926,Retail,Asia,2019,292.8,7.7,492.5,-6.1,27.9,47.2,8.5,28.1,25471.9,12736.0,50943.8
109,Company_109,Energy,Africa,2016,10025.6,6.8,9103.9,-2.1,49.5,45.3,46.7,56.6,8853626.8,2656088.0,88536267.5
521,Company_521,Technology,Middle East,2023,8480.0,20.8,42171.9,14.0,72.8,98.9,74.0,45.6,215377.0,129226.2,430754.0
444,Company_444,Finance,Europe,2023,6895.5,6.6,5423.9,-0.1,91.9,100.0,87.1,88.5,68955.0,34477.5,172387.4
315,Company_315,Utilities,Asia,2015,1432.8,12.4,1752.5,,54.7,62.4,75.4,26.3,874579.1,546611.9,8745791.1
587,Company_587,Healthcare,North America,2021,3239.5,23.7,10764.3,13.9,63.1,80.4,24.9,84.0,206366.6,206366.6,412733.1
777,Company_777,Utilities,Middle East,2025,2069.6,13.3,3553.2,2.4,47.3,56.5,53.7,31.7,1331940.7,832462.9,13319406.7
855,Company_855,Healthcare,Latin America,2019,962.2,18.3,2634.5,10.4,41.7,60.6,37.6,26.9,74629.4,74629.4,149258.9
801,Company_801,Finance,Africa,2018,6723.1,17.1,22541.0,24.0,52.3,98.4,13.9,44.7,68779.2,34389.6,171948.1
748,Company_748,Healthcare,Middle East,2015,687.3,19.7,2419.0,,35.6,70.6,24.2,11.9,48501.9,48501.9,97003.9
420,Company_420,Manufacturing,Africa,2019,1856.6,6.5,2589.8,5.4,41.9,77.9,31.8,16.2,364789.4,486385.8,6079822.5
363,Company_363,Manufacturing,Asia,2025,1489.9,6.6,1734.1,0.6,53.0,30.7,58.1,70.1,440181.5,586908.7,7336359.1
926,Company_926,Retail,Asia,2024,339.5,11.2,443.7,0.8,31.5,48.9,13.5,32.1,29107.0,14553.5,58213.9
94,Company_94,Utilities,North America,2022,359.3,6.4,232.9,8.6,53.7,43.3,54.4,63.5,257734.9,161084.3,2577349.1
514,Company_514,Energy,Latin America,2025,1992.8,8.7,2473.9,-0.8,52.8,57.9,81.2,19.3,1583337.3,475001.2,15833373.2
202,Company_202,Utilities,Latin America,2024,1804.4,-0.1,2679.4,17.0,51.3,69.8,45.5,38.6,1026690.9,641681.8,10266909.4
344,Company_344,Technology,Africa,2016,3328.2,22.5,12540.9,17.0,46.3,74.5,54.7,9.8,112906.4,67743.9,225812.9
679,Company_679,Retail,Latin America,2022,941.5,5.9,645.4,0.3,40.3,31.5,31.9,57.5,92223.1,46111.5,184446.1
778,Company_778,Finance,Oceania,2016,1088.5,19.7,3202.3,-2.8,77.1,81.7,99.4,50.3,13671.2,6835.6,34178.1
160,Company_160,Utilities,Latin America,2021,1369.6,9.2,1046.5,7.1,50.8,50.5,29.4,72.6,927522.4,579701.5,9275223.9
907,Company_907,Transportation,Oceania,2015,356.4,2.8,88.0,,47.2,43.8,59.0,38.8,191050.4,31841.7,636834.6
723,Company_723,Manufacturing,Asia,2015,4964.3,16.6,10171.9,,65.1,49.6,84.4,61.3,1270047.0,1693396.0,21167449.9
394,Company_394,Transportation,Oceania,2019,1791.6,6.2,1120.6,6.7,51.2,26.6,28.8,98.2,1089967.2,181661.2,3633223.9
11,Company_11,Energy,Europe,2015,1102.8,11.0,1367.9,,59.5,44.6,75.4,58.5,978737.8,293621.3,9787378.2
737,Company_737,Technology,Asia,2023,4397.0,25.5,36149.7,22.5,32.6,52.9,31.0,13.8,182451.1,109470.7,364902.2
742,Company_742,Transportation,Oceania,2023,1314.6,2.8,453.5,19.4,50.8,49.4,23.5,79.5,673737.2,112289.5,2245790.8
266,Company_266,Technology,Oceania,2017,7238.0,6.1,9837.1,12.6,58.7,55.7,68.7,51.8,293130.5,175878.3,586261.0
138,Company_138,Energy,Latin America,2023,5842.1,5.2,5751.3,-17.6,49.0,51.0,67.5,28.6,4926639.2,1477991.8,49266392.4
946,Company_946,Healthcare,Oceania,2022,2765.4,11.8,5643.8,6.7,73.8,76.4,68.1,76.9,183857.0,183857.0,367713.9
995,Company_995,Healthcare,Latin America,2020,1984.2,15.5,5022.2,6.8,59.4,98.4,35.9,43.8,101370.9,101370.9,202741.8
908,Company_908,Technology,Africa,2017,4644.1,1.9,1753.8,12.3,60.3,89.5,33.5,58.0,133117.3,79870.4,266234.6
843,Company_843,Retail,Middle East,2017,1771.2,10.8,2053.3,12.8,59.4,71.7,93.6,13.0,123654.1,61827.1,247308.3
206,Company_206,Manufacturing,North America,2023,848.6,18.6,1619.5,-12.8,76.9,42.1,89.1,99.6,230548.8,307398.4,3842480.5
501,Company_501,Retail,Europe,2015,588.7,3.8,327.7,,51.7,28.6,81.9,44.5,58864.7,29432.4,117729.4
944,Company_944,Finance,Europe,2023,2245.5,15.4,6490.9,-5.2,54.8,98.0,22.3,44.1,23094.3,11547.1,57735.7
851,Company_851,Energy,Oceania,2019,716.0,19.4,2657.4,-6.6,73.6,73.7,50.9,96.0,489605.6,146881.7,4896056.5
665,Company_665,Technology,Asia,2019,8115.6,15.7,36843.2,4.1,56.9,64.4,40.7,65.5,304048.9,182429.3,608097.8
82,Company_82,Technology,Middle East,2017,3269.8,17.6,11670.1,3.6,62.6,96.4,67.1,24.4,85865.3,51519.2,171730.6
136,Company_136,Manufacturing,Latin America,2020,700.8,10.7,1304.0,10.7,51.0,50.8,49.4,52.7,177522.3,236696.4,2958704.4
169,Company_169,Consumer Goods,Latin America,2017,634.0,8.3,798.9,-1.1,55.5,58.0,84.9,23.5,100658.7,125823.3,503293.3
30,Company_30,Transportation,Middle East,2020,806.9,1.9,153.3,2.4,29.0,6.5,69.8,10.8,558978.8,93163.1,1863262.7
111,Company_111,Finance,Africa,2020,697.9,15.0,2066.8,5.4,44.6,96.3,15.6,22.1,7343.3,3671.6,18358.2
267,Company_267,Retail,North America,2022,1857.1,11.0,2637.1,0.0,50.9,22.3,45.2,85.3,193826.3,96913.1,387652.5
427,Company_427,Manufacturing,Asia,2018,707.3,14.6,979.2,4.5,43.2,24.5,32.7,72.5,218314.2,291085.6,3638570.2
739,Company_739,Utilities,Asia,2015,1132.4,9.0,869.0,,45.3,28.4,36.2,71.3,907174.3,566984.0,9071743.5
696,Company_696,Healthcare,Asia,2025,3939.9,13.3,5933.4,8.5,51.8,77.1,47.4,30.8,260187.4,260187.4,520374.9
860,Company_860,Consumer Goods,Oceania,2023,2599.2,11.8,6654.4,6.2,39.5,11.2,43.6,63.5,583107.5,728884.4,2915537.6
682,Company_682,Technology,Middle East,2021,7280.6,16.0,18761.2,23.4,47.9,88.5,40.1,15.1,211302.8,126781.7,422605.6
973,Company_973,Transportation,Latin America,2025,476.9,3.9,212.1,7.3,35.0,22.9,45.6,36.6,297437.1,49572.8,991457.0
103,Company_103,Retail,Africa,2022,1155.4,8.7,1177.5,-0.1,54.3,75.5,44.9,42.5,77542.4,38771.2,155084.8
531,Company_531,Consumer Goods,Oceania,2018,747.3,10.2,797.0,7.4,36.2,25.0,31.2,52.4,153173.0,191466.2,765864.9
266,Company_266,Technology,Oceania,2018,7471.2,5.2,7360.0,3.2,58.2,54.8,68.4,51.5,305007.1,183004.3,610014.2
281,Company_281,Healthcare,Middle East,2019,1449.0,7.5,2400.6,-4.2,45.8,57.4,7.1,72.9,115646.8,115646.8,231293.5
418,Company_418,Manufacturing,Oceania,2016,991.2,9.9,1089.6,-0.2,62.2,35.0,84.9,66.7,284004.6,378672.8,4733410.1
392,Company_392,Consumer Goods,Latin America,2018,1942.1,9.3,3399.4,6.6,23.5,19.1,22.2,29.2,414073.5,517591.9,2070367.6
255,Company_255,Consumer Goods,Oceania,2016,1864.4,10.1,2736.7,8.7,57.3,37.8,96.5,37.7,348856.6,436070.8,1744283.1
948,Company_948,Retail,Africa,2023,1194.5,1.8,349.2,11.8,29.8,55.4,31.7,2.3,96999.9,48500.0,193999.8
73,Company_73,Transportation,Asia,2021,1229.8,10.7,1582.1,2.4,54.0,24.6,72.1,65.3,758276.1,126379.3,2527586.9
67,Company_67,Manufacturing,Middle East,2023,471.2,7.9,799.9,2.3,54.5,43.4,46.2,73.8,126655.0,168873.3,2110916.7
595,Company_595,Consumer Goods,Oceania,2024,3621.7,28.1,17075.4,1.5,84.4,70.4,97.3,85.4,512309.2,640386.5,2561546.2
205,Company_205,Energy,Asia,2015,8972.3,37.2,50768.8,,31.9,49.0,12.3,34.3,7690982.5,2307294.7,76909824.6
17,Company_17,Utilities,Oceania,2017,3855.5,12.2,4729.2,11.4,64.7,59.5,87.0,47.7,2416031.1,1510019.5,24160311.5
886,Company_886,Retail,Oceania,2021,1209.6,9.3,2277.6,-4.7,61.5,69.1,56.7,58.7,86647.9,43323.9,173295.7
884,Company_884,Consumer Goods,North America,2024,4125.2,9.1,8874.5,-1.8,73.3,61.8,82.3,75.8,632961.7,791202.1,3164808.5
107,Company_107,Finance,Asia,2023,14837.3,22.3,47190.0,0.0,62.0,100.0,60.3,25.8,148373.1,74186.5,370932.7
882,Company_882,Energy,Europe,2023,11328.9,-1.3,47342.3,18.7,77.0,86.4,84.0,60.5,6741594.7,2022478.4,67415946.6
167,Company_167,Energy,North America,2020,8115.2,2.5,3785.3,8.3,42.6,12.7,69.0,46.0,9016027.0,2704808.1,90160269.5
899,Company_899,Manufacturing,Asia,2022,2858.8,12.3,4760.7,5.3,51.6,32.4,51.3,71.1,834869.9,1113159.9,13914499.0
477,Company_477,Manufacturing,Latin America,2015,913.2,6.7,1283.5,,41.9,49.8,48.5,27.3,233295.5,311060.7,3888258.6
806,Company_806,Finance,North America,2016,691.7,11.0,1303.3,1.4,82.9,99.6,61.4,87.7,6952.9,3476.4,17382.2
162,Company_162,Technology,North America,2025,70943.6,-0.2,186676.7,11.6,70.8,100.0,21.6,90.9,1773590.8,1064154.5,3547181.7
292,Company_292,Utilities,Asia,2015,1160.2,10.0,1129.1,,23.0,29.7,20.6,18.5,920542.0,575338.8,9205420.5
19,Company_19,Technology,Latin America,2015,69314.3,14.9,340068.5,,48.7,91.8,43.0,11.2,1931859.7,1159115.8,3863719.4
631,Company_631,Manufacturing,North America,2020,739.3,4.0,375.7,1.3,33.3,34.5,35.7,29.8,212649.3,283532.4,3544155.1
372,Company_372,Energy,Latin America,2021,11001.9,21.3,19652.2,19.8,59.5,54.8,47.5,76.3,8984564.1,2695369.2,89845640.8
50,Company_50,Consumer Goods,North America,2024,2042.9,27.6,9095.7,3.9,68.8,78.0,61.9,66.5,267185.8,333982.2,1335928.8
304,Company_304,Technology,Asia,2021,12637.1,7.5,31650.2,13.2,57.8,93.7,36.2,43.4,343764.9,206258.9,687529.7
945,Company_945,Finance,Europe,2018,1827.7,8.6,2872.0,9.1,67.7,61.7,91.7,49.7,28069.3,14034.6,70173.1
507,Company_507,Manufacturing,Europe,2022,829.2,19.1,2233.7,4.5,72.7,100.0,91.2,26.9,124382.1,165842.9,2073035.7
844,Company_844,Utilities,Africa,2017,1010.3,5.6,561.7,13.8,30.0,61.8,10.4,17.9,620276.0,387672.5,6202760.5
527,Company_527,Retail,Asia,2015,713.6,9.3,882.1,,31.9,26.7,51.9,17.2,72313.1,36156.5,144626.2
231,Company_231,Technology,Europe,2017,4053.4,16.7,18333.7,-4.5,66.1,67.4,96.7,34.1,147518.3,88511.0,295036.6
211,Company_211,Consumer Goods,Oceania,2019,1364.7,11.8,2219.8,-5.2,67.1,38.5,72.4,90.5,254034.3,317542.9,1270171.6
736,Company_736,Finance,Europe,2025,1565.1,16.2,2496.1,7.4,68.6,79.7,65.9,60.3,20104.6,10052.3,50261.6
847,Company_847,Finance,Oceania,2025,4425.9,8.5,4387.8,-6.7,63.3,100.0,58.9,30.9,44258.8,22129.4,110646.9
814,Company_814,Consumer Goods,Latin America,2019,1023.7,9.6,1345.2,4.3,60.7,47.6,91.9,42.5,177398.2,221747.7,886990.9
7,Company_7,Healthcare,Oceania,2015,4664.1,6.2,4597.8,,53.0,74.6,37.1,47.5,316163.3,316163.3,632326.6
429,Company_429,Finance,North America,2019,846.3,10.2,912.8,5.8,81.1,100.0,86.9,56.3,8462.9,4231.4,21157.1
297,Company_297,Retail,Africa,2019,569.6,6.5,466.3,-6.6,48.7,41.1,63.3,41.6,51947.3,25973.7,103894.7
234,Company_234,Utilities,Asia,2024,583.0,15.8,927.5,14.4,36.5,28.3,22.2,58.9,467186.5,291991.6,4671865.4
926,Company_926,Retail,Asia,2020,275.3,9.1,507.8,-6.0,27.6,46.4,8.8,27.7,24095.1,12047.5,48190.1
699,Company_699,Transportation,Oceania,2022,768.9,-8.1,613.7,9.1,65.3,36.9,89.9,69.1,434501.8,72417.0,1448339.2
57,Company_57,Utilities,Middle East,2021,946.6,-5.9,1575.6,3.6,28.8,38.2,17.2,31.1,706345.9,441466.2,7063459.5
153,Company_153,Consumer Goods,Oceania,2024,1037.2,19.4,4440.9,6.1,61.0,47.4,70.8,64.8,180153.2,225191.4,900765.8
72,Company_72,Utilities,Latin America,2021,595.2,8.4,714.3,-11.5,43.7,41.7,39.7,49.6,432362.2,270226.4,4323622.0
303,Company_303,Energy,Oceania,2025,668.7,6.6,483.8,-6.7,57.9,25.8,74.8,73.2,681451.1,204435.3,6814510.7
770,Company_770,Retail,North America,2019,1277.5,9.3,1626.4,-5.2,45.4,34.7,66.1,35.5,122267.1,61133.5,244534.1
658,Company_658,Utilities,North America,2017,1856.4,12.4,2137.1,6.3,56.8,58.8,48.1,63.4,1170799.5,731749.7,11707995.2
299,Company_299,Consumer Goods,North America,2017,2394.0,11.0,6271.8,9.6,50.9,45.5,61.5,45.8,422150.6,527688.3,2110753.0
525,Company_525,Utilities,North America,2018,573.7,8.2,488.3,1.4,47.9,52.3,33.8,57.6,382827.6,239267.3,3828276.4
821,Company_821,Manufacturing,Africa,2015,938.3,2.7,403.7,,26.5,40.3,11.5,27.8,258329.1,344438.8,4305485.2
492,Company_492,Manufacturing,Africa,2021,2080.1,-4.2,7147.8,11.3,43.5,10.7,73.5,46.3,702195.4,936260.5,11703256.1
867,Company_867,Retail,Oceania,2018,420.5,8.6,507.4,-9.7,47.6,46.3,40.5,55.9,36836.2,18418.1,73672.5
838,Company_838,Finance,Latin America,2024,19744.7,2.6,4300.1,23.9,81.8,84.5,85.7,75.3,240330.8,120165.4,600826.9
44,Company_44,Healthcare,Oceania,2020,10346.8,29.7,52205.3,1.1,55.2,42.8,35.6,87.2,931780.8,931780.8,1863561.7
717,Company_717,Energy,North America,2021,14339.6,32.9,73560.9,15.9,64.4,31.4,75.3,86.5,14057896.3,4217368.9,140578962.9
912,Company_912,Finance,North America,2018,981.3,19.4,3300.7,6.2,73.6,90.7,48.1,81.9,11086.2,5543.1,27715.4
241,Company_241,Finance,Asia,2022,8960.5,3.4,5220.1,1.6,85.3,98.1,83.1,74.7,91996.9,45998.5,229992.4
607,Company_607,Healthcare,Europe,2025,61413.6,24.6,220364.6,17.1,88.1,95.5,88.3,80.4,3265464.3,3265464.3,6530928.6
797,Company_797,Manufacturing,North America,2015,1494.9,9.4,2724.2,,58.7,46.4,50.8,78.7,392458.2,523277.7,6540970.7
94,Company_94,Utilities,North America,2025,275.3,5.0,159.5,-8.8,57.8,46.9,59.7,66.9,191932.3,119957.7,1919323.0
520,Company_520,Manufacturing,Latin America,2015,1571.2,20.9,3231.8,,43.5,35.3,51.3,43.9,449141.6,598855.5,7485693.5
237,Company_237,Finance,Asia,2017,2552.7,13.0,4681.6,8.9,61.6,97.9,48.5,38.5,26292.3,13146.2,65730.8
965,Company_965,Healthcare,Middle East,2022,2192.9,20.1,9132.8,7.0,50.0,100.0,18.4,31.5,109643.1,109643.1,219286.3
764,Company_764,Energy,Africa,2021,23665.0,6.6,29685.9,22.4,61.4,45.4,48.3,90.4,20875495.7,6262648.7,208754957.4
956,Company_956,Finance,Oceania,2022,5021.4,14.0,8875.4,8.7,62.9,98.3,48.0,42.2,51387.0,25693.5,128467.4
32,Company_32,Utilities,North America,2018,450.7,4.4,253.8,5.3,52.0,9.3,73.6,73.0,409187.7,255742.3,4091876.6
451,Company_451,Consumer Goods,Oceania,2019,5987.2,10.3,13984.4,-6.3,78.4,68.2,80.6,86.3,865457.5,1081821.8,4327287.3
171,Company_171,Utilities,Oceania,2016,541.0,8.1,599.1,1.9,47.5,20.8,60.8,60.9,456409.8,285256.1,4564098.3
609,Company_609,Manufacturing,Latin America,2022,6181.3,11.1,14381.9,9.7,40.2,31.5,76.9,12.3,1816604.2,2422139.0,30276737.2
554,Company_554,Manufacturing,Europe,2020,1275.2,4.3,1137.6,12.7,49.3,32.1,80.8,35.2,373134.3,497512.4,6218905.3
363,Company_363,Manufacturing,Asia,2019,1125.3,2.9,566.7,2.9,47.7,21.6,53.8,67.8,354088.8,472118.4,5901479.5
962,Company_962,Finance,Middle East,2016,2137.5,16.4,6529.0,17.5,48.4,78.2,31.6,35.3,27889.8,13944.9,69724.5
263,Company_263,Utilities,Africa,2021,1547.2,12.0,2134.9,1.0,33.1,31.7,16.7,50.8,1210820.8,756763.0,12108207.8
421,Company_421,Retail,Africa,2018,1172.0,5.0,993.1,10.7,70.1,65.6,74.1,70.5,86789.7,43394.9,173579.4
439,Company_439,Utilities,North America,2015,526.3,10.2,523.7,,77.7,67.2,71.6,94.3,307326.6,192079.1,3073265.7
21,Company_21,Energy,Asia,2015,2021.8,9.9,1956.4,,30.6,21.9,38.6,31.4,2116341.2,634902.3,21163411.5
920,Company_920,Finance,Africa,2025,1191.7,25.3,2426.1,-0.6,68.4,100.0,26.0,79.3,11917.3,5958.6,29793.2
985,Company_985,Healthcare,Oceania,2020,8353.1,14.5,12752.2,2.6,63.9,42.9,57.7,91.2,751698.3,751698.3,1503396.7
834,Company_834,Technology,Oceania,2025,19224.2,13.3,46957.7,13.4,87.7,100.0,69.1,94.0,480605.3,288363.2,961210.5
509,Company_509,Technology,Europe,2021,18256.2,17.1,84237.2,11.3,66.8,99.9,72.4,28.0,456930.5,274158.3,913861.1
705,Company_705,Consumer Goods,Africa,2018,1297.0,20.6,3227.1,6.3,35.4,55.7,49.2,1.4,210141.2,262676.5,1050706.1
486,Company_486,Healthcare,Middle East,2018,1290.2,24.5,7614.9,11.0,75.1,86.5,78.4,60.3,76660.1,76660.1,153320.1
366,Company_366,Manufacturing,Africa,2016,830.0,7.3,1215.0,-9.4,22.5,30.1,14.3,23.1,246404.0,328538.7,4106733.8
706,Company_706,Healthcare,North America,2022,8667.4,12.3,14895.6,12.4,65.3,77.9,41.5,76.5,567284.5,567284.5,1134568.9
387,Company_387,Consumer Goods,Europe,2017,1020.4,14.3,3320.3,12.9,57.3,37.2,60.4,74.1,191678.8,239598.5,958394.0
917,Company_917,Energy,Middle East,2020,9808.0,-4.6,22852.6,9.3,26.7,23.3,29.3,27.5,10169070.5,3050721.1,101690704.8
660,Company_660,Consumer Goods,Africa,2015,1897.4,17.4,6707.3,,27.2,18.5,41.2,22.0,406226.9,507783.6,2031134.5
840,Company_840,Utilities,Africa,2023,1789.9,2.5,662.9,21.9,57.9,82.4,17.8,73.5,891881.5,557426.0,8918815.5
581,Company_581,Energy,Oceania,2025,11619.0,1.4,2148.2,19.5,63.6,32.9,84.2,73.8,11269336.2,3380800.8,112693361.6
713,Company_713,Energy,Oceania,2019,2733.4,-3.1,4620.6,-13.1,64.6,46.2,98.5,49.1,2395527.1,718658.1,23955271.5
386,Company_386,Utilities,Asia,2021,2302.6,7.3,1872.0,5.6,58.4,67.9,70.4,36.9,1334777.9,834236.2,13347779.3
469,Company_469,Retail,Middle East,2018,1399.4,0.7,189.2,5.0,46.5,27.8,62.4,49.3,140668.1,70334.0,281336.2
911,Company_911,Manufacturing,Europe,2019,489.6,0.6,37.4,13.8,83.0,95.8,61.5,91.6,77725.3,103633.7,1295421.4
906,Company_906,Energy,Asia,2015,6113.2,5.8,3930.0,,56.6,52.7,78.6,38.4,5080011.6,1524003.5,50800115.6
843,Company_843,Retail,Middle East,2019,1917.9,12.0,3333.6,13.2,59.6,70.7,95.4,12.7,135169.1,67584.6,270338.2
262,Company_262,Transportation,Oceania,2025,1780.7,23.8,7836.6,22.2,59.4,50.2,57.0,71.0,906708.9,151118.2,3022363.0
153,Company_153,Consumer Goods,Oceania,2020,920.1,11.7,2567.0,10.8,59.2,43.5,67.6,66.6,164815.5,206019.3,824077.4
685,Company_685,Energy,North America,2020,7268.1,-13.8,5381.4,15.2,45.8,20.6,55.9,60.9,7673227.0,2301968.1,76732270.3
82,Company_82,Technology,Middle East,2025,6096.2,34.4,43066.8,1.1,72.3,95.6,84.1,37.0,161711.0,97026.6,323422.1
815,Company_815,Technology,North America,2016,12975.4,23.5,106497.1,2.2,54.0,83.2,54.0,24.9,400768.9,240461.3,801537.8
209,Company_209,Consumer Goods,North America,2023,1561.0,-3.8,2127.8,2.7,59.8,60.5,29.6,89.3,242351.1,302938.9,1211755.6
690,Company_690,Finance,Europe,2021,3445.2,15.6,9996.7,7.0,86.7,96.5,87.2,76.3,36157.4,18078.7,90393.6
465,Company_465,Retail,Oceania,2022,1249.2,4.4,901.0,2.6,65.1,36.9,95.5,62.9,117679.9,58840.0,235359.8
27,Company_27,Healthcare,Europe,2025,6291.5,9.1,12161.5,19.4,67.5,100.0,55.0,47.7,314574.8,314574.8,629149.6
880,Company_880,Retail,Latin America,2024,6939.7,0.7,915.4,4.0,52.2,41.7,38.0,77.0,630436.2,315218.1,1260872.3
378,Company_378,Technology,Oceania,2021,1907.3,31.0,19915.4,9.8,90.8,85.0,99.6,88.0,57717.5,34630.5,115435.0
486,Company_486,Healthcare,Middle East,2020,1577.0,21.3,7139.1,13.4,76.0,87.8,79.2,61.0,92319.2,92319.2,184638.5
3,Company_3,Transportation,Latin America,2020,337.9,2.7,76.5,4.7,30.8,17.7,42.0,32.6,218171.7,36362.0,727239.0
631,Company_631,Manufacturing,North America,2018,648.5,6.3,501.6,-5.2,29.9,29.9,29.8,30.0,192776.8,257035.7,3212946.8
740,Company_740,Manufacturing,Africa,2017,519.4,12.2,976.8,-2.7,42.0,15.1,57.5,53.3,170488.3,227317.7,2841471.3
736,Company_736,Finance,Europe,2016,1663.1,14.8,2228.3,2.8,62.6,79.1,59.9,48.9,21504.8,10752.4,53762.1
903,Company_903,Manufacturing,Oceania,2023,6568.8,3.0,3343.2,13.8,50.7,15.7,59.3,77.0,2147508.6,2863344.8,35791810.1
296,Company_296,Utilities,Latin America,2018,596.3,8.9,732.4,5.4,51.9,50.4,71.5,33.8,404289.7,252681.1,4042897.0
807,Company_807,Transportation,Asia,2019,1071.1,9.3,1324.9,-1.5,62.0,20.9,83.9,81.2,677055.1,112842.5,2256850.3
574,Company_574,Transportation,Latin America,2018,1735.2,9.7,2000.8,6.3,30.3,17.4,50.4,23.0,1122319.0,187053.2,3741063.2
235,Company_235,Healthcare,Middle East,2021,691.8,13.0,2092.2,2.1,34.3,70.6,22.0,10.2,48817.5,48817.5,97635.0
488,Company_488,Utilities,Oceania,2021,2705.8,17.5,5563.3,1.0,50.5,51.2,45.8,54.5,1821502.1,1138438.8,18215021.4
609,Company_609,Manufacturing,Latin America,2015,4016.5,6.6,3256.0,,34.3,23.8,68.9,10.3,1244900.6,1659867.4,20748342.7
624,Company_624,Healthcare,Africa,2022,2105.1,22.2,10092.9,2.0,52.1,65.1,32.5,58.7,156665.3,156665.3,313330.6
125,Company_125,Finance,Middle East,2021,3888.1,4.0,2535.3,-0.5,40.4,98.2,22.9,0.0,39851.2,19925.6,99627.9
986,Company_986,Retail,Latin America,2022,4157.8,-1.0,9773.1,18.9,25.3,31.2,21.1,23.4,408171.5,204085.7,816342.9
760,Company_760,Manufacturing,Europe,2021,2263.3,-1.5,8324.5,-6.3,77.4,57.4,97.4,77.4,541975.4,722633.9,9032923.3
917,Company_917,Energy,Middle East,2024,14453.7,-17.8,64735.6,9.4,29.5,36.6,25.1,27.0,13645502.6,4093650.8,136455025.8
970,Company_970,Healthcare,Europe,2023,4721.5,9.9,11630.3,16.2,70.5,90.4,44.4,76.8,267824.5,267824.5,535648.9
62,Company_62,Technology,Asia,2025,10231.1,27.8,79270.5,11.1,60.6,91.6,26.3,64.1,285937.9,171562.7,571875.7
932,Company_932,Manufacturing,Latin America,2023,340.9,6.6,248.8,-4.6,52.8,27.6,75.0,55.8,102958.3,137277.7,1715971.4
435,Company_435,Retail,Middle East,2016,1093.5,11.5,2371.7,-0.6,21.5,44.8,8.1,11.6,96905.0,48452.5,193809.9
288,Company_288,Technology,Asia,2017,18938.4,21.0,123371.3,9.6,62.7,76.6,73.4,38.1,628888.5,377333.1,1257777.1
272,Company_272,Energy,Oceania,2021,3776.1,29.4,15061.9,3.1,49.4,29.1,86.1,32.9,3761266.3,1128379.9,37612663.2
447,Company_447,Utilities,North America,2017,1440.6,10.2,1703.7,0.3,35.2,29.1,11.3,65.3,1148138.5,717586.6,11481385.4
172,Company_172,Energy,Asia,2016,6253.6,14.6,16369.7,5.2,41.3,19.9,70.0,34.1,6635262.2,1990578.6,66352621.6
646,Company_646,Energy,Europe,2025,134253.3,11.6,300465.1,15.7,84.6,56.3,100.0,97.6,108229578.1,32468873.4,1082295780.8
177,Company_177,Manufacturing,North America,2019,2296.2,19.8,9993.6,25.0,45.6,30.0,61.7,45.3,682208.2,909610.9,11370136.1
300,Company_300,Manufacturing,Europe,2022,1184.4,4.2,463.6,-1.9,60.8,45.4,69.8,67.3,313586.7,418115.6,5226444.7
322,Company_322,Consumer Goods,Middle East,2018,1432.5,3.9,1235.3,-2.5,46.5,68.0,35.2,36.2,207512.2,259390.3,1037561.2
340,Company_340,Consumer Goods,Oceania,2015,633.6,9.6,1308.1,,59.6,35.1,75.8,68.0,120967.4,151209.2,604836.9
688,Company_688,Technology,Asia,2015,693.3,10.4,1491.6,,41.1,94.8,12.6,15.9,18592.9,11155.8,37185.8
108,Company_108,Healthcare,North America,2019,11960.3,16.1,34526.0,4.4,67.7,66.3,63.7,73.2,880574.0,880574.0,1761148.0
126,Company_126,Manufacturing,Oceania,2015,1608.3,3.0,953.0,,42.3,16.7,65.7,44.5,522637.3,696849.7,8710621.7
808,Company_808,Technology,North America,2024,11296.1,24.0,55718.5,27.3,73.4,87.6,63.7,69.0,331604.3,198962.6,663208.6
816,Company_816,Manufacturing,Middle East,2025,5486.0,-2.3,5894.6,15.7,25.1,47.8,14.9,12.7,1423782.5,1898376.6,23729707.9
57,Company_57,Utilities,Middle East,2025,1102.7,-1.5,3585.0,1.7,35.7,48.9,26.4,31.9,756423.0,472764.4,7564230.2
433,Company_433,Retail,Middle East,2021,6791.2,11.1,13151.7,23.7,40.6,43.3,50.2,28.5,609242.0,304621.0,1218484.0
193,Company_193,Manufacturing,Asia,2015,1453.2,4.4,750.7,,37.3,45.5,45.5,20.8,384279.7,512372.9,6404661.5
643,Company_643,Manufacturing,Asia,2025,16492.3,-0.8,47716.7,-8.9,72.1,49.6,75.4,91.1,4218107.9,5624143.9,70301798.2
608,Company_608,Finance,Latin America,2020,9573.0,15.4,19496.1,-7.5,58.2,100.0,25.7,48.8,95791.2,47895.6,239478.0
725,Company_725,Finance,Oceania,2016,7838.7,15.0,17155.1,-6.1,84.4,97.4,92.5,63.3,81259.0,40629.5,203147.4
686,Company_686,Transportation,Middle East,2025,350.0,-1.1,719.6,-0.4,30.6,29.5,50.4,11.8,208615.5,34769.2,695384.8
381,Company_381,Utilities,Oceania,2015,2433.8,9.9,2346.2,,53.2,13.1,78.8,67.7,2158100.1,1348812.6,21581001.1
975,Company_975,Consumer Goods,Oceania,2018,1511.8,13.9,2359.4,8.6,73.6,60.6,65.4,94.9,234676.0,293345.0,1173380.1
461,Company_461,Technology,Oceania,2025,1658.9,20.7,6436.8,14.0,84.1,94.4,98.7,59.3,44718.1,26830.8,89436.1
133,Company_133,Consumer Goods,Europe,2025,840.5,-0.1,4160.2,-0.3,71.7,34.2,89.6,91.4,161448.2,201810.2,807240.9
263,Company_263,Utilities,Africa,2020,1531.4,11.0,2323.3,-5.7,32.9,33.5,16.5,48.7,1182782.5,739239.1,11827825.2
525,Company_525,Utilities,North America,2017,565.6,10.5,526.2,-7.0,49.0,54.3,33.4,59.2,371100.9,231938.1,3711009.2
63,Company_63,Consumer Goods,Europe,2017,882.9,17.4,2564.5,4.5,66.4,45.8,68.7,84.8,155274.9,194093.6,776374.6
413,Company_413,Consumer Goods,North America,2022,2684.9,10.2,6791.6,32.8,67.9,45.9,86.9,70.9,471761.1,589701.4,2358805.6
411,Company_411,Healthcare,Africa,2019,3590.1,12.4,4610.3,27.4,58.9,70.9,42.0,63.7,252622.2,252622.2,505244.4
771,Company_771,Transportation,Middle East,2024,336.9,28.0,1125.4,3.1,32.5,25.7,11.4,60.4,206174.5,34362.4,687248.3
789,Company_789,Utilities,Asia,2024,1668.8,9.9,2260.2,6.5,43.8,55.9,29.4,46.0,1079388.0,674617.5,10793879.7
125,Company_125,Finance,Middle East,2017,3719.1,14.1,8781.4,-10.1,39.5,94.1,22.7,1.7,40240.2,20120.1,100600.4
357,Company_357,Transportation,North America,2015,1704.5,8.9,2767.6,,58.7,30.7,86.0,59.4,1007834.6,167972.4,3359448.7
981,Company_981,Utilities,Africa,2022,1696.2,4.3,668.4,3.9,48.7,57.0,51.8,37.3,1087149.7,679468.6,10871497.4
240,Company_240,Transportation,Oceania,2025,4040.5,17.5,13109.2,10.7,50.4,47.2,45.0,59.1,2108118.2,351353.0,7027060.7
948,Company_948,Retail,Africa,2015,879.4,3.4,389.8,,27.3,49.6,26.7,5.5,75012.0,37506.0,150024.1
905,Company_905,Manufacturing,Europe,2025,558.7,6.3,369.0,-0.4,68.3,63.9,57.0,84.0,126172.8,168230.3,2102879.2
645,Company_645,Finance,Middle East,2020,15528.2,7.0,8890.8,8.1,39.4,85.2,31.9,1.1,187379.0,93689.5,468447.4
210,Company_210,Retail,Oceania,2016,1138.1,8.5,1394.4,0.5,91.3,81.1,99.9,92.9,71952.8,35976.4,143905.6
436,Company_436,Finance,Latin America,2017,1863.1,17.1,3047.6,6.8,63.4,100.0,50.5,39.8,18630.6,9315.3,46576.5
268,Company_268,Technology,Europe,2016,2057.0,16.6,8902.3,9.8,72.9,71.2,92.4,55.0,72143.6,43286.2,144287.2
631,Company_631,Manufacturing,North America,2019,730.1,7.0,462.7,12.6,31.8,31.3,34.9,29.1,214897.5,286530.0,3581624.4
958,Company_958,Healthcare,Africa,2019,1509.7,23.4,5431.8,-7.3,44.6,38.2,38.7,56.9,140772.0,140772.0,281544.1
842,Company_842,Healthcare,North America,2016,754.8,24.4,1906.6,-5.6,58.9,42.9,81.6,52.3,67910.5,67910.5,135821.0
180,Company_180,Utilities,Latin America,2025,1366.7,18.9,2425.5,5.0,54.8,58.0,59.9,46.6,868358.6,542724.1,8683586.1
346,Company_346,Transportation,Asia,2023,966.1,-6.7,1204.7,-2.4,66.0,70.5,32.2,95.4,409717.7,68286.3,1365725.8
413,Company_413,Consumer Goods,North America,2017,1720.1,10.3,4278.1,19.1,63.2,45.1,80.7,63.7,304297.6,380372.0,1521487.9
502,Company_502,Manufacturing,Asia,2021,340.6,3.3,155.9,4.2,41.3,36.7,32.4,54.9,96338.2,128450.9,1605635.9
480,Company_480,Retail,Middle East,2019,569.5,4.0,421.2,8.5,29.1,17.9,21.1,48.3,61214.3,30607.2,122428.7
506,Company_506,Retail,North America,2021,8097.7,14.3,15207.5,13.2,62.3,28.6,74.2,84.0,809370.9,404685.5,1618741.8
524,Company_524,Transportation,Middle East,2023,2686.6,10.7,4811.0,8.2,40.5,7.9,44.9,68.7,1845390.3,307565.1,6151301.0
753,Company_753,Healthcare,Europe,2015,1296.7,20.4,6472.7,,77.7,62.7,76.4,93.9,98698.9,98698.9,197397.9
437,Company_437,Technology,Africa,2019,843.1,22.8,3035.8,2.4,49.7,68.7,73.3,7.2,30309.2,18185.5,60618.4
208,Company_208,Manufacturing,Middle East,2018,19673.3,2.4,4028.1,2.7,29.9,56.1,29.5,4.0,4763952.0,6351936.1,79399200.6
921,Company_921,Healthcare,Oceania,2015,2132.2,21.4,9413.8,,81.9,79.8,88.9,76.9,136752.4,136752.4,273504.8
460,Company_460,Technology,North America,2015,1865.7,15.3,9407.7,,56.4,69.3,56.5,43.4,66695.4,40017.2,133390.8
407,Company_407,Healthcare,North America,2018,452.2,14.3,1487.7,3.5,62.7,74.7,25.2,88.2,30606.4,30606.4,61212.8
738,Company_738,Consumer Goods,Middle East,2016,602.4,12.9,1209.0,-2.3,35.9,14.3,32.7,60.8,132529.2,165661.5,662645.9
376,Company_376,Technology,Oceania,2020,1485.3,15.4,5466.1,-1.4,86.4,92.3,75.1,91.8,41156.1,24693.6,82312.1
670,Company_670,Technology,Middle East,2023,27272.1,29.1,252167.4,5.0,42.5,86.7,7.3,33.4,808903.2,485341.9,1617806.5
982,Company_982,Technology,Europe,2015,2082.1,20.7,8927.6,,76.0,75.1,95.6,57.2,70183.4,42110.0,140366.7
163,Company_163,Energy,Asia,2017,2177.9,-17.3,7465.0,7.7,47.2,21.3,40.5,79.8,2289227.8,686768.4,22892278.5
290,Company_290,Transportation,Africa,2018,1844.1,6.1,1088.6,3.2,26.9,30.8,25.2,24.8,1089465.9,181577.6,3631552.9
45,Company_45,Retail,Africa,2025,662.3,0.7,88.7,-4.9,47.7,64.0,13.3,65.9,49806.9,24903.4,99613.8
494,Company_494,Consumer Goods,Africa,2019,842.9,11.0,1963.0,-14.1,32.4,28.4,55.2,13.5,168792.3,210990.4,843961.7
779,Company_779,Retail,Europe,2022,2112.4,0.9,424.3,7.6,74.5,58.9,95.8,68.8,166387.9,83193.9,332775.7
563,Company_563,Energy,Africa,2020,3423.4,-8.3,13387.7,14.7,44.3,54.5,51.8,26.7,2802124.6,840637.4,28021246.0
261,Company_261,Utilities,Asia,2015,781.4,13.5,1124.0,,49.4,38.2,71.6,38.5,582874.3,364296.5,5828743.2
668,Company_668,Retail,Middle East,2019,2945.7,10.3,6717.4,9.5,60.7,94.2,54.6,33.4,159324.9,79662.4,318649.7
