country_or_area,year,value,category
Slovakia,2005,24.1586557704152,perfluorocarbons_pfcs_emissions_in_kilotonne_co2_equivalent
Finland,2010,1820.34465424587,hydrofluorocarbons_hfcs_emissions_in_kilotonne_co2_equivalent
Lithuania,2012,3520.2622326953,methane_ch4_emissions_without_land_use_land_use_change_and_forestry_lulucf_in_kilotonne_co2_equivalent
Sweden,2008,968.039868684522,hydrofluorocarbons_hfcs_emissions_in_kilotonne_co2_equivalent
Monaco,2009,1.015465806253,methane_ch4_emissions_without_land_use_land_use_change_and_forestry_lulucf_in_kilotonne_co2_equivalent
Italy,2007,11.568333333336,nitrogen_trifluoride_nf3_emissions_in_kilotonne_co2_equivalent
Turkey,2004,316893.705222216,greenhouse_gas_ghgs_emissions_without_land_use_land_use_change_and_forestry_lulucf_in_kilotonne_co2_equivalent
Bulgaria,2010,7782.63795680577,methane_ch4_emissions_without_land_use_land_use_change_and_forestry_lulucf_in_kilotonne_co2_equivalent
Japan,2002,39471.6008685318,methane_ch4_emissions_without_land_use_land_use_change_and_forestry_lulucf_in_kilotonne_co2_equivalent
Czech Republic,2001,7650.73702464,nitrous_oxide_n2o_emissions_without_land_use_land_use_change_and_forestry_lulucf_in_kilotonne_co2_equivalent
Portugal,2009,75810.7184654977,greenhouse_gas_ghgs_emissions_without_land_use_land_use_change_and_forestry_lulucf_in_kilotonne_co2_equivalent
Ukraine,1999,127576.177018233,methane_ch4_emissions_without_land_use_land_use_change_and_forestry_lulucf_in_kilotonne_co2_equivalent
Sweden,2007,937.9870337146,hydrofluorocarbons_hfcs_emissions_in_kilotonne_co2_equivalent
Latvia,1992,19583.5108268412,greenhouse_gas_ghgs_emissions_without_land_use_land_use_change_and_forestry_lulucf_in_kilotonne_co2_equivalent
Turkey,2008,393100.907685785,greenhouse_gas_ghgs_emissions_including_indirect_co2_without_lulucf_in_kilotonne_co2_equivalent
Ireland,2011,37895.1954270366,carbon_dioxide_co2_emissions_without_land_use_land_use_change_and_forestry_lulucf_in_kilotonne_co2_equivalent
Turkey,1998,43468.3479172528,methane_ch4_emissions_without_land_use_land_use_change_and_forestry_lulucf_in_kilotonne_co2_equivalent
Norway,2011,54308.6438462418,greenhouse_gas_ghgs_emissions_without_land_use_land_use_change_and_forestry_lulucf_in_kilotonne_co2_equivalent
Germany,2011,812483.219621071,carbon_dioxide_co2_emissions_without_land_use_land_use_change_and_forestry_lulucf_in_kilotonne_co2_equivalent
Canada,2005,753897.578284867,greenhouse_gas_ghgs_emissions_including_indirect_co2_without_lulucf_in_kilotonne_co2_equivalent
France,2005,557991.587007233,greenhouse_gas_ghgs_emissions_without_land_use_land_use_change_and_forestry_lulucf_in_kilotonne_co2_equivalent
Poland,1997,22.910324363664,sulphur_hexafluoride_sf6_emissions_in_kilotonne_co2_equivalent
Italy,1994,53920.3139635746,methane_ch4_emissions_without_land_use_land_use_change_and_forestry_lulucf_in_kilotonne_co2_equivalent
Slovenia,1999,36.7407335198879,hydrofluorocarbons_hfcs_emissions_in_kilotonne_co2_equivalent
Belgium,2000,10827.0045628699,methane_ch4_emissions_without_land_use_land_use_change_and_forestry_lulucf_in_kilotonne_co2_equivalent
Russian Federation,1991,875196.162996812,methane_ch4_emissions_without_land_use_land_use_change_and_forestry_lulucf_in_kilotonne_co2_equivalent
Austria,2011,1535.80074738863,hydrofluorocarbons_hfcs_emissions_in_kilotonne_co2_equivalent
Spain,2004,416918.88669429,greenhouse_gas_ghgs_emissions_without_land_use_land_use_change_and_forestry_lulucf_in_kilotonne_co2_equivalent
Austria,2006,76934.9515340371,carbon_dioxide_co2_emissions_without_land_use_land_use_change_and_forestry_lulucf_in_kilotonne_co2_equivalent
Austria,1993,4080.8480946679,nitrous_oxide_n2o_emissions_without_land_use_land_use_change_and_forestry_lulucf_in_kilotonne_co2_equivalent
United States of America,1994,6650296.59510407,greenhouse_gas_ghgs_emissions_including_indirect_co2_without_lulucf_in_kilotonne_co2_equivalent
Slovakia,2007,40725.2998364864,carbon_dioxide_co2_emissions_without_land_use_land_use_change_and_forestry_lulucf_in_kilotonne_co2_equivalent
United States of America,1990,31080.40615943,sulphur_hexafluoride_sf6_emissions_in_kilotonne_co2_equivalent
Canada,2002,117504.637070844,methane_ch4_emissions_without_land_use_land_use_change_and_forestry_lulucf_in_kilotonne_co2_equivalent
Liechtenstein,2001,247.655005960761,greenhouse_gas_ghgs_emissions_without_land_use_land_use_change_and_forestry_lulucf_in_kilotonne_co2_equivalent
European Union,1998,4207666.03163804,carbon_dioxide_co2_emissions_without_land_use_land_use_change_and_forestry_lulucf_in_kilotonne_co2_equivalent
Norway,2002,5845.22072585589,methane_ch4_emissions_without_land_use_land_use_change_and_forestry_lulucf_in_kilotonne_co2_equivalent
United Kingdom,2011,464885.748926953,carbon_dioxide_co2_emissions_without_land_use_land_use_change_and_forestry_lulucf_in_kilotonne_co2_equivalent
European Union,1991,23023.0803797629,perfluorocarbons_pfcs_emissions_in_kilotonne_co2_equivalent
Croatia,2006,2334.44929495875,nitrous_oxide_n2o_emissions_without_land_use_land_use_change_and_forestry_lulucf_in_kilotonne_co2_equivalent
United Kingdom,1997,1280.07928585081,sulphur_hexafluoride_sf6_emissions_in_kilotonne_co2_equivalent
Japan,2014,2064.41324463394,sulphur_hexafluoride_sf6_emissions_in_kilotonne_co2_equivalent
Norway,2005,43548.2302876495,carbon_dioxide_co2_emissions_without_land_use_land_use_change_and_forestry_lulucf_in_kilotonne_co2_equivalent
Switzerland,1993,43556.2764199287,carbon_dioxide_co2_emissions_without_land_use_land_use_change_and_forestry_lulucf_in_kilotonne_co2_equivalent
Monaco,1999,0.115289568,sulphur_hexafluoride_sf6_emissions_in_kilotonne_co2_equivalent
Cyprus,1991,6121.529001151,greenhouse_gas_ghgs_emissions_without_land_use_land_use_change_and_forestry_lulucf_in_kilotonne_co2_equivalent
Malta,2014,2483.5367864507,carbon_dioxide_co2_emissions_without_land_use_land_use_change_and_forestry_lulucf_in_kilotonne_co2_equivalent
Czech Republic,1993,135588.565572531,carbon_dioxide_co2_emissions_without_land_use_land_use_change_and_forestry_lulucf_in_kilotonne_co2_equivalent
Czech Republic,2007,94.528443294,sulphur_hexafluoride_sf6_emissions_in_kilotonne_co2_equivalent
Belarus,2011,91671.727009572,greenhouse_gas_ghgs_emissions_including_indirect_co2_without_lulucf_in_kilotonne_co2_equivalent
Lithuania,2013,3031.22069484703,nitrous_oxide_n2o_emissions_without_land_use_land_use_change_and_forestry_lulucf_in_kilotonne_co2_equivalent
France,2004,2626.77729803323,perfluorocarbons_pfcs_emissions_in_kilotonne_co2_equivalent
Ukraine,2005,282.580606035746,hydrofluorocarbons_hfcs_emissions_in_kilotonne_co2_equivalent
Portugal,2002,4301.61007299425,nitrous_oxide_n2o_emissions_without_land_use_land_use_change_and_forestry_lulucf_in_kilotonne_co2_equivalent
Turkey,2008,1896.13812499598,hydrofluorocarbons_hfcs_emissions_in_kilotonne_co2_equivalent
United States of America,2006,6042393.61487176,carbon_dioxide_co2_emissions_without_land_use_land_use_change_and_forestry_lulucf_in_kilotonne_co2_equivalent
Luxembourg,2008,48.8091049327359,hydrofluorocarbons_hfcs_emissions_in_kilotonne_co2_equivalent
Malta,2006,72.5030060826119,nitrous_oxide_n2o_emissions_without_land_use_land_use_change_and_forestry_lulucf_in_kilotonne_co2_equivalent
Hungary,1992,3.71454036870409,hydrofluorocarbons_hfcs_emissions_in_kilotonne_co2_equivalent
France,1997,70521.2783680232,nitrous_oxide_n2o_emissions_without_land_use_land_use_change_and_forestry_lulucf_in_kilotonne_co2_equivalent
Liechtenstein,1995,0.00197672308502,perfluorocarbons_pfcs_emissions_in_kilotonne_co2_equivalent
Canada,1993,631353.636876568,greenhouse_gas_ghgs_emissions_including_indirect_co2_without_lulucf_in_kilotonne_co2_equivalent
New Zealand,2013,80298.3251469851,greenhouse_gas_ghgs_emissions_including_indirect_co2_without_lulucf_in_kilotonne_co2_equivalent
Poland,1996,22977.6748655972,nitrous_oxide_n2o_emissions_without_land_use_land_use_change_and_forestry_lulucf_in_kilotonne_co2_equivalent
Romania,1993,11438.4210210271,nitrous_oxide_n2o_emissions_without_land_use_land_use_change_and_forestry_lulucf_in_kilotonne_co2_equivalent
Australia,1997,320439.116819391,carbon_dioxide_co2_emissions_without_land_use_land_use_change_and_forestry_lulucf_in_kilotonne_co2_equivalent
Germany,1999,1045419.70899266,greenhouse_gas_ghgs_emissions_including_indirect_co2_without_lulucf_in_kilotonne_co2_equivalent
Belgium,2002,147240.36528013,greenhouse_gas_ghgs_emissions_without_land_use_land_use_change_and_forestry_lulucf_in_kilotonne_co2_equivalent
European Union,2002,295460.485722041,nitrous_oxide_n2o_emissions_without_land_use_land_use_change_and_forestry_lulucf_in_kilotonne_co2_equivalent
Slovakia,2004,51315.162528611,greenhouse_gas_ghgs_emissions_including_indirect_co2_without_lulucf_in_kilotonne_co2_equivalent
Cyprus,2012,8769.36602589842,greenhouse_gas_ghgs_emissions_including_indirect_co2_without_lulucf_in_kilotonne_co2_equivalent
European Union,2009,495012.880473162,methane_ch4_emissions_without_land_use_land_use_change_and_forestry_lulucf_in_kilotonne_co2_equivalent
Luxembourg,2014,10775.6308538811,greenhouse_gas_ghgs_emissions_without_land_use_land_use_change_and_forestry_lulucf_in_kilotonne_co2_equivalent
Luxembourg,1995,285.39082112669,nitrous_oxide_n2o_emissions_without_land_use_land_use_change_and_forestry_lulucf_in_kilotonne_co2_equivalent
Slovakia,1998,52993.843018462,greenhouse_gas_ghgs_emissions_without_land_use_land_use_change_and_forestry_lulucf_in_kilotonne_co2_equivalent
Belgium,1991,148825.699408439,greenhouse_gas_ghgs_emissions_including_indirect_co2_without_lulucf_in_kilotonne_co2_equivalent
Hungary,2003,78.40140431178,sulphur_hexafluoride_sf6_emissions_in_kilotonne_co2_equivalent
Denmark,2007,8033.11864277544,methane_ch4_emissions_without_land_use_land_use_change_and_forestry_lulucf_in_kilotonne_co2_equivalent
Japan,1996,1255264.19757618,carbon_dioxide_co2_emissions_without_land_use_land_use_change_and_forestry_lulucf_in_kilotonne_co2_equivalent
Denmark,2006,59162.4996316885,carbon_dioxide_co2_emissions_without_land_use_land_use_change_and_forestry_lulucf_in_kilotonne_co2_equivalent
Greece,2012,5.048571428604,sulphur_hexafluoride_sf6_emissions_in_kilotonne_co2_equivalent
United States of America,1996,25919.9050094647,sulphur_hexafluoride_sf6_emissions_in_kilotonne_co2_equivalent
Croatia,1991,10.3326522,sulphur_hexafluoride_sf6_emissions_in_kilotonne_co2_equivalent
Portugal,2002,1.9147436298886,perfluorocarbons_pfcs_emissions_in_kilotonne_co2_equivalent
Germany,2001,869.6013591746,perfluorocarbons_pfcs_emissions_in_kilotonne_co2_equivalent
Monaco,1991,1.67470953534925,methane_ch4_emissions_without_land_use_land_use_change_and_forestry_lulucf_in_kilotonne_co2_equivalent
Lithuania,1998,23901.3798849324,greenhouse_gas_ghgs_emissions_without_land_use_land_use_change_and_forestry_lulucf_in_kilotonne_co2_equivalent
Malta,1993,2422.70680375731,greenhouse_gas_ghgs_emissions_without_land_use_land_use_change_and_forestry_lulucf_in_kilotonne_co2_equivalent
Japan,1996,194.2741310511,nitrogen_trifluoride_nf3_emissions_in_kilotonne_co2_equivalent
Ukraine,2004,296753.731531998,carbon_dioxide_co2_emissions_without_land_use_land_use_change_and_forestry_lulucf_in_kilotonne_co2_equivalent
Greece,2004,132286.023570031,greenhouse_gas_ghgs_emissions_including_indirect_co2_without_lulucf_in_kilotonne_co2_equivalent
Croatia,2004,12.5668812,sulphur_hexafluoride_sf6_emissions_in_kilotonne_co2_equivalent
United States of America,1993,29432.6521991305,sulphur_hexafluoride_sf6_emissions_in_kilotonne_co2_equivalent
Australia,1990,15345.5978582934,nitrous_oxide_n2o_emissions_without_land_use_land_use_change_and_forestry_lulucf_in_kilotonne_co2_equivalent
Iceland,2010,3383.55221868805,carbon_dioxide_co2_emissions_without_land_use_land_use_change_and_forestry_lulucf_in_kilotonne_co2_equivalent
France,2002,35.544820182568,nitrogen_trifluoride_nf3_emissions_in_kilotonne_co2_equivalent
Netherlands,1998,27791.9754500505,methane_ch4_emissions_without_land_use_land_use_change_and_forestry_lulucf_in_kilotonne_co2_equivalent
Finland,1999,58872.9308028447,carbon_dioxide_co2_emissions_without_land_use_land_use_change_and_forestry_lulucf_in_kilotonne_co2_equivalent
Malta,2000,1.4691408,sulphur_hexafluoride_sf6_emissions_in_kilotonne_co2_equivalent
Belgium,2009,93.308721316284,sulphur_hexafluoride_sf6_emissions_in_kilotonne_co2_equivalent
Estonia,1998,18705.8234879671,greenhouse_gas_ghgs_emissions_including_indirect_co2_without_lulucf_in_kilotonne_co2_equivalent
Australia,2011,101085.537856825,methane_ch4_emissions_without_land_use_land_use_change_and_forestry_lulucf_in_kilotonne_co2_equivalent
United States of America,1992,29949.8212950615,sulphur_hexafluoride_sf6_emissions_in_kilotonne_co2_equivalent
Spain,2007,238.4280378468,sulphur_hexafluoride_sf6_emissions_in_kilotonne_co2_equivalent
Greece,2013,4670.44097914161,nitrous_oxide_n2o_emissions_without_land_use_land_use_change_and_forestry_lulucf_in_kilotonne_co2_equivalent
Estonia,2001,1.6698170064,sulphur_hexafluoride_sf6_emissions_in_kilotonne_co2_equivalent
Australia,1995,109900.73511074,methane_ch4_emissions_without_land_use_land_use_change_and_forestry_lulucf_in_kilotonne_co2_equivalent
Latvia,2014,8.5779036432,sulphur_hexafluoride_sf6_emissions_in_kilotonne_co2_equivalent
Canada,2002,4270.18947175995,hydrofluorocarbons_hfcs_emissions_in_kilotonne_co2_equivalent
Ireland,1993,8227.9826710924,nitrous_oxide_n2o_emissions_without_land_use_land_use_change_and_forestry_lulucf_in_kilotonne_co2_equivalent
Hungary,1999,75.4652064642,sulphur_hexafluoride_sf6_emissions_in_kilotonne_co2_equivalent
Romania,2006,35480.8785188678,methane_ch4_emissions_without_land_use_land_use_change_and_forestry_lulucf_in_kilotonne_co2_equivalent
Belarus,2003,0.16473,sulphur_hexafluoride_sf6_emissions_in_kilotonne_co2_equivalent
Croatia,2010,8.9507328,sulphur_hexafluoride_sf6_emissions_in_kilotonne_co2_equivalent
Denmark,1999,74579.4630263236,greenhouse_gas_ghgs_emissions_without_land_use_land_use_change_and_forestry_lulucf_in_kilotonne_co2_equivalent
Estonia,2005,1.0327462464,sulphur_hexafluoride_sf6_emissions_in_kilotonne_co2_equivalent
Finland,1999,71755.398003318,greenhouse_gas_ghgs_emissions_without_land_use_land_use_change_and_forestry_lulucf_in_kilotonne_co2_equivalent
Hungary,2014,104.096831621616,sulphur_hexafluoride_sf6_emissions_in_kilotonne_co2_equivalent
Turkey,1997,269942.502958794,greenhouse_gas_ghgs_emissions_without_land_use_land_use_change_and_forestry_lulucf_in_kilotonne_co2_equivalent
Czech Republic,1998,1.5264379612585,perfluorocarbons_pfcs_emissions_in_kilotonne_co2_equivalent
Cyprus,2004,9144.37142221279,greenhouse_gas_ghgs_emissions_without_land_use_land_use_change_and_forestry_lulucf_in_kilotonne_co2_equivalent
France,1992,4906.23797974481,perfluorocarbons_pfcs_emissions_in_kilotonne_co2_equivalent
Spain,2010,234.9021756,sulphur_hexafluoride_sf6_emissions_in_kilotonne_co2_equivalent
Slovakia,2001,52127.6656030658,greenhouse_gas_ghgs_emissions_without_land_use_land_use_change_and_forestry_lulucf_in_kilotonne_co2_equivalent
Estonia,2012,19423.3253615838,greenhouse_gas_ghgs_emissions_without_land_use_land_use_change_and_forestry_lulucf_in_kilotonne_co2_equivalent
Luxembourg,2013,269.43618207575,nitrous_oxide_n2o_emissions_without_land_use_land_use_change_and_forestry_lulucf_in_kilotonne_co2_equivalent
Denmark,2000,710.672209729079,hydrofluorocarbons_hfcs_emissions_in_kilotonne_co2_equivalent
European Union,2013,3939.09056290682,perfluorocarbons_pfcs_emissions_in_kilotonne_co2_equivalent
Sweden,1990,433.718725744509,perfluorocarbons_pfcs_emissions_in_kilotonne_co2_equivalent
Iceland,2007,591.161640049857,methane_ch4_emissions_without_land_use_land_use_change_and_forestry_lulucf_in_kilotonne_co2_equivalent
Cyprus,2011,0.152255094,sulphur_hexafluoride_sf6_emissions_in_kilotonne_co2_equivalent
Malta,2000,75.9171127750792,nitrous_oxide_n2o_emissions_without_land_use_land_use_change_and_forestry_lulucf_in_kilotonne_co2_equivalent
United States of America,2007,6121653.86307212,carbon_dioxide_co2_emissions_without_land_use_land_use_change_and_forestry_lulucf_in_kilotonne_co2_equivalent
New Zealand,2008,81020.646149607,greenhouse_gas_ghgs_emissions_without_land_use_land_use_change_and_forestry_lulucf_in_kilotonne_co2_equivalent
Slovakia,2014,2335.55044444234,nitrous_oxide_n2o_emissions_without_land_use_land_use_change_and_forestry_lulucf_in_kilotonne_co2_equivalent
Switzerland,1998,53279.4342421614,greenhouse_gas_ghgs_emissions_without_land_use_land_use_change_and_forestry_lulucf_in_kilotonne_co2_equivalent
Germany,2003,43482.068802201,nitrous_oxide_n2o_emissions_without_land_use_land_use_change_and_forestry_lulucf_in_kilotonne_co2_equivalent
Estonia,2010,1.728838614,sulphur_hexafluoride_sf6_emissions_in_kilotonne_co2_equivalent
Australia,1996,16609.5867776334,nitrous_oxide_n2o_emissions_without_land_use_land_use_change_and_forestry_lulucf_in_kilotonne_co2_equivalent
Estonia,2001,15493.8609887605,carbon_dioxide_co2_emissions_without_land_use_land_use_change_and_forestry_lulucf_in_kilotonne_co2_equivalent
Romania,2002,100655.31311867,carbon_dioxide_co2_emissions_without_land_use_land_use_change_and_forestry_lulucf_in_kilotonne_co2_equivalent
Netherlands,2012,165665.023774753,carbon_dioxide_co2_emissions_without_land_use_land_use_change_and_forestry_lulucf_in_kilotonne_co2_equivalent
Iceland,2013,169.59699994519,hydrofluorocarbons_hfcs_emissions_in_kilotonne_co2_equivalent
France,1990,400652.624020681,carbon_dioxide_co2_emissions_without_land_use_land_use_change_and_forestry_lulucf_in_kilotonne_co2_equivalent
United States of America,2011,146080.595742668,hydrofluorocarbons_hfcs_emissions_in_kilotonne_co2_equivalent
European Union,2006,5200036.3203393,greenhouse_gas_ghgs_emissions_without_land_use_land_use_change_and_forestry_lulucf_in_kilotonne_co2_equivalent
Canada,2000,39936.356635356,nitrous_oxide_n2o_emissions_without_land_use_land_use_change_and_forestry_lulucf_in_kilotonne_co2_equivalent
Russian Federation,2003,1050.47147256,sulphur_hexafluoride_sf6_emissions_in_kilotonne_co2_equivalent
Spain,2005,212.887732030637,perfluorocarbons_pfcs_emissions_in_kilotonne_co2_equivalent
Austria,1996,80.25417,perfluorocarbons_pfcs_emissions_in_kilotonne_co2_equivalent
Belgium,2005,144803.082030313,greenhouse_gas_ghgs_emissions_without_land_use_land_use_change_and_forestry_lulucf_in_kilotonne_co2_equivalent
Latvia,1999,7709.04999256645,carbon_dioxide_co2_emissions_without_land_use_land_use_change_and_forestry_lulucf_in_kilotonne_co2_equivalent
Croatia,2014,22898.8781594815,greenhouse_gas_ghgs_emissions_including_indirect_co2_without_lulucf_in_kilotonne_co2_equivalent
Austria,2013,6757.49040393774,methane_ch4_emissions_without_land_use_land_use_change_and_forestry_lulucf_in_kilotonne_co2_equivalent
Slovakia,2006,42.4677645333698,perfluorocarbons_pfcs_emissions_in_kilotonne_co2_equivalent
United States of America,2011,416521.779163033,nitrous_oxide_n2o_emissions_without_land_use_land_use_change_and_forestry_lulucf_in_kilotonne_co2_equivalent
Germany,2011,3163.074968556,sulphur_hexafluoride_sf6_emissions_in_kilotonne_co2_equivalent
Finland,1996,64038.9222021128,carbon_dioxide_co2_emissions_without_land_use_land_use_change_and_forestry_lulucf_in_kilotonne_co2_equivalent
Liechtenstein,1998,260.338131244919,greenhouse_gas_ghgs_emissions_without_land_use_land_use_change_and_forestry_lulucf_in_kilotonne_co2_equivalent
Greece,1995,12830.0078211275,methane_ch4_emissions_without_land_use_land_use_change_and_forestry_lulucf_in_kilotonne_co2_equivalent
Turkey,2011,53909.3461767295,methane_ch4_emissions_without_land_use_land_use_change_and_forestry_lulucf_in_kilotonne_co2_equivalent
United States of America,2004,14563.8227734014,sulphur_hexafluoride_sf6_emissions_in_kilotonne_co2_equivalent
United Kingdom,2001,721026.372631867,greenhouse_gas_ghgs_emissions_without_land_use_land_use_change_and_forestry_lulucf_in_kilotonne_co2_equivalent
Slovakia,2005,42581.0225015084,carbon_dioxide_co2_emissions_without_land_use_land_use_change_and_forestry_lulucf_in_kilotonne_co2_equivalent
Monaco,1992,0.44358992963016,hydrofluorocarbons_hfcs_emissions_in_kilotonne_co2_equivalent
Finland,1990,71338.5623970918,greenhouse_gas_ghgs_emissions_including_indirect_co2_without_lulucf_in_kilotonne_co2_equivalent
Romania,2009,125528.055603277,greenhouse_gas_ghgs_emissions_including_indirect_co2_without_lulucf_in_kilotonne_co2_equivalent
European Union,1999,5159735.32348517,greenhouse_gas_ghgs_emissions_including_indirect_co2_without_lulucf_in_kilotonne_co2_equivalent
United Kingdom,1990,48778.6072992288,nitrous_oxide_n2o_emissions_without_land_use_land_use_change_and_forestry_lulucf_in_kilotonne_co2_equivalent
Ukraine,2006,452089.762758341,greenhouse_gas_ghgs_emissions_including_indirect_co2_without_lulucf_in_kilotonne_co2_equivalent
United Kingdom,2013,56195.5118644143,methane_ch4_emissions_without_land_use_land_use_change_and_forestry_lulucf_in_kilotonne_co2_equivalent
Sweden,2006,66923.4245261691,greenhouse_gas_ghgs_emissions_without_land_use_land_use_change_and_forestry_lulucf_in_kilotonne_co2_equivalent
Norway,1999,316.365282795911,hydrofluorocarbons_hfcs_emissions_in_kilotonne_co2_equivalent
Switzerland,2002,52318.0948331563,greenhouse_gas_ghgs_emissions_without_land_use_land_use_change_and_forestry_lulucf_in_kilotonne_co2_equivalent
Greece,2008,131199.951864063,greenhouse_gas_ghgs_emissions_including_indirect_co2_without_lulucf_in_kilotonne_co2_equivalent
Norway,2001,473.591877740901,hydrofluorocarbons_hfcs_emissions_in_kilotonne_co2_equivalent
Romania,2001,149257.929059923,greenhouse_gas_ghgs_emissions_without_land_use_land_use_change_and_forestry_lulucf_in_kilotonne_co2_equivalent
Norway,2007,56966.3456187061,greenhouse_gas_ghgs_emissions_without_land_use_land_use_change_and_forestry_lulucf_in_kilotonne_co2_equivalent
Romania,2004,36332.7137709539,methane_ch4_emissions_without_land_use_land_use_change_and_forestry_lulucf_in_kilotonne_co2_equivalent
Latvia,2010,7.351170072,sulphur_hexafluoride_sf6_emissions_in_kilotonne_co2_equivalent
Iceland,1993,88.2399125902694,perfluorocarbons_pfcs_emissions_in_kilotonne_co2_equivalent
Netherlands,1995,231711.592135012,greenhouse_gas_ghgs_emissions_without_land_use_land_use_change_and_forestry_lulucf_in_kilotonne_co2_equivalent
Belgium,1992,1652.69204601222,sulphur_hexafluoride_sf6_emissions_in_kilotonne_co2_equivalent
Romania,2006,64.0590924206546,perfluorocarbons_pfcs_emissions_in_kilotonne_co2_equivalent
Iceland,2009,583.347081095975,methane_ch4_emissions_without_land_use_land_use_change_and_forestry_lulucf_in_kilotonne_co2_equivalent
Turkey,2003,43383.3566407907,methane_ch4_emissions_without_land_use_land_use_change_and_forestry_lulucf_in_kilotonne_co2_equivalent
United States of America,2009,471.796632971868,nitrogen_trifluoride_nf3_emissions_in_kilotonne_co2_equivalent
Denmark,2000,54148.9049729906,carbon_dioxide_co2_emissions_without_land_use_land_use_change_and_forestry_lulucf_in_kilotonne_co2_equivalent
Russian Federation,1995,13456.5850262383,perfluorocarbons_pfcs_emissions_in_kilotonne_co2_equivalent
Slovenia,2008,14.7352604286568,perfluorocarbons_pfcs_emissions_in_kilotonne_co2_equivalent
Slovakia,2003,50586.5760160679,greenhouse_gas_ghgs_emissions_without_land_use_land_use_change_and_forestry_lulucf_in_kilotonne_co2_equivalent
Hungary,2012,1.72305427467814,perfluorocarbons_pfcs_emissions_in_kilotonne_co2_equivalent
Netherlands,2000,1902.81320479131,perfluorocarbons_pfcs_emissions_in_kilotonne_co2_equivalent
Malta,2012,3324.49701604246,greenhouse_gas_ghgs_emissions_without_land_use_land_use_change_and_forestry_lulucf_in_kilotonne_co2_equivalent
Canada,2003,3490.08719858864,perfluorocarbons_pfcs_emissions_in_kilotonne_co2_equivalent
Turkey,2000,44821.5030613892,methane_ch4_emissions_without_land_use_land_use_change_and_forestry_lulucf_in_kilotonne_co2_equivalent
Hungary,2009,8090.37983725947,methane_ch4_emissions_without_land_use_land_use_change_and_forestry_lulucf_in_kilotonne_co2_equivalent
Lithuania,2003,12605.2382016521,carbon_dioxide_co2_emissions_without_land_use_land_use_change_and_forestry_lulucf_in_kilotonne_co2_equivalent
Iceland,2009,453.296797496436,nitrous_oxide_n2o_emissions_without_land_use_land_use_change_and_forestry_lulucf_in_kilotonne_co2_equivalent
Iceland,1991,492.025762962568,nitrous_oxide_n2o_emissions_without_land_use_land_use_change_and_forestry_lulucf_in_kilotonne_co2_equivalent
Sweden,2007,65372.6535713726,greenhouse_gas_ghgs_emissions_without_land_use_land_use_change_and_forestry_lulucf_in_kilotonne_co2_equivalent
United Kingdom,1996,0.959935326308,nitrogen_trifluoride_nf3_emissions_in_kilotonne_co2_equivalent
Sweden,2008,5936.88253361973,methane_ch4_emissions_without_land_use_land_use_change_and_forestry_lulucf_in_kilotonne_co2_equivalent
Greece,2000,127570.605011918,greenhouse_gas_ghgs_emissions_including_indirect_co2_without_lulucf_in_kilotonne_co2_equivalent
Australia,2013,526882.667266593,greenhouse_gas_ghgs_emissions_including_indirect_co2_without_lulucf_in_kilotonne_co2_equivalent
Iceland,2000,3962.77280646566,greenhouse_gas_ghgs_emissions_including_indirect_co2_without_lulucf_in_kilotonne_co2_equivalent
Italy,1995,533449.768572357,greenhouse_gas_ghgs_emissions_without_land_use_land_use_change_and_forestry_lulucf_in_kilotonne_co2_equivalent
Lithuania,2005,3927.75320855396,methane_ch4_emissions_without_land_use_land_use_change_and_forestry_lulucf_in_kilotonne_co2_equivalent
Slovenia,2002,887.577090324771,nitrous_oxide_n2o_emissions_without_land_use_land_use_change_and_forestry_lulucf_in_kilotonne_co2_equivalent
Latvia,1999,0.707732064,sulphur_hexafluoride_sf6_emissions_in_kilotonne_co2_equivalent
Australia,2001,19182.286785683,nitrous_oxide_n2o_emissions_without_land_use_land_use_change_and_forestry_lulucf_in_kilotonne_co2_equivalent
Slovakia,1990,4997.73829414391,nitrous_oxide_n2o_emissions_without_land_use_land_use_change_and_forestry_lulucf_in_kilotonne_co2_equivalent
Belgium,1996,129010.471708927,carbon_dioxide_co2_emissions_without_land_use_land_use_change_and_forestry_lulucf_in_kilotonne_co2_equivalent
Ireland,2014,46.28960962422,sulphur_hexafluoride_sf6_emissions_in_kilotonne_co2_equivalent
Australia,2006,391134.100909449,carbon_dioxide_co2_emissions_without_land_use_land_use_change_and_forestry_lulucf_in_kilotonne_co2_equivalent
Italy,2002,473504.059244666,carbon_dioxide_co2_emissions_without_land_use_land_use_change_and_forestry_lulucf_in_kilotonne_co2_equivalent
Lithuania,2006,1.5359676,sulphur_hexafluoride_sf6_emissions_in_kilotonne_co2_equivalent
Malta,2011,67.5062466750124,nitrous_oxide_n2o_emissions_without_land_use_land_use_change_and_forestry_lulucf_in_kilotonne_co2_equivalent
Liechtenstein,2003,10.0529496192889,nitrous_oxide_n2o_emissions_without_land_use_land_use_change_and_forestry_lulucf_in_kilotonne_co2_equivalent
Cyprus,2010,376.8326965,nitrous_oxide_n2o_emissions_without_land_use_land_use_change_and_forestry_lulucf_in_kilotonne_co2_equivalent
Japan,1993,15701.9705704626,sulphur_hexafluoride_sf6_emissions_in_kilotonne_co2_equivalent
United Kingdom,2002,1.033054704,nitrogen_trifluoride_nf3_emissions_in_kilotonne_co2_equivalent
European Union,1994,5255113.71608995,greenhouse_gas_ghgs_emissions_without_land_use_land_use_change_and_forestry_lulucf_in_kilotonne_co2_equivalent
Ireland,2012,58685.2118354953,greenhouse_gas_ghgs_emissions_including_indirect_co2_without_lulucf_in_kilotonne_co2_equivalent
United Kingdom,1995,596.937234699727,perfluorocarbons_pfcs_emissions_in_kilotonne_co2_equivalent
Czech Republic,1992,170790.902492644,greenhouse_gas_ghgs_emissions_without_land_use_land_use_change_and_forestry_lulucf_in_kilotonne_co2_equivalent
Austria,2010,7182.81642989029,methane_ch4_emissions_without_land_use_land_use_change_and_forestry_lulucf_in_kilotonne_co2_equivalent
Netherlands,1994,179.448436710072,sulphur_hexafluoride_sf6_emissions_in_kilotonne_co2_equivalent
United States of America,2009,3926.58161697086,perfluorocarbons_pfcs_emissions_in_kilotonne_co2_equivalent
Russian Federation,2010,1662592.25855081,carbon_dioxide_co2_emissions_without_land_use_land_use_change_and_forestry_lulucf_in_kilotonne_co2_equivalent
Spain,1997,1025.73763014269,perfluorocarbons_pfcs_emissions_in_kilotonne_co2_equivalent
Finland,1993,7707.9832414101,methane_ch4_emissions_without_land_use_land_use_change_and_forestry_lulucf_in_kilotonne_co2_equivalent
Slovakia,2004,51315.162528611,greenhouse_gas_ghgs_emissions_without_land_use_land_use_change_and_forestry_lulucf_in_kilotonne_co2_equivalent
Ukraine,2013,12.543122357628,sulphur_hexafluoride_sf6_emissions_in_kilotonne_co2_equivalent
Switzerland,2009,52900.817831085,greenhouse_gas_ghgs_emissions_including_indirect_co2_without_lulucf_in_kilotonne_co2_equivalent
Latvia,2007,1653.06909906558,nitrous_oxide_n2o_emissions_without_land_use_land_use_change_and_forestry_lulucf_in_kilotonne_co2_equivalent
Slovenia,1996,981.350714578134,nitrous_oxide_n2o_emissions_without_land_use_land_use_change_and_forestry_lulucf_in_kilotonne_co2_equivalent
Monaco,1991,0.38651932503437,hydrofluorocarbons_hfcs_emissions_in_kilotonne_co2_equivalent
Turkey,2006,302195.954579745,carbon_dioxide_co2_emissions_without_land_use_land_use_change_and_forestry_lulucf_in_kilotonne_co2_equivalent
Latvia,1997,0.36956976,sulphur_hexafluoride_sf6_emissions_in_kilotonne_co2_equivalent
Slovakia,2013,4555.86784703824,methane_ch4_emissions_without_land_use_land_use_change_and_forestry_lulucf_in_kilotonne_co2_equivalent
Slovenia,2007,2391.90961197287,methane_ch4_emissions_without_land_use_land_use_change_and_forestry_lulucf_in_kilotonne_co2_equivalent
Slovenia,1999,18892.7989721634,greenhouse_gas_ghgs_emissions_including_indirect_co2_without_lulucf_in_kilotonne_co2_equivalent
Estonia,1996,3.333134052,sulphur_hexafluoride_sf6_emissions_in_kilotonne_co2_equivalent
Lithuania,1993,0.0278729208,hydrofluorocarbons_hfcs_emissions_in_kilotonne_co2_equivalent
Iceland,1998,560.855414397848,methane_ch4_emissions_without_land_use_land_use_change_and_forestry_lulucf_in_kilotonne_co2_equivalent
United States of America,1992,404052.107073036,nitrous_oxide_n2o_emissions_without_land_use_land_use_change_and_forestry_lulucf_in_kilotonne_co2_equivalent
Belgium,2001,275.840256156584,perfluorocarbons_pfcs_emissions_in_kilotonne_co2_equivalent
Germany,2014,151.94899803,unspecified_mix_of_hydrofluorocarbons_hfcs_and_perfluorocarbons_pfcs_emissions_in_kilotonne_co2_equivalent
Portugal,1994,51303.2041493178,carbon_dioxide_co2_emissions_without_land_use_land_use_change_and_forestry_lulucf_in_kilotonne_co2_equivalent
United States of America,2009,6776229.77387706,greenhouse_gas_ghgs_emissions_without_land_use_land_use_change_and_forestry_lulucf_in_kilotonne_co2_equivalent
Liechtenstein,2007,240.179293519619,greenhouse_gas_ghgs_emissions_without_land_use_land_use_change_and_forestry_lulucf_in_kilotonne_co2_equivalent
Spain,1996,32667.3653350493,methane_ch4_emissions_without_land_use_land_use_change_and_forestry_lulucf_in_kilotonne_co2_equivalent
Estonia,2010,175.432505308829,hydrofluorocarbons_hfcs_emissions_in_kilotonne_co2_equivalent
Slovakia,1990,7121.2834186975,methane_ch4_emissions_without_land_use_land_use_change_and_forestry_lulucf_in_kilotonne_co2_equivalent
Norway,1991,1983.45795638806,sulphur_hexafluoride_sf6_emissions_in_kilotonne_co2_equivalent
Bulgaria,2008,841.835316770012,hydrofluorocarbons_hfcs_emissions_in_kilotonne_co2_equivalent
Slovenia,2009,16328.2103332782,carbon_dioxide_co2_emissions_without_land_use_land_use_change_and_forestry_lulucf_in_kilotonne_co2_equivalent
European Union,2005,7225.36575668559,perfluorocarbons_pfcs_emissions_in_kilotonne_co2_equivalent
Canada,2010,1859.18101828115,perfluorocarbons_pfcs_emissions_in_kilotonne_co2_equivalent
Ukraine,1996,143.242864396173,perfluorocarbons_pfcs_emissions_in_kilotonne_co2_equivalent
Austria,2010,1483.19074249073,hydrofluorocarbons_hfcs_emissions_in_kilotonne_co2_equivalent
Greece,2005,135924.226108271,greenhouse_gas_ghgs_emissions_without_land_use_land_use_change_and_forestry_lulucf_in_kilotonne_co2_equivalent
European Union,2005,71802.2559052239,hydrofluorocarbons_hfcs_emissions_in_kilotonne_co2_equivalent
Japan,2006,24541.2735204516,nitrous_oxide_n2o_emissions_without_land_use_land_use_change_and_forestry_lulucf_in_kilotonne_co2_equivalent
Liechtenstein,2003,18.5453134041077,methane_ch4_emissions_without_land_use_land_use_change_and_forestry_lulucf_in_kilotonne_co2_equivalent
Slovenia,2014,15.52097802,sulphur_hexafluoride_sf6_emissions_in_kilotonne_co2_equivalent
Denmark,1992,8364.64610116621,methane_ch4_emissions_without_land_use_land_use_change_and_forestry_lulucf_in_kilotonne_co2_equivalent
Czech Republic,2002,145622.965867921,greenhouse_gas_ghgs_emissions_including_indirect_co2_without_lulucf_in_kilotonne_co2_equivalent
Spain,2009,15794.3236791019,nitrous_oxide_n2o_emissions_without_land_use_land_use_change_and_forestry_lulucf_in_kilotonne_co2_equivalent
Netherlands,2004,20966.3301413584,methane_ch4_emissions_without_land_use_land_use_change_and_forestry_lulucf_in_kilotonne_co2_equivalent
Malta,2012,67.8278743735485,nitrous_oxide_n2o_emissions_without_land_use_land_use_change_and_forestry_lulucf_in_kilotonne_co2_equivalent
Germany,1998,1078643.50204424,greenhouse_gas_ghgs_emissions_without_land_use_land_use_change_and_forestry_lulucf_in_kilotonne_co2_equivalent
Slovenia,1993,808.921812163705,nitrous_oxide_n2o_emissions_without_land_use_land_use_change_and_forestry_lulucf_in_kilotonne_co2_equivalent
Luxembourg,1995,1.38946428936,sulphur_hexafluoride_sf6_emissions_in_kilotonne_co2_equivalent
Greece,2006,5730.83250457993,nitrous_oxide_n2o_emissions_without_land_use_land_use_change_and_forestry_lulucf_in_kilotonne_co2_equivalent
Germany,2006,9135.85826323885,hydrofluorocarbons_hfcs_emissions_in_kilotonne_co2_equivalent
Belarus,1991,125601.052927806,greenhouse_gas_ghgs_emissions_including_indirect_co2_without_lulucf_in_kilotonne_co2_equivalent
Australia,1990,211.018511442384,sulphur_hexafluoride_sf6_emissions_in_kilotonne_co2_equivalent
Belgium,2000,1127.79920477565,hydrofluorocarbons_hfcs_emissions_in_kilotonne_co2_equivalent
Spain,1992,30128.9391822298,methane_ch4_emissions_without_land_use_land_use_change_and_forestry_lulucf_in_kilotonne_co2_equivalent
Italy,2008,21862.6586594612,nitrous_oxide_n2o_emissions_without_land_use_land_use_change_and_forestry_lulucf_in_kilotonne_co2_equivalent
Latvia,1991,2733.79047753294,nitrous_oxide_n2o_emissions_without_land_use_land_use_change_and_forestry_lulucf_in_kilotonne_co2_equivalent
Finland,1993,69675.9495168867,greenhouse_gas_ghgs_emissions_without_land_use_land_use_change_and_forestry_lulucf_in_kilotonne_co2_equivalent
Canada,2013,40647.0631927479,nitrous_oxide_n2o_emissions_without_land_use_land_use_change_and_forestry_lulucf_in_kilotonne_co2_equivalent
Monaco,1990,99.4136059156658,greenhouse_gas_ghgs_emissions_including_indirect_co2_without_lulucf_in_kilotonne_co2_equivalent
Norway,2005,955.318448085,perfluorocarbons_pfcs_emissions_in_kilotonne_co2_equivalent
Canada,1994,6895.01454213527,perfluorocarbons_pfcs_emissions_in_kilotonne_co2_equivalent
Liechtenstein,2008,260.346696798514,greenhouse_gas_ghgs_emissions_without_land_use_land_use_change_and_forestry_lulucf_in_kilotonne_co2_equivalent
Switzerland,2011,50420.4743715341,greenhouse_gas_ghgs_emissions_including_indirect_co2_without_lulucf_in_kilotonne_co2_equivalent
Lithuania,2011,3515.82369314823,nitrous_oxide_n2o_emissions_without_land_use_land_use_change_and_forestry_lulucf_in_kilotonne_co2_equivalent
Sweden,2007,65372.6535713726,greenhouse_gas_ghgs_emissions_including_indirect_co2_without_lulucf_in_kilotonne_co2_equivalent
Germany,1991,2654.6235,perfluorocarbons_pfcs_emissions_in_kilotonne_co2_equivalent
Monaco,1997,106.719315768663,greenhouse_gas_ghgs_emissions_including_indirect_co2_without_lulucf_in_kilotonne_co2_equivalent
New Zealand,2003,35658.5319752869,methane_ch4_emissions_without_land_use_land_use_change_and_forestry_lulucf_in_kilotonne_co2_equivalent
Slovenia,1990,18616.4490964463,greenhouse_gas_ghgs_emissions_including_indirect_co2_without_lulucf_in_kilotonne_co2_equivalent
Cyprus,2007,0.1384796304,sulphur_hexafluoride_sf6_emissions_in_kilotonne_co2_equivalent
Romania,1999,39.7271833843805,hydrofluorocarbons_hfcs_emissions_in_kilotonne_co2_equivalent
Bulgaria,2013,42534.9272034699,carbon_dioxide_co2_emissions_without_land_use_land_use_change_and_forestry_lulucf_in_kilotonne_co2_equivalent
Czech Republic,1992,141565.719740237,carbon_dioxide_co2_emissions_without_land_use_land_use_change_and_forestry_lulucf_in_kilotonne_co2_equivalent
Russian Federation,1993,2809294.52481872,greenhouse_gas_ghgs_emissions_without_land_use_land_use_change_and_forestry_lulucf_in_kilotonne_co2_equivalent
Belgium,1999,153.662106212916,sulphur_hexafluoride_sf6_emissions_in_kilotonne_co2_equivalent
Turkey,2000,115.656211508405,hydrofluorocarbons_hfcs_emissions_in_kilotonne_co2_equivalent
United States of America,2008,7216415.07090248,greenhouse_gas_ghgs_emissions_without_land_use_land_use_change_and_forestry_lulucf_in_kilotonne_co2_equivalent
Japan,2004,1389593.18778594,greenhouse_gas_ghgs_emissions_including_indirect_co2_without_lulucf_in_kilotonne_co2_equivalent
Canada,1990,0.324454149276,nitrogen_trifluoride_nf3_emissions_in_kilotonne_co2_equivalent
Japan,2005,8623.35165884274,perfluorocarbons_pfcs_emissions_in_kilotonne_co2_equivalent
New Zealand,1992,15.7776,sulphur_hexafluoride_sf6_emissions_in_kilotonne_co2_equivalent
Czech Republic,2010,138226.417774929,greenhouse_gas_ghgs_emissions_without_land_use_land_use_change_and_forestry_lulucf_in_kilotonne_co2_equivalent
United Kingdom,2004,1116.77439915268,sulphur_hexafluoride_sf6_emissions_in_kilotonne_co2_equivalent
Cyprus,2013,8020.09846997047,greenhouse_gas_ghgs_emissions_without_land_use_land_use_change_and_forestry_lulucf_in_kilotonne_co2_equivalent
European Union,1992,5386789.04575116,greenhouse_gas_ghgs_emissions_including_indirect_co2_without_lulucf_in_kilotonne_co2_equivalent
United States of America,2002,5935738.78360961,carbon_dioxide_co2_emissions_without_land_use_land_use_change_and_forestry_lulucf_in_kilotonne_co2_equivalent
Turkey,2003,595.330558853492,perfluorocarbons_pfcs_emissions_in_kilotonne_co2_equivalent
Ireland,1997,126.117418947468,sulphur_hexafluoride_sf6_emissions_in_kilotonne_co2_equivalent
Czech Republic,2008,37.2934312436944,perfluorocarbons_pfcs_emissions_in_kilotonne_co2_equivalent
Croatia,2012,24734.6498197466,greenhouse_gas_ghgs_emissions_including_indirect_co2_without_lulucf_in_kilotonne_co2_equivalent
Ireland,2000,8640.46632479878,nitrous_oxide_n2o_emissions_without_land_use_land_use_change_and_forestry_lulucf_in_kilotonne_co2_equivalent
France,2005,1360.01098763857,sulphur_hexafluoride_sf6_emissions_in_kilotonne_co2_equivalent
Czech Republic,1999,7561.34569543948,nitrous_oxide_n2o_emissions_without_land_use_land_use_change_and_forestry_lulucf_in_kilotonne_co2_equivalent
Norway,1997,54333.9463603583,greenhouse_gas_ghgs_emissions_including_indirect_co2_without_lulucf_in_kilotonne_co2_equivalent
Finland,1998,38.62456971456,sulphur_hexafluoride_sf6_emissions_in_kilotonne_co2_equivalent
United States of America,2006,7316144.45592763,greenhouse_gas_ghgs_emissions_without_land_use_land_use_change_and_forestry_lulucf_in_kilotonne_co2_equivalent
Ireland,1995,59791.072093728,greenhouse_gas_ghgs_emissions_without_land_use_land_use_change_and_forestry_lulucf_in_kilotonne_co2_equivalent
Sweden,1996,7839.9346862074,methane_ch4_emissions_without_land_use_land_use_change_and_forestry_lulucf_in_kilotonne_co2_equivalent
Belarus,2012,12824.03580262,nitrous_oxide_n2o_emissions_without_land_use_land_use_change_and_forestry_lulucf_in_kilotonne_co2_equivalent
New Zealand,2003,36497.1710064703,carbon_dioxide_co2_emissions_without_land_use_land_use_change_and_forestry_lulucf_in_kilotonne_co2_equivalent
European Union,2004,880.363884,unspecified_mix_of_hydrofluorocarbons_hfcs_and_perfluorocarbons_pfcs_emissions_in_kilotonne_co2_equivalent
Belarus,2011,17499.477159075,methane_ch4_emissions_without_land_use_land_use_change_and_forestry_lulucf_in_kilotonne_co2_equivalent
Ireland,2011,58130.2970379833,greenhouse_gas_ghgs_emissions_without_land_use_land_use_change_and_forestry_lulucf_in_kilotonne_co2_equivalent
Malta,2010,196.620159883201,methane_ch4_emissions_without_land_use_land_use_change_and_forestry_lulucf_in_kilotonne_co2_equivalent
Austria,2011,6976.4185527369,methane_ch4_emissions_without_land_use_land_use_change_and_forestry_lulucf_in_kilotonne_co2_equivalent
Spain,1992,3494.576,hydrofluorocarbons_hfcs_emissions_in_kilotonne_co2_equivalent
Germany,2006,668.4684378916,perfluorocarbons_pfcs_emissions_in_kilotonne_co2_equivalent
Ireland,1992,33344.1023763207,carbon_dioxide_co2_emissions_without_land_use_land_use_change_and_forestry_lulucf_in_kilotonne_co2_equivalent
Portugal,2012,2165.80494246783,hydrofluorocarbons_hfcs_emissions_in_kilotonne_co2_equivalent
Sweden,2011,54.765896902056,sulphur_hexafluoride_sf6_emissions_in_kilotonne_co2_equivalent
Finland,2014,59105.0771867268,greenhouse_gas_ghgs_emissions_including_indirect_co2_without_lulucf_in_kilotonne_co2_equivalent
United States of America,2004,551.286665189756,nitrogen_trifluoride_nf3_emissions_in_kilotonne_co2_equivalent
European Union,2003,146.820604989224,nitrogen_trifluoride_nf3_emissions_in_kilotonne_co2_equivalent
Iceland,1998,3754.77436474695,greenhouse_gas_ghgs_emissions_without_land_use_land_use_change_and_forestry_lulucf_in_kilotonne_co2_equivalent
Russian Federation,2008,819537.108753173,methane_ch4_emissions_without_land_use_land_use_change_and_forestry_lulucf_in_kilotonne_co2_equivalent
Hungary,1991,87301.0680049181,greenhouse_gas_ghgs_emissions_without_land_use_land_use_change_and_forestry_lulucf_in_kilotonne_co2_equivalent
Lithuania,2001,20565.3985771841,greenhouse_gas_ghgs_emissions_without_land_use_land_use_change_and_forestry_lulucf_in_kilotonne_co2_equivalent
Belgium,2000,149213.017245465,greenhouse_gas_ghgs_emissions_including_indirect_co2_without_lulucf_in_kilotonne_co2_equivalent
Lithuania,2000,4015.79074170298,nitrous_oxide_n2o_emissions_without_land_use_land_use_change_and_forestry_lulucf_in_kilotonne_co2_equivalent
Slovakia,1999,2770.59394396515,nitrous_oxide_n2o_emissions_without_land_use_land_use_change_and_forestry_lulucf_in_kilotonne_co2_equivalent
Italy,2008,8379.19866672924,hydrofluorocarbons_hfcs_emissions_in_kilotonne_co2_equivalent
Iceland,2005,3897.68783769588,greenhouse_gas_ghgs_emissions_including_indirect_co2_without_lulucf_in_kilotonne_co2_equivalent
France,2014,465369.527335374,greenhouse_gas_ghgs_emissions_including_indirect_co2_without_lulucf_in_kilotonne_co2_equivalent
Netherlands,1990,5606.3288,hydrofluorocarbons_hfcs_emissions_in_kilotonne_co2_equivalent
United States of America,2006,719580.692062306,methane_ch4_emissions_without_land_use_land_use_change_and_forestry_lulucf_in_kilotonne_co2_equivalent
Finland,1995,58126.247543133,carbon_dioxide_co2_emissions_without_land_use_land_use_change_and_forestry_lulucf_in_kilotonne_co2_equivalent
Estonia,2004,19055.487479688,greenhouse_gas_ghgs_emissions_without_land_use_land_use_change_and_forestry_lulucf_in_kilotonne_co2_equivalent
Spain,2014,321744.066952118,greenhouse_gas_ghgs_emissions_without_land_use_land_use_change_and_forestry_lulucf_in_kilotonne_co2_equivalent
Denmark,1990,70245.5311531394,greenhouse_gas_ghgs_emissions_without_land_use_land_use_change_and_forestry_lulucf_in_kilotonne_co2_equivalent
Slovakia,2007,325.441077409888,hydrofluorocarbons_hfcs_emissions_in_kilotonne_co2_equivalent
Norway,2008,44893.0941871551,carbon_dioxide_co2_emissions_without_land_use_land_use_change_and_forestry_lulucf_in_kilotonne_co2_equivalent
Russian Federation,2005,19813.7903082148,hydrofluorocarbons_hfcs_emissions_in_kilotonne_co2_equivalent
Finland,2008,5917.6058746115,nitrous_oxide_n2o_emissions_without_land_use_land_use_change_and_forestry_lulucf_in_kilotonne_co2_equivalent
Cyprus,1990,693.566622225,methane_ch4_emissions_without_land_use_land_use_change_and_forestry_lulucf_in_kilotonne_co2_equivalent
Ukraine,2003,285720.47993753,carbon_dioxide_co2_emissions_without_land_use_land_use_change_and_forestry_lulucf_in_kilotonne_co2_equivalent
Russian Federation,1998,806.42788548,sulphur_hexafluoride_sf6_emissions_in_kilotonne_co2_equivalent
Lithuania,1997,4333.212697407,methane_ch4_emissions_without_land_use_land_use_change_and_forestry_lulucf_in_kilotonne_co2_equivalent
Portugal,1999,67612.8118918815,carbon_dioxide_co2_emissions_without_land_use_land_use_change_and_forestry_lulucf_in_kilotonne_co2_equivalent
Monaco,1993,2.3465214146151,nitrous_oxide_n2o_emissions_without_land_use_land_use_change_and_forestry_lulucf_in_kilotonne_co2_equivalent
United Kingdom,2008,657980.868002156,greenhouse_gas_ghgs_emissions_without_land_use_land_use_change_and_forestry_lulucf_in_kilotonne_co2_equivalent
France,2003,558762.915662396,greenhouse_gas_ghgs_emissions_including_indirect_co2_without_lulucf_in_kilotonne_co2_equivalent
Switzerland,2009,179.645738076204,sulphur_hexafluoride_sf6_emissions_in_kilotonne_co2_equivalent
Finland,2010,21.791502978144,sulphur_hexafluoride_sf6_emissions_in_kilotonne_co2_equivalent
Poland,2011,42128.0184540177,methane_ch4_emissions_without_land_use_land_use_change_and_forestry_lulucf_in_kilotonne_co2_equivalent
Russian Federation,2005,89955.4194623921,nitrous_oxide_n2o_emissions_without_land_use_land_use_change_and_forestry_lulucf_in_kilotonne_co2_equivalent
Canada,2006,1526.73967628596,sulphur_hexafluoride_sf6_emissions_in_kilotonne_co2_equivalent
Norway,2013,53585.6323909077,greenhouse_gas_ghgs_emissions_without_land_use_land_use_change_and_forestry_lulucf_in_kilotonne_co2_equivalent
Japan,1997,1389906.99374062,greenhouse_gas_ghgs_emissions_including_indirect_co2_without_lulucf_in_kilotonne_co2_equivalent
Belgium,1995,154020.293703539,greenhouse_gas_ghgs_emissions_including_indirect_co2_without_lulucf_in_kilotonne_co2_equivalent
Poland,2012,20019.9495803623,nitrous_oxide_n2o_emissions_without_land_use_land_use_change_and_forestry_lulucf_in_kilotonne_co2_equivalent
Japan,2003,299.13627155916,nitrogen_trifluoride_nf3_emissions_in_kilotonne_co2_equivalent
Russian Federation,1991,16204.1122254874,perfluorocarbons_pfcs_emissions_in_kilotonne_co2_equivalent
Latvia,2002,11032.0061926977,greenhouse_gas_ghgs_emissions_including_indirect_co2_without_lulucf_in_kilotonne_co2_equivalent
United States of America,2010,5688756.00501015,carbon_dioxide_co2_emissions_without_land_use_land_use_change_and_forestry_lulucf_in_kilotonne_co2_equivalent
Lithuania,2012,351.030836731706,hydrofluorocarbons_hfcs_emissions_in_kilotonne_co2_equivalent
Poland,2001,22.85771661084,sulphur_hexafluoride_sf6_emissions_in_kilotonne_co2_equivalent
Australia,1995,305162.543548735,carbon_dioxide_co2_emissions_without_land_use_land_use_change_and_forestry_lulucf_in_kilotonne_co2_equivalent
Sweden,2000,118.777638774384,sulphur_hexafluoride_sf6_emissions_in_kilotonne_co2_equivalent
Turkey,2007,908.28833898,sulphur_hexafluoride_sf6_emissions_in_kilotonne_co2_equivalent
Australia,2014,192.535990598746,perfluorocarbons_pfcs_emissions_in_kilotonne_co2_equivalent
Estonia,2010,717.870158861874,nitrous_oxide_n2o_emissions_without_land_use_land_use_change_and_forestry_lulucf_in_kilotonne_co2_equivalent
United States of America,1999,20942.2760021871,sulphur_hexafluoride_sf6_emissions_in_kilotonne_co2_equivalent
Finland,2004,81300.6190152811,greenhouse_gas_ghgs_emissions_without_land_use_land_use_change_and_forestry_lulucf_in_kilotonne_co2_equivalent
Austria,2007,7543.05254605889,methane_ch4_emissions_without_land_use_land_use_change_and_forestry_lulucf_in_kilotonne_co2_equivalent
Monaco,2008,0.111432264,sulphur_hexafluoride_sf6_emissions_in_kilotonne_co2_equivalent
United States of America,2008,10312.7504747029,sulphur_hexafluoride_sf6_emissions_in_kilotonne_co2_equivalent
Japan,2003,1299490.60851261,carbon_dioxide_co2_emissions_without_land_use_land_use_change_and_forestry_lulucf_in_kilotonne_co2_equivalent
Ireland,2014,13433.3537485563,methane_ch4_emissions_without_land_use_land_use_change_and_forestry_lulucf_in_kilotonne_co2_equivalent
Spain,2005,368745.068407983,carbon_dioxide_co2_emissions_without_land_use_land_use_change_and_forestry_lulucf_in_kilotonne_co2_equivalent
Liechtenstein,2006,0.07697196154948,perfluorocarbons_pfcs_emissions_in_kilotonne_co2_equivalent
Belgium,1998,154340.392867866,greenhouse_gas_ghgs_emissions_without_land_use_land_use_change_and_forestry_lulucf_in_kilotonne_co2_equivalent
New Zealand,2001,34581.7227646535,carbon_dioxide_co2_emissions_without_land_use_land_use_change_and_forestry_lulucf_in_kilotonne_co2_equivalent
Norway,1996,6209.68053681859,methane_ch4_emissions_without_land_use_land_use_change_and_forestry_lulucf_in_kilotonne_co2_equivalent
Liechtenstein,1995,1.35253391305614,hydrofluorocarbons_hfcs_emissions_in_kilotonne_co2_equivalent
Slovakia,2001,3159.28067201745,nitrous_oxide_n2o_emissions_without_land_use_land_use_change_and_forestry_lulucf_in_kilotonne_co2_equivalent
Italy,1994,27744.0589143276,nitrous_oxide_n2o_emissions_without_land_use_land_use_change_and_forestry_lulucf_in_kilotonne_co2_equivalent
Slovenia,2014,16582.3118962607,greenhouse_gas_ghgs_emissions_without_land_use_land_use_change_and_forestry_lulucf_in_kilotonne_co2_equivalent
Italy,1997,785.110054453308,sulphur_hexafluoride_sf6_emissions_in_kilotonne_co2_equivalent
Ireland,2003,45554.322521515,carbon_dioxide_co2_emissions_without_land_use_land_use_change_and_forestry_lulucf_in_kilotonne_co2_equivalent
Belarus,2007,0.541386,sulphur_hexafluoride_sf6_emissions_in_kilotonne_co2_equivalent
Monaco,2006,94.2785958829561,greenhouse_gas_ghgs_emissions_including_indirect_co2_without_lulucf_in_kilotonne_co2_equivalent
Norway,2002,42655.8748276072,carbon_dioxide_co2_emissions_without_land_use_land_use_change_and_forestry_lulucf_in_kilotonne_co2_equivalent
Romania,1994,178107.9044609,greenhouse_gas_ghgs_emissions_without_land_use_land_use_change_and_forestry_lulucf_in_kilotonne_co2_equivalent
Luxembourg,2006,576.538031763112,methane_ch4_emissions_without_land_use_land_use_change_and_forestry_lulucf_in_kilotonne_co2_equivalent
Germany,1992,63686.8532595428,nitrous_oxide_n2o_emissions_without_land_use_land_use_change_and_forestry_lulucf_in_kilotonne_co2_equivalent
Liechtenstein,1992,0.08826257370904,hydrofluorocarbons_hfcs_emissions_in_kilotonne_co2_equivalent
Slovakia,1997,45040.2697406883,carbon_dioxide_co2_emissions_without_land_use_land_use_change_and_forestry_lulucf_in_kilotonne_co2_equivalent
New Zealand,2006,14.6832,sulphur_hexafluoride_sf6_emissions_in_kilotonne_co2_equivalent
Russian Federation,1993,2809294.52481872,greenhouse_gas_ghgs_emissions_including_indirect_co2_without_lulucf_in_kilotonne_co2_equivalent
Estonia,1997,18223.6042706384,carbon_dioxide_co2_emissions_without_land_use_land_use_change_and_forestry_lulucf_in_kilotonne_co2_equivalent
Slovenia,1998,37.6937452686313,hydrofluorocarbons_hfcs_emissions_in_kilotonne_co2_equivalent
Netherlands,2012,195068.684673269,greenhouse_gas_ghgs_emissions_without_land_use_land_use_change_and_forestry_lulucf_in_kilotonne_co2_equivalent
Turkey,1997,269942.502958794,greenhouse_gas_ghgs_emissions_including_indirect_co2_without_lulucf_in_kilotonne_co2_equivalent
France,2001,1933.42780025375,sulphur_hexafluoride_sf6_emissions_in_kilotonne_co2_equivalent
United Kingdom,2004,566598.164015122,carbon_dioxide_co2_emissions_without_land_use_land_use_change_and_forestry_lulucf_in_kilotonne_co2_equivalent
Poland,1995,22833.3090979169,nitrous_oxide_n2o_emissions_without_land_use_land_use_change_and_forestry_lulucf_in_kilotonne_co2_equivalent
Monaco,2013,91.2561562041074,greenhouse_gas_ghgs_emissions_without_land_use_land_use_change_and_forestry_lulucf_in_kilotonne_co2_equivalent
Germany,1992,5237.80713126,sulphur_hexafluoride_sf6_emissions_in_kilotonne_co2_equivalent
Romania,1995,185010.510955194,greenhouse_gas_ghgs_emissions_including_indirect_co2_without_lulucf_in_kilotonne_co2_equivalent
Canada,2008,743519.658507859,greenhouse_gas_ghgs_emissions_including_indirect_co2_without_lulucf_in_kilotonne_co2_equivalent
Romania,1996,10916.3428436608,nitrous_oxide_n2o_emissions_without_land_use_land_use_change_and_forestry_lulucf_in_kilotonne_co2_equivalent
Lithuania,2010,3198.21752159965,nitrous_oxide_n2o_emissions_without_land_use_land_use_change_and_forestry_lulucf_in_kilotonne_co2_equivalent
Australia,2003,495154.085966803,greenhouse_gas_ghgs_emissions_without_land_use_land_use_change_and_forestry_lulucf_in_kilotonne_co2_equivalent
Austria,2008,3751.8926015206,nitrous_oxide_n2o_emissions_without_land_use_land_use_change_and_forestry_lulucf_in_kilotonne_co2_equivalent
Switzerland,1995,52204.7474593235,greenhouse_gas_ghgs_emissions_without_land_use_land_use_change_and_forestry_lulucf_in_kilotonne_co2_equivalent
Czech Republic,1991,177638.103219304,greenhouse_gas_ghgs_emissions_without_land_use_land_use_change_and_forestry_lulucf_in_kilotonne_co2_equivalent
Malta,1997,121.810701627414,methane_ch4_emissions_without_land_use_land_use_change_and_forestry_lulucf_in_kilotonne_co2_equivalent
Norway,2007,56966.3456187061,greenhouse_gas_ghgs_emissions_including_indirect_co2_without_lulucf_in_kilotonne_co2_equivalent
Belarus,1999,55033.952116896,carbon_dioxide_co2_emissions_without_land_use_land_use_change_and_forestry_lulucf_in_kilotonne_co2_equivalent
United States of America,2001,229.040863134056,nitrogen_trifluoride_nf3_emissions_in_kilotonne_co2_equivalent
Germany,2005,8752.62764727365,hydrofluorocarbons_hfcs_emissions_in_kilotonne_co2_equivalent
Canada,1995,113111.078283263,methane_ch4_emissions_without_land_use_land_use_change_and_forestry_lulucf_in_kilotonne_co2_equivalent
United States of America,1991,777034.220915012,methane_ch4_emissions_without_land_use_land_use_change_and_forestry_lulucf_in_kilotonne_co2_equivalent
Portugal,2000,281.224273441173,hydrofluorocarbons_hfcs_emissions_in_kilotonne_co2_equivalent
New Zealand,1993,210.157,perfluorocarbons_pfcs_emissions_in_kilotonne_co2_equivalent
United Kingdom,2014,16422.5567069798,hydrofluorocarbons_hfcs_emissions_in_kilotonne_co2_equivalent
France,2009,16311.6095618588,hydrofluorocarbons_hfcs_emissions_in_kilotonne_co2_equivalent
Switzerland,2013,5095.04936019242,methane_ch4_emissions_without_land_use_land_use_change_and_forestry_lulucf_in_kilotonne_co2_equivalent
Slovenia,1995,2378.69044191864,methane_ch4_emissions_without_land_use_land_use_change_and_forestry_lulucf_in_kilotonne_co2_equivalent
Slovakia,2006,282.673378463673,hydrofluorocarbons_hfcs_emissions_in_kilotonne_co2_equivalent
Croatia,2003,28782.8213260193,greenhouse_gas_ghgs_emissions_including_indirect_co2_without_lulucf_in_kilotonne_co2_equivalent
Netherlands,2011,275.195390799999,perfluorocarbons_pfcs_emissions_in_kilotonne_co2_equivalent
Iceland,1992,3341.98723972385,greenhouse_gas_ghgs_emissions_without_land_use_land_use_change_and_forestry_lulucf_in_kilotonne_co2_equivalent
Bulgaria,2010,60519.1962784763,greenhouse_gas_ghgs_emissions_without_land_use_land_use_change_and_forestry_lulucf_in_kilotonne_co2_equivalent
Netherlands,2004,219.443249918184,sulphur_hexafluoride_sf6_emissions_in_kilotonne_co2_equivalent
Italy,2002,561887.952427875,greenhouse_gas_ghgs_emissions_without_land_use_land_use_change_and_forestry_lulucf_in_kilotonne_co2_equivalent
Japan,1997,172.779350425156,nitrogen_trifluoride_nf3_emissions_in_kilotonne_co2_equivalent
Sweden,1992,8083.24368960871,methane_ch4_emissions_without_land_use_land_use_change_and_forestry_lulucf_in_kilotonne_co2_equivalent
Slovakia,1990,314.863818,perfluorocarbons_pfcs_emissions_in_kilotonne_co2_equivalent
Cyprus,1992,733.57027363,methane_ch4_emissions_without_land_use_land_use_change_and_forestry_lulucf_in_kilotonne_co2_equivalent
Malta,1994,1.4314068,sulphur_hexafluoride_sf6_emissions_in_kilotonne_co2_equivalent
Latvia,1993,16186.0399405636,greenhouse_gas_ghgs_emissions_including_indirect_co2_without_lulucf_in_kilotonne_co2_equivalent
Denmark,1995,8497.61328401879,methane_ch4_emissions_without_land_use_land_use_change_and_forestry_lulucf_in_kilotonne_co2_equivalent
Turkey,1999,18901.0710520283,nitrous_oxide_n2o_emissions_without_land_use_land_use_change_and_forestry_lulucf_in_kilotonne_co2_equivalent
Romania,1992,190934.821941263,greenhouse_gas_ghgs_emissions_including_indirect_co2_without_lulucf_in_kilotonne_co2_equivalent
Monaco,2006,0.11515938,sulphur_hexafluoride_sf6_emissions_in_kilotonne_co2_equivalent
Romania,2011,1092.23793704097,hydrofluorocarbons_hfcs_emissions_in_kilotonne_co2_equivalent
Italy,2014,418587.214852809,greenhouse_gas_ghgs_emissions_without_land_use_land_use_change_and_forestry_lulucf_in_kilotonne_co2_equivalent
Australia,1991,279741.639011863,carbon_dioxide_co2_emissions_without_land_use_land_use_change_and_forestry_lulucf_in_kilotonne_co2_equivalent
Australia,2010,533917.43629539,greenhouse_gas_ghgs_emissions_including_indirect_co2_without_lulucf_in_kilotonne_co2_equivalent
Poland,2005,323372.578397668,carbon_dioxide_co2_emissions_without_land_use_land_use_change_and_forestry_lulucf_in_kilotonne_co2_equivalent
Malta,1999,0.01127198139642,hydrofluorocarbons_hfcs_emissions_in_kilotonne_co2_equivalent
Iceland,2011,432.110601768568,nitrous_oxide_n2o_emissions_without_land_use_land_use_change_and_forestry_lulucf_in_kilotonne_co2_equivalent
Austria,2001,84380.8068854374,greenhouse_gas_ghgs_emissions_without_land_use_land_use_change_and_forestry_lulucf_in_kilotonne_co2_equivalent
Ireland,2007,47493.1266838399,carbon_dioxide_co2_emissions_without_land_use_land_use_change_and_forestry_lulucf_in_kilotonne_co2_equivalent
France,2005,559398.805733464,greenhouse_gas_ghgs_emissions_including_indirect_co2_without_lulucf_in_kilotonne_co2_equivalent
Malta,2006,3090.68316868016,greenhouse_gas_ghgs_emissions_including_indirect_co2_without_lulucf_in_kilotonne_co2_equivalent
Poland,2014,19746.4241281078,nitrous_oxide_n2o_emissions_without_land_use_land_use_change_and_forestry_lulucf_in_kilotonne_co2_equivalent
Greece,2012,112086.436424032,greenhouse_gas_ghgs_emissions_including_indirect_co2_without_lulucf_in_kilotonne_co2_equivalent
Denmark,1991,82163.9325216713,greenhouse_gas_ghgs_emissions_including_indirect_co2_without_lulucf_in_kilotonne_co2_equivalent
Latvia,2006,8289.2066784209,carbon_dioxide_co2_emissions_without_land_use_land_use_change_and_forestry_lulucf_in_kilotonne_co2_equivalent
Latvia,2013,11450.9295840751,greenhouse_gas_ghgs_emissions_including_indirect_co2_without_lulucf_in_kilotonne_co2_equivalent
Finland,1996,54.159349308492,sulphur_hexafluoride_sf6_emissions_in_kilotonne_co2_equivalent
Russian Federation,1994,97.163852240076,sulphur_hexafluoride_sf6_emissions_in_kilotonne_co2_equivalent
Luxembourg,1991,12467.5131948589,carbon_dioxide_co2_emissions_without_land_use_land_use_change_and_forestry_lulucf_in_kilotonne_co2_equivalent
Norway,2000,54883.3750109775,greenhouse_gas_ghgs_emissions_including_indirect_co2_without_lulucf_in_kilotonne_co2_equivalent
Luxembourg,2010,6.87059344128,sulphur_hexafluoride_sf6_emissions_in_kilotonne_co2_equivalent
Germany,1993,2492.8558365488,hydrofluorocarbons_hfcs_emissions_in_kilotonne_co2_equivalent
Malta,2012,3324.49701604246,greenhouse_gas_ghgs_emissions_including_indirect_co2_without_lulucf_in_kilotonne_co2_equivalent
Denmark,2013,54984.3384703086,greenhouse_gas_ghgs_emissions_without_land_use_land_use_change_and_forestry_lulucf_in_kilotonne_co2_equivalent
Austria,2005,92810.4871969534,greenhouse_gas_ghgs_emissions_including_indirect_co2_without_lulucf_in_kilotonne_co2_equivalent
Slovenia,2010,9.639797381736,perfluorocarbons_pfcs_emissions_in_kilotonne_co2_equivalent
Belarus,1998,0.066234,sulphur_hexafluoride_sf6_emissions_in_kilotonne_co2_equivalent
Poland,2000,319120.405105406,carbon_dioxide_co2_emissions_without_land_use_land_use_change_and_forestry_lulucf_in_kilotonne_co2_equivalent
Switzerland,1997,21.0263108966828,perfluorocarbons_pfcs_emissions_in_kilotonne_co2_equivalent
Denmark,2003,29.594653390308,sulphur_hexafluoride_sf6_emissions_in_kilotonne_co2_equivalent
United Kingdom,2011,565989.015429393,greenhouse_gas_ghgs_emissions_without_land_use_land_use_change_and_forestry_lulucf_in_kilotonne_co2_equivalent
Cyprus,2011,9296.16313035284,greenhouse_gas_ghgs_emissions_without_land_use_land_use_change_and_forestry_lulucf_in_kilotonne_co2_equivalent
Germany,1998,4108.460476,unspecified_mix_of_hydrofluorocarbons_hfcs_and_perfluorocarbons_pfcs_emissions_in_kilotonne_co2_equivalent
Australia,1998,466382.112471814,greenhouse_gas_ghgs_emissions_including_indirect_co2_without_lulucf_in_kilotonne_co2_equivalent
Slovakia,1995,44679.5449583075,carbon_dioxide_co2_emissions_without_land_use_land_use_change_and_forestry_lulucf_in_kilotonne_co2_equivalent
Japan,1991,17349.6129448632,hydrofluorocarbons_hfcs_emissions_in_kilotonne_co2_equivalent
European Union,1993,5279950.93806812,greenhouse_gas_ghgs_emissions_without_land_use_land_use_change_and_forestry_lulucf_in_kilotonne_co2_equivalent
Switzerland,1991,139.20629718228,sulphur_hexafluoride_sf6_emissions_in_kilotonne_co2_equivalent
Poland,2003,48078.1252906339,methane_ch4_emissions_without_land_use_land_use_change_and_forestry_lulucf_in_kilotonne_co2_equivalent
European Union,2009,94070.2182839017,hydrofluorocarbons_hfcs_emissions_in_kilotonne_co2_equivalent
Portugal,2003,2.34132832272752,perfluorocarbons_pfcs_emissions_in_kilotonne_co2_equivalent
New Zealand,1999,8071.72726637944,nitrous_oxide_n2o_emissions_without_land_use_land_use_change_and_forestry_lulucf_in_kilotonne_co2_equivalent
Italy,2002,561887.952427875,greenhouse_gas_ghgs_emissions_including_indirect_co2_without_lulucf_in_kilotonne_co2_equivalent
Norway,2011,1105.88675600444,hydrofluorocarbons_hfcs_emissions_in_kilotonne_co2_equivalent
France,2010,32.1296,nitrogen_trifluoride_nf3_emissions_in_kilotonne_co2_equivalent
Italy,2007,23342.0937596864,nitrous_oxide_n2o_emissions_without_land_use_land_use_change_and_forestry_lulucf_in_kilotonne_co2_equivalent
European Union,2000,5161668.58707868,greenhouse_gas_ghgs_emissions_without_land_use_land_use_change_and_forestry_lulucf_in_kilotonne_co2_equivalent
Belgium,2002,9956.50085913143,methane_ch4_emissions_without_land_use_land_use_change_and_forestry_lulucf_in_kilotonne_co2_equivalent
European Union,1996,5413299.63343299,greenhouse_gas_ghgs_emissions_without_land_use_land_use_change_and_forestry_lulucf_in_kilotonne_co2_equivalent
Luxembourg,1992,1.078470228696,sulphur_hexafluoride_sf6_emissions_in_kilotonne_co2_equivalent
Turkey,2006,1424.18969214271,hydrofluorocarbons_hfcs_emissions_in_kilotonne_co2_equivalent
Czech Republic,1991,9898.53869276329,nitrous_oxide_n2o_emissions_without_land_use_land_use_change_and_forestry_lulucf_in_kilotonne_co2_equivalent
Canada,2006,5828.26843309005,hydrofluorocarbons_hfcs_emissions_in_kilotonne_co2_equivalent
Sweden,1997,7776.31024090937,methane_ch4_emissions_without_land_use_land_use_change_and_forestry_lulucf_in_kilotonne_co2_equivalent
Portugal,2004,85995.0655168983,greenhouse_gas_ghgs_emissions_including_indirect_co2_without_lulucf_in_kilotonne_co2_equivalent
Ukraine,2011,301273.502167972,carbon_dioxide_co2_emissions_without_land_use_land_use_change_and_forestry_lulucf_in_kilotonne_co2_equivalent
European Union,1993,5287674.68439199,greenhouse_gas_ghgs_emissions_including_indirect_co2_without_lulucf_in_kilotonne_co2_equivalent
Italy,2010,1520.38620529573,perfluorocarbons_pfcs_emissions_in_kilotonne_co2_equivalent
Italy,1994,588.826127804444,hydrofluorocarbons_hfcs_emissions_in_kilotonne_co2_equivalent
Greece,2007,11542.2810575399,methane_ch4_emissions_without_land_use_land_use_change_and_forestry_lulucf_in_kilotonne_co2_equivalent
Canada,1991,611861.12927,greenhouse_gas_ghgs_emissions_including_indirect_co2_without_lulucf_in_kilotonne_co2_equivalent
Ireland,2012,9.55905777777773,perfluorocarbons_pfcs_emissions_in_kilotonne_co2_equivalent
Croatia,2003,2936.87051081454,methane_ch4_emissions_without_land_use_land_use_change_and_forestry_lulucf_in_kilotonne_co2_equivalent
Croatia,1992,10.4170122,sulphur_hexafluoride_sf6_emissions_in_kilotonne_co2_equivalent
Canada,2007,596041.321973836,carbon_dioxide_co2_emissions_without_land_use_land_use_change_and_forestry_lulucf_in_kilotonne_co2_equivalent
Malta,1999,2610.24691168289,greenhouse_gas_ghgs_emissions_without_land_use_land_use_change_and_forestry_lulucf_in_kilotonne_co2_equivalent
New Zealand,2009,34150.6927827583,methane_ch4_emissions_without_land_use_land_use_change_and_forestry_lulucf_in_kilotonne_co2_equivalent
United Kingdom,1992,589306.018141796,carbon_dioxide_co2_emissions_without_land_use_land_use_change_and_forestry_lulucf_in_kilotonne_co2_equivalent
Slovakia,2002,50144.7586875242,greenhouse_gas_ghgs_emissions_without_land_use_land_use_change_and_forestry_lulucf_in_kilotonne_co2_equivalent
European Union,1999,3947.177534,unspecified_mix_of_hydrofluorocarbons_hfcs_and_perfluorocarbons_pfcs_emissions_in_kilotonne_co2_equivalent
Ukraine,2008,317063.843729194,carbon_dioxide_co2_emissions_without_land_use_land_use_change_and_forestry_lulucf_in_kilotonne_co2_equivalent
Ireland,1997,8822.89550659361,nitrous_oxide_n2o_emissions_without_land_use_land_use_change_and_forestry_lulucf_in_kilotonne_co2_equivalent
Australia,1991,228.944833597368,sulphur_hexafluoride_sf6_emissions_in_kilotonne_co2_equivalent
Croatia,1998,24459.7108462523,greenhouse_gas_ghgs_emissions_without_land_use_land_use_change_and_forestry_lulucf_in_kilotonne_co2_equivalent
Portugal,1991,3964.80879849084,nitrous_oxide_n2o_emissions_without_land_use_land_use_change_and_forestry_lulucf_in_kilotonne_co2_equivalent
Norway,1996,41586.7085615304,carbon_dioxide_co2_emissions_without_land_use_land_use_change_and_forestry_lulucf_in_kilotonne_co2_equivalent
France,2013,59044.2244613822,methane_ch4_emissions_without_land_use_land_use_change_and_forestry_lulucf_in_kilotonne_co2_equivalent
New Zealand,2007,81157.8794314686,greenhouse_gas_ghgs_emissions_without_land_use_land_use_change_and_forestry_lulucf_in_kilotonne_co2_equivalent
Sweden,1992,102.575979425256,sulphur_hexafluoride_sf6_emissions_in_kilotonne_co2_equivalent
Monaco,1995,2.68769382417096,nitrous_oxide_n2o_emissions_without_land_use_land_use_change_and_forestry_lulucf_in_kilotonne_co2_equivalent
Slovenia,2012,19035.4208792702,greenhouse_gas_ghgs_emissions_without_land_use_land_use_change_and_forestry_lulucf_in_kilotonne_co2_equivalent
Malta,1997,0.00470204555132,hydrofluorocarbons_hfcs_emissions_in_kilotonne_co2_equivalent
Romania,2005,149329.227887785,greenhouse_gas_ghgs_emissions_including_indirect_co2_without_lulucf_in_kilotonne_co2_equivalent
Italy,2003,4281.46004202424,hydrofluorocarbons_hfcs_emissions_in_kilotonne_co2_equivalent
Ukraine,1991,621305.236399432,carbon_dioxide_co2_emissions_without_land_use_land_use_change_and_forestry_lulucf_in_kilotonne_co2_equivalent
Romania,1991,2253.556431,perfluorocarbons_pfcs_emissions_in_kilotonne_co2_equivalent
Croatia,2007,24955.3759314165,carbon_dioxide_co2_emissions_without_land_use_land_use_change_and_forestry_lulucf_in_kilotonne_co2_equivalent
Germany,2009,29.081333268,nitrogen_trifluoride_nf3_emissions_in_kilotonne_co2_equivalent
Czech Republic,1994,88.639761780456,sulphur_hexafluoride_sf6_emissions_in_kilotonne_co2_equivalent
Iceland,1990,510.039969148917,nitrous_oxide_n2o_emissions_without_land_use_land_use_change_and_forestry_lulucf_in_kilotonne_co2_equivalent
Belarus,2009,17118.031159325,methane_ch4_emissions_without_land_use_land_use_change_and_forestry_lulucf_in_kilotonne_co2_equivalent
Slovenia,2013,2080.22651630495,methane_ch4_emissions_without_land_use_land_use_change_and_forestry_lulucf_in_kilotonne_co2_equivalent
Estonia,2012,193.034322112355,hydrofluorocarbons_hfcs_emissions_in_kilotonne_co2_equivalent
Greece,2011,115576.783290434,greenhouse_gas_ghgs_emissions_including_indirect_co2_without_lulucf_in_kilotonne_co2_equivalent
Malta,2007,1.10375e-06,perfluorocarbons_pfcs_emissions_in_kilotonne_co2_equivalent
Estonia,1995,3.0743691,sulphur_hexafluoride_sf6_emissions_in_kilotonne_co2_equivalent
Austria,2002,72126.5914446168,carbon_dioxide_co2_emissions_without_land_use_land_use_change_and_forestry_lulucf_in_kilotonne_co2_equivalent
Croatia,2011,9.3654192,sulphur_hexafluoride_sf6_emissions_in_kilotonne_co2_equivalent
Sweden,2009,973.198782552507,hydrofluorocarbons_hfcs_emissions_in_kilotonne_co2_equivalent
Iceland,2004,566.075195778504,methane_ch4_emissions_without_land_use_land_use_change_and_forestry_lulucf_in_kilotonne_co2_equivalent
Belgium,2010,2508.71471399671,hydrofluorocarbons_hfcs_emissions_in_kilotonne_co2_equivalent
Lithuania,2007,25352.3510528305,greenhouse_gas_ghgs_emissions_without_land_use_land_use_change_and_forestry_lulucf_in_kilotonne_co2_equivalent
Latvia,2014,212.063871159636,hydrofluorocarbons_hfcs_emissions_in_kilotonne_co2_equivalent
Spain,1994,4373.88138999678,hydrofluorocarbons_hfcs_emissions_in_kilotonne_co2_equivalent
Belgium,2006,199.907099703807,perfluorocarbons_pfcs_emissions_in_kilotonne_co2_equivalent
Monaco,1994,2.57858689154972,nitrous_oxide_n2o_emissions_without_land_use_land_use_change_and_forestry_lulucf_in_kilotonne_co2_equivalent
Ukraine,2014,16.4088827976,sulphur_hexafluoride_sf6_emissions_in_kilotonne_co2_equivalent
Belgium,1994,124426.885709848,carbon_dioxide_co2_emissions_without_land_use_land_use_change_and_forestry_lulucf_in_kilotonne_co2_equivalent
Lithuania,2005,23036.138291882,greenhouse_gas_ghgs_emissions_including_indirect_co2_without_lulucf_in_kilotonne_co2_equivalent
Netherlands,2003,764.435132750001,perfluorocarbons_pfcs_emissions_in_kilotonne_co2_equivalent
New Zealand,2013,35094.2867396817,carbon_dioxide_co2_emissions_without_land_use_land_use_change_and_forestry_lulucf_in_kilotonne_co2_equivalent
France,1998,2811.97079448744,sulphur_hexafluoride_sf6_emissions_in_kilotonne_co2_equivalent
United States of America,2014,730828.659455192,methane_ch4_emissions_without_land_use_land_use_change_and_forestry_lulucf_in_kilotonne_co2_equivalent
Russian Federation,1998,2229674.66572712,greenhouse_gas_ghgs_emissions_including_indirect_co2_without_lulucf_in_kilotonne_co2_equivalent
Russian Federation,1993,14334.649675121,perfluorocarbons_pfcs_emissions_in_kilotonne_co2_equivalent
Denmark,1996,58.31300620962,sulphur_hexafluoride_sf6_emissions_in_kilotonne_co2_equivalent
Monaco,2001,3.71805884336784,nitrous_oxide_n2o_emissions_without_land_use_land_use_change_and_forestry_lulucf_in_kilotonne_co2_equivalent
Ireland,2003,685.723996004295,hydrofluorocarbons_hfcs_emissions_in_kilotonne_co2_equivalent
Japan,2004,12420.8107871239,hydrofluorocarbons_hfcs_emissions_in_kilotonne_co2_equivalent
Lithuania,1995,0.0456,sulphur_hexafluoride_sf6_emissions_in_kilotonne_co2_equivalent
Estonia,2013,19566.3683734371,carbon_dioxide_co2_emissions_without_land_use_land_use_change_and_forestry_lulucf_in_kilotonne_co2_equivalent
Iceland,2004,3940.12141564936,greenhouse_gas_ghgs_emissions_without_land_use_land_use_change_and_forestry_lulucf_in_kilotonne_co2_equivalent
France,2005,428557.610248936,carbon_dioxide_co2_emissions_without_land_use_land_use_change_and_forestry_lulucf_in_kilotonne_co2_equivalent
Poland,2010,403598.930904867,greenhouse_gas_ghgs_emissions_without_land_use_land_use_change_and_forestry_lulucf_in_kilotonne_co2_equivalent
Liechtenstein,2013,234.906930245995,greenhouse_gas_ghgs_emissions_without_land_use_land_use_change_and_forestry_lulucf_in_kilotonne_co2_equivalent
Turkey,2002,454.8144,sulphur_hexafluoride_sf6_emissions_in_kilotonne_co2_equivalent
Hungary,2004,8603.56236475025,methane_ch4_emissions_without_land_use_land_use_change_and_forestry_lulucf_in_kilotonne_co2_equivalent
Austria,1997,500.828386694405,hydrofluorocarbons_hfcs_emissions_in_kilotonne_co2_equivalent
Luxembourg,1993,616.155806059571,methane_ch4_emissions_without_land_use_land_use_change_and_forestry_lulucf_in_kilotonne_co2_equivalent
Austria,2008,1248.53225138254,hydrofluorocarbons_hfcs_emissions_in_kilotonne_co2_equivalent
United States of America,2007,725974.6403866,methane_ch4_emissions_without_land_use_land_use_change_and_forestry_lulucf_in_kilotonne_co2_equivalent
Greece,2004,4.2636,sulphur_hexafluoride_sf6_emissions_in_kilotonne_co2_equivalent
France,2007,42.1056,nitrogen_trifluoride_nf3_emissions_in_kilotonne_co2_equivalent
Luxembourg,1993,13292.7529188175,greenhouse_gas_ghgs_emissions_without_land_use_land_use_change_and_forestry_lulucf_in_kilotonne_co2_equivalent
Austria,2008,208.1864855,perfluorocarbons_pfcs_emissions_in_kilotonne_co2_equivalent
Sweden,2011,49133.5869433916,carbon_dioxide_co2_emissions_without_land_use_land_use_change_and_forestry_lulucf_in_kilotonne_co2_equivalent
Ireland,2006,69714.6192054216,greenhouse_gas_ghgs_emissions_without_land_use_land_use_change_and_forestry_lulucf_in_kilotonne_co2_equivalent
United States of America,1995,420585.748575647,nitrous_oxide_n2o_emissions_without_land_use_land_use_change_and_forestry_lulucf_in_kilotonne_co2_equivalent
Italy,1997,957.973264864718,hydrofluorocarbons_hfcs_emissions_in_kilotonne_co2_equivalent
Estonia,1993,21001.9712440401,greenhouse_gas_ghgs_emissions_including_indirect_co2_without_lulucf_in_kilotonne_co2_equivalent
Portugal,1993,65623.2879006346,greenhouse_gas_ghgs_emissions_including_indirect_co2_without_lulucf_in_kilotonne_co2_equivalent
Belgium,2009,107282.543508312,carbon_dioxide_co2_emissions_without_land_use_land_use_change_and_forestry_lulucf_in_kilotonne_co2_equivalent
European Union,1994,348484.822972035,nitrous_oxide_n2o_emissions_without_land_use_land_use_change_and_forestry_lulucf_in_kilotonne_co2_equivalent
Ireland,1999,42302.0878630807,carbon_dioxide_co2_emissions_without_land_use_land_use_change_and_forestry_lulucf_in_kilotonne_co2_equivalent
Turkey,2010,395282.5101948,greenhouse_gas_ghgs_emissions_without_land_use_land_use_change_and_forestry_lulucf_in_kilotonne_co2_equivalent
Australia,2001,110301.733954324,methane_ch4_emissions_without_land_use_land_use_change_and_forestry_lulucf_in_kilotonne_co2_equivalent
Malta,1992,2174.6344662953,carbon_dioxide_co2_emissions_without_land_use_land_use_change_and_forestry_lulucf_in_kilotonne_co2_equivalent
Switzerland,1996,5736.9447004692,methane_ch4_emissions_without_land_use_land_use_change_and_forestry_lulucf_in_kilotonne_co2_equivalent
Australia,2002,202.483414806024,sulphur_hexafluoride_sf6_emissions_in_kilotonne_co2_equivalent
Sweden,2006,53697.6559330674,carbon_dioxide_co2_emissions_without_land_use_land_use_change_and_forestry_lulucf_in_kilotonne_co2_equivalent
New Zealand,1994,18.549829601,hydrofluorocarbons_hfcs_emissions_in_kilotonne_co2_equivalent
Bulgaria,2006,8446.72532215926,methane_ch4_emissions_without_land_use_land_use_change_and_forestry_lulucf_in_kilotonne_co2_equivalent
Netherlands,2013,119.866895360232,sulphur_hexafluoride_sf6_emissions_in_kilotonne_co2_equivalent
Ukraine,2013,401066.965549848,greenhouse_gas_ghgs_emissions_without_land_use_land_use_change_and_forestry_lulucf_in_kilotonne_co2_equivalent
Malta,2004,71.751846760821,nitrous_oxide_n2o_emissions_without_land_use_land_use_change_and_forestry_lulucf_in_kilotonne_co2_equivalent
Belgium,2014,113866.619000541,greenhouse_gas_ghgs_emissions_without_land_use_land_use_change_and_forestry_lulucf_in_kilotonne_co2_equivalent
Spain,1997,7722.72448127769,hydrofluorocarbons_hfcs_emissions_in_kilotonne_co2_equivalent
Japan,2011,1261862.93795353,carbon_dioxide_co2_emissions_without_land_use_land_use_change_and_forestry_lulucf_in_kilotonne_co2_equivalent
France,2004,554620.230495207,greenhouse_gas_ghgs_emissions_without_land_use_land_use_change_and_forestry_lulucf_in_kilotonne_co2_equivalent
Ireland,2013,7084.87206028167,nitrous_oxide_n2o_emissions_without_land_use_land_use_change_and_forestry_lulucf_in_kilotonne_co2_equivalent
Finland,1993,56333.26799423,carbon_dioxide_co2_emissions_without_land_use_land_use_change_and_forestry_lulucf_in_kilotonne_co2_equivalent
Switzerland,2005,5302.88222527316,methane_ch4_emissions_without_land_use_land_use_change_and_forestry_lulucf_in_kilotonne_co2_equivalent
Italy,1998,1476.80007576382,hydrofluorocarbons_hfcs_emissions_in_kilotonne_co2_equivalent
Latvia,1997,12.7283681866556,hydrofluorocarbons_hfcs_emissions_in_kilotonne_co2_equivalent
Italy,1993,429158.009174904,carbon_dioxide_co2_emissions_without_land_use_land_use_change_and_forestry_lulucf_in_kilotonne_co2_equivalent
Poland,2006,33.202083766164,sulphur_hexafluoride_sf6_emissions_in_kilotonne_co2_equivalent
Hungary,1997,120.842801619565,hydrofluorocarbons_hfcs_emissions_in_kilotonne_co2_equivalent
Slovakia,1995,10.1547096,sulphur_hexafluoride_sf6_emissions_in_kilotonne_co2_equivalent
Portugal,1990,3989.64751345284,nitrous_oxide_n2o_emissions_without_land_use_land_use_change_and_forestry_lulucf_in_kilotonne_co2_equivalent
Norway,2010,238.391464780525,perfluorocarbons_pfcs_emissions_in_kilotonne_co2_equivalent
Switzerland,1994,106.886674181628,sulphur_hexafluoride_sf6_emissions_in_kilotonne_co2_equivalent
Russian Federation,2004,6651.69394690311,perfluorocarbons_pfcs_emissions_in_kilotonne_co2_equivalent
Norway,1990,35694.8243978959,carbon_dioxide_co2_emissions_without_land_use_land_use_change_and_forestry_lulucf_in_kilotonne_co2_equivalent
United Kingdom,1990,14391.4266541955,hydrofluorocarbons_hfcs_emissions_in_kilotonne_co2_equivalent
United States of America,2010,141633.79781668,hydrofluorocarbons_hfcs_emissions_in_kilotonne_co2_equivalent
Belarus,2001,0.11058,sulphur_hexafluoride_sf6_emissions_in_kilotonne_co2_equivalent
Norway,1990,51921.7714051269,greenhouse_gas_ghgs_emissions_without_land_use_land_use_change_and_forestry_lulucf_in_kilotonne_co2_equivalent
Spain,1997,326262.199894909,greenhouse_gas_ghgs_emissions_without_land_use_land_use_change_and_forestry_lulucf_in_kilotonne_co2_equivalent
United States of America,2007,7774.82315164493,perfluorocarbons_pfcs_emissions_in_kilotonne_co2_equivalent
Estonia,1993,819.81142680363,nitrous_oxide_n2o_emissions_without_land_use_land_use_change_and_forestry_lulucf_in_kilotonne_co2_equivalent
Japan,1999,41431.0874022745,methane_ch4_emissions_without_land_use_land_use_change_and_forestry_lulucf_in_kilotonne_co2_equivalent
Finland,1994,7674.10373712289,methane_ch4_emissions_without_land_use_land_use_change_and_forestry_lulucf_in_kilotonne_co2_equivalent
United States of America,1991,566.900968,unspecified_mix_of_hydrofluorocarbons_hfcs_and_perfluorocarbons_pfcs_emissions_in_kilotonne_co2_equivalent
United States of America,2000,4367.2296252,unspecified_mix_of_hydrofluorocarbons_hfcs_and_perfluorocarbons_pfcs_emissions_in_kilotonne_co2_equivalent
Croatia,1990,3770.71776073763,methane_ch4_emissions_without_land_use_land_use_change_and_forestry_lulucf_in_kilotonne_co2_equivalent
Luxembourg,2010,11285.0274171344,carbon_dioxide_co2_emissions_without_land_use_land_use_change_and_forestry_lulucf_in_kilotonne_co2_equivalent
Monaco,1990,0.221641992,sulphur_hexafluoride_sf6_emissions_in_kilotonne_co2_equivalent
Liechtenstein,1996,18.739888143299,methane_ch4_emissions_without_land_use_land_use_change_and_forestry_lulucf_in_kilotonne_co2_equivalent
Japan,1994,31848.6794560012,nitrous_oxide_n2o_emissions_without_land_use_land_use_change_and_forestry_lulucf_in_kilotonne_co2_equivalent
Portugal,2004,4117.79191596473,nitrous_oxide_n2o_emissions_without_land_use_land_use_change_and_forestry_lulucf_in_kilotonne_co2_equivalent
Turkey,1993,230628.999213425,greenhouse_gas_ghgs_emissions_without_land_use_land_use_change_and_forestry_lulucf_in_kilotonne_co2_equivalent
Denmark,1993,78138.1930583691,greenhouse_gas_ghgs_emissions_including_indirect_co2_without_lulucf_in_kilotonne_co2_equivalent
Czech Republic,1994,18086.8290768361,methane_ch4_emissions_without_land_use_land_use_change_and_forestry_lulucf_in_kilotonne_co2_equivalent
Sweden,1990,71917.2595916878,greenhouse_gas_ghgs_emissions_including_indirect_co2_without_lulucf_in_kilotonne_co2_equivalent
Italy,1991,2509.91163125455,perfluorocarbons_pfcs_emissions_in_kilotonne_co2_equivalent
Lithuania,1995,22400.5086396674,greenhouse_gas_ghgs_emissions_including_indirect_co2_without_lulucf_in_kilotonne_co2_equivalent
Ireland,2000,69251.3548462284,greenhouse_gas_ghgs_emissions_without_land_use_land_use_change_and_forestry_lulucf_in_kilotonne_co2_equivalent
Slovenia,1995,128.143384994508,perfluorocarbons_pfcs_emissions_in_kilotonne_co2_equivalent
Slovakia,1991,64644.5332374833,greenhouse_gas_ghgs_emissions_including_indirect_co2_without_lulucf_in_kilotonne_co2_equivalent
Czech Republic,1997,99.0166392294564,hydrofluorocarbons_hfcs_emissions_in_kilotonne_co2_equivalent
Netherlands,2001,1811.46647340432,hydrofluorocarbons_hfcs_emissions_in_kilotonne_co2_equivalent
France,2003,51538.4101767204,nitrous_oxide_n2o_emissions_without_land_use_land_use_change_and_forestry_lulucf_in_kilotonne_co2_equivalent
Finland,2011,4547.93466904221,nitrous_oxide_n2o_emissions_without_land_use_land_use_change_and_forestry_lulucf_in_kilotonne_co2_equivalent
Sweden,1995,6148.12507237434,nitrous_oxide_n2o_emissions_without_land_use_land_use_change_and_forestry_lulucf_in_kilotonne_co2_equivalent
Ukraine,1996,344347.189394243,carbon_dioxide_co2_emissions_without_land_use_land_use_change_and_forestry_lulucf_in_kilotonne_co2_equivalent
Poland,2001,197.343443881186,perfluorocarbons_pfcs_emissions_in_kilotonne_co2_equivalent
Liechtenstein,2010,191.047501716787,carbon_dioxide_co2_emissions_without_land_use_land_use_change_and_forestry_lulucf_in_kilotonne_co2_equivalent
Monaco,2007,7.86987740677532,hydrofluorocarbons_hfcs_emissions_in_kilotonne_co2_equivalent
Germany,2009,58947.976950009,methane_ch4_emissions_without_land_use_land_use_change_and_forestry_lulucf_in_kilotonne_co2_equivalent
Canada,2002,38156.7745435737,nitrous_oxide_n2o_emissions_without_land_use_land_use_change_and_forestry_lulucf_in_kilotonne_co2_equivalent
Sweden,1995,135.1858964466,sulphur_hexafluoride_sf6_emissions_in_kilotonne_co2_equivalent
Spain,1999,362590.986878755,greenhouse_gas_ghgs_emissions_without_land_use_land_use_change_and_forestry_lulucf_in_kilotonne_co2_equivalent
Australia,2008,103119.546054012,methane_ch4_emissions_without_land_use_land_use_change_and_forestry_lulucf_in_kilotonne_co2_equivalent
Italy,2006,486594.066569872,carbon_dioxide_co2_emissions_without_land_use_land_use_change_and_forestry_lulucf_in_kilotonne_co2_equivalent
Malta,1994,0.0009438,hydrofluorocarbons_hfcs_emissions_in_kilotonne_co2_equivalent
Sweden,1993,71807.1907332996,greenhouse_gas_ghgs_emissions_without_land_use_land_use_change_and_forestry_lulucf_in_kilotonne_co2_equivalent
Iceland,2001,3911.35024253636,greenhouse_gas_ghgs_emissions_including_indirect_co2_without_lulucf_in_kilotonne_co2_equivalent
Ireland,1992,56809.1096748183,greenhouse_gas_ghgs_emissions_without_land_use_land_use_change_and_forestry_lulucf_in_kilotonne_co2_equivalent
Australia,2006,522517.191663285,greenhouse_gas_ghgs_emissions_without_land_use_land_use_change_and_forestry_lulucf_in_kilotonne_co2_equivalent
Liechtenstein,1995,10.6048663617398,nitrous_oxide_n2o_emissions_without_land_use_land_use_change_and_forestry_lulucf_in_kilotonne_co2_equivalent
Australia,1999,1139.05875745416,perfluorocarbons_pfcs_emissions_in_kilotonne_co2_equivalent
Australia,1992,246.858848754444,sulphur_hexafluoride_sf6_emissions_in_kilotonne_co2_equivalent
European Union,2010,4775529.25928464,greenhouse_gas_ghgs_emissions_without_land_use_land_use_change_and_forestry_lulucf_in_kilotonne_co2_equivalent
Estonia,1990,39965.168718297,greenhouse_gas_ghgs_emissions_including_indirect_co2_without_lulucf_in_kilotonne_co2_equivalent
Portugal,1994,11493.1647729527,methane_ch4_emissions_without_land_use_land_use_change_and_forestry_lulucf_in_kilotonne_co2_equivalent
Austria,1991,65903.513308256,carbon_dioxide_co2_emissions_without_land_use_land_use_change_and_forestry_lulucf_in_kilotonne_co2_equivalent
Japan,2007,7916.84958572168,perfluorocarbons_pfcs_emissions_in_kilotonne_co2_equivalent
Romania,1991,11034.7365410325,nitrous_oxide_n2o_emissions_without_land_use_land_use_change_and_forestry_lulucf_in_kilotonne_co2_equivalent
Germany,2008,9368.02796676995,hydrofluorocarbons_hfcs_emissions_in_kilotonne_co2_equivalent
Russian Federation,2002,7313.25258540462,perfluorocarbons_pfcs_emissions_in_kilotonne_co2_equivalent
Greece,2009,124697.195300591,greenhouse_gas_ghgs_emissions_including_indirect_co2_without_lulucf_in_kilotonne_co2_equivalent
Canada,1996,684666.716478192,greenhouse_gas_ghgs_emissions_without_land_use_land_use_change_and_forestry_lulucf_in_kilotonne_co2_equivalent
Japan,1992,17767.2240356469,hydrofluorocarbons_hfcs_emissions_in_kilotonne_co2_equivalent
United Kingdom,2004,11944.9057227757,hydrofluorocarbons_hfcs_emissions_in_kilotonne_co2_equivalent
Australia,2009,101886.833298172,methane_ch4_emissions_without_land_use_land_use_change_and_forestry_lulucf_in_kilotonne_co2_equivalent
Czech Republic,2000,149753.57653768,greenhouse_gas_ghgs_emissions_including_indirect_co2_without_lulucf_in_kilotonne_co2_equivalent
Latvia,2004,1871.48610903085,methane_ch4_emissions_without_land_use_land_use_change_and_forestry_lulucf_in_kilotonne_co2_equivalent
Ireland,1993,39.114758,perfluorocarbons_pfcs_emissions_in_kilotonne_co2_equivalent
Greece,1996,89134.4253965711,carbon_dioxide_co2_emissions_without_land_use_land_use_change_and_forestry_lulucf_in_kilotonne_co2_equivalent
Norway,2010,55299.0969643191,greenhouse_gas_ghgs_emissions_without_land_use_land_use_change_and_forestry_lulucf_in_kilotonne_co2_equivalent
Denmark,2009,48592.2113851369,carbon_dioxide_co2_emissions_without_land_use_land_use_change_and_forestry_lulucf_in_kilotonne_co2_equivalent
Liechtenstein,2008,0.34656,sulphur_hexafluoride_sf6_emissions_in_kilotonne_co2_equivalent
European Union,2003,292877.869255273,nitrous_oxide_n2o_emissions_without_land_use_land_use_change_and_forestry_lulucf_in_kilotonne_co2_equivalent
New Zealand,2011,35.15221655,perfluorocarbons_pfcs_emissions_in_kilotonne_co2_equivalent
Turkey,1994,224719.235237721,greenhouse_gas_ghgs_emissions_without_land_use_land_use_change_and_forestry_lulucf_in_kilotonne_co2_equivalent
Estonia,2013,2.0270599008,sulphur_hexafluoride_sf6_emissions_in_kilotonne_co2_equivalent
France,1997,69337.9969309813,methane_ch4_emissions_without_land_use_land_use_change_and_forestry_lulucf_in_kilotonne_co2_equivalent
Croatia,1991,850.751424,perfluorocarbons_pfcs_emissions_in_kilotonne_co2_equivalent
Belgium,2000,149213.017245465,greenhouse_gas_ghgs_emissions_without_land_use_land_use_change_and_forestry_lulucf_in_kilotonne_co2_equivalent
Monaco,2012,2.76529965369225,methane_ch4_emissions_without_land_use_land_use_change_and_forestry_lulucf_in_kilotonne_co2_equivalent
Slovenia,2011,779.046564477068,nitrous_oxide_n2o_emissions_without_land_use_land_use_change_and_forestry_lulucf_in_kilotonne_co2_equivalent
Norway,2007,5717.367617495,methane_ch4_emissions_without_land_use_land_use_change_and_forestry_lulucf_in_kilotonne_co2_equivalent
Australia,2001,491441.695937142,greenhouse_gas_ghgs_emissions_including_indirect_co2_without_lulucf_in_kilotonne_co2_equivalent
Lithuania,1993,3230.83540643641,nitrous_oxide_n2o_emissions_without_land_use_land_use_change_and_forestry_lulucf_in_kilotonne_co2_equivalent
Russian Federation,2010,2602483.42792335,greenhouse_gas_ghgs_emissions_without_land_use_land_use_change_and_forestry_lulucf_in_kilotonne_co2_equivalent
Malta,2013,1.10375e-06,perfluorocarbons_pfcs_emissions_in_kilotonne_co2_equivalent
New Zealand,2010,19.152,sulphur_hexafluoride_sf6_emissions_in_kilotonne_co2_equivalent
Belarus,2003,54845.145835185,carbon_dioxide_co2_emissions_without_land_use_land_use_change_and_forestry_lulucf_in_kilotonne_co2_equivalent
Liechtenstein,1995,18.3065757362233,methane_ch4_emissions_without_land_use_land_use_change_and_forestry_lulucf_in_kilotonne_co2_equivalent
Turkey,1991,152335.174224314,carbon_dioxide_co2_emissions_without_land_use_land_use_change_and_forestry_lulucf_in_kilotonne_co2_equivalent
Croatia,1993,10.5307272,sulphur_hexafluoride_sf6_emissions_in_kilotonne_co2_equivalent
Cyprus,2006,144.71433449875,hydrofluorocarbons_hfcs_emissions_in_kilotonne_co2_equivalent
Japan,2000,28999.2067585032,nitrous_oxide_n2o_emissions_without_land_use_land_use_change_and_forestry_lulucf_in_kilotonne_co2_equivalent
France,2007,408508.589897444,carbon_dioxide_co2_emissions_without_land_use_land_use_change_and_forestry_lulucf_in_kilotonne_co2_equivalent
Belgium,1996,2766.91383,perfluorocarbons_pfcs_emissions_in_kilotonne_co2_equivalent
United States of America,1991,29764.5634082818,sulphur_hexafluoride_sf6_emissions_in_kilotonne_co2_equivalent
Japan,2004,39000.2112346486,methane_ch4_emissions_without_land_use_land_use_change_and_forestry_lulucf_in_kilotonne_co2_equivalent
Romania,1993,0.52106208,sulphur_hexafluoride_sf6_emissions_in_kilotonne_co2_equivalent
Czech Republic,2011,6557.25229605377,nitrous_oxide_n2o_emissions_without_land_use_land_use_change_and_forestry_lulucf_in_kilotonne_co2_equivalent
Japan,2014,1363862.30512511,greenhouse_gas_ghgs_emissions_without_land_use_land_use_change_and_forestry_lulucf_in_kilotonne_co2_equivalent
Poland,1990,67064.0400741522,methane_ch4_emissions_without_land_use_land_use_change_and_forestry_lulucf_in_kilotonne_co2_equivalent
Austria,1990,78844.6272595357,greenhouse_gas_ghgs_emissions_including_indirect_co2_without_lulucf_in_kilotonne_co2_equivalent
Denmark,1994,64988.7809040025,carbon_dioxide_co2_emissions_without_land_use_land_use_change_and_forestry_lulucf_in_kilotonne_co2_equivalent
New Zealand,2007,34736.4523815952,methane_ch4_emissions_without_land_use_land_use_change_and_forestry_lulucf_in_kilotonne_co2_equivalent
Romania,2001,112.874177660051,hydrofluorocarbons_hfcs_emissions_in_kilotonne_co2_equivalent
Italy,2002,738.934286965308,sulphur_hexafluoride_sf6_emissions_in_kilotonne_co2_equivalent
Greece,2005,11646.3345602405,methane_ch4_emissions_without_land_use_land_use_change_and_forestry_lulucf_in_kilotonne_co2_equivalent
United States of America,1991,20912.4578409363,perfluorocarbons_pfcs_emissions_in_kilotonne_co2_equivalent
Germany,1996,6162.492516372,sulphur_hexafluoride_sf6_emissions_in_kilotonne_co2_equivalent
Slovenia,2006,20694.9724736023,greenhouse_gas_ghgs_emissions_without_land_use_land_use_change_and_forestry_lulucf_in_kilotonne_co2_equivalent
Romania,2001,149257.929059923,greenhouse_gas_ghgs_emissions_including_indirect_co2_without_lulucf_in_kilotonne_co2_equivalent
Sweden,2004,69582.4418008926,greenhouse_gas_ghgs_emissions_without_land_use_land_use_change_and_forestry_lulucf_in_kilotonne_co2_equivalent
Germany,1996,4324.621056,unspecified_mix_of_hydrofluorocarbons_hfcs_and_perfluorocarbons_pfcs_emissions_in_kilotonne_co2_equivalent
Ukraine,1994,152153.898575784,methane_ch4_emissions_without_land_use_land_use_change_and_forestry_lulucf_in_kilotonne_co2_equivalent
Lithuania,1996,23468.2376077676,greenhouse_gas_ghgs_emissions_including_indirect_co2_without_lulucf_in_kilotonne_co2_equivalent
New Zealand,2007,36651.3714858119,carbon_dioxide_co2_emissions_without_land_use_land_use_change_and_forestry_lulucf_in_kilotonne_co2_equivalent
France,1990,549064.800795286,greenhouse_gas_ghgs_emissions_without_land_use_land_use_change_and_forestry_lulucf_in_kilotonne_co2_equivalent
Australia,2009,7468.94410564859,hydrofluorocarbons_hfcs_emissions_in_kilotonne_co2_equivalent
Canada,2012,729475.888683575,greenhouse_gas_ghgs_emissions_including_indirect_co2_without_lulucf_in_kilotonne_co2_equivalent
United Kingdom,2004,0.588951506896,nitrogen_trifluoride_nf3_emissions_in_kilotonne_co2_equivalent
Latvia,2001,7480.50260667025,carbon_dioxide_co2_emissions_without_land_use_land_use_change_and_forestry_lulucf_in_kilotonne_co2_equivalent
Poland,1990,141.86978738,perfluorocarbons_pfcs_emissions_in_kilotonne_co2_equivalent
Poland,1997,368415.853280443,carbon_dioxide_co2_emissions_without_land_use_land_use_change_and_forestry_lulucf_in_kilotonne_co2_equivalent
Netherlands,1992,170975.242888508,carbon_dioxide_co2_emissions_without_land_use_land_use_change_and_forestry_lulucf_in_kilotonne_co2_equivalent
Belgium,2010,114155.386728776,carbon_dioxide_co2_emissions_without_land_use_land_use_change_and_forestry_lulucf_in_kilotonne_co2_equivalent
European Union,2002,133.944841610532,nitrogen_trifluoride_nf3_emissions_in_kilotonne_co2_equivalent
Greece,2010,97035.0827603655,carbon_dioxide_co2_emissions_without_land_use_land_use_change_and_forestry_lulucf_in_kilotonne_co2_equivalent
Poland,2009,17.9679647738949,perfluorocarbons_pfcs_emissions_in_kilotonne_co2_equivalent
Cyprus,1994,7103.13267836446,greenhouse_gas_ghgs_emissions_including_indirect_co2_without_lulucf_in_kilotonne_co2_equivalent
Estonia,2002,98.8306106453945,hydrofluorocarbons_hfcs_emissions_in_kilotonne_co2_equivalent
Belarus,2014,60615.645730992,carbon_dioxide_co2_emissions_without_land_use_land_use_change_and_forestry_lulucf_in_kilotonne_co2_equivalent
Switzerland,1999,530.462942961334,hydrofluorocarbons_hfcs_emissions_in_kilotonne_co2_equivalent
Cyprus,2005,9307.98055927861,greenhouse_gas_ghgs_emissions_including_indirect_co2_without_lulucf_in_kilotonne_co2_equivalent
Ukraine,1995,557047.936317596,greenhouse_gas_ghgs_emissions_including_indirect_co2_without_lulucf_in_kilotonne_co2_equivalent
Latvia,2008,11936.7676732202,greenhouse_gas_ghgs_emissions_without_land_use_land_use_change_and_forestry_lulucf_in_kilotonne_co2_equivalent
Greece,2008,110255.765521907,carbon_dioxide_co2_emissions_without_land_use_land_use_change_and_forestry_lulucf_in_kilotonne_co2_equivalent
Lithuania,1990,48190.2820210941,greenhouse_gas_ghgs_emissions_including_indirect_co2_without_lulucf_in_kilotonne_co2_equivalent
Norway,1995,38464.9066615123,carbon_dioxide_co2_emissions_without_land_use_land_use_change_and_forestry_lulucf_in_kilotonne_co2_equivalent
United States of America,1999,401147.407632087,nitrous_oxide_n2o_emissions_without_land_use_land_use_change_and_forestry_lulucf_in_kilotonne_co2_equivalent
Australia,2005,20405.8158065194,nitrous_oxide_n2o_emissions_without_land_use_land_use_change_and_forestry_lulucf_in_kilotonne_co2_equivalent
Malta,1996,72.8749240241485,nitrous_oxide_n2o_emissions_without_land_use_land_use_change_and_forestry_lulucf_in_kilotonne_co2_equivalent
European Union,2007,5968.64361192412,perfluorocarbons_pfcs_emissions_in_kilotonne_co2_equivalent
Cyprus,2011,362.4272573,nitrous_oxide_n2o_emissions_without_land_use_land_use_change_and_forestry_lulucf_in_kilotonne_co2_equivalent
Latvia,2001,2011.12796529729,methane_ch4_emissions_without_land_use_land_use_change_and_forestry_lulucf_in_kilotonne_co2_equivalent
Romania,1990,0.47496048,sulphur_hexafluoride_sf6_emissions_in_kilotonne_co2_equivalent
Canada,1990,463493.332387577,carbon_dioxide_co2_emissions_without_land_use_land_use_change_and_forestry_lulucf_in_kilotonne_co2_equivalent
Switzerland,2003,53687.2737163904,greenhouse_gas_ghgs_emissions_including_indirect_co2_without_lulucf_in_kilotonne_co2_equivalent
Iceland,1994,2248.36895252634,carbon_dioxide_co2_emissions_without_land_use_land_use_change_and_forestry_lulucf_in_kilotonne_co2_equivalent
Belgium,2012,278.209592092669,perfluorocarbons_pfcs_emissions_in_kilotonne_co2_equivalent
Sweden,2013,55939.5232899326,greenhouse_gas_ghgs_emissions_without_land_use_land_use_change_and_forestry_lulucf_in_kilotonne_co2_equivalent
United States of America,2012,714401.17249108,methane_ch4_emissions_without_land_use_land_use_change_and_forestry_lulucf_in_kilotonne_co2_equivalent
Croatia,1995,16992.8004192757,carbon_dioxide_co2_emissions_without_land_use_land_use_change_and_forestry_lulucf_in_kilotonne_co2_equivalent
Romania,2000,70.8150467786572,hydrofluorocarbons_hfcs_emissions_in_kilotonne_co2_equivalent
Switzerland,1998,44522.3714213249,carbon_dioxide_co2_emissions_without_land_use_land_use_change_and_forestry_lulucf_in_kilotonne_co2_equivalent
Switzerland,2004,186.094407294648,sulphur_hexafluoride_sf6_emissions_in_kilotonne_co2_equivalent
France,2010,17363.7998099207,hydrofluorocarbons_hfcs_emissions_in_kilotonne_co2_equivalent
Australia,1998,17743.9131061779,nitrous_oxide_n2o_emissions_without_land_use_land_use_change_and_forestry_lulucf_in_kilotonne_co2_equivalent
Bulgaria,2013,7526.88575101646,methane_ch4_emissions_without_land_use_land_use_change_and_forestry_lulucf_in_kilotonne_co2_equivalent
Belgium,1997,1528.91853903915,perfluorocarbons_pfcs_emissions_in_kilotonne_co2_equivalent
European Union,1997,4208.604376,unspecified_mix_of_hydrofluorocarbons_hfcs_and_perfluorocarbons_pfcs_emissions_in_kilotonne_co2_equivalent
Sweden,2006,5457.39675984009,nitrous_oxide_n2o_emissions_without_land_use_land_use_change_and_forestry_lulucf_in_kilotonne_co2_equivalent
Turkey,2001,44029.502946249,methane_ch4_emissions_without_land_use_land_use_change_and_forestry_lulucf_in_kilotonne_co2_equivalent
Switzerland,2002,5395.26998565461,methane_ch4_emissions_without_land_use_land_use_change_and_forestry_lulucf_in_kilotonne_co2_equivalent
Romania,2001,14.332878060648,sulphur_hexafluoride_sf6_emissions_in_kilotonne_co2_equivalent
Estonia,1993,1349.78969025339,methane_ch4_emissions_without_land_use_land_use_change_and_forestry_lulucf_in_kilotonne_co2_equivalent
Iceland,2005,3897.68783769588,greenhouse_gas_ghgs_emissions_without_land_use_land_use_change_and_forestry_lulucf_in_kilotonne_co2_equivalent
Denmark,2010,971.909492859225,hydrofluorocarbons_hfcs_emissions_in_kilotonne_co2_equivalent
Japan,2004,5258.70232892366,sulphur_hexafluoride_sf6_emissions_in_kilotonne_co2_equivalent
Iceland,1997,97.0800910723957,perfluorocarbons_pfcs_emissions_in_kilotonne_co2_equivalent
Iceland,2009,4855.77230906749,greenhouse_gas_ghgs_emissions_including_indirect_co2_without_lulucf_in_kilotonne_co2_equivalent
New Zealand,2006,36072.4207586266,methane_ch4_emissions_without_land_use_land_use_change_and_forestry_lulucf_in_kilotonne_co2_equivalent
Belgium,2014,6278.98373750572,nitrous_oxide_n2o_emissions_without_land_use_land_use_change_and_forestry_lulucf_in_kilotonne_co2_equivalent
Austria,1999,80106.7171759132,greenhouse_gas_ghgs_emissions_without_land_use_land_use_change_and_forestry_lulucf_in_kilotonne_co2_equivalent
Hungary,1996,5569.08562476388,nitrous_oxide_n2o_emissions_without_land_use_land_use_change_and_forestry_lulucf_in_kilotonne_co2_equivalent
Greece,2008,5610.97455334186,nitrous_oxide_n2o_emissions_without_land_use_land_use_change_and_forestry_lulucf_in_kilotonne_co2_equivalent
United Kingdom,2012,255.055214868975,perfluorocarbons_pfcs_emissions_in_kilotonne_co2_equivalent
Japan,2005,1305938.82350271,carbon_dioxide_co2_emissions_without_land_use_land_use_change_and_forestry_lulucf_in_kilotonne_co2_equivalent
New Zealand,1991,32407.4691855982,methane_ch4_emissions_without_land_use_land_use_change_and_forestry_lulucf_in_kilotonne_co2_equivalent
United States of America,1997,747177.110142734,methane_ch4_emissions_without_land_use_land_use_change_and_forestry_lulucf_in_kilotonne_co2_equivalent
Malta,2013,2.6767902012,sulphur_hexafluoride_sf6_emissions_in_kilotonne_co2_equivalent
Finland,1997,50.108159919528,sulphur_hexafluoride_sf6_emissions_in_kilotonne_co2_equivalent
Slovakia,2001,43468.0933515512,carbon_dioxide_co2_emissions_without_land_use_land_use_change_and_forestry_lulucf_in_kilotonne_co2_equivalent
Russian Federation,2014,2648873.34719867,greenhouse_gas_ghgs_emissions_without_land_use_land_use_change_and_forestry_lulucf_in_kilotonne_co2_equivalent
Germany,1996,1138767.65811376,greenhouse_gas_ghgs_emissions_including_indirect_co2_without_lulucf_in_kilotonne_co2_equivalent
Turkey,2012,447452.331322876,greenhouse_gas_ghgs_emissions_without_land_use_land_use_change_and_forestry_lulucf_in_kilotonne_co2_equivalent
Switzerland,2000,5388.96544955272,methane_ch4_emissions_without_land_use_land_use_change_and_forestry_lulucf_in_kilotonne_co2_equivalent
New Zealand,2007,8735.59005370899,nitrous_oxide_n2o_emissions_without_land_use_land_use_change_and_forestry_lulucf_in_kilotonne_co2_equivalent
United States of America,2000,15918.7768438676,perfluorocarbons_pfcs_emissions_in_kilotonne_co2_equivalent
Japan,2012,2234.54328229354,sulphur_hexafluoride_sf6_emissions_in_kilotonne_co2_equivalent
Italy,1992,27839.6545796609,nitrous_oxide_n2o_emissions_without_land_use_land_use_change_and_forestry_lulucf_in_kilotonne_co2_equivalent
Italy,2010,19945.7829086983,nitrous_oxide_n2o_emissions_without_land_use_land_use_change_and_forestry_lulucf_in_kilotonne_co2_equivalent
Lithuania,2009,3.0512556,sulphur_hexafluoride_sf6_emissions_in_kilotonne_co2_equivalent
United Kingdom,2002,11388.3500602044,hydrofluorocarbons_hfcs_emissions_in_kilotonne_co2_equivalent
Austria,1992,656.27178714552,sulphur_hexafluoride_sf6_emissions_in_kilotonne_co2_equivalent
Canada,1993,42000.4456435488,nitrous_oxide_n2o_emissions_without_land_use_land_use_change_and_forestry_lulucf_in_kilotonne_co2_equivalent
Japan,1995,202.814098845872,nitrogen_trifluoride_nf3_emissions_in_kilotonne_co2_equivalent
Norway,2001,56145.0027583016,greenhouse_gas_ghgs_emissions_without_land_use_land_use_change_and_forestry_lulucf_in_kilotonne_co2_equivalent
Romania,2000,36291.1315956144,methane_ch4_emissions_without_land_use_land_use_change_and_forestry_lulucf_in_kilotonne_co2_equivalent
Canada,1998,707998.08348331,greenhouse_gas_ghgs_emissions_without_land_use_land_use_change_and_forestry_lulucf_in_kilotonne_co2_equivalent
Netherlands,2006,172772.892779103,carbon_dioxide_co2_emissions_without_land_use_land_use_change_and_forestry_lulucf_in_kilotonne_co2_equivalent
New Zealand,2010,34057.8688418782,methane_ch4_emissions_without_land_use_land_use_change_and_forestry_lulucf_in_kilotonne_co2_equivalent
Russian Federation,2007,5017.82716854623,perfluorocarbons_pfcs_emissions_in_kilotonne_co2_equivalent
Norway,1990,51921.7714051269,greenhouse_gas_ghgs_emissions_including_indirect_co2_without_lulucf_in_kilotonne_co2_equivalent
Austria,2009,4.5408,nitrogen_trifluoride_nf3_emissions_in_kilotonne_co2_equivalent
Cyprus,1990,4621.007176785,carbon_dioxide_co2_emissions_without_land_use_land_use_change_and_forestry_lulucf_in_kilotonne_co2_equivalent
Spain,2005,212.6035020456,sulphur_hexafluoride_sf6_emissions_in_kilotonne_co2_equivalent
Russian Federation,2010,13421.6122390294,hydrofluorocarbons_hfcs_emissions_in_kilotonne_co2_equivalent
Ireland,2005,96.78142037262,sulphur_hexafluoride_sf6_emissions_in_kilotonne_co2_equivalent
Latvia,1995,9141.35351650325,carbon_dioxide_co2_emissions_without_land_use_land_use_change_and_forestry_lulucf_in_kilotonne_co2_equivalent
Cyprus,2009,8372.396591774,carbon_dioxide_co2_emissions_without_land_use_land_use_change_and_forestry_lulucf_in_kilotonne_co2_equivalent
Germany,1993,1143674.9023058,greenhouse_gas_ghgs_emissions_including_indirect_co2_without_lulucf_in_kilotonne_co2_equivalent
Austria,2010,84946.0197097698,greenhouse_gas_ghgs_emissions_including_indirect_co2_without_lulucf_in_kilotonne_co2_equivalent
Ireland,2008,136.13626,perfluorocarbons_pfcs_emissions_in_kilotonne_co2_equivalent
Japan,1999,282.58917107368,nitrogen_trifluoride_nf3_emissions_in_kilotonne_co2_equivalent
Slovakia,2012,43175.5884668369,greenhouse_gas_ghgs_emissions_including_indirect_co2_without_lulucf_in_kilotonne_co2_equivalent
Romania,1996,1.54056294,sulphur_hexafluoride_sf6_emissions_in_kilotonne_co2_equivalent
Switzerland,2011,2473.19852272528,nitrous_oxide_n2o_emissions_without_land_use_land_use_change_and_forestry_lulucf_in_kilotonne_co2_equivalent
Portugal,1998,15.830050317456,sulphur_hexafluoride_sf6_emissions_in_kilotonne_co2_equivalent
Switzerland,2002,32.8723591657737,perfluorocarbons_pfcs_emissions_in_kilotonne_co2_equivalent
Slovenia,1993,17605.5382076413,greenhouse_gas_ghgs_emissions_including_indirect_co2_without_lulucf_in_kilotonne_co2_equivalent
Greece,2014,5758.12863877603,hydrofluorocarbons_hfcs_emissions_in_kilotonne_co2_equivalent
Australia,1997,248.476247527092,sulphur_hexafluoride_sf6_emissions_in_kilotonne_co2_equivalent
Iceland,2013,88.1645538991686,perfluorocarbons_pfcs_emissions_in_kilotonne_co2_equivalent
United States of America,1998,119.775167312696,nitrogen_trifluoride_nf3_emissions_in_kilotonne_co2_equivalent
Spain,1997,152.5264824,sulphur_hexafluoride_sf6_emissions_in_kilotonne_co2_equivalent
Romania,1997,10529.2053253052,nitrous_oxide_n2o_emissions_without_land_use_land_use_change_and_forestry_lulucf_in_kilotonne_co2_equivalent
Italy,2007,49560.5043849069,methane_ch4_emissions_without_land_use_land_use_change_and_forestry_lulucf_in_kilotonne_co2_equivalent
Hungary,2011,63808.0141618832,greenhouse_gas_ghgs_emissions_including_indirect_co2_without_lulucf_in_kilotonne_co2_equivalent
Czech Republic,2013,13435.2557834496,methane_ch4_emissions_without_land_use_land_use_change_and_forestry_lulucf_in_kilotonne_co2_equivalent
France,1991,18.1289715184,nitrogen_trifluoride_nf3_emissions_in_kilotonne_co2_equivalent
Poland,2006,46921.4656459648,methane_ch4_emissions_without_land_use_land_use_change_and_forestry_lulucf_in_kilotonne_co2_equivalent
Germany,1992,1152900.32820838,greenhouse_gas_ghgs_emissions_including_indirect_co2_without_lulucf_in_kilotonne_co2_equivalent
Norway,1992,3505.71263797904,nitrous_oxide_n2o_emissions_without_land_use_land_use_change_and_forestry_lulucf_in_kilotonne_co2_equivalent
Romania,2007,9186.64981314088,nitrous_oxide_n2o_emissions_without_land_use_land_use_change_and_forestry_lulucf_in_kilotonne_co2_equivalent
European Union,1990,734491.057033518,methane_ch4_emissions_without_land_use_land_use_change_and_forestry_lulucf_in_kilotonne_co2_equivalent
Denmark,2007,69661.1796452394,greenhouse_gas_ghgs_emissions_including_indirect_co2_without_lulucf_in_kilotonne_co2_equivalent
Luxembourg,2013,10303.0396071267,carbon_dioxide_co2_emissions_without_land_use_land_use_change_and_forestry_lulucf_in_kilotonne_co2_equivalent
United States of America,2005,14015.6935091351,sulphur_hexafluoride_sf6_emissions_in_kilotonne_co2_equivalent
Hungary,2006,59751.7310814697,carbon_dioxide_co2_emissions_without_land_use_land_use_change_and_forestry_lulucf_in_kilotonne_co2_equivalent
Luxembourg,2010,12219.9569926199,greenhouse_gas_ghgs_emissions_without_land_use_land_use_change_and_forestry_lulucf_in_kilotonne_co2_equivalent
Italy,1999,1956.02768660526,hydrofluorocarbons_hfcs_emissions_in_kilotonne_co2_equivalent
Monaco,1995,103.766049795644,greenhouse_gas_ghgs_emissions_without_land_use_land_use_change_and_forestry_lulucf_in_kilotonne_co2_equivalent
France,1990,5190.38858384413,perfluorocarbons_pfcs_emissions_in_kilotonne_co2_equivalent
Romania,2000,1499.32262655,perfluorocarbons_pfcs_emissions_in_kilotonne_co2_equivalent
Ireland,2013,0.900952380936,nitrogen_trifluoride_nf3_emissions_in_kilotonne_co2_equivalent
Greece,1992,106017.53859281,greenhouse_gas_ghgs_emissions_including_indirect_co2_without_lulucf_in_kilotonne_co2_equivalent
Denmark,2001,747.113470149512,hydrofluorocarbons_hfcs_emissions_in_kilotonne_co2_equivalent
Ukraine,2009,27242.4765114103,nitrous_oxide_n2o_emissions_without_land_use_land_use_change_and_forestry_lulucf_in_kilotonne_co2_equivalent
Cyprus,2007,169.81829635925,hydrofluorocarbons_hfcs_emissions_in_kilotonne_co2_equivalent
Finland,1992,0.040504529712,hydrofluorocarbons_hfcs_emissions_in_kilotonne_co2_equivalent
Poland,1992,20994.4604290014,nitrous_oxide_n2o_emissions_without_land_use_land_use_change_and_forestry_lulucf_in_kilotonne_co2_equivalent
Romania,1999,1.70496477618,sulphur_hexafluoride_sf6_emissions_in_kilotonne_co2_equivalent
United Kingdom,2008,15066.7389204815,hydrofluorocarbons_hfcs_emissions_in_kilotonne_co2_equivalent
Lithuania,2007,25352.3510528305,greenhouse_gas_ghgs_emissions_including_indirect_co2_without_lulucf_in_kilotonne_co2_equivalent
Switzerland,1994,51324.7245886062,greenhouse_gas_ghgs_emissions_without_land_use_land_use_change_and_forestry_lulucf_in_kilotonne_co2_equivalent
Ireland,2000,69324.9552166344,greenhouse_gas_ghgs_emissions_including_indirect_co2_without_lulucf_in_kilotonne_co2_equivalent
Bulgaria,2011,14.1887652306,sulphur_hexafluoride_sf6_emissions_in_kilotonne_co2_equivalent
Luxembourg,2007,5.692038666816,sulphur_hexafluoride_sf6_emissions_in_kilotonne_co2_equivalent
Austria,2014,3427.43737299867,nitrous_oxide_n2o_emissions_without_land_use_land_use_change_and_forestry_lulucf_in_kilotonne_co2_equivalent
France,2000,70804.6629751047,methane_ch4_emissions_without_land_use_land_use_change_and_forestry_lulucf_in_kilotonne_co2_equivalent
Ireland,1998,88.735625857212,sulphur_hexafluoride_sf6_emissions_in_kilotonne_co2_equivalent
Liechtenstein,2003,0.03841039463912,perfluorocarbons_pfcs_emissions_in_kilotonne_co2_equivalent
Lithuania,2013,12987.8175314716,carbon_dioxide_co2_emissions_without_land_use_land_use_change_and_forestry_lulucf_in_kilotonne_co2_equivalent
Croatia,1991,3625.91574246337,methane_ch4_emissions_without_land_use_land_use_change_and_forestry_lulucf_in_kilotonne_co2_equivalent
Italy,2009,20780.9457037698,nitrous_oxide_n2o_emissions_without_land_use_land_use_change_and_forestry_lulucf_in_kilotonne_co2_equivalent
European Union,1999,10561.3584629677,sulphur_hexafluoride_sf6_emissions_in_kilotonne_co2_equivalent
United States of America,2008,5923201.37582301,carbon_dioxide_co2_emissions_without_land_use_land_use_change_and_forestry_lulucf_in_kilotonne_co2_equivalent
France,1996,3259.83623741766,hydrofluorocarbons_hfcs_emissions_in_kilotonne_co2_equivalent
Sweden,1998,58733.4063631372,carbon_dioxide_co2_emissions_without_land_use_land_use_change_and_forestry_lulucf_in_kilotonne_co2_equivalent
Germany,2010,832259.203309583,carbon_dioxide_co2_emissions_without_land_use_land_use_change_and_forestry_lulucf_in_kilotonne_co2_equivalent
Hungary,1999,61593.1410164197,carbon_dioxide_co2_emissions_without_land_use_land_use_change_and_forestry_lulucf_in_kilotonne_co2_equivalent
Austria,2009,1308.20218572207,hydrofluorocarbons_hfcs_emissions_in_kilotonne_co2_equivalent
Malta,2008,1.10375e-06,perfluorocarbons_pfcs_emissions_in_kilotonne_co2_equivalent
Denmark,2013,5114.30580754653,nitrous_oxide_n2o_emissions_without_land_use_land_use_change_and_forestry_lulucf_in_kilotonne_co2_equivalent
Australia,2012,100796.838744057,methane_ch4_emissions_without_land_use_land_use_change_and_forestry_lulucf_in_kilotonne_co2_equivalent
Austria,1999,4335.79819560139,nitrous_oxide_n2o_emissions_without_land_use_land_use_change_and_forestry_lulucf_in_kilotonne_co2_equivalent
Austria,2010,335.87064445278,sulphur_hexafluoride_sf6_emissions_in_kilotonne_co2_equivalent
Cyprus,2012,7160.971875548,carbon_dioxide_co2_emissions_without_land_use_land_use_change_and_forestry_lulucf_in_kilotonne_co2_equivalent
Latvia,1999,1396.00174374754,nitrous_oxide_n2o_emissions_without_land_use_land_use_change_and_forestry_lulucf_in_kilotonne_co2_equivalent
France,1996,70355.993117673,nitrous_oxide_n2o_emissions_without_land_use_land_use_change_and_forestry_lulucf_in_kilotonne_co2_equivalent
France,2010,43316.6262924628,nitrous_oxide_n2o_emissions_without_land_use_land_use_change_and_forestry_lulucf_in_kilotonne_co2_equivalent
Switzerland,2014,5095.06928368112,methane_ch4_emissions_without_land_use_land_use_change_and_forestry_lulucf_in_kilotonne_co2_equivalent
Latvia,1992,3127.74322563859,methane_ch4_emissions_without_land_use_land_use_change_and_forestry_lulucf_in_kilotonne_co2_equivalent
Australia,2012,537377.571452805,greenhouse_gas_ghgs_emissions_including_indirect_co2_without_lulucf_in_kilotonne_co2_equivalent
Turkey,2010,395282.5101948,greenhouse_gas_ghgs_emissions_including_indirect_co2_without_lulucf_in_kilotonne_co2_equivalent
Austria,2008,7399.36170474204,methane_ch4_emissions_without_land_use_land_use_change_and_forestry_lulucf_in_kilotonne_co2_equivalent
Iceland,1992,522.840391711536,methane_ch4_emissions_without_land_use_land_use_change_and_forestry_lulucf_in_kilotonne_co2_equivalent
European Union,2012,236629.022077268,nitrous_oxide_n2o_emissions_without_land_use_land_use_change_and_forestry_lulucf_in_kilotonne_co2_equivalent
Romania,1996,187475.719181006,greenhouse_gas_ghgs_emissions_without_land_use_land_use_change_and_forestry_lulucf_in_kilotonne_co2_equivalent
France,2011,368183.438441815,carbon_dioxide_co2_emissions_without_land_use_land_use_change_and_forestry_lulucf_in_kilotonne_co2_equivalent
Latvia,1997,2114.37735818473,methane_ch4_emissions_without_land_use_land_use_change_and_forestry_lulucf_in_kilotonne_co2_equivalent
Croatia,2006,13.0082322,sulphur_hexafluoride_sf6_emissions_in_kilotonne_co2_equivalent
Spain,2013,17904.0621083611,hydrofluorocarbons_hfcs_emissions_in_kilotonne_co2_equivalent
Ukraine,2000,115.737646737058,perfluorocarbons_pfcs_emissions_in_kilotonne_co2_equivalent
Switzerland,2006,51.5276704422458,perfluorocarbons_pfcs_emissions_in_kilotonne_co2_equivalent
Turkey,1994,164623.553279146,carbon_dioxide_co2_emissions_without_land_use_land_use_change_and_forestry_lulucf_in_kilotonne_co2_equivalent
Czech Republic,2013,2621.1821896344,hydrofluorocarbons_hfcs_emissions_in_kilotonne_co2_equivalent
Luxembourg,1995,610.774874533831,methane_ch4_emissions_without_land_use_land_use_change_and_forestry_lulucf_in_kilotonne_co2_equivalent
Netherlands,1996,9590.24346792922,hydrofluorocarbons_hfcs_emissions_in_kilotonne_co2_equivalent
Luxembourg,2002,602.574388214459,methane_ch4_emissions_without_land_use_land_use_change_and_forestry_lulucf_in_kilotonne_co2_equivalent
France,2011,18579.7938070522,hydrofluorocarbons_hfcs_emissions_in_kilotonne_co2_equivalent
Monaco,2001,3.60079760784367,hydrofluorocarbons_hfcs_emissions_in_kilotonne_co2_equivalent
Turkey,2005,345231.79488074,greenhouse_gas_ghgs_emissions_including_indirect_co2_without_lulucf_in_kilotonne_co2_equivalent
Spain,2007,433400.56139937,greenhouse_gas_ghgs_emissions_without_land_use_land_use_change_and_forestry_lulucf_in_kilotonne_co2_equivalent
Monaco,2013,4.42338724010374,nitrous_oxide_n2o_emissions_without_land_use_land_use_change_and_forestry_lulucf_in_kilotonne_co2_equivalent
Italy,1993,449.278843733333,hydrofluorocarbons_hfcs_emissions_in_kilotonne_co2_equivalent
Canada,1995,688384.405366886,greenhouse_gas_ghgs_emissions_including_indirect_co2_without_lulucf_in_kilotonne_co2_equivalent
Czech Republic,2010,81.2876027523,sulphur_hexafluoride_sf6_emissions_in_kilotonne_co2_equivalent
Japan,2000,41474.3035517523,methane_ch4_emissions_without_land_use_land_use_change_and_forestry_lulucf_in_kilotonne_co2_equivalent
United Kingdom,1992,690.352817304344,perfluorocarbons_pfcs_emissions_in_kilotonne_co2_equivalent
Liechtenstein,2001,9.90992319345408,nitrous_oxide_n2o_emissions_without_land_use_land_use_change_and_forestry_lulucf_in_kilotonne_co2_equivalent
New Zealand,2011,78941.5208964196,greenhouse_gas_ghgs_emissions_including_indirect_co2_without_lulucf_in_kilotonne_co2_equivalent
Poland,2002,23.285287122348,sulphur_hexafluoride_sf6_emissions_in_kilotonne_co2_equivalent
Austria,2005,28.1564,nitrogen_trifluoride_nf3_emissions_in_kilotonne_co2_equivalent
European Union,2007,520923.65690099,methane_ch4_emissions_without_land_use_land_use_change_and_forestry_lulucf_in_kilotonne_co2_equivalent
Finland,2009,1425.5620974961,hydrofluorocarbons_hfcs_emissions_in_kilotonne_co2_equivalent
United States of America,2012,409285.583751925,nitrous_oxide_n2o_emissions_without_land_use_land_use_change_and_forestry_lulucf_in_kilotonne_co2_equivalent
Cyprus,2008,8620.395581741,carbon_dioxide_co2_emissions_without_land_use_land_use_change_and_forestry_lulucf_in_kilotonne_co2_equivalent
United States of America,2005,496.0699975186,nitrogen_trifluoride_nf3_emissions_in_kilotonne_co2_equivalent
United Kingdom,1994,569458.364876459,carbon_dioxide_co2_emissions_without_land_use_land_use_change_and_forestry_lulucf_in_kilotonne_co2_equivalent
Norway,2010,71.91294342252,sulphur_hexafluoride_sf6_emissions_in_kilotonne_co2_equivalent
United Kingdom,1996,130231.724714821,methane_ch4_emissions_without_land_use_land_use_change_and_forestry_lulucf_in_kilotonne_co2_equivalent
Luxembourg,2007,46.4557997620297,hydrofluorocarbons_hfcs_emissions_in_kilotonne_co2_equivalent
Russian Federation,1995,397.11086496,sulphur_hexafluoride_sf6_emissions_in_kilotonne_co2_equivalent
United States of America,2006,7316144.45592763,greenhouse_gas_ghgs_emissions_including_indirect_co2_without_lulucf_in_kilotonne_co2_equivalent
New Zealand,2014,34813.0112773416,methane_ch4_emissions_without_land_use_land_use_change_and_forestry_lulucf_in_kilotonne_co2_equivalent
Czech Republic,2000,109.126872696324,sulphur_hexafluoride_sf6_emissions_in_kilotonne_co2_equivalent
Poland,2003,2992.32614167878,hydrofluorocarbons_hfcs_emissions_in_kilotonne_co2_equivalent
Russian Federation,1997,2261183.4663907,greenhouse_gas_ghgs_emissions_without_land_use_land_use_change_and_forestry_lulucf_in_kilotonne_co2_equivalent
Ukraine,2006,4.27399832646,sulphur_hexafluoride_sf6_emissions_in_kilotonne_co2_equivalent
Denmark,2011,58244.3622922872,greenhouse_gas_ghgs_emissions_including_indirect_co2_without_lulucf_in_kilotonne_co2_equivalent
Russian Federation,1997,2261183.4663907,greenhouse_gas_ghgs_emissions_including_indirect_co2_without_lulucf_in_kilotonne_co2_equivalent
Iceland,2008,5140.33616340343,greenhouse_gas_ghgs_emissions_including_indirect_co2_without_lulucf_in_kilotonne_co2_equivalent
Croatia,1997,2908.31403017727,methane_ch4_emissions_without_land_use_land_use_change_and_forestry_lulucf_in_kilotonne_co2_equivalent
Denmark,2006,74321.3576577687,greenhouse_gas_ghgs_emissions_including_indirect_co2_without_lulucf_in_kilotonne_co2_equivalent
Slovakia,2003,175.018468474779,hydrofluorocarbons_hfcs_emissions_in_kilotonne_co2_equivalent
Italy,2005,578904.440304856,greenhouse_gas_ghgs_emissions_including_indirect_co2_without_lulucf_in_kilotonne_co2_equivalent
New Zealand,2013,18.6732,sulphur_hexafluoride_sf6_emissions_in_kilotonne_co2_equivalent
Sweden,1991,5746.49325217361,nitrous_oxide_n2o_emissions_without_land_use_land_use_change_and_forestry_lulucf_in_kilotonne_co2_equivalent
United Kingdom,2003,356.611474362161,perfluorocarbons_pfcs_emissions_in_kilotonne_co2_equivalent
Austria,1998,67047.2506680177,carbon_dioxide_co2_emissions_without_land_use_land_use_change_and_forestry_lulucf_in_kilotonne_co2_equivalent
Latvia,1990,26353.9729671409,greenhouse_gas_ghgs_emissions_without_land_use_land_use_change_and_forestry_lulucf_in_kilotonne_co2_equivalent
Spain,2011,353872.238595279,greenhouse_gas_ghgs_emissions_without_land_use_land_use_change_and_forestry_lulucf_in_kilotonne_co2_equivalent
New Zealand,1999,34329.4057171005,methane_ch4_emissions_without_land_use_land_use_change_and_forestry_lulucf_in_kilotonne_co2_equivalent
Portugal,2013,11.3598963550223,perfluorocarbons_pfcs_emissions_in_kilotonne_co2_equivalent
Lithuania,1994,4532.41401940857,methane_ch4_emissions_without_land_use_land_use_change_and_forestry_lulucf_in_kilotonne_co2_equivalent
Hungary,1998,76067.0556888398,greenhouse_gas_ghgs_emissions_including_indirect_co2_without_lulucf_in_kilotonne_co2_equivalent
Belarus,2014,2.426946,sulphur_hexafluoride_sf6_emissions_in_kilotonne_co2_equivalent
Czech Republic,1997,128732.638710869,carbon_dioxide_co2_emissions_without_land_use_land_use_change_and_forestry_lulucf_in_kilotonne_co2_equivalent
Cyprus,2004,7776.909404745,carbon_dioxide_co2_emissions_without_land_use_land_use_change_and_forestry_lulucf_in_kilotonne_co2_equivalent
France,2012,778.267427958322,perfluorocarbons_pfcs_emissions_in_kilotonne_co2_equivalent
Estonia,1997,41.3138200581129,hydrofluorocarbons_hfcs_emissions_in_kilotonne_co2_equivalent
Italy,2002,1491.22662124371,perfluorocarbons_pfcs_emissions_in_kilotonne_co2_equivalent
Iceland,2004,2837.02901057771,carbon_dioxide_co2_emissions_without_land_use_land_use_change_and_forestry_lulucf_in_kilotonne_co2_equivalent
Liechtenstein,1996,10.5601249829528,nitrous_oxide_n2o_emissions_without_land_use_land_use_change_and_forestry_lulucf_in_kilotonne_co2_equivalent
Canada,2004,5215.22602334514,hydrofluorocarbons_hfcs_emissions_in_kilotonne_co2_equivalent
Finland,2006,68201.9059970754,carbon_dioxide_co2_emissions_without_land_use_land_use_change_and_forestry_lulucf_in_kilotonne_co2_equivalent
Netherlands,2005,177540.473199828,carbon_dioxide_co2_emissions_without_land_use_land_use_change_and_forestry_lulucf_in_kilotonne_co2_equivalent
Portugal,1997,72195.8182101078,greenhouse_gas_ghgs_emissions_including_indirect_co2_without_lulucf_in_kilotonne_co2_equivalent
Sweden,2007,6198.31709727474,methane_ch4_emissions_without_land_use_land_use_change_and_forestry_lulucf_in_kilotonne_co2_equivalent
Greece,1999,13048.393384033,methane_ch4_emissions_without_land_use_land_use_change_and_forestry_lulucf_in_kilotonne_co2_equivalent
Belgium,2002,126015.194675856,carbon_dioxide_co2_emissions_without_land_use_land_use_change_and_forestry_lulucf_in_kilotonne_co2_equivalent
United Kingdom,2014,527500.751287005,greenhouse_gas_ghgs_emissions_without_land_use_land_use_change_and_forestry_lulucf_in_kilotonne_co2_equivalent
Slovakia,2014,14.168385804,sulphur_hexafluoride_sf6_emissions_in_kilotonne_co2_equivalent
Switzerland,2001,723.992209096241,hydrofluorocarbons_hfcs_emissions_in_kilotonne_co2_equivalent
Malta,1992,2333.93788053464,greenhouse_gas_ghgs_emissions_without_land_use_land_use_change_and_forestry_lulucf_in_kilotonne_co2_equivalent
Italy,1991,523489.80881579,greenhouse_gas_ghgs_emissions_without_land_use_land_use_change_and_forestry_lulucf_in_kilotonne_co2_equivalent
Japan,2008,1173.15965386692,nitrogen_trifluoride_nf3_emissions_in_kilotonne_co2_equivalent
Poland,2007,5742.2954422553,hydrofluorocarbons_hfcs_emissions_in_kilotonne_co2_equivalent
Russian Federation,2007,1327.42056,sulphur_hexafluoride_sf6_emissions_in_kilotonne_co2_equivalent
Denmark,2001,72757.1164028408,greenhouse_gas_ghgs_emissions_including_indirect_co2_without_lulucf_in_kilotonne_co2_equivalent
Denmark,2011,57740.2467497557,greenhouse_gas_ghgs_emissions_without_land_use_land_use_change_and_forestry_lulucf_in_kilotonne_co2_equivalent
Ireland,1998,15593.8882772154,methane_ch4_emissions_without_land_use_land_use_change_and_forestry_lulucf_in_kilotonne_co2_equivalent
United Kingdom,2000,29046.5810460173,nitrous_oxide_n2o_emissions_without_land_use_land_use_change_and_forestry_lulucf_in_kilotonne_co2_equivalent
Canada,2013,731424.089563495,greenhouse_gas_ghgs_emissions_without_land_use_land_use_change_and_forestry_lulucf_in_kilotonne_co2_equivalent
Estonia,2007,18755.6479305233,carbon_dioxide_co2_emissions_without_land_use_land_use_change_and_forestry_lulucf_in_kilotonne_co2_equivalent
Czech Republic,2002,122593.400101873,carbon_dioxide_co2_emissions_without_land_use_land_use_change_and_forestry_lulucf_in_kilotonne_co2_equivalent
Netherlands,2014,2241.15761748707,hydrofluorocarbons_hfcs_emissions_in_kilotonne_co2_equivalent
Hungary,2001,6080.43264043046,nitrous_oxide_n2o_emissions_without_land_use_land_use_change_and_forestry_lulucf_in_kilotonne_co2_equivalent
Canada,1994,108917.321071169,methane_ch4_emissions_without_land_use_land_use_change_and_forestry_lulucf_in_kilotonne_co2_equivalent
Latvia,2013,8.5031581296,sulphur_hexafluoride_sf6_emissions_in_kilotonne_co2_equivalent
Portugal,1999,85022.2649805147,greenhouse_gas_ghgs_emissions_without_land_use_land_use_change_and_forestry_lulucf_in_kilotonne_co2_equivalent
United Kingdom,2009,592.605027515016,sulphur_hexafluoride_sf6_emissions_in_kilotonne_co2_equivalent
Slovakia,1998,52993.843018462,greenhouse_gas_ghgs_emissions_including_indirect_co2_without_lulucf_in_kilotonne_co2_equivalent
Spain,1999,167.9807784,sulphur_hexafluoride_sf6_emissions_in_kilotonne_co2_equivalent
Ukraine,1991,0.019079497824,sulphur_hexafluoride_sf6_emissions_in_kilotonne_co2_equivalent
New Zealand,2009,78624.7002877506,greenhouse_gas_ghgs_emissions_including_indirect_co2_without_lulucf_in_kilotonne_co2_equivalent
Italy,2000,55514.8052878267,methane_ch4_emissions_without_land_use_land_use_change_and_forestry_lulucf_in_kilotonne_co2_equivalent
Norway,2001,43530.3487635507,carbon_dioxide_co2_emissions_without_land_use_land_use_change_and_forestry_lulucf_in_kilotonne_co2_equivalent
Belarus,1996,82375.194219344,greenhouse_gas_ghgs_emissions_including_indirect_co2_without_lulucf_in_kilotonne_co2_equivalent
Spain,2012,18793.6076126377,hydrofluorocarbons_hfcs_emissions_in_kilotonne_co2_equivalent
Switzerland,2007,1193.90984726763,hydrofluorocarbons_hfcs_emissions_in_kilotonne_co2_equivalent
Latvia,1996,9216.3839879477,carbon_dioxide_co2_emissions_without_land_use_land_use_change_and_forestry_lulucf_in_kilotonne_co2_equivalent
Russian Federation,1992,28192.1402495568,hydrofluorocarbons_hfcs_emissions_in_kilotonne_co2_equivalent
Cyprus,2007,369.0948583,nitrous_oxide_n2o_emissions_without_land_use_land_use_change_and_forestry_lulucf_in_kilotonne_co2_equivalent
France,2010,860.243927080128,sulphur_hexafluoride_sf6_emissions_in_kilotonne_co2_equivalent
Australia,2006,104842.389866471,methane_ch4_emissions_without_land_use_land_use_change_and_forestry_lulucf_in_kilotonne_co2_equivalent
Romania,2009,47.033409404256,sulphur_hexafluoride_sf6_emissions_in_kilotonne_co2_equivalent
Ireland,2004,14248.8484604593,methane_ch4_emissions_without_land_use_land_use_change_and_forestry_lulucf_in_kilotonne_co2_equivalent
Austria,2002,101.974977939939,perfluorocarbons_pfcs_emissions_in_kilotonne_co2_equivalent
Romania,2013,74083.358238036,carbon_dioxide_co2_emissions_without_land_use_land_use_change_and_forestry_lulucf_in_kilotonne_co2_equivalent
Bulgaria,2003,126.503550018592,hydrofluorocarbons_hfcs_emissions_in_kilotonne_co2_equivalent
Belarus,2008,63846.103794367,carbon_dioxide_co2_emissions_without_land_use_land_use_change_and_forestry_lulucf_in_kilotonne_co2_equivalent
Belarus,1995,56005.93938238,carbon_dioxide_co2_emissions_without_land_use_land_use_change_and_forestry_lulucf_in_kilotonne_co2_equivalent
New Zealand,2002,34768.2781829264,carbon_dioxide_co2_emissions_without_land_use_land_use_change_and_forestry_lulucf_in_kilotonne_co2_equivalent
Estonia,1999,15518.4906207187,carbon_dioxide_co2_emissions_without_land_use_land_use_change_and_forestry_lulucf_in_kilotonne_co2_equivalent
Portugal,2009,6.60929605287522,perfluorocarbons_pfcs_emissions_in_kilotonne_co2_equivalent
Latvia,2009,1670.70989776254,nitrous_oxide_n2o_emissions_without_land_use_land_use_change_and_forestry_lulucf_in_kilotonne_co2_equivalent
Austria,1994,261.105590625578,hydrofluorocarbons_hfcs_emissions_in_kilotonne_co2_equivalent
Malta,1999,71.996805884162,nitrous_oxide_n2o_emissions_without_land_use_land_use_change_and_forestry_lulucf_in_kilotonne_co2_equivalent
Estonia,2000,1237.38661811289,methane_ch4_emissions_without_land_use_land_use_change_and_forestry_lulucf_in_kilotonne_co2_equivalent
Switzerland,1996,53186.2855469605,greenhouse_gas_ghgs_emissions_including_indirect_co2_without_lulucf_in_kilotonne_co2_equivalent
Estonia,2007,20816.9352876355,greenhouse_gas_ghgs_emissions_without_land_use_land_use_change_and_forestry_lulucf_in_kilotonne_co2_equivalent
Romania,1991,51601.7076598056,methane_ch4_emissions_without_land_use_land_use_change_and_forestry_lulucf_in_kilotonne_co2_equivalent
Japan,2006,1093.43374395054,nitrogen_trifluoride_nf3_emissions_in_kilotonne_co2_equivalent
Switzerland,2010,1329.36454880262,hydrofluorocarbons_hfcs_emissions_in_kilotonne_co2_equivalent
New Zealand,2009,54.8381,perfluorocarbons_pfcs_emissions_in_kilotonne_co2_equivalent
Austria,2005,1145.80966192964,hydrofluorocarbons_hfcs_emissions_in_kilotonne_co2_equivalent
Norway,2001,754.78899956898,sulphur_hexafluoride_sf6_emissions_in_kilotonne_co2_equivalent
Slovenia,1990,2471.36093079217,methane_ch4_emissions_without_land_use_land_use_change_and_forestry_lulucf_in_kilotonne_co2_equivalent
Poland,2009,37.602950653392,sulphur_hexafluoride_sf6_emissions_in_kilotonne_co2_equivalent
United Kingdom,2014,53890.8647627838,methane_ch4_emissions_without_land_use_land_use_change_and_forestry_lulucf_in_kilotonne_co2_equivalent
Poland,2012,326597.790549729,carbon_dioxide_co2_emissions_without_land_use_land_use_change_and_forestry_lulucf_in_kilotonne_co2_equivalent
Switzerland,1992,55328.4188013381,greenhouse_gas_ghgs_emissions_including_indirect_co2_without_lulucf_in_kilotonne_co2_equivalent
Australia,2010,121.031653711284,sulphur_hexafluoride_sf6_emissions_in_kilotonne_co2_equivalent
Cyprus,1994,0.70303857236,hydrofluorocarbons_hfcs_emissions_in_kilotonne_co2_equivalent
Italy,2013,362063.649296268,carbon_dioxide_co2_emissions_without_land_use_land_use_change_and_forestry_lulucf_in_kilotonne_co2_equivalent
Japan,2005,1397101.81894679,greenhouse_gas_ghgs_emissions_including_indirect_co2_without_lulucf_in_kilotonne_co2_equivalent
Bulgaria,2002,9374.21254846974,methane_ch4_emissions_without_land_use_land_use_change_and_forestry_lulucf_in_kilotonne_co2_equivalent
Czech Republic,2003,126151.648802001,carbon_dioxide_co2_emissions_without_land_use_land_use_change_and_forestry_lulucf_in_kilotonne_co2_equivalent
Ireland,1996,37335.1081070614,carbon_dioxide_co2_emissions_without_land_use_land_use_change_and_forestry_lulucf_in_kilotonne_co2_equivalent
Hungary,2012,7824.92080876326,methane_ch4_emissions_without_land_use_land_use_change_and_forestry_lulucf_in_kilotonne_co2_equivalent
New Zealand,2001,9.6444,sulphur_hexafluoride_sf6_emissions_in_kilotonne_co2_equivalent
European Union,1991,370242.088935833,nitrous_oxide_n2o_emissions_without_land_use_land_use_change_and_forestry_lulucf_in_kilotonne_co2_equivalent
United Kingdom,2013,475832.050586927,carbon_dioxide_co2_emissions_without_land_use_land_use_change_and_forestry_lulucf_in_kilotonne_co2_equivalent
Greece,2013,104564.031249294,greenhouse_gas_ghgs_emissions_without_land_use_land_use_change_and_forestry_lulucf_in_kilotonne_co2_equivalent
Iceland,1994,480.448203891548,nitrous_oxide_n2o_emissions_without_land_use_land_use_change_and_forestry_lulucf_in_kilotonne_co2_equivalent
Spain,1995,1055.36808692271,perfluorocarbons_pfcs_emissions_in_kilotonne_co2_equivalent
Romania,1992,10757.2248670157,nitrous_oxide_n2o_emissions_without_land_use_land_use_change_and_forestry_lulucf_in_kilotonne_co2_equivalent
Ukraine,2001,28.669143566925,hydrofluorocarbons_hfcs_emissions_in_kilotonne_co2_equivalent
Germany,1997,4208.604376,unspecified_mix_of_hydrofluorocarbons_hfcs_and_perfluorocarbons_pfcs_emissions_in_kilotonne_co2_equivalent
Poland,1990,378782.539166168,carbon_dioxide_co2_emissions_without_land_use_land_use_change_and_forestry_lulucf_in_kilotonne_co2_equivalent
Australia,2004,511710.242020824,greenhouse_gas_ghgs_emissions_including_indirect_co2_without_lulucf_in_kilotonne_co2_equivalent
Spain,1990,1164.3758772363,perfluorocarbons_pfcs_emissions_in_kilotonne_co2_equivalent
Slovenia,2005,142.128897166344,perfluorocarbons_pfcs_emissions_in_kilotonne_co2_equivalent
Malta,1998,2338.06278770006,carbon_dioxide_co2_emissions_without_land_use_land_use_change_and_forestry_lulucf_in_kilotonne_co2_equivalent
Bulgaria,1995,74262.0800943505,greenhouse_gas_ghgs_emissions_without_land_use_land_use_change_and_forestry_lulucf_in_kilotonne_co2_equivalent
United Kingdom,2007,0.280434154704,nitrogen_trifluoride_nf3_emissions_in_kilotonne_co2_equivalent
Canada,1996,0.272431373276,nitrogen_trifluoride_nf3_emissions_in_kilotonne_co2_equivalent
Sweden,1994,74231.4889121949,greenhouse_gas_ghgs_emissions_including_indirect_co2_without_lulucf_in_kilotonne_co2_equivalent
Canada,1994,2441.74421815087,sulphur_hexafluoride_sf6_emissions_in_kilotonne_co2_equivalent
Ukraine,2007,558.442175087503,hydrofluorocarbons_hfcs_emissions_in_kilotonne_co2_equivalent
Poland,2004,397602.77053831,greenhouse_gas_ghgs_emissions_including_indirect_co2_without_lulucf_in_kilotonne_co2_equivalent
Luxembourg,2011,7.308528431964,sulphur_hexafluoride_sf6_emissions_in_kilotonne_co2_equivalent
Switzerland,2008,5375.4107335135,methane_ch4_emissions_without_land_use_land_use_change_and_forestry_lulucf_in_kilotonne_co2_equivalent
Iceland,2010,437.998561647196,nitrous_oxide_n2o_emissions_without_land_use_land_use_change_and_forestry_lulucf_in_kilotonne_co2_equivalent
European Union,1995,5773.246762,unspecified_mix_of_hydrofluorocarbons_hfcs_and_perfluorocarbons_pfcs_emissions_in_kilotonne_co2_equivalent
Switzerland,2006,45351.1719954308,carbon_dioxide_co2_emissions_without_land_use_land_use_change_and_forestry_lulucf_in_kilotonne_co2_equivalent
Portugal,2012,67681.248812994,greenhouse_gas_ghgs_emissions_including_indirect_co2_without_lulucf_in_kilotonne_co2_equivalent
Japan,2013,1407883.22553504,greenhouse_gas_ghgs_emissions_including_indirect_co2_without_lulucf_in_kilotonne_co2_equivalent
Slovenia,2011,2182.15441596544,methane_ch4_emissions_without_land_use_land_use_change_and_forestry_lulucf_in_kilotonne_co2_equivalent
Slovakia,2007,49405.0730814613,greenhouse_gas_ghgs_emissions_without_land_use_land_use_change_and_forestry_lulucf_in_kilotonne_co2_equivalent
Bulgaria,1996,57581.194759982,carbon_dioxide_co2_emissions_without_land_use_land_use_change_and_forestry_lulucf_in_kilotonne_co2_equivalent
Switzerland,2012,208.91439321696,sulphur_hexafluoride_sf6_emissions_in_kilotonne_co2_equivalent
Bulgaria,1999,60090.1077393019,greenhouse_gas_ghgs_emissions_without_land_use_land_use_change_and_forestry_lulucf_in_kilotonne_co2_equivalent
Croatia,1994,21712.7639767596,greenhouse_gas_ghgs_emissions_including_indirect_co2_without_lulucf_in_kilotonne_co2_equivalent
Austria,2009,341.678631780648,sulphur_hexafluoride_sf6_emissions_in_kilotonne_co2_equivalent
Italy,1998,4.644,nitrogen_trifluoride_nf3_emissions_in_kilotonne_co2_equivalent
Ireland,2014,58189.1548899195,greenhouse_gas_ghgs_emissions_without_land_use_land_use_change_and_forestry_lulucf_in_kilotonne_co2_equivalent
Portugal,1999,0.7741633650422,perfluorocarbons_pfcs_emissions_in_kilotonne_co2_equivalent
Belgium,1997,149163.455913832,greenhouse_gas_ghgs_emissions_without_land_use_land_use_change_and_forestry_lulucf_in_kilotonne_co2_equivalent
Germany,1999,5161.16483144972,hydrofluorocarbons_hfcs_emissions_in_kilotonne_co2_equivalent
Switzerland,2007,2483.6738042647,nitrous_oxide_n2o_emissions_without_land_use_land_use_change_and_forestry_lulucf_in_kilotonne_co2_equivalent
Bulgaria,2006,64118.3955574349,greenhouse_gas_ghgs_emissions_without_land_use_land_use_change_and_forestry_lulucf_in_kilotonne_co2_equivalent
Norway,2008,55440.9768200456,greenhouse_gas_ghgs_emissions_without_land_use_land_use_change_and_forestry_lulucf_in_kilotonne_co2_equivalent
New Zealand,1994,16.5984,sulphur_hexafluoride_sf6_emissions_in_kilotonne_co2_equivalent
Ireland,2004,68855.7501054471,greenhouse_gas_ghgs_emissions_without_land_use_land_use_change_and_forestry_lulucf_in_kilotonne_co2_equivalent
European Union,2010,4780148.28251479,greenhouse_gas_ghgs_emissions_including_indirect_co2_without_lulucf_in_kilotonne_co2_equivalent
Croatia,1999,2847.59085469199,methane_ch4_emissions_without_land_use_land_use_change_and_forestry_lulucf_in_kilotonne_co2_equivalent
Bulgaria,1992,5774.31109544814,nitrous_oxide_n2o_emissions_without_land_use_land_use_change_and_forestry_lulucf_in_kilotonne_co2_equivalent
Portugal,1996,68671.3797398112,greenhouse_gas_ghgs_emissions_without_land_use_land_use_change_and_forestry_lulucf_in_kilotonne_co2_equivalent
Malta,2007,1.5827899992,sulphur_hexafluoride_sf6_emissions_in_kilotonne_co2_equivalent
Slovakia,2001,5358.10742688496,methane_ch4_emissions_without_land_use_land_use_change_and_forestry_lulucf_in_kilotonne_co2_equivalent
Switzerland,2005,44.1881814801974,perfluorocarbons_pfcs_emissions_in_kilotonne_co2_equivalent
Estonia,2001,1278.59546226988,methane_ch4_emissions_without_land_use_land_use_change_and_forestry_lulucf_in_kilotonne_co2_equivalent
Belgium,2012,6470.88988425807,nitrous_oxide_n2o_emissions_without_land_use_land_use_change_and_forestry_lulucf_in_kilotonne_co2_equivalent
Slovakia,2004,15.433092,sulphur_hexafluoride_sf6_emissions_in_kilotonne_co2_equivalent
Denmark,2013,10.9029596346254,perfluorocarbons_pfcs_emissions_in_kilotonne_co2_equivalent
Luxembourg,1996,9217.19030053529,carbon_dioxide_co2_emissions_without_land_use_land_use_change_and_forestry_lulucf_in_kilotonne_co2_equivalent
Russian Federation,2001,94903.7659042362,nitrous_oxide_n2o_emissions_without_land_use_land_use_change_and_forestry_lulucf_in_kilotonne_co2_equivalent
Canada,2011,1687.38042043144,perfluorocarbons_pfcs_emissions_in_kilotonne_co2_equivalent
United Kingdom,1996,582752.784369152,carbon_dioxide_co2_emissions_without_land_use_land_use_change_and_forestry_lulucf_in_kilotonne_co2_equivalent
Belarus,2000,77959.724959323,greenhouse_gas_ghgs_emissions_without_land_use_land_use_change_and_forestry_lulucf_in_kilotonne_co2_equivalent
Germany,1997,6108.844118424,sulphur_hexafluoride_sf6_emissions_in_kilotonne_co2_equivalent
Australia,2014,522397.090711347,greenhouse_gas_ghgs_emissions_including_indirect_co2_without_lulucf_in_kilotonne_co2_equivalent
France,2008,530720.36062146,greenhouse_gas_ghgs_emissions_without_land_use_land_use_change_and_forestry_lulucf_in_kilotonne_co2_equivalent
Cyprus,2010,8004.912020822,carbon_dioxide_co2_emissions_without_land_use_land_use_change_and_forestry_lulucf_in_kilotonne_co2_equivalent
Malta,1998,1.4652648,sulphur_hexafluoride_sf6_emissions_in_kilotonne_co2_equivalent
Ireland,1991,9.868517,perfluorocarbons_pfcs_emissions_in_kilotonne_co2_equivalent
Hungary,2010,1223.00892466918,hydrofluorocarbons_hfcs_emissions_in_kilotonne_co2_equivalent
Finland,2014,4626.44529423974,nitrous_oxide_n2o_emissions_without_land_use_land_use_change_and_forestry_lulucf_in_kilotonne_co2_equivalent
United Kingdom,1995,1264.37042809363,sulphur_hexafluoride_sf6_emissions_in_kilotonne_co2_equivalent
Romania,2003,10.543166510412,sulphur_hexafluoride_sf6_emissions_in_kilotonne_co2_equivalent
Iceland,2008,85.0063343289147,hydrofluorocarbons_hfcs_emissions_in_kilotonne_co2_equivalent
Poland,1997,22871.9241656837,nitrous_oxide_n2o_emissions_without_land_use_land_use_change_and_forestry_lulucf_in_kilotonne_co2_equivalent
Luxembourg,1991,626.977822312807,methane_ch4_emissions_without_land_use_land_use_change_and_forestry_lulucf_in_kilotonne_co2_equivalent
Ukraine,2003,104.321261919908,hydrofluorocarbons_hfcs_emissions_in_kilotonne_co2_equivalent
Bulgaria,2005,63458.9027666762,greenhouse_gas_ghgs_emissions_without_land_use_land_use_change_and_forestry_lulucf_in_kilotonne_co2_equivalent
Canada,2005,747457.793974867,greenhouse_gas_ghgs_emissions_without_land_use_land_use_change_and_forestry_lulucf_in_kilotonne_co2_equivalent
Norway,2011,54308.6438462418,greenhouse_gas_ghgs_emissions_including_indirect_co2_without_lulucf_in_kilotonne_co2_equivalent
Croatia,2003,28782.8213260193,greenhouse_gas_ghgs_emissions_without_land_use_land_use_change_and_forestry_lulucf_in_kilotonne_co2_equivalent
Russian Federation,1999,2261391.53957599,greenhouse_gas_ghgs_emissions_without_land_use_land_use_change_and_forestry_lulucf_in_kilotonne_co2_equivalent
Norway,1991,9.9097081969995,hydrofluorocarbons_hfcs_emissions_in_kilotonne_co2_equivalent
European Union,1996,4324.621056,unspecified_mix_of_hydrofluorocarbons_hfcs_and_perfluorocarbons_pfcs_emissions_in_kilotonne_co2_equivalent
Portugal,2004,2.80065559812867,perfluorocarbons_pfcs_emissions_in_kilotonne_co2_equivalent
Slovenia,1990,18616.4490964463,greenhouse_gas_ghgs_emissions_without_land_use_land_use_change_and_forestry_lulucf_in_kilotonne_co2_equivalent
European Union,2012,3680.62834322903,perfluorocarbons_pfcs_emissions_in_kilotonne_co2_equivalent
Slovakia,2002,3135.48858194719,nitrous_oxide_n2o_emissions_without_land_use_land_use_change_and_forestry_lulucf_in_kilotonne_co2_equivalent
Greece,2000,127570.605011918,greenhouse_gas_ghgs_emissions_without_land_use_land_use_change_and_forestry_lulucf_in_kilotonne_co2_equivalent
Norway,1991,49586.8891439841,greenhouse_gas_ghgs_emissions_without_land_use_land_use_change_and_forestry_lulucf_in_kilotonne_co2_equivalent
Switzerland,2011,6.218316,nitrogen_trifluoride_nf3_emissions_in_kilotonne_co2_equivalent
Poland,2006,22746.1698317613,nitrous_oxide_n2o_emissions_without_land_use_land_use_change_and_forestry_lulucf_in_kilotonne_co2_equivalent
Croatia,2010,27280.229834957,greenhouse_gas_ghgs_emissions_without_land_use_land_use_change_and_forestry_lulucf_in_kilotonne_co2_equivalent
Norway,2005,4161.72306052617,nitrous_oxide_n2o_emissions_without_land_use_land_use_change_and_forestry_lulucf_in_kilotonne_co2_equivalent
Norway,1993,31.6409788000104,hydrofluorocarbons_hfcs_emissions_in_kilotonne_co2_equivalent
Germany,2011,921829.743532604,greenhouse_gas_ghgs_emissions_including_indirect_co2_without_lulucf_in_kilotonne_co2_equivalent
Ukraine,1998,27209.7053339003,nitrous_oxide_n2o_emissions_without_land_use_land_use_change_and_forestry_lulucf_in_kilotonne_co2_equivalent
Canada,2010,37891.753748992,nitrous_oxide_n2o_emissions_without_land_use_land_use_change_and_forestry_lulucf_in_kilotonne_co2_equivalent
Ukraine,2004,105294.379477373,methane_ch4_emissions_without_land_use_land_use_change_and_forestry_lulucf_in_kilotonne_co2_equivalent
Switzerland,2012,1489.04642491243,hydrofluorocarbons_hfcs_emissions_in_kilotonne_co2_equivalent
Belarus,1994,88206.3567402,greenhouse_gas_ghgs_emissions_including_indirect_co2_without_lulucf_in_kilotonne_co2_equivalent
Slovakia,2010,529.678546651399,hydrofluorocarbons_hfcs_emissions_in_kilotonne_co2_equivalent
Norway,2008,55440.9768200456,greenhouse_gas_ghgs_emissions_including_indirect_co2_without_lulucf_in_kilotonne_co2_equivalent
United Kingdom,2009,0.256004401476,nitrogen_trifluoride_nf3_emissions_in_kilotonne_co2_equivalent
Ukraine,2009,384651.787849048,greenhouse_gas_ghgs_emissions_including_indirect_co2_without_lulucf_in_kilotonne_co2_equivalent
Sweden,2001,69192.115810022,greenhouse_gas_ghgs_emissions_without_land_use_land_use_change_and_forestry_lulucf_in_kilotonne_co2_equivalent
Japan,2012,29348.3866186668,hydrofluorocarbons_hfcs_emissions_in_kilotonne_co2_equivalent
Ukraine,1992,795446.960614269,greenhouse_gas_ghgs_emissions_including_indirect_co2_without_lulucf_in_kilotonne_co2_equivalent
Belarus,1998,11702.191035332,nitrous_oxide_n2o_emissions_without_land_use_land_use_change_and_forestry_lulucf_in_kilotonne_co2_equivalent
Spain,2001,8120.97904792068,hydrofluorocarbons_hfcs_emissions_in_kilotonne_co2_equivalent
Italy,2003,489595.50811926,carbon_dioxide_co2_emissions_without_land_use_land_use_change_and_forestry_lulucf_in_kilotonne_co2_equivalent
Monaco,1991,100.369204056598,greenhouse_gas_ghgs_emissions_including_indirect_co2_without_lulucf_in_kilotonne_co2_equivalent
Lithuania,2008,194.551173811246,hydrofluorocarbons_hfcs_emissions_in_kilotonne_co2_equivalent
Ireland,1995,4.374333333396,nitrogen_trifluoride_nf3_emissions_in_kilotonne_co2_equivalent
France,2014,19398.6825232964,hydrofluorocarbons_hfcs_emissions_in_kilotonne_co2_equivalent
Belgium,2001,10386.2529605796,methane_ch4_emissions_without_land_use_land_use_change_and_forestry_lulucf_in_kilotonne_co2_equivalent
Hungary,2012,1184.63413628766,hydrofluorocarbons_hfcs_emissions_in_kilotonne_co2_equivalent
Spain,1993,288520.506615183,greenhouse_gas_ghgs_emissions_without_land_use_land_use_change_and_forestry_lulucf_in_kilotonne_co2_equivalent
Croatia,1999,2277.14868903243,nitrous_oxide_n2o_emissions_without_land_use_land_use_change_and_forestry_lulucf_in_kilotonne_co2_equivalent
Iceland,2012,173.364013138927,hydrofluorocarbons_hfcs_emissions_in_kilotonne_co2_equivalent
Monaco,2002,0.0723177,perfluorocarbons_pfcs_emissions_in_kilotonne_co2_equivalent
Hungary,1990,8664.9194671011,nitrous_oxide_n2o_emissions_without_land_use_land_use_change_and_forestry_lulucf_in_kilotonne_co2_equivalent
Russian Federation,1991,1042.18756832008,sulphur_hexafluoride_sf6_emissions_in_kilotonne_co2_equivalent
Sweden,1993,5830.18631295827,nitrous_oxide_n2o_emissions_without_land_use_land_use_change_and_forestry_lulucf_in_kilotonne_co2_equivalent
Monaco,1998,99.8168591352245,carbon_dioxide_co2_emissions_without_land_use_land_use_change_and_forestry_lulucf_in_kilotonne_co2_equivalent
Sweden,1994,358.449220436185,perfluorocarbons_pfcs_emissions_in_kilotonne_co2_equivalent
France,2007,63982.0876839439,methane_ch4_emissions_without_land_use_land_use_change_and_forestry_lulucf_in_kilotonne_co2_equivalent
Malta,1997,2331.95473493565,carbon_dioxide_co2_emissions_without_land_use_land_use_change_and_forestry_lulucf_in_kilotonne_co2_equivalent
Slovenia,2000,50.0405861747345,hydrofluorocarbons_hfcs_emissions_in_kilotonne_co2_equivalent
Cyprus,2013,6449.610812027,carbon_dioxide_co2_emissions_without_land_use_land_use_change_and_forestry_lulucf_in_kilotonne_co2_equivalent
European Union,1995,5306108.24726528,greenhouse_gas_ghgs_emissions_without_land_use_land_use_change_and_forestry_lulucf_in_kilotonne_co2_equivalent
European Union,2010,102676.186561369,hydrofluorocarbons_hfcs_emissions_in_kilotonne_co2_equivalent
Portugal,2002,69954.4945153443,carbon_dioxide_co2_emissions_without_land_use_land_use_change_and_forestry_lulucf_in_kilotonne_co2_equivalent
Latvia,1991,24373.1198922177,greenhouse_gas_ghgs_emissions_without_land_use_land_use_change_and_forestry_lulucf_in_kilotonne_co2_equivalent
Switzerland,2005,2458.51478417272,nitrous_oxide_n2o_emissions_without_land_use_land_use_change_and_forestry_lulucf_in_kilotonne_co2_equivalent
United Kingdom,2004,97862.7540762458,methane_ch4_emissions_without_land_use_land_use_change_and_forestry_lulucf_in_kilotonne_co2_equivalent
Slovakia,1995,10.4907173871421,hydrofluorocarbons_hfcs_emissions_in_kilotonne_co2_equivalent
Belgium,1998,129737.090031462,carbon_dioxide_co2_emissions_without_land_use_land_use_change_and_forestry_lulucf_in_kilotonne_co2_equivalent
Monaco,2001,107.9724435341,greenhouse_gas_ghgs_emissions_without_land_use_land_use_change_and_forestry_lulucf_in_kilotonne_co2_equivalent
Russian Federation,1997,627871.889657435,methane_ch4_emissions_without_land_use_land_use_change_and_forestry_lulucf_in_kilotonne_co2_equivalent
Spain,1996,17900.4233426578,nitrous_oxide_n2o_emissions_without_land_use_land_use_change_and_forestry_lulucf_in_kilotonne_co2_equivalent
Slovenia,1993,10.54044,sulphur_hexafluoride_sf6_emissions_in_kilotonne_co2_equivalent
Slovakia,1996,3603.42403169771,nitrous_oxide_n2o_emissions_without_land_use_land_use_change_and_forestry_lulucf_in_kilotonne_co2_equivalent
Latvia,2009,7443.28601054364,carbon_dioxide_co2_emissions_without_land_use_land_use_change_and_forestry_lulucf_in_kilotonne_co2_equivalent
Japan,2006,1377861.93887303,greenhouse_gas_ghgs_emissions_including_indirect_co2_without_lulucf_in_kilotonne_co2_equivalent
Turkey,1992,158571.546483621,carbon_dioxide_co2_emissions_without_land_use_land_use_change_and_forestry_lulucf_in_kilotonne_co2_equivalent
Belarus,1994,11472.270574672,nitrous_oxide_n2o_emissions_without_land_use_land_use_change_and_forestry_lulucf_in_kilotonne_co2_equivalent
Russian Federation,2000,98853.7534472518,nitrous_oxide_n2o_emissions_without_land_use_land_use_change_and_forestry_lulucf_in_kilotonne_co2_equivalent
Poland,2010,19571.1946083641,nitrous_oxide_n2o_emissions_without_land_use_land_use_change_and_forestry_lulucf_in_kilotonne_co2_equivalent
Norway,1991,6021.96448777375,methane_ch4_emissions_without_land_use_land_use_change_and_forestry_lulucf_in_kilotonne_co2_equivalent
Bulgaria,2008,53655.1401671903,carbon_dioxide_co2_emissions_without_land_use_land_use_change_and_forestry_lulucf_in_kilotonne_co2_equivalent
Slovakia,1995,54405.5771330106,greenhouse_gas_ghgs_emissions_including_indirect_co2_without_lulucf_in_kilotonne_co2_equivalent
Ukraine,1995,380871.283680675,carbon_dioxide_co2_emissions_without_land_use_land_use_change_and_forestry_lulucf_in_kilotonne_co2_equivalent
Canada,2008,577444.930222255,carbon_dioxide_co2_emissions_without_land_use_land_use_change_and_forestry_lulucf_in_kilotonne_co2_equivalent
New Zealand,1994,68816.5832879109,greenhouse_gas_ghgs_emissions_including_indirect_co2_without_lulucf_in_kilotonne_co2_equivalent
Denmark,2012,7484.69780241921,methane_ch4_emissions_without_land_use_land_use_change_and_forestry_lulucf_in_kilotonne_co2_equivalent
Turkey,1991,214128.322164344,greenhouse_gas_ghgs_emissions_including_indirect_co2_without_lulucf_in_kilotonne_co2_equivalent
Norway,2006,55071.686061874,greenhouse_gas_ghgs_emissions_including_indirect_co2_without_lulucf_in_kilotonne_co2_equivalent
Slovenia,2004,17.46936,sulphur_hexafluoride_sf6_emissions_in_kilotonne_co2_equivalent
Romania,2006,9202.29729004353,nitrous_oxide_n2o_emissions_without_land_use_land_use_change_and_forestry_lulucf_in_kilotonne_co2_equivalent
Spain,1995,320181.558519913,greenhouse_gas_ghgs_emissions_without_land_use_land_use_change_and_forestry_lulucf_in_kilotonne_co2_equivalent
Finland,2013,6.66307129273,perfluorocarbons_pfcs_emissions_in_kilotonne_co2_equivalent
Netherlands,2006,13985.149325462,nitrous_oxide_n2o_emissions_without_land_use_land_use_change_and_forestry_lulucf_in_kilotonne_co2_equivalent
Croatia,2006,29555.682228908,greenhouse_gas_ghgs_emissions_without_land_use_land_use_change_and_forestry_lulucf_in_kilotonne_co2_equivalent
Finland,2002,634.024975980659,hydrofluorocarbons_hfcs_emissions_in_kilotonne_co2_equivalent
Australia,2006,5456.5206707597,hydrofluorocarbons_hfcs_emissions_in_kilotonne_co2_equivalent
United States of America,2006,410066.190856612,nitrous_oxide_n2o_emissions_without_land_use_land_use_change_and_forestry_lulucf_in_kilotonne_co2_equivalent
Netherlands,1994,175008.703110698,carbon_dioxide_co2_emissions_without_land_use_land_use_change_and_forestry_lulucf_in_kilotonne_co2_equivalent
Cyprus,2008,0.1525327524,sulphur_hexafluoride_sf6_emissions_in_kilotonne_co2_equivalent
France,2013,10.6296,nitrogen_trifluoride_nf3_emissions_in_kilotonne_co2_equivalent
Croatia,1997,18666.4669752133,carbon_dioxide_co2_emissions_without_land_use_land_use_change_and_forestry_lulucf_in_kilotonne_co2_equivalent
Cyprus,2006,0.1226116512,sulphur_hexafluoride_sf6_emissions_in_kilotonne_co2_equivalent
Germany,1997,930768.560542915,carbon_dioxide_co2_emissions_without_land_use_land_use_change_and_forestry_lulucf_in_kilotonne_co2_equivalent
Belgium,2010,8624.50488186377,methane_ch4_emissions_without_land_use_land_use_change_and_forestry_lulucf_in_kilotonne_co2_equivalent
Sweden,2000,5918.66535953585,nitrous_oxide_n2o_emissions_without_land_use_land_use_change_and_forestry_lulucf_in_kilotonne_co2_equivalent
Russian Federation,2003,1568510.14348381,carbon_dioxide_co2_emissions_without_land_use_land_use_change_and_forestry_lulucf_in_kilotonne_co2_equivalent
Iceland,1996,548.365598128893,methane_ch4_emissions_without_land_use_land_use_change_and_forestry_lulucf_in_kilotonne_co2_equivalent
Bulgaria,2000,57.3333083815516,hydrofluorocarbons_hfcs_emissions_in_kilotonne_co2_equivalent
Estonia,2000,17061.8525770349,greenhouse_gas_ghgs_emissions_including_indirect_co2_without_lulucf_in_kilotonne_co2_equivalent
United Kingdom,2001,1454.10023060869,sulphur_hexafluoride_sf6_emissions_in_kilotonne_co2_equivalent
European Union,1993,29.44722859624,nitrogen_trifluoride_nf3_emissions_in_kilotonne_co2_equivalent
Canada,2003,0.211738134724,nitrogen_trifluoride_nf3_emissions_in_kilotonne_co2_equivalent
Norway,2006,55071.686061874,greenhouse_gas_ghgs_emissions_without_land_use_land_use_change_and_forestry_lulucf_in_kilotonne_co2_equivalent
Estonia,2011,716.297908811208,nitrous_oxide_n2o_emissions_without_land_use_land_use_change_and_forestry_lulucf_in_kilotonne_co2_equivalent
Sweden,1995,7882.64884569976,methane_ch4_emissions_without_land_use_land_use_change_and_forestry_lulucf_in_kilotonne_co2_equivalent
Czech Republic,2014,124245.643140154,greenhouse_gas_ghgs_emissions_without_land_use_land_use_change_and_forestry_lulucf_in_kilotonne_co2_equivalent
Russian Federation,2005,2501637.91007254,greenhouse_gas_ghgs_emissions_including_indirect_co2_without_lulucf_in_kilotonne_co2_equivalent
Slovenia,1994,128.175067385072,perfluorocarbons_pfcs_emissions_in_kilotonne_co2_equivalent
Sweden,2009,5805.53611701953,methane_ch4_emissions_without_land_use_land_use_change_and_forestry_lulucf_in_kilotonne_co2_equivalent
Malta,2012,0.4515102012,sulphur_hexafluoride_sf6_emissions_in_kilotonne_co2_equivalent
Norway,1993,49802.7844557724,greenhouse_gas_ghgs_emissions_including_indirect_co2_without_lulucf_in_kilotonne_co2_equivalent
Czech Republic,1994,7840.70196490355,nitrous_oxide_n2o_emissions_without_land_use_land_use_change_and_forestry_lulucf_in_kilotonne_co2_equivalent
Sweden,2004,856.754570964442,hydrofluorocarbons_hfcs_emissions_in_kilotonne_co2_equivalent
Slovakia,2000,49712.4776565827,greenhouse_gas_ghgs_emissions_including_indirect_co2_without_lulucf_in_kilotonne_co2_equivalent
Estonia,1990,1386.94803318539,nitrous_oxide_n2o_emissions_without_land_use_land_use_change_and_forestry_lulucf_in_kilotonne_co2_equivalent
New Zealand,2000,8429.2163392427,nitrous_oxide_n2o_emissions_without_land_use_land_use_change_and_forestry_lulucf_in_kilotonne_co2_equivalent
Cyprus,2006,376.1754873,nitrous_oxide_n2o_emissions_without_land_use_land_use_change_and_forestry_lulucf_in_kilotonne_co2_equivalent
France,2013,41715.4959878521,nitrous_oxide_n2o_emissions_without_land_use_land_use_change_and_forestry_lulucf_in_kilotonne_co2_equivalent
Lithuania,2006,120.017532109789,hydrofluorocarbons_hfcs_emissions_in_kilotonne_co2_equivalent
Finland,2012,1517.24760807946,hydrofluorocarbons_hfcs_emissions_in_kilotonne_co2_equivalent
Austria,2003,8061.20581192959,methane_ch4_emissions_without_land_use_land_use_change_and_forestry_lulucf_in_kilotonne_co2_equivalent
Sweden,2009,46.2349165835999,perfluorocarbons_pfcs_emissions_in_kilotonne_co2_equivalent
Hungary,2009,65082.9235143586,greenhouse_gas_ghgs_emissions_including_indirect_co2_without_lulucf_in_kilotonne_co2_equivalent
Iceland,2013,546.326289750485,methane_ch4_emissions_without_land_use_land_use_change_and_forestry_lulucf_in_kilotonne_co2_equivalent
Russian Federation,2009,3377.82598512285,perfluorocarbons_pfcs_emissions_in_kilotonne_co2_equivalent
Belgium,1994,1930.80644601222,sulphur_hexafluoride_sf6_emissions_in_kilotonne_co2_equivalent
Czech Republic,2012,132865.249766024,greenhouse_gas_ghgs_emissions_without_land_use_land_use_change_and_forestry_lulucf_in_kilotonne_co2_equivalent
Czech Republic,1996,17564.9120993273,methane_ch4_emissions_without_land_use_land_use_change_and_forestry_lulucf_in_kilotonne_co2_equivalent
Iceland,2006,4454.03498592419,greenhouse_gas_ghgs_emissions_without_land_use_land_use_change_and_forestry_lulucf_in_kilotonne_co2_equivalent
France,2002,68554.5511011781,methane_ch4_emissions_without_land_use_land_use_change_and_forestry_lulucf_in_kilotonne_co2_equivalent
Austria,1997,117.471744,perfluorocarbons_pfcs_emissions_in_kilotonne_co2_equivalent
Germany,2008,973942.17132529,greenhouse_gas_ghgs_emissions_including_indirect_co2_without_lulucf_in_kilotonne_co2_equivalent
Italy,2000,29716.6050112189,nitrous_oxide_n2o_emissions_without_land_use_land_use_change_and_forestry_lulucf_in_kilotonne_co2_equivalent
Slovenia,2000,1012.1450976409,nitrous_oxide_n2o_emissions_without_land_use_land_use_change_and_forestry_lulucf_in_kilotonne_co2_equivalent
Portugal,2011,3289.28022658172,nitrous_oxide_n2o_emissions_without_land_use_land_use_change_and_forestry_lulucf_in_kilotonne_co2_equivalent
Belgium,1995,2139.73317111443,sulphur_hexafluoride_sf6_emissions_in_kilotonne_co2_equivalent
Greece,2000,3.8076,sulphur_hexafluoride_sf6_emissions_in_kilotonne_co2_equivalent
Belarus,1991,93649.166141388,carbon_dioxide_co2_emissions_without_land_use_land_use_change_and_forestry_lulucf_in_kilotonne_co2_equivalent
Estonia,1991,36794.5625866692,greenhouse_gas_ghgs_emissions_including_indirect_co2_without_lulucf_in_kilotonne_co2_equivalent
Greece,2008,11496.7293651832,methane_ch4_emissions_without_land_use_land_use_change_and_forestry_lulucf_in_kilotonne_co2_equivalent
Netherlands,1996,243054.332894743,greenhouse_gas_ghgs_emissions_including_indirect_co2_without_lulucf_in_kilotonne_co2_equivalent
Germany,2013,945150.947996296,greenhouse_gas_ghgs_emissions_including_indirect_co2_without_lulucf_in_kilotonne_co2_equivalent
United Kingdom,1998,39255.2488547047,nitrous_oxide_n2o_emissions_without_land_use_land_use_change_and_forestry_lulucf_in_kilotonne_co2_equivalent
Russian Federation,2006,2574412.00965123,greenhouse_gas_ghgs_emissions_without_land_use_land_use_change_and_forestry_lulucf_in_kilotonne_co2_equivalent
Portugal,2009,3554.79082697767,nitrous_oxide_n2o_emissions_without_land_use_land_use_change_and_forestry_lulucf_in_kilotonne_co2_equivalent
Slovakia,1992,59204.279816753,greenhouse_gas_ghgs_emissions_including_indirect_co2_without_lulucf_in_kilotonne_co2_equivalent
United Kingdom,1993,1182.89533162297,sulphur_hexafluoride_sf6_emissions_in_kilotonne_co2_equivalent
Poland,1995,29.121818181756,sulphur_hexafluoride_sf6_emissions_in_kilotonne_co2_equivalent
Japan,1990,30812.4058184121,nitrous_oxide_n2o_emissions_without_land_use_land_use_change_and_forestry_lulucf_in_kilotonne_co2_equivalent
Monaco,2013,91.2561562041074,greenhouse_gas_ghgs_emissions_including_indirect_co2_without_lulucf_in_kilotonne_co2_equivalent
Croatia,2010,27280.229834957,greenhouse_gas_ghgs_emissions_including_indirect_co2_without_lulucf_in_kilotonne_co2_equivalent
France,1992,4417.80752937641,hydrofluorocarbons_hfcs_emissions_in_kilotonne_co2_equivalent
Finland,2007,10.20663632902,perfluorocarbons_pfcs_emissions_in_kilotonne_co2_equivalent
European Union,2008,5031461.29079259,greenhouse_gas_ghgs_emissions_without_land_use_land_use_change_and_forestry_lulucf_in_kilotonne_co2_equivalent
Estonia,2014,21059.2401362604,greenhouse_gas_ghgs_emissions_without_land_use_land_use_change_and_forestry_lulucf_in_kilotonne_co2_equivalent
European Union,2014,74.339224081068,nitrogen_trifluoride_nf3_emissions_in_kilotonne_co2_equivalent
Portugal,1994,66935.8597846289,greenhouse_gas_ghgs_emissions_including_indirect_co2_without_lulucf_in_kilotonne_co2_equivalent
Austria,2008,74066.2557920763,carbon_dioxide_co2_emissions_without_land_use_land_use_change_and_forestry_lulucf_in_kilotonne_co2_equivalent
United Kingdom,2008,682.83929904438,sulphur_hexafluoride_sf6_emissions_in_kilotonne_co2_equivalent
Slovakia,2005,240.673762562375,hydrofluorocarbons_hfcs_emissions_in_kilotonne_co2_equivalent
Slovenia,1998,2370.50421902455,methane_ch4_emissions_without_land_use_land_use_change_and_forestry_lulucf_in_kilotonne_co2_equivalent
Croatia,1996,17587.8984604534,carbon_dioxide_co2_emissions_without_land_use_land_use_change_and_forestry_lulucf_in_kilotonne_co2_equivalent
Italy,1995,533449.768572357,greenhouse_gas_ghgs_emissions_including_indirect_co2_without_lulucf_in_kilotonne_co2_equivalent
Turkey,2012,4256.85958676063,hydrofluorocarbons_hfcs_emissions_in_kilotonne_co2_equivalent
Monaco,2009,0.112213164,sulphur_hexafluoride_sf6_emissions_in_kilotonne_co2_equivalent
Hungary,2003,9131.88807344021,methane_ch4_emissions_without_land_use_land_use_change_and_forestry_lulucf_in_kilotonne_co2_equivalent
Slovenia,1992,9.6672,sulphur_hexafluoride_sf6_emissions_in_kilotonne_co2_equivalent
Romania,2008,101035.420806089,carbon_dioxide_co2_emissions_without_land_use_land_use_change_and_forestry_lulucf_in_kilotonne_co2_equivalent
Germany,2002,1872.461234,unspecified_mix_of_hydrofluorocarbons_hfcs_and_perfluorocarbons_pfcs_emissions_in_kilotonne_co2_equivalent
New Zealand,2012,19.38,sulphur_hexafluoride_sf6_emissions_in_kilotonne_co2_equivalent
Slovenia,2005,830.555036138188,nitrous_oxide_n2o_emissions_without_land_use_land_use_change_and_forestry_lulucf_in_kilotonne_co2_equivalent
Ukraine,2005,4.467082845132,sulphur_hexafluoride_sf6_emissions_in_kilotonne_co2_equivalent
Greece,2006,132065.256674574,greenhouse_gas_ghgs_emissions_without_land_use_land_use_change_and_forestry_lulucf_in_kilotonne_co2_equivalent
Cyprus,1996,7343.53788019567,greenhouse_gas_ghgs_emissions_including_indirect_co2_without_lulucf_in_kilotonne_co2_equivalent
United States of America,1992,47.921575666064,nitrogen_trifluoride_nf3_emissions_in_kilotonne_co2_equivalent
Norway,2004,597.303653769519,hydrofluorocarbons_hfcs_emissions_in_kilotonne_co2_equivalent
Croatia,2012,0.0311699,perfluorocarbons_pfcs_emissions_in_kilotonne_co2_equivalent
Monaco,2012,90.7498441303101,greenhouse_gas_ghgs_emissions_including_indirect_co2_without_lulucf_in_kilotonne_co2_equivalent
Lithuania,2011,306.537871326092,hydrofluorocarbons_hfcs_emissions_in_kilotonne_co2_equivalent
European Union,2008,5036304.23974741,greenhouse_gas_ghgs_emissions_including_indirect_co2_without_lulucf_in_kilotonne_co2_equivalent
Sweden,1996,77574.1002048805,greenhouse_gas_ghgs_emissions_including_indirect_co2_without_lulucf_in_kilotonne_co2_equivalent
Austria,2013,67957.1211123863,carbon_dioxide_co2_emissions_without_land_use_land_use_change_and_forestry_lulucf_in_kilotonne_co2_equivalent
Cyprus,2013,324.70366592627,hydrofluorocarbons_hfcs_emissions_in_kilotonne_co2_equivalent
Sweden,2006,286.761447181277,perfluorocarbons_pfcs_emissions_in_kilotonne_co2_equivalent
Italy,1999,549495.230489239,greenhouse_gas_ghgs_emissions_without_land_use_land_use_change_and_forestry_lulucf_in_kilotonne_co2_equivalent
Greece,2005,5077.45227954165,hydrofluorocarbons_hfcs_emissions_in_kilotonne_co2_equivalent
Estonia,2011,20485.0360389207,greenhouse_gas_ghgs_emissions_including_indirect_co2_without_lulucf_in_kilotonne_co2_equivalent
Cyprus,2000,363.015256,nitrous_oxide_n2o_emissions_without_land_use_land_use_change_and_forestry_lulucf_in_kilotonne_co2_equivalent
Denmark,2002,71446.8213643743,greenhouse_gas_ghgs_emissions_without_land_use_land_use_change_and_forestry_lulucf_in_kilotonne_co2_equivalent
Slovenia,2002,2515.78600812245,methane_ch4_emissions_without_land_use_land_use_change_and_forestry_lulucf_in_kilotonne_co2_equivalent
Denmark,1998,77025.3449032885,greenhouse_gas_ghgs_emissions_without_land_use_land_use_change_and_forestry_lulucf_in_kilotonne_co2_equivalent
Bulgaria,2009,0.05586741,perfluorocarbons_pfcs_emissions_in_kilotonne_co2_equivalent
Hungary,2011,106.917986583972,sulphur_hexafluoride_sf6_emissions_in_kilotonne_co2_equivalent
Japan,2014,1265490.60931631,carbon_dioxide_co2_emissions_without_land_use_land_use_change_and_forestry_lulucf_in_kilotonne_co2_equivalent
Finland,2008,26.658888399588,sulphur_hexafluoride_sf6_emissions_in_kilotonne_co2_equivalent
Iceland,2002,2795.90731167373,carbon_dioxide_co2_emissions_without_land_use_land_use_change_and_forestry_lulucf_in_kilotonne_co2_equivalent
Germany,2009,2923.979076096,sulphur_hexafluoride_sf6_emissions_in_kilotonne_co2_equivalent
Portugal,2006,3832.74846782682,nitrous_oxide_n2o_emissions_without_land_use_land_use_change_and_forestry_lulucf_in_kilotonne_co2_equivalent
Canada,2001,3787.72934805573,hydrofluorocarbons_hfcs_emissions_in_kilotonne_co2_equivalent
European Union,1993,686376.82193796,methane_ch4_emissions_without_land_use_land_use_change_and_forestry_lulucf_in_kilotonne_co2_equivalent
Croatia,2012,2216.92191738725,nitrous_oxide_n2o_emissions_without_land_use_land_use_change_and_forestry_lulucf_in_kilotonne_co2_equivalent
Norway,1996,54411.0952561063,greenhouse_gas_ghgs_emissions_including_indirect_co2_without_lulucf_in_kilotonne_co2_equivalent
Slovenia,2008,17.541652484172,sulphur_hexafluoride_sf6_emissions_in_kilotonne_co2_equivalent
Turkey,1997,593.325999624901,perfluorocarbons_pfcs_emissions_in_kilotonne_co2_equivalent
Russian Federation,1996,2354767.26191203,greenhouse_gas_ghgs_emissions_without_land_use_land_use_change_and_forestry_lulucf_in_kilotonne_co2_equivalent
European Union,1995,668698.051516691,methane_ch4_emissions_without_land_use_land_use_change_and_forestry_lulucf_in_kilotonne_co2_equivalent
Poland,2004,22060.3628108664,nitrous_oxide_n2o_emissions_without_land_use_land_use_change_and_forestry_lulucf_in_kilotonne_co2_equivalent
Slovakia,2003,15.0554556,sulphur_hexafluoride_sf6_emissions_in_kilotonne_co2_equivalent
Ukraine,2010,27932.3022117132,nitrous_oxide_n2o_emissions_without_land_use_land_use_change_and_forestry_lulucf_in_kilotonne_co2_equivalent
Japan,1996,44503.1722518203,methane_ch4_emissions_without_land_use_land_use_change_and_forestry_lulucf_in_kilotonne_co2_equivalent
United Kingdom,1999,553827.549146135,carbon_dioxide_co2_emissions_without_land_use_land_use_change_and_forestry_lulucf_in_kilotonne_co2_equivalent
United States of America,1994,28004.2473506574,sulphur_hexafluoride_sf6_emissions_in_kilotonne_co2_equivalent
New Zealand,1991,66822.617722031,greenhouse_gas_ghgs_emissions_including_indirect_co2_without_lulucf_in_kilotonne_co2_equivalent
Switzerland,2007,5296.65119681511,methane_ch4_emissions_without_land_use_land_use_change_and_forestry_lulucf_in_kilotonne_co2_equivalent
Latvia,1994,1623.45224040938,nitrous_oxide_n2o_emissions_without_land_use_land_use_change_and_forestry_lulucf_in_kilotonne_co2_equivalent
Belgium,2012,110.428737472536,sulphur_hexafluoride_sf6_emissions_in_kilotonne_co2_equivalent
Slovenia,2010,2187.90236287205,methane_ch4_emissions_without_land_use_land_use_change_and_forestry_lulucf_in_kilotonne_co2_equivalent
Bulgaria,2007,55184.4241047849,carbon_dioxide_co2_emissions_without_land_use_land_use_change_and_forestry_lulucf_in_kilotonne_co2_equivalent
Lithuania,1997,22971.1068622477,greenhouse_gas_ghgs_emissions_including_indirect_co2_without_lulucf_in_kilotonne_co2_equivalent
Greece,1998,13077.547365796,methane_ch4_emissions_without_land_use_land_use_change_and_forestry_lulucf_in_kilotonne_co2_equivalent
Latvia,2005,7790.40393195636,carbon_dioxide_co2_emissions_without_land_use_land_use_change_and_forestry_lulucf_in_kilotonne_co2_equivalent
Greece,2009,5325.95590579888,nitrous_oxide_n2o_emissions_without_land_use_land_use_change_and_forestry_lulucf_in_kilotonne_co2_equivalent
Estonia,2007,170.367740074701,hydrofluorocarbons_hfcs_emissions_in_kilotonne_co2_equivalent
Lithuania,2004,13185.4933655222,carbon_dioxide_co2_emissions_without_land_use_land_use_change_and_forestry_lulucf_in_kilotonne_co2_equivalent
Czech Republic,2004,148765.437576363,greenhouse_gas_ghgs_emissions_without_land_use_land_use_change_and_forestry_lulucf_in_kilotonne_co2_equivalent
European Union,2005,911.0179272,unspecified_mix_of_hydrofluorocarbons_hfcs_and_perfluorocarbons_pfcs_emissions_in_kilotonne_co2_equivalent
Germany,2007,9422.41749132518,hydrofluorocarbons_hfcs_emissions_in_kilotonne_co2_equivalent
Ukraine,2002,417502.686515017,greenhouse_gas_ghgs_emissions_without_land_use_land_use_change_and_forestry_lulucf_in_kilotonne_co2_equivalent
Hungary,1998,93.641844344448,sulphur_hexafluoride_sf6_emissions_in_kilotonne_co2_equivalent
Spain,2004,199.7837003544,sulphur_hexafluoride_sf6_emissions_in_kilotonne_co2_equivalent
Italy,1998,454967.633181096,carbon_dioxide_co2_emissions_without_land_use_land_use_change_and_forestry_lulucf_in_kilotonne_co2_equivalent
United States of America,1998,4470.7293856,unspecified_mix_of_hydrofluorocarbons_hfcs_and_perfluorocarbons_pfcs_emissions_in_kilotonne_co2_equivalent
Austria,2007,230.332465,perfluorocarbons_pfcs_emissions_in_kilotonne_co2_equivalent
Australia,2008,444.516693559401,perfluorocarbons_pfcs_emissions_in_kilotonne_co2_equivalent
Latvia,2005,1929.4467468179,methane_ch4_emissions_without_land_use_land_use_change_and_forestry_lulucf_in_kilotonne_co2_equivalent
Germany,1999,1045419.70899266,greenhouse_gas_ghgs_emissions_without_land_use_land_use_change_and_forestry_lulucf_in_kilotonne_co2_equivalent
France,2014,464417.795172965,greenhouse_gas_ghgs_emissions_without_land_use_land_use_change_and_forestry_lulucf_in_kilotonne_co2_equivalent
Slovakia,2011,37880.8531455433,carbon_dioxide_co2_emissions_without_land_use_land_use_change_and_forestry_lulucf_in_kilotonne_co2_equivalent
Australia,1995,1530.83566492632,perfluorocarbons_pfcs_emissions_in_kilotonne_co2_equivalent
Ireland,2007,906.281947800536,hydrofluorocarbons_hfcs_emissions_in_kilotonne_co2_equivalent
United Kingdom,1998,1328.71558779265,sulphur_hexafluoride_sf6_emissions_in_kilotonne_co2_equivalent
Hungary,2004,269.426370033108,perfluorocarbons_pfcs_emissions_in_kilotonne_co2_equivalent
Liechtenstein,1998,18.2353000685398,methane_ch4_emissions_without_land_use_land_use_change_and_forestry_lulucf_in_kilotonne_co2_equivalent
Latvia,2001,1.386676848,sulphur_hexafluoride_sf6_emissions_in_kilotonne_co2_equivalent
Poland,2006,193.577431658992,perfluorocarbons_pfcs_emissions_in_kilotonne_co2_equivalent
France,2009,930.018746301348,sulphur_hexafluoride_sf6_emissions_in_kilotonne_co2_equivalent
Portugal,1999,12743.7715374656,methane_ch4_emissions_without_land_use_land_use_change_and_forestry_lulucf_in_kilotonne_co2_equivalent
Greece,1992,84949.0258298748,carbon_dioxide_co2_emissions_without_land_use_land_use_change_and_forestry_lulucf_in_kilotonne_co2_equivalent
Estonia,1996,20631.7526567215,greenhouse_gas_ghgs_emissions_including_indirect_co2_without_lulucf_in_kilotonne_co2_equivalent
Cyprus,2002,8519.08140283278,greenhouse_gas_ghgs_emissions_without_land_use_land_use_change_and_forestry_lulucf_in_kilotonne_co2_equivalent
Bulgaria,1993,57203.9355176784,carbon_dioxide_co2_emissions_without_land_use_land_use_change_and_forestry_lulucf_in_kilotonne_co2_equivalent
Hungary,2013,43930.8781767816,carbon_dioxide_co2_emissions_without_land_use_land_use_change_and_forestry_lulucf_in_kilotonne_co2_equivalent
Canada,2000,4985.56832459483,perfluorocarbons_pfcs_emissions_in_kilotonne_co2_equivalent
Belarus,2004,83688.299567336,greenhouse_gas_ghgs_emissions_without_land_use_land_use_change_and_forestry_lulucf_in_kilotonne_co2_equivalent
Latvia,2007,123.586952647033,hydrofluorocarbons_hfcs_emissions_in_kilotonne_co2_equivalent
Malta,2007,173.255722109399,methane_ch4_emissions_without_land_use_land_use_change_and_forestry_lulucf_in_kilotonne_co2_equivalent
United States of America,2013,149922.393769351,hydrofluorocarbons_hfcs_emissions_in_kilotonne_co2_equivalent
Monaco,1997,3.14819111472134,nitrous_oxide_n2o_emissions_without_land_use_land_use_change_and_forestry_lulucf_in_kilotonne_co2_equivalent
Czech Republic,2011,14017.0357351339,methane_ch4_emissions_without_land_use_land_use_change_and_forestry_lulucf_in_kilotonne_co2_equivalent
Slovakia,2011,2371.88871523254,nitrous_oxide_n2o_emissions_without_land_use_land_use_change_and_forestry_lulucf_in_kilotonne_co2_equivalent
Turkey,1994,15275.7660552847,nitrous_oxide_n2o_emissions_without_land_use_land_use_change_and_forestry_lulucf_in_kilotonne_co2_equivalent
Ireland,1996,8807.86555931371,nitrous_oxide_n2o_emissions_without_land_use_land_use_change_and_forestry_lulucf_in_kilotonne_co2_equivalent
Liechtenstein,1991,206.146706845605,carbon_dioxide_co2_emissions_without_land_use_land_use_change_and_forestry_lulucf_in_kilotonne_co2_equivalent
Slovenia,2007,210.767517433336,hydrofluorocarbons_hfcs_emissions_in_kilotonne_co2_equivalent
Austria,1997,4286.75869314582,nitrous_oxide_n2o_emissions_without_land_use_land_use_change_and_forestry_lulucf_in_kilotonne_co2_equivalent
Iceland,2001,472.97384561243,nitrous_oxide_n2o_emissions_without_land_use_land_use_change_and_forestry_lulucf_in_kilotonne_co2_equivalent
Russian Federation,2006,1298.46193116,sulphur_hexafluoride_sf6_emissions_in_kilotonne_co2_equivalent
Germany,2006,999043.900402691,greenhouse_gas_ghgs_emissions_including_indirect_co2_without_lulucf_in_kilotonne_co2_equivalent
Latvia,2004,7709.46076182043,carbon_dioxide_co2_emissions_without_land_use_land_use_change_and_forestry_lulucf_in_kilotonne_co2_equivalent
Denmark,2010,62944.0054047267,greenhouse_gas_ghgs_emissions_without_land_use_land_use_change_and_forestry_lulucf_in_kilotonne_co2_equivalent
Austria,1999,8645.17625546572,methane_ch4_emissions_without_land_use_land_use_change_and_forestry_lulucf_in_kilotonne_co2_equivalent
Monaco,1994,106.067732637872,greenhouse_gas_ghgs_emissions_without_land_use_land_use_change_and_forestry_lulucf_in_kilotonne_co2_equivalent
Italy,2000,1388.28830862196,perfluorocarbons_pfcs_emissions_in_kilotonne_co2_equivalent
Denmark,2014,735.435645873786,hydrofluorocarbons_hfcs_emissions_in_kilotonne_co2_equivalent
Turkey,1995,239039.791797548,greenhouse_gas_ghgs_emissions_without_land_use_land_use_change_and_forestry_lulucf_in_kilotonne_co2_equivalent
Croatia,1992,22538.033900319,greenhouse_gas_ghgs_emissions_including_indirect_co2_without_lulucf_in_kilotonne_co2_equivalent
Portugal,1996,11866.5224135865,methane_ch4_emissions_without_land_use_land_use_change_and_forestry_lulucf_in_kilotonne_co2_equivalent
Latvia,1995,12859.1564999065,greenhouse_gas_ghgs_emissions_including_indirect_co2_without_lulucf_in_kilotonne_co2_equivalent
Norway,1991,49586.8891439841,greenhouse_gas_ghgs_emissions_including_indirect_co2_without_lulucf_in_kilotonne_co2_equivalent
Ireland,1991,33508.44202382,carbon_dioxide_co2_emissions_without_land_use_land_use_change_and_forestry_lulucf_in_kilotonne_co2_equivalent
Lithuania,2007,5742.41827130086,nitrous_oxide_n2o_emissions_without_land_use_land_use_change_and_forestry_lulucf_in_kilotonne_co2_equivalent
Romania,1991,0.28668813826203,hydrofluorocarbons_hfcs_emissions_in_kilotonne_co2_equivalent
Slovenia,2007,17272.3791866788,carbon_dioxide_co2_emissions_without_land_use_land_use_change_and_forestry_lulucf_in_kilotonne_co2_equivalent
Belarus,2013,61510.987153813,carbon_dioxide_co2_emissions_without_land_use_land_use_change_and_forestry_lulucf_in_kilotonne_co2_equivalent
Norway,1998,3905.74516569602,nitrous_oxide_n2o_emissions_without_land_use_land_use_change_and_forestry_lulucf_in_kilotonne_co2_equivalent
Australia,2003,1683.98477494731,perfluorocarbons_pfcs_emissions_in_kilotonne_co2_equivalent
Switzerland,2002,2554.43047748213,nitrous_oxide_n2o_emissions_without_land_use_land_use_change_and_forestry_lulucf_in_kilotonne_co2_equivalent
Ireland,1995,35718.7485642434,carbon_dioxide_co2_emissions_without_land_use_land_use_change_and_forestry_lulucf_in_kilotonne_co2_equivalent
New Zealand,1997,17.4648,sulphur_hexafluoride_sf6_emissions_in_kilotonne_co2_equivalent
Belarus,1997,11732.3670118,nitrous_oxide_n2o_emissions_without_land_use_land_use_change_and_forestry_lulucf_in_kilotonne_co2_equivalent
Russian Federation,2002,2342532.90912542,greenhouse_gas_ghgs_emissions_including_indirect_co2_without_lulucf_in_kilotonne_co2_equivalent
Denmark,1992,58960.3115236108,carbon_dioxide_co2_emissions_without_land_use_land_use_change_and_forestry_lulucf_in_kilotonne_co2_equivalent
Switzerland,1996,20.4190624823769,perfluorocarbons_pfcs_emissions_in_kilotonne_co2_equivalent
Australia,1990,4607.01291909928,perfluorocarbons_pfcs_emissions_in_kilotonne_co2_equivalent
Slovakia,1998,44016.9870017177,carbon_dioxide_co2_emissions_without_land_use_land_use_change_and_forestry_lulucf_in_kilotonne_co2_equivalent
Poland,2002,307535.642199397,carbon_dioxide_co2_emissions_without_land_use_land_use_change_and_forestry_lulucf_in_kilotonne_co2_equivalent
Spain,1992,298659.599566829,greenhouse_gas_ghgs_emissions_without_land_use_land_use_change_and_forestry_lulucf_in_kilotonne_co2_equivalent
Czech Republic,1992,20139.1599524718,methane_ch4_emissions_without_land_use_land_use_change_and_forestry_lulucf_in_kilotonne_co2_equivalent
European Union,2011,4619894.87374975,greenhouse_gas_ghgs_emissions_without_land_use_land_use_change_and_forestry_lulucf_in_kilotonne_co2_equivalent
Australia,2008,533693.508207377,greenhouse_gas_ghgs_emissions_without_land_use_land_use_change_and_forestry_lulucf_in_kilotonne_co2_equivalent
Japan,2001,1358715.50795218,greenhouse_gas_ghgs_emissions_including_indirect_co2_without_lulucf_in_kilotonne_co2_equivalent
Slovenia,1994,18004.4453928209,greenhouse_gas_ghgs_emissions_without_land_use_land_use_change_and_forestry_lulucf_in_kilotonne_co2_equivalent
Iceland,2014,3272.20823296511,carbon_dioxide_co2_emissions_without_land_use_land_use_change_and_forestry_lulucf_in_kilotonne_co2_equivalent
Cyprus,2001,6969.466175788,carbon_dioxide_co2_emissions_without_land_use_land_use_change_and_forestry_lulucf_in_kilotonne_co2_equivalent
European Union,1997,103.422374691952,nitrogen_trifluoride_nf3_emissions_in_kilotonne_co2_equivalent
Romania,1995,2.52603566422256,hydrofluorocarbons_hfcs_emissions_in_kilotonne_co2_equivalent
Denmark,2011,43970.7892561051,carbon_dioxide_co2_emissions_without_land_use_land_use_change_and_forestry_lulucf_in_kilotonne_co2_equivalent
Finland,1991,0.238116,perfluorocarbons_pfcs_emissions_in_kilotonne_co2_equivalent
Australia,2005,5002.48272189515,hydrofluorocarbons_hfcs_emissions_in_kilotonne_co2_equivalent
Netherlands,1995,173196.297429017,carbon_dioxide_co2_emissions_without_land_use_land_use_change_and_forestry_lulucf_in_kilotonne_co2_equivalent
United Kingdom,1997,557608.779401985,carbon_dioxide_co2_emissions_without_land_use_land_use_change_and_forestry_lulucf_in_kilotonne_co2_equivalent
Poland,2002,2420.25701950106,hydrofluorocarbons_hfcs_emissions_in_kilotonne_co2_equivalent
Ireland,2004,68932.6740278551,greenhouse_gas_ghgs_emissions_including_indirect_co2_without_lulucf_in_kilotonne_co2_equivalent
United States of America,1990,6397144.48966891,greenhouse_gas_ghgs_emissions_including_indirect_co2_without_lulucf_in_kilotonne_co2_equivalent
Turkey,2014,467550.376938556,greenhouse_gas_ghgs_emissions_without_land_use_land_use_change_and_forestry_lulucf_in_kilotonne_co2_equivalent
Hungary,2011,7821.16627134829,methane_ch4_emissions_without_land_use_land_use_change_and_forestry_lulucf_in_kilotonne_co2_equivalent
Romania,2010,9.132186,perfluorocarbons_pfcs_emissions_in_kilotonne_co2_equivalent
Belgium,2008,253.103557740221,perfluorocarbons_pfcs_emissions_in_kilotonne_co2_equivalent
Italy,1997,532739.930388069,greenhouse_gas_ghgs_emissions_without_land_use_land_use_change_and_forestry_lulucf_in_kilotonne_co2_equivalent
Belarus,2010,91183.549358156,greenhouse_gas_ghgs_emissions_including_indirect_co2_without_lulucf_in_kilotonne_co2_equivalent
Japan,1996,33269.5652471293,nitrous_oxide_n2o_emissions_without_land_use_land_use_change_and_forestry_lulucf_in_kilotonne_co2_equivalent
Lithuania,2005,1.6985316,sulphur_hexafluoride_sf6_emissions_in_kilotonne_co2_equivalent
Greece,2008,3710.3482172854,hydrofluorocarbons_hfcs_emissions_in_kilotonne_co2_equivalent
Belarus,2006,62229.398882869,carbon_dioxide_co2_emissions_without_land_use_land_use_change_and_forestry_lulucf_in_kilotonne_co2_equivalent
Russian Federation,2013,856648.068476539,methane_ch4_emissions_without_land_use_land_use_change_and_forestry_lulucf_in_kilotonne_co2_equivalent
Italy,2003,578126.368278315,greenhouse_gas_ghgs_emissions_including_indirect_co2_without_lulucf_in_kilotonne_co2_equivalent
Lithuania,2009,19935.9190758773,greenhouse_gas_ghgs_emissions_without_land_use_land_use_change_and_forestry_lulucf_in_kilotonne_co2_equivalent
Monaco,1998,106.485663454616,greenhouse_gas_ghgs_emissions_without_land_use_land_use_change_and_forestry_lulucf_in_kilotonne_co2_equivalent
Ireland,2011,58194.6676181813,greenhouse_gas_ghgs_emissions_including_indirect_co2_without_lulucf_in_kilotonne_co2_equivalent
European Union,2008,89587.3361470989,hydrofluorocarbons_hfcs_emissions_in_kilotonne_co2_equivalent
Netherlands,2000,258.789069149388,sulphur_hexafluoride_sf6_emissions_in_kilotonne_co2_equivalent
Belgium,1993,121156.964954729,carbon_dioxide_co2_emissions_without_land_use_land_use_change_and_forestry_lulucf_in_kilotonne_co2_equivalent
France,2006,29.756,nitrogen_trifluoride_nf3_emissions_in_kilotonne_co2_equivalent
Switzerland,2003,44587.9802671018,carbon_dioxide_co2_emissions_without_land_use_land_use_change_and_forestry_lulucf_in_kilotonne_co2_equivalent
France,2013,369985.594525824,carbon_dioxide_co2_emissions_without_land_use_land_use_change_and_forestry_lulucf_in_kilotonne_co2_equivalent
Romania,2007,148708.180463993,greenhouse_gas_ghgs_emissions_without_land_use_land_use_change_and_forestry_lulucf_in_kilotonne_co2_equivalent
Slovenia,2011,16348.2391107374,carbon_dioxide_co2_emissions_without_land_use_land_use_change_and_forestry_lulucf_in_kilotonne_co2_equivalent
Russian Federation,2010,827300.14885215,methane_ch4_emissions_without_land_use_land_use_change_and_forestry_lulucf_in_kilotonne_co2_equivalent
Australia,1997,17201.8907825515,nitrous_oxide_n2o_emissions_without_land_use_land_use_change_and_forestry_lulucf_in_kilotonne_co2_equivalent
Croatia,2008,23715.3843178607,carbon_dioxide_co2_emissions_without_land_use_land_use_change_and_forestry_lulucf_in_kilotonne_co2_equivalent
Malta,1995,2500.68600060887,greenhouse_gas_ghgs_emissions_including_indirect_co2_without_lulucf_in_kilotonne_co2_equivalent
Germany,2013,945150.947996296,greenhouse_gas_ghgs_emissions_without_land_use_land_use_change_and_forestry_lulucf_in_kilotonne_co2_equivalent
Slovakia,1999,51700.4255895351,greenhouse_gas_ghgs_emissions_without_land_use_land_use_change_and_forestry_lulucf_in_kilotonne_co2_equivalent
Luxembourg,2003,37.9345721026588,hydrofluorocarbons_hfcs_emissions_in_kilotonne_co2_equivalent
Ireland,2005,28.38,nitrogen_trifluoride_nf3_emissions_in_kilotonne_co2_equivalent
Luxembourg,2003,10443.3832173203,carbon_dioxide_co2_emissions_without_land_use_land_use_change_and_forestry_lulucf_in_kilotonne_co2_equivalent
Malta,1999,118.218004406639,methane_ch4_emissions_without_land_use_land_use_change_and_forestry_lulucf_in_kilotonne_co2_equivalent
Ukraine,1991,853207.752275926,greenhouse_gas_ghgs_emissions_without_land_use_land_use_change_and_forestry_lulucf_in_kilotonne_co2_equivalent
Denmark,2002,28.013003919633,perfluorocarbons_pfcs_emissions_in_kilotonne_co2_equivalent
Canada,2000,745991.030964409,greenhouse_gas_ghgs_emissions_including_indirect_co2_without_lulucf_in_kilotonne_co2_equivalent
Norway,2009,2650.25392278059,nitrous_oxide_n2o_emissions_without_land_use_land_use_change_and_forestry_lulucf_in_kilotonne_co2_equivalent
Iceland,1992,2172.61936326312,carbon_dioxide_co2_emissions_without_land_use_land_use_change_and_forestry_lulucf_in_kilotonne_co2_equivalent
Poland,1994,443218.560379242,greenhouse_gas_ghgs_emissions_including_indirect_co2_without_lulucf_in_kilotonne_co2_equivalent
Netherlands,2010,153.781007999964,sulphur_hexafluoride_sf6_emissions_in_kilotonne_co2_equivalent
Luxembourg,1990,12853.4512617504,greenhouse_gas_ghgs_emissions_without_land_use_land_use_change_and_forestry_lulucf_in_kilotonne_co2_equivalent
Lithuania,1997,15086.2857611334,carbon_dioxide_co2_emissions_without_land_use_land_use_change_and_forestry_lulucf_in_kilotonne_co2_equivalent
Australia,2013,10034.1276237187,hydrofluorocarbons_hfcs_emissions_in_kilotonne_co2_equivalent
United Kingdom,2010,685.508192657556,sulphur_hexafluoride_sf6_emissions_in_kilotonne_co2_equivalent
Iceland,2012,93.9998354889332,perfluorocarbons_pfcs_emissions_in_kilotonne_co2_equivalent
Iceland,2014,2.215704,sulphur_hexafluoride_sf6_emissions_in_kilotonne_co2_equivalent
Iceland,2009,4855.77230906749,greenhouse_gas_ghgs_emissions_without_land_use_land_use_change_and_forestry_lulucf_in_kilotonne_co2_equivalent
United States of America,2011,9990.14537554644,sulphur_hexafluoride_sf6_emissions_in_kilotonne_co2_equivalent
Poland,1998,22618.2561376705,nitrous_oxide_n2o_emissions_without_land_use_land_use_change_and_forestry_lulucf_in_kilotonne_co2_equivalent
Russian Federation,1991,2433187.64541119,carbon_dioxide_co2_emissions_without_land_use_land_use_change_and_forestry_lulucf_in_kilotonne_co2_equivalent
Italy,2011,27.782333333256,nitrogen_trifluoride_nf3_emissions_in_kilotonne_co2_equivalent
Belarus,1999,0.088692,sulphur_hexafluoride_sf6_emissions_in_kilotonne_co2_equivalent
Luxembourg,1990,11944.0073852812,carbon_dioxide_co2_emissions_without_land_use_land_use_change_and_forestry_lulucf_in_kilotonne_co2_equivalent
Germany,2014,901763.938802623,greenhouse_gas_ghgs_emissions_without_land_use_land_use_change_and_forestry_lulucf_in_kilotonne_co2_equivalent
Japan,1992,48083.2641854464,methane_ch4_emissions_without_land_use_land_use_change_and_forestry_lulucf_in_kilotonne_co2_equivalent
Hungary,1996,78015.9644529897,greenhouse_gas_ghgs_emissions_without_land_use_land_use_change_and_forestry_lulucf_in_kilotonne_co2_equivalent
Denmark,1998,6789.72994670559,nitrous_oxide_n2o_emissions_without_land_use_land_use_change_and_forestry_lulucf_in_kilotonne_co2_equivalent
Croatia,2014,22898.8781594815,greenhouse_gas_ghgs_emissions_without_land_use_land_use_change_and_forestry_lulucf_in_kilotonne_co2_equivalent
Slovenia,2007,17.790619918896,sulphur_hexafluoride_sf6_emissions_in_kilotonne_co2_equivalent
Poland,2007,336268.110889212,carbon_dioxide_co2_emissions_without_land_use_land_use_change_and_forestry_lulucf_in_kilotonne_co2_equivalent
Iceland,1991,516.622937656656,methane_ch4_emissions_without_land_use_land_use_change_and_forestry_lulucf_in_kilotonne_co2_equivalent
Norway,1997,6202.65308716493,methane_ch4_emissions_without_land_use_land_use_change_and_forestry_lulucf_in_kilotonne_co2_equivalent
Slovenia,2007,20831.8365544054,greenhouse_gas_ghgs_emissions_including_indirect_co2_without_lulucf_in_kilotonne_co2_equivalent
European Union,2002,1872.461234,unspecified_mix_of_hydrofluorocarbons_hfcs_and_perfluorocarbons_pfcs_emissions_in_kilotonne_co2_equivalent
Germany,1995,6467.149524288,sulphur_hexafluoride_sf6_emissions_in_kilotonne_co2_equivalent
Australia,1993,264.759156257172,sulphur_hexafluoride_sf6_emissions_in_kilotonne_co2_equivalent
Norway,1997,3820.34678663926,nitrous_oxide_n2o_emissions_without_land_use_land_use_change_and_forestry_lulucf_in_kilotonne_co2_equivalent
Austria,2001,8284.30053880387,methane_ch4_emissions_without_land_use_land_use_change_and_forestry_lulucf_in_kilotonne_co2_equivalent
Portugal,2000,1.13172870163868,perfluorocarbons_pfcs_emissions_in_kilotonne_co2_equivalent
Australia,2013,19756.4526473437,nitrous_oxide_n2o_emissions_without_land_use_land_use_change_and_forestry_lulucf_in_kilotonne_co2_equivalent
Slovenia,2010,19618.7649294739,greenhouse_gas_ghgs_emissions_including_indirect_co2_without_lulucf_in_kilotonne_co2_equivalent
Spain,2003,18787.9206518089,nitrous_oxide_n2o_emissions_without_land_use_land_use_change_and_forestry_lulucf_in_kilotonne_co2_equivalent
Norway,1990,4200.88799506625,nitrous_oxide_n2o_emissions_without_land_use_land_use_change_and_forestry_lulucf_in_kilotonne_co2_equivalent
Liechtenstein,1993,0.20081994161834,hydrofluorocarbons_hfcs_emissions_in_kilotonne_co2_equivalent
Cyprus,1997,7473.09509160237,greenhouse_gas_ghgs_emissions_without_land_use_land_use_change_and_forestry_lulucf_in_kilotonne_co2_equivalent
Poland,1999,329380.898350257,carbon_dioxide_co2_emissions_without_land_use_land_use_change_and_forestry_lulucf_in_kilotonne_co2_equivalent
Germany,2013,258.2424803299,perfluorocarbons_pfcs_emissions_in_kilotonne_co2_equivalent
Netherlands,2009,19915.9141671014,methane_ch4_emissions_without_land_use_land_use_change_and_forestry_lulucf_in_kilotonne_co2_equivalent
Luxembourg,1991,301.408489735,nitrous_oxide_n2o_emissions_without_land_use_land_use_change_and_forestry_lulucf_in_kilotonne_co2_equivalent
Netherlands,2003,197.478626209896,sulphur_hexafluoride_sf6_emissions_in_kilotonne_co2_equivalent
Finland,1991,69069.9524625108,greenhouse_gas_ghgs_emissions_including_indirect_co2_without_lulucf_in_kilotonne_co2_equivalent
Russian Federation,2004,777315.958937797,methane_ch4_emissions_without_land_use_land_use_change_and_forestry_lulucf_in_kilotonne_co2_equivalent
France,2006,417662.678913825,carbon_dioxide_co2_emissions_without_land_use_land_use_change_and_forestry_lulucf_in_kilotonne_co2_equivalent
Czech Republic,2004,149733.015180822,greenhouse_gas_ghgs_emissions_including_indirect_co2_without_lulucf_in_kilotonne_co2_equivalent
Croatia,1995,11.1206772,sulphur_hexafluoride_sf6_emissions_in_kilotonne_co2_equivalent
Malta,1998,2524.14374984072,greenhouse_gas_ghgs_emissions_without_land_use_land_use_change_and_forestry_lulucf_in_kilotonne_co2_equivalent
Slovakia,1997,11.4728688,sulphur_hexafluoride_sf6_emissions_in_kilotonne_co2_equivalent
United Kingdom,2014,434794.556933168,carbon_dioxide_co2_emissions_without_land_use_land_use_change_and_forestry_lulucf_in_kilotonne_co2_equivalent
Czech Republic,2002,400.578900547418,hydrofluorocarbons_hfcs_emissions_in_kilotonne_co2_equivalent
Poland,2011,333713.650695256,carbon_dioxide_co2_emissions_without_land_use_land_use_change_and_forestry_lulucf_in_kilotonne_co2_equivalent
Luxembourg,2004,4.28241706116,sulphur_hexafluoride_sf6_emissions_in_kilotonne_co2_equivalent
Cyprus,1990,309.9047424,nitrous_oxide_n2o_emissions_without_land_use_land_use_change_and_forestry_lulucf_in_kilotonne_co2_equivalent
Germany,2013,835792.632256705,carbon_dioxide_co2_emissions_without_land_use_land_use_change_and_forestry_lulucf_in_kilotonne_co2_equivalent
Ireland,2002,69371.2338166882,greenhouse_gas_ghgs_emissions_including_indirect_co2_without_lulucf_in_kilotonne_co2_equivalent
Cyprus,1994,773.1755828925,methane_ch4_emissions_without_land_use_land_use_change_and_forestry_lulucf_in_kilotonne_co2_equivalent
Luxembourg,2014,578.848945492463,methane_ch4_emissions_without_land_use_land_use_change_and_forestry_lulucf_in_kilotonne_co2_equivalent
New Zealand,2014,9065.96488457113,nitrous_oxide_n2o_emissions_without_land_use_land_use_change_and_forestry_lulucf_in_kilotonne_co2_equivalent
Lithuania,2003,21203.0139068568,greenhouse_gas_ghgs_emissions_without_land_use_land_use_change_and_forestry_lulucf_in_kilotonne_co2_equivalent
New Zealand,1996,34018.1175394738,methane_ch4_emissions_without_land_use_land_use_change_and_forestry_lulucf_in_kilotonne_co2_equivalent
Monaco,2000,109.692366710798,greenhouse_gas_ghgs_emissions_including_indirect_co2_without_lulucf_in_kilotonne_co2_equivalent
Sweden,1997,72772.2987213703,greenhouse_gas_ghgs_emissions_including_indirect_co2_without_lulucf_in_kilotonne_co2_equivalent
Italy,2013,11501.961494293,hydrofluorocarbons_hfcs_emissions_in_kilotonne_co2_equivalent
Liechtenstein,2003,229.265875097937,carbon_dioxide_co2_emissions_without_land_use_land_use_change_and_forestry_lulucf_in_kilotonne_co2_equivalent
Bulgaria,2013,55597.025746429,greenhouse_gas_ghgs_emissions_without_land_use_land_use_change_and_forestry_lulucf_in_kilotonne_co2_equivalent
Japan,1991,46856.5103039108,methane_ch4_emissions_without_land_use_land_use_change_and_forestry_lulucf_in_kilotonne_co2_equivalent
Germany,2008,61206.5919907347,methane_ch4_emissions_without_land_use_land_use_change_and_forestry_lulucf_in_kilotonne_co2_equivalent
Italy,2005,5998.31858684497,hydrofluorocarbons_hfcs_emissions_in_kilotonne_co2_equivalent
United Kingdom,1996,774225.784319313,greenhouse_gas_ghgs_emissions_without_land_use_land_use_change_and_forestry_lulucf_in_kilotonne_co2_equivalent
European Union,2003,8110.39113012754,sulphur_hexafluoride_sf6_emissions_in_kilotonne_co2_equivalent
New Zealand,2004,680.694666532,hydrofluorocarbons_hfcs_emissions_in_kilotonne_co2_equivalent
Russian Federation,2012,3327.86337494838,perfluorocarbons_pfcs_emissions_in_kilotonne_co2_equivalent
Japan,1995,1379924.54422522,greenhouse_gas_ghgs_emissions_without_land_use_land_use_change_and_forestry_lulucf_in_kilotonne_co2_equivalent
United Kingdom,1991,604652.896877579,carbon_dioxide_co2_emissions_without_land_use_land_use_change_and_forestry_lulucf_in_kilotonne_co2_equivalent
Japan,1997,1389906.99374062,greenhouse_gas_ghgs_emissions_without_land_use_land_use_change_and_forestry_lulucf_in_kilotonne_co2_equivalent
Ukraine,2009,384651.787849048,greenhouse_gas_ghgs_emissions_without_land_use_land_use_change_and_forestry_lulucf_in_kilotonne_co2_equivalent
Hungary,2000,58336.8070649933,carbon_dioxide_co2_emissions_without_land_use_land_use_change_and_forestry_lulucf_in_kilotonne_co2_equivalent
Netherlands,2014,186845.429071259,greenhouse_gas_ghgs_emissions_without_land_use_land_use_change_and_forestry_lulucf_in_kilotonne_co2_equivalent
Belgium,1990,1575.10364601222,sulphur_hexafluoride_sf6_emissions_in_kilotonne_co2_equivalent
United States of America,2013,8993.8072448,unspecified_mix_of_hydrofluorocarbons_hfcs_and_perfluorocarbons_pfcs_emissions_in_kilotonne_co2_equivalent
Luxembourg,2005,274.122055884668,nitrous_oxide_n2o_emissions_without_land_use_land_use_change_and_forestry_lulucf_in_kilotonne_co2_equivalent
Belarus,1995,13611.075969575,methane_ch4_emissions_without_land_use_land_use_change_and_forestry_lulucf_in_kilotonne_co2_equivalent
Liechtenstein,2002,254.084383108083,greenhouse_gas_ghgs_emissions_without_land_use_land_use_change_and_forestry_lulucf_in_kilotonne_co2_equivalent
European Union,2012,93.1290384431,nitrogen_trifluoride_nf3_emissions_in_kilotonne_co2_equivalent
Canada,2009,6698.9587209381,hydrofluorocarbons_hfcs_emissions_in_kilotonne_co2_equivalent
Finland,2000,69855.0106453243,greenhouse_gas_ghgs_emissions_without_land_use_land_use_change_and_forestry_lulucf_in_kilotonne_co2_equivalent
France,1996,2810.7015068861,perfluorocarbons_pfcs_emissions_in_kilotonne_co2_equivalent
Luxembourg,1999,612.35769256732,methane_ch4_emissions_without_land_use_land_use_change_and_forestry_lulucf_in_kilotonne_co2_equivalent
Latvia,2005,11395.9295574378,greenhouse_gas_ghgs_emissions_including_indirect_co2_without_lulucf_in_kilotonne_co2_equivalent
Germany,2001,1058070.10262725,greenhouse_gas_ghgs_emissions_including_indirect_co2_without_lulucf_in_kilotonne_co2_equivalent
Liechtenstein,2005,265.828510797799,greenhouse_gas_ghgs_emissions_without_land_use_land_use_change_and_forestry_lulucf_in_kilotonne_co2_equivalent
Australia,2004,4266.92125360524,hydrofluorocarbons_hfcs_emissions_in_kilotonne_co2_equivalent
Liechtenstein,2014,12.1466596062458,hydrofluorocarbons_hfcs_emissions_in_kilotonne_co2_equivalent
Monaco,2001,0.0895362,perfluorocarbons_pfcs_emissions_in_kilotonne_co2_equivalent
Ireland,2006,69795.1672441566,greenhouse_gas_ghgs_emissions_including_indirect_co2_without_lulucf_in_kilotonne_co2_equivalent
Romania,1997,39362.6307016748,methane_ch4_emissions_without_land_use_land_use_change_and_forestry_lulucf_in_kilotonne_co2_equivalent
Lithuania,2001,3818.39781470549,methane_ch4_emissions_without_land_use_land_use_change_and_forestry_lulucf_in_kilotonne_co2_equivalent
Norway,1998,54499.0166279507,greenhouse_gas_ghgs_emissions_including_indirect_co2_without_lulucf_in_kilotonne_co2_equivalent
Russian Federation,1996,1581293.21958917,carbon_dioxide_co2_emissions_without_land_use_land_use_change_and_forestry_lulucf_in_kilotonne_co2_equivalent
Belarus,1992,116588.686464578,greenhouse_gas_ghgs_emissions_including_indirect_co2_without_lulucf_in_kilotonne_co2_equivalent
Italy,2004,28.860333333348,nitrogen_trifluoride_nf3_emissions_in_kilotonne_co2_equivalent
Italy,1998,666.981087541308,sulphur_hexafluoride_sf6_emissions_in_kilotonne_co2_equivalent
Belgium,1995,11947.6381787851,methane_ch4_emissions_without_land_use_land_use_change_and_forestry_lulucf_in_kilotonne_co2_equivalent
Cyprus,1993,0.0385006272,sulphur_hexafluoride_sf6_emissions_in_kilotonne_co2_equivalent
Czech Republic,2010,139148.951861755,greenhouse_gas_ghgs_emissions_including_indirect_co2_without_lulucf_in_kilotonne_co2_equivalent
Ireland,2001,47482.7207784323,carbon_dioxide_co2_emissions_without_land_use_land_use_change_and_forestry_lulucf_in_kilotonne_co2_equivalent
Sweden,1992,11.8227795253305,hydrofluorocarbons_hfcs_emissions_in_kilotonne_co2_equivalent
Austria,2006,32.7316,nitrogen_trifluoride_nf3_emissions_in_kilotonne_co2_equivalent
Monaco,1992,105.935293062565,greenhouse_gas_ghgs_emissions_including_indirect_co2_without_lulucf_in_kilotonne_co2_equivalent
Australia,1999,107889.224971323,methane_ch4_emissions_without_land_use_land_use_change_and_forestry_lulucf_in_kilotonne_co2_equivalent
Spain,1994,1038.45334742342,perfluorocarbons_pfcs_emissions_in_kilotonne_co2_equivalent
Monaco,2011,0.112387128,sulphur_hexafluoride_sf6_emissions_in_kilotonne_co2_equivalent
Greece,2011,94102.9439816174,carbon_dioxide_co2_emissions_without_land_use_land_use_change_and_forestry_lulucf_in_kilotonne_co2_equivalent
European Union,1996,50862.6833235873,hydrofluorocarbons_hfcs_emissions_in_kilotonne_co2_equivalent
Hungary,1995,5000.68328482233,nitrous_oxide_n2o_emissions_without_land_use_land_use_change_and_forestry_lulucf_in_kilotonne_co2_equivalent
European Union,2003,5261522.70683387,greenhouse_gas_ghgs_emissions_including_indirect_co2_without_lulucf_in_kilotonne_co2_equivalent
Croatia,1990,31204.6312635073,greenhouse_gas_ghgs_emissions_including_indirect_co2_without_lulucf_in_kilotonne_co2_equivalent
Denmark,1999,587.206412021858,hydrofluorocarbons_hfcs_emissions_in_kilotonne_co2_equivalent
United Kingdom,2012,15794.7608253384,hydrofluorocarbons_hfcs_emissions_in_kilotonne_co2_equivalent
Bulgaria,2004,63230.7295111967,greenhouse_gas_ghgs_emissions_without_land_use_land_use_change_and_forestry_lulucf_in_kilotonne_co2_equivalent
Cyprus,2003,52.54081794487,hydrofluorocarbons_hfcs_emissions_in_kilotonne_co2_equivalent
Luxembourg,1997,614.090221562596,methane_ch4_emissions_without_land_use_land_use_change_and_forestry_lulucf_in_kilotonne_co2_equivalent
United States of America,1999,4597.0975428,unspecified_mix_of_hydrofluorocarbons_hfcs_and_perfluorocarbons_pfcs_emissions_in_kilotonne_co2_equivalent
New Zealand,1992,67999.4999995816,greenhouse_gas_ghgs_emissions_including_indirect_co2_without_lulucf_in_kilotonne_co2_equivalent
Portugal,2000,4409.52691041788,nitrous_oxide_n2o_emissions_without_land_use_land_use_change_and_forestry_lulucf_in_kilotonne_co2_equivalent
Hungary,2013,1280.34083026629,hydrofluorocarbons_hfcs_emissions_in_kilotonne_co2_equivalent
United States of America,2005,397551.720143459,nitrous_oxide_n2o_emissions_without_land_use_land_use_change_and_forestry_lulucf_in_kilotonne_co2_equivalent
Slovakia,2014,4363.29112322851,methane_ch4_emissions_without_land_use_land_use_change_and_forestry_lulucf_in_kilotonne_co2_equivalent
Japan,2011,37281.6961298776,methane_ch4_emissions_without_land_use_land_use_change_and_forestry_lulucf_in_kilotonne_co2_equivalent
Russian Federation,1996,637618.056003041,methane_ch4_emissions_without_land_use_land_use_change_and_forestry_lulucf_in_kilotonne_co2_equivalent
Germany,2006,27.83992,nitrogen_trifluoride_nf3_emissions_in_kilotonne_co2_equivalent
Poland,1992,447713.503956584,greenhouse_gas_ghgs_emissions_without_land_use_land_use_change_and_forestry_lulucf_in_kilotonne_co2_equivalent
Slovenia,2014,758.844818434183,nitrous_oxide_n2o_emissions_without_land_use_land_use_change_and_forestry_lulucf_in_kilotonne_co2_equivalent
Switzerland,2009,62.9883338035823,perfluorocarbons_pfcs_emissions_in_kilotonne_co2_equivalent
Croatia,2007,3114.80205676473,methane_ch4_emissions_without_land_use_land_use_change_and_forestry_lulucf_in_kilotonne_co2_equivalent
Sweden,2005,880.317198986918,hydrofluorocarbons_hfcs_emissions_in_kilotonne_co2_equivalent
Australia,2010,99447.7301587771,methane_ch4_emissions_without_land_use_land_use_change_and_forestry_lulucf_in_kilotonne_co2_equivalent
Sweden,1996,349.408722249713,perfluorocarbons_pfcs_emissions_in_kilotonne_co2_equivalent
Norway,1992,19.9496100199995,hydrofluorocarbons_hfcs_emissions_in_kilotonne_co2_equivalent
Denmark,2004,8392.88343058255,methane_ch4_emissions_without_land_use_land_use_change_and_forestry_lulucf_in_kilotonne_co2_equivalent
Sweden,1999,121.21357771956,sulphur_hexafluoride_sf6_emissions_in_kilotonne_co2_equivalent
Hungary,1998,5485.9305674163,nitrous_oxide_n2o_emissions_without_land_use_land_use_change_and_forestry_lulucf_in_kilotonne_co2_equivalent
Germany,2007,971998.326214991,greenhouse_gas_ghgs_emissions_including_indirect_co2_without_lulucf_in_kilotonne_co2_equivalent
Japan,2002,1390331.14112579,greenhouse_gas_ghgs_emissions_including_indirect_co2_without_lulucf_in_kilotonne_co2_equivalent
Greece,1995,62.8524918,perfluorocarbons_pfcs_emissions_in_kilotonne_co2_equivalent
Canada,2013,737423.135272495,greenhouse_gas_ghgs_emissions_including_indirect_co2_without_lulucf_in_kilotonne_co2_equivalent
Germany,1998,5888.914866984,sulphur_hexafluoride_sf6_emissions_in_kilotonne_co2_equivalent
Ukraine,1997,496219.978436793,greenhouse_gas_ghgs_emissions_without_land_use_land_use_change_and_forestry_lulucf_in_kilotonne_co2_equivalent
Ukraine,2004,3.078,sulphur_hexafluoride_sf6_emissions_in_kilotonne_co2_equivalent
Finland,1999,30.756944424084,sulphur_hexafluoride_sf6_emissions_in_kilotonne_co2_equivalent
Croatia,2008,3153.40276223641,methane_ch4_emissions_without_land_use_land_use_change_and_forestry_lulucf_in_kilotonne_co2_equivalent
Australia,2005,105887.562988773,methane_ch4_emissions_without_land_use_land_use_change_and_forestry_lulucf_in_kilotonne_co2_equivalent
Slovakia,2007,4894.01010856053,methane_ch4_emissions_without_land_use_land_use_change_and_forestry_lulucf_in_kilotonne_co2_equivalent
United States of America,2003,102658.087501434,hydrofluorocarbons_hfcs_emissions_in_kilotonne_co2_equivalent
Latvia,1992,14244.6533850411,carbon_dioxide_co2_emissions_without_land_use_land_use_change_and_forestry_lulucf_in_kilotonne_co2_equivalent
Czech Republic,2007,7067.65619801291,nitrous_oxide_n2o_emissions_without_land_use_land_use_change_and_forestry_lulucf_in_kilotonne_co2_equivalent
Italy,1993,513611.618341214,greenhouse_gas_ghgs_emissions_including_indirect_co2_without_lulucf_in_kilotonne_co2_equivalent
Poland,2012,42588.0293419857,methane_ch4_emissions_without_land_use_land_use_change_and_forestry_lulucf_in_kilotonne_co2_equivalent
United States of America,1992,19481.0870438844,perfluorocarbons_pfcs_emissions_in_kilotonne_co2_equivalent
Monaco,2008,4.3398240028206,nitrous_oxide_n2o_emissions_without_land_use_land_use_change_and_forestry_lulucf_in_kilotonne_co2_equivalent
Croatia,1992,16607.1344792414,carbon_dioxide_co2_emissions_without_land_use_land_use_change_and_forestry_lulucf_in_kilotonne_co2_equivalent
France,2013,657.612215269055,perfluorocarbons_pfcs_emissions_in_kilotonne_co2_equivalent
Belarus,1999,79497.84205671,greenhouse_gas_ghgs_emissions_without_land_use_land_use_change_and_forestry_lulucf_in_kilotonne_co2_equivalent
Lithuania,1995,15022.5441346944,carbon_dioxide_co2_emissions_without_land_use_land_use_change_and_forestry_lulucf_in_kilotonne_co2_equivalent
Germany,2012,37497.4936607524,nitrous_oxide_n2o_emissions_without_land_use_land_use_change_and_forestry_lulucf_in_kilotonne_co2_equivalent
Lithuania,1998,23901.3798849324,greenhouse_gas_ghgs_emissions_including_indirect_co2_without_lulucf_in_kilotonne_co2_equivalent
Switzerland,1992,2814.4517963358,nitrous_oxide_n2o_emissions_without_land_use_land_use_change_and_forestry_lulucf_in_kilotonne_co2_equivalent
Switzerland,1991,6023.58758108533,methane_ch4_emissions_without_land_use_land_use_change_and_forestry_lulucf_in_kilotonne_co2_equivalent
Australia,2014,20084.5428336262,nitrous_oxide_n2o_emissions_without_land_use_land_use_change_and_forestry_lulucf_in_kilotonne_co2_equivalent
Portugal,1996,14.39895921606,sulphur_hexafluoride_sf6_emissions_in_kilotonne_co2_equivalent
Cyprus,1997,6.08703553517,hydrofluorocarbons_hfcs_emissions_in_kilotonne_co2_equivalent
Greece,1994,70.308966,perfluorocarbons_pfcs_emissions_in_kilotonne_co2_equivalent
United States of America,1996,3236.9827728,unspecified_mix_of_hydrofluorocarbons_hfcs_and_perfluorocarbons_pfcs_emissions_in_kilotonne_co2_equivalent
Romania,2003,228.748298822658,hydrofluorocarbons_hfcs_emissions_in_kilotonne_co2_equivalent
Luxembourg,2014,8.440939563228,sulphur_hexafluoride_sf6_emissions_in_kilotonne_co2_equivalent
Ukraine,1997,31276.3396938599,nitrous_oxide_n2o_emissions_without_land_use_land_use_change_and_forestry_lulucf_in_kilotonne_co2_equivalent
Netherlands,1993,2432.35110828056,perfluorocarbons_pfcs_emissions_in_kilotonne_co2_equivalent
Sweden,1995,74029.3603217318,greenhouse_gas_ghgs_emissions_without_land_use_land_use_change_and_forestry_lulucf_in_kilotonne_co2_equivalent
Czech Republic,2011,2219.11092869221,hydrofluorocarbons_hfcs_emissions_in_kilotonne_co2_equivalent
United States of America,1994,6650296.59510407,greenhouse_gas_ghgs_emissions_without_land_use_land_use_change_and_forestry_lulucf_in_kilotonne_co2_equivalent
Bulgaria,2014,3807.66613870328,nitrous_oxide_n2o_emissions_without_land_use_land_use_change_and_forestry_lulucf_in_kilotonne_co2_equivalent
Switzerland,1991,98.5055355287111,perfluorocarbons_pfcs_emissions_in_kilotonne_co2_equivalent
Spain,2012,57.9111850911082,perfluorocarbons_pfcs_emissions_in_kilotonne_co2_equivalent
Ireland,1998,66003.2455858899,greenhouse_gas_ghgs_emissions_including_indirect_co2_without_lulucf_in_kilotonne_co2_equivalent
Czech Republic,1998,123696.517294897,carbon_dioxide_co2_emissions_without_land_use_land_use_change_and_forestry_lulucf_in_kilotonne_co2_equivalent
United Kingdom,2000,561280.866183966,carbon_dioxide_co2_emissions_without_land_use_land_use_change_and_forestry_lulucf_in_kilotonne_co2_equivalent
Finland,1991,55187.1794528947,carbon_dioxide_co2_emissions_without_land_use_land_use_change_and_forestry_lulucf_in_kilotonne_co2_equivalent
Romania,1995,43002.2946675177,methane_ch4_emissions_without_land_use_land_use_change_and_forestry_lulucf_in_kilotonne_co2_equivalent
United States of America,1990,293.2056632,unspecified_mix_of_hydrofluorocarbons_hfcs_and_perfluorocarbons_pfcs_emissions_in_kilotonne_co2_equivalent
Iceland,1997,3610.85799066624,greenhouse_gas_ghgs_emissions_without_land_use_land_use_change_and_forestry_lulucf_in_kilotonne_co2_equivalent
Hungary,1996,9165.18686943856,methane_ch4_emissions_without_land_use_land_use_change_and_forestry_lulucf_in_kilotonne_co2_equivalent
United States of America,2007,129425.751384679,hydrofluorocarbons_hfcs_emissions_in_kilotonne_co2_equivalent
Lithuania,1993,4970.26928000649,methane_ch4_emissions_without_land_use_land_use_change_and_forestry_lulucf_in_kilotonne_co2_equivalent
Slovenia,1995,15277.7447752259,carbon_dioxide_co2_emissions_without_land_use_land_use_change_and_forestry_lulucf_in_kilotonne_co2_equivalent
Portugal,2001,1.51058739038107,perfluorocarbons_pfcs_emissions_in_kilotonne_co2_equivalent
Turkey,2006,46145.6795228267,methane_ch4_emissions_without_land_use_land_use_change_and_forestry_lulucf_in_kilotonne_co2_equivalent
Belarus,2000,11350.074288376,nitrous_oxide_n2o_emissions_without_land_use_land_use_change_and_forestry_lulucf_in_kilotonne_co2_equivalent
Finland,1990,56950.8481820202,carbon_dioxide_co2_emissions_without_land_use_land_use_change_and_forestry_lulucf_in_kilotonne_co2_equivalent
Croatia,1998,24459.7108462523,greenhouse_gas_ghgs_emissions_including_indirect_co2_without_lulucf_in_kilotonne_co2_equivalent
Bulgaria,1997,5.481339175032,sulphur_hexafluoride_sf6_emissions_in_kilotonne_co2_equivalent
European Union,2002,586079.497621722,methane_ch4_emissions_without_land_use_land_use_change_and_forestry_lulucf_in_kilotonne_co2_equivalent
Czech Republic,2008,1511.87089184687,hydrofluorocarbons_hfcs_emissions_in_kilotonne_co2_equivalent
Germany,1996,2041.1871893157,perfluorocarbons_pfcs_emissions_in_kilotonne_co2_equivalent
Latvia,2006,4.070568816,sulphur_hexafluoride_sf6_emissions_in_kilotonne_co2_equivalent
Australia,2008,18908.2807875882,nitrous_oxide_n2o_emissions_without_land_use_land_use_change_and_forestry_lulucf_in_kilotonne_co2_equivalent
European Union,1994,669301.26346178,methane_ch4_emissions_without_land_use_land_use_change_and_forestry_lulucf_in_kilotonne_co2_equivalent
United States of America,2001,8245.92437665073,perfluorocarbons_pfcs_emissions_in_kilotonne_co2_equivalent
Belarus,2009,89223.65625899,greenhouse_gas_ghgs_emissions_including_indirect_co2_without_lulucf_in_kilotonne_co2_equivalent
Finland,2004,5907.35786486111,methane_ch4_emissions_without_land_use_land_use_change_and_forestry_lulucf_in_kilotonne_co2_equivalent
Czech Republic,1998,95.754831318888,sulphur_hexafluoride_sf6_emissions_in_kilotonne_co2_equivalent
Ukraine,2012,409531.352681124,greenhouse_gas_ghgs_emissions_without_land_use_land_use_change_and_forestry_lulucf_in_kilotonne_co2_equivalent
Ukraine,1993,44318.9838082892,nitrous_oxide_n2o_emissions_without_land_use_land_use_change_and_forestry_lulucf_in_kilotonne_co2_equivalent
Monaco,1999,100.659281930126,carbon_dioxide_co2_emissions_without_land_use_land_use_change_and_forestry_lulucf_in_kilotonne_co2_equivalent
Norway,2009,52699.8529291815,greenhouse_gas_ghgs_emissions_including_indirect_co2_without_lulucf_in_kilotonne_co2_equivalent
United States of America,1998,16978.5996658365,perfluorocarbons_pfcs_emissions_in_kilotonne_co2_equivalent
Czech Republic,2006,125923.402444959,carbon_dioxide_co2_emissions_without_land_use_land_use_change_and_forestry_lulucf_in_kilotonne_co2_equivalent
Belarus,2009,1.4529414,sulphur_hexafluoride_sf6_emissions_in_kilotonne_co2_equivalent
Norway,1991,34070.978364376,carbon_dioxide_co2_emissions_without_land_use_land_use_change_and_forestry_lulucf_in_kilotonne_co2_equivalent
Poland,1997,448855.478154987,greenhouse_gas_ghgs_emissions_including_indirect_co2_without_lulucf_in_kilotonne_co2_equivalent
United Kingdom,2013,21072.6912470736,nitrous_oxide_n2o_emissions_without_land_use_land_use_change_and_forestry_lulucf_in_kilotonne_co2_equivalent
Portugal,1990,45809.0714101803,carbon_dioxide_co2_emissions_without_land_use_land_use_change_and_forestry_lulucf_in_kilotonne_co2_equivalent
Belgium,2001,125649.370538717,carbon_dioxide_co2_emissions_without_land_use_land_use_change_and_forestry_lulucf_in_kilotonne_co2_equivalent
Norway,2004,44320.0048845842,carbon_dioxide_co2_emissions_without_land_use_land_use_change_and_forestry_lulucf_in_kilotonne_co2_equivalent
Cyprus,1993,5733.674102128,carbon_dioxide_co2_emissions_without_land_use_land_use_change_and_forestry_lulucf_in_kilotonne_co2_equivalent
Turkey,2014,23282.7086735293,nitrous_oxide_n2o_emissions_without_land_use_land_use_change_and_forestry_lulucf_in_kilotonne_co2_equivalent
Austria,1998,8831.33145263719,methane_ch4_emissions_without_land_use_land_use_change_and_forestry_lulucf_in_kilotonne_co2_equivalent
Austria,2006,453.462446283864,sulphur_hexafluoride_sf6_emissions_in_kilotonne_co2_equivalent
Canada,2014,747171.872611087,greenhouse_gas_ghgs_emissions_including_indirect_co2_without_lulucf_in_kilotonne_co2_equivalent
Iceland,1995,468.52531666652,nitrous_oxide_n2o_emissions_without_land_use_land_use_change_and_forestry_lulucf_in_kilotonne_co2_equivalent
Estonia,2012,780.572716248272,nitrous_oxide_n2o_emissions_without_land_use_land_use_change_and_forestry_lulucf_in_kilotonne_co2_equivalent
Denmark,2005,20.046080855508,sulphur_hexafluoride_sf6_emissions_in_kilotonne_co2_equivalent
Canada,2003,2651.43503415668,sulphur_hexafluoride_sf6_emissions_in_kilotonne_co2_equivalent
Belgium,2010,133258.405661738,greenhouse_gas_ghgs_emissions_including_indirect_co2_without_lulucf_in_kilotonne_co2_equivalent
Cyprus,1991,5107.082886881,carbon_dioxide_co2_emissions_without_land_use_land_use_change_and_forestry_lulucf_in_kilotonne_co2_equivalent
Slovenia,1993,17605.5382076413,greenhouse_gas_ghgs_emissions_without_land_use_land_use_change_and_forestry_lulucf_in_kilotonne_co2_equivalent
Austria,1992,510.473091,perfluorocarbons_pfcs_emissions_in_kilotonne_co2_equivalent
Sweden,1991,7989.38189793243,methane_ch4_emissions_without_land_use_land_use_change_and_forestry_lulucf_in_kilotonne_co2_equivalent
Australia,1991,418674.057493862,greenhouse_gas_ghgs_emissions_including_indirect_co2_without_lulucf_in_kilotonne_co2_equivalent
Latvia,1991,18021.1952417204,carbon_dioxide_co2_emissions_without_land_use_land_use_change_and_forestry_lulucf_in_kilotonne_co2_equivalent
Poland,1991,64062.6127156915,methane_ch4_emissions_without_land_use_land_use_change_and_forestry_lulucf_in_kilotonne_co2_equivalent
European Union,1991,5236.72332,unspecified_mix_of_hydrofluorocarbons_hfcs_and_perfluorocarbons_pfcs_emissions_in_kilotonne_co2_equivalent
Australia,1992,116837.506725638,methane_ch4_emissions_without_land_use_land_use_change_and_forestry_lulucf_in_kilotonne_co2_equivalent
Estonia,2013,1132.68979885955,methane_ch4_emissions_without_land_use_land_use_change_and_forestry_lulucf_in_kilotonne_co2_equivalent
Estonia,1992,26876.4806469349,greenhouse_gas_ghgs_emissions_including_indirect_co2_without_lulucf_in_kilotonne_co2_equivalent
Belarus,2002,10134.689907728,nitrous_oxide_n2o_emissions_without_land_use_land_use_change_and_forestry_lulucf_in_kilotonne_co2_equivalent
Netherlands,2007,1989.59643517676,hydrofluorocarbons_hfcs_emissions_in_kilotonne_co2_equivalent
Czech Republic,1996,0.4655587478,perfluorocarbons_pfcs_emissions_in_kilotonne_co2_equivalent
Estonia,1998,1280.35522131878,methane_ch4_emissions_without_land_use_land_use_change_and_forestry_lulucf_in_kilotonne_co2_equivalent
Malta,2002,133.252574514187,methane_ch4_emissions_without_land_use_land_use_change_and_forestry_lulucf_in_kilotonne_co2_equivalent
Romania,2008,33537.5507405169,methane_ch4_emissions_without_land_use_land_use_change_and_forestry_lulucf_in_kilotonne_co2_equivalent
Spain,1998,18135.4065118171,nitrous_oxide_n2o_emissions_without_land_use_land_use_change_and_forestry_lulucf_in_kilotonne_co2_equivalent
Denmark,1999,6992.43924979096,nitrous_oxide_n2o_emissions_without_land_use_land_use_change_and_forestry_lulucf_in_kilotonne_co2_equivalent
Austria,2004,484.006603106436,sulphur_hexafluoride_sf6_emissions_in_kilotonne_co2_equivalent
Iceland,2007,331.386346929023,perfluorocarbons_pfcs_emissions_in_kilotonne_co2_equivalent
Croatia,1996,22882.9631499268,greenhouse_gas_ghgs_emissions_without_land_use_land_use_change_and_forestry_lulucf_in_kilotonne_co2_equivalent
New Zealand,2002,8852.69769975615,nitrous_oxide_n2o_emissions_without_land_use_land_use_change_and_forestry_lulucf_in_kilotonne_co2_equivalent
Croatia,1992,2693.14631988244,nitrous_oxide_n2o_emissions_without_land_use_land_use_change_and_forestry_lulucf_in_kilotonne_co2_equivalent
Liechtenstein,2004,0.262884,sulphur_hexafluoride_sf6_emissions_in_kilotonne_co2_equivalent
Turkey,1996,597.281645417058,perfluorocarbons_pfcs_emissions_in_kilotonne_co2_equivalent
Czech Republic,2011,10.7174354333106,perfluorocarbons_pfcs_emissions_in_kilotonne_co2_equivalent
Spain,2010,18197.0857090215,hydrofluorocarbons_hfcs_emissions_in_kilotonne_co2_equivalent
Estonia,2000,17061.8525770349,greenhouse_gas_ghgs_emissions_without_land_use_land_use_change_and_forestry_lulucf_in_kilotonne_co2_equivalent
Sweden,2001,55686.7457499206,carbon_dioxide_co2_emissions_without_land_use_land_use_change_and_forestry_lulucf_in_kilotonne_co2_equivalent
Slovenia,2005,2437.58307667229,methane_ch4_emissions_without_land_use_land_use_change_and_forestry_lulucf_in_kilotonne_co2_equivalent
Slovenia,2008,793.097752782136,nitrous_oxide_n2o_emissions_without_land_use_land_use_change_and_forestry_lulucf_in_kilotonne_co2_equivalent
Portugal,2013,11560.465782546,methane_ch4_emissions_without_land_use_land_use_change_and_forestry_lulucf_in_kilotonne_co2_equivalent
Luxembourg,1992,12253.5715940463,carbon_dioxide_co2_emissions_without_land_use_land_use_change_and_forestry_lulucf_in_kilotonne_co2_equivalent
Austria,2012,8.56388,nitrogen_trifluoride_nf3_emissions_in_kilotonne_co2_equivalent
Cyprus,2012,355.2934651,nitrous_oxide_n2o_emissions_without_land_use_land_use_change_and_forestry_lulucf_in_kilotonne_co2_equivalent
Germany,1996,1138767.65811376,greenhouse_gas_ghgs_emissions_without_land_use_land_use_change_and_forestry_lulucf_in_kilotonne_co2_equivalent
Austria,2001,4177.76162490381,nitrous_oxide_n2o_emissions_without_land_use_land_use_change_and_forestry_lulucf_in_kilotonne_co2_equivalent
United Kingdom,2009,21832.3157507541,nitrous_oxide_n2o_emissions_without_land_use_land_use_change_and_forestry_lulucf_in_kilotonne_co2_equivalent
Lithuania,2010,20755.1347198455,greenhouse_gas_ghgs_emissions_without_land_use_land_use_change_and_forestry_lulucf_in_kilotonne_co2_equivalent
Switzerland,1997,51912.0054489952,greenhouse_gas_ghgs_emissions_including_indirect_co2_without_lulucf_in_kilotonne_co2_equivalent
Finland,1995,7469.55919015096,methane_ch4_emissions_without_land_use_land_use_change_and_forestry_lulucf_in_kilotonne_co2_equivalent
Netherlands,2009,145.58822399994,sulphur_hexafluoride_sf6_emissions_in_kilotonne_co2_equivalent
United States of America,2013,5858.17456444377,perfluorocarbons_pfcs_emissions_in_kilotonne_co2_equivalent
Luxembourg,2009,11642.9319685654,greenhouse_gas_ghgs_emissions_without_land_use_land_use_change_and_forestry_lulucf_in_kilotonne_co2_equivalent
United Kingdom,2007,14562.7698246628,hydrofluorocarbons_hfcs_emissions_in_kilotonne_co2_equivalent
Australia,2011,125.001944761548,sulphur_hexafluoride_sf6_emissions_in_kilotonne_co2_equivalent
Luxembourg,1994,11560.5716944518,carbon_dioxide_co2_emissions_without_land_use_land_use_change_and_forestry_lulucf_in_kilotonne_co2_equivalent
Italy,1994,505566.538694119,greenhouse_gas_ghgs_emissions_including_indirect_co2_without_lulucf_in_kilotonne_co2_equivalent
Portugal,2000,12639.4362223485,methane_ch4_emissions_without_land_use_land_use_change_and_forestry_lulucf_in_kilotonne_co2_equivalent
Russian Federation,2008,792.64078704,sulphur_hexafluoride_sf6_emissions_in_kilotonne_co2_equivalent
Germany,1995,104722.349111503,methane_ch4_emissions_without_land_use_land_use_change_and_forestry_lulucf_in_kilotonne_co2_equivalent
Australia,2000,349885.433108928,carbon_dioxide_co2_emissions_without_land_use_land_use_change_and_forestry_lulucf_in_kilotonne_co2_equivalent
Italy,2011,416499.534208263,carbon_dioxide_co2_emissions_without_land_use_land_use_change_and_forestry_lulucf_in_kilotonne_co2_equivalent
Finland,2011,68033.9654261421,greenhouse_gas_ghgs_emissions_including_indirect_co2_without_lulucf_in_kilotonne_co2_equivalent
Finland,2006,19.2075921,perfluorocarbons_pfcs_emissions_in_kilotonne_co2_equivalent
Spain,2002,36482.1402838537,methane_ch4_emissions_without_land_use_land_use_change_and_forestry_lulucf_in_kilotonne_co2_equivalent
Cyprus,2004,385.4701073,nitrous_oxide_n2o_emissions_without_land_use_land_use_change_and_forestry_lulucf_in_kilotonne_co2_equivalent
Portugal,1996,4382.93829367037,nitrous_oxide_n2o_emissions_without_land_use_land_use_change_and_forestry_lulucf_in_kilotonne_co2_equivalent
Switzerland,1993,32.7910730891619,hydrofluorocarbons_hfcs_emissions_in_kilotonne_co2_equivalent
Czech Republic,2007,27.0289353773216,perfluorocarbons_pfcs_emissions_in_kilotonne_co2_equivalent
United Kingdom,2005,1056.01976153488,sulphur_hexafluoride_sf6_emissions_in_kilotonne_co2_equivalent
United Kingdom,2005,563783.537554562,carbon_dioxide_co2_emissions_without_land_use_land_use_change_and_forestry_lulucf_in_kilotonne_co2_equivalent
United Kingdom,1991,809506.79074742,greenhouse_gas_ghgs_emissions_without_land_use_land_use_change_and_forestry_lulucf_in_kilotonne_co2_equivalent
European Union,2003,4306103.94478558,carbon_dioxide_co2_emissions_without_land_use_land_use_change_and_forestry_lulucf_in_kilotonne_co2_equivalent
Liechtenstein,2014,161.541816662752,carbon_dioxide_co2_emissions_without_land_use_land_use_change_and_forestry_lulucf_in_kilotonne_co2_equivalent
Estonia,2002,1.375176072,sulphur_hexafluoride_sf6_emissions_in_kilotonne_co2_equivalent
Australia,1998,998.289579795631,hydrofluorocarbons_hfcs_emissions_in_kilotonne_co2_equivalent
Switzerland,2000,49.9021989062867,perfluorocarbons_pfcs_emissions_in_kilotonne_co2_equivalent
Greece,2013,5650.21859764964,hydrofluorocarbons_hfcs_emissions_in_kilotonne_co2_equivalent
Malta,2011,167.744424973654,hydrofluorocarbons_hfcs_emissions_in_kilotonne_co2_equivalent
Latvia,1995,1476.64453234033,nitrous_oxide_n2o_emissions_without_land_use_land_use_change_and_forestry_lulucf_in_kilotonne_co2_equivalent
Russian Federation,1990,35937.158805248,hydrofluorocarbons_hfcs_emissions_in_kilotonne_co2_equivalent
Italy,2013,438887.369554579,greenhouse_gas_ghgs_emissions_without_land_use_land_use_change_and_forestry_lulucf_in_kilotonne_co2_equivalent
United Kingdom,2007,84539.0150829793,methane_ch4_emissions_without_land_use_land_use_change_and_forestry_lulucf_in_kilotonne_co2_equivalent
Japan,1994,1358267.67798852,greenhouse_gas_ghgs_emissions_including_indirect_co2_without_lulucf_in_kilotonne_co2_equivalent
Greece,2013,104564.031249294,greenhouse_gas_ghgs_emissions_including_indirect_co2_without_lulucf_in_kilotonne_co2_equivalent
Sweden,1993,71807.1907332996,greenhouse_gas_ghgs_emissions_including_indirect_co2_without_lulucf_in_kilotonne_co2_equivalent
Romania,2011,124264.61705774,greenhouse_gas_ghgs_emissions_without_land_use_land_use_change_and_forestry_lulucf_in_kilotonne_co2_equivalent
Slovakia,1995,132.645162,perfluorocarbons_pfcs_emissions_in_kilotonne_co2_equivalent
Croatia,2004,28875.9847673693,greenhouse_gas_ghgs_emissions_without_land_use_land_use_change_and_forestry_lulucf_in_kilotonne_co2_equivalent
Sweden,2011,5106.57964341753,nitrous_oxide_n2o_emissions_without_land_use_land_use_change_and_forestry_lulucf_in_kilotonne_co2_equivalent
Estonia,1999,17358.5004723794,greenhouse_gas_ghgs_emissions_without_land_use_land_use_change_and_forestry_lulucf_in_kilotonne_co2_equivalent
Netherlands,1997,299.037346964088,sulphur_hexafluoride_sf6_emissions_in_kilotonne_co2_equivalent
Ireland,1999,67064.2167913129,greenhouse_gas_ghgs_emissions_without_land_use_land_use_change_and_forestry_lulucf_in_kilotonne_co2_equivalent
Lithuania,2006,3945.65980476589,methane_ch4_emissions_without_land_use_land_use_change_and_forestry_lulucf_in_kilotonne_co2_equivalent
European Union,1992,18844.4240419628,perfluorocarbons_pfcs_emissions_in_kilotonne_co2_equivalent
Russian Federation,2011,90299.5012365659,nitrous_oxide_n2o_emissions_without_land_use_land_use_change_and_forestry_lulucf_in_kilotonne_co2_equivalent
Australia,2001,491441.695937142,greenhouse_gas_ghgs_emissions_without_land_use_land_use_change_and_forestry_lulucf_in_kilotonne_co2_equivalent
Canada,2009,373.869079293732,sulphur_hexafluoride_sf6_emissions_in_kilotonne_co2_equivalent
Spain,1990,16602.6573419206,nitrous_oxide_n2o_emissions_without_land_use_land_use_change_and_forestry_lulucf_in_kilotonne_co2_equivalent
Austria,2012,311.879243598348,sulphur_hexafluoride_sf6_emissions_in_kilotonne_co2_equivalent
Portugal,1991,62206.5816606587,greenhouse_gas_ghgs_emissions_without_land_use_land_use_change_and_forestry_lulucf_in_kilotonne_co2_equivalent
Luxembourg,1999,1.826257266348,sulphur_hexafluoride_sf6_emissions_in_kilotonne_co2_equivalent
New Zealand,2004,35664.0383589404,methane_ch4_emissions_without_land_use_land_use_change_and_forestry_lulucf_in_kilotonne_co2_equivalent
Liechtenstein,2009,245.758998486856,greenhouse_gas_ghgs_emissions_without_land_use_land_use_change_and_forestry_lulucf_in_kilotonne_co2_equivalent
Belgium,2010,106.614406935151,perfluorocarbons_pfcs_emissions_in_kilotonne_co2_equivalent
Iceland,2009,114.162503634959,hydrofluorocarbons_hfcs_emissions_in_kilotonne_co2_equivalent
Canada,1996,1768.64860412124,sulphur_hexafluoride_sf6_emissions_in_kilotonne_co2_equivalent
Australia,2014,393126.946994288,carbon_dioxide_co2_emissions_without_land_use_land_use_change_and_forestry_lulucf_in_kilotonne_co2_equivalent
New Zealand,2012,35621.0260193518,carbon_dioxide_co2_emissions_without_land_use_land_use_change_and_forestry_lulucf_in_kilotonne_co2_equivalent
Canada,1995,0.281101836,nitrogen_trifluoride_nf3_emissions_in_kilotonne_co2_equivalent
Norway,2000,383.589151587488,hydrofluorocarbons_hfcs_emissions_in_kilotonne_co2_equivalent
European Union,2010,119.446191157172,nitrogen_trifluoride_nf3_emissions_in_kilotonne_co2_equivalent
Germany,2012,10547.6349187641,hydrofluorocarbons_hfcs_emissions_in_kilotonne_co2_equivalent
United Kingdom,1995,39375.0314234218,nitrous_oxide_n2o_emissions_without_land_use_land_use_change_and_forestry_lulucf_in_kilotonne_co2_equivalent
Ireland,1995,8658.24489119118,nitrous_oxide_n2o_emissions_without_land_use_land_use_change_and_forestry_lulucf_in_kilotonne_co2_equivalent
Japan,2009,1251003.58354902,greenhouse_gas_ghgs_emissions_including_indirect_co2_without_lulucf_in_kilotonne_co2_equivalent
Luxembourg,2010,270.342568087369,nitrous_oxide_n2o_emissions_without_land_use_land_use_change_and_forestry_lulucf_in_kilotonne_co2_equivalent
Japan,1998,13224.1012477999,sulphur_hexafluoride_sf6_emissions_in_kilotonne_co2_equivalent
Slovenia,2000,2459.12599911899,methane_ch4_emissions_without_land_use_land_use_change_and_forestry_lulucf_in_kilotonne_co2_equivalent
Austria,2004,1158.34359221291,hydrofluorocarbons_hfcs_emissions_in_kilotonne_co2_equivalent
Italy,2011,46314.0052529268,methane_ch4_emissions_without_land_use_land_use_change_and_forestry_lulucf_in_kilotonne_co2_equivalent
Netherlands,2005,20384.7089056172,methane_ch4_emissions_without_land_use_land_use_change_and_forestry_lulucf_in_kilotonne_co2_equivalent
Russian Federation,2005,1593933.34385535,carbon_dioxide_co2_emissions_without_land_use_land_use_change_and_forestry_lulucf_in_kilotonne_co2_equivalent
Netherlands,2010,213760.311617856,greenhouse_gas_ghgs_emissions_including_indirect_co2_without_lulucf_in_kilotonne_co2_equivalent
Czech Republic,2011,137003.693376435,greenhouse_gas_ghgs_emissions_without_land_use_land_use_change_and_forestry_lulucf_in_kilotonne_co2_equivalent
Ukraine,1992,142.351143112439,perfluorocarbons_pfcs_emissions_in_kilotonne_co2_equivalent
Latvia,1990,19794.2944546485,carbon_dioxide_co2_emissions_without_land_use_land_use_change_and_forestry_lulucf_in_kilotonne_co2_equivalent
Ukraine,1993,498504.838991931,carbon_dioxide_co2_emissions_without_land_use_land_use_change_and_forestry_lulucf_in_kilotonne_co2_equivalent
Denmark,1991,64874.8138594637,carbon_dioxide_co2_emissions_without_land_use_land_use_change_and_forestry_lulucf_in_kilotonne_co2_equivalent
European Union,2013,193.404158999999,unspecified_mix_of_hydrofluorocarbons_hfcs_and_perfluorocarbons_pfcs_emissions_in_kilotonne_co2_equivalent
Monaco,2013,9.53623912835153,hydrofluorocarbons_hfcs_emissions_in_kilotonne_co2_equivalent
European Union,1993,4177106.50927114,carbon_dioxide_co2_emissions_without_land_use_land_use_change_and_forestry_lulucf_in_kilotonne_co2_equivalent
Germany,2010,345.37465459,perfluorocarbons_pfcs_emissions_in_kilotonne_co2_equivalent
Belarus,2007,61563.881729088,carbon_dioxide_co2_emissions_without_land_use_land_use_change_and_forestry_lulucf_in_kilotonne_co2_equivalent
Germany,1997,97821.4079091795,methane_ch4_emissions_without_land_use_land_use_change_and_forestry_lulucf_in_kilotonne_co2_equivalent
Monaco,2002,108.351072665333,greenhouse_gas_ghgs_emissions_without_land_use_land_use_change_and_forestry_lulucf_in_kilotonne_co2_equivalent
Norway,2002,4094.81605934683,nitrous_oxide_n2o_emissions_without_land_use_land_use_change_and_forestry_lulucf_in_kilotonne_co2_equivalent
Luxembourg,2008,12162.5852116032,greenhouse_gas_ghgs_emissions_without_land_use_land_use_change_and_forestry_lulucf_in_kilotonne_co2_equivalent
Monaco,2005,2.2835949472065,methane_ch4_emissions_without_land_use_land_use_change_and_forestry_lulucf_in_kilotonne_co2_equivalent
Denmark,2009,7736.95119835375,methane_ch4_emissions_without_land_use_land_use_change_and_forestry_lulucf_in_kilotonne_co2_equivalent
Ireland,2002,14525.9879348916,methane_ch4_emissions_without_land_use_land_use_change_and_forestry_lulucf_in_kilotonne_co2_equivalent
Bulgaria,2014,45139.955286201,carbon_dioxide_co2_emissions_without_land_use_land_use_change_and_forestry_lulucf_in_kilotonne_co2_equivalent
Slovakia,1996,11.1639288,sulphur_hexafluoride_sf6_emissions_in_kilotonne_co2_equivalent
Spain,2002,180.4119540228,sulphur_hexafluoride_sf6_emissions_in_kilotonne_co2_equivalent
Netherlands,2013,194825.149706862,greenhouse_gas_ghgs_emissions_without_land_use_land_use_change_and_forestry_lulucf_in_kilotonne_co2_equivalent
Ireland,1999,376.407400249996,hydrofluorocarbons_hfcs_emissions_in_kilotonne_co2_equivalent
Switzerland,2014,0.40358682,nitrogen_trifluoride_nf3_emissions_in_kilotonne_co2_equivalent
Bulgaria,2003,49971.1515762142,carbon_dioxide_co2_emissions_without_land_use_land_use_change_and_forestry_lulucf_in_kilotonne_co2_equivalent
Poland,2014,52.78620119412,sulphur_hexafluoride_sf6_emissions_in_kilotonne_co2_equivalent
United Kingdom,1997,23105.010406412,hydrofluorocarbons_hfcs_emissions_in_kilotonne_co2_equivalent
Latvia,2007,8610.25539674785,carbon_dioxide_co2_emissions_without_land_use_land_use_change_and_forestry_lulucf_in_kilotonne_co2_equivalent
New Zealand,1992,32085.961697341,methane_ch4_emissions_without_land_use_land_use_change_and_forestry_lulucf_in_kilotonne_co2_equivalent
Switzerland,1990,53307.7567102787,greenhouse_gas_ghgs_emissions_without_land_use_land_use_change_and_forestry_lulucf_in_kilotonne_co2_equivalent
Ukraine,2010,401929.093345106,greenhouse_gas_ghgs_emissions_without_land_use_land_use_change_and_forestry_lulucf_in_kilotonne_co2_equivalent
Italy,1990,521920.60052839,greenhouse_gas_ghgs_emissions_without_land_use_land_use_change_and_forestry_lulucf_in_kilotonne_co2_equivalent
Lithuania,2014,3464.71200906324,methane_ch4_emissions_without_land_use_land_use_change_and_forestry_lulucf_in_kilotonne_co2_equivalent
Finland,1993,69898.9316762607,greenhouse_gas_ghgs_emissions_including_indirect_co2_without_lulucf_in_kilotonne_co2_equivalent
Germany,2013,56975.0838315538,methane_ch4_emissions_without_land_use_land_use_change_and_forestry_lulucf_in_kilotonne_co2_equivalent
France,1993,394334.83380057,carbon_dioxide_co2_emissions_without_land_use_land_use_change_and_forestry_lulucf_in_kilotonne_co2_equivalent
Finland,1997,149.487601978443,hydrofluorocarbons_hfcs_emissions_in_kilotonne_co2_equivalent
United States of America,2010,6985457.05342726,greenhouse_gas_ghgs_emissions_including_indirect_co2_without_lulucf_in_kilotonne_co2_equivalent
United Kingdom,2013,481.195750632336,sulphur_hexafluoride_sf6_emissions_in_kilotonne_co2_equivalent
Belgium,2005,90.687598278384,sulphur_hexafluoride_sf6_emissions_in_kilotonne_co2_equivalent
Netherlands,2007,173178.420395882,carbon_dioxide_co2_emissions_without_land_use_land_use_change_and_forestry_lulucf_in_kilotonne_co2_equivalent
Iceland,2005,2797.31459197845,carbon_dioxide_co2_emissions_without_land_use_land_use_change_and_forestry_lulucf_in_kilotonne_co2_equivalent
European Union,2002,12287.149548082,perfluorocarbons_pfcs_emissions_in_kilotonne_co2_equivalent
Romania,2003,153271.396474872,greenhouse_gas_ghgs_emissions_without_land_use_land_use_change_and_forestry_lulucf_in_kilotonne_co2_equivalent
Austria,2002,86129.5464386255,greenhouse_gas_ghgs_emissions_including_indirect_co2_without_lulucf_in_kilotonne_co2_equivalent
Iceland,1999,3980.84934134933,greenhouse_gas_ghgs_emissions_including_indirect_co2_without_lulucf_in_kilotonne_co2_equivalent
France,2014,59761.9528472267,methane_ch4_emissions_without_land_use_land_use_change_and_forestry_lulucf_in_kilotonne_co2_equivalent
Romania,1994,10704.2644609703,nitrous_oxide_n2o_emissions_without_land_use_land_use_change_and_forestry_lulucf_in_kilotonne_co2_equivalent
Slovenia,2005,20522.7384015046,greenhouse_gas_ghgs_emissions_including_indirect_co2_without_lulucf_in_kilotonne_co2_equivalent
Ireland,1992,1.65460506186319,hydrofluorocarbons_hfcs_emissions_in_kilotonne_co2_equivalent
Latvia,2000,0.88317624,sulphur_hexafluoride_sf6_emissions_in_kilotonne_co2_equivalent
European Union,2014,112215.153839033,hydrofluorocarbons_hfcs_emissions_in_kilotonne_co2_equivalent
Sweden,2007,294.243855341539,perfluorocarbons_pfcs_emissions_in_kilotonne_co2_equivalent
Monaco,2009,4.42009415440802,nitrous_oxide_n2o_emissions_without_land_use_land_use_change_and_forestry_lulucf_in_kilotonne_co2_equivalent
European Union,2002,5169047.49611873,greenhouse_gas_ghgs_emissions_without_land_use_land_use_change_and_forestry_lulucf_in_kilotonne_co2_equivalent
Japan,1998,32509.1356173477,nitrous_oxide_n2o_emissions_without_land_use_land_use_change_and_forestry_lulucf_in_kilotonne_co2_equivalent
Bulgaria,2009,3646.36487014831,nitrous_oxide_n2o_emissions_without_land_use_land_use_change_and_forestry_lulucf_in_kilotonne_co2_equivalent
United States of America,1990,6397144.48966891,greenhouse_gas_ghgs_emissions_without_land_use_land_use_change_and_forestry_lulucf_in_kilotonne_co2_equivalent
Canada,2007,766021.806890764,greenhouse_gas_ghgs_emissions_including_indirect_co2_without_lulucf_in_kilotonne_co2_equivalent
France,2013,492151.894024428,greenhouse_gas_ghgs_emissions_including_indirect_co2_without_lulucf_in_kilotonne_co2_equivalent
Monaco,2004,3.3773263821158,nitrous_oxide_n2o_emissions_without_land_use_land_use_change_and_forestry_lulucf_in_kilotonne_co2_equivalent
Austria,2007,59.3916,nitrogen_trifluoride_nf3_emissions_in_kilotonne_co2_equivalent
New Zealand,2002,14.1816,sulphur_hexafluoride_sf6_emissions_in_kilotonne_co2_equivalent
Malta,2001,75.1294317631725,nitrous_oxide_n2o_emissions_without_land_use_land_use_change_and_forestry_lulucf_in_kilotonne_co2_equivalent
Bulgaria,2006,8.483425822404,sulphur_hexafluoride_sf6_emissions_in_kilotonne_co2_equivalent
Malta,2013,2476.07442909592,carbon_dioxide_co2_emissions_without_land_use_land_use_change_and_forestry_lulucf_in_kilotonne_co2_equivalent
Russian Federation,2014,90157.2301603383,nitrous_oxide_n2o_emissions_without_land_use_land_use_change_and_forestry_lulucf_in_kilotonne_co2_equivalent
Monaco,1993,105.050402905748,greenhouse_gas_ghgs_emissions_including_indirect_co2_without_lulucf_in_kilotonne_co2_equivalent
European Union,2011,176.6778,unspecified_mix_of_hydrofluorocarbons_hfcs_and_perfluorocarbons_pfcs_emissions_in_kilotonne_co2_equivalent
Ireland,2001,71393.9183948119,greenhouse_gas_ghgs_emissions_including_indirect_co2_without_lulucf_in_kilotonne_co2_equivalent
Estonia,2014,2.1003906288,sulphur_hexafluoride_sf6_emissions_in_kilotonne_co2_equivalent
Liechtenstein,2005,19.3132364778163,methane_ch4_emissions_without_land_use_land_use_change_and_forestry_lulucf_in_kilotonne_co2_equivalent
Slovakia,1993,180.322602,perfluorocarbons_pfcs_emissions_in_kilotonne_co2_equivalent
Belgium,2005,125118.016504076,carbon_dioxide_co2_emissions_without_land_use_land_use_change_and_forestry_lulucf_in_kilotonne_co2_equivalent
New Zealand,2007,53.156,perfluorocarbons_pfcs_emissions_in_kilotonne_co2_equivalent
Ukraine,2008,442172.375153511,greenhouse_gas_ghgs_emissions_including_indirect_co2_without_lulucf_in_kilotonne_co2_equivalent
Canada,2014,9024.46042768536,hydrofluorocarbons_hfcs_emissions_in_kilotonne_co2_equivalent
Switzerland,1995,5776.09283368107,methane_ch4_emissions_without_land_use_land_use_change_and_forestry_lulucf_in_kilotonne_co2_equivalent
European Union,2009,4668298.76528723,greenhouse_gas_ghgs_emissions_without_land_use_land_use_change_and_forestry_lulucf_in_kilotonne_co2_equivalent
Germany,1994,106948.196214421,methane_ch4_emissions_without_land_use_land_use_change_and_forestry_lulucf_in_kilotonne_co2_equivalent
France,1991,4810.46547146533,perfluorocarbons_pfcs_emissions_in_kilotonne_co2_equivalent
Hungary,1996,62950.2532137021,carbon_dioxide_co2_emissions_without_land_use_land_use_change_and_forestry_lulucf_in_kilotonne_co2_equivalent
United Kingdom,1995,0.83472637074,nitrogen_trifluoride_nf3_emissions_in_kilotonne_co2_equivalent
Latvia,2012,7521.1225279261,carbon_dioxide_co2_emissions_without_land_use_land_use_change_and_forestry_lulucf_in_kilotonne_co2_equivalent
Lithuania,1996,3426.2922104685,nitrous_oxide_n2o_emissions_without_land_use_land_use_change_and_forestry_lulucf_in_kilotonne_co2_equivalent
United States of America,1996,6949838.00415347,greenhouse_gas_ghgs_emissions_without_land_use_land_use_change_and_forestry_lulucf_in_kilotonne_co2_equivalent
Switzerland,2012,0.36162828,nitrogen_trifluoride_nf3_emissions_in_kilotonne_co2_equivalent
Belgium,2007,2079.10324412977,hydrofluorocarbons_hfcs_emissions_in_kilotonne_co2_equivalent
Italy,1990,407.610555937476,sulphur_hexafluoride_sf6_emissions_in_kilotonne_co2_equivalent
Greece,2000,6346.04941154567,nitrous_oxide_n2o_emissions_without_land_use_land_use_change_and_forestry_lulucf_in_kilotonne_co2_equivalent
European Union,1996,4304793.28338046,carbon_dioxide_co2_emissions_without_land_use_land_use_change_and_forestry_lulucf_in_kilotonne_co2_equivalent
Ukraine,1997,0.127832635968,sulphur_hexafluoride_sf6_emissions_in_kilotonne_co2_equivalent
Iceland,1991,1.24374,sulphur_hexafluoride_sf6_emissions_in_kilotonne_co2_equivalent
Ireland,2007,69083.1959001752,greenhouse_gas_ghgs_emissions_including_indirect_co2_without_lulucf_in_kilotonne_co2_equivalent
Russian Federation,1999,9617.09470625568,perfluorocarbons_pfcs_emissions_in_kilotonne_co2_equivalent
European Union,1992,27.37071480848,nitrogen_trifluoride_nf3_emissions_in_kilotonne_co2_equivalent
Malta,2004,2845.49961194052,greenhouse_gas_ghgs_emissions_including_indirect_co2_without_lulucf_in_kilotonne_co2_equivalent
Russian Federation,1993,129170.885233433,nitrous_oxide_n2o_emissions_without_land_use_land_use_change_and_forestry_lulucf_in_kilotonne_co2_equivalent
Russian Federation,1997,1004.40597788008,sulphur_hexafluoride_sf6_emissions_in_kilotonne_co2_equivalent
Turkey,2010,19620.8926523798,nitrous_oxide_n2o_emissions_without_land_use_land_use_change_and_forestry_lulucf_in_kilotonne_co2_equivalent
Belgium,2014,113866.619000541,greenhouse_gas_ghgs_emissions_including_indirect_co2_without_lulucf_in_kilotonne_co2_equivalent
Japan,2003,1392702.14578963,greenhouse_gas_ghgs_emissions_without_land_use_land_use_change_and_forestry_lulucf_in_kilotonne_co2_equivalent
Spain,2008,15970.8819996413,nitrous_oxide_n2o_emissions_without_land_use_land_use_change_and_forestry_lulucf_in_kilotonne_co2_equivalent
Belgium,2001,147626.133486262,greenhouse_gas_ghgs_emissions_without_land_use_land_use_change_and_forestry_lulucf_in_kilotonne_co2_equivalent
Japan,2000,1386713.84350075,greenhouse_gas_ghgs_emissions_including_indirect_co2_without_lulucf_in_kilotonne_co2_equivalent
Malta,2014,1.10375e-06,perfluorocarbons_pfcs_emissions_in_kilotonne_co2_equivalent
Austria,1995,83.34963,perfluorocarbons_pfcs_emissions_in_kilotonne_co2_equivalent
New Zealand,1990,909.9257,perfluorocarbons_pfcs_emissions_in_kilotonne_co2_equivalent
Slovenia,2004,20198.4456736378,greenhouse_gas_ghgs_emissions_including_indirect_co2_without_lulucf_in_kilotonne_co2_equivalent
Poland,2007,411240.338790885,greenhouse_gas_ghgs_emissions_including_indirect_co2_without_lulucf_in_kilotonne_co2_equivalent
Iceland,2001,2710.29472706565,carbon_dioxide_co2_emissions_without_land_use_land_use_change_and_forestry_lulucf_in_kilotonne_co2_equivalent
Sweden,2008,5042.7696788896,nitrous_oxide_n2o_emissions_without_land_use_land_use_change_and_forestry_lulucf_in_kilotonne_co2_equivalent
Croatia,1995,2986.63717495509,methane_ch4_emissions_without_land_use_land_use_change_and_forestry_lulucf_in_kilotonne_co2_equivalent
Denmark,1990,71470.183211674,greenhouse_gas_ghgs_emissions_including_indirect_co2_without_lulucf_in_kilotonne_co2_equivalent
Poland,2011,19924.8402870562,nitrous_oxide_n2o_emissions_without_land_use_land_use_change_and_forestry_lulucf_in_kilotonne_co2_equivalent
Germany,2003,3034.157687796,sulphur_hexafluoride_sf6_emissions_in_kilotonne_co2_equivalent
Ukraine,2010,26.6673071188849,perfluorocarbons_pfcs_emissions_in_kilotonne_co2_equivalent
Netherlands,1992,2402.65768842065,perfluorocarbons_pfcs_emissions_in_kilotonne_co2_equivalent
United States of America,2010,4536.22406636376,perfluorocarbons_pfcs_emissions_in_kilotonne_co2_equivalent
Sweden,1994,106.374408893616,sulphur_hexafluoride_sf6_emissions_in_kilotonne_co2_equivalent
Croatia,2014,1621.47305302201,nitrous_oxide_n2o_emissions_without_land_use_land_use_change_and_forestry_lulucf_in_kilotonne_co2_equivalent
Estonia,2006,0.09447217,perfluorocarbons_pfcs_emissions_in_kilotonne_co2_equivalent
France,1995,71037.5972489191,methane_ch4_emissions_without_land_use_land_use_change_and_forestry_lulucf_in_kilotonne_co2_equivalent
Germany,2012,926338.361640261,greenhouse_gas_ghgs_emissions_without_land_use_land_use_change_and_forestry_lulucf_in_kilotonne_co2_equivalent
Austria,2005,92810.4871969534,greenhouse_gas_ghgs_emissions_without_land_use_land_use_change_and_forestry_lulucf_in_kilotonne_co2_equivalent
Italy,1996,1180.36205065767,perfluorocarbons_pfcs_emissions_in_kilotonne_co2_equivalent
Germany,1991,1014119.71977239,carbon_dioxide_co2_emissions_without_land_use_land_use_change_and_forestry_lulucf_in_kilotonne_co2_equivalent
Estonia,2008,1213.6813667467,methane_ch4_emissions_without_land_use_land_use_change_and_forestry_lulucf_in_kilotonne_co2_equivalent
Russian Federation,2008,88292.291111172,nitrous_oxide_n2o_emissions_without_land_use_land_use_change_and_forestry_lulucf_in_kilotonne_co2_equivalent
Bulgaria,1990,8818.37141292847,nitrous_oxide_n2o_emissions_without_land_use_land_use_change_and_forestry_lulucf_in_kilotonne_co2_equivalent
France,2000,2985.4105642297,perfluorocarbons_pfcs_emissions_in_kilotonne_co2_equivalent
Slovakia,2000,13.043994,sulphur_hexafluoride_sf6_emissions_in_kilotonne_co2_equivalent
Iceland,1993,532.44604072678,methane_ch4_emissions_without_land_use_land_use_change_and_forestry_lulucf_in_kilotonne_co2_equivalent
Cyprus,2010,943.41757105,methane_ch4_emissions_without_land_use_land_use_change_and_forestry_lulucf_in_kilotonne_co2_equivalent
Finland,1994,23.861008164012,sulphur_hexafluoride_sf6_emissions_in_kilotonne_co2_equivalent
Romania,2010,119124.98108324,greenhouse_gas_ghgs_emissions_without_land_use_land_use_change_and_forestry_lulucf_in_kilotonne_co2_equivalent
Portugal,2003,82929.5439878215,greenhouse_gas_ghgs_emissions_including_indirect_co2_without_lulucf_in_kilotonne_co2_equivalent
Liechtenstein,2008,10.2802956369935,nitrous_oxide_n2o_emissions_without_land_use_land_use_change_and_forestry_lulucf_in_kilotonne_co2_equivalent
Lithuania,1998,4166.8419588454,methane_ch4_emissions_without_land_use_land_use_change_and_forestry_lulucf_in_kilotonne_co2_equivalent
Austria,2009,7294.26454612192,methane_ch4_emissions_without_land_use_land_use_change_and_forestry_lulucf_in_kilotonne_co2_equivalent
United States of America,1993,19484.6177912648,perfluorocarbons_pfcs_emissions_in_kilotonne_co2_equivalent
Malta,2014,2982.64478757554,greenhouse_gas_ghgs_emissions_without_land_use_land_use_change_and_forestry_lulucf_in_kilotonne_co2_equivalent
France,1994,24.129661090956,nitrogen_trifluoride_nf3_emissions_in_kilotonne_co2_equivalent
New Zealand,2010,78942.2908980154,greenhouse_gas_ghgs_emissions_without_land_use_land_use_change_and_forestry_lulucf_in_kilotonne_co2_equivalent
France,1995,550558.098519151,greenhouse_gas_ghgs_emissions_including_indirect_co2_without_lulucf_in_kilotonne_co2_equivalent
Romania,2001,100377.986962722,carbon_dioxide_co2_emissions_without_land_use_land_use_change_and_forestry_lulucf_in_kilotonne_co2_equivalent
Sweden,1998,73085.864192708,greenhouse_gas_ghgs_emissions_without_land_use_land_use_change_and_forestry_lulucf_in_kilotonne_co2_equivalent
New Zealand,2008,14.0448,sulphur_hexafluoride_sf6_emissions_in_kilotonne_co2_equivalent
Belarus,2000,0.0969,sulphur_hexafluoride_sf6_emissions_in_kilotonne_co2_equivalent
Croatia,2013,0.05981904,perfluorocarbons_pfcs_emissions_in_kilotonne_co2_equivalent
Austria,1991,614.14044243786,sulphur_hexafluoride_sf6_emissions_in_kilotonne_co2_equivalent
Norway,1990,0.043896921,hydrofluorocarbons_hfcs_emissions_in_kilotonne_co2_equivalent
Canada,2002,3015.81387045521,sulphur_hexafluoride_sf6_emissions_in_kilotonne_co2_equivalent
Norway,2005,55291.6168204172,greenhouse_gas_ghgs_emissions_including_indirect_co2_without_lulucf_in_kilotonne_co2_equivalent
United Kingdom,1997,749518.796880465,greenhouse_gas_ghgs_emissions_without_land_use_land_use_change_and_forestry_lulucf_in_kilotonne_co2_equivalent
Italy,2001,1502.52918164629,perfluorocarbons_pfcs_emissions_in_kilotonne_co2_equivalent
Poland,2009,384946.328786087,greenhouse_gas_ghgs_emissions_without_land_use_land_use_change_and_forestry_lulucf_in_kilotonne_co2_equivalent
European Union,1992,31563.920261268,hydrofluorocarbons_hfcs_emissions_in_kilotonne_co2_equivalent
Poland,2005,26.801178314232,sulphur_hexafluoride_sf6_emissions_in_kilotonne_co2_equivalent
United States of America,1990,46288.8141837174,hydrofluorocarbons_hfcs_emissions_in_kilotonne_co2_equivalent
Lithuania,2008,3812.12741354936,methane_ch4_emissions_without_land_use_land_use_change_and_forestry_lulucf_in_kilotonne_co2_equivalent
Italy,1997,532739.930388069,greenhouse_gas_ghgs_emissions_including_indirect_co2_without_lulucf_in_kilotonne_co2_equivalent
Belarus,2004,0.244644,sulphur_hexafluoride_sf6_emissions_in_kilotonne_co2_equivalent
Spain,1992,248407.160135641,carbon_dioxide_co2_emissions_without_land_use_land_use_change_and_forestry_lulucf_in_kilotonne_co2_equivalent
Finland,1992,54264.3793101323,carbon_dioxide_co2_emissions_without_land_use_land_use_change_and_forestry_lulucf_in_kilotonne_co2_equivalent
Czech Republic,2014,6660.69397839425,nitrous_oxide_n2o_emissions_without_land_use_land_use_change_and_forestry_lulucf_in_kilotonne_co2_equivalent
Norway,2004,1016.7452932492,perfluorocarbons_pfcs_emissions_in_kilotonne_co2_equivalent
Finland,2009,11.58387444778,perfluorocarbons_pfcs_emissions_in_kilotonne_co2_equivalent
Switzerland,1994,5783.90634134274,methane_ch4_emissions_without_land_use_land_use_change_and_forestry_lulucf_in_kilotonne_co2_equivalent
Ukraine,2004,427912.423607696,greenhouse_gas_ghgs_emissions_without_land_use_land_use_change_and_forestry_lulucf_in_kilotonne_co2_equivalent
Monaco,2006,94.2785958829561,greenhouse_gas_ghgs_emissions_without_land_use_land_use_change_and_forestry_lulucf_in_kilotonne_co2_equivalent
Greece,2007,134852.84227531,greenhouse_gas_ghgs_emissions_without_land_use_land_use_change_and_forestry_lulucf_in_kilotonne_co2_equivalent
Russian Federation,2008,4907.41299784659,perfluorocarbons_pfcs_emissions_in_kilotonne_co2_equivalent
Denmark,2008,50935.6715289027,carbon_dioxide_co2_emissions_without_land_use_land_use_change_and_forestry_lulucf_in_kilotonne_co2_equivalent
Denmark,1996,90826.2998976041,greenhouse_gas_ghgs_emissions_without_land_use_land_use_change_and_forestry_lulucf_in_kilotonne_co2_equivalent
Bulgaria,2004,49170.3376894348,carbon_dioxide_co2_emissions_without_land_use_land_use_change_and_forestry_lulucf_in_kilotonne_co2_equivalent
United States of America,2001,7140899.14134197,greenhouse_gas_ghgs_emissions_without_land_use_land_use_change_and_forestry_lulucf_in_kilotonne_co2_equivalent
Lithuania,2005,5069.49334461018,nitrous_oxide_n2o_emissions_without_land_use_land_use_change_and_forestry_lulucf_in_kilotonne_co2_equivalent
Australia,2009,537889.892623617,greenhouse_gas_ghgs_emissions_including_indirect_co2_without_lulucf_in_kilotonne_co2_equivalent
Belarus,1993,103951.525256019,greenhouse_gas_ghgs_emissions_without_land_use_land_use_change_and_forestry_lulucf_in_kilotonne_co2_equivalent
Austria,1998,81770.8395563128,greenhouse_gas_ghgs_emissions_including_indirect_co2_without_lulucf_in_kilotonne_co2_equivalent
Iceland,1996,488.423585792905,nitrous_oxide_n2o_emissions_without_land_use_land_use_change_and_forestry_lulucf_in_kilotonne_co2_equivalent
Ukraine,2006,111.15898608367,perfluorocarbons_pfcs_emissions_in_kilotonne_co2_equivalent
Hungary,1996,78015.9644529897,greenhouse_gas_ghgs_emissions_including_indirect_co2_without_lulucf_in_kilotonne_co2_equivalent
Liechtenstein,2014,20.604916295051,methane_ch4_emissions_without_land_use_land_use_change_and_forestry_lulucf_in_kilotonne_co2_equivalent
Canada,2008,41681.6457531807,nitrous_oxide_n2o_emissions_without_land_use_land_use_change_and_forestry_lulucf_in_kilotonne_co2_equivalent
Japan,2000,11873.1098813579,perfluorocarbons_pfcs_emissions_in_kilotonne_co2_equivalent
Finland,1990,0.024024986,hydrofluorocarbons_hfcs_emissions_in_kilotonne_co2_equivalent
Latvia,2010,12373.1196290852,greenhouse_gas_ghgs_emissions_including_indirect_co2_without_lulucf_in_kilotonne_co2_equivalent
Czech Republic,2002,14091.9237338679,methane_ch4_emissions_without_land_use_land_use_change_and_forestry_lulucf_in_kilotonne_co2_equivalent
Croatia,2000,199.209344,hydrofluorocarbons_hfcs_emissions_in_kilotonne_co2_equivalent
Estonia,1993,1.38651645,sulphur_hexafluoride_sf6_emissions_in_kilotonne_co2_equivalent
Liechtenstein,1990,10.8571660758976,nitrous_oxide_n2o_emissions_without_land_use_land_use_change_and_forestry_lulucf_in_kilotonne_co2_equivalent
Hungary,2013,57553.8333024652,greenhouse_gas_ghgs_emissions_including_indirect_co2_without_lulucf_in_kilotonne_co2_equivalent
Hungary,2007,121.163348029308,sulphur_hexafluoride_sf6_emissions_in_kilotonne_co2_equivalent
Czech Republic,1999,15771.0192915883,methane_ch4_emissions_without_land_use_land_use_change_and_forestry_lulucf_in_kilotonne_co2_equivalent
Finland,1996,5886.29683034134,nitrous_oxide_n2o_emissions_without_land_use_land_use_change_and_forestry_lulucf_in_kilotonne_co2_equivalent
Monaco,1993,0.44948334885335,hydrofluorocarbons_hfcs_emissions_in_kilotonne_co2_equivalent
Greece,1990,190.2597858,perfluorocarbons_pfcs_emissions_in_kilotonne_co2_equivalent
Austria,1993,235.26478656483,hydrofluorocarbons_hfcs_emissions_in_kilotonne_co2_equivalent
Monaco,2005,0.07989384,perfluorocarbons_pfcs_emissions_in_kilotonne_co2_equivalent
Czech Republic,2002,15.4309141736833,perfluorocarbons_pfcs_emissions_in_kilotonne_co2_equivalent
Malta,1995,0.0018847686,hydrofluorocarbons_hfcs_emissions_in_kilotonne_co2_equivalent
Bulgaria,2013,19.721565841944,sulphur_hexafluoride_sf6_emissions_in_kilotonne_co2_equivalent
Slovenia,1998,19520.3865901311,greenhouse_gas_ghgs_emissions_without_land_use_land_use_change_and_forestry_lulucf_in_kilotonne_co2_equivalent
France,2000,56512.0748224093,nitrous_oxide_n2o_emissions_without_land_use_land_use_change_and_forestry_lulucf_in_kilotonne_co2_equivalent
France,2006,1256.28851852255,sulphur_hexafluoride_sf6_emissions_in_kilotonne_co2_equivalent
Hungary,1998,76067.0556888398,greenhouse_gas_ghgs_emissions_without_land_use_land_use_change_and_forestry_lulucf_in_kilotonne_co2_equivalent
Belgium,1996,602.197276576914,hydrofluorocarbons_hfcs_emissions_in_kilotonne_co2_equivalent
European Union,2001,52032.5931241372,hydrofluorocarbons_hfcs_emissions_in_kilotonne_co2_equivalent
Norway,1995,579.817229059092,sulphur_hexafluoride_sf6_emissions_in_kilotonne_co2_equivalent
Ireland,1999,67141.7469205449,greenhouse_gas_ghgs_emissions_including_indirect_co2_without_lulucf_in_kilotonne_co2_equivalent
United Kingdom,2005,385.150147481808,perfluorocarbons_pfcs_emissions_in_kilotonne_co2_equivalent
Hungary,2012,60106.8999728075,greenhouse_gas_ghgs_emissions_including_indirect_co2_without_lulucf_in_kilotonne_co2_equivalent
United States of America,1992,6448677.15402554,greenhouse_gas_ghgs_emissions_including_indirect_co2_without_lulucf_in_kilotonne_co2_equivalent
Cyprus,1999,0.0651495636,sulphur_hexafluoride_sf6_emissions_in_kilotonne_co2_equivalent
Austria,1991,3.88944,hydrofluorocarbons_hfcs_emissions_in_kilotonne_co2_equivalent
Netherlands,2007,19995.2227035279,methane_ch4_emissions_without_land_use_land_use_change_and_forestry_lulucf_in_kilotonne_co2_equivalent
Russian Federation,2000,1504182.72891476,carbon_dioxide_co2_emissions_without_land_use_land_use_change_and_forestry_lulucf_in_kilotonne_co2_equivalent
European Union,2010,366.27191,unspecified_mix_of_hydrofluorocarbons_hfcs_and_perfluorocarbons_pfcs_emissions_in_kilotonne_co2_equivalent
Liechtenstein,1995,234.321873164864,greenhouse_gas_ghgs_emissions_without_land_use_land_use_change_and_forestry_lulucf_in_kilotonne_co2_equivalent
Slovakia,1994,3255.22420980715,nitrous_oxide_n2o_emissions_without_land_use_land_use_change_and_forestry_lulucf_in_kilotonne_co2_equivalent
Liechtenstein,2011,218.605194588658,greenhouse_gas_ghgs_emissions_without_land_use_land_use_change_and_forestry_lulucf_in_kilotonne_co2_equivalent
Japan,2005,24516.8073100251,nitrous_oxide_n2o_emissions_without_land_use_land_use_change_and_forestry_lulucf_in_kilotonne_co2_equivalent
Bulgaria,2003,7.687775322048,sulphur_hexafluoride_sf6_emissions_in_kilotonne_co2_equivalent
Ireland,2014,36559.0685812916,carbon_dioxide_co2_emissions_without_land_use_land_use_change_and_forestry_lulucf_in_kilotonne_co2_equivalent
Ukraine,1999,0.30717991638,sulphur_hexafluoride_sf6_emissions_in_kilotonne_co2_equivalent
New Zealand,1998,72205.1448935392,greenhouse_gas_ghgs_emissions_including_indirect_co2_without_lulucf_in_kilotonne_co2_equivalent
Latvia,2013,11435.7719892041,greenhouse_gas_ghgs_emissions_without_land_use_land_use_change_and_forestry_lulucf_in_kilotonne_co2_equivalent
Belgium,2004,9318.58072048247,methane_ch4_emissions_without_land_use_land_use_change_and_forestry_lulucf_in_kilotonne_co2_equivalent
France,2000,417116.544673865,carbon_dioxide_co2_emissions_without_land_use_land_use_change_and_forestry_lulucf_in_kilotonne_co2_equivalent
Bulgaria,1997,18.3595783062778,hydrofluorocarbons_hfcs_emissions_in_kilotonne_co2_equivalent
Australia,2002,1727.62315282097,perfluorocarbons_pfcs_emissions_in_kilotonne_co2_equivalent
Germany,1994,1124257.53296309,greenhouse_gas_ghgs_emissions_including_indirect_co2_without_lulucf_in_kilotonne_co2_equivalent
Austria,2005,79588.5018807541,carbon_dioxide_co2_emissions_without_land_use_land_use_change_and_forestry_lulucf_in_kilotonne_co2_equivalent
United Kingdom,2010,22186.5355473653,nitrous_oxide_n2o_emissions_without_land_use_land_use_change_and_forestry_lulucf_in_kilotonne_co2_equivalent
Greece,1992,106017.53859281,greenhouse_gas_ghgs_emissions_without_land_use_land_use_change_and_forestry_lulucf_in_kilotonne_co2_equivalent
New Zealand,2010,1162.5744643025,hydrofluorocarbons_hfcs_emissions_in_kilotonne_co2_equivalent
Germany,2003,1033727.65586751,greenhouse_gas_ghgs_emissions_including_indirect_co2_without_lulucf_in_kilotonne_co2_equivalent
Japan,1994,1358267.67798852,greenhouse_gas_ghgs_emissions_without_land_use_land_use_change_and_forestry_lulucf_in_kilotonne_co2_equivalent
Finland,2010,4676.58281741075,nitrous_oxide_n2o_emissions_without_land_use_land_use_change_and_forestry_lulucf_in_kilotonne_co2_equivalent
Slovenia,1999,15353.0714374852,carbon_dioxide_co2_emissions_without_land_use_land_use_change_and_forestry_lulucf_in_kilotonne_co2_equivalent
France,1993,2401.59077113631,sulphur_hexafluoride_sf6_emissions_in_kilotonne_co2_equivalent
Ireland,1994,61.950870086124,sulphur_hexafluoride_sf6_emissions_in_kilotonne_co2_equivalent
European Union,2013,237361.491847545,nitrous_oxide_n2o_emissions_without_land_use_land_use_change_and_forestry_lulucf_in_kilotonne_co2_equivalent
Monaco,2010,90.1461081643513,greenhouse_gas_ghgs_emissions_without_land_use_land_use_change_and_forestry_lulucf_in_kilotonne_co2_equivalent
Ireland,2008,54.687742983168,sulphur_hexafluoride_sf6_emissions_in_kilotonne_co2_equivalent
Sweden,2001,7126.72343791621,methane_ch4_emissions_without_land_use_land_use_change_and_forestry_lulucf_in_kilotonne_co2_equivalent
Iceland,2007,3236.89533653359,carbon_dioxide_co2_emissions_without_land_use_land_use_change_and_forestry_lulucf_in_kilotonne_co2_equivalent
Belarus,2014,18599.1790231,methane_ch4_emissions_without_land_use_land_use_change_and_forestry_lulucf_in_kilotonne_co2_equivalent
Iceland,1995,540.029936360099,methane_ch4_emissions_without_land_use_land_use_change_and_forestry_lulucf_in_kilotonne_co2_equivalent
Slovenia,2012,781.002250751342,nitrous_oxide_n2o_emissions_without_land_use_land_use_change_and_forestry_lulucf_in_kilotonne_co2_equivalent
Ireland,1995,15129.7925232797,methane_ch4_emissions_without_land_use_land_use_change_and_forestry_lulucf_in_kilotonne_co2_equivalent
United States of America,2006,118056.262911877,hydrofluorocarbons_hfcs_emissions_in_kilotonne_co2_equivalent
Turkey,2005,345231.79488074,greenhouse_gas_ghgs_emissions_without_land_use_land_use_change_and_forestry_lulucf_in_kilotonne_co2_equivalent
Slovenia,2001,20010.7197823299,greenhouse_gas_ghgs_emissions_including_indirect_co2_without_lulucf_in_kilotonne_co2_equivalent
Sweden,1991,437.694509410139,perfluorocarbons_pfcs_emissions_in_kilotonne_co2_equivalent
Portugal,2001,83843.3292797417,greenhouse_gas_ghgs_emissions_including_indirect_co2_without_lulucf_in_kilotonne_co2_equivalent
Japan,2007,16707.0682779207,hydrofluorocarbons_hfcs_emissions_in_kilotonne_co2_equivalent
Czech Republic,1990,23315.0467690008,methane_ch4_emissions_without_land_use_land_use_change_and_forestry_lulucf_in_kilotonne_co2_equivalent
Ukraine,1993,705376.575954999,greenhouse_gas_ghgs_emissions_without_land_use_land_use_change_and_forestry_lulucf_in_kilotonne_co2_equivalent
Greece,2002,4.0584,sulphur_hexafluoride_sf6_emissions_in_kilotonne_co2_equivalent
Austria,1993,75988.2270431512,greenhouse_gas_ghgs_emissions_without_land_use_land_use_change_and_forestry_lulucf_in_kilotonne_co2_equivalent
Greece,2004,4927.91153024745,hydrofluorocarbons_hfcs_emissions_in_kilotonne_co2_equivalent
Canada,2005,5677.87853198177,hydrofluorocarbons_hfcs_emissions_in_kilotonne_co2_equivalent
Slovenia,2008,18219.7304323115,carbon_dioxide_co2_emissions_without_land_use_land_use_change_and_forestry_lulucf_in_kilotonne_co2_equivalent
Sweden,2001,271.453693526235,perfluorocarbons_pfcs_emissions_in_kilotonne_co2_equivalent
Slovakia,2000,5422.7427246162,methane_ch4_emissions_without_land_use_land_use_change_and_forestry_lulucf_in_kilotonne_co2_equivalent
United Kingdom,1992,137621.814117708,methane_ch4_emissions_without_land_use_land_use_change_and_forestry_lulucf_in_kilotonne_co2_equivalent
Switzerland,2007,171.602386325892,sulphur_hexafluoride_sf6_emissions_in_kilotonne_co2_equivalent
Estonia,2005,134.958268474771,hydrofluorocarbons_hfcs_emissions_in_kilotonne_co2_equivalent
Malta,2009,1.10375e-06,perfluorocarbons_pfcs_emissions_in_kilotonne_co2_equivalent
Portugal,1990,60398.2006818267,greenhouse_gas_ghgs_emissions_without_land_use_land_use_change_and_forestry_lulucf_in_kilotonne_co2_equivalent
New Zealand,2006,83696.7494402892,greenhouse_gas_ghgs_emissions_including_indirect_co2_without_lulucf_in_kilotonne_co2_equivalent
Belgium,2005,144803.082030313,greenhouse_gas_ghgs_emissions_including_indirect_co2_without_lulucf_in_kilotonne_co2_equivalent
Sweden,2010,5053.50648604708,nitrous_oxide_n2o_emissions_without_land_use_land_use_change_and_forestry_lulucf_in_kilotonne_co2_equivalent
Hungary,2007,4.54037826540194,perfluorocarbons_pfcs_emissions_in_kilotonne_co2_equivalent
Malta,2011,185.964580851034,methane_ch4_emissions_without_land_use_land_use_change_and_forestry_lulucf_in_kilotonne_co2_equivalent
United Kingdom,2010,66694.9389076353,methane_ch4_emissions_without_land_use_land_use_change_and_forestry_lulucf_in_kilotonne_co2_equivalent
Bulgaria,1999,3944.16097234411,nitrous_oxide_n2o_emissions_without_land_use_land_use_change_and_forestry_lulucf_in_kilotonne_co2_equivalent
Luxembourg,2007,265.596040937961,nitrous_oxide_n2o_emissions_without_land_use_land_use_change_and_forestry_lulucf_in_kilotonne_co2_equivalent
United States of America,1994,593.2225696,unspecified_mix_of_hydrofluorocarbons_hfcs_and_perfluorocarbons_pfcs_emissions_in_kilotonne_co2_equivalent
Monaco,2011,8.98846362308126,hydrofluorocarbons_hfcs_emissions_in_kilotonne_co2_equivalent
Australia,2006,20224.6064878925,nitrous_oxide_n2o_emissions_without_land_use_land_use_change_and_forestry_lulucf_in_kilotonne_co2_equivalent
Romania,2012,7.4276,perfluorocarbons_pfcs_emissions_in_kilotonne_co2_equivalent
Portugal,2005,88584.4251282468,greenhouse_gas_ghgs_emissions_including_indirect_co2_without_lulucf_in_kilotonne_co2_equivalent
Poland,1991,462432.787739736,greenhouse_gas_ghgs_emissions_without_land_use_land_use_change_and_forestry_lulucf_in_kilotonne_co2_equivalent
Monaco,2011,4.22511080256166,nitrous_oxide_n2o_emissions_without_land_use_land_use_change_and_forestry_lulucf_in_kilotonne_co2_equivalent
France,1993,66951.8882312991,nitrous_oxide_n2o_emissions_without_land_use_land_use_change_and_forestry_lulucf_in_kilotonne_co2_equivalent
Spain,2009,296617.991048484,carbon_dioxide_co2_emissions_without_land_use_land_use_change_and_forestry_lulucf_in_kilotonne_co2_equivalent
Romania,2008,33.83052845214,sulphur_hexafluoride_sf6_emissions_in_kilotonne_co2_equivalent
Bulgaria,1999,40.9869783633625,hydrofluorocarbons_hfcs_emissions_in_kilotonne_co2_equivalent
Australia,2004,1713.84870550831,perfluorocarbons_pfcs_emissions_in_kilotonne_co2_equivalent
Russian Federation,1997,10243.9756037277,perfluorocarbons_pfcs_emissions_in_kilotonne_co2_equivalent
Belarus,2007,88920.641948088,greenhouse_gas_ghgs_emissions_without_land_use_land_use_change_and_forestry_lulucf_in_kilotonne_co2_equivalent
Japan,1998,1345840.23839735,greenhouse_gas_ghgs_emissions_including_indirect_co2_without_lulucf_in_kilotonne_co2_equivalent
Estonia,2002,1229.78306528844,methane_ch4_emissions_without_land_use_land_use_change_and_forestry_lulucf_in_kilotonne_co2_equivalent
Poland,2003,20.7159953436,sulphur_hexafluoride_sf6_emissions_in_kilotonne_co2_equivalent
Croatia,2000,2387.67171742591,nitrous_oxide_n2o_emissions_without_land_use_land_use_change_and_forestry_lulucf_in_kilotonne_co2_equivalent
Turkey,1993,17842.7146185912,nitrous_oxide_n2o_emissions_without_land_use_land_use_change_and_forestry_lulucf_in_kilotonne_co2_equivalent
Germany,1991,4745.87876928,sulphur_hexafluoride_sf6_emissions_in_kilotonne_co2_equivalent
Austria,2000,80429.3433929845,greenhouse_gas_ghgs_emissions_including_indirect_co2_without_lulucf_in_kilotonne_co2_equivalent
Belgium,2009,145.921106681532,perfluorocarbons_pfcs_emissions_in_kilotonne_co2_equivalent
Turkey,1996,44230.7805542568,methane_ch4_emissions_without_land_use_land_use_change_and_forestry_lulucf_in_kilotonne_co2_equivalent
Canada,1992,0.307113224,nitrogen_trifluoride_nf3_emissions_in_kilotonne_co2_equivalent
New Zealand,1998,8032.43338060887,nitrous_oxide_n2o_emissions_without_land_use_land_use_change_and_forestry_lulucf_in_kilotonne_co2_equivalent
Estonia,2010,17833.779609149,carbon_dioxide_co2_emissions_without_land_use_land_use_change_and_forestry_lulucf_in_kilotonne_co2_equivalent
European Union,1995,43.481083627964,nitrogen_trifluoride_nf3_emissions_in_kilotonne_co2_equivalent
Hungary,1999,5283.623978354,nitrous_oxide_n2o_emissions_without_land_use_land_use_change_and_forestry_lulucf_in_kilotonne_co2_equivalent
Japan,2006,1377861.93887303,greenhouse_gas_ghgs_emissions_without_land_use_land_use_change_and_forestry_lulucf_in_kilotonne_co2_equivalent
Japan,2012,3436.3283067772,perfluorocarbons_pfcs_emissions_in_kilotonne_co2_equivalent
Greece,2012,4912.05579470615,nitrous_oxide_n2o_emissions_without_land_use_land_use_change_and_forestry_lulucf_in_kilotonne_co2_equivalent
Belgium,2007,224.05726098503,perfluorocarbons_pfcs_emissions_in_kilotonne_co2_equivalent
Finland,2011,56478.7455886964,carbon_dioxide_co2_emissions_without_land_use_land_use_change_and_forestry_lulucf_in_kilotonne_co2_equivalent
United Kingdom,2008,266.24555421838,perfluorocarbons_pfcs_emissions_in_kilotonne_co2_equivalent
Norway,1993,703.761416237808,sulphur_hexafluoride_sf6_emissions_in_kilotonne_co2_equivalent
Czech Republic,1998,7694.96090306874,nitrous_oxide_n2o_emissions_without_land_use_land_use_change_and_forestry_lulucf_in_kilotonne_co2_equivalent
Greece,2002,128160.998223235,greenhouse_gas_ghgs_emissions_including_indirect_co2_without_lulucf_in_kilotonne_co2_equivalent
Belgium,1995,2914.28531,perfluorocarbons_pfcs_emissions_in_kilotonne_co2_equivalent
Estonia,2006,619.029068386866,nitrous_oxide_n2o_emissions_without_land_use_land_use_change_and_forestry_lulucf_in_kilotonne_co2_equivalent
Greece,2013,82910.6259583055,carbon_dioxide_co2_emissions_without_land_use_land_use_change_and_forestry_lulucf_in_kilotonne_co2_equivalent
Slovakia,1993,55689.2829100671,greenhouse_gas_ghgs_emissions_including_indirect_co2_without_lulucf_in_kilotonne_co2_equivalent
Portugal,2000,16.612891500108,sulphur_hexafluoride_sf6_emissions_in_kilotonne_co2_equivalent
Greece,2008,131199.951864063,greenhouse_gas_ghgs_emissions_without_land_use_land_use_change_and_forestry_lulucf_in_kilotonne_co2_equivalent
Slovakia,1994,153.227496,perfluorocarbons_pfcs_emissions_in_kilotonne_co2_equivalent
Monaco,2004,102.042738918889,greenhouse_gas_ghgs_emissions_including_indirect_co2_without_lulucf_in_kilotonne_co2_equivalent
Poland,2008,329338.171084879,carbon_dioxide_co2_emissions_without_land_use_land_use_change_and_forestry_lulucf_in_kilotonne_co2_equivalent
Canada,1995,693.369077173043,hydrofluorocarbons_hfcs_emissions_in_kilotonne_co2_equivalent
Poland,2001,22430.6792882544,nitrous_oxide_n2o_emissions_without_land_use_land_use_change_and_forestry_lulucf_in_kilotonne_co2_equivalent
European Union,1999,4139002.99479822,carbon_dioxide_co2_emissions_without_land_use_land_use_change_and_forestry_lulucf_in_kilotonne_co2_equivalent
Luxembourg,1999,8914.06739800964,greenhouse_gas_ghgs_emissions_without_land_use_land_use_change_and_forestry_lulucf_in_kilotonne_co2_equivalent
Belgium,1994,151882.372526596,greenhouse_gas_ghgs_emissions_without_land_use_land_use_change_and_forestry_lulucf_in_kilotonne_co2_equivalent
Slovakia,1996,6049.61100679276,methane_ch4_emissions_without_land_use_land_use_change_and_forestry_lulucf_in_kilotonne_co2_equivalent
Slovakia,1997,5749.457734349,methane_ch4_emissions_without_land_use_land_use_change_and_forestry_lulucf_in_kilotonne_co2_equivalent
Japan,2013,1311509.14921749,carbon_dioxide_co2_emissions_without_land_use_land_use_change_and_forestry_lulucf_in_kilotonne_co2_equivalent
Australia,1993,3315.52837602798,perfluorocarbons_pfcs_emissions_in_kilotonne_co2_equivalent
Lithuania,1991,5644.46714535688,nitrous_oxide_n2o_emissions_without_land_use_land_use_change_and_forestry_lulucf_in_kilotonne_co2_equivalent
Turkey,1999,271357.95510034,greenhouse_gas_ghgs_emissions_without_land_use_land_use_change_and_forestry_lulucf_in_kilotonne_co2_equivalent
Italy,1999,549495.230489239,greenhouse_gas_ghgs_emissions_including_indirect_co2_without_lulucf_in_kilotonne_co2_equivalent
European Union,2013,458525.673635933,methane_ch4_emissions_without_land_use_land_use_change_and_forestry_lulucf_in_kilotonne_co2_equivalent
Romania,1993,0.72557471173243,hydrofluorocarbons_hfcs_emissions_in_kilotonne_co2_equivalent
European Union,1995,16805.5400569795,perfluorocarbons_pfcs_emissions_in_kilotonne_co2_equivalent
Monaco,1991,96.1472045795796,carbon_dioxide_co2_emissions_without_land_use_land_use_change_and_forestry_lulucf_in_kilotonne_co2_equivalent
Ukraine,2010,9.710033472852,sulphur_hexafluoride_sf6_emissions_in_kilotonne_co2_equivalent
Denmark,1998,56.867719693248,sulphur_hexafluoride_sf6_emissions_in_kilotonne_co2_equivalent
Sweden,2006,6455.72723390608,methane_ch4_emissions_without_land_use_land_use_change_and_forestry_lulucf_in_kilotonne_co2_equivalent
Russian Federation,2001,2334066.89048283,greenhouse_gas_ghgs_emissions_without_land_use_land_use_change_and_forestry_lulucf_in_kilotonne_co2_equivalent
Ireland,2011,12594.3956182384,methane_ch4_emissions_without_land_use_land_use_change_and_forestry_lulucf_in_kilotonne_co2_equivalent
Germany,2004,977.4001705905,perfluorocarbons_pfcs_emissions_in_kilotonne_co2_equivalent
Hungary,1999,76610.4957421574,greenhouse_gas_ghgs_emissions_including_indirect_co2_without_lulucf_in_kilotonne_co2_equivalent
Bulgaria,2002,96.60038738008,hydrofluorocarbons_hfcs_emissions_in_kilotonne_co2_equivalent
Lithuania,2014,5.9760396,sulphur_hexafluoride_sf6_emissions_in_kilotonne_co2_equivalent
Canada,1996,690743.642261192,greenhouse_gas_ghgs_emissions_including_indirect_co2_without_lulucf_in_kilotonne_co2_equivalent
European Union,1991,5558236.55630064,greenhouse_gas_ghgs_emissions_without_land_use_land_use_change_and_forestry_lulucf_in_kilotonne_co2_equivalent
Hungary,1993,63174.9783732307,carbon_dioxide_co2_emissions_without_land_use_land_use_change_and_forestry_lulucf_in_kilotonne_co2_equivalent
Japan,2009,1162606.19176432,carbon_dioxide_co2_emissions_without_land_use_land_use_change_and_forestry_lulucf_in_kilotonne_co2_equivalent
New Zealand,1995,7961.71323528806,nitrous_oxide_n2o_emissions_without_land_use_land_use_change_and_forestry_lulucf_in_kilotonne_co2_equivalent
Latvia,2006,11911.3659591043,greenhouse_gas_ghgs_emissions_including_indirect_co2_without_lulucf_in_kilotonne_co2_equivalent
Japan,2008,1235455.81022118,carbon_dioxide_co2_emissions_without_land_use_land_use_change_and_forestry_lulucf_in_kilotonne_co2_equivalent
Monaco,1992,1.42229023836975,methane_ch4_emissions_without_land_use_land_use_change_and_forestry_lulucf_in_kilotonne_co2_equivalent
European Union,1998,331944.081021336,nitrous_oxide_n2o_emissions_without_land_use_land_use_change_and_forestry_lulucf_in_kilotonne_co2_equivalent
Australia,2002,108309.143527509,methane_ch4_emissions_without_land_use_land_use_change_and_forestry_lulucf_in_kilotonne_co2_equivalent
Bulgaria,2011,65857.6040846686,greenhouse_gas_ghgs_emissions_without_land_use_land_use_change_and_forestry_lulucf_in_kilotonne_co2_equivalent
Liechtenstein,2010,231.232479950203,greenhouse_gas_ghgs_emissions_without_land_use_land_use_change_and_forestry_lulucf_in_kilotonne_co2_equivalent
Slovenia,2003,19878.2471571766,greenhouse_gas_ghgs_emissions_without_land_use_land_use_change_and_forestry_lulucf_in_kilotonne_co2_equivalent
Denmark,1996,2.09337225,perfluorocarbons_pfcs_emissions_in_kilotonne_co2_equivalent
Spain,2009,365530.282570271,greenhouse_gas_ghgs_emissions_without_land_use_land_use_change_and_forestry_lulucf_in_kilotonne_co2_equivalent
France,1992,414955.076785321,carbon_dioxide_co2_emissions_without_land_use_land_use_change_and_forestry_lulucf_in_kilotonne_co2_equivalent
European Union,1991,11459.0579878801,sulphur_hexafluoride_sf6_emissions_in_kilotonne_co2_equivalent
Switzerland,1991,55253.5749211084,greenhouse_gas_ghgs_emissions_without_land_use_land_use_change_and_forestry_lulucf_in_kilotonne_co2_equivalent
Czech Republic,1992,86.3541802716,sulphur_hexafluoride_sf6_emissions_in_kilotonne_co2_equivalent
European Union,1999,13770.4398105343,perfluorocarbons_pfcs_emissions_in_kilotonne_co2_equivalent
Portugal,2002,18.15670527642,sulphur_hexafluoride_sf6_emissions_in_kilotonne_co2_equivalent
Finland,2002,64946.4682059915,carbon_dioxide_co2_emissions_without_land_use_land_use_change_and_forestry_lulucf_in_kilotonne_co2_equivalent
Norway,1992,34833.2478178252,carbon_dioxide_co2_emissions_without_land_use_land_use_change_and_forestry_lulucf_in_kilotonne_co2_equivalent
Belgium,2009,7229.43055480784,nitrous_oxide_n2o_emissions_without_land_use_land_use_change_and_forestry_lulucf_in_kilotonne_co2_equivalent
Australia,2013,526882.667266593,greenhouse_gas_ghgs_emissions_without_land_use_land_use_change_and_forestry_lulucf_in_kilotonne_co2_equivalent
Denmark,1997,8506.80196089025,methane_ch4_emissions_without_land_use_land_use_change_and_forestry_lulucf_in_kilotonne_co2_equivalent
Luxembourg,1991,13396.876182352,greenhouse_gas_ghgs_emissions_without_land_use_land_use_change_and_forestry_lulucf_in_kilotonne_co2_equivalent
United Kingdom,1998,20075.1479882644,hydrofluorocarbons_hfcs_emissions_in_kilotonne_co2_equivalent
Slovakia,2010,2815.09250730482,nitrous_oxide_n2o_emissions_without_land_use_land_use_change_and_forestry_lulucf_in_kilotonne_co2_equivalent
Finland,1995,0.416466,perfluorocarbons_pfcs_emissions_in_kilotonne_co2_equivalent
Estonia,2004,119.327334223453,hydrofluorocarbons_hfcs_emissions_in_kilotonne_co2_equivalent
Estonia,2005,16330.7338304477,carbon_dioxide_co2_emissions_without_land_use_land_use_change_and_forestry_lulucf_in_kilotonne_co2_equivalent
Japan,1991,7506.92208816063,perfluorocarbons_pfcs_emissions_in_kilotonne_co2_equivalent
United States of America,2003,8170.36093589273,perfluorocarbons_pfcs_emissions_in_kilotonne_co2_equivalent
Greece,2009,103969.78429385,carbon_dioxide_co2_emissions_without_land_use_land_use_change_and_forestry_lulucf_in_kilotonne_co2_equivalent
Belarus,1999,11251.338762214,nitrous_oxide_n2o_emissions_without_land_use_land_use_change_and_forestry_lulucf_in_kilotonne_co2_equivalent
Slovakia,2000,14.9078076117927,perfluorocarbons_pfcs_emissions_in_kilotonne_co2_equivalent
Sweden,2000,68868.7688476056,greenhouse_gas_ghgs_emissions_including_indirect_co2_without_lulucf_in_kilotonne_co2_equivalent
France,1997,4111.5886690816,hydrofluorocarbons_hfcs_emissions_in_kilotonne_co2_equivalent
Lithuania,1990,35812.8936845412,carbon_dioxide_co2_emissions_without_land_use_land_use_change_and_forestry_lulucf_in_kilotonne_co2_equivalent
Austria,1994,61189.1025048542,carbon_dioxide_co2_emissions_without_land_use_land_use_change_and_forestry_lulucf_in_kilotonne_co2_equivalent
Greece,1994,108402.558432157,greenhouse_gas_ghgs_emissions_including_indirect_co2_without_lulucf_in_kilotonne_co2_equivalent
Monaco,2010,90.1461081643513,greenhouse_gas_ghgs_emissions_including_indirect_co2_without_lulucf_in_kilotonne_co2_equivalent
New Zealand,2006,101.831,perfluorocarbons_pfcs_emissions_in_kilotonne_co2_equivalent
Slovenia,1994,18004.4453928209,greenhouse_gas_ghgs_emissions_including_indirect_co2_without_lulucf_in_kilotonne_co2_equivalent
Russian Federation,2014,799.428306,sulphur_hexafluoride_sf6_emissions_in_kilotonne_co2_equivalent
Malta,2003,134.610429373196,methane_ch4_emissions_without_land_use_land_use_change_and_forestry_lulucf_in_kilotonne_co2_equivalent
Sweden,1997,159.594680375364,sulphur_hexafluoride_sf6_emissions_in_kilotonne_co2_equivalent
Portugal,2002,481.229440947543,hydrofluorocarbons_hfcs_emissions_in_kilotonne_co2_equivalent
Turkey,1996,256657.080416341,greenhouse_gas_ghgs_emissions_including_indirect_co2_without_lulucf_in_kilotonne_co2_equivalent
Estonia,2011,20485.0360389207,greenhouse_gas_ghgs_emissions_without_land_use_land_use_change_and_forestry_lulucf_in_kilotonne_co2_equivalent
Ukraine,1995,140557.060825691,methane_ch4_emissions_without_land_use_land_use_change_and_forestry_lulucf_in_kilotonne_co2_equivalent
Ukraine,2011,421635.992874612,greenhouse_gas_ghgs_emissions_without_land_use_land_use_change_and_forestry_lulucf_in_kilotonne_co2_equivalent
Latvia,1995,11.5016279991938,hydrofluorocarbons_hfcs_emissions_in_kilotonne_co2_equivalent
Lithuania,2013,19850.8289546557,greenhouse_gas_ghgs_emissions_including_indirect_co2_without_lulucf_in_kilotonne_co2_equivalent
Ireland,2006,28.208,nitrogen_trifluoride_nf3_emissions_in_kilotonne_co2_equivalent
Hungary,2003,579.923813000475,hydrofluorocarbons_hfcs_emissions_in_kilotonne_co2_equivalent
European Union,1990,5705.723894,unspecified_mix_of_hydrofluorocarbons_hfcs_and_perfluorocarbons_pfcs_emissions_in_kilotonne_co2_equivalent
Portugal,2006,28.439354686752,sulphur_hexafluoride_sf6_emissions_in_kilotonne_co2_equivalent
Poland,2013,20140.1894467855,nitrous_oxide_n2o_emissions_without_land_use_land_use_change_and_forestry_lulucf_in_kilotonne_co2_equivalent
Sweden,2012,869.965934367231,hydrofluorocarbons_hfcs_emissions_in_kilotonne_co2_equivalent
Iceland,2013,3301.79631376577,carbon_dioxide_co2_emissions_without_land_use_land_use_change_and_forestry_lulucf_in_kilotonne_co2_equivalent
Hungary,2004,60231.6619844867,carbon_dioxide_co2_emissions_without_land_use_land_use_change_and_forestry_lulucf_in_kilotonne_co2_equivalent
Japan,2009,2446.63342616026,sulphur_hexafluoride_sf6_emissions_in_kilotonne_co2_equivalent
Belarus,1993,12816.656566594,nitrous_oxide_n2o_emissions_without_land_use_land_use_change_and_forestry_lulucf_in_kilotonne_co2_equivalent
Finland,1993,5614.44591958677,nitrous_oxide_n2o_emissions_without_land_use_land_use_change_and_forestry_lulucf_in_kilotonne_co2_equivalent
Denmark,2005,8148.66665814821,methane_ch4_emissions_without_land_use_land_use_change_and_forestry_lulucf_in_kilotonne_co2_equivalent
Croatia,2001,2370.13253176201,nitrous_oxide_n2o_emissions_without_land_use_land_use_change_and_forestry_lulucf_in_kilotonne_co2_equivalent
Czech Republic,2004,126876.916162316,carbon_dioxide_co2_emissions_without_land_use_land_use_change_and_forestry_lulucf_in_kilotonne_co2_equivalent
Australia,2012,20342.3834778016,nitrous_oxide_n2o_emissions_without_land_use_land_use_change_and_forestry_lulucf_in_kilotonne_co2_equivalent
Slovakia,1993,55689.2829100671,greenhouse_gas_ghgs_emissions_without_land_use_land_use_change_and_forestry_lulucf_in_kilotonne_co2_equivalent
United States of America,2005,717356.20467005,methane_ch4_emissions_without_land_use_land_use_change_and_forestry_lulucf_in_kilotonne_co2_equivalent
France,1993,2936.3826814197,hydrofluorocarbons_hfcs_emissions_in_kilotonne_co2_equivalent
United States of America,2014,5556006.57780565,carbon_dioxide_co2_emissions_without_land_use_land_use_change_and_forestry_lulucf_in_kilotonne_co2_equivalent
Hungary,1998,202.777663046885,hydrofluorocarbons_hfcs_emissions_in_kilotonne_co2_equivalent
Spain,2003,270.260190362704,perfluorocarbons_pfcs_emissions_in_kilotonne_co2_equivalent
Belarus,1996,0.011172,sulphur_hexafluoride_sf6_emissions_in_kilotonne_co2_equivalent
Finland,1994,5786.16374762057,nitrous_oxide_n2o_emissions_without_land_use_land_use_change_and_forestry_lulucf_in_kilotonne_co2_equivalent
Turkey,1990,207773.321142867,greenhouse_gas_ghgs_emissions_including_indirect_co2_without_lulucf_in_kilotonne_co2_equivalent
Finland,1990,0.207057,perfluorocarbons_pfcs_emissions_in_kilotonne_co2_equivalent
Norway,1998,244.454161738242,hydrofluorocarbons_hfcs_emissions_in_kilotonne_co2_equivalent
Ireland,2014,58253.6714019415,greenhouse_gas_ghgs_emissions_including_indirect_co2_without_lulucf_in_kilotonne_co2_equivalent
Austria,2004,91835.8942410282,greenhouse_gas_ghgs_emissions_including_indirect_co2_without_lulucf_in_kilotonne_co2_equivalent
Estonia,1996,20631.7526567215,greenhouse_gas_ghgs_emissions_without_land_use_land_use_change_and_forestry_lulucf_in_kilotonne_co2_equivalent
Austria,2007,1195.8903761885,hydrofluorocarbons_hfcs_emissions_in_kilotonne_co2_equivalent
Monaco,2011,71.8818954508995,carbon_dioxide_co2_emissions_without_land_use_land_use_change_and_forestry_lulucf_in_kilotonne_co2_equivalent
Malta,2011,3211.70609226187,greenhouse_gas_ghgs_emissions_without_land_use_land_use_change_and_forestry_lulucf_in_kilotonne_co2_equivalent
Australia,2014,129.605353985928,sulphur_hexafluoride_sf6_emissions_in_kilotonne_co2_equivalent
Portugal,1992,66979.8391330233,greenhouse_gas_ghgs_emissions_including_indirect_co2_without_lulucf_in_kilotonne_co2_equivalent
New Zealand,2010,78942.2908980154,greenhouse_gas_ghgs_emissions_including_indirect_co2_without_lulucf_in_kilotonne_co2_equivalent
Ukraine,1998,464400.030828998,greenhouse_gas_ghgs_emissions_without_land_use_land_use_change_and_forestry_lulucf_in_kilotonne_co2_equivalent
Slovakia,2003,5138.51406858598,methane_ch4_emissions_without_land_use_land_use_change_and_forestry_lulucf_in_kilotonne_co2_equivalent
United Kingdom,2007,287.838829482165,perfluorocarbons_pfcs_emissions_in_kilotonne_co2_equivalent
Iceland,1990,3633.55800889373,greenhouse_gas_ghgs_emissions_including_indirect_co2_without_lulucf_in_kilotonne_co2_equivalent
Germany,2014,3396.171635868,sulphur_hexafluoride_sf6_emissions_in_kilotonne_co2_equivalent
United States of America,1992,6448677.15402554,greenhouse_gas_ghgs_emissions_without_land_use_land_use_change_and_forestry_lulucf_in_kilotonne_co2_equivalent
Croatia,2009,27909.1256955995,greenhouse_gas_ghgs_emissions_without_land_use_land_use_change_and_forestry_lulucf_in_kilotonne_co2_equivalent
Denmark,2006,977.625547473618,hydrofluorocarbons_hfcs_emissions_in_kilotonne_co2_equivalent
Italy,1993,1672.06121799773,perfluorocarbons_pfcs_emissions_in_kilotonne_co2_equivalent
Cyprus,1998,0.0673398684,sulphur_hexafluoride_sf6_emissions_in_kilotonne_co2_equivalent
Ireland,2008,6954.76947511412,nitrous_oxide_n2o_emissions_without_land_use_land_use_change_and_forestry_lulucf_in_kilotonne_co2_equivalent
New Zealand,2008,37674.0517694367,carbon_dioxide_co2_emissions_without_land_use_land_use_change_and_forestry_lulucf_in_kilotonne_co2_equivalent
Slovakia,1990,74271.5106844523,greenhouse_gas_ghgs_emissions_including_indirect_co2_without_lulucf_in_kilotonne_co2_equivalent
Russian Federation,2003,2422097.78719788,greenhouse_gas_ghgs_emissions_without_land_use_land_use_change_and_forestry_lulucf_in_kilotonne_co2_equivalent
Romania,1998,9339.91235496597,nitrous_oxide_n2o_emissions_without_land_use_land_use_change_and_forestry_lulucf_in_kilotonne_co2_equivalent
Ireland,2012,37.388702689308,sulphur_hexafluoride_sf6_emissions_in_kilotonne_co2_equivalent
Japan,2008,23095.1181033868,nitrous_oxide_n2o_emissions_without_land_use_land_use_change_and_forestry_lulucf_in_kilotonne_co2_equivalent
Finland,2004,23.838093445812,sulphur_hexafluoride_sf6_emissions_in_kilotonne_co2_equivalent
France,1997,72.8315424,nitrogen_trifluoride_nf3_emissions_in_kilotonne_co2_equivalent
Latvia,1993,16149.8550136135,greenhouse_gas_ghgs_emissions_without_land_use_land_use_change_and_forestry_lulucf_in_kilotonne_co2_equivalent
Liechtenstein,2014,0.04177826028221,perfluorocarbons_pfcs_emissions_in_kilotonne_co2_equivalent
Liechtenstein,1999,226.448838014394,carbon_dioxide_co2_emissions_without_land_use_land_use_change_and_forestry_lulucf_in_kilotonne_co2_equivalent
Latvia,2009,7.328163504,sulphur_hexafluoride_sf6_emissions_in_kilotonne_co2_equivalent
New Zealand,1993,7495.32910664526,nitrous_oxide_n2o_emissions_without_land_use_land_use_change_and_forestry_lulucf_in_kilotonne_co2_equivalent
Ireland,2009,62786.9795688554,greenhouse_gas_ghgs_emissions_without_land_use_land_use_change_and_forestry_lulucf_in_kilotonne_co2_equivalent
Malta,1999,2418.55556461069,carbon_dioxide_co2_emissions_without_land_use_land_use_change_and_forestry_lulucf_in_kilotonne_co2_equivalent
Poland,2008,403146.506212713,greenhouse_gas_ghgs_emissions_without_land_use_land_use_change_and_forestry_lulucf_in_kilotonne_co2_equivalent
Croatia,2007,13.049277553896,sulphur_hexafluoride_sf6_emissions_in_kilotonne_co2_equivalent
Norway,2006,859.0759406652,perfluorocarbons_pfcs_emissions_in_kilotonne_co2_equivalent
Japan,2002,271.722833062316,nitrogen_trifluoride_nf3_emissions_in_kilotonne_co2_equivalent
Turkey,1998,271755.93253179,greenhouse_gas_ghgs_emissions_including_indirect_co2_without_lulucf_in_kilotonne_co2_equivalent
Finland,2007,5793.79319374182,nitrous_oxide_n2o_emissions_without_land_use_land_use_change_and_forestry_lulucf_in_kilotonne_co2_equivalent
Ukraine,2014,70341.49779823,methane_ch4_emissions_without_land_use_land_use_change_and_forestry_lulucf_in_kilotonne_co2_equivalent
France,2014,341152.531504158,carbon_dioxide_co2_emissions_without_land_use_land_use_change_and_forestry_lulucf_in_kilotonne_co2_equivalent
Croatia,2002,2276.72903481168,nitrous_oxide_n2o_emissions_without_land_use_land_use_change_and_forestry_lulucf_in_kilotonne_co2_equivalent
Italy,1996,551.050451038267,hydrofluorocarbons_hfcs_emissions_in_kilotonne_co2_equivalent
Finland,1997,5831.75844753035,nitrous_oxide_n2o_emissions_without_land_use_land_use_change_and_forestry_lulucf_in_kilotonne_co2_equivalent
Japan,2004,9216.6404835836,perfluorocarbons_pfcs_emissions_in_kilotonne_co2_equivalent
Czech Republic,2000,148624.740536033,greenhouse_gas_ghgs_emissions_without_land_use_land_use_change_and_forestry_lulucf_in_kilotonne_co2_equivalent
Finland,2012,4527.42472097089,nitrous_oxide_n2o_emissions_without_land_use_land_use_change_and_forestry_lulucf_in_kilotonne_co2_equivalent
Sweden,1993,38.4274224467359,hydrofluorocarbons_hfcs_emissions_in_kilotonne_co2_equivalent
Canada,2004,2339.90561570986,sulphur_hexafluoride_sf6_emissions_in_kilotonne_co2_equivalent
Romania,2012,50.756735758344,sulphur_hexafluoride_sf6_emissions_in_kilotonne_co2_equivalent
United States of America,2007,418985.162536219,nitrous_oxide_n2o_emissions_without_land_use_land_use_change_and_forestry_lulucf_in_kilotonne_co2_equivalent
Germany,2007,45257.888831885,nitrous_oxide_n2o_emissions_without_land_use_land_use_change_and_forestry_lulucf_in_kilotonne_co2_equivalent
Slovakia,1999,43181.3144851094,carbon_dioxide_co2_emissions_without_land_use_land_use_change_and_forestry_lulucf_in_kilotonne_co2_equivalent
European Union,2010,6378.66502299905,sulphur_hexafluoride_sf6_emissions_in_kilotonne_co2_equivalent
United States of America,2012,6054.95249435678,perfluorocarbons_pfcs_emissions_in_kilotonne_co2_equivalent
Italy,2002,3466.47580508128,hydrofluorocarbons_hfcs_emissions_in_kilotonne_co2_equivalent
United States of America,1997,412317.983332985,nitrous_oxide_n2o_emissions_without_land_use_land_use_change_and_forestry_lulucf_in_kilotonne_co2_equivalent
Denmark,1997,377.532879697761,hydrofluorocarbons_hfcs_emissions_in_kilotonne_co2_equivalent
Germany,1993,955977.599356065,carbon_dioxide_co2_emissions_without_land_use_land_use_change_and_forestry_lulucf_in_kilotonne_co2_equivalent
Finland,1998,5678.76837027459,nitrous_oxide_n2o_emissions_without_land_use_land_use_change_and_forestry_lulucf_in_kilotonne_co2_equivalent
Switzerland,2005,1071.18513142457,hydrofluorocarbons_hfcs_emissions_in_kilotonne_co2_equivalent
Sweden,2005,295.474216211672,perfluorocarbons_pfcs_emissions_in_kilotonne_co2_equivalent
Iceland,1998,212.332325585756,perfluorocarbons_pfcs_emissions_in_kilotonne_co2_equivalent
United States of America,2008,133551.130676922,hydrofluorocarbons_hfcs_emissions_in_kilotonne_co2_equivalent
Netherlands,1990,17636.5109993368,nitrous_oxide_n2o_emissions_without_land_use_land_use_change_and_forestry_lulucf_in_kilotonne_co2_equivalent
Norway,1992,6109.90977258505,methane_ch4_emissions_without_land_use_land_use_change_and_forestry_lulucf_in_kilotonne_co2_equivalent
Switzerland,2008,222.160572280848,sulphur_hexafluoride_sf6_emissions_in_kilotonne_co2_equivalent
Finland,2003,85219.2986612438,greenhouse_gas_ghgs_emissions_including_indirect_co2_without_lulucf_in_kilotonne_co2_equivalent
Spain,2002,332200.842752654,carbon_dioxide_co2_emissions_without_land_use_land_use_change_and_forestry_lulucf_in_kilotonne_co2_equivalent
Sweden,1998,7594.95386962024,methane_ch4_emissions_without_land_use_land_use_change_and_forestry_lulucf_in_kilotonne_co2_equivalent
Latvia,1991,3618.13417296435,methane_ch4_emissions_without_land_use_land_use_change_and_forestry_lulucf_in_kilotonne_co2_equivalent
Liechtenstein,1990,0.00010441014408,hydrofluorocarbons_hfcs_emissions_in_kilotonne_co2_equivalent
Portugal,2012,11798.7302349001,methane_ch4_emissions_without_land_use_land_use_change_and_forestry_lulucf_in_kilotonne_co2_equivalent
Switzerland,1999,44354.5431186679,carbon_dioxide_co2_emissions_without_land_use_land_use_change_and_forestry_lulucf_in_kilotonne_co2_equivalent
Germany,1990,1249828.64870129,greenhouse_gas_ghgs_emissions_including_indirect_co2_without_lulucf_in_kilotonne_co2_equivalent
Bulgaria,1992,56551.5935722778,carbon_dioxide_co2_emissions_without_land_use_land_use_change_and_forestry_lulucf_in_kilotonne_co2_equivalent
Italy,2010,428879.681194381,carbon_dioxide_co2_emissions_without_land_use_land_use_change_and_forestry_lulucf_in_kilotonne_co2_equivalent
Monaco,2001,98.5488680526432,carbon_dioxide_co2_emissions_without_land_use_land_use_change_and_forestry_lulucf_in_kilotonne_co2_equivalent
Switzerland,2014,2452.84949184313,nitrous_oxide_n2o_emissions_without_land_use_land_use_change_and_forestry_lulucf_in_kilotonne_co2_equivalent
Romania,1991,208477.415365055,greenhouse_gas_ghgs_emissions_without_land_use_land_use_change_and_forestry_lulucf_in_kilotonne_co2_equivalent
Ireland,2003,69540.6510456126,greenhouse_gas_ghgs_emissions_without_land_use_land_use_change_and_forestry_lulucf_in_kilotonne_co2_equivalent
Czech Republic,1996,7869.55193757898,nitrous_oxide_n2o_emissions_without_land_use_land_use_change_and_forestry_lulucf_in_kilotonne_co2_equivalent
Bulgaria,2000,4005.22085681668,nitrous_oxide_n2o_emissions_without_land_use_land_use_change_and_forestry_lulucf_in_kilotonne_co2_equivalent
Iceland,2000,2728.93748510151,carbon_dioxide_co2_emissions_without_land_use_land_use_change_and_forestry_lulucf_in_kilotonne_co2_equivalent
France,2009,511294.613817561,greenhouse_gas_ghgs_emissions_including_indirect_co2_without_lulucf_in_kilotonne_co2_equivalent
Russian Federation,2001,25208.8051647327,hydrofluorocarbons_hfcs_emissions_in_kilotonne_co2_equivalent
Greece,1995,110704.111282453,greenhouse_gas_ghgs_emissions_including_indirect_co2_without_lulucf_in_kilotonne_co2_equivalent
Malta,2005,149.102920708606,methane_ch4_emissions_without_land_use_land_use_change_and_forestry_lulucf_in_kilotonne_co2_equivalent
Russian Federation,2000,9894.71603003421,perfluorocarbons_pfcs_emissions_in_kilotonne_co2_equivalent
Iceland,2011,4520.22086357683,greenhouse_gas_ghgs_emissions_including_indirect_co2_without_lulucf_in_kilotonne_co2_equivalent
Ukraine,1994,161.221842716612,perfluorocarbons_pfcs_emissions_in_kilotonne_co2_equivalent
Belgium,1990,146021.236760582,greenhouse_gas_ghgs_emissions_including_indirect_co2_without_lulucf_in_kilotonne_co2_equivalent
Portugal,1992,11024.9964012123,methane_ch4_emissions_without_land_use_land_use_change_and_forestry_lulucf_in_kilotonne_co2_equivalent
Italy,2010,9725.27307577869,hydrofluorocarbons_hfcs_emissions_in_kilotonne_co2_equivalent
Monaco,1997,106.719315768663,greenhouse_gas_ghgs_emissions_without_land_use_land_use_change_and_forestry_lulucf_in_kilotonne_co2_equivalent
Portugal,1993,3921.57470054113,nitrous_oxide_n2o_emissions_without_land_use_land_use_change_and_forestry_lulucf_in_kilotonne_co2_equivalent
Iceland,2006,589.048342642654,methane_ch4_emissions_without_land_use_land_use_change_and_forestry_lulucf_in_kilotonne_co2_equivalent
Turkey,1998,593.870450437595,perfluorocarbons_pfcs_emissions_in_kilotonne_co2_equivalent
European Union,2010,3933290.52224844,carbon_dioxide_co2_emissions_without_land_use_land_use_change_and_forestry_lulucf_in_kilotonne_co2_equivalent
Germany,2009,405.8981948932,perfluorocarbons_pfcs_emissions_in_kilotonne_co2_equivalent
Netherlands,1997,28986.5752071457,methane_ch4_emissions_without_land_use_land_use_change_and_forestry_lulucf_in_kilotonne_co2_equivalent
Austria,2006,3567.39359790372,nitrous_oxide_n2o_emissions_without_land_use_land_use_change_and_forestry_lulucf_in_kilotonne_co2_equivalent
Austria,2012,79897.1151021792,greenhouse_gas_ghgs_emissions_including_indirect_co2_without_lulucf_in_kilotonne_co2_equivalent
Cyprus,2009,921.274583825,methane_ch4_emissions_without_land_use_land_use_change_and_forestry_lulucf_in_kilotonne_co2_equivalent
Netherlands,1993,231885.946678412,greenhouse_gas_ghgs_emissions_including_indirect_co2_without_lulucf_in_kilotonne_co2_equivalent
France,2004,65595.1706935046,methane_ch4_emissions_without_land_use_land_use_change_and_forestry_lulucf_in_kilotonne_co2_equivalent
Slovakia,1992,59204.279816753,greenhouse_gas_ghgs_emissions_without_land_use_land_use_change_and_forestry_lulucf_in_kilotonne_co2_equivalent
European Union,2000,2077.744334,unspecified_mix_of_hydrofluorocarbons_hfcs_and_perfluorocarbons_pfcs_emissions_in_kilotonne_co2_equivalent
Hungary,2008,4.79870808868294,perfluorocarbons_pfcs_emissions_in_kilotonne_co2_equivalent
Hungary,2001,75679.3479805696,greenhouse_gas_ghgs_emissions_without_land_use_land_use_change_and_forestry_lulucf_in_kilotonne_co2_equivalent
Lithuania,2012,13975.5232139658,carbon_dioxide_co2_emissions_without_land_use_land_use_change_and_forestry_lulucf_in_kilotonne_co2_equivalent
Belarus,2005,59664.73908178,carbon_dioxide_co2_emissions_without_land_use_land_use_change_and_forestry_lulucf_in_kilotonne_co2_equivalent
Portugal,2001,66113.7557093707,carbon_dioxide_co2_emissions_without_land_use_land_use_change_and_forestry_lulucf_in_kilotonne_co2_equivalent
Russian Federation,2014,3097.89706359207,perfluorocarbons_pfcs_emissions_in_kilotonne_co2_equivalent
European Union,1990,23.775889730364,nitrogen_trifluoride_nf3_emissions_in_kilotonne_co2_equivalent
Bulgaria,2008,4055.12998711494,nitrous_oxide_n2o_emissions_without_land_use_land_use_change_and_forestry_lulucf_in_kilotonne_co2_equivalent
Liechtenstein,2007,20.4636383509078,methane_ch4_emissions_without_land_use_land_use_change_and_forestry_lulucf_in_kilotonne_co2_equivalent
European Union,2008,802.1609268,unspecified_mix_of_hydrofluorocarbons_hfcs_and_perfluorocarbons_pfcs_emissions_in_kilotonne_co2_equivalent
France,1998,64007.5898474858,nitrous_oxide_n2o_emissions_without_land_use_land_use_change_and_forestry_lulucf_in_kilotonne_co2_equivalent
Luxembourg,1996,10141.6022970283,greenhouse_gas_ghgs_emissions_without_land_use_land_use_change_and_forestry_lulucf_in_kilotonne_co2_equivalent
Liechtenstein,2005,9.8626424137403,nitrous_oxide_n2o_emissions_without_land_use_land_use_change_and_forestry_lulucf_in_kilotonne_co2_equivalent
Hungary,2009,4149.45686329337,nitrous_oxide_n2o_emissions_without_land_use_land_use_change_and_forestry_lulucf_in_kilotonne_co2_equivalent
Russian Federation,1994,2511690.61824298,greenhouse_gas_ghgs_emissions_without_land_use_land_use_change_and_forestry_lulucf_in_kilotonne_co2_equivalent
Luxembourg,1994,1.296312268728,sulphur_hexafluoride_sf6_emissions_in_kilotonne_co2_equivalent
Spain,2005,17128.6911884712,nitrous_oxide_n2o_emissions_without_land_use_land_use_change_and_forestry_lulucf_in_kilotonne_co2_equivalent
Ukraine,2014,834.757472627407,hydrofluorocarbons_hfcs_emissions_in_kilotonne_co2_equivalent
United States of America,1997,18267.2447648966,perfluorocarbons_pfcs_emissions_in_kilotonne_co2_equivalent
Cyprus,2005,7961.983988964,carbon_dioxide_co2_emissions_without_land_use_land_use_change_and_forestry_lulucf_in_kilotonne_co2_equivalent
Portugal,2004,85857.9653153421,greenhouse_gas_ghgs_emissions_without_land_use_land_use_change_and_forestry_lulucf_in_kilotonne_co2_equivalent
Czech Republic,2002,7375.06206802929,nitrous_oxide_n2o_emissions_without_land_use_land_use_change_and_forestry_lulucf_in_kilotonne_co2_equivalent
Hungary,1994,61568.3745934751,carbon_dioxide_co2_emissions_without_land_use_land_use_change_and_forestry_lulucf_in_kilotonne_co2_equivalent
Slovakia,1993,6155.26738815384,methane_ch4_emissions_without_land_use_land_use_change_and_forestry_lulucf_in_kilotonne_co2_equivalent
Liechtenstein,2011,177.088040245414,carbon_dioxide_co2_emissions_without_land_use_land_use_change_and_forestry_lulucf_in_kilotonne_co2_equivalent
France,1991,577151.660719953,greenhouse_gas_ghgs_emissions_including_indirect_co2_without_lulucf_in_kilotonne_co2_equivalent
Greece,1992,3.111288,sulphur_hexafluoride_sf6_emissions_in_kilotonne_co2_equivalent
United States of America,2012,7581.75704849569,sulphur_hexafluoride_sf6_emissions_in_kilotonne_co2_equivalent
Austria,2013,1602.59643684061,hydrofluorocarbons_hfcs_emissions_in_kilotonne_co2_equivalent
Poland,2002,379645.914159297,greenhouse_gas_ghgs_emissions_including_indirect_co2_without_lulucf_in_kilotonne_co2_equivalent
Monaco,2003,106.126341833846,greenhouse_gas_ghgs_emissions_without_land_use_land_use_change_and_forestry_lulucf_in_kilotonne_co2_equivalent
European Union,1992,4259922.81188982,carbon_dioxide_co2_emissions_without_land_use_land_use_change_and_forestry_lulucf_in_kilotonne_co2_equivalent
Iceland,1996,2385.91382557077,carbon_dioxide_co2_emissions_without_land_use_land_use_change_and_forestry_lulucf_in_kilotonne_co2_equivalent
Italy,1996,28823.5939746128,nitrous_oxide_n2o_emissions_without_land_use_land_use_change_and_forestry_lulucf_in_kilotonne_co2_equivalent
Austria,1994,76503.4852878471,greenhouse_gas_ghgs_emissions_including_indirect_co2_without_lulucf_in_kilotonne_co2_equivalent
Ukraine,1992,795446.960614269,greenhouse_gas_ghgs_emissions_without_land_use_land_use_change_and_forestry_lulucf_in_kilotonne_co2_equivalent
Italy,1991,55829.6777542009,methane_ch4_emissions_without_land_use_land_use_change_and_forestry_lulucf_in_kilotonne_co2_equivalent
Sweden,1991,72041.2548529878,greenhouse_gas_ghgs_emissions_including_indirect_co2_without_lulucf_in_kilotonne_co2_equivalent
Monaco,2008,81.376901087813,carbon_dioxide_co2_emissions_without_land_use_land_use_change_and_forestry_lulucf_in_kilotonne_co2_equivalent
Czech Republic,2008,144582.12594207,greenhouse_gas_ghgs_emissions_without_land_use_land_use_change_and_forestry_lulucf_in_kilotonne_co2_equivalent
Italy,1996,526825.535705134,greenhouse_gas_ghgs_emissions_without_land_use_land_use_change_and_forestry_lulucf_in_kilotonne_co2_equivalent
European Union,2012,6311.53908309272,sulphur_hexafluoride_sf6_emissions_in_kilotonne_co2_equivalent
Turkey,2008,393100.907685785,greenhouse_gas_ghgs_emissions_without_land_use_land_use_change_and_forestry_lulucf_in_kilotonne_co2_equivalent
Italy,1999,55371.7154790509,methane_ch4_emissions_without_land_use_land_use_change_and_forestry_lulucf_in_kilotonne_co2_equivalent
Finland,1994,0.362145,perfluorocarbons_pfcs_emissions_in_kilotonne_co2_equivalent
Romania,2004,10507.3426599539,nitrous_oxide_n2o_emissions_without_land_use_land_use_change_and_forestry_lulucf_in_kilotonne_co2_equivalent
Liechtenstein,2001,0.015637904427,perfluorocarbons_pfcs_emissions_in_kilotonne_co2_equivalent
Romania,2014,29101.498838372,methane_ch4_emissions_without_land_use_land_use_change_and_forestry_lulucf_in_kilotonne_co2_equivalent
Liechtenstein,2006,231.217305115884,carbon_dioxide_co2_emissions_without_land_use_land_use_change_and_forestry_lulucf_in_kilotonne_co2_equivalent
Ukraine,2005,142.332050427335,perfluorocarbons_pfcs_emissions_in_kilotonne_co2_equivalent
Finland,1992,67657.2551627947,greenhouse_gas_ghgs_emissions_including_indirect_co2_without_lulucf_in_kilotonne_co2_equivalent
Spain,2006,360063.336319558,carbon_dioxide_co2_emissions_without_land_use_land_use_change_and_forestry_lulucf_in_kilotonne_co2_equivalent
Canada,1996,116885.460266137,methane_ch4_emissions_without_land_use_land_use_change_and_forestry_lulucf_in_kilotonne_co2_equivalent
Greece,2005,135924.226108271,greenhouse_gas_ghgs_emissions_including_indirect_co2_without_lulucf_in_kilotonne_co2_equivalent
Italy,1990,2906.85506987091,perfluorocarbons_pfcs_emissions_in_kilotonne_co2_equivalent
Monaco,1996,1.347291326578,methane_ch4_emissions_without_land_use_land_use_change_and_forestry_lulucf_in_kilotonne_co2_equivalent
Liechtenstein,1991,11.0653925025075,nitrous_oxide_n2o_emissions_without_land_use_land_use_change_and_forestry_lulucf_in_kilotonne_co2_equivalent
United Kingdom,2011,21105.7667727239,nitrous_oxide_n2o_emissions_without_land_use_land_use_change_and_forestry_lulucf_in_kilotonne_co2_equivalent
Denmark,2001,8611.9154571632,methane_ch4_emissions_without_land_use_land_use_change_and_forestry_lulucf_in_kilotonne_co2_equivalent
Sweden,2012,46559.6400230299,carbon_dioxide_co2_emissions_without_land_use_land_use_change_and_forestry_lulucf_in_kilotonne_co2_equivalent
France,1995,26.5426272,nitrogen_trifluoride_nf3_emissions_in_kilotonne_co2_equivalent
Australia,1999,343713.906947774,carbon_dioxide_co2_emissions_without_land_use_land_use_change_and_forestry_lulucf_in_kilotonne_co2_equivalent
Italy,2001,851.016251274588,sulphur_hexafluoride_sf6_emissions_in_kilotonne_co2_equivalent
United States of America,2010,410314.239467985,nitrous_oxide_n2o_emissions_without_land_use_land_use_change_and_forestry_lulucf_in_kilotonne_co2_equivalent
France,1999,560359.383324335,greenhouse_gas_ghgs_emissions_without_land_use_land_use_change_and_forestry_lulucf_in_kilotonne_co2_equivalent
Liechtenstein,2011,20.3737358553615,methane_ch4_emissions_without_land_use_land_use_change_and_forestry_lulucf_in_kilotonne_co2_equivalent
Norway,1995,3812.83475899116,nitrous_oxide_n2o_emissions_without_land_use_land_use_change_and_forestry_lulucf_in_kilotonne_co2_equivalent
Belgium,2002,147240.36528013,greenhouse_gas_ghgs_emissions_including_indirect_co2_without_lulucf_in_kilotonne_co2_equivalent
Bulgaria,1992,14869.2959926006,methane_ch4_emissions_without_land_use_land_use_change_and_forestry_lulucf_in_kilotonne_co2_equivalent
Hungary,1994,18.5782736540737,hydrofluorocarbons_hfcs_emissions_in_kilotonne_co2_equivalent
Czech Republic,2007,1282.33513077746,hydrofluorocarbons_hfcs_emissions_in_kilotonne_co2_equivalent
Germany,2001,7.820266724,nitrogen_trifluoride_nf3_emissions_in_kilotonne_co2_equivalent
United Kingdom,2007,835.781389045776,sulphur_hexafluoride_sf6_emissions_in_kilotonne_co2_equivalent
Iceland,1991,3463.43779029116,greenhouse_gas_ghgs_emissions_without_land_use_land_use_change_and_forestry_lulucf_in_kilotonne_co2_equivalent
Finland,2001,75324.0562236299,greenhouse_gas_ghgs_emissions_including_indirect_co2_without_lulucf_in_kilotonne_co2_equivalent
Croatia,2001,26394.0456777833,greenhouse_gas_ghgs_emissions_including_indirect_co2_without_lulucf_in_kilotonne_co2_equivalent
Slovenia,2011,19626.4639887411,greenhouse_gas_ghgs_emissions_including_indirect_co2_without_lulucf_in_kilotonne_co2_equivalent
Poland,1993,59798.5582285691,methane_ch4_emissions_without_land_use_land_use_change_and_forestry_lulucf_in_kilotonne_co2_equivalent
Hungary,2004,704.416274222243,hydrofluorocarbons_hfcs_emissions_in_kilotonne_co2_equivalent
France,1999,4206.32349490227,perfluorocarbons_pfcs_emissions_in_kilotonne_co2_equivalent
Finland,2010,5487.22228155129,methane_ch4_emissions_without_land_use_land_use_change_and_forestry_lulucf_in_kilotonne_co2_equivalent
Belgium,1993,147393.394631085,greenhouse_gas_ghgs_emissions_including_indirect_co2_without_lulucf_in_kilotonne_co2_equivalent
Lithuania,2010,13618.9126645228,carbon_dioxide_co2_emissions_without_land_use_land_use_change_and_forestry_lulucf_in_kilotonne_co2_equivalent
Croatia,2005,29285.7515786302,greenhouse_gas_ghgs_emissions_without_land_use_land_use_change_and_forestry_lulucf_in_kilotonne_co2_equivalent
United States of America,1995,6748528.92555948,greenhouse_gas_ghgs_emissions_without_land_use_land_use_change_and_forestry_lulucf_in_kilotonne_co2_equivalent
New Zealand,2007,967.3103103525,hydrofluorocarbons_hfcs_emissions_in_kilotonne_co2_equivalent
Russian Federation,2004,2471236.40549359,greenhouse_gas_ghgs_emissions_including_indirect_co2_without_lulucf_in_kilotonne_co2_equivalent
Canada,1999,2805.99692329725,hydrofluorocarbons_hfcs_emissions_in_kilotonne_co2_equivalent
Slovakia,2003,50586.5760160679,greenhouse_gas_ghgs_emissions_including_indirect_co2_without_lulucf_in_kilotonne_co2_equivalent
Slovakia,2012,43175.5884668369,greenhouse_gas_ghgs_emissions_without_land_use_land_use_change_and_forestry_lulucf_in_kilotonne_co2_equivalent
Germany,1997,1653.4839981524,perfluorocarbons_pfcs_emissions_in_kilotonne_co2_equivalent
Iceland,2001,570.077976632161,methane_ch4_emissions_without_land_use_land_use_change_and_forestry_lulucf_in_kilotonne_co2_equivalent
Austria,2003,1072.19181375814,hydrofluorocarbons_hfcs_emissions_in_kilotonne_co2_equivalent
Germany,2005,836.7689433718,perfluorocarbons_pfcs_emissions_in_kilotonne_co2_equivalent
Greece,2002,105051.466199101,carbon_dioxide_co2_emissions_without_land_use_land_use_change_and_forestry_lulucf_in_kilotonne_co2_equivalent
Bulgaria,2004,4395.67656340284,nitrous_oxide_n2o_emissions_without_land_use_land_use_change_and_forestry_lulucf_in_kilotonne_co2_equivalent
United Kingdom,2006,562083.094783584,carbon_dioxide_co2_emissions_without_land_use_land_use_change_and_forestry_lulucf_in_kilotonne_co2_equivalent
Croatia,2003,2173.68198135036,nitrous_oxide_n2o_emissions_without_land_use_land_use_change_and_forestry_lulucf_in_kilotonne_co2_equivalent
Bulgaria,2001,6.867985143396,sulphur_hexafluoride_sf6_emissions_in_kilotonne_co2_equivalent
Liechtenstein,2002,0.01932257649335,perfluorocarbons_pfcs_emissions_in_kilotonne_co2_equivalent
Netherlands,2005,214192.526400494,greenhouse_gas_ghgs_emissions_without_land_use_land_use_change_and_forestry_lulucf_in_kilotonne_co2_equivalent
France,2003,3838.7786681438,perfluorocarbons_pfcs_emissions_in_kilotonne_co2_equivalent
Sweden,2007,52911.7267272877,carbon_dioxide_co2_emissions_without_land_use_land_use_change_and_forestry_lulucf_in_kilotonne_co2_equivalent
Cyprus,1991,0.1555962,hydrofluorocarbons_hfcs_emissions_in_kilotonne_co2_equivalent
Netherlands,1997,175487.970753103,carbon_dioxide_co2_emissions_without_land_use_land_use_change_and_forestry_lulucf_in_kilotonne_co2_equivalent
Slovenia,1996,19440.2444733498,greenhouse_gas_ghgs_emissions_including_indirect_co2_without_lulucf_in_kilotonne_co2_equivalent
Denmark,1994,80897.0768727475,greenhouse_gas_ghgs_emissions_without_land_use_land_use_change_and_forestry_lulucf_in_kilotonne_co2_equivalent
Ireland,2003,46.6292,nitrogen_trifluoride_nf3_emissions_in_kilotonne_co2_equivalent
Croatia,1996,2968.51300596132,methane_ch4_emissions_without_land_use_land_use_change_and_forestry_lulucf_in_kilotonne_co2_equivalent
Italy,2004,1950.88149161402,perfluorocarbons_pfcs_emissions_in_kilotonne_co2_equivalent
Bulgaria,1996,11936.1665164785,methane_ch4_emissions_without_land_use_land_use_change_and_forestry_lulucf_in_kilotonne_co2_equivalent
United Kingdom,1998,493.732145401098,perfluorocarbons_pfcs_emissions_in_kilotonne_co2_equivalent
Austria,1995,64202.1592201769,carbon_dioxide_co2_emissions_without_land_use_land_use_change_and_forestry_lulucf_in_kilotonne_co2_equivalent
France,2013,19170.7393294348,hydrofluorocarbons_hfcs_emissions_in_kilotonne_co2_equivalent
Finland,2009,5404.95544159765,methane_ch4_emissions_without_land_use_land_use_change_and_forestry_lulucf_in_kilotonne_co2_equivalent
European Union,2002,8597.24695412468,sulphur_hexafluoride_sf6_emissions_in_kilotonne_co2_equivalent
Greece,1997,6686.38644285652,nitrous_oxide_n2o_emissions_without_land_use_land_use_change_and_forestry_lulucf_in_kilotonne_co2_equivalent
United Kingdom,2011,0.299454200912,nitrogen_trifluoride_nf3_emissions_in_kilotonne_co2_equivalent
Austria,2000,10.5092,nitrogen_trifluoride_nf3_emissions_in_kilotonne_co2_equivalent
Lithuania,2014,19777.7498061516,greenhouse_gas_ghgs_emissions_without_land_use_land_use_change_and_forestry_lulucf_in_kilotonne_co2_equivalent
Netherlands,2004,219308.109761634,greenhouse_gas_ghgs_emissions_including_indirect_co2_without_lulucf_in_kilotonne_co2_equivalent
United Kingdom,2001,27504.5774206487,nitrous_oxide_n2o_emissions_without_land_use_land_use_change_and_forestry_lulucf_in_kilotonne_co2_equivalent
Latvia,2006,1597.0427033129,nitrous_oxide_n2o_emissions_without_land_use_land_use_change_and_forestry_lulucf_in_kilotonne_co2_equivalent
Norway,2005,297.670751865432,sulphur_hexafluoride_sf6_emissions_in_kilotonne_co2_equivalent
Belarus,2001,53783.847673632,carbon_dioxide_co2_emissions_without_land_use_land_use_change_and_forestry_lulucf_in_kilotonne_co2_equivalent
Ukraine,2014,35593.6514959441,nitrous_oxide_n2o_emissions_without_land_use_land_use_change_and_forestry_lulucf_in_kilotonne_co2_equivalent
France,2001,69813.1366322753,methane_ch4_emissions_without_land_use_land_use_change_and_forestry_lulucf_in_kilotonne_co2_equivalent
Slovenia,1996,34.7990647452631,hydrofluorocarbons_hfcs_emissions_in_kilotonne_co2_equivalent
Denmark,2012,39524.4020330104,carbon_dioxide_co2_emissions_without_land_use_land_use_change_and_forestry_lulucf_in_kilotonne_co2_equivalent
Hungary,2008,1163.87453384613,hydrofluorocarbons_hfcs_emissions_in_kilotonne_co2_equivalent
Australia,2010,19698.2988200131,nitrous_oxide_n2o_emissions_without_land_use_land_use_change_and_forestry_lulucf_in_kilotonne_co2_equivalent
Norway,2003,55665.8918961297,greenhouse_gas_ghgs_emissions_without_land_use_land_use_change_and_forestry_lulucf_in_kilotonne_co2_equivalent
Malta,2003,2.0615591736,sulphur_hexafluoride_sf6_emissions_in_kilotonne_co2_equivalent
Switzerland,1994,42613.303737038,carbon_dioxide_co2_emissions_without_land_use_land_use_change_and_forestry_lulucf_in_kilotonne_co2_equivalent
Romania,2007,148708.180463993,greenhouse_gas_ghgs_emissions_including_indirect_co2_without_lulucf_in_kilotonne_co2_equivalent
Hungary,1990,94133.9719251175,greenhouse_gas_ghgs_emissions_without_land_use_land_use_change_and_forestry_lulucf_in_kilotonne_co2_equivalent
Hungary,2014,7613.96898517364,methane_ch4_emissions_without_land_use_land_use_change_and_forestry_lulucf_in_kilotonne_co2_equivalent
Slovakia,2008,386.228973506857,hydrofluorocarbons_hfcs_emissions_in_kilotonne_co2_equivalent
Italy,1993,53531.2373140554,methane_ch4_emissions_without_land_use_land_use_change_and_forestry_lulucf_in_kilotonne_co2_equivalent
New Zealand,1991,7388.32723487971,nitrous_oxide_n2o_emissions_without_land_use_land_use_change_and_forestry_lulucf_in_kilotonne_co2_equivalent
Germany,2013,193.404159,unspecified_mix_of_hydrofluorocarbons_hfcs_and_perfluorocarbons_pfcs_emissions_in_kilotonne_co2_equivalent
Romania,2014,6.3449,perfluorocarbons_pfcs_emissions_in_kilotonne_co2_equivalent
Slovakia,2002,50144.7586875242,greenhouse_gas_ghgs_emissions_including_indirect_co2_without_lulucf_in_kilotonne_co2_equivalent
European Union,2014,452695.943070072,methane_ch4_emissions_without_land_use_land_use_change_and_forestry_lulucf_in_kilotonne_co2_equivalent
Canada,2012,38773.5415647623,nitrous_oxide_n2o_emissions_without_land_use_land_use_change_and_forestry_lulucf_in_kilotonne_co2_equivalent
European Union,2008,5119.1397055615,perfluorocarbons_pfcs_emissions_in_kilotonne_co2_equivalent
Turkey,2007,19094.9833270339,nitrous_oxide_n2o_emissions_without_land_use_land_use_change_and_forestry_lulucf_in_kilotonne_co2_equivalent
Estonia,2012,17304.6372276438,carbon_dioxide_co2_emissions_without_land_use_land_use_change_and_forestry_lulucf_in_kilotonne_co2_equivalent
Germany,1993,5973.591374304,sulphur_hexafluoride_sf6_emissions_in_kilotonne_co2_equivalent
Cyprus,1994,351.946642,nitrous_oxide_n2o_emissions_without_land_use_land_use_change_and_forestry_lulucf_in_kilotonne_co2_equivalent
Portugal,1998,77195.2341542197,greenhouse_gas_ghgs_emissions_including_indirect_co2_without_lulucf_in_kilotonne_co2_equivalent
Luxembourg,1993,14.6976863369836,hydrofluorocarbons_hfcs_emissions_in_kilotonne_co2_equivalent
Austria,2003,92018.4811411606,greenhouse_gas_ghgs_emissions_without_land_use_land_use_change_and_forestry_lulucf_in_kilotonne_co2_equivalent
Italy,2005,50821.1119885594,methane_ch4_emissions_without_land_use_land_use_change_and_forestry_lulucf_in_kilotonne_co2_equivalent
European Union,2014,239890.166462187,nitrous_oxide_n2o_emissions_without_land_use_land_use_change_and_forestry_lulucf_in_kilotonne_co2_equivalent
Greece,1992,187.741785,perfluorocarbons_pfcs_emissions_in_kilotonne_co2_equivalent
Sweden,2010,64997.0873748557,greenhouse_gas_ghgs_emissions_including_indirect_co2_without_lulucf_in_kilotonne_co2_equivalent
Belgium,1993,147393.394631085,greenhouse_gas_ghgs_emissions_without_land_use_land_use_change_and_forestry_lulucf_in_kilotonne_co2_equivalent
Switzerland,1999,2564.81485271727,nitrous_oxide_n2o_emissions_without_land_use_land_use_change_and_forestry_lulucf_in_kilotonne_co2_equivalent
Poland,2014,8586.93099752278,hydrofluorocarbons_hfcs_emissions_in_kilotonne_co2_equivalent
United Kingdom,2006,690320.993313288,greenhouse_gas_ghgs_emissions_without_land_use_land_use_change_and_forestry_lulucf_in_kilotonne_co2_equivalent
Germany,2013,3261.20165826,sulphur_hexafluoride_sf6_emissions_in_kilotonne_co2_equivalent
Hungary,1997,79.634530733028,sulphur_hexafluoride_sf6_emissions_in_kilotonne_co2_equivalent
Russian Federation,2007,817694.587677569,methane_ch4_emissions_without_land_use_land_use_change_and_forestry_lulucf_in_kilotonne_co2_equivalent
Belgium,2014,96325.4131833302,carbon_dioxide_co2_emissions_without_land_use_land_use_change_and_forestry_lulucf_in_kilotonne_co2_equivalent
Finland,1992,67421.2277150837,greenhouse_gas_ghgs_emissions_without_land_use_land_use_change_and_forestry_lulucf_in_kilotonne_co2_equivalent
France,2011,491554.288494215,greenhouse_gas_ghgs_emissions_without_land_use_land_use_change_and_forestry_lulucf_in_kilotonne_co2_equivalent
Norway,2005,614.391364491026,hydrofluorocarbons_hfcs_emissions_in_kilotonne_co2_equivalent
Iceland,2009,3521.8907096149,carbon_dioxide_co2_emissions_without_land_use_land_use_change_and_forestry_lulucf_in_kilotonne_co2_equivalent
France,2006,64334.0646145919,methane_ch4_emissions_without_land_use_land_use_change_and_forestry_lulucf_in_kilotonne_co2_equivalent
Cyprus,2014,923.95729815,methane_ch4_emissions_without_land_use_land_use_change_and_forestry_lulucf_in_kilotonne_co2_equivalent
Ireland,1998,79.217,perfluorocarbons_pfcs_emissions_in_kilotonne_co2_equivalent
Sweden,2003,790.723755490292,hydrofluorocarbons_hfcs_emissions_in_kilotonne_co2_equivalent
Hungary,2001,266.845373482288,perfluorocarbons_pfcs_emissions_in_kilotonne_co2_equivalent
Canada,2006,2986.03241274414,perfluorocarbons_pfcs_emissions_in_kilotonne_co2_equivalent
Germany,2009,44969.9864483368,nitrous_oxide_n2o_emissions_without_land_use_land_use_change_and_forestry_lulucf_in_kilotonne_co2_equivalent
Ireland,2001,8189.97350111337,nitrous_oxide_n2o_emissions_without_land_use_land_use_change_and_forestry_lulucf_in_kilotonne_co2_equivalent
Latvia,2011,1726.2775176392,nitrous_oxide_n2o_emissions_without_land_use_land_use_change_and_forestry_lulucf_in_kilotonne_co2_equivalent
Australia,2003,18765.2767014156,nitrous_oxide_n2o_emissions_without_land_use_land_use_change_and_forestry_lulucf_in_kilotonne_co2_equivalent
Denmark,1999,58456.4158198368,carbon_dioxide_co2_emissions_without_land_use_land_use_change_and_forestry_lulucf_in_kilotonne_co2_equivalent
Portugal,2005,70034.5294076015,carbon_dioxide_co2_emissions_without_land_use_land_use_change_and_forestry_lulucf_in_kilotonne_co2_equivalent
Finland,2009,67670.2911623919,greenhouse_gas_ghgs_emissions_including_indirect_co2_without_lulucf_in_kilotonne_co2_equivalent
Germany,1997,59540.8018578211,nitrous_oxide_n2o_emissions_without_land_use_land_use_change_and_forestry_lulucf_in_kilotonne_co2_equivalent
Turkey,2011,338094.408177677,carbon_dioxide_co2_emissions_without_land_use_land_use_change_and_forestry_lulucf_in_kilotonne_co2_equivalent
Romania,2004,104575.077756967,carbon_dioxide_co2_emissions_without_land_use_land_use_change_and_forestry_lulucf_in_kilotonne_co2_equivalent
Canada,1994,646008.211066791,greenhouse_gas_ghgs_emissions_without_land_use_land_use_change_and_forestry_lulucf_in_kilotonne_co2_equivalent
Turkey,2011,3432.68576844341,hydrofluorocarbons_hfcs_emissions_in_kilotonne_co2_equivalent
Lithuania,2014,19777.7498061516,greenhouse_gas_ghgs_emissions_including_indirect_co2_without_lulucf_in_kilotonne_co2_equivalent
Netherlands,2014,18771.5091659698,methane_ch4_emissions_without_land_use_land_use_change_and_forestry_lulucf_in_kilotonne_co2_equivalent
Portugal,1993,65464.5206939062,greenhouse_gas_ghgs_emissions_without_land_use_land_use_change_and_forestry_lulucf_in_kilotonne_co2_equivalent
Latvia,2013,204.353363501071,hydrofluorocarbons_hfcs_emissions_in_kilotonne_co2_equivalent
United States of America,1995,83.237130754636,nitrogen_trifluoride_nf3_emissions_in_kilotonne_co2_equivalent
Lithuania,1993,24548.3043848785,greenhouse_gas_ghgs_emissions_including_indirect_co2_without_lulucf_in_kilotonne_co2_equivalent
European Union,2004,132.425271746812,nitrogen_trifluoride_nf3_emissions_in_kilotonne_co2_equivalent
Iceland,2006,4454.03498592419,greenhouse_gas_ghgs_emissions_including_indirect_co2_without_lulucf_in_kilotonne_co2_equivalent
Bulgaria,1991,81926.0193674077,greenhouse_gas_ghgs_emissions_without_land_use_land_use_change_and_forestry_lulucf_in_kilotonne_co2_equivalent
Romania,2011,124264.61705774,greenhouse_gas_ghgs_emissions_including_indirect_co2_without_lulucf_in_kilotonne_co2_equivalent
Belarus,1992,116588.686464578,greenhouse_gas_ghgs_emissions_without_land_use_land_use_change_and_forestry_lulucf_in_kilotonne_co2_equivalent
Czech Republic,1991,21607.1754215005,methane_ch4_emissions_without_land_use_land_use_change_and_forestry_lulucf_in_kilotonne_co2_equivalent
Finland,2006,80739.0685181776,greenhouse_gas_ghgs_emissions_including_indirect_co2_without_lulucf_in_kilotonne_co2_equivalent
Denmark,2012,12.248821396879,perfluorocarbons_pfcs_emissions_in_kilotonne_co2_equivalent
United Kingdom,2012,582946.592660431,greenhouse_gas_ghgs_emissions_without_land_use_land_use_change_and_forestry_lulucf_in_kilotonne_co2_equivalent
Denmark,2007,1010.20386173366,hydrofluorocarbons_hfcs_emissions_in_kilotonne_co2_equivalent
Portugal,2004,731.408096327626,hydrofluorocarbons_hfcs_emissions_in_kilotonne_co2_equivalent
Portugal,2005,13508.0444706683,methane_ch4_emissions_without_land_use_land_use_change_and_forestry_lulucf_in_kilotonne_co2_equivalent
Sweden,1991,72041.2548529878,greenhouse_gas_ghgs_emissions_without_land_use_land_use_change_and_forestry_lulucf_in_kilotonne_co2_equivalent
European Union,2004,297172.717319457,nitrous_oxide_n2o_emissions_without_land_use_land_use_change_and_forestry_lulucf_in_kilotonne_co2_equivalent
Slovenia,2006,17.933872904172,sulphur_hexafluoride_sf6_emissions_in_kilotonne_co2_equivalent
Turkey,2006,450.058435364841,perfluorocarbons_pfcs_emissions_in_kilotonne_co2_equivalent
Russian Federation,2002,2342532.90912542,greenhouse_gas_ghgs_emissions_without_land_use_land_use_change_and_forestry_lulucf_in_kilotonne_co2_equivalent
Cyprus,1996,0.0659599212,sulphur_hexafluoride_sf6_emissions_in_kilotonne_co2_equivalent
Finland,2009,67575.2972016161,greenhouse_gas_ghgs_emissions_without_land_use_land_use_change_and_forestry_lulucf_in_kilotonne_co2_equivalent
Austria,2010,72531.826129136,carbon_dioxide_co2_emissions_without_land_use_land_use_change_and_forestry_lulucf_in_kilotonne_co2_equivalent
Romania,2003,304.53930993522,perfluorocarbons_pfcs_emissions_in_kilotonne_co2_equivalent
Italy,1995,813.440876179556,hydrofluorocarbons_hfcs_emissions_in_kilotonne_co2_equivalent
Australia,1996,439803.962228252,greenhouse_gas_ghgs_emissions_including_indirect_co2_without_lulucf_in_kilotonne_co2_equivalent
Bulgaria,1990,78197.8812570199,carbon_dioxide_co2_emissions_without_land_use_land_use_change_and_forestry_lulucf_in_kilotonne_co2_equivalent
Italy,2008,49053.2980477557,methane_ch4_emissions_without_land_use_land_use_change_and_forestry_lulucf_in_kilotonne_co2_equivalent
Slovenia,1990,839.364407323638,nitrous_oxide_n2o_emissions_without_land_use_land_use_change_and_forestry_lulucf_in_kilotonne_co2_equivalent
Greece,2001,4781.3884482475,hydrofluorocarbons_hfcs_emissions_in_kilotonne_co2_equivalent
Germany,1999,6.685066724,nitrogen_trifluoride_nf3_emissions_in_kilotonne_co2_equivalent
European Union,2014,4278052.25141196,greenhouse_gas_ghgs_emissions_without_land_use_land_use_change_and_forestry_lulucf_in_kilotonne_co2_equivalent
Belgium,1998,11057.2645597503,nitrous_oxide_n2o_emissions_without_land_use_land_use_change_and_forestry_lulucf_in_kilotonne_co2_equivalent
Japan,2010,1304902.64207128,greenhouse_gas_ghgs_emissions_including_indirect_co2_without_lulucf_in_kilotonne_co2_equivalent
United Kingdom,2000,596.78918510676,perfluorocarbons_pfcs_emissions_in_kilotonne_co2_equivalent
Lithuania,1991,37908.6124957275,carbon_dioxide_co2_emissions_without_land_use_land_use_change_and_forestry_lulucf_in_kilotonne_co2_equivalent
Romania,2002,37815.8281581869,methane_ch4_emissions_without_land_use_land_use_change_and_forestry_lulucf_in_kilotonne_co2_equivalent
Germany,1997,1104243.75369149,greenhouse_gas_ghgs_emissions_including_indirect_co2_without_lulucf_in_kilotonne_co2_equivalent
Belgium,1999,11265.277849541,methane_ch4_emissions_without_land_use_land_use_change_and_forestry_lulucf_in_kilotonne_co2_equivalent
Japan,2004,24895.5761326628,nitrous_oxide_n2o_emissions_without_land_use_land_use_change_and_forestry_lulucf_in_kilotonne_co2_equivalent
Spain,1995,31370.4074782782,methane_ch4_emissions_without_land_use_land_use_change_and_forestry_lulucf_in_kilotonne_co2_equivalent
Poland,1998,174.858115175,perfluorocarbons_pfcs_emissions_in_kilotonne_co2_equivalent
Croatia,1990,31204.6312635073,greenhouse_gas_ghgs_emissions_without_land_use_land_use_change_and_forestry_lulucf_in_kilotonne_co2_equivalent
Netherlands,1993,32645.9685900643,methane_ch4_emissions_without_land_use_land_use_change_and_forestry_lulucf_in_kilotonne_co2_equivalent
Portugal,2009,12448.6379070819,methane_ch4_emissions_without_land_use_land_use_change_and_forestry_lulucf_in_kilotonne_co2_equivalent
European Union,2014,6140.88662804132,sulphur_hexafluoride_sf6_emissions_in_kilotonne_co2_equivalent
Bulgaria,2010,12.467812445988,sulphur_hexafluoride_sf6_emissions_in_kilotonne_co2_equivalent
Italy,2003,29067.955280636,nitrous_oxide_n2o_emissions_without_land_use_land_use_change_and_forestry_lulucf_in_kilotonne_co2_equivalent
Romania,2005,102414.252372896,carbon_dioxide_co2_emissions_without_land_use_land_use_change_and_forestry_lulucf_in_kilotonne_co2_equivalent
Italy,1990,27427.1150136846,nitrous_oxide_n2o_emissions_without_land_use_land_use_change_and_forestry_lulucf_in_kilotonne_co2_equivalent
Switzerland,2005,45778.0894571267,carbon_dioxide_co2_emissions_without_land_use_land_use_change_and_forestry_lulucf_in_kilotonne_co2_equivalent
Poland,1993,144.85690954,perfluorocarbons_pfcs_emissions_in_kilotonne_co2_equivalent
Bulgaria,1991,15313.2688547055,methane_ch4_emissions_without_land_use_land_use_change_and_forestry_lulucf_in_kilotonne_co2_equivalent
Romania,2003,105737.481034365,carbon_dioxide_co2_emissions_without_land_use_land_use_change_and_forestry_lulucf_in_kilotonne_co2_equivalent
Russian Federation,2004,1575180.85973468,carbon_dioxide_co2_emissions_without_land_use_land_use_change_and_forestry_lulucf_in_kilotonne_co2_equivalent
Cyprus,1999,831.09081945,methane_ch4_emissions_without_land_use_land_use_change_and_forestry_lulucf_in_kilotonne_co2_equivalent
Hungary,2014,57225.1552772286,greenhouse_gas_ghgs_emissions_without_land_use_land_use_change_and_forestry_lulucf_in_kilotonne_co2_equivalent
Spain,2010,353724.689074692,greenhouse_gas_ghgs_emissions_without_land_use_land_use_change_and_forestry_lulucf_in_kilotonne_co2_equivalent
Cyprus,2003,8914.58309273857,greenhouse_gas_ghgs_emissions_including_indirect_co2_without_lulucf_in_kilotonne_co2_equivalent
Cyprus,2013,8020.09846997047,greenhouse_gas_ghgs_emissions_including_indirect_co2_without_lulucf_in_kilotonne_co2_equivalent
Denmark,2004,6050.82549268459,nitrous_oxide_n2o_emissions_without_land_use_land_use_change_and_forestry_lulucf_in_kilotonne_co2_equivalent
Estonia,1999,576.253562953293,nitrous_oxide_n2o_emissions_without_land_use_land_use_change_and_forestry_lulucf_in_kilotonne_co2_equivalent
Ireland,1993,3.59107427373691,hydrofluorocarbons_hfcs_emissions_in_kilotonne_co2_equivalent
Estonia,1995,702.713971252113,nitrous_oxide_n2o_emissions_without_land_use_land_use_change_and_forestry_lulucf_in_kilotonne_co2_equivalent
Canada,1997,6374.9048486145,perfluorocarbons_pfcs_emissions_in_kilotonne_co2_equivalent
Germany,1996,7.221133276,nitrogen_trifluoride_nf3_emissions_in_kilotonne_co2_equivalent
Finland,2005,22.189085937624,sulphur_hexafluoride_sf6_emissions_in_kilotonne_co2_equivalent
United Kingdom,1998,746962.022119071,greenhouse_gas_ghgs_emissions_without_land_use_land_use_change_and_forestry_lulucf_in_kilotonne_co2_equivalent
Japan,1999,9176.61669000422,sulphur_hexafluoride_sf6_emissions_in_kilotonne_co2_equivalent
Monaco,2005,101.10929267777,greenhouse_gas_ghgs_emissions_including_indirect_co2_without_lulucf_in_kilotonne_co2_equivalent
Austria,2014,312.959664632664,sulphur_hexafluoride_sf6_emissions_in_kilotonne_co2_equivalent
Australia,2007,162.21841079664,sulphur_hexafluoride_sf6_emissions_in_kilotonne_co2_equivalent
Ireland,2012,38031.6187161936,carbon_dioxide_co2_emissions_without_land_use_land_use_change_and_forestry_lulucf_in_kilotonne_co2_equivalent
Switzerland,2012,5164.95570965621,methane_ch4_emissions_without_land_use_land_use_change_and_forestry_lulucf_in_kilotonne_co2_equivalent
Netherlands,2009,2174.82758924066,hydrofluorocarbons_hfcs_emissions_in_kilotonne_co2_equivalent
Lithuania,1993,24548.3043848785,greenhouse_gas_ghgs_emissions_without_land_use_land_use_change_and_forestry_lulucf_in_kilotonne_co2_equivalent
Hungary,1992,62050.1263972833,carbon_dioxide_co2_emissions_without_land_use_land_use_change_and_forestry_lulucf_in_kilotonne_co2_equivalent
Croatia,1993,22658.2944835065,greenhouse_gas_ghgs_emissions_including_indirect_co2_without_lulucf_in_kilotonne_co2_equivalent
Hungary,2000,273.441768424328,hydrofluorocarbons_hfcs_emissions_in_kilotonne_co2_equivalent
Belarus,2010,17109.267876475,methane_ch4_emissions_without_land_use_land_use_change_and_forestry_lulucf_in_kilotonne_co2_equivalent
Norway,1990,2098.53683226432,sulphur_hexafluoride_sf6_emissions_in_kilotonne_co2_equivalent
Estonia,1997,1318.57002819266,methane_ch4_emissions_without_land_use_land_use_change_and_forestry_lulucf_in_kilotonne_co2_equivalent
Bulgaria,2012,48117.5560830313,carbon_dioxide_co2_emissions_without_land_use_land_use_change_and_forestry_lulucf_in_kilotonne_co2_equivalent
Greece,1994,108402.558432157,greenhouse_gas_ghgs_emissions_without_land_use_land_use_change_and_forestry_lulucf_in_kilotonne_co2_equivalent
Ireland,2002,46.5776,nitrogen_trifluoride_nf3_emissions_in_kilotonne_co2_equivalent
United States of America,2002,556.238230633404,nitrogen_trifluoride_nf3_emissions_in_kilotonne_co2_equivalent
Ireland,2006,60.206194326732,sulphur_hexafluoride_sf6_emissions_in_kilotonne_co2_equivalent
Latvia,2008,11953.985644454,greenhouse_gas_ghgs_emissions_including_indirect_co2_without_lulucf_in_kilotonne_co2_equivalent
Australia,1990,1424.68352,hydrofluorocarbons_hfcs_emissions_in_kilotonne_co2_equivalent
Cyprus,2006,9567.54719307495,greenhouse_gas_ghgs_emissions_without_land_use_land_use_change_and_forestry_lulucf_in_kilotonne_co2_equivalent
Croatia,1994,16342.1818762402,carbon_dioxide_co2_emissions_without_land_use_land_use_change_and_forestry_lulucf_in_kilotonne_co2_equivalent
Turkey,2012,21116.024161751,nitrous_oxide_n2o_emissions_without_land_use_land_use_change_and_forestry_lulucf_in_kilotonne_co2_equivalent
Canada,2004,585414.860574334,carbon_dioxide_co2_emissions_without_land_use_land_use_change_and_forestry_lulucf_in_kilotonne_co2_equivalent
United States of America,2010,722410.566141546,methane_ch4_emissions_without_land_use_land_use_change_and_forestry_lulucf_in_kilotonne_co2_equivalent
Canada,2010,440.421343627104,sulphur_hexafluoride_sf6_emissions_in_kilotonne_co2_equivalent
Estonia,2003,18782.3647025788,greenhouse_gas_ghgs_emissions_including_indirect_co2_without_lulucf_in_kilotonne_co2_equivalent
Iceland,1997,1.24374,sulphur_hexafluoride_sf6_emissions_in_kilotonne_co2_equivalent
Estonia,2003,18782.3647025788,greenhouse_gas_ghgs_emissions_without_land_use_land_use_change_and_forestry_lulucf_in_kilotonne_co2_equivalent
Malta,1994,107.984439625268,methane_ch4_emissions_without_land_use_land_use_change_and_forestry_lulucf_in_kilotonne_co2_equivalent
Monaco,2001,0.114217968,sulphur_hexafluoride_sf6_emissions_in_kilotonne_co2_equivalent
Netherlands,1993,231338.866963167,greenhouse_gas_ghgs_emissions_without_land_use_land_use_change_and_forestry_lulucf_in_kilotonne_co2_equivalent
Slovakia,2010,4707.52415289806,methane_ch4_emissions_without_land_use_land_use_change_and_forestry_lulucf_in_kilotonne_co2_equivalent
Switzerland,2002,52481.142702361,greenhouse_gas_ghgs_emissions_including_indirect_co2_without_lulucf_in_kilotonne_co2_equivalent
Luxembourg,1996,19.6322953370298,hydrofluorocarbons_hfcs_emissions_in_kilotonne_co2_equivalent
Canada,2001,2557.10564303854,sulphur_hexafluoride_sf6_emissions_in_kilotonne_co2_equivalent
Sweden,2002,119.59982426358,sulphur_hexafluoride_sf6_emissions_in_kilotonne_co2_equivalent
Romania,2006,106175.991142102,carbon_dioxide_co2_emissions_without_land_use_land_use_change_and_forestry_lulucf_in_kilotonne_co2_equivalent
Australia,1992,423080.108191254,greenhouse_gas_ghgs_emissions_without_land_use_land_use_change_and_forestry_lulucf_in_kilotonne_co2_equivalent
Finland,2014,5016.97475927124,methane_ch4_emissions_without_land_use_land_use_change_and_forestry_lulucf_in_kilotonne_co2_equivalent
Ireland,2002,45952.7301698154,carbon_dioxide_co2_emissions_without_land_use_land_use_change_and_forestry_lulucf_in_kilotonne_co2_equivalent
Turkey,2006,371320.553164485,greenhouse_gas_ghgs_emissions_including_indirect_co2_without_lulucf_in_kilotonne_co2_equivalent
Hungary,1992,77312.1715997952,greenhouse_gas_ghgs_emissions_without_land_use_land_use_change_and_forestry_lulucf_in_kilotonne_co2_equivalent
Belgium,2012,8235.73548496177,methane_ch4_emissions_without_land_use_land_use_change_and_forestry_lulucf_in_kilotonne_co2_equivalent
Romania,2014,74046.4676268308,carbon_dioxide_co2_emissions_without_land_use_land_use_change_and_forestry_lulucf_in_kilotonne_co2_equivalent
Greece,2010,118626.517522768,greenhouse_gas_ghgs_emissions_without_land_use_land_use_change_and_forestry_lulucf_in_kilotonne_co2_equivalent
Turkey,2014,4916.55266956241,hydrofluorocarbons_hfcs_emissions_in_kilotonne_co2_equivalent
United States of America,1990,5115095.04749812,carbon_dioxide_co2_emissions_without_land_use_land_use_change_and_forestry_lulucf_in_kilotonne_co2_equivalent
European Union,1999,311617.795637016,nitrous_oxide_n2o_emissions_without_land_use_land_use_change_and_forestry_lulucf_in_kilotonne_co2_equivalent
Canada,1995,497224.83692526,carbon_dioxide_co2_emissions_without_land_use_land_use_change_and_forestry_lulucf_in_kilotonne_co2_equivalent
Spain,2009,231.2641620684,sulphur_hexafluoride_sf6_emissions_in_kilotonne_co2_equivalent
European Union,1998,5272462.07000893,greenhouse_gas_ghgs_emissions_including_indirect_co2_without_lulucf_in_kilotonne_co2_equivalent
Netherlands,1999,26493.871767821,methane_ch4_emissions_without_land_use_land_use_change_and_forestry_lulucf_in_kilotonne_co2_equivalent
Ukraine,2012,10.9896,sulphur_hexafluoride_sf6_emissions_in_kilotonne_co2_equivalent
Belarus,1996,82375.194219344,greenhouse_gas_ghgs_emissions_without_land_use_land_use_change_and_forestry_lulucf_in_kilotonne_co2_equivalent
United Kingdom,2005,0.288673077856,nitrogen_trifluoride_nf3_emissions_in_kilotonne_co2_equivalent
Netherlands,1996,29941.6368265097,methane_ch4_emissions_without_land_use_land_use_change_and_forestry_lulucf_in_kilotonne_co2_equivalent
Norway,2013,2537.98859746485,nitrous_oxide_n2o_emissions_without_land_use_land_use_change_and_forestry_lulucf_in_kilotonne_co2_equivalent
Estonia,2011,1.769774646,sulphur_hexafluoride_sf6_emissions_in_kilotonne_co2_equivalent
United Kingdom,1990,137607.97835943,methane_ch4_emissions_without_land_use_land_use_change_and_forestry_lulucf_in_kilotonne_co2_equivalent
Croatia,2014,582.7729385,hydrofluorocarbons_hfcs_emissions_in_kilotonne_co2_equivalent
Turkey,2011,415868.814166092,greenhouse_gas_ghgs_emissions_without_land_use_land_use_change_and_forestry_lulucf_in_kilotonne_co2_equivalent
Austria,2005,493.62501427176,sulphur_hexafluoride_sf6_emissions_in_kilotonne_co2_equivalent
Ukraine,2010,287113.606385185,carbon_dioxide_co2_emissions_without_land_use_land_use_change_and_forestry_lulucf_in_kilotonne_co2_equivalent
United States of America,1998,737821.420619752,methane_ch4_emissions_without_land_use_land_use_change_and_forestry_lulucf_in_kilotonne_co2_equivalent
European Union,1990,29125.6362996247,hydrofluorocarbons_hfcs_emissions_in_kilotonne_co2_equivalent
Liechtenstein,2009,205.590543733379,carbon_dioxide_co2_emissions_without_land_use_land_use_change_and_forestry_lulucf_in_kilotonne_co2_equivalent
Switzerland,1999,53037.5981502569,greenhouse_gas_ghgs_emissions_without_land_use_land_use_change_and_forestry_lulucf_in_kilotonne_co2_equivalent
Ukraine,2001,112.079867800228,perfluorocarbons_pfcs_emissions_in_kilotonne_co2_equivalent
Iceland,2003,3918.59269639407,greenhouse_gas_ghgs_emissions_including_indirect_co2_without_lulucf_in_kilotonne_co2_equivalent
Iceland,1992,1.24374,sulphur_hexafluoride_sf6_emissions_in_kilotonne_co2_equivalent
Czech Republic,1991,179630.548190822,greenhouse_gas_ghgs_emissions_including_indirect_co2_without_lulucf_in_kilotonne_co2_equivalent
Germany,2002,1036942.43863737,greenhouse_gas_ghgs_emissions_including_indirect_co2_without_lulucf_in_kilotonne_co2_equivalent
European Union,2001,9734.46382186482,sulphur_hexafluoride_sf6_emissions_in_kilotonne_co2_equivalent
Lithuania,2008,3.4748796,sulphur_hexafluoride_sf6_emissions_in_kilotonne_co2_equivalent
Hungary,1992,77312.1715997952,greenhouse_gas_ghgs_emissions_including_indirect_co2_without_lulucf_in_kilotonne_co2_equivalent
Poland,2013,8091.91898035242,hydrofluorocarbons_hfcs_emissions_in_kilotonne_co2_equivalent
Greece,2009,91.3453978446758,perfluorocarbons_pfcs_emissions_in_kilotonne_co2_equivalent
Sweden,2003,6697.65944365526,methane_ch4_emissions_without_land_use_land_use_change_and_forestry_lulucf_in_kilotonne_co2_equivalent
United Kingdom,2008,78550.1722167093,methane_ch4_emissions_without_land_use_land_use_change_and_forestry_lulucf_in_kilotonne_co2_equivalent
United States of America,1994,65.892166540752,nitrogen_trifluoride_nf3_emissions_in_kilotonne_co2_equivalent
Liechtenstein,1991,0.00011556618428,perfluorocarbons_pfcs_emissions_in_kilotonne_co2_equivalent
Bulgaria,2012,7643.91941086577,methane_ch4_emissions_without_land_use_land_use_change_and_forestry_lulucf_in_kilotonne_co2_equivalent
Canada,1998,2172.32499194863,hydrofluorocarbons_hfcs_emissions_in_kilotonne_co2_equivalent
Turkey,2007,333166.418749646,carbon_dioxide_co2_emissions_without_land_use_land_use_change_and_forestry_lulucf_in_kilotonne_co2_equivalent
United States of America,1996,19867.5405430964,perfluorocarbons_pfcs_emissions_in_kilotonne_co2_equivalent
Spain,1994,84.6489672228,sulphur_hexafluoride_sf6_emissions_in_kilotonne_co2_equivalent
New Zealand,2014,81104.4290799241,greenhouse_gas_ghgs_emissions_without_land_use_land_use_change_and_forestry_lulucf_in_kilotonne_co2_equivalent
European Union,1997,13620.3417020676,sulphur_hexafluoride_sf6_emissions_in_kilotonne_co2_equivalent
Czech Republic,1995,157350.40343243,greenhouse_gas_ghgs_emissions_including_indirect_co2_without_lulucf_in_kilotonne_co2_equivalent
Iceland,2000,3962.77280646566,greenhouse_gas_ghgs_emissions_without_land_use_land_use_change_and_forestry_lulucf_in_kilotonne_co2_equivalent
Canada,2011,37652.726724076,nitrous_oxide_n2o_emissions_without_land_use_land_use_change_and_forestry_lulucf_in_kilotonne_co2_equivalent
Estonia,1996,18666.1359705806,carbon_dioxide_co2_emissions_without_land_use_land_use_change_and_forestry_lulucf_in_kilotonne_co2_equivalent
Monaco,2009,77.7719361035662,carbon_dioxide_co2_emissions_without_land_use_land_use_change_and_forestry_lulucf_in_kilotonne_co2_equivalent
Latvia,2003,2.755679136,sulphur_hexafluoride_sf6_emissions_in_kilotonne_co2_equivalent
Spain,1996,6546.41034880918,hydrofluorocarbons_hfcs_emissions_in_kilotonne_co2_equivalent
Romania,1999,35542.5946511613,methane_ch4_emissions_without_land_use_land_use_change_and_forestry_lulucf_in_kilotonne_co2_equivalent
Ireland,2012,0.78082539688,nitrogen_trifluoride_nf3_emissions_in_kilotonne_co2_equivalent
Canada,2011,395.178348331044,sulphur_hexafluoride_sf6_emissions_in_kilotonne_co2_equivalent
Lithuania,2000,11801.964898672,carbon_dioxide_co2_emissions_without_land_use_land_use_change_and_forestry_lulucf_in_kilotonne_co2_equivalent
Italy,1994,421404.099922133,carbon_dioxide_co2_emissions_without_land_use_land_use_change_and_forestry_lulucf_in_kilotonne_co2_equivalent
Australia,2010,8166.06724391971,hydrofluorocarbons_hfcs_emissions_in_kilotonne_co2_equivalent
Bulgaria,2012,1109.35923014509,hydrofluorocarbons_hfcs_emissions_in_kilotonne_co2_equivalent
Malta,1995,112.679326178727,methane_ch4_emissions_without_land_use_land_use_change_and_forestry_lulucf_in_kilotonne_co2_equivalent
Denmark,1994,8437.69390271024,methane_ch4_emissions_without_land_use_land_use_change_and_forestry_lulucf_in_kilotonne_co2_equivalent
Australia,1994,15790.426851818,nitrous_oxide_n2o_emissions_without_land_use_land_use_change_and_forestry_lulucf_in_kilotonne_co2_equivalent
Japan,1997,34066.5958614205,nitrous_oxide_n2o_emissions_without_land_use_land_use_change_and_forestry_lulucf_in_kilotonne_co2_equivalent
Cyprus,1999,366.12429,nitrous_oxide_n2o_emissions_without_land_use_land_use_change_and_forestry_lulucf_in_kilotonne_co2_equivalent
Romania,2004,151877.024946004,greenhouse_gas_ghgs_emissions_including_indirect_co2_without_lulucf_in_kilotonne_co2_equivalent
Canada,2006,38759.9393800432,nitrous_oxide_n2o_emissions_without_land_use_land_use_change_and_forestry_lulucf_in_kilotonne_co2_equivalent
Bulgaria,2012,19.294034021352,sulphur_hexafluoride_sf6_emissions_in_kilotonne_co2_equivalent
Finland,2005,895.422477788064,hydrofluorocarbons_hfcs_emissions_in_kilotonne_co2_equivalent
Poland,2014,13.9032686277114,perfluorocarbons_pfcs_emissions_in_kilotonne_co2_equivalent
Poland,2007,45463.6886549986,methane_ch4_emissions_without_land_use_land_use_change_and_forestry_lulucf_in_kilotonne_co2_equivalent
Netherlands,2011,169792.136541403,carbon_dioxide_co2_emissions_without_land_use_land_use_change_and_forestry_lulucf_in_kilotonne_co2_equivalent
United Kingdom,2006,14103.9206011373,hydrofluorocarbons_hfcs_emissions_in_kilotonne_co2_equivalent
Greece,1991,7269.55164996042,nitrous_oxide_n2o_emissions_without_land_use_land_use_change_and_forestry_lulucf_in_kilotonne_co2_equivalent
Germany,1995,61135.982143179,nitrous_oxide_n2o_emissions_without_land_use_land_use_change_and_forestry_lulucf_in_kilotonne_co2_equivalent
Russian Federation,2009,89567.1533433811,nitrous_oxide_n2o_emissions_without_land_use_land_use_change_and_forestry_lulucf_in_kilotonne_co2_equivalent
United Kingdom,1991,138188.478428113,methane_ch4_emissions_without_land_use_land_use_change_and_forestry_lulucf_in_kilotonne_co2_equivalent
Estonia,2000,79.1473138284342,hydrofluorocarbons_hfcs_emissions_in_kilotonne_co2_equivalent
Croatia,2005,13.0268712,sulphur_hexafluoride_sf6_emissions_in_kilotonne_co2_equivalent
Hungary,2005,75933.2770395626,greenhouse_gas_ghgs_emissions_without_land_use_land_use_change_and_forestry_lulucf_in_kilotonne_co2_equivalent
Hungary,2006,8350.81925965161,methane_ch4_emissions_without_land_use_land_use_change_and_forestry_lulucf_in_kilotonne_co2_equivalent
Estonia,2005,1209.49974865901,methane_ch4_emissions_without_land_use_land_use_change_and_forestry_lulucf_in_kilotonne_co2_equivalent
Liechtenstein,2013,192.864415788715,carbon_dioxide_co2_emissions_without_land_use_land_use_change_and_forestry_lulucf_in_kilotonne_co2_equivalent
France,1994,70218.6948335419,methane_ch4_emissions_without_land_use_land_use_change_and_forestry_lulucf_in_kilotonne_co2_equivalent
New Zealand,2000,252.8987617955,hydrofluorocarbons_hfcs_emissions_in_kilotonne_co2_equivalent
United Kingdom,2011,63739.8912348792,methane_ch4_emissions_without_land_use_land_use_change_and_forestry_lulucf_in_kilotonne_co2_equivalent
Lithuania,2002,20985.9500974461,greenhouse_gas_ghgs_emissions_including_indirect_co2_without_lulucf_in_kilotonne_co2_equivalent
Japan,2005,38938.2198407023,methane_ch4_emissions_without_land_use_land_use_change_and_forestry_lulucf_in_kilotonne_co2_equivalent
United States of America,1990,24255.6715428449,perfluorocarbons_pfcs_emissions_in_kilotonne_co2_equivalent
Australia,1994,282.640896062112,sulphur_hexafluoride_sf6_emissions_in_kilotonne_co2_equivalent
Malta,2012,1.10375e-06,perfluorocarbons_pfcs_emissions_in_kilotonne_co2_equivalent
Poland,1998,462.22828650224,hydrofluorocarbons_hfcs_emissions_in_kilotonne_co2_equivalent
Turkey,2009,382513.418915312,greenhouse_gas_ghgs_emissions_without_land_use_land_use_change_and_forestry_lulucf_in_kilotonne_co2_equivalent
Greece,2000,12816.9911994903,methane_ch4_emissions_without_land_use_land_use_change_and_forestry_lulucf_in_kilotonne_co2_equivalent
Turkey,2002,17074.6520440149,nitrous_oxide_n2o_emissions_without_land_use_land_use_change_and_forestry_lulucf_in_kilotonne_co2_equivalent
Slovakia,2012,4408.49510534884,methane_ch4_emissions_without_land_use_land_use_change_and_forestry_lulucf_in_kilotonne_co2_equivalent
Luxembourg,2009,10725.5221348792,carbon_dioxide_co2_emissions_without_land_use_land_use_change_and_forestry_lulucf_in_kilotonne_co2_equivalent
Sweden,2014,807.113898493137,hydrofluorocarbons_hfcs_emissions_in_kilotonne_co2_equivalent
Denmark,1998,8572.25402920572,methane_ch4_emissions_without_land_use_land_use_change_and_forestry_lulucf_in_kilotonne_co2_equivalent
Hungary,1995,75705.7802126216,greenhouse_gas_ghgs_emissions_including_indirect_co2_without_lulucf_in_kilotonne_co2_equivalent
Switzerland,2006,2457.9546072964,nitrous_oxide_n2o_emissions_without_land_use_land_use_change_and_forestry_lulucf_in_kilotonne_co2_equivalent
Poland,2008,32.87050543116,sulphur_hexafluoride_sf6_emissions_in_kilotonne_co2_equivalent
Hungary,2006,3.17983523297692,perfluorocarbons_pfcs_emissions_in_kilotonne_co2_equivalent
Slovenia,1998,15980.4778466171,carbon_dioxide_co2_emissions_without_land_use_land_use_change_and_forestry_lulucf_in_kilotonne_co2_equivalent
European Union,2005,289132.4745293,nitrous_oxide_n2o_emissions_without_land_use_land_use_change_and_forestry_lulucf_in_kilotonne_co2_equivalent
Portugal,2009,33.144093151764,sulphur_hexafluoride_sf6_emissions_in_kilotonne_co2_equivalent
Russian Federation,1995,1629496.29767829,carbon_dioxide_co2_emissions_without_land_use_land_use_change_and_forestry_lulucf_in_kilotonne_co2_equivalent
Canada,2007,758431.179853764,greenhouse_gas_ghgs_emissions_without_land_use_land_use_change_and_forestry_lulucf_in_kilotonne_co2_equivalent
Belgium,1995,501.991333560121,hydrofluorocarbons_hfcs_emissions_in_kilotonne_co2_equivalent
Sweden,1991,102.691739667336,sulphur_hexafluoride_sf6_emissions_in_kilotonne_co2_equivalent
Belarus,2010,91183.549358156,greenhouse_gas_ghgs_emissions_without_land_use_land_use_change_and_forestry_lulucf_in_kilotonne_co2_equivalent
France,2010,62525.8673176549,methane_ch4_emissions_without_land_use_land_use_change_and_forestry_lulucf_in_kilotonne_co2_equivalent
Germany,1995,2606.0735993744,hydrofluorocarbons_hfcs_emissions_in_kilotonne_co2_equivalent
United Kingdom,2001,10891.3593508142,hydrofluorocarbons_hfcs_emissions_in_kilotonne_co2_equivalent
Portugal,2012,67558.6730474554,greenhouse_gas_ghgs_emissions_without_land_use_land_use_change_and_forestry_lulucf_in_kilotonne_co2_equivalent
France,2002,1602.89685186658,sulphur_hexafluoride_sf6_emissions_in_kilotonne_co2_equivalent
Lithuania,2005,13946.8843032497,carbon_dioxide_co2_emissions_without_land_use_land_use_change_and_forestry_lulucf_in_kilotonne_co2_equivalent
Croatia,1996,2234.91559231208,nitrous_oxide_n2o_emissions_without_land_use_land_use_change_and_forestry_lulucf_in_kilotonne_co2_equivalent
United States of America,2010,6985457.05342726,greenhouse_gas_ghgs_emissions_without_land_use_land_use_change_and_forestry_lulucf_in_kilotonne_co2_equivalent
Canada,2005,1417.36185603715,sulphur_hexafluoride_sf6_emissions_in_kilotonne_co2_equivalent
Hungary,2009,3.69890288580613,perfluorocarbons_pfcs_emissions_in_kilotonne_co2_equivalent
Russian Federation,2007,16857.9950497273,hydrofluorocarbons_hfcs_emissions_in_kilotonne_co2_equivalent
Finland,1996,0.478937,perfluorocarbons_pfcs_emissions_in_kilotonne_co2_equivalent
Turkey,2001,16167.4769157262,nitrous_oxide_n2o_emissions_without_land_use_land_use_change_and_forestry_lulucf_in_kilotonne_co2_equivalent
Finland,1991,40.161744209988,sulphur_hexafluoride_sf6_emissions_in_kilotonne_co2_equivalent
Finland,1992,7669.45024354611,methane_ch4_emissions_without_land_use_land_use_change_and_forestry_lulucf_in_kilotonne_co2_equivalent
Switzerland,2001,2577.45479468524,nitrous_oxide_n2o_emissions_without_land_use_land_use_change_and_forestry_lulucf_in_kilotonne_co2_equivalent
European Union,1993,34486.6171594266,hydrofluorocarbons_hfcs_emissions_in_kilotonne_co2_equivalent
Turkey,2012,926.433930014064,sulphur_hexafluoride_sf6_emissions_in_kilotonne_co2_equivalent
Latvia,2012,11513.8999779307,greenhouse_gas_ghgs_emissions_without_land_use_land_use_change_and_forestry_lulucf_in_kilotonne_co2_equivalent
Netherlands,2013,7684.82303825765,nitrous_oxide_n2o_emissions_without_land_use_land_use_change_and_forestry_lulucf_in_kilotonne_co2_equivalent
France,1995,401571.225451732,carbon_dioxide_co2_emissions_without_land_use_land_use_change_and_forestry_lulucf_in_kilotonne_co2_equivalent
Belgium,1996,11415.398560162,nitrous_oxide_n2o_emissions_without_land_use_land_use_change_and_forestry_lulucf_in_kilotonne_co2_equivalent
Spain,2003,36826.7232000656,methane_ch4_emissions_without_land_use_land_use_change_and_forestry_lulucf_in_kilotonne_co2_equivalent
Spain,1991,289476.644923166,greenhouse_gas_ghgs_emissions_without_land_use_land_use_change_and_forestry_lulucf_in_kilotonne_co2_equivalent
Romania,2005,15.66777690756,sulphur_hexafluoride_sf6_emissions_in_kilotonne_co2_equivalent
Slovakia,1992,48979.1257649755,carbon_dioxide_co2_emissions_without_land_use_land_use_change_and_forestry_lulucf_in_kilotonne_co2_equivalent
Austria,2003,21.555384,nitrogen_trifluoride_nf3_emissions_in_kilotonne_co2_equivalent
Finland,1997,0.550777,perfluorocarbons_pfcs_emissions_in_kilotonne_co2_equivalent
Russian Federation,2002,896.77413264,sulphur_hexafluoride_sf6_emissions_in_kilotonne_co2_equivalent
Netherlands,2010,19991.0218467974,methane_ch4_emissions_without_land_use_land_use_change_and_forestry_lulucf_in_kilotonne_co2_equivalent
Belgium,1999,124208.071769964,carbon_dioxide_co2_emissions_without_land_use_land_use_change_and_forestry_lulucf_in_kilotonne_co2_equivalent
Croatia,2012,3167.14806901099,methane_ch4_emissions_without_land_use_land_use_change_and_forestry_lulucf_in_kilotonne_co2_equivalent
Netherlands,2013,143.7572144,perfluorocarbons_pfcs_emissions_in_kilotonne_co2_equivalent
Italy,1998,29975.391004565,nitrous_oxide_n2o_emissions_without_land_use_land_use_change_and_forestry_lulucf_in_kilotonne_co2_equivalent
Portugal,1997,100.88452104776,hydrofluorocarbons_hfcs_emissions_in_kilotonne_co2_equivalent
Cyprus,1992,342.5869984,nitrous_oxide_n2o_emissions_without_land_use_land_use_change_and_forestry_lulucf_in_kilotonne_co2_equivalent
Belgium,1995,154020.293703539,greenhouse_gas_ghgs_emissions_without_land_use_land_use_change_and_forestry_lulucf_in_kilotonne_co2_equivalent
Italy,2001,55366.385563849,methane_ch4_emissions_without_land_use_land_use_change_and_forestry_lulucf_in_kilotonne_co2_equivalent
Switzerland,2005,203.193373891944,sulphur_hexafluoride_sf6_emissions_in_kilotonne_co2_equivalent
Romania,2000,142404.667364628,greenhouse_gas_ghgs_emissions_without_land_use_land_use_change_and_forestry_lulucf_in_kilotonne_co2_equivalent
New Zealand,1999,68.6666,perfluorocarbons_pfcs_emissions_in_kilotonne_co2_equivalent
Russian Federation,1992,337.60134648,sulphur_hexafluoride_sf6_emissions_in_kilotonne_co2_equivalent
Sweden,1991,57755.634675433,carbon_dioxide_co2_emissions_without_land_use_land_use_change_and_forestry_lulucf_in_kilotonne_co2_equivalent
Italy,2009,9094.78938328605,hydrofluorocarbons_hfcs_emissions_in_kilotonne_co2_equivalent
Greece,2010,5.8596,sulphur_hexafluoride_sf6_emissions_in_kilotonne_co2_equivalent
Italy,1997,55889.9048270693,methane_ch4_emissions_without_land_use_land_use_change_and_forestry_lulucf_in_kilotonne_co2_equivalent
Slovenia,2005,16938.3242617391,carbon_dioxide_co2_emissions_without_land_use_land_use_change_and_forestry_lulucf_in_kilotonne_co2_equivalent
Spain,2004,36137.9677434611,methane_ch4_emissions_without_land_use_land_use_change_and_forestry_lulucf_in_kilotonne_co2_equivalent
European Union,1999,622775.452019011,methane_ch4_emissions_without_land_use_land_use_change_and_forestry_lulucf_in_kilotonne_co2_equivalent
Spain,1998,34044.2064020706,methane_ch4_emissions_without_land_use_land_use_change_and_forestry_lulucf_in_kilotonne_co2_equivalent
Romania,2010,982.4648959366,hydrofluorocarbons_hfcs_emissions_in_kilotonne_co2_equivalent
Luxembourg,2001,32.8475785249045,hydrofluorocarbons_hfcs_emissions_in_kilotonne_co2_equivalent
Luxembourg,2001,2.544279074772,sulphur_hexafluoride_sf6_emissions_in_kilotonne_co2_equivalent
Switzerland,1994,2718.07910331753,nitrous_oxide_n2o_emissions_without_land_use_land_use_change_and_forestry_lulucf_in_kilotonne_co2_equivalent
Germany,2002,43849.5670144331,nitrous_oxide_n2o_emissions_without_land_use_land_use_change_and_forestry_lulucf_in_kilotonne_co2_equivalent
United States of America,2002,706330.241904929,methane_ch4_emissions_without_land_use_land_use_change_and_forestry_lulucf_in_kilotonne_co2_equivalent
France,1992,67817.2148560581,nitrous_oxide_n2o_emissions_without_land_use_land_use_change_and_forestry_lulucf_in_kilotonne_co2_equivalent
Slovakia,1992,0.042636,sulphur_hexafluoride_sf6_emissions_in_kilotonne_co2_equivalent
Malta,1992,66.2028984968267,nitrous_oxide_n2o_emissions_without_land_use_land_use_change_and_forestry_lulucf_in_kilotonne_co2_equivalent
Greece,1997,118682.453532314,greenhouse_gas_ghgs_emissions_without_land_use_land_use_change_and_forestry_lulucf_in_kilotonne_co2_equivalent
Hungary,1995,222.719179440243,perfluorocarbons_pfcs_emissions_in_kilotonne_co2_equivalent
Spain,1996,1002.13250198472,perfluorocarbons_pfcs_emissions_in_kilotonne_co2_equivalent
Denmark,2002,8534.70873161076,methane_ch4_emissions_without_land_use_land_use_change_and_forestry_lulucf_in_kilotonne_co2_equivalent
Greece,1994,6480.19419955965,nitrous_oxide_n2o_emissions_without_land_use_land_use_change_and_forestry_lulucf_in_kilotonne_co2_equivalent
France,2011,41732.0739671842,nitrous_oxide_n2o_emissions_without_land_use_land_use_change_and_forestry_lulucf_in_kilotonne_co2_equivalent
Ireland,2014,0.961015872964,nitrogen_trifluoride_nf3_emissions_in_kilotonne_co2_equivalent
Greece,2014,101298.184084813,greenhouse_gas_ghgs_emissions_without_land_use_land_use_change_and_forestry_lulucf_in_kilotonne_co2_equivalent
Cyprus,2003,8914.58309273857,greenhouse_gas_ghgs_emissions_without_land_use_land_use_change_and_forestry_lulucf_in_kilotonne_co2_equivalent
New Zealand,2002,79616.9981055823,greenhouse_gas_ghgs_emissions_including_indirect_co2_without_lulucf_in_kilotonne_co2_equivalent
Bulgaria,2010,47678.6489573594,carbon_dioxide_co2_emissions_without_land_use_land_use_change_and_forestry_lulucf_in_kilotonne_co2_equivalent
Turkey,2002,42186.5818252638,methane_ch4_emissions_without_land_use_land_use_change_and_forestry_lulucf_in_kilotonne_co2_equivalent
Canada,2002,752124.480865682,greenhouse_gas_ghgs_emissions_including_indirect_co2_without_lulucf_in_kilotonne_co2_equivalent
Cyprus,2008,919.096319925,methane_ch4_emissions_without_land_use_land_use_change_and_forestry_lulucf_in_kilotonne_co2_equivalent
Switzerland,2001,144.776099460132,sulphur_hexafluoride_sf6_emissions_in_kilotonne_co2_equivalent
Romania,2013,7296.70629926774,nitrous_oxide_n2o_emissions_without_land_use_land_use_change_and_forestry_lulucf_in_kilotonne_co2_equivalent
Canada,2008,2601.86447951403,perfluorocarbons_pfcs_emissions_in_kilotonne_co2_equivalent
United States of America,2009,9297.93659545766,sulphur_hexafluoride_sf6_emissions_in_kilotonne_co2_equivalent
Croatia,2013,18359.4998410627,carbon_dioxide_co2_emissions_without_land_use_land_use_change_and_forestry_lulucf_in_kilotonne_co2_equivalent
Spain,1998,274911.096949235,carbon_dioxide_co2_emissions_without_land_use_land_use_change_and_forestry_lulucf_in_kilotonne_co2_equivalent
Estonia,2008,19374.623993778,greenhouse_gas_ghgs_emissions_including_indirect_co2_without_lulucf_in_kilotonne_co2_equivalent
Russian Federation,2012,852552.481621696,methane_ch4_emissions_without_land_use_land_use_change_and_forestry_lulucf_in_kilotonne_co2_equivalent
Liechtenstein,2002,5.47120399789924,hydrofluorocarbons_hfcs_emissions_in_kilotonne_co2_equivalent
Czech Republic,2006,7069.14006491977,nitrous_oxide_n2o_emissions_without_land_use_land_use_change_and_forestry_lulucf_in_kilotonne_co2_equivalent
Austria,1991,1192.61742216,perfluorocarbons_pfcs_emissions_in_kilotonne_co2_equivalent
Turkey,1995,43881.318616833,methane_ch4_emissions_without_land_use_land_use_change_and_forestry_lulucf_in_kilotonne_co2_equivalent
Estonia,2007,1223.38046026192,methane_ch4_emissions_without_land_use_land_use_change_and_forestry_lulucf_in_kilotonne_co2_equivalent
European Union,1997,353901.179361895,nitrous_oxide_n2o_emissions_without_land_use_land_use_change_and_forestry_lulucf_in_kilotonne_co2_equivalent
Poland,1990,472995.97389518,greenhouse_gas_ghgs_emissions_without_land_use_land_use_change_and_forestry_lulucf_in_kilotonne_co2_equivalent
Poland,1998,23.938286545344,sulphur_hexafluoride_sf6_emissions_in_kilotonne_co2_equivalent
France,1990,551057.029623151,greenhouse_gas_ghgs_emissions_including_indirect_co2_without_lulucf_in_kilotonne_co2_equivalent
Italy,1993,513611.618341214,greenhouse_gas_ghgs_emissions_without_land_use_land_use_change_and_forestry_lulucf_in_kilotonne_co2_equivalent
Cyprus,2006,8152.492308125,carbon_dioxide_co2_emissions_without_land_use_land_use_change_and_forestry_lulucf_in_kilotonne_co2_equivalent
Poland,1999,51883.1145515131,methane_ch4_emissions_without_land_use_land_use_change_and_forestry_lulucf_in_kilotonne_co2_equivalent
Turkey,1995,592.881683599463,perfluorocarbons_pfcs_emissions_in_kilotonne_co2_equivalent
Canada,2001,119920.258788481,methane_ch4_emissions_without_land_use_land_use_change_and_forestry_lulucf_in_kilotonne_co2_equivalent
Greece,1995,110704.111282453,greenhouse_gas_ghgs_emissions_without_land_use_land_use_change_and_forestry_lulucf_in_kilotonne_co2_equivalent
Ireland,1993,33574.9717415815,carbon_dioxide_co2_emissions_without_land_use_land_use_change_and_forestry_lulucf_in_kilotonne_co2_equivalent
Switzerland,1996,44088.3349466694,carbon_dioxide_co2_emissions_without_land_use_land_use_change_and_forestry_lulucf_in_kilotonne_co2_equivalent
Germany,2011,38347.3209531827,nitrous_oxide_n2o_emissions_without_land_use_land_use_change_and_forestry_lulucf_in_kilotonne_co2_equivalent
European Union,2006,279466.441154281,nitrous_oxide_n2o_emissions_without_land_use_land_use_change_and_forestry_lulucf_in_kilotonne_co2_equivalent
Malta,2006,3090.68316868016,greenhouse_gas_ghgs_emissions_without_land_use_land_use_change_and_forestry_lulucf_in_kilotonne_co2_equivalent
Liechtenstein,1998,10.2466803031628,nitrous_oxide_n2o_emissions_without_land_use_land_use_change_and_forestry_lulucf_in_kilotonne_co2_equivalent
Czech Republic,2005,124590.137925265,carbon_dioxide_co2_emissions_without_land_use_land_use_change_and_forestry_lulucf_in_kilotonne_co2_equivalent
Turkey,2001,278784.945605068,greenhouse_gas_ghgs_emissions_including_indirect_co2_without_lulucf_in_kilotonne_co2_equivalent
Slovenia,1992,14009.3986307298,carbon_dioxide_co2_emissions_without_land_use_land_use_change_and_forestry_lulucf_in_kilotonne_co2_equivalent
Belgium,2000,446.1100272947,perfluorocarbons_pfcs_emissions_in_kilotonne_co2_equivalent
Japan,1995,45806.8361246506,methane_ch4_emissions_without_land_use_land_use_change_and_forestry_lulucf_in_kilotonne_co2_equivalent
Germany,2000,8.91605,nitrogen_trifluoride_nf3_emissions_in_kilotonne_co2_equivalent
Portugal,2014,65747.8222315514,greenhouse_gas_ghgs_emissions_including_indirect_co2_without_lulucf_in_kilotonne_co2_equivalent
Ireland,2009,12870.7448590899,methane_ch4_emissions_without_land_use_land_use_change_and_forestry_lulucf_in_kilotonne_co2_equivalent
European Union,2013,4463077.61911388,greenhouse_gas_ghgs_emissions_without_land_use_land_use_change_and_forestry_lulucf_in_kilotonne_co2_equivalent
Croatia,2004,28875.9847673693,greenhouse_gas_ghgs_emissions_including_indirect_co2_without_lulucf_in_kilotonne_co2_equivalent
Latvia,2003,1894.3278431911,methane_ch4_emissions_without_land_use_land_use_change_and_forestry_lulucf_in_kilotonne_co2_equivalent
Russian Federation,1996,109396.237302039,nitrous_oxide_n2o_emissions_without_land_use_land_use_change_and_forestry_lulucf_in_kilotonne_co2_equivalent
United States of America,2014,9449.8916832,unspecified_mix_of_hydrofluorocarbons_hfcs_and_perfluorocarbons_pfcs_emissions_in_kilotonne_co2_equivalent
Czech Republic,1993,164865.692577199,greenhouse_gas_ghgs_emissions_including_indirect_co2_without_lulucf_in_kilotonne_co2_equivalent
Czech Republic,2012,133778.906336159,greenhouse_gas_ghgs_emissions_including_indirect_co2_without_lulucf_in_kilotonne_co2_equivalent
Bulgaria,1990,16430.8375650653,methane_ch4_emissions_without_land_use_land_use_change_and_forestry_lulucf_in_kilotonne_co2_equivalent
Switzerland,1993,120.534841395048,sulphur_hexafluoride_sf6_emissions_in_kilotonne_co2_equivalent
Canada,2010,103730.441039052,methane_ch4_emissions_without_land_use_land_use_change_and_forestry_lulucf_in_kilotonne_co2_equivalent
Canada,2001,0.22907906,nitrogen_trifluoride_nf3_emissions_in_kilotonne_co2_equivalent
Italy,2009,48435.6439713659,methane_ch4_emissions_without_land_use_land_use_change_and_forestry_lulucf_in_kilotonne_co2_equivalent
European Union,1997,4216524.73281421,carbon_dioxide_co2_emissions_without_land_use_land_use_change_and_forestry_lulucf_in_kilotonne_co2_equivalent
Germany,2013,10569.4340298083,hydrofluorocarbons_hfcs_emissions_in_kilotonne_co2_equivalent
United States of America,2012,5349220.94664921,carbon_dioxide_co2_emissions_without_land_use_land_use_change_and_forestry_lulucf_in_kilotonne_co2_equivalent
Liechtenstein,2011,0.013452,sulphur_hexafluoride_sf6_emissions_in_kilotonne_co2_equivalent
New Zealand,1996,128.1052632625,hydrofluorocarbons_hfcs_emissions_in_kilotonne_co2_equivalent
Estonia,1992,24187.827575953,carbon_dioxide_co2_emissions_without_land_use_land_use_change_and_forestry_lulucf_in_kilotonne_co2_equivalent
Australia,1995,433478.650825855,greenhouse_gas_ghgs_emissions_without_land_use_land_use_change_and_forestry_lulucf_in_kilotonne_co2_equivalent
Italy,2002,53345.4685247307,methane_ch4_emissions_without_land_use_land_use_change_and_forestry_lulucf_in_kilotonne_co2_equivalent
Turkey,2000,296810.835017591,greenhouse_gas_ghgs_emissions_without_land_use_land_use_change_and_forestry_lulucf_in_kilotonne_co2_equivalent
Estonia,2014,216.522041055605,hydrofluorocarbons_hfcs_emissions_in_kilotonne_co2_equivalent
Germany,2004,8546.57869520082,hydrofluorocarbons_hfcs_emissions_in_kilotonne_co2_equivalent
Australia,2002,494740.100776734,greenhouse_gas_ghgs_emissions_including_indirect_co2_without_lulucf_in_kilotonne_co2_equivalent
Australia,1994,110997.410185432,methane_ch4_emissions_without_land_use_land_use_change_and_forestry_lulucf_in_kilotonne_co2_equivalent
Estonia,2009,1.37848344,sulphur_hexafluoride_sf6_emissions_in_kilotonne_co2_equivalent
Slovenia,2008,21523.5484179448,greenhouse_gas_ghgs_emissions_without_land_use_land_use_change_and_forestry_lulucf_in_kilotonne_co2_equivalent
Monaco,2008,2.17628555776875,methane_ch4_emissions_without_land_use_land_use_change_and_forestry_lulucf_in_kilotonne_co2_equivalent
Iceland,1999,1.24374,sulphur_hexafluoride_sf6_emissions_in_kilotonne_co2_equivalent
Australia,1997,705.228318135053,hydrofluorocarbons_hfcs_emissions_in_kilotonne_co2_equivalent
United States of America,2014,157237.344889253,hydrofluorocarbons_hfcs_emissions_in_kilotonne_co2_equivalent
Ireland,2007,62.938827020724,sulphur_hexafluoride_sf6_emissions_in_kilotonne_co2_equivalent
Hungary,2004,6221.69479040374,nitrous_oxide_n2o_emissions_without_land_use_land_use_change_and_forestry_lulucf_in_kilotonne_co2_equivalent
Portugal,1998,146.234134776963,hydrofluorocarbons_hfcs_emissions_in_kilotonne_co2_equivalent
Ukraine,2008,641.582141718256,hydrofluorocarbons_hfcs_emissions_in_kilotonne_co2_equivalent
Latvia,2000,1420.33019050757,nitrous_oxide_n2o_emissions_without_land_use_land_use_change_and_forestry_lulucf_in_kilotonne_co2_equivalent
Finland,2011,5306.52535118825,methane_ch4_emissions_without_land_use_land_use_change_and_forestry_lulucf_in_kilotonne_co2_equivalent
Luxembourg,2001,9311.91612729174,carbon_dioxide_co2_emissions_without_land_use_land_use_change_and_forestry_lulucf_in_kilotonne_co2_equivalent
United States of America,1999,16910.1301651931,perfluorocarbons_pfcs_emissions_in_kilotonne_co2_equivalent
Finland,2003,5787.69900624858,nitrous_oxide_n2o_emissions_without_land_use_land_use_change_and_forestry_lulucf_in_kilotonne_co2_equivalent
Russian Federation,2000,26569.6768412658,hydrofluorocarbons_hfcs_emissions_in_kilotonne_co2_equivalent
Norway,2009,5484.38677327953,methane_ch4_emissions_without_land_use_land_use_change_and_forestry_lulucf_in_kilotonne_co2_equivalent
Portugal,2007,4.74393882996915,perfluorocarbons_pfcs_emissions_in_kilotonne_co2_equivalent
Poland,2014,380037.565871199,greenhouse_gas_ghgs_emissions_including_indirect_co2_without_lulucf_in_kilotonne_co2_equivalent
Ireland,2001,64.626887557932,sulphur_hexafluoride_sf6_emissions_in_kilotonne_co2_equivalent
Finland,2013,30.70041204,sulphur_hexafluoride_sf6_emissions_in_kilotonne_co2_equivalent
Slovakia,2007,17.3948496,sulphur_hexafluoride_sf6_emissions_in_kilotonne_co2_equivalent
European Union,2009,6296.50111757701,sulphur_hexafluoride_sf6_emissions_in_kilotonne_co2_equivalent
Slovakia,2000,3022.04612936188,nitrous_oxide_n2o_emissions_without_land_use_land_use_change_and_forestry_lulucf_in_kilotonne_co2_equivalent
Slovenia,2001,20010.7197823299,greenhouse_gas_ghgs_emissions_without_land_use_land_use_change_and_forestry_lulucf_in_kilotonne_co2_equivalent
Malta,2000,2625.80576878086,greenhouse_gas_ghgs_emissions_without_land_use_land_use_change_and_forestry_lulucf_in_kilotonne_co2_equivalent
United States of America,2014,7348.78277504131,sulphur_hexafluoride_sf6_emissions_in_kilotonne_co2_equivalent
Austria,1992,10164.7486767199,methane_ch4_emissions_without_land_use_land_use_change_and_forestry_lulucf_in_kilotonne_co2_equivalent
Canada,2008,739036.728085859,greenhouse_gas_ghgs_emissions_without_land_use_land_use_change_and_forestry_lulucf_in_kilotonne_co2_equivalent
European Union,1994,5262577.90581552,greenhouse_gas_ghgs_emissions_including_indirect_co2_without_lulucf_in_kilotonne_co2_equivalent
Ukraine,2011,8.41405857732,sulphur_hexafluoride_sf6_emissions_in_kilotonne_co2_equivalent
Australia,2010,283.315234628066,perfluorocarbons_pfcs_emissions_in_kilotonne_co2_equivalent
Croatia,2002,12.0117012,sulphur_hexafluoride_sf6_emissions_in_kilotonne_co2_equivalent
Norway,1991,4043.87719358935,nitrous_oxide_n2o_emissions_without_land_use_land_use_change_and_forestry_lulucf_in_kilotonne_co2_equivalent
Switzerland,2011,40973.1491672158,carbon_dioxide_co2_emissions_without_land_use_land_use_change_and_forestry_lulucf_in_kilotonne_co2_equivalent
United States of America,1991,6330937.8855059,greenhouse_gas_ghgs_emissions_without_land_use_land_use_change_and_forestry_lulucf_in_kilotonne_co2_equivalent
Ireland,2009,62859.3798059974,greenhouse_gas_ghgs_emissions_including_indirect_co2_without_lulucf_in_kilotonne_co2_equivalent
Poland,2012,7720.45274043106,hydrofluorocarbons_hfcs_emissions_in_kilotonne_co2_equivalent
Romania,2006,151431.555316116,greenhouse_gas_ghgs_emissions_including_indirect_co2_without_lulucf_in_kilotonne_co2_equivalent
France,1999,69712.1789585953,methane_ch4_emissions_without_land_use_land_use_change_and_forestry_lulucf_in_kilotonne_co2_equivalent
Austria,1992,75930.9957651566,greenhouse_gas_ghgs_emissions_including_indirect_co2_without_lulucf_in_kilotonne_co2_equivalent
Czech Republic,2011,86.430236334216,sulphur_hexafluoride_sf6_emissions_in_kilotonne_co2_equivalent
Latvia,2005,3.777910752,sulphur_hexafluoride_sf6_emissions_in_kilotonne_co2_equivalent
Canada,2008,0.168385821276,nitrogen_trifluoride_nf3_emissions_in_kilotonne_co2_equivalent
Cyprus,2011,962.211507475,methane_ch4_emissions_without_land_use_land_use_change_and_forestry_lulucf_in_kilotonne_co2_equivalent
Japan,1999,26427.5255572824,nitrous_oxide_n2o_emissions_without_land_use_land_use_change_and_forestry_lulucf_in_kilotonne_co2_equivalent
Czech Republic,2014,5.34193902103615,perfluorocarbons_pfcs_emissions_in_kilotonne_co2_equivalent
Czech Republic,2003,7044.60293100224,nitrous_oxide_n2o_emissions_without_land_use_land_use_change_and_forestry_lulucf_in_kilotonne_co2_equivalent
Iceland,2003,56.7371434698678,hydrofluorocarbons_hfcs_emissions_in_kilotonne_co2_equivalent
Hungary,1998,61087.7637948753,carbon_dioxide_co2_emissions_without_land_use_land_use_change_and_forestry_lulucf_in_kilotonne_co2_equivalent
Switzerland,2013,52519.985628806,greenhouse_gas_ghgs_emissions_without_land_use_land_use_change_and_forestry_lulucf_in_kilotonne_co2_equivalent
Romania,2001,9237.23183051083,nitrous_oxide_n2o_emissions_without_land_use_land_use_change_and_forestry_lulucf_in_kilotonne_co2_equivalent
Hungary,2006,74880.3052319845,greenhouse_gas_ghgs_emissions_without_land_use_land_use_change_and_forestry_lulucf_in_kilotonne_co2_equivalent
Estonia,2003,104.867951566727,hydrofluorocarbons_hfcs_emissions_in_kilotonne_co2_equivalent
Liechtenstein,2000,216.750456413769,carbon_dioxide_co2_emissions_without_land_use_land_use_change_and_forestry_lulucf_in_kilotonne_co2_equivalent
Japan,2011,1354616.00721129,greenhouse_gas_ghgs_emissions_without_land_use_land_use_change_and_forestry_lulucf_in_kilotonne_co2_equivalent
United States of America,1991,396113.656867143,nitrous_oxide_n2o_emissions_without_land_use_land_use_change_and_forestry_lulucf_in_kilotonne_co2_equivalent
Cyprus,2014,8453.76741329697,greenhouse_gas_ghgs_emissions_including_indirect_co2_without_lulucf_in_kilotonne_co2_equivalent
Canada,1997,525120.011175522,carbon_dioxide_co2_emissions_without_land_use_land_use_change_and_forestry_lulucf_in_kilotonne_co2_equivalent
Italy,2014,1564.34433333333,perfluorocarbons_pfcs_emissions_in_kilotonne_co2_equivalent
Iceland,1998,3754.77436474695,greenhouse_gas_ghgs_emissions_including_indirect_co2_without_lulucf_in_kilotonne_co2_equivalent
France,2006,1450.31796981777,perfluorocarbons_pfcs_emissions_in_kilotonne_co2_equivalent
Denmark,2008,1014.58138911006,hydrofluorocarbons_hfcs_emissions_in_kilotonne_co2_equivalent
Estonia,1999,63.394363404444,hydrofluorocarbons_hfcs_emissions_in_kilotonne_co2_equivalent
France,1990,67665.0963966015,nitrous_oxide_n2o_emissions_without_land_use_land_use_change_and_forestry_lulucf_in_kilotonne_co2_equivalent
Canada,2007,113213.994030922,methane_ch4_emissions_without_land_use_land_use_change_and_forestry_lulucf_in_kilotonne_co2_equivalent
Malta,2009,3073.96151644768,greenhouse_gas_ghgs_emissions_without_land_use_land_use_change_and_forestry_lulucf_in_kilotonne_co2_equivalent
United States of America,2008,7216415.07090248,greenhouse_gas_ghgs_emissions_including_indirect_co2_without_lulucf_in_kilotonne_co2_equivalent
Canada,1994,652999.137826791,greenhouse_gas_ghgs_emissions_including_indirect_co2_without_lulucf_in_kilotonne_co2_equivalent
Switzerland,1996,297.545861927923,hydrofluorocarbons_hfcs_emissions_in_kilotonne_co2_equivalent
United States of America,2002,16076.5479458902,sulphur_hexafluoride_sf6_emissions_in_kilotonne_co2_equivalent
Belgium,2002,1438.41916621289,hydrofluorocarbons_hfcs_emissions_in_kilotonne_co2_equivalent
Poland,2006,411535.543517724,greenhouse_gas_ghgs_emissions_including_indirect_co2_without_lulucf_in_kilotonne_co2_equivalent
Italy,1992,435535.835117712,carbon_dioxide_co2_emissions_without_land_use_land_use_change_and_forestry_lulucf_in_kilotonne_co2_equivalent
United Kingdom,1990,800107.48855612,greenhouse_gas_ghgs_emissions_without_land_use_land_use_change_and_forestry_lulucf_in_kilotonne_co2_equivalent
Estonia,1999,2.881315572,sulphur_hexafluoride_sf6_emissions_in_kilotonne_co2_equivalent
Slovakia,1993,46467.5491941913,carbon_dioxide_co2_emissions_without_land_use_land_use_change_and_forestry_lulucf_in_kilotonne_co2_equivalent
Spain,2001,312395.403164009,carbon_dioxide_co2_emissions_without_land_use_land_use_change_and_forestry_lulucf_in_kilotonne_co2_equivalent
New Zealand,1992,28099.6999900939,carbon_dioxide_co2_emissions_without_land_use_land_use_change_and_forestry_lulucf_in_kilotonne_co2_equivalent
Estonia,2004,632.529220727631,nitrous_oxide_n2o_emissions_without_land_use_land_use_change_and_forestry_lulucf_in_kilotonne_co2_equivalent
Slovenia,2010,775.916109253385,nitrous_oxide_n2o_emissions_without_land_use_land_use_change_and_forestry_lulucf_in_kilotonne_co2_equivalent
Sweden,2009,70.011668895528,sulphur_hexafluoride_sf6_emissions_in_kilotonne_co2_equivalent
Iceland,1992,3341.98723972385,greenhouse_gas_ghgs_emissions_including_indirect_co2_without_lulucf_in_kilotonne_co2_equivalent
Slovakia,1999,5657.96959573303,methane_ch4_emissions_without_land_use_land_use_change_and_forestry_lulucf_in_kilotonne_co2_equivalent
Ireland,1993,57164.075772468,greenhouse_gas_ghgs_emissions_including_indirect_co2_without_lulucf_in_kilotonne_co2_equivalent
Bulgaria,2001,4078.70742274843,nitrous_oxide_n2o_emissions_without_land_use_land_use_change_and_forestry_lulucf_in_kilotonne_co2_equivalent
New Zealand,1990,65828.3804799771,greenhouse_gas_ghgs_emissions_without_land_use_land_use_change_and_forestry_lulucf_in_kilotonne_co2_equivalent
Spain,2014,17053.3196602591,hydrofluorocarbons_hfcs_emissions_in_kilotonne_co2_equivalent
Finland,2000,56973.3505273429,carbon_dioxide_co2_emissions_without_land_use_land_use_change_and_forestry_lulucf_in_kilotonne_co2_equivalent
Russian Federation,1993,18278.4100904389,hydrofluorocarbons_hfcs_emissions_in_kilotonne_co2_equivalent
Monaco,1992,0.266541576,sulphur_hexafluoride_sf6_emissions_in_kilotonne_co2_equivalent
Bulgaria,2006,51446.2829381283,carbon_dioxide_co2_emissions_without_land_use_land_use_change_and_forestry_lulucf_in_kilotonne_co2_equivalent
Poland,2008,403146.506212713,greenhouse_gas_ghgs_emissions_including_indirect_co2_without_lulucf_in_kilotonne_co2_equivalent
Malta,1990,61.4890147278553,nitrous_oxide_n2o_emissions_without_land_use_land_use_change_and_forestry_lulucf_in_kilotonne_co2_equivalent
Finland,2012,62403.7480573425,greenhouse_gas_ghgs_emissions_including_indirect_co2_without_lulucf_in_kilotonne_co2_equivalent
Slovakia,1998,12.6479124,sulphur_hexafluoride_sf6_emissions_in_kilotonne_co2_equivalent
Romania,1994,0.73688688,sulphur_hexafluoride_sf6_emissions_in_kilotonne_co2_equivalent
Turkey,2002,417.186727909241,hydrofluorocarbons_hfcs_emissions_in_kilotonne_co2_equivalent
Croatia,1997,11.4272232,sulphur_hexafluoride_sf6_emissions_in_kilotonne_co2_equivalent
Ukraine,2014,354347.536691179,greenhouse_gas_ghgs_emissions_including_indirect_co2_without_lulucf_in_kilotonne_co2_equivalent
France,2003,422312.884466797,carbon_dioxide_co2_emissions_without_land_use_land_use_change_and_forestry_lulucf_in_kilotonne_co2_equivalent
Norway,1997,54333.9463603583,greenhouse_gas_ghgs_emissions_without_land_use_land_use_change_and_forestry_lulucf_in_kilotonne_co2_equivalent
Australia,1991,14923.4050205169,nitrous_oxide_n2o_emissions_without_land_use_land_use_change_and_forestry_lulucf_in_kilotonne_co2_equivalent
Monaco,1992,2.06026827971132,nitrous_oxide_n2o_emissions_without_land_use_land_use_change_and_forestry_lulucf_in_kilotonne_co2_equivalent
Spain,1999,18949.3246536722,nitrous_oxide_n2o_emissions_without_land_use_land_use_change_and_forestry_lulucf_in_kilotonne_co2_equivalent
Slovakia,2002,146.229947524467,hydrofluorocarbons_hfcs_emissions_in_kilotonne_co2_equivalent
Portugal,2007,31.380053450868,sulphur_hexafluoride_sf6_emissions_in_kilotonne_co2_equivalent
Greece,2000,5261.83186356152,hydrofluorocarbons_hfcs_emissions_in_kilotonne_co2_equivalent
Ukraine,2003,108659.235719262,methane_ch4_emissions_without_land_use_land_use_change_and_forestry_lulucf_in_kilotonne_co2_equivalent
Poland,2005,4471.061431338,hydrofluorocarbons_hfcs_emissions_in_kilotonne_co2_equivalent
Portugal,2002,88027.7251969626,greenhouse_gas_ghgs_emissions_without_land_use_land_use_change_and_forestry_lulucf_in_kilotonne_co2_equivalent
Norway,2014,43869.4510924803,carbon_dioxide_co2_emissions_without_land_use_land_use_change_and_forestry_lulucf_in_kilotonne_co2_equivalent
Poland,1998,339145.82962033,carbon_dioxide_co2_emissions_without_land_use_land_use_change_and_forestry_lulucf_in_kilotonne_co2_equivalent
Turkey,2003,17727.1085441596,nitrous_oxide_n2o_emissions_without_land_use_land_use_change_and_forestry_lulucf_in_kilotonne_co2_equivalent
Czech Republic,2007,13800.5707318147,methane_ch4_emissions_without_land_use_land_use_change_and_forestry_lulucf_in_kilotonne_co2_equivalent
Poland,2001,50166.704126627,methane_ch4_emissions_without_land_use_land_use_change_and_forestry_lulucf_in_kilotonne_co2_equivalent
Finland,2007,66531.7208142561,carbon_dioxide_co2_emissions_without_land_use_land_use_change_and_forestry_lulucf_in_kilotonne_co2_equivalent
Denmark,2010,63499.8366628903,greenhouse_gas_ghgs_emissions_including_indirect_co2_without_lulucf_in_kilotonne_co2_equivalent
France,1991,425042.920702848,carbon_dioxide_co2_emissions_without_land_use_land_use_change_and_forestry_lulucf_in_kilotonne_co2_equivalent
Spain,1990,63.6050687772,sulphur_hexafluoride_sf6_emissions_in_kilotonne_co2_equivalent
Germany,2011,278.5131586336,perfluorocarbons_pfcs_emissions_in_kilotonne_co2_equivalent
Ukraine,2007,5.19820920504,sulphur_hexafluoride_sf6_emissions_in_kilotonne_co2_equivalent
Japan,2008,4177.16872247118,sulphur_hexafluoride_sf6_emissions_in_kilotonne_co2_equivalent
Portugal,1996,68834.1828234374,greenhouse_gas_ghgs_emissions_including_indirect_co2_without_lulucf_in_kilotonne_co2_equivalent
Denmark,2009,5147.99594399131,nitrous_oxide_n2o_emissions_without_land_use_land_use_change_and_forestry_lulucf_in_kilotonne_co2_equivalent
Lithuania,2004,3910.36577809041,methane_ch4_emissions_without_land_use_land_use_change_and_forestry_lulucf_in_kilotonne_co2_equivalent
Iceland,2000,149.893851386049,perfluorocarbons_pfcs_emissions_in_kilotonne_co2_equivalent
Netherlands,2014,7815.38236187074,nitrous_oxide_n2o_emissions_without_land_use_land_use_change_and_forestry_lulucf_in_kilotonne_co2_equivalent
Austria,2009,80190.6514378182,greenhouse_gas_ghgs_emissions_without_land_use_land_use_change_and_forestry_lulucf_in_kilotonne_co2_equivalent
Latvia,2005,63.4773640814357,hydrofluorocarbons_hfcs_emissions_in_kilotonne_co2_equivalent
Germany,2000,956.3249366953,perfluorocarbons_pfcs_emissions_in_kilotonne_co2_equivalent
Belarus,1993,75551.755291625,carbon_dioxide_co2_emissions_without_land_use_land_use_change_and_forestry_lulucf_in_kilotonne_co2_equivalent
Monaco,2010,8.03400705441001,hydrofluorocarbons_hfcs_emissions_in_kilotonne_co2_equivalent
Norway,2002,55060.5037050923,greenhouse_gas_ghgs_emissions_without_land_use_land_use_change_and_forestry_lulucf_in_kilotonne_co2_equivalent
Portugal,2007,4015.59465743918,nitrous_oxide_n2o_emissions_without_land_use_land_use_change_and_forestry_lulucf_in_kilotonne_co2_equivalent
Spain,2011,93.329631885415,perfluorocarbons_pfcs_emissions_in_kilotonne_co2_equivalent
France,1990,68916.2451844809,methane_ch4_emissions_without_land_use_land_use_change_and_forestry_lulucf_in_kilotonne_co2_equivalent
Denmark,1998,477.676722009867,hydrofluorocarbons_hfcs_emissions_in_kilotonne_co2_equivalent
Germany,1990,119234.769548572,methane_ch4_emissions_without_land_use_land_use_change_and_forestry_lulucf_in_kilotonne_co2_equivalent
Liechtenstein,2009,0.135888,sulphur_hexafluoride_sf6_emissions_in_kilotonne_co2_equivalent
Luxembourg,1994,15.9789225126344,hydrofluorocarbons_hfcs_emissions_in_kilotonne_co2_equivalent
Czech Republic,2003,148967.238483566,greenhouse_gas_ghgs_emissions_including_indirect_co2_without_lulucf_in_kilotonne_co2_equivalent
Monaco,1996,108.203360341535,greenhouse_gas_ghgs_emissions_including_indirect_co2_without_lulucf_in_kilotonne_co2_equivalent
France,2000,6642.94644348415,hydrofluorocarbons_hfcs_emissions_in_kilotonne_co2_equivalent
Finland,2007,5591.48730557558,methane_ch4_emissions_without_land_use_land_use_change_and_forestry_lulucf_in_kilotonne_co2_equivalent
Spain,2000,496.123563901344,perfluorocarbons_pfcs_emissions_in_kilotonne_co2_equivalent
Turkey,1999,591.067455416119,perfluorocarbons_pfcs_emissions_in_kilotonne_co2_equivalent
Canada,1995,665304.278405886,greenhouse_gas_ghgs_emissions_without_land_use_land_use_change_and_forestry_lulucf_in_kilotonne_co2_equivalent
Sweden,2014,46.618126218816,sulphur_hexafluoride_sf6_emissions_in_kilotonne_co2_equivalent
Japan,2004,1389593.18778594,greenhouse_gas_ghgs_emissions_without_land_use_land_use_change_and_forestry_lulucf_in_kilotonne_co2_equivalent
Netherlands,1992,230665.363789811,greenhouse_gas_ghgs_emissions_including_indirect_co2_without_lulucf_in_kilotonne_co2_equivalent
Slovakia,1994,53053.299044382,greenhouse_gas_ghgs_emissions_without_land_use_land_use_change_and_forestry_lulucf_in_kilotonne_co2_equivalent
Australia,1993,423764.932564252,greenhouse_gas_ghgs_emissions_including_indirect_co2_without_lulucf_in_kilotonne_co2_equivalent
Australia,1997,1228.1508980875,perfluorocarbons_pfcs_emissions_in_kilotonne_co2_equivalent
Spain,1997,17415.7679452607,nitrous_oxide_n2o_emissions_without_land_use_land_use_change_and_forestry_lulucf_in_kilotonne_co2_equivalent
Canada,2006,115516.052739182,methane_ch4_emissions_without_land_use_land_use_change_and_forestry_lulucf_in_kilotonne_co2_equivalent
Malta,2008,3182.27959841266,greenhouse_gas_ghgs_emissions_including_indirect_co2_without_lulucf_in_kilotonne_co2_equivalent
European Union,2009,1110.08825,unspecified_mix_of_hydrofluorocarbons_hfcs_and_perfluorocarbons_pfcs_emissions_in_kilotonne_co2_equivalent
Slovenia,2006,20694.9724736023,greenhouse_gas_ghgs_emissions_including_indirect_co2_without_lulucf_in_kilotonne_co2_equivalent
Liechtenstein,2006,20.0275559533513,methane_ch4_emissions_without_land_use_land_use_change_and_forestry_lulucf_in_kilotonne_co2_equivalent
Greece,2003,6050.25253250507,nitrous_oxide_n2o_emissions_without_land_use_land_use_change_and_forestry_lulucf_in_kilotonne_co2_equivalent
Lithuania,2001,20565.3985771841,greenhouse_gas_ghgs_emissions_including_indirect_co2_without_lulucf_in_kilotonne_co2_equivalent
Turkey,2010,320356.658972933,carbon_dioxide_co2_emissions_without_land_use_land_use_change_and_forestry_lulucf_in_kilotonne_co2_equivalent
Germany,2000,1043294.43431627,greenhouse_gas_ghgs_emissions_including_indirect_co2_without_lulucf_in_kilotonne_co2_equivalent
Norway,2004,4093.13028670936,nitrous_oxide_n2o_emissions_without_land_use_land_use_change_and_forestry_lulucf_in_kilotonne_co2_equivalent
Poland,1996,228.40582204828,hydrofluorocarbons_hfcs_emissions_in_kilotonne_co2_equivalent
Russian Federation,1990,2589725.30553003,carbon_dioxide_co2_emissions_without_land_use_land_use_change_and_forestry_lulucf_in_kilotonne_co2_equivalent
Slovenia,2007,839.3093553947,nitrous_oxide_n2o_emissions_without_land_use_land_use_change_and_forestry_lulucf_in_kilotonne_co2_equivalent
Finland,2005,5659.29231113621,methane_ch4_emissions_without_land_use_land_use_change_and_forestry_lulucf_in_kilotonne_co2_equivalent
United States of America,1998,433872.649154321,nitrous_oxide_n2o_emissions_without_land_use_land_use_change_and_forestry_lulucf_in_kilotonne_co2_equivalent
Slovakia,2009,45557.6290204964,greenhouse_gas_ghgs_emissions_without_land_use_land_use_change_and_forestry_lulucf_in_kilotonne_co2_equivalent
Denmark,1991,80895.753441567,greenhouse_gas_ghgs_emissions_without_land_use_land_use_change_and_forestry_lulucf_in_kilotonne_co2_equivalent
Germany,1995,1120943.90480089,greenhouse_gas_ghgs_emissions_without_land_use_land_use_change_and_forestry_lulucf_in_kilotonne_co2_equivalent
Iceland,1995,69.3625828823928,perfluorocarbons_pfcs_emissions_in_kilotonne_co2_equivalent
Russian Federation,2007,2584309.06044644,greenhouse_gas_ghgs_emissions_including_indirect_co2_without_lulucf_in_kilotonne_co2_equivalent
Belgium,2012,2733.36088134647,hydrofluorocarbons_hfcs_emissions_in_kilotonne_co2_equivalent
Luxembourg,1990,288.770394487681,nitrous_oxide_n2o_emissions_without_land_use_land_use_change_and_forestry_lulucf_in_kilotonne_co2_equivalent
Poland,1990,27007.524867479,nitrous_oxide_n2o_emissions_without_land_use_land_use_change_and_forestry_lulucf_in_kilotonne_co2_equivalent
Austria,1992,60432.2493410185,carbon_dioxide_co2_emissions_without_land_use_land_use_change_and_forestry_lulucf_in_kilotonne_co2_equivalent
Norway,2007,951.1920322,perfluorocarbons_pfcs_emissions_in_kilotonne_co2_equivalent
Luxembourg,2001,605.291655699578,methane_ch4_emissions_without_land_use_land_use_change_and_forestry_lulucf_in_kilotonne_co2_equivalent
Finland,2013,63276.8885138436,greenhouse_gas_ghgs_emissions_including_indirect_co2_without_lulucf_in_kilotonne_co2_equivalent
Norway,2002,227.335984865076,sulphur_hexafluoride_sf6_emissions_in_kilotonne_co2_equivalent
Australia,2006,172.51388695254,sulphur_hexafluoride_sf6_emissions_in_kilotonne_co2_equivalent
Portugal,2011,2050.62498136657,hydrofluorocarbons_hfcs_emissions_in_kilotonne_co2_equivalent
Iceland,1993,2294.50464413142,carbon_dioxide_co2_emissions_without_land_use_land_use_change_and_forestry_lulucf_in_kilotonne_co2_equivalent
Denmark,2014,50785.2927329648,greenhouse_gas_ghgs_emissions_without_land_use_land_use_change_and_forestry_lulucf_in_kilotonne_co2_equivalent
Norway,1994,51704.4180201368,greenhouse_gas_ghgs_emissions_including_indirect_co2_without_lulucf_in_kilotonne_co2_equivalent
Russian Federation,1994,1685494.54694021,carbon_dioxide_co2_emissions_without_land_use_land_use_change_and_forestry_lulucf_in_kilotonne_co2_equivalent
Czech Republic,1995,17744.9425854554,methane_ch4_emissions_without_land_use_land_use_change_and_forestry_lulucf_in_kilotonne_co2_equivalent
Ireland,1999,254.822381,perfluorocarbons_pfcs_emissions_in_kilotonne_co2_equivalent
Norway,2010,5522.60840583578,methane_ch4_emissions_without_land_use_land_use_change_and_forestry_lulucf_in_kilotonne_co2_equivalent
United Kingdom,1997,127791.871600672,methane_ch4_emissions_without_land_use_land_use_change_and_forestry_lulucf_in_kilotonne_co2_equivalent
Hungary,1997,76553.8079993098,greenhouse_gas_ghgs_emissions_without_land_use_land_use_change_and_forestry_lulucf_in_kilotonne_co2_equivalent
Australia,2008,6832.22674546237,hydrofluorocarbons_hfcs_emissions_in_kilotonne_co2_equivalent
Turkey,1991,16096.6004230335,nitrous_oxide_n2o_emissions_without_land_use_land_use_change_and_forestry_lulucf_in_kilotonne_co2_equivalent
Netherlands,2010,182529.786939532,carbon_dioxide_co2_emissions_without_land_use_land_use_change_and_forestry_lulucf_in_kilotonne_co2_equivalent
Slovakia,1998,42.6214850222873,hydrofluorocarbons_hfcs_emissions_in_kilotonne_co2_equivalent
Canada,1993,7455.58343575615,perfluorocarbons_pfcs_emissions_in_kilotonne_co2_equivalent
Poland,1997,56997.5006137546,methane_ch4_emissions_without_land_use_land_use_change_and_forestry_lulucf_in_kilotonne_co2_equivalent
Denmark,1994,82064.6645053473,greenhouse_gas_ghgs_emissions_including_indirect_co2_without_lulucf_in_kilotonne_co2_equivalent
Belgium,2013,2703.01240606807,hydrofluorocarbons_hfcs_emissions_in_kilotonne_co2_equivalent
Cyprus,1997,826.651706795,methane_ch4_emissions_without_land_use_land_use_change_and_forestry_lulucf_in_kilotonne_co2_equivalent
Portugal,1990,10599.4817581936,methane_ch4_emissions_without_land_use_land_use_change_and_forestry_lulucf_in_kilotonne_co2_equivalent
Poland,1999,23.502488727252,sulphur_hexafluoride_sf6_emissions_in_kilotonne_co2_equivalent
Slovakia,2004,23.6260531740254,perfluorocarbons_pfcs_emissions_in_kilotonne_co2_equivalent
Austria,2014,10.56252,nitrogen_trifluoride_nf3_emissions_in_kilotonne_co2_equivalent
Austria,2001,84380.8068854374,greenhouse_gas_ghgs_emissions_including_indirect_co2_without_lulucf_in_kilotonne_co2_equivalent
Canada,1992,829.836,hydrofluorocarbons_hfcs_emissions_in_kilotonne_co2_equivalent
Portugal,2012,50262.4224416189,carbon_dioxide_co2_emissions_without_land_use_land_use_change_and_forestry_lulucf_in_kilotonne_co2_equivalent
Sweden,2012,52.335122610144,sulphur_hexafluoride_sf6_emissions_in_kilotonne_co2_equivalent
Czech Republic,2006,148334.150388754,greenhouse_gas_ghgs_emissions_without_land_use_land_use_change_and_forestry_lulucf_in_kilotonne_co2_equivalent
Czech Republic,2009,136167.939350653,greenhouse_gas_ghgs_emissions_without_land_use_land_use_change_and_forestry_lulucf_in_kilotonne_co2_equivalent
Canada,2009,696312.196588983,greenhouse_gas_ghgs_emissions_without_land_use_land_use_change_and_forestry_lulucf_in_kilotonne_co2_equivalent
Ireland,1998,9208.76962573064,nitrous_oxide_n2o_emissions_without_land_use_land_use_change_and_forestry_lulucf_in_kilotonne_co2_equivalent
Croatia,2001,2844.14784113738,methane_ch4_emissions_without_land_use_land_use_change_and_forestry_lulucf_in_kilotonne_co2_equivalent
Ireland,2008,845.809066102674,hydrofluorocarbons_hfcs_emissions_in_kilotonne_co2_equivalent
Norway,2009,58.626776576352,sulphur_hexafluoride_sf6_emissions_in_kilotonne_co2_equivalent
Spain,2011,35615.1350344722,methane_ch4_emissions_without_land_use_land_use_change_and_forestry_lulucf_in_kilotonne_co2_equivalent
Finland,1997,76216.9343799597,greenhouse_gas_ghgs_emissions_including_indirect_co2_without_lulucf_in_kilotonne_co2_equivalent
Hungary,1994,77026.1174095609,greenhouse_gas_ghgs_emissions_including_indirect_co2_without_lulucf_in_kilotonne_co2_equivalent
Slovakia,2011,45604.0184269931,greenhouse_gas_ghgs_emissions_including_indirect_co2_without_lulucf_in_kilotonne_co2_equivalent
Turkey,1999,271357.95510034,greenhouse_gas_ghgs_emissions_including_indirect_co2_without_lulucf_in_kilotonne_co2_equivalent
Netherlands,2011,125.166317303376,sulphur_hexafluoride_sf6_emissions_in_kilotonne_co2_equivalent
Austria,1998,9.430603636348,nitrogen_trifluoride_nf3_emissions_in_kilotonne_co2_equivalent
European Union,1994,14142.8448724973,sulphur_hexafluoride_sf6_emissions_in_kilotonne_co2_equivalent
Denmark,1999,75520.2701761614,greenhouse_gas_ghgs_emissions_including_indirect_co2_without_lulucf_in_kilotonne_co2_equivalent
Italy,2004,492746.255602992,carbon_dioxide_co2_emissions_without_land_use_land_use_change_and_forestry_lulucf_in_kilotonne_co2_equivalent
Czech Republic,1998,148054.793462295,greenhouse_gas_ghgs_emissions_without_land_use_land_use_change_and_forestry_lulucf_in_kilotonne_co2_equivalent
Finland,2001,6519.02653867057,methane_ch4_emissions_without_land_use_land_use_change_and_forestry_lulucf_in_kilotonne_co2_equivalent
United Kingdom,2000,1817.67126198108,sulphur_hexafluoride_sf6_emissions_in_kilotonne_co2_equivalent
Czech Republic,2000,7568.7508246245,nitrous_oxide_n2o_emissions_without_land_use_land_use_change_and_forestry_lulucf_in_kilotonne_co2_equivalent
Denmark,2007,21.186794217955,perfluorocarbons_pfcs_emissions_in_kilotonne_co2_equivalent
Austria,2009,67682.7251493548,carbon_dioxide_co2_emissions_without_land_use_land_use_change_and_forestry_lulucf_in_kilotonne_co2_equivalent
Czech Republic,1999,0.84022894215434,perfluorocarbons_pfcs_emissions_in_kilotonne_co2_equivalent
Slovenia,2008,21523.5484179448,greenhouse_gas_ghgs_emissions_including_indirect_co2_without_lulucf_in_kilotonne_co2_equivalent
Slovakia,2009,2973.50922684502,nitrous_oxide_n2o_emissions_without_land_use_land_use_change_and_forestry_lulucf_in_kilotonne_co2_equivalent
Netherlands,1991,125.724447807372,sulphur_hexafluoride_sf6_emissions_in_kilotonne_co2_equivalent
Japan,1995,25213.125254391,hydrofluorocarbons_hfcs_emissions_in_kilotonne_co2_equivalent
Slovakia,2000,84.7255503779299,hydrofluorocarbons_hfcs_emissions_in_kilotonne_co2_equivalent
Luxembourg,2003,273.070286492627,nitrous_oxide_n2o_emissions_without_land_use_land_use_change_and_forestry_lulucf_in_kilotonne_co2_equivalent
Spain,1999,856.922117389364,perfluorocarbons_pfcs_emissions_in_kilotonne_co2_equivalent
New Zealand,2001,8651.6967746452,nitrous_oxide_n2o_emissions_without_land_use_land_use_change_and_forestry_lulucf_in_kilotonne_co2_equivalent
United Kingdom,2002,554227.635799311,carbon_dioxide_co2_emissions_without_land_use_land_use_change_and_forestry_lulucf_in_kilotonne_co2_equivalent
Malta,2003,2666.13432525932,carbon_dioxide_co2_emissions_without_land_use_land_use_change_and_forestry_lulucf_in_kilotonne_co2_equivalent
Germany,1998,92582.8263981802,methane_ch4_emissions_without_land_use_land_use_change_and_forestry_lulucf_in_kilotonne_co2_equivalent
Belgium,2003,8712.78391381373,nitrous_oxide_n2o_emissions_without_land_use_land_use_change_and_forestry_lulucf_in_kilotonne_co2_equivalent
Iceland,2011,146.135568475016,hydrofluorocarbons_hfcs_emissions_in_kilotonne_co2_equivalent
Australia,2005,518850.759462375,greenhouse_gas_ghgs_emissions_including_indirect_co2_without_lulucf_in_kilotonne_co2_equivalent
Lithuania,1997,22971.1068622477,greenhouse_gas_ghgs_emissions_without_land_use_land_use_change_and_forestry_lulucf_in_kilotonne_co2_equivalent
Slovakia,2002,41593.5332476528,carbon_dioxide_co2_emissions_without_land_use_land_use_change_and_forestry_lulucf_in_kilotonne_co2_equivalent
Slovakia,1998,5708.46919242492,methane_ch4_emissions_without_land_use_land_use_change_and_forestry_lulucf_in_kilotonne_co2_equivalent
Spain,2010,283581.400657324,carbon_dioxide_co2_emissions_without_land_use_land_use_change_and_forestry_lulucf_in_kilotonne_co2_equivalent
Cyprus,1998,6580.296149717,carbon_dioxide_co2_emissions_without_land_use_land_use_change_and_forestry_lulucf_in_kilotonne_co2_equivalent
Bulgaria,2005,50191.1160644292,carbon_dioxide_co2_emissions_without_land_use_land_use_change_and_forestry_lulucf_in_kilotonne_co2_equivalent
Switzerland,1998,152.61036108516,sulphur_hexafluoride_sf6_emissions_in_kilotonne_co2_equivalent
Norway,1998,6004.50907130999,methane_ch4_emissions_without_land_use_land_use_change_and_forestry_lulucf_in_kilotonne_co2_equivalent
European Union,2001,306270.054080363,nitrous_oxide_n2o_emissions_without_land_use_land_use_change_and_forestry_lulucf_in_kilotonne_co2_equivalent
Romania,1992,1568.983941,perfluorocarbons_pfcs_emissions_in_kilotonne_co2_equivalent
Turkey,2000,591.382349224058,perfluorocarbons_pfcs_emissions_in_kilotonne_co2_equivalent
Germany,1994,6249.227868708,sulphur_hexafluoride_sf6_emissions_in_kilotonne_co2_equivalent
Sweden,2003,5526.46921149031,nitrous_oxide_n2o_emissions_without_land_use_land_use_change_and_forestry_lulucf_in_kilotonne_co2_equivalent
Russian Federation,2006,2574412.00965123,greenhouse_gas_ghgs_emissions_including_indirect_co2_without_lulucf_in_kilotonne_co2_equivalent
Bulgaria,1997,11500.6452771229,methane_ch4_emissions_without_land_use_land_use_change_and_forestry_lulucf_in_kilotonne_co2_equivalent
Portugal,2008,12553.8952717715,methane_ch4_emissions_without_land_use_land_use_change_and_forestry_lulucf_in_kilotonne_co2_equivalent
Ireland,1994,10.9563290116968,hydrofluorocarbons_hfcs_emissions_in_kilotonne_co2_equivalent
Portugal,2006,65465.41971559,carbon_dioxide_co2_emissions_without_land_use_land_use_change_and_forestry_lulucf_in_kilotonne_co2_equivalent
Liechtenstein,2001,214.585310816839,carbon_dioxide_co2_emissions_without_land_use_land_use_change_and_forestry_lulucf_in_kilotonne_co2_equivalent
Malta,2007,74.7640519351901,nitrous_oxide_n2o_emissions_without_land_use_land_use_change_and_forestry_lulucf_in_kilotonne_co2_equivalent
Germany,1992,6.88,nitrogen_trifluoride_nf3_emissions_in_kilotonne_co2_equivalent
Poland,2011,403271.359627781,greenhouse_gas_ghgs_emissions_without_land_use_land_use_change_and_forestry_lulucf_in_kilotonne_co2_equivalent
Austria,2012,6855.14146713985,methane_ch4_emissions_without_land_use_land_use_change_and_forestry_lulucf_in_kilotonne_co2_equivalent
Belgium,2014,95.218302166452,sulphur_hexafluoride_sf6_emissions_in_kilotonne_co2_equivalent
United Kingdom,2004,26133.0607027417,nitrous_oxide_n2o_emissions_without_land_use_land_use_change_and_forestry_lulucf_in_kilotonne_co2_equivalent
Russian Federation,2012,2700925.24004231,greenhouse_gas_ghgs_emissions_including_indirect_co2_without_lulucf_in_kilotonne_co2_equivalent
Lithuania,1995,22400.5086396674,greenhouse_gas_ghgs_emissions_without_land_use_land_use_change_and_forestry_lulucf_in_kilotonne_co2_equivalent
Ireland,2006,190.95674,perfluorocarbons_pfcs_emissions_in_kilotonne_co2_equivalent
Australia,1994,424092.95937256,greenhouse_gas_ghgs_emissions_including_indirect_co2_without_lulucf_in_kilotonne_co2_equivalent
Slovenia,1992,832.943765967181,nitrous_oxide_n2o_emissions_without_land_use_land_use_change_and_forestry_lulucf_in_kilotonne_co2_equivalent
Belgium,1992,484.299975812368,hydrofluorocarbons_hfcs_emissions_in_kilotonne_co2_equivalent
European Union,1992,695017.254202625,methane_ch4_emissions_without_land_use_land_use_change_and_forestry_lulucf_in_kilotonne_co2_equivalent
Canada,2002,0.220408597276,nitrogen_trifluoride_nf3_emissions_in_kilotonne_co2_equivalent
France,1999,28.409592493876,nitrogen_trifluoride_nf3_emissions_in_kilotonne_co2_equivalent
Portugal,2014,2439.3050815754,hydrofluorocarbons_hfcs_emissions_in_kilotonne_co2_equivalent
Croatia,2009,2224.65623070275,nitrous_oxide_n2o_emissions_without_land_use_land_use_change_and_forestry_lulucf_in_kilotonne_co2_equivalent
Denmark,1993,102.28704,hydrofluorocarbons_hfcs_emissions_in_kilotonne_co2_equivalent
Croatia,1994,2325.58979219483,nitrous_oxide_n2o_emissions_without_land_use_land_use_change_and_forestry_lulucf_in_kilotonne_co2_equivalent
Monaco,2008,95.8557340654515,greenhouse_gas_ghgs_emissions_including_indirect_co2_without_lulucf_in_kilotonne_co2_equivalent
Cyprus,2009,0.1611230628,sulphur_hexafluoride_sf6_emissions_in_kilotonne_co2_equivalent
Luxembourg,2006,5.269914001428,sulphur_hexafluoride_sf6_emissions_in_kilotonne_co2_equivalent
Finland,2014,59028.9870736425,greenhouse_gas_ghgs_emissions_without_land_use_land_use_change_and_forestry_lulucf_in_kilotonne_co2_equivalent
Greece,1999,124462.644048816,greenhouse_gas_ghgs_emissions_without_land_use_land_use_change_and_forestry_lulucf_in_kilotonne_co2_equivalent
Czech Republic,1995,0.00883,perfluorocarbons_pfcs_emissions_in_kilotonne_co2_equivalent
Malta,2008,3182.27959841266,greenhouse_gas_ghgs_emissions_without_land_use_land_use_change_and_forestry_lulucf_in_kilotonne_co2_equivalent
Austria,2000,4301.70460988914,nitrous_oxide_n2o_emissions_without_land_use_land_use_change_and_forestry_lulucf_in_kilotonne_co2_equivalent
Cyprus,2007,915.518720925,methane_ch4_emissions_without_land_use_land_use_change_and_forestry_lulucf_in_kilotonne_co2_equivalent
Monaco,2008,95.8557340654515,greenhouse_gas_ghgs_emissions_without_land_use_land_use_change_and_forestry_lulucf_in_kilotonne_co2_equivalent
Romania,2013,29191.884198204,methane_ch4_emissions_without_land_use_land_use_change_and_forestry_lulucf_in_kilotonne_co2_equivalent
Czech Republic,1997,7838.49264850086,nitrous_oxide_n2o_emissions_without_land_use_land_use_change_and_forestry_lulucf_in_kilotonne_co2_equivalent
Monaco,2006,5.84082202810524,hydrofluorocarbons_hfcs_emissions_in_kilotonne_co2_equivalent
France,1998,3410.29367790934,perfluorocarbons_pfcs_emissions_in_kilotonne_co2_equivalent
Spain,2007,11660.9212635085,hydrofluorocarbons_hfcs_emissions_in_kilotonne_co2_equivalent
Cyprus,2011,7696.667805268,carbon_dioxide_co2_emissions_without_land_use_land_use_change_and_forestry_lulucf_in_kilotonne_co2_equivalent
Portugal,2011,9.04547711995939,perfluorocarbons_pfcs_emissions_in_kilotonne_co2_equivalent
Liechtenstein,1991,0.00988335271844,hydrofluorocarbons_hfcs_emissions_in_kilotonne_co2_equivalent
Italy,2004,580725.580159886,greenhouse_gas_ghgs_emissions_including_indirect_co2_without_lulucf_in_kilotonne_co2_equivalent
Croatia,1999,11.9926062,sulphur_hexafluoride_sf6_emissions_in_kilotonne_co2_equivalent
Croatia,2009,27909.1256955995,greenhouse_gas_ghgs_emissions_including_indirect_co2_without_lulucf_in_kilotonne_co2_equivalent
Cyprus,2010,9571.65722046227,greenhouse_gas_ghgs_emissions_without_land_use_land_use_change_and_forestry_lulucf_in_kilotonne_co2_equivalent
Slovenia,2005,156.150707888707,hydrofluorocarbons_hfcs_emissions_in_kilotonne_co2_equivalent
Norway,2000,1518.450245635,perfluorocarbons_pfcs_emissions_in_kilotonne_co2_equivalent
New Zealand,1992,461.879,perfluorocarbons_pfcs_emissions_in_kilotonne_co2_equivalent
Iceland,2004,429.977569946523,nitrous_oxide_n2o_emissions_without_land_use_land_use_change_and_forestry_lulucf_in_kilotonne_co2_equivalent
Australia,2008,151.109712677652,sulphur_hexafluoride_sf6_emissions_in_kilotonne_co2_equivalent
Turkey,2013,354961.042273042,carbon_dioxide_co2_emissions_without_land_use_land_use_change_and_forestry_lulucf_in_kilotonne_co2_equivalent
Lithuania,2000,3764.72211005541,methane_ch4_emissions_without_land_use_land_use_change_and_forestry_lulucf_in_kilotonne_co2_equivalent
Poland,1992,447713.503956584,greenhouse_gas_ghgs_emissions_including_indirect_co2_without_lulucf_in_kilotonne_co2_equivalent
Russian Federation,2009,1576703.96685802,carbon_dioxide_co2_emissions_without_land_use_land_use_change_and_forestry_lulucf_in_kilotonne_co2_equivalent
Sweden,1997,58154.5297192918,carbon_dioxide_co2_emissions_without_land_use_land_use_change_and_forestry_lulucf_in_kilotonne_co2_equivalent
Estonia,2004,1247.51885004831,methane_ch4_emissions_without_land_use_land_use_change_and_forestry_lulucf_in_kilotonne_co2_equivalent
Ireland,2001,71314.7882039049,greenhouse_gas_ghgs_emissions_without_land_use_land_use_change_and_forestry_lulucf_in_kilotonne_co2_equivalent
Malta,2012,2868.63812814327,carbon_dioxide_co2_emissions_without_land_use_land_use_change_and_forestry_lulucf_in_kilotonne_co2_equivalent
Slovenia,2012,16.93512522,sulphur_hexafluoride_sf6_emissions_in_kilotonne_co2_equivalent
Turkey,1993,44556.5476329221,methane_ch4_emissions_without_land_use_land_use_change_and_forestry_lulucf_in_kilotonne_co2_equivalent
Sweden,2013,44899.1519357186,carbon_dioxide_co2_emissions_without_land_use_land_use_change_and_forestry_lulucf_in_kilotonne_co2_equivalent
Ukraine,2003,417556.108545758,greenhouse_gas_ghgs_emissions_without_land_use_land_use_change_and_forestry_lulucf_in_kilotonne_co2_equivalent
European Union,1994,4161321.31739286,carbon_dioxide_co2_emissions_without_land_use_land_use_change_and_forestry_lulucf_in_kilotonne_co2_equivalent
United States of America,2011,5559507.66443653,carbon_dioxide_co2_emissions_without_land_use_land_use_change_and_forestry_lulucf_in_kilotonne_co2_equivalent
Netherlands,1990,2662.85032187436,perfluorocarbons_pfcs_emissions_in_kilotonne_co2_equivalent
Netherlands,2004,219075.219640892,greenhouse_gas_ghgs_emissions_without_land_use_land_use_change_and_forestry_lulucf_in_kilotonne_co2_equivalent
Croatia,2010,543.951452,hydrofluorocarbons_hfcs_emissions_in_kilotonne_co2_equivalent
France,2014,10.6296,nitrogen_trifluoride_nf3_emissions_in_kilotonne_co2_equivalent
Hungary,1996,64.127844529596,sulphur_hexafluoride_sf6_emissions_in_kilotonne_co2_equivalent
Luxembourg,1996,616.674302794138,methane_ch4_emissions_without_land_use_land_use_change_and_forestry_lulucf_in_kilotonne_co2_equivalent
Canada,2013,107063.129352267,methane_ch4_emissions_without_land_use_land_use_change_and_forestry_lulucf_in_kilotonne_co2_equivalent
Poland,1997,448855.478154987,greenhouse_gas_ghgs_emissions_without_land_use_land_use_change_and_forestry_lulucf_in_kilotonne_co2_equivalent
Sweden,1994,59876.998756461,carbon_dioxide_co2_emissions_without_land_use_land_use_change_and_forestry_lulucf_in_kilotonne_co2_equivalent
Italy,1997,1211.45546276734,perfluorocarbons_pfcs_emissions_in_kilotonne_co2_equivalent
Slovenia,1992,128.179343535946,perfluorocarbons_pfcs_emissions_in_kilotonne_co2_equivalent
Belgium,1999,428.74688744057,perfluorocarbons_pfcs_emissions_in_kilotonne_co2_equivalent
Australia,2002,361861.387896028,carbon_dioxide_co2_emissions_without_land_use_land_use_change_and_forestry_lulucf_in_kilotonne_co2_equivalent
Austria,1996,83008.8063000899,greenhouse_gas_ghgs_emissions_including_indirect_co2_without_lulucf_in_kilotonne_co2_equivalent
United States of America,2000,17873.9194123821,sulphur_hexafluoride_sf6_emissions_in_kilotonne_co2_equivalent
Cyprus,1996,3.60691995597,hydrofluorocarbons_hfcs_emissions_in_kilotonne_co2_equivalent
Greece,1994,12710.7969355586,methane_ch4_emissions_without_land_use_land_use_change_and_forestry_lulucf_in_kilotonne_co2_equivalent
Monaco,1996,108.203360341535,greenhouse_gas_ghgs_emissions_without_land_use_land_use_change_and_forestry_lulucf_in_kilotonne_co2_equivalent
United Kingdom,2005,13180.6957078778,hydrofluorocarbons_hfcs_emissions_in_kilotonne_co2_equivalent
Lithuania,2014,3124.49173783258,nitrous_oxide_n2o_emissions_without_land_use_land_use_change_and_forestry_lulucf_in_kilotonne_co2_equivalent
Norway,2000,5966.43807539703,methane_ch4_emissions_without_land_use_land_use_change_and_forestry_lulucf_in_kilotonne_co2_equivalent
Estonia,1994,21713.1632575004,greenhouse_gas_ghgs_emissions_including_indirect_co2_without_lulucf_in_kilotonne_co2_equivalent
Portugal,2009,58004.1969738053,carbon_dioxide_co2_emissions_without_land_use_land_use_change_and_forestry_lulucf_in_kilotonne_co2_equivalent
United Kingdom,1990,1279.06117061339,sulphur_hexafluoride_sf6_emissions_in_kilotonne_co2_equivalent
Lithuania,1998,0.50616,sulphur_hexafluoride_sf6_emissions_in_kilotonne_co2_equivalent
Austria,2006,1152.466320532,hydrofluorocarbons_hfcs_emissions_in_kilotonne_co2_equivalent
Portugal,2014,30.645541862556,sulphur_hexafluoride_sf6_emissions_in_kilotonne_co2_equivalent
Romania,2011,12.7156,perfluorocarbons_pfcs_emissions_in_kilotonne_co2_equivalent
Iceland,2006,2939.27659673656,carbon_dioxide_co2_emissions_without_land_use_land_use_change_and_forestry_lulucf_in_kilotonne_co2_equivalent
Monaco,2010,75.4682651256747,carbon_dioxide_co2_emissions_without_land_use_land_use_change_and_forestry_lulucf_in_kilotonne_co2_equivalent
Ireland,2010,62235.1520447576,greenhouse_gas_ghgs_emissions_without_land_use_land_use_change_and_forestry_lulucf_in_kilotonne_co2_equivalent
Hungary,1997,9026.81757363921,methane_ch4_emissions_without_land_use_land_use_change_and_forestry_lulucf_in_kilotonne_co2_equivalent
Slovakia,1999,16.2697204854417,perfluorocarbons_pfcs_emissions_in_kilotonne_co2_equivalent
Netherlands,2012,172.50624501042,sulphur_hexafluoride_sf6_emissions_in_kilotonne_co2_equivalent
United States of America,1993,586.9397524,unspecified_mix_of_hydrofluorocarbons_hfcs_and_perfluorocarbons_pfcs_emissions_in_kilotonne_co2_equivalent
Turkey,1996,16720.6012107675,nitrous_oxide_n2o_emissions_without_land_use_land_use_change_and_forestry_lulucf_in_kilotonne_co2_equivalent
Belgium,1992,11886.3497152747,methane_ch4_emissions_without_land_use_land_use_change_and_forestry_lulucf_in_kilotonne_co2_equivalent
United Kingdom,2006,882.908095145784,sulphur_hexafluoride_sf6_emissions_in_kilotonne_co2_equivalent
Cyprus,2013,918.03627175,methane_ch4_emissions_without_land_use_land_use_change_and_forestry_lulucf_in_kilotonne_co2_equivalent
Slovakia,2000,49712.4776565827,greenhouse_gas_ghgs_emissions_without_land_use_land_use_change_and_forestry_lulucf_in_kilotonne_co2_equivalent
Austria,2001,863.101238986877,hydrofluorocarbons_hfcs_emissions_in_kilotonne_co2_equivalent
Switzerland,2004,65.3050182290794,perfluorocarbons_pfcs_emissions_in_kilotonne_co2_equivalent
Austria,2007,3577.37016383082,nitrous_oxide_n2o_emissions_without_land_use_land_use_change_and_forestry_lulucf_in_kilotonne_co2_equivalent
Slovenia,2001,996.858467963867,nitrous_oxide_n2o_emissions_without_land_use_land_use_change_and_forestry_lulucf_in_kilotonne_co2_equivalent
France,1999,5383.41498649957,hydrofluorocarbons_hfcs_emissions_in_kilotonne_co2_equivalent
Croatia,1990,10.4500722,sulphur_hexafluoride_sf6_emissions_in_kilotonne_co2_equivalent
Lithuania,1992,3698.14887089031,nitrous_oxide_n2o_emissions_without_land_use_land_use_change_and_forestry_lulucf_in_kilotonne_co2_equivalent
Slovenia,2007,20831.8365544054,greenhouse_gas_ghgs_emissions_without_land_use_land_use_change_and_forestry_lulucf_in_kilotonne_co2_equivalent
Liechtenstein,1994,200.961153022994,carbon_dioxide_co2_emissions_without_land_use_land_use_change_and_forestry_lulucf_in_kilotonne_co2_equivalent
Greece,1990,104716.492083172,greenhouse_gas_ghgs_emissions_including_indirect_co2_without_lulucf_in_kilotonne_co2_equivalent
Iceland,2008,586.608688711014,methane_ch4_emissions_without_land_use_land_use_change_and_forestry_lulucf_in_kilotonne_co2_equivalent
Poland,2005,47127.6113666599,methane_ch4_emissions_without_land_use_land_use_change_and_forestry_lulucf_in_kilotonne_co2_equivalent
Latvia,1993,2399.58632889774,methane_ch4_emissions_without_land_use_land_use_change_and_forestry_lulucf_in_kilotonne_co2_equivalent
Slovenia,1999,2373.46242276013,methane_ch4_emissions_without_land_use_land_use_change_and_forestry_lulucf_in_kilotonne_co2_equivalent
New Zealand,1996,16.7352,sulphur_hexafluoride_sf6_emissions_in_kilotonne_co2_equivalent
Norway,1992,47778.6271571411,greenhouse_gas_ghgs_emissions_including_indirect_co2_without_lulucf_in_kilotonne_co2_equivalent
New Zealand,1995,69641.424602133,greenhouse_gas_ghgs_emissions_without_land_use_land_use_change_and_forestry_lulucf_in_kilotonne_co2_equivalent
Latvia,1998,11831.066179426,greenhouse_gas_ghgs_emissions_including_indirect_co2_without_lulucf_in_kilotonne_co2_equivalent
Croatia,2005,386.117676,hydrofluorocarbons_hfcs_emissions_in_kilotonne_co2_equivalent
Spain,2000,187.6796136,sulphur_hexafluoride_sf6_emissions_in_kilotonne_co2_equivalent
Czech Republic,2001,148191.637493571,greenhouse_gas_ghgs_emissions_without_land_use_land_use_change_and_forestry_lulucf_in_kilotonne_co2_equivalent
European Union,2002,4208860.12268355,carbon_dioxide_co2_emissions_without_land_use_land_use_change_and_forestry_lulucf_in_kilotonne_co2_equivalent
Norway,1999,55476.4362183585,greenhouse_gas_ghgs_emissions_including_indirect_co2_without_lulucf_in_kilotonne_co2_equivalent
Australia,1999,17933.4397904515,nitrous_oxide_n2o_emissions_without_land_use_land_use_change_and_forestry_lulucf_in_kilotonne_co2_equivalent
Finland,2012,22.15592964,sulphur_hexafluoride_sf6_emissions_in_kilotonne_co2_equivalent
European Union,2010,244135.499956629,nitrous_oxide_n2o_emissions_without_land_use_land_use_change_and_forestry_lulucf_in_kilotonne_co2_equivalent
Bulgaria,2006,3769.7414422988,nitrous_oxide_n2o_emissions_without_land_use_land_use_change_and_forestry_lulucf_in_kilotonne_co2_equivalent
United States of America,1994,770450.426146208,methane_ch4_emissions_without_land_use_land_use_change_and_forestry_lulucf_in_kilotonne_co2_equivalent
Switzerland,2014,48737.8666610493,greenhouse_gas_ghgs_emissions_including_indirect_co2_without_lulucf_in_kilotonne_co2_equivalent
Spain,1997,33553.5165538679,methane_ch4_emissions_without_land_use_land_use_change_and_forestry_lulucf_in_kilotonne_co2_equivalent
Romania,2009,125528.055603277,greenhouse_gas_ghgs_emissions_without_land_use_land_use_change_and_forestry_lulucf_in_kilotonne_co2_equivalent
Netherlands,2003,218174.535289908,greenhouse_gas_ghgs_emissions_including_indirect_co2_without_lulucf_in_kilotonne_co2_equivalent
Japan,1990,6539.29933306031,perfluorocarbons_pfcs_emissions_in_kilotonne_co2_equivalent
European Union,2000,5167968.22245281,greenhouse_gas_ghgs_emissions_including_indirect_co2_without_lulucf_in_kilotonne_co2_equivalent
Czech Republic,2014,2830.38224927792,hydrofluorocarbons_hfcs_emissions_in_kilotonne_co2_equivalent
Ireland,2007,13363.2696736717,methane_ch4_emissions_without_land_use_land_use_change_and_forestry_lulucf_in_kilotonne_co2_equivalent
New Zealand,1994,68816.5832879109,greenhouse_gas_ghgs_emissions_without_land_use_land_use_change_and_forestry_lulucf_in_kilotonne_co2_equivalent
Turkey,1995,178812.409473623,carbon_dioxide_co2_emissions_without_land_use_land_use_change_and_forestry_lulucf_in_kilotonne_co2_equivalent
Romania,1993,1635.465195,perfluorocarbons_pfcs_emissions_in_kilotonne_co2_equivalent
Monaco,2013,74.4309201897803,carbon_dioxide_co2_emissions_without_land_use_land_use_change_and_forestry_lulucf_in_kilotonne_co2_equivalent
Slovakia,2003,26.4514396419252,perfluorocarbons_pfcs_emissions_in_kilotonne_co2_equivalent
Slovenia,2009,19595.3672464151,greenhouse_gas_ghgs_emissions_without_land_use_land_use_change_and_forestry_lulucf_in_kilotonne_co2_equivalent
Denmark,2004,70306.8469605871,greenhouse_gas_ghgs_emissions_without_land_use_land_use_change_and_forestry_lulucf_in_kilotonne_co2_equivalent
Luxembourg,2012,567.564137037106,methane_ch4_emissions_without_land_use_land_use_change_and_forestry_lulucf_in_kilotonne_co2_equivalent
Spain,2001,36310.6338952737,methane_ch4_emissions_without_land_use_land_use_change_and_forestry_lulucf_in_kilotonne_co2_equivalent
Switzerland,2000,52315.7527406386,greenhouse_gas_ghgs_emissions_without_land_use_land_use_change_and_forestry_lulucf_in_kilotonne_co2_equivalent
France,2012,20.3992,nitrogen_trifluoride_nf3_emissions_in_kilotonne_co2_equivalent
Belgium,1991,148825.699408439,greenhouse_gas_ghgs_emissions_without_land_use_land_use_change_and_forestry_lulucf_in_kilotonne_co2_equivalent
Russian Federation,1992,14706.1047228893,perfluorocarbons_pfcs_emissions_in_kilotonne_co2_equivalent
Netherlands,2007,156.500280969888,sulphur_hexafluoride_sf6_emissions_in_kilotonne_co2_equivalent
Estonia,1992,1085.92140009621,nitrous_oxide_n2o_emissions_without_land_use_land_use_change_and_forestry_lulucf_in_kilotonne_co2_equivalent
Japan,1999,1367886.0892359,greenhouse_gas_ghgs_emissions_including_indirect_co2_without_lulucf_in_kilotonne_co2_equivalent
Croatia,2009,0.25788015,perfluorocarbons_pfcs_emissions_in_kilotonne_co2_equivalent
Austria,1996,7.92576,nitrogen_trifluoride_nf3_emissions_in_kilotonne_co2_equivalent
Liechtenstein,2003,264.279161446894,greenhouse_gas_ghgs_emissions_without_land_use_land_use_change_and_forestry_lulucf_in_kilotonne_co2_equivalent
Romania,2004,293.933728396381,hydrofluorocarbons_hfcs_emissions_in_kilotonne_co2_equivalent
Croatia,2002,27420.0965723045,greenhouse_gas_ghgs_emissions_without_land_use_land_use_change_and_forestry_lulucf_in_kilotonne_co2_equivalent
Canada,2012,8277.68017933566,hydrofluorocarbons_hfcs_emissions_in_kilotonne_co2_equivalent
New Zealand,2005,37645.434299041,carbon_dioxide_co2_emissions_without_land_use_land_use_change_and_forestry_lulucf_in_kilotonne_co2_equivalent
Cyprus,2007,9913.23461665865,greenhouse_gas_ghgs_emissions_including_indirect_co2_without_lulucf_in_kilotonne_co2_equivalent
Belgium,2006,76.550394448644,sulphur_hexafluoride_sf6_emissions_in_kilotonne_co2_equivalent
Czech Republic,2005,147600.476572277,greenhouse_gas_ghgs_emissions_including_indirect_co2_without_lulucf_in_kilotonne_co2_equivalent
Denmark,2008,65335.9858890349,greenhouse_gas_ghgs_emissions_without_land_use_land_use_change_and_forestry_lulucf_in_kilotonne_co2_equivalent
Turkey,2011,415868.814166092,greenhouse_gas_ghgs_emissions_including_indirect_co2_without_lulucf_in_kilotonne_co2_equivalent
New Zealand,1990,14.5008,sulphur_hexafluoride_sf6_emissions_in_kilotonne_co2_equivalent
Bulgaria,2001,48568.9178318705,carbon_dioxide_co2_emissions_without_land_use_land_use_change_and_forestry_lulucf_in_kilotonne_co2_equivalent
United States of America,1994,17965.0039644348,perfluorocarbons_pfcs_emissions_in_kilotonne_co2_equivalent
Italy,2003,578126.368278315,greenhouse_gas_ghgs_emissions_without_land_use_land_use_change_and_forestry_lulucf_in_kilotonne_co2_equivalent
Spain,1992,15529.6591967842,nitrous_oxide_n2o_emissions_without_land_use_land_use_change_and_forestry_lulucf_in_kilotonne_co2_equivalent
Finland,2003,6092.65311451928,methane_ch4_emissions_without_land_use_land_use_change_and_forestry_lulucf_in_kilotonne_co2_equivalent
Belgium,1992,2284.7677,perfluorocarbons_pfcs_emissions_in_kilotonne_co2_equivalent
Latvia,2014,11373.0906376115,greenhouse_gas_ghgs_emissions_without_land_use_land_use_change_and_forestry_lulucf_in_kilotonne_co2_equivalent
Germany,1999,3947.177534,unspecified_mix_of_hydrofluorocarbons_hfcs_and_perfluorocarbons_pfcs_emissions_in_kilotonne_co2_equivalent
Japan,2007,1319799.19357988,carbon_dioxide_co2_emissions_without_land_use_land_use_change_and_forestry_lulucf_in_kilotonne_co2_equivalent
Sweden,1995,395.545816643456,perfluorocarbons_pfcs_emissions_in_kilotonne_co2_equivalent
Japan,2011,2247.64272531419,sulphur_hexafluoride_sf6_emissions_in_kilotonne_co2_equivalent
Ukraine,1999,13.28774,hydrofluorocarbons_hfcs_emissions_in_kilotonne_co2_equivalent
Monaco,1996,1.50217817984922,hydrofluorocarbons_hfcs_emissions_in_kilotonne_co2_equivalent
Switzerland,2000,625.941563760599,hydrofluorocarbons_hfcs_emissions_in_kilotonne_co2_equivalent
Ukraine,1991,50452.2474149041,nitrous_oxide_n2o_emissions_without_land_use_land_use_change_and_forestry_lulucf_in_kilotonne_co2_equivalent
Spain,2008,35588.3535943915,methane_ch4_emissions_without_land_use_land_use_change_and_forestry_lulucf_in_kilotonne_co2_equivalent
Russian Federation,2011,2665179.25767954,greenhouse_gas_ghgs_emissions_without_land_use_land_use_change_and_forestry_lulucf_in_kilotonne_co2_equivalent
United States of America,1999,121.542986341272,nitrogen_trifluoride_nf3_emissions_in_kilotonne_co2_equivalent
Japan,1998,41366.229671637,methane_ch4_emissions_without_land_use_land_use_change_and_forestry_lulucf_in_kilotonne_co2_equivalent
Russian Federation,2009,754.2408834,sulphur_hexafluoride_sf6_emissions_in_kilotonne_co2_equivalent
Germany,2014,792902.788025434,carbon_dioxide_co2_emissions_without_land_use_land_use_change_and_forestry_lulucf_in_kilotonne_co2_equivalent
Ukraine,1990,189322.963464903,methane_ch4_emissions_without_land_use_land_use_change_and_forestry_lulucf_in_kilotonne_co2_equivalent
Slovenia,2005,20522.7384015046,greenhouse_gas_ghgs_emissions_without_land_use_land_use_change_and_forestry_lulucf_in_kilotonne_co2_equivalent
Italy,2000,25.628,nitrogen_trifluoride_nf3_emissions_in_kilotonne_co2_equivalent
Norway,1993,6189.09783545494,methane_ch4_emissions_without_land_use_land_use_change_and_forestry_lulucf_in_kilotonne_co2_equivalent
Italy,2007,561137.586097384,greenhouse_gas_ghgs_emissions_without_land_use_land_use_change_and_forestry_lulucf_in_kilotonne_co2_equivalent
Lithuania,1992,30446.8235582429,greenhouse_gas_ghgs_emissions_without_land_use_land_use_change_and_forestry_lulucf_in_kilotonne_co2_equivalent
Romania,2001,1211.66060652,perfluorocarbons_pfcs_emissions_in_kilotonne_co2_equivalent
Austria,1999,80106.7171759132,greenhouse_gas_ghgs_emissions_including_indirect_co2_without_lulucf_in_kilotonne_co2_equivalent
Romania,1990,254999.122937748,greenhouse_gas_ghgs_emissions_without_land_use_land_use_change_and_forestry_lulucf_in_kilotonne_co2_equivalent
Netherlands,1998,16848.7846462731,nitrous_oxide_n2o_emissions_without_land_use_land_use_change_and_forestry_lulucf_in_kilotonne_co2_equivalent
European Union,1991,4403723.16147676,carbon_dioxide_co2_emissions_without_land_use_land_use_change_and_forestry_lulucf_in_kilotonne_co2_equivalent
Netherlands,2012,195295.943888972,greenhouse_gas_ghgs_emissions_including_indirect_co2_without_lulucf_in_kilotonne_co2_equivalent
European Union,1995,43748.9787423997,hydrofluorocarbons_hfcs_emissions_in_kilotonne_co2_equivalent
Italy,2011,1661.28020541475,perfluorocarbons_pfcs_emissions_in_kilotonne_co2_equivalent
Slovenia,2001,15.3672,sulphur_hexafluoride_sf6_emissions_in_kilotonne_co2_equivalent
Slovakia,2001,112.83353516956,hydrofluorocarbons_hfcs_emissions_in_kilotonne_co2_equivalent
Canada,1995,6349.22019719877,perfluorocarbons_pfcs_emissions_in_kilotonne_co2_equivalent
Portugal,2012,10.1811757985441,perfluorocarbons_pfcs_emissions_in_kilotonne_co2_equivalent
Russian Federation,1998,106113.074634081,nitrous_oxide_n2o_emissions_without_land_use_land_use_change_and_forestry_lulucf_in_kilotonne_co2_equivalent
New Zealand,2001,70.6103,perfluorocarbons_pfcs_emissions_in_kilotonne_co2_equivalent
Australia,2001,1801.88197415979,perfluorocarbons_pfcs_emissions_in_kilotonne_co2_equivalent
Switzerland,2000,52503.4061884284,greenhouse_gas_ghgs_emissions_including_indirect_co2_without_lulucf_in_kilotonne_co2_equivalent
Denmark,2010,48993.4173755474,carbon_dioxide_co2_emissions_without_land_use_land_use_change_and_forestry_lulucf_in_kilotonne_co2_equivalent
Belgium,2013,101744.736736883,carbon_dioxide_co2_emissions_without_land_use_land_use_change_and_forestry_lulucf_in_kilotonne_co2_equivalent
Bulgaria,2011,53020.9811161954,carbon_dioxide_co2_emissions_without_land_use_land_use_change_and_forestry_lulucf_in_kilotonne_co2_equivalent
Sweden,2000,277.064877219051,perfluorocarbons_pfcs_emissions_in_kilotonne_co2_equivalent
New Zealand,1990,65828.3804799771,greenhouse_gas_ghgs_emissions_including_indirect_co2_without_lulucf_in_kilotonne_co2_equivalent
Croatia,2007,2420.17013254078,nitrous_oxide_n2o_emissions_without_land_use_land_use_change_and_forestry_lulucf_in_kilotonne_co2_equivalent
Belgium,2009,125811.802030467,greenhouse_gas_ghgs_emissions_without_land_use_land_use_change_and_forestry_lulucf_in_kilotonne_co2_equivalent
Hungary,1996,212.8050371876,perfluorocarbons_pfcs_emissions_in_kilotonne_co2_equivalent
Iceland,1999,204.172738340799,perfluorocarbons_pfcs_emissions_in_kilotonne_co2_equivalent
Sweden,2011,915.232503582705,hydrofluorocarbons_hfcs_emissions_in_kilotonne_co2_equivalent
Norway,2002,578.470730617256,hydrofluorocarbons_hfcs_emissions_in_kilotonne_co2_equivalent
Monaco,1993,0.258058608,sulphur_hexafluoride_sf6_emissions_in_kilotonne_co2_equivalent
Lithuania,2009,3281.23929862331,nitrous_oxide_n2o_emissions_without_land_use_land_use_change_and_forestry_lulucf_in_kilotonne_co2_equivalent
Germany,1996,62404.5335799045,nitrous_oxide_n2o_emissions_without_land_use_land_use_change_and_forestry_lulucf_in_kilotonne_co2_equivalent
Lithuania,1999,21233.0731787122,greenhouse_gas_ghgs_emissions_including_indirect_co2_without_lulucf_in_kilotonne_co2_equivalent
Luxembourg,2007,11398.7059208596,carbon_dioxide_co2_emissions_without_land_use_land_use_change_and_forestry_lulucf_in_kilotonne_co2_equivalent
Estonia,1997,2.850898092,sulphur_hexafluoride_sf6_emissions_in_kilotonne_co2_equivalent
Ireland,1999,3.787666666588,nitrogen_trifluoride_nf3_emissions_in_kilotonne_co2_equivalent
Australia,1995,433478.650825855,greenhouse_gas_ghgs_emissions_including_indirect_co2_without_lulucf_in_kilotonne_co2_equivalent
United States of America,2006,701.351638085384,nitrogen_trifluoride_nf3_emissions_in_kilotonne_co2_equivalent
Lithuania,1990,48190.2820210941,greenhouse_gas_ghgs_emissions_without_land_use_land_use_change_and_forestry_lulucf_in_kilotonne_co2_equivalent
European Union,2011,6243.62423267202,sulphur_hexafluoride_sf6_emissions_in_kilotonne_co2_equivalent
United States of America,1995,26638.1737038403,sulphur_hexafluoride_sf6_emissions_in_kilotonne_co2_equivalent
Spain,2011,239.1547403088,sulphur_hexafluoride_sf6_emissions_in_kilotonne_co2_equivalent
Czech Republic,2011,114113.146744787,carbon_dioxide_co2_emissions_without_land_use_land_use_change_and_forestry_lulucf_in_kilotonne_co2_equivalent
Germany,2000,1043294.43431627,greenhouse_gas_ghgs_emissions_without_land_use_land_use_change_and_forestry_lulucf_in_kilotonne_co2_equivalent
Belgium,1996,11802.0818337339,methane_ch4_emissions_without_land_use_land_use_change_and_forestry_lulucf_in_kilotonne_co2_equivalent
Slovenia,2009,2207.16389844843,methane_ch4_emissions_without_land_use_land_use_change_and_forestry_lulucf_in_kilotonne_co2_equivalent
Russian Federation,2001,1542500.06477849,carbon_dioxide_co2_emissions_without_land_use_land_use_change_and_forestry_lulucf_in_kilotonne_co2_equivalent
Spain,2002,393826.078543363,greenhouse_gas_ghgs_emissions_without_land_use_land_use_change_and_forestry_lulucf_in_kilotonne_co2_equivalent
Estonia,1997,675.819384057021,nitrous_oxide_n2o_emissions_without_land_use_land_use_change_and_forestry_lulucf_in_kilotonne_co2_equivalent
Hungary,2002,74153.5781963387,greenhouse_gas_ghgs_emissions_without_land_use_land_use_change_and_forestry_lulucf_in_kilotonne_co2_equivalent
Cyprus,2008,10093.2699679916,greenhouse_gas_ghgs_emissions_including_indirect_co2_without_lulucf_in_kilotonne_co2_equivalent
Bulgaria,2012,0.0464831354475,perfluorocarbons_pfcs_emissions_in_kilotonne_co2_equivalent
Hungary,1994,5798.26222892975,nitrous_oxide_n2o_emissions_without_land_use_land_use_change_and_forestry_lulucf_in_kilotonne_co2_equivalent
Lithuania,2004,21984.4112122192,greenhouse_gas_ghgs_emissions_including_indirect_co2_without_lulucf_in_kilotonne_co2_equivalent
Portugal,2010,34.694214375024,sulphur_hexafluoride_sf6_emissions_in_kilotonne_co2_equivalent
Liechtenstein,2005,0.255132,sulphur_hexafluoride_sf6_emissions_in_kilotonne_co2_equivalent
Monaco,2003,0.03994692,perfluorocarbons_pfcs_emissions_in_kilotonne_co2_equivalent
Denmark,2011,15.757724600625,perfluorocarbons_pfcs_emissions_in_kilotonne_co2_equivalent
Ukraine,2010,86107.8301161962,methane_ch4_emissions_without_land_use_land_use_change_and_forestry_lulucf_in_kilotonne_co2_equivalent
Slovenia,2009,5.23651163466941,perfluorocarbons_pfcs_emissions_in_kilotonne_co2_equivalent
New Zealand,2004,81648.8272771088,greenhouse_gas_ghgs_emissions_without_land_use_land_use_change_and_forestry_lulucf_in_kilotonne_co2_equivalent
Germany,2001,1797.339134,unspecified_mix_of_hydrofluorocarbons_hfcs_and_perfluorocarbons_pfcs_emissions_in_kilotonne_co2_equivalent
Poland,2010,6782.77456101354,hydrofluorocarbons_hfcs_emissions_in_kilotonne_co2_equivalent
Denmark,1999,15.74457587025,perfluorocarbons_pfcs_emissions_in_kilotonne_co2_equivalent
New Zealand,1996,261.321,perfluorocarbons_pfcs_emissions_in_kilotonne_co2_equivalent
France,2014,43031.3392485803,nitrous_oxide_n2o_emissions_without_land_use_land_use_change_and_forestry_lulucf_in_kilotonne_co2_equivalent
Germany,2002,80070.7211145719,methane_ch4_emissions_without_land_use_land_use_change_and_forestry_lulucf_in_kilotonne_co2_equivalent
Luxembourg,1998,24.4518969244807,hydrofluorocarbons_hfcs_emissions_in_kilotonne_co2_equivalent
Bulgaria,1995,12051.2105618057,methane_ch4_emissions_without_land_use_land_use_change_and_forestry_lulucf_in_kilotonne_co2_equivalent
Croatia,2014,0.059536,perfluorocarbons_pfcs_emissions_in_kilotonne_co2_equivalent
Latvia,1998,15.330161580305,hydrofluorocarbons_hfcs_emissions_in_kilotonne_co2_equivalent
Russian Federation,2003,14612.7516815278,hydrofluorocarbons_hfcs_emissions_in_kilotonne_co2_equivalent
Finland,1999,6911.88870684184,methane_ch4_emissions_without_land_use_land_use_change_and_forestry_lulucf_in_kilotonne_co2_equivalent
Slovakia,2004,3306.26660395665,nitrous_oxide_n2o_emissions_without_land_use_land_use_change_and_forestry_lulucf_in_kilotonne_co2_equivalent
Monaco,2006,82.1239180016564,carbon_dioxide_co2_emissions_without_land_use_land_use_change_and_forestry_lulucf_in_kilotonne_co2_equivalent
Portugal,1998,59976.20991864,carbon_dioxide_co2_emissions_without_land_use_land_use_change_and_forestry_lulucf_in_kilotonne_co2_equivalent
Ireland,2011,955.223938791502,hydrofluorocarbons_hfcs_emissions_in_kilotonne_co2_equivalent
France,2000,19.891693827152,nitrogen_trifluoride_nf3_emissions_in_kilotonne_co2_equivalent
Slovenia,2004,140.694043368562,perfluorocarbons_pfcs_emissions_in_kilotonne_co2_equivalent
Monaco,2003,3.50849521514336,nitrous_oxide_n2o_emissions_without_land_use_land_use_change_and_forestry_lulucf_in_kilotonne_co2_equivalent
Latvia,2001,11034.1487136715,greenhouse_gas_ghgs_emissions_without_land_use_land_use_change_and_forestry_lulucf_in_kilotonne_co2_equivalent
Luxembourg,1997,9455.511768516,greenhouse_gas_ghgs_emissions_without_land_use_land_use_change_and_forestry_lulucf_in_kilotonne_co2_equivalent
Finland,2004,81433.9721913076,greenhouse_gas_ghgs_emissions_including_indirect_co2_without_lulucf_in_kilotonne_co2_equivalent
Lithuania,2007,155.887743489015,hydrofluorocarbons_hfcs_emissions_in_kilotonne_co2_equivalent
Sweden,2004,5178.17695601949,nitrous_oxide_n2o_emissions_without_land_use_land_use_change_and_forestry_lulucf_in_kilotonne_co2_equivalent
Finland,1990,71076.9955343198,greenhouse_gas_ghgs_emissions_without_land_use_land_use_change_and_forestry_lulucf_in_kilotonne_co2_equivalent
Ireland,2012,6703.76811913983,nitrous_oxide_n2o_emissions_without_land_use_land_use_change_and_forestry_lulucf_in_kilotonne_co2_equivalent
Germany,2010,3047.037083808,sulphur_hexafluoride_sf6_emissions_in_kilotonne_co2_equivalent
Poland,2005,397413.932819532,greenhouse_gas_ghgs_emissions_without_land_use_land_use_change_and_forestry_lulucf_in_kilotonne_co2_equivalent
Turkey,2003,457.368,sulphur_hexafluoride_sf6_emissions_in_kilotonne_co2_equivalent
France,2002,4162.08521901902,perfluorocarbons_pfcs_emissions_in_kilotonne_co2_equivalent
Bulgaria,2010,0.063742887,perfluorocarbons_pfcs_emissions_in_kilotonne_co2_equivalent
Sweden,1998,435.271919839893,hydrofluorocarbons_hfcs_emissions_in_kilotonne_co2_equivalent
Belgium,2014,306.964411187965,perfluorocarbons_pfcs_emissions_in_kilotonne_co2_equivalent
Czech Republic,1997,97.018310854596,sulphur_hexafluoride_sf6_emissions_in_kilotonne_co2_equivalent
Turkey,2009,2111.28034281378,hydrofluorocarbons_hfcs_emissions_in_kilotonne_co2_equivalent
Luxembourg,1999,7986.15588056852,carbon_dioxide_co2_emissions_without_land_use_land_use_change_and_forestry_lulucf_in_kilotonne_co2_equivalent
Liechtenstein,2012,228.193175964646,greenhouse_gas_ghgs_emissions_without_land_use_land_use_change_and_forestry_lulucf_in_kilotonne_co2_equivalent
Hungary,1995,52.0407254709,sulphur_hexafluoride_sf6_emissions_in_kilotonne_co2_equivalent
European Union,1998,5265845.71031395,greenhouse_gas_ghgs_emissions_without_land_use_land_use_change_and_forestry_lulucf_in_kilotonne_co2_equivalent
European Union,2002,55756.5875135975,hydrofluorocarbons_hfcs_emissions_in_kilotonne_co2_equivalent
New Zealand,2007,81157.8794314686,greenhouse_gas_ghgs_emissions_including_indirect_co2_without_lulucf_in_kilotonne_co2_equivalent
New Zealand,1997,8202.51468567649,nitrous_oxide_n2o_emissions_without_land_use_land_use_change_and_forestry_lulucf_in_kilotonne_co2_equivalent
Monaco,1995,0.698369009856,hydrofluorocarbons_hfcs_emissions_in_kilotonne_co2_equivalent
Austria,2001,629.325706574268,sulphur_hexafluoride_sf6_emissions_in_kilotonne_co2_equivalent
Portugal,2007,81099.9493471506,greenhouse_gas_ghgs_emissions_including_indirect_co2_without_lulucf_in_kilotonne_co2_equivalent
Iceland,2011,74.5201696791007,perfluorocarbons_pfcs_emissions_in_kilotonne_co2_equivalent
Romania,2010,80795.7740259277,carbon_dioxide_co2_emissions_without_land_use_land_use_change_and_forestry_lulucf_in_kilotonne_co2_equivalent
Slovakia,2006,42320.4844795718,carbon_dioxide_co2_emissions_without_land_use_land_use_change_and_forestry_lulucf_in_kilotonne_co2_equivalent
Switzerland,1997,124.244640544248,sulphur_hexafluoride_sf6_emissions_in_kilotonne_co2_equivalent
Switzerland,2009,5292.02775234507,methane_ch4_emissions_without_land_use_land_use_change_and_forestry_lulucf_in_kilotonne_co2_equivalent
Turkey,1998,208365.343988278,carbon_dioxide_co2_emissions_without_land_use_land_use_change_and_forestry_lulucf_in_kilotonne_co2_equivalent
Italy,2005,1939.94659237002,perfluorocarbons_pfcs_emissions_in_kilotonne_co2_equivalent
Germany,1993,6.88,nitrogen_trifluoride_nf3_emissions_in_kilotonne_co2_equivalent
Monaco,2012,0.113051064,sulphur_hexafluoride_sf6_emissions_in_kilotonne_co2_equivalent
Luxembourg,2005,38.9949016952827,hydrofluorocarbons_hfcs_emissions_in_kilotonne_co2_equivalent
Netherlands,1995,17667.7629373555,nitrous_oxide_n2o_emissions_without_land_use_land_use_change_and_forestry_lulucf_in_kilotonne_co2_equivalent
Czech Republic,1995,129767.166426691,carbon_dioxide_co2_emissions_without_land_use_land_use_change_and_forestry_lulucf_in_kilotonne_co2_equivalent
Germany,2013,16.0304,nitrogen_trifluoride_nf3_emissions_in_kilotonne_co2_equivalent
Denmark,2000,71007.9297239399,greenhouse_gas_ghgs_emissions_including_indirect_co2_without_lulucf_in_kilotonne_co2_equivalent
Belgium,1998,881.223470503045,hydrofluorocarbons_hfcs_emissions_in_kilotonne_co2_equivalent
Lithuania,2007,15624.07633974,carbon_dioxide_co2_emissions_without_land_use_land_use_change_and_forestry_lulucf_in_kilotonne_co2_equivalent
Lithuania,1994,23234.5799127642,greenhouse_gas_ghgs_emissions_without_land_use_land_use_change_and_forestry_lulucf_in_kilotonne_co2_equivalent
Austria,1996,67667.2626980903,carbon_dioxide_co2_emissions_without_land_use_land_use_change_and_forestry_lulucf_in_kilotonne_co2_equivalent
Cyprus,2004,9144.37142221279,greenhouse_gas_ghgs_emissions_including_indirect_co2_without_lulucf_in_kilotonne_co2_equivalent
Netherlands,2009,8349.9549378197,nitrous_oxide_n2o_emissions_without_land_use_land_use_change_and_forestry_lulucf_in_kilotonne_co2_equivalent
Latvia,1994,2221.6565284619,methane_ch4_emissions_without_land_use_land_use_change_and_forestry_lulucf_in_kilotonne_co2_equivalent
Cyprus,1990,0.0257666904,sulphur_hexafluoride_sf6_emissions_in_kilotonne_co2_equivalent
Lithuania,1997,0.07752,sulphur_hexafluoride_sf6_emissions_in_kilotonne_co2_equivalent
Romania,2005,36102.062476496,methane_ch4_emissions_without_land_use_land_use_change_and_forestry_lulucf_in_kilotonne_co2_equivalent
Ukraine,2009,9.365648535624,sulphur_hexafluoride_sf6_emissions_in_kilotonne_co2_equivalent
Poland,2008,44522.5329455041,methane_ch4_emissions_without_land_use_land_use_change_and_forestry_lulucf_in_kilotonne_co2_equivalent
Greece,2003,4733.35562321277,hydrofluorocarbons_hfcs_emissions_in_kilotonne_co2_equivalent
Slovenia,1995,18761.01803777,greenhouse_gas_ghgs_emissions_including_indirect_co2_without_lulucf_in_kilotonne_co2_equivalent
France,1993,21.936055537264,nitrogen_trifluoride_nf3_emissions_in_kilotonne_co2_equivalent
Denmark,2008,29.46004887048,sulphur_hexafluoride_sf6_emissions_in_kilotonne_co2_equivalent
Czech Republic,2004,602.46643926535,hydrofluorocarbons_hfcs_emissions_in_kilotonne_co2_equivalent
Greece,1990,2.928888,sulphur_hexafluoride_sf6_emissions_in_kilotonne_co2_equivalent
Slovakia,1992,288.235869,perfluorocarbons_pfcs_emissions_in_kilotonne_co2_equivalent
Iceland,2010,148.74450609698,hydrofluorocarbons_hfcs_emissions_in_kilotonne_co2_equivalent
United States of America,1992,5170274.35048577,carbon_dioxide_co2_emissions_without_land_use_land_use_change_and_forestry_lulucf_in_kilotonne_co2_equivalent
New Zealand,1995,28143.4576273053,carbon_dioxide_co2_emissions_without_land_use_land_use_change_and_forestry_lulucf_in_kilotonne_co2_equivalent
France,1998,573371.786507785,greenhouse_gas_ghgs_emissions_without_land_use_land_use_change_and_forestry_lulucf_in_kilotonne_co2_equivalent
Ireland,2008,68451.001732038,greenhouse_gas_ghgs_emissions_including_indirect_co2_without_lulucf_in_kilotonne_co2_equivalent
Canada,2013,8564.62124615997,hydrofluorocarbons_hfcs_emissions_in_kilotonne_co2_equivalent
Monaco,1993,100.881938455885,carbon_dioxide_co2_emissions_without_land_use_land_use_change_and_forestry_lulucf_in_kilotonne_co2_equivalent
Slovenia,2004,2449.21446657268,methane_ch4_emissions_without_land_use_land_use_change_and_forestry_lulucf_in_kilotonne_co2_equivalent
Sweden,2009,59052.7638105561,greenhouse_gas_ghgs_emissions_without_land_use_land_use_change_and_forestry_lulucf_in_kilotonne_co2_equivalent
Czech Republic,2013,3.82356,nitrogen_trifluoride_nf3_emissions_in_kilotonne_co2_equivalent
Czech Republic,2012,90.68095930872,sulphur_hexafluoride_sf6_emissions_in_kilotonne_co2_equivalent
Spain,1991,29619.8064908904,methane_ch4_emissions_without_land_use_land_use_change_and_forestry_lulucf_in_kilotonne_co2_equivalent
Slovenia,1991,14007.2826135476,carbon_dioxide_co2_emissions_without_land_use_land_use_change_and_forestry_lulucf_in_kilotonne_co2_equivalent
Finland,2012,5264.87608155703,methane_ch4_emissions_without_land_use_land_use_change_and_forestry_lulucf_in_kilotonne_co2_equivalent
Greece,2014,11086.1359200325,methane_ch4_emissions_without_land_use_land_use_change_and_forestry_lulucf_in_kilotonne_co2_equivalent
Netherlands,2007,426.889116,perfluorocarbons_pfcs_emissions_in_kilotonne_co2_equivalent
Malta,1996,2518.24209485385,greenhouse_gas_ghgs_emissions_without_land_use_land_use_change_and_forestry_lulucf_in_kilotonne_co2_equivalent
Bulgaria,1991,0.003135561,hydrofluorocarbons_hfcs_emissions_in_kilotonne_co2_equivalent
Slovakia,1996,54706.0658504021,greenhouse_gas_ghgs_emissions_without_land_use_land_use_change_and_forestry_lulucf_in_kilotonne_co2_equivalent
Latvia,2004,1523.54603555707,nitrous_oxide_n2o_emissions_without_land_use_land_use_change_and_forestry_lulucf_in_kilotonne_co2_equivalent
Italy,2008,549452.72907469,greenhouse_gas_ghgs_emissions_including_indirect_co2_without_lulucf_in_kilotonne_co2_equivalent
Spain,1995,5872.42404894803,hydrofluorocarbons_hfcs_emissions_in_kilotonne_co2_equivalent
Italy,1996,741.151136437308,sulphur_hexafluoride_sf6_emissions_in_kilotonne_co2_equivalent
Switzerland,2009,2474.37345859442,nitrous_oxide_n2o_emissions_without_land_use_land_use_change_and_forestry_lulucf_in_kilotonne_co2_equivalent
Japan,1998,16568.476128946,perfluorocarbons_pfcs_emissions_in_kilotonne_co2_equivalent
Austria,2000,66274.7432545115,carbon_dioxide_co2_emissions_without_land_use_land_use_change_and_forestry_lulucf_in_kilotonne_co2_equivalent
Romania,2003,9227.78096748403,nitrous_oxide_n2o_emissions_without_land_use_land_use_change_and_forestry_lulucf_in_kilotonne_co2_equivalent
Spain,2001,274.555613383334,perfluorocarbons_pfcs_emissions_in_kilotonne_co2_equivalent
Cyprus,2013,327.5974643,nitrous_oxide_n2o_emissions_without_land_use_land_use_change_and_forestry_lulucf_in_kilotonne_co2_equivalent
Canada,1991,8033.11321531272,perfluorocarbons_pfcs_emissions_in_kilotonne_co2_equivalent
Slovenia,2013,18313.7815337237,greenhouse_gas_ghgs_emissions_including_indirect_co2_without_lulucf_in_kilotonne_co2_equivalent
France,1992,564121.504674393,greenhouse_gas_ghgs_emissions_without_land_use_land_use_change_and_forestry_lulucf_in_kilotonne_co2_equivalent
Poland,1993,448350.912134395,greenhouse_gas_ghgs_emissions_including_indirect_co2_without_lulucf_in_kilotonne_co2_equivalent
United States of America,1995,1764.7313356,unspecified_mix_of_hydrofluorocarbons_hfcs_and_perfluorocarbons_pfcs_emissions_in_kilotonne_co2_equivalent
Czech Republic,1994,129188.734109272,carbon_dioxide_co2_emissions_without_land_use_land_use_change_and_forestry_lulucf_in_kilotonne_co2_equivalent
Ukraine,2004,427912.423607696,greenhouse_gas_ghgs_emissions_including_indirect_co2_without_lulucf_in_kilotonne_co2_equivalent
Latvia,2008,8184.97124654311,carbon_dioxide_co2_emissions_without_land_use_land_use_change_and_forestry_lulucf_in_kilotonne_co2_equivalent
Portugal,2003,3950.55419014144,nitrous_oxide_n2o_emissions_without_land_use_land_use_change_and_forestry_lulucf_in_kilotonne_co2_equivalent
Austria,2004,157.57325,perfluorocarbons_pfcs_emissions_in_kilotonne_co2_equivalent
European Union,1991,715378.704916053,methane_ch4_emissions_without_land_use_land_use_change_and_forestry_lulucf_in_kilotonne_co2_equivalent
Slovakia,2005,51287.3749784774,greenhouse_gas_ghgs_emissions_without_land_use_land_use_change_and_forestry_lulucf_in_kilotonne_co2_equivalent
Belgium,2008,120362.609842562,carbon_dioxide_co2_emissions_without_land_use_land_use_change_and_forestry_lulucf_in_kilotonne_co2_equivalent
Netherlands,2004,181546.25702136,carbon_dioxide_co2_emissions_without_land_use_land_use_change_and_forestry_lulucf_in_kilotonne_co2_equivalent
Poland,2004,205.074401899632,perfluorocarbons_pfcs_emissions_in_kilotonne_co2_equivalent
Austria,2009,36.02206,perfluorocarbons_pfcs_emissions_in_kilotonne_co2_equivalent
Canada,1999,721673.246637006,greenhouse_gas_ghgs_emissions_without_land_use_land_use_change_and_forestry_lulucf_in_kilotonne_co2_equivalent
Norway,2007,45842.8095311711,carbon_dioxide_co2_emissions_without_land_use_land_use_change_and_forestry_lulucf_in_kilotonne_co2_equivalent
Germany,2011,10353.2583473543,hydrofluorocarbons_hfcs_emissions_in_kilotonne_co2_equivalent
Finland,1998,72378.9825031932,greenhouse_gas_ghgs_emissions_without_land_use_land_use_change_and_forestry_lulucf_in_kilotonne_co2_equivalent
Croatia,1998,11.9892432,sulphur_hexafluoride_sf6_emissions_in_kilotonne_co2_equivalent
Czech Republic,2005,146556.433500574,greenhouse_gas_ghgs_emissions_without_land_use_land_use_change_and_forestry_lulucf_in_kilotonne_co2_equivalent
Canada,1991,97516.5116855337,methane_ch4_emissions_without_land_use_land_use_change_and_forestry_lulucf_in_kilotonne_co2_equivalent
Belarus,2008,16240.159787875,methane_ch4_emissions_without_land_use_land_use_change_and_forestry_lulucf_in_kilotonne_co2_equivalent
United States of America,2007,11222.8830898663,sulphur_hexafluoride_sf6_emissions_in_kilotonne_co2_equivalent
Sweden,2002,5459.52220245142,nitrous_oxide_n2o_emissions_without_land_use_land_use_change_and_forestry_lulucf_in_kilotonne_co2_equivalent
Slovenia,2008,2247.92799808857,methane_ch4_emissions_without_land_use_land_use_change_and_forestry_lulucf_in_kilotonne_co2_equivalent
United Kingdom,1993,16505.692181327,hydrofluorocarbons_hfcs_emissions_in_kilotonne_co2_equivalent
Hungary,2003,254.412840496853,perfluorocarbons_pfcs_emissions_in_kilotonne_co2_equivalent
Norway,1999,1599.966364366,perfluorocarbons_pfcs_emissions_in_kilotonne_co2_equivalent
Netherlands,2006,209150.599297985,greenhouse_gas_ghgs_emissions_without_land_use_land_use_change_and_forestry_lulucf_in_kilotonne_co2_equivalent
Czech Republic,2008,145567.080699127,greenhouse_gas_ghgs_emissions_including_indirect_co2_without_lulucf_in_kilotonne_co2_equivalent
Belgium,2008,138749.626056865,greenhouse_gas_ghgs_emissions_without_land_use_land_use_change_and_forestry_lulucf_in_kilotonne_co2_equivalent
Liechtenstein,1997,18.424472166493,methane_ch4_emissions_without_land_use_land_use_change_and_forestry_lulucf_in_kilotonne_co2_equivalent
Monaco,1997,0.8606488726735,methane_ch4_emissions_without_land_use_land_use_change_and_forestry_lulucf_in_kilotonne_co2_equivalent
Monaco,2001,1.9009648622455,methane_ch4_emissions_without_land_use_land_use_change_and_forestry_lulucf_in_kilotonne_co2_equivalent
Slovenia,1990,15088.3050462456,carbon_dioxide_co2_emissions_without_land_use_land_use_change_and_forestry_lulucf_in_kilotonne_co2_equivalent
Iceland,2011,3298.56768958589,carbon_dioxide_co2_emissions_without_land_use_land_use_change_and_forestry_lulucf_in_kilotonne_co2_equivalent
Liechtenstein,1993,10.7341219517833,nitrous_oxide_n2o_emissions_without_land_use_land_use_change_and_forestry_lulucf_in_kilotonne_co2_equivalent
Belarus,2007,15646.7932469,methane_ch4_emissions_without_land_use_land_use_change_and_forestry_lulucf_in_kilotonne_co2_equivalent
Greece,2001,84.10325592,perfluorocarbons_pfcs_emissions_in_kilotonne_co2_equivalent
Iceland,2006,70.2712220540477,hydrofluorocarbons_hfcs_emissions_in_kilotonne_co2_equivalent
Italy,1994,486.54110213466,sulphur_hexafluoride_sf6_emissions_in_kilotonne_co2_equivalent
Croatia,1991,24408.6837858286,greenhouse_gas_ghgs_emissions_including_indirect_co2_without_lulucf_in_kilotonne_co2_equivalent
Luxembourg,2005,4.8532748667,sulphur_hexafluoride_sf6_emissions_in_kilotonne_co2_equivalent
Switzerland,1998,456.533446170009,hydrofluorocarbons_hfcs_emissions_in_kilotonne_co2_equivalent
Portugal,1994,3966.30261279031,nitrous_oxide_n2o_emissions_without_land_use_land_use_change_and_forestry_lulucf_in_kilotonne_co2_equivalent
Finland,1993,0.314908,perfluorocarbons_pfcs_emissions_in_kilotonne_co2_equivalent
Liechtenstein,2010,19.932714765938,methane_ch4_emissions_without_land_use_land_use_change_and_forestry_lulucf_in_kilotonne_co2_equivalent
Austria,1998,55.5311426684334,perfluorocarbons_pfcs_emissions_in_kilotonne_co2_equivalent
Lithuania,1992,30446.8235582429,greenhouse_gas_ghgs_emissions_including_indirect_co2_without_lulucf_in_kilotonne_co2_equivalent
Slovakia,2006,16.7104848,sulphur_hexafluoride_sf6_emissions_in_kilotonne_co2_equivalent
Belgium,1997,726.994087301747,hydrofluorocarbons_hfcs_emissions_in_kilotonne_co2_equivalent
Norway,1993,2648.270618204,perfluorocarbons_pfcs_emissions_in_kilotonne_co2_equivalent
Japan,1997,19984.2828830977,perfluorocarbons_pfcs_emissions_in_kilotonne_co2_equivalent
Australia,1992,423080.108191254,greenhouse_gas_ghgs_emissions_including_indirect_co2_without_lulucf_in_kilotonne_co2_equivalent
Netherlands,1996,242613.342376331,greenhouse_gas_ghgs_emissions_without_land_use_land_use_change_and_forestry_lulucf_in_kilotonne_co2_equivalent
Austria,1990,78844.6272595357,greenhouse_gas_ghgs_emissions_without_land_use_land_use_change_and_forestry_lulucf_in_kilotonne_co2_equivalent
Italy,2013,416.510868602928,sulphur_hexafluoride_sf6_emissions_in_kilotonne_co2_equivalent
Denmark,1990,7813.98220403621,nitrous_oxide_n2o_emissions_without_land_use_land_use_change_and_forestry_lulucf_in_kilotonne_co2_equivalent
Norway,2011,2557.33479104071,nitrous_oxide_n2o_emissions_without_land_use_land_use_change_and_forestry_lulucf_in_kilotonne_co2_equivalent
Norway,1992,2637.223975075,perfluorocarbons_pfcs_emissions_in_kilotonne_co2_equivalent
United Kingdom,2014,278.314968972197,perfluorocarbons_pfcs_emissions_in_kilotonne_co2_equivalent
Liechtenstein,1999,257.40036828594,greenhouse_gas_ghgs_emissions_without_land_use_land_use_change_and_forestry_lulucf_in_kilotonne_co2_equivalent
Portugal,2001,365.109145879174,hydrofluorocarbons_hfcs_emissions_in_kilotonne_co2_equivalent
Hungary,2009,1118.16207549988,hydrofluorocarbons_hfcs_emissions_in_kilotonne_co2_equivalent
Portugal,1999,85194.9945192914,greenhouse_gas_ghgs_emissions_including_indirect_co2_without_lulucf_in_kilotonne_co2_equivalent
Slovakia,2008,3284.418364156,nitrous_oxide_n2o_emissions_without_land_use_land_use_change_and_forestry_lulucf_in_kilotonne_co2_equivalent
Liechtenstein,1999,3.34323851753229,hydrofluorocarbons_hfcs_emissions_in_kilotonne_co2_equivalent
United Kingdom,1991,1385.14365827244,perfluorocarbons_pfcs_emissions_in_kilotonne_co2_equivalent
Latvia,2011,7807.65940956673,carbon_dioxide_co2_emissions_without_land_use_land_use_change_and_forestry_lulucf_in_kilotonne_co2_equivalent
Finland,1991,7714.30236241026,methane_ch4_emissions_without_land_use_land_use_change_and_forestry_lulucf_in_kilotonne_co2_equivalent
Cyprus,1997,6287.031657389,carbon_dioxide_co2_emissions_without_land_use_land_use_change_and_forestry_lulucf_in_kilotonne_co2_equivalent
Switzerland,1994,81.6779946253792,hydrofluorocarbons_hfcs_emissions_in_kilotonne_co2_equivalent
Belarus,2012,90925.114581937,greenhouse_gas_ghgs_emissions_including_indirect_co2_without_lulucf_in_kilotonne_co2_equivalent
Turkey,2004,18581.6718379056,nitrous_oxide_n2o_emissions_without_land_use_land_use_change_and_forestry_lulucf_in_kilotonne_co2_equivalent
Croatia,2005,3029.46175248614,methane_ch4_emissions_without_land_use_land_use_change_and_forestry_lulucf_in_kilotonne_co2_equivalent
Switzerland,2014,1500.97985242557,hydrofluorocarbons_hfcs_emissions_in_kilotonne_co2_equivalent
Hungary,2005,94.261579979904,sulphur_hexafluoride_sf6_emissions_in_kilotonne_co2_equivalent
Finland,2010,63828.0182275297,carbon_dioxide_co2_emissions_without_land_use_land_use_change_and_forestry_lulucf_in_kilotonne_co2_equivalent
United States of America,2005,114052.747171076,hydrofluorocarbons_hfcs_emissions_in_kilotonne_co2_equivalent
Denmark,1996,91956.1004876897,greenhouse_gas_ghgs_emissions_including_indirect_co2_without_lulucf_in_kilotonne_co2_equivalent
Belarus,1994,62402.279082903,carbon_dioxide_co2_emissions_without_land_use_land_use_change_and_forestry_lulucf_in_kilotonne_co2_equivalent
United States of America,2001,104598.382885389,hydrofluorocarbons_hfcs_emissions_in_kilotonne_co2_equivalent
Finland,2014,1743.27898771721,hydrofluorocarbons_hfcs_emissions_in_kilotonne_co2_equivalent
Slovenia,1991,9.6444,sulphur_hexafluoride_sf6_emissions_in_kilotonne_co2_equivalent
Monaco,1999,108.516233169215,greenhouse_gas_ghgs_emissions_without_land_use_land_use_change_and_forestry_lulucf_in_kilotonne_co2_equivalent
Sweden,2009,4890.33565819225,nitrous_oxide_n2o_emissions_without_land_use_land_use_change_and_forestry_lulucf_in_kilotonne_co2_equivalent
Belarus,1997,13578.265278075,methane_ch4_emissions_without_land_use_land_use_change_and_forestry_lulucf_in_kilotonne_co2_equivalent
Slovenia,2001,2422.01857221348,methane_ch4_emissions_without_land_use_land_use_change_and_forestry_lulucf_in_kilotonne_co2_equivalent
Russian Federation,2007,1653139.05550251,carbon_dioxide_co2_emissions_without_land_use_land_use_change_and_forestry_lulucf_in_kilotonne_co2_equivalent
European Union,2011,474490.816761964,methane_ch4_emissions_without_land_use_land_use_change_and_forestry_lulucf_in_kilotonne_co2_equivalent
Hungary,2007,73091.6196133009,greenhouse_gas_ghgs_emissions_including_indirect_co2_without_lulucf_in_kilotonne_co2_equivalent
Lithuania,2005,23036.138291882,greenhouse_gas_ghgs_emissions_without_land_use_land_use_change_and_forestry_lulucf_in_kilotonne_co2_equivalent
Germany,1997,7.8518,nitrogen_trifluoride_nf3_emissions_in_kilotonne_co2_equivalent
Denmark,2001,55845.147180549,carbon_dioxide_co2_emissions_without_land_use_land_use_change_and_forestry_lulucf_in_kilotonne_co2_equivalent
Belgium,1997,123495.742758683,carbon_dioxide_co2_emissions_without_land_use_land_use_change_and_forestry_lulucf_in_kilotonne_co2_equivalent
Switzerland,2009,52776.287002272,greenhouse_gas_ghgs_emissions_without_land_use_land_use_change_and_forestry_lulucf_in_kilotonne_co2_equivalent
Australia,2011,20034.5751488136,nitrous_oxide_n2o_emissions_without_land_use_land_use_change_and_forestry_lulucf_in_kilotonne_co2_equivalent
Netherlands,2004,1801.64550570505,hydrofluorocarbons_hfcs_emissions_in_kilotonne_co2_equivalent
Latvia,2008,1641.93927418618,nitrous_oxide_n2o_emissions_without_land_use_land_use_change_and_forestry_lulucf_in_kilotonne_co2_equivalent
European Union,2006,141.023426929852,nitrogen_trifluoride_nf3_emissions_in_kilotonne_co2_equivalent
Monaco,1993,1.11440107839475,methane_ch4_emissions_without_land_use_land_use_change_and_forestry_lulucf_in_kilotonne_co2_equivalent
Slovenia,2010,263.905156533705,hydrofluorocarbons_hfcs_emissions_in_kilotonne_co2_equivalent
Ireland,1990,14881.8267322304,methane_ch4_emissions_without_land_use_land_use_change_and_forestry_lulucf_in_kilotonne_co2_equivalent
Austria,2003,4163.74846991014,nitrous_oxide_n2o_emissions_without_land_use_land_use_change_and_forestry_lulucf_in_kilotonne_co2_equivalent
Ukraine,2012,295706.064347456,carbon_dioxide_co2_emissions_without_land_use_land_use_change_and_forestry_lulucf_in_kilotonne_co2_equivalent
New Zealand,2012,34720.8163742651,methane_ch4_emissions_without_land_use_land_use_change_and_forestry_lulucf_in_kilotonne_co2_equivalent
Switzerland,2011,159.534495693708,sulphur_hexafluoride_sf6_emissions_in_kilotonne_co2_equivalent
Germany,2010,941038.691230732,greenhouse_gas_ghgs_emissions_without_land_use_land_use_change_and_forestry_lulucf_in_kilotonne_co2_equivalent
Norway,1994,6257.2327960805,methane_ch4_emissions_without_land_use_land_use_change_and_forestry_lulucf_in_kilotonne_co2_equivalent
Russian Federation,2011,842543.993580557,methane_ch4_emissions_without_land_use_land_use_change_and_forestry_lulucf_in_kilotonne_co2_equivalent
Japan,2010,23304.9690842262,hydrofluorocarbons_hfcs_emissions_in_kilotonne_co2_equivalent
Slovakia,2012,25.6625829328622,perfluorocarbons_pfcs_emissions_in_kilotonne_co2_equivalent
Finland,2007,1149.94356980483,hydrofluorocarbons_hfcs_emissions_in_kilotonne_co2_equivalent
Cyprus,2005,92.60439280661,hydrofluorocarbons_hfcs_emissions_in_kilotonne_co2_equivalent
Cyprus,2013,0.1502559672,sulphur_hexafluoride_sf6_emissions_in_kilotonne_co2_equivalent
Italy,2006,569054.804550053,greenhouse_gas_ghgs_emissions_including_indirect_co2_without_lulucf_in_kilotonne_co2_equivalent
Greece,2002,128160.998223235,greenhouse_gas_ghgs_emissions_without_land_use_land_use_change_and_forestry_lulucf_in_kilotonne_co2_equivalent
Italy,2004,29818.9429842785,nitrous_oxide_n2o_emissions_without_land_use_land_use_change_and_forestry_lulucf_in_kilotonne_co2_equivalent
United States of America,2005,6677.50405104906,perfluorocarbons_pfcs_emissions_in_kilotonne_co2_equivalent
Hungary,2003,61766.839595491,carbon_dioxide_co2_emissions_without_land_use_land_use_change_and_forestry_lulucf_in_kilotonne_co2_equivalent
Portugal,1995,4155.40685689607,nitrous_oxide_n2o_emissions_without_land_use_land_use_change_and_forestry_lulucf_in_kilotonne_co2_equivalent
Denmark,2011,69.541786092264,sulphur_hexafluoride_sf6_emissions_in_kilotonne_co2_equivalent
Canada,1993,467607.237235461,carbon_dioxide_co2_emissions_without_land_use_land_use_change_and_forestry_lulucf_in_kilotonne_co2_equivalent
Spain,1991,2756.352,hydrofluorocarbons_hfcs_emissions_in_kilotonne_co2_equivalent
Portugal,2006,83422.6144237967,greenhouse_gas_ghgs_emissions_without_land_use_land_use_change_and_forestry_lulucf_in_kilotonne_co2_equivalent
Malta,2006,161.796877820381,methane_ch4_emissions_without_land_use_land_use_change_and_forestry_lulucf_in_kilotonne_co2_equivalent
Monaco,1994,0.258058608,sulphur_hexafluoride_sf6_emissions_in_kilotonne_co2_equivalent
United Kingdom,1997,39228.8361032313,nitrous_oxide_n2o_emissions_without_land_use_land_use_change_and_forestry_lulucf_in_kilotonne_co2_equivalent
United States of America,2004,7369970.03456985,greenhouse_gas_ghgs_emissions_without_land_use_land_use_change_and_forestry_lulucf_in_kilotonne_co2_equivalent
Liechtenstein,1996,1.71782472614808,hydrofluorocarbons_hfcs_emissions_in_kilotonne_co2_equivalent
New Zealand,2013,34615.5036357438,methane_ch4_emissions_without_land_use_land_use_change_and_forestry_lulucf_in_kilotonne_co2_equivalent
Norway,2001,56145.0027583016,greenhouse_gas_ghgs_emissions_including_indirect_co2_without_lulucf_in_kilotonne_co2_equivalent
Denmark,2009,34.368468244908,sulphur_hexafluoride_sf6_emissions_in_kilotonne_co2_equivalent
Australia,1992,15293.1833547565,nitrous_oxide_n2o_emissions_without_land_use_land_use_change_and_forestry_lulucf_in_kilotonne_co2_equivalent
United States of America,2012,8584.4242576,unspecified_mix_of_hydrofluorocarbons_hfcs_and_perfluorocarbons_pfcs_emissions_in_kilotonne_co2_equivalent
Ireland,2005,216.38503,perfluorocarbons_pfcs_emissions_in_kilotonne_co2_equivalent
Canada,1996,6502.74608743939,perfluorocarbons_pfcs_emissions_in_kilotonne_co2_equivalent
United Kingdom,1993,0.631173059148,nitrogen_trifluoride_nf3_emissions_in_kilotonne_co2_equivalent
Malta,2006,2776.31430670588,carbon_dioxide_co2_emissions_without_land_use_land_use_change_and_forestry_lulucf_in_kilotonne_co2_equivalent
Turkey,1990,207773.321142867,greenhouse_gas_ghgs_emissions_without_land_use_land_use_change_and_forestry_lulucf_in_kilotonne_co2_equivalent
Italy,1991,435938.613895185,carbon_dioxide_co2_emissions_without_land_use_land_use_change_and_forestry_lulucf_in_kilotonne_co2_equivalent
Switzerland,2001,53905.4113927476,greenhouse_gas_ghgs_emissions_without_land_use_land_use_change_and_forestry_lulucf_in_kilotonne_co2_equivalent
Iceland,1999,3980.84934134933,greenhouse_gas_ghgs_emissions_without_land_use_land_use_change_and_forestry_lulucf_in_kilotonne_co2_equivalent
Poland,1995,58255.2326354076,methane_ch4_emissions_without_land_use_land_use_change_and_forestry_lulucf_in_kilotonne_co2_equivalent
Malta,2002,2464.21222943374,carbon_dioxide_co2_emissions_without_land_use_land_use_change_and_forestry_lulucf_in_kilotonne_co2_equivalent
New Zealand,1993,27697.2273476821,carbon_dioxide_co2_emissions_without_land_use_land_use_change_and_forestry_lulucf_in_kilotonne_co2_equivalent
Romania,2004,153.859737429482,perfluorocarbons_pfcs_emissions_in_kilotonne_co2_equivalent
European Union,2001,4232036.86327499,carbon_dioxide_co2_emissions_without_land_use_land_use_change_and_forestry_lulucf_in_kilotonne_co2_equivalent
Poland,2006,336500.578934838,carbon_dioxide_co2_emissions_without_land_use_land_use_change_and_forestry_lulucf_in_kilotonne_co2_equivalent
Hungary,1999,8998.22978445531,methane_ch4_emissions_without_land_use_land_use_change_and_forestry_lulucf_in_kilotonne_co2_equivalent
Slovakia,1996,22.2312301835423,hydrofluorocarbons_hfcs_emissions_in_kilotonne_co2_equivalent
United States of America,1997,6999999.10041935,greenhouse_gas_ghgs_emissions_without_land_use_land_use_change_and_forestry_lulucf_in_kilotonne_co2_equivalent
Luxembourg,1994,597.962358421104,methane_ch4_emissions_without_land_use_land_use_change_and_forestry_lulucf_in_kilotonne_co2_equivalent
United Kingdom,1998,124554.185183254,methane_ch4_emissions_without_land_use_land_use_change_and_forestry_lulucf_in_kilotonne_co2_equivalent
Austria,1995,6.43968,nitrogen_trifluoride_nf3_emissions_in_kilotonne_co2_equivalent
Iceland,1990,2106.02606837613,carbon_dioxide_co2_emissions_without_land_use_land_use_change_and_forestry_lulucf_in_kilotonne_co2_equivalent
Lithuania,1993,16347.1718255148,carbon_dioxide_co2_emissions_without_land_use_land_use_change_and_forestry_lulucf_in_kilotonne_co2_equivalent
Sweden,2013,51.0005383755999,perfluorocarbons_pfcs_emissions_in_kilotonne_co2_equivalent
Bulgaria,1991,6839.49771151956,nitrous_oxide_n2o_emissions_without_land_use_land_use_change_and_forestry_lulucf_in_kilotonne_co2_equivalent
Slovakia,1997,40.1558270974117,perfluorocarbons_pfcs_emissions_in_kilotonne_co2_equivalent
United States of America,1995,5441599.22972902,carbon_dioxide_co2_emissions_without_land_use_land_use_change_and_forestry_lulucf_in_kilotonne_co2_equivalent
Switzerland,1995,52478.7556320352,greenhouse_gas_ghgs_emissions_including_indirect_co2_without_lulucf_in_kilotonne_co2_equivalent
Malta,1991,2189.15593364156,greenhouse_gas_ghgs_emissions_including_indirect_co2_without_lulucf_in_kilotonne_co2_equivalent
Italy,1995,447201.168755567,carbon_dioxide_co2_emissions_without_land_use_land_use_change_and_forestry_lulucf_in_kilotonne_co2_equivalent
Greece,1999,6721.1460300199,hydrofluorocarbons_hfcs_emissions_in_kilotonne_co2_equivalent
Russian Federation,2009,799070.495434016,methane_ch4_emissions_without_land_use_land_use_change_and_forestry_lulucf_in_kilotonne_co2_equivalent
European Union,1993,5215.63716,unspecified_mix_of_hydrofluorocarbons_hfcs_and_perfluorocarbons_pfcs_emissions_in_kilotonne_co2_equivalent
Netherlands,2011,199800.722693038,greenhouse_gas_ghgs_emissions_without_land_use_land_use_change_and_forestry_lulucf_in_kilotonne_co2_equivalent
France,1996,48.594816,nitrogen_trifluoride_nf3_emissions_in_kilotonne_co2_equivalent
New Zealand,2012,80890.3639254294,greenhouse_gas_ghgs_emissions_including_indirect_co2_without_lulucf_in_kilotonne_co2_equivalent
Netherlands,2001,1791.81653925,perfluorocarbons_pfcs_emissions_in_kilotonne_co2_equivalent
Liechtenstein,1992,0.00035744763733,perfluorocarbons_pfcs_emissions_in_kilotonne_co2_equivalent
Sweden,1999,5909.74894225485,nitrous_oxide_n2o_emissions_without_land_use_land_use_change_and_forestry_lulucf_in_kilotonne_co2_equivalent
Bulgaria,1994,12003.0873409571,methane_ch4_emissions_without_land_use_land_use_change_and_forestry_lulucf_in_kilotonne_co2_equivalent
Spain,1994,304844.418226681,greenhouse_gas_ghgs_emissions_without_land_use_land_use_change_and_forestry_lulucf_in_kilotonne_co2_equivalent
Romania,1997,2072.868586236,perfluorocarbons_pfcs_emissions_in_kilotonne_co2_equivalent
Ireland,1995,79.114297385376,sulphur_hexafluoride_sf6_emissions_in_kilotonne_co2_equivalent
Italy,1994,505566.538694119,greenhouse_gas_ghgs_emissions_without_land_use_land_use_change_and_forestry_lulucf_in_kilotonne_co2_equivalent
Bulgaria,2014,57807.5929696422,greenhouse_gas_ghgs_emissions_without_land_use_land_use_change_and_forestry_lulucf_in_kilotonne_co2_equivalent
Greece,1997,12860.5150592604,methane_ch4_emissions_without_land_use_land_use_change_and_forestry_lulucf_in_kilotonne_co2_equivalent
Belgium,2003,127523.989700176,carbon_dioxide_co2_emissions_without_land_use_land_use_change_and_forestry_lulucf_in_kilotonne_co2_equivalent
Iceland,1993,1.464132459075,hydrofluorocarbons_hfcs_emissions_in_kilotonne_co2_equivalent
European Union,2004,5251101.60149233,greenhouse_gas_ghgs_emissions_without_land_use_land_use_change_and_forestry_lulucf_in_kilotonne_co2_equivalent
Monaco,2009,91.1792263693133,greenhouse_gas_ghgs_emissions_without_land_use_land_use_change_and_forestry_lulucf_in_kilotonne_co2_equivalent
Hungary,1993,4857.52082161896,nitrous_oxide_n2o_emissions_without_land_use_land_use_change_and_forestry_lulucf_in_kilotonne_co2_equivalent
Czech Republic,2006,109.412234298168,sulphur_hexafluoride_sf6_emissions_in_kilotonne_co2_equivalent
Spain,1991,1087.13261596137,perfluorocarbons_pfcs_emissions_in_kilotonne_co2_equivalent
Liechtenstein,1993,244.009893169398,greenhouse_gas_ghgs_emissions_without_land_use_land_use_change_and_forestry_lulucf_in_kilotonne_co2_equivalent
Canada,1999,2410.10293358714,sulphur_hexafluoride_sf6_emissions_in_kilotonne_co2_equivalent
United Kingdom,2003,708085.030228883,greenhouse_gas_ghgs_emissions_without_land_use_land_use_change_and_forestry_lulucf_in_kilotonne_co2_equivalent
United Kingdom,2009,489012.500484764,carbon_dioxide_co2_emissions_without_land_use_land_use_change_and_forestry_lulucf_in_kilotonne_co2_equivalent
Canada,2003,587306.678537712,carbon_dioxide_co2_emissions_without_land_use_land_use_change_and_forestry_lulucf_in_kilotonne_co2_equivalent
Slovakia,2010,46482.8737554074,greenhouse_gas_ghgs_emissions_without_land_use_land_use_change_and_forestry_lulucf_in_kilotonne_co2_equivalent
Finland,1995,36.980164585872,sulphur_hexafluoride_sf6_emissions_in_kilotonne_co2_equivalent
Austria,2011,3402.28805899567,nitrous_oxide_n2o_emissions_without_land_use_land_use_change_and_forestry_lulucf_in_kilotonne_co2_equivalent
Bulgaria,1993,76195.2991290819,greenhouse_gas_ghgs_emissions_without_land_use_land_use_change_and_forestry_lulucf_in_kilotonne_co2_equivalent
European Union,2011,239713.781786829,nitrous_oxide_n2o_emissions_without_land_use_land_use_change_and_forestry_lulucf_in_kilotonne_co2_equivalent
Iceland,1996,29.6441215579461,perfluorocarbons_pfcs_emissions_in_kilotonne_co2_equivalent
New Zealand,2009,8498.47983808188,nitrous_oxide_n2o_emissions_without_land_use_land_use_change_and_forestry_lulucf_in_kilotonne_co2_equivalent
Greece,2009,3964.12465526031,hydrofluorocarbons_hfcs_emissions_in_kilotonne_co2_equivalent
Croatia,2013,23770.5527686019,greenhouse_gas_ghgs_emissions_including_indirect_co2_without_lulucf_in_kilotonne_co2_equivalent
Australia,2012,537377.571452805,greenhouse_gas_ghgs_emissions_without_land_use_land_use_change_and_forestry_lulucf_in_kilotonne_co2_equivalent
Luxembourg,1993,12375.507079302,carbon_dioxide_co2_emissions_without_land_use_land_use_change_and_forestry_lulucf_in_kilotonne_co2_equivalent
Latvia,2008,5.233190064,sulphur_hexafluoride_sf6_emissions_in_kilotonne_co2_equivalent
Hungary,2007,1033.27019656279,hydrofluorocarbons_hfcs_emissions_in_kilotonne_co2_equivalent
Liechtenstein,1998,229.11710392684,carbon_dioxide_co2_emissions_without_land_use_land_use_change_and_forestry_lulucf_in_kilotonne_co2_equivalent
United States of America,1995,767943.405720072,methane_ch4_emissions_without_land_use_land_use_change_and_forestry_lulucf_in_kilotonne_co2_equivalent
Russian Federation,2000,2274497.94442973,greenhouse_gas_ghgs_emissions_including_indirect_co2_without_lulucf_in_kilotonne_co2_equivalent
European Union,2004,5256647.34264488,greenhouse_gas_ghgs_emissions_including_indirect_co2_without_lulucf_in_kilotonne_co2_equivalent
Czech Republic,2006,14265.958595564,methane_ch4_emissions_without_land_use_land_use_change_and_forestry_lulucf_in_kilotonne_co2_equivalent
Spain,1998,158.1212831316,sulphur_hexafluoride_sf6_emissions_in_kilotonne_co2_equivalent
Belgium,2013,119375.301515447,greenhouse_gas_ghgs_emissions_without_land_use_land_use_change_and_forestry_lulucf_in_kilotonne_co2_equivalent
France,2005,1748.24988724352,perfluorocarbons_pfcs_emissions_in_kilotonne_co2_equivalent
United Kingdom,1994,0.72584901796,nitrogen_trifluoride_nf3_emissions_in_kilotonne_co2_equivalent
Latvia,2007,1967.57532337137,methane_ch4_emissions_without_land_use_land_use_change_and_forestry_lulucf_in_kilotonne_co2_equivalent
Belarus,2006,11769.732019834,nitrous_oxide_n2o_emissions_without_land_use_land_use_change_and_forestry_lulucf_in_kilotonne_co2_equivalent
Netherlands,1999,222262.48522625,greenhouse_gas_ghgs_emissions_including_indirect_co2_without_lulucf_in_kilotonne_co2_equivalent
Liechtenstein,2013,19.9010173531568,methane_ch4_emissions_without_land_use_land_use_change_and_forestry_lulucf_in_kilotonne_co2_equivalent
Norway,1993,36520.7838206741,carbon_dioxide_co2_emissions_without_land_use_land_use_change_and_forestry_lulucf_in_kilotonne_co2_equivalent
European Union,2005,7929.74738345675,sulphur_hexafluoride_sf6_emissions_in_kilotonne_co2_equivalent
Finland,2007,79096.3253832404,greenhouse_gas_ghgs_emissions_without_land_use_land_use_change_and_forestry_lulucf_in_kilotonne_co2_equivalent
Ireland,1997,283.85915921323,hydrofluorocarbons_hfcs_emissions_in_kilotonne_co2_equivalent
Croatia,2000,25172.9628559273,greenhouse_gas_ghgs_emissions_without_land_use_land_use_change_and_forestry_lulucf_in_kilotonne_co2_equivalent
Cyprus,1994,5977.257104602,carbon_dioxide_co2_emissions_without_land_use_land_use_change_and_forestry_lulucf_in_kilotonne_co2_equivalent
Belgium,2011,122833.395512317,greenhouse_gas_ghgs_emissions_including_indirect_co2_without_lulucf_in_kilotonne_co2_equivalent
Ukraine,2006,398.821407106301,hydrofluorocarbons_hfcs_emissions_in_kilotonne_co2_equivalent
European Union,1996,356924.647676983,nitrous_oxide_n2o_emissions_without_land_use_land_use_change_and_forestry_lulucf_in_kilotonne_co2_equivalent
Romania,2011,86163.6343263804,carbon_dioxide_co2_emissions_without_land_use_land_use_change_and_forestry_lulucf_in_kilotonne_co2_equivalent
Malta,2013,218.330530876193,hydrofluorocarbons_hfcs_emissions_in_kilotonne_co2_equivalent
Austria,2006,172.3869125,perfluorocarbons_pfcs_emissions_in_kilotonne_co2_equivalent
France,2012,492924.885159499,greenhouse_gas_ghgs_emissions_without_land_use_land_use_change_and_forestry_lulucf_in_kilotonne_co2_equivalent
Iceland,2000,558.843790318998,methane_ch4_emissions_without_land_use_land_use_change_and_forestry_lulucf_in_kilotonne_co2_equivalent
Croatia,2005,2405.29943226947,nitrous_oxide_n2o_emissions_without_land_use_land_use_change_and_forestry_lulucf_in_kilotonne_co2_equivalent
Italy,1992,431.785734929928,sulphur_hexafluoride_sf6_emissions_in_kilotonne_co2_equivalent
Estonia,1998,686.06511578056,nitrous_oxide_n2o_emissions_without_land_use_land_use_change_and_forestry_lulucf_in_kilotonne_co2_equivalent
Austria,1994,76503.4852878471,greenhouse_gas_ghgs_emissions_without_land_use_land_use_change_and_forestry_lulucf_in_kilotonne_co2_equivalent
Slovenia,2004,20198.4456736378,greenhouse_gas_ghgs_emissions_without_land_use_land_use_change_and_forestry_lulucf_in_kilotonne_co2_equivalent
Canada,2004,0.203067672,nitrogen_trifluoride_nf3_emissions_in_kilotonne_co2_equivalent
Finland,2012,5.65778724924,perfluorocarbons_pfcs_emissions_in_kilotonne_co2_equivalent
Malta,1995,2313.21608944717,carbon_dioxide_co2_emissions_without_land_use_land_use_change_and_forestry_lulucf_in_kilotonne_co2_equivalent
Finland,2002,25.33507386,sulphur_hexafluoride_sf6_emissions_in_kilotonne_co2_equivalent
United States of America,1993,420503.190939675,nitrous_oxide_n2o_emissions_without_land_use_land_use_change_and_forestry_lulucf_in_kilotonne_co2_equivalent
Czech Republic,2014,2.35296,nitrogen_trifluoride_nf3_emissions_in_kilotonne_co2_equivalent
Croatia,2014,3080.40853019068,methane_ch4_emissions_without_land_use_land_use_change_and_forestry_lulucf_in_kilotonne_co2_equivalent
Luxembourg,2014,296.011003249245,nitrous_oxide_n2o_emissions_without_land_use_land_use_change_and_forestry_lulucf_in_kilotonne_co2_equivalent
Monaco,2004,2.167985793617,methane_ch4_emissions_without_land_use_land_use_change_and_forestry_lulucf_in_kilotonne_co2_equivalent
Bulgaria,1994,55649.0813153431,carbon_dioxide_co2_emissions_without_land_use_land_use_change_and_forestry_lulucf_in_kilotonne_co2_equivalent
Portugal,2010,71333.5980754193,greenhouse_gas_ghgs_emissions_including_indirect_co2_without_lulucf_in_kilotonne_co2_equivalent
Switzerland,2005,54858.0531533693,greenhouse_gas_ghgs_emissions_without_land_use_land_use_change_and_forestry_lulucf_in_kilotonne_co2_equivalent
Latvia,2014,2082.2121449712,methane_ch4_emissions_without_land_use_land_use_change_and_forestry_lulucf_in_kilotonne_co2_equivalent
United States of America,2012,6643010.57787319,greenhouse_gas_ghgs_emissions_without_land_use_land_use_change_and_forestry_lulucf_in_kilotonne_co2_equivalent
Monaco,2006,0.09001302,perfluorocarbons_pfcs_emissions_in_kilotonne_co2_equivalent
Austria,1995,4388.99718320682,nitrous_oxide_n2o_emissions_without_land_use_land_use_change_and_forestry_lulucf_in_kilotonne_co2_equivalent
Czech Republic,2003,145.346000961624,sulphur_hexafluoride_sf6_emissions_in_kilotonne_co2_equivalent
Ukraine,2001,433832.545959988,greenhouse_gas_ghgs_emissions_without_land_use_land_use_change_and_forestry_lulucf_in_kilotonne_co2_equivalent
Bulgaria,2002,59282.0058646666,greenhouse_gas_ghgs_emissions_without_land_use_land_use_change_and_forestry_lulucf_in_kilotonne_co2_equivalent
Austria,1990,1182.78680316,perfluorocarbons_pfcs_emissions_in_kilotonne_co2_equivalent
Germany,2003,19.377233276,nitrogen_trifluoride_nf3_emissions_in_kilotonne_co2_equivalent
Finland,2000,6661.09848014005,methane_ch4_emissions_without_land_use_land_use_change_and_forestry_lulucf_in_kilotonne_co2_equivalent
Canada,2005,579225.335719904,carbon_dioxide_co2_emissions_without_land_use_land_use_change_and_forestry_lulucf_in_kilotonne_co2_equivalent
Finland,2009,26.710521984108,sulphur_hexafluoride_sf6_emissions_in_kilotonne_co2_equivalent
Germany,2000,87647.831055257,methane_ch4_emissions_without_land_use_land_use_change_and_forestry_lulucf_in_kilotonne_co2_equivalent
Luxembourg,2008,594.572638988346,methane_ch4_emissions_without_land_use_land_use_change_and_forestry_lulucf_in_kilotonne_co2_equivalent
Japan,2012,36452.8171644772,methane_ch4_emissions_without_land_use_land_use_change_and_forestry_lulucf_in_kilotonne_co2_equivalent
Cyprus,1995,2.69892459923,hydrofluorocarbons_hfcs_emissions_in_kilotonne_co2_equivalent
Poland,2012,41.921870357916,sulphur_hexafluoride_sf6_emissions_in_kilotonne_co2_equivalent
Belgium,2001,147626.133486262,greenhouse_gas_ghgs_emissions_including_indirect_co2_without_lulucf_in_kilotonne_co2_equivalent
Latvia,2003,11164.5973708301,greenhouse_gas_ghgs_emissions_without_land_use_land_use_change_and_forestry_lulucf_in_kilotonne_co2_equivalent
Netherlands,1991,4366.074,hydrofluorocarbons_hfcs_emissions_in_kilotonne_co2_equivalent
Belarus,2002,53843.704423847,carbon_dioxide_co2_emissions_without_land_use_land_use_change_and_forestry_lulucf_in_kilotonne_co2_equivalent
Liechtenstein,2006,7.8145503445168,hydrofluorocarbons_hfcs_emissions_in_kilotonne_co2_equivalent
Denmark,2001,6645.01710511251,nitrous_oxide_n2o_emissions_without_land_use_land_use_change_and_forestry_lulucf_in_kilotonne_co2_equivalent
Cyprus,2001,0.076551114,sulphur_hexafluoride_sf6_emissions_in_kilotonne_co2_equivalent
Liechtenstein,2002,18.3519930401303,methane_ch4_emissions_without_land_use_land_use_change_and_forestry_lulucf_in_kilotonne_co2_equivalent
Malta,1996,2518.24209485385,greenhouse_gas_ghgs_emissions_including_indirect_co2_without_lulucf_in_kilotonne_co2_equivalent
Spain,1998,943.532081478793,perfluorocarbons_pfcs_emissions_in_kilotonne_co2_equivalent
Liechtenstein,1991,19.427332509758,methane_ch4_emissions_without_land_use_land_use_change_and_forestry_lulucf_in_kilotonne_co2_equivalent
Iceland,1995,3389.0009683746,greenhouse_gas_ghgs_emissions_without_land_use_land_use_change_and_forestry_lulucf_in_kilotonne_co2_equivalent
Netherlands,2009,170796.156580042,carbon_dioxide_co2_emissions_without_land_use_land_use_change_and_forestry_lulucf_in_kilotonne_co2_equivalent
United Kingdom,2002,25713.4574982157,nitrous_oxide_n2o_emissions_without_land_use_land_use_change_and_forestry_lulucf_in_kilotonne_co2_equivalent
Norway,1997,41683.1333687712,carbon_dioxide_co2_emissions_without_land_use_land_use_change_and_forestry_lulucf_in_kilotonne_co2_equivalent
Croatia,2002,27420.0965723045,greenhouse_gas_ghgs_emissions_including_indirect_co2_without_lulucf_in_kilotonne_co2_equivalent
Canada,1992,622763.761065663,greenhouse_gas_ghgs_emissions_without_land_use_land_use_change_and_forestry_lulucf_in_kilotonne_co2_equivalent
Austria,2003,126.38302,perfluorocarbons_pfcs_emissions_in_kilotonne_co2_equivalent
Romania,2011,47.832499089216,sulphur_hexafluoride_sf6_emissions_in_kilotonne_co2_equivalent
New Zealand,1996,8041.91720217759,nitrous_oxide_n2o_emissions_without_land_use_land_use_change_and_forestry_lulucf_in_kilotonne_co2_equivalent
France,1995,68570.3600676745,nitrous_oxide_n2o_emissions_without_land_use_land_use_change_and_forestry_lulucf_in_kilotonne_co2_equivalent
Slovenia,2011,19626.4639887411,greenhouse_gas_ghgs_emissions_without_land_use_land_use_change_and_forestry_lulucf_in_kilotonne_co2_equivalent
Cyprus,1993,0.21710900486,hydrofluorocarbons_hfcs_emissions_in_kilotonne_co2_equivalent
Liechtenstein,1997,218.235372862382,carbon_dioxide_co2_emissions_without_land_use_land_use_change_and_forestry_lulucf_in_kilotonne_co2_equivalent
Slovenia,2014,16582.3118962607,greenhouse_gas_ghgs_emissions_including_indirect_co2_without_lulucf_in_kilotonne_co2_equivalent
Malta,1991,2041.24609263112,carbon_dioxide_co2_emissions_without_land_use_land_use_change_and_forestry_lulucf_in_kilotonne_co2_equivalent
Liechtenstein,1991,236.649430776773,greenhouse_gas_ghgs_emissions_without_land_use_land_use_change_and_forestry_lulucf_in_kilotonne_co2_equivalent
New Zealand,1995,69641.424602133,greenhouse_gas_ghgs_emissions_including_indirect_co2_without_lulucf_in_kilotonne_co2_equivalent
Slovenia,1996,127.668732247522,perfluorocarbons_pfcs_emissions_in_kilotonne_co2_equivalent
Romania,1993,182011.073556392,greenhouse_gas_ghgs_emissions_without_land_use_land_use_change_and_forestry_lulucf_in_kilotonne_co2_equivalent
France,1996,565422.012593217,greenhouse_gas_ghgs_emissions_including_indirect_co2_without_lulucf_in_kilotonne_co2_equivalent
Australia,2005,1791.70111972472,perfluorocarbons_pfcs_emissions_in_kilotonne_co2_equivalent
Bulgaria,2009,9.51519974388,sulphur_hexafluoride_sf6_emissions_in_kilotonne_co2_equivalent
Japan,1990,12850.069876124,sulphur_hexafluoride_sf6_emissions_in_kilotonne_co2_equivalent
Germany,2014,38780.289995392,nitrous_oxide_n2o_emissions_without_land_use_land_use_change_and_forestry_lulucf_in_kilotonne_co2_equivalent
Sweden,1997,352.790414113182,hydrofluorocarbons_hfcs_emissions_in_kilotonne_co2_equivalent
Sweden,2007,4893.0005505437,nitrous_oxide_n2o_emissions_without_land_use_land_use_change_and_forestry_lulucf_in_kilotonne_co2_equivalent
Italy,2000,465175.073350703,carbon_dioxide_co2_emissions_without_land_use_land_use_change_and_forestry_lulucf_in_kilotonne_co2_equivalent
Italy,1996,440235.507200098,carbon_dioxide_co2_emissions_without_land_use_land_use_change_and_forestry_lulucf_in_kilotonne_co2_equivalent
Netherlands,1998,176617.168521043,carbon_dioxide_co2_emissions_without_land_use_land_use_change_and_forestry_lulucf_in_kilotonne_co2_equivalent
Turkey,1992,781.918198558921,perfluorocarbons_pfcs_emissions_in_kilotonne_co2_equivalent
Portugal,1996,59.0512622629464,hydrofluorocarbons_hfcs_emissions_in_kilotonne_co2_equivalent
Luxembourg,2012,10872.0644823704,carbon_dioxide_co2_emissions_without_land_use_land_use_change_and_forestry_lulucf_in_kilotonne_co2_equivalent
Sweden,2001,69192.115810022,greenhouse_gas_ghgs_emissions_including_indirect_co2_without_lulucf_in_kilotonne_co2_equivalent
Latvia,1997,1507.68854012155,nitrous_oxide_n2o_emissions_without_land_use_land_use_change_and_forestry_lulucf_in_kilotonne_co2_equivalent
Slovakia,2006,51206.9149886339,greenhouse_gas_ghgs_emissions_without_land_use_land_use_change_and_forestry_lulucf_in_kilotonne_co2_equivalent
Italy,1991,429.995502117984,sulphur_hexafluoride_sf6_emissions_in_kilotonne_co2_equivalent
New Zealand,1994,7768.4564544589,nitrous_oxide_n2o_emissions_without_land_use_land_use_change_and_forestry_lulucf_in_kilotonne_co2_equivalent
United Kingdom,1995,19096.094344372,hydrofluorocarbons_hfcs_emissions_in_kilotonne_co2_equivalent
New Zealand,1992,0.0429,hydrofluorocarbons_hfcs_emissions_in_kilotonne_co2_equivalent
Slovakia,2007,3413.50348514705,nitrous_oxide_n2o_emissions_without_land_use_land_use_change_and_forestry_lulucf_in_kilotonne_co2_equivalent
Japan,2001,25481.0264578169,nitrous_oxide_n2o_emissions_without_land_use_land_use_change_and_forestry_lulucf_in_kilotonne_co2_equivalent
France,1996,563711.59170328,greenhouse_gas_ghgs_emissions_without_land_use_land_use_change_and_forestry_lulucf_in_kilotonne_co2_equivalent
Austria,2013,304.869004501608,sulphur_hexafluoride_sf6_emissions_in_kilotonne_co2_equivalent
Canada,2001,737198.311959851,greenhouse_gas_ghgs_emissions_including_indirect_co2_without_lulucf_in_kilotonne_co2_equivalent
Estonia,1990,36666.0272974484,carbon_dioxide_co2_emissions_without_land_use_land_use_change_and_forestry_lulucf_in_kilotonne_co2_equivalent
Poland,1996,23.797562181756,sulphur_hexafluoride_sf6_emissions_in_kilotonne_co2_equivalent
Slovenia,1997,2331.42106935408,methane_ch4_emissions_without_land_use_land_use_change_and_forestry_lulucf_in_kilotonne_co2_equivalent
Finland,2002,77740.9602079674,greenhouse_gas_ghgs_emissions_including_indirect_co2_without_lulucf_in_kilotonne_co2_equivalent
Croatia,2006,3100.59041226758,methane_ch4_emissions_without_land_use_land_use_change_and_forestry_lulucf_in_kilotonne_co2_equivalent
Italy,2012,468717.915842693,greenhouse_gas_ghgs_emissions_including_indirect_co2_without_lulucf_in_kilotonne_co2_equivalent
New Zealand,2000,67.6097,perfluorocarbons_pfcs_emissions_in_kilotonne_co2_equivalent
Denmark,2010,7786.91504181373,methane_ch4_emissions_without_land_use_land_use_change_and_forestry_lulucf_in_kilotonne_co2_equivalent
France,2002,413569.247853298,carbon_dioxide_co2_emissions_without_land_use_land_use_change_and_forestry_lulucf_in_kilotonne_co2_equivalent
Japan,2012,1390339.97259376,greenhouse_gas_ghgs_emissions_including_indirect_co2_without_lulucf_in_kilotonne_co2_equivalent
France,2009,383957.624293905,carbon_dioxide_co2_emissions_without_land_use_land_use_change_and_forestry_lulucf_in_kilotonne_co2_equivalent
Russian Federation,2013,4909.1304036,sulphur_hexafluoride_sf6_emissions_in_kilotonne_co2_equivalent
European Union,2001,5218920.54800064,greenhouse_gas_ghgs_emissions_including_indirect_co2_without_lulucf_in_kilotonne_co2_equivalent
Turkey,2001,278784.945605068,greenhouse_gas_ghgs_emissions_without_land_use_land_use_change_and_forestry_lulucf_in_kilotonne_co2_equivalent
Sweden,1993,57425.9514469075,carbon_dioxide_co2_emissions_without_land_use_land_use_change_and_forestry_lulucf_in_kilotonne_co2_equivalent
Hungary,1997,212.280471028897,perfluorocarbons_pfcs_emissions_in_kilotonne_co2_equivalent
Denmark,2012,52933.9717839898,greenhouse_gas_ghgs_emissions_without_land_use_land_use_change_and_forestry_lulucf_in_kilotonne_co2_equivalent
Hungary,1993,194.585003513472,perfluorocarbons_pfcs_emissions_in_kilotonne_co2_equivalent
Romania,2012,84661.2305445011,carbon_dioxide_co2_emissions_without_land_use_land_use_change_and_forestry_lulucf_in_kilotonne_co2_equivalent
Estonia,2014,1102.37331637054,methane_ch4_emissions_without_land_use_land_use_change_and_forestry_lulucf_in_kilotonne_co2_equivalent
Finland,1991,68823.8503769894,greenhouse_gas_ghgs_emissions_without_land_use_land_use_change_and_forestry_lulucf_in_kilotonne_co2_equivalent
Belarus,1996,57251.355700374,carbon_dioxide_co2_emissions_without_land_use_land_use_change_and_forestry_lulucf_in_kilotonne_co2_equivalent
Sweden,2014,4884.1295459176,nitrous_oxide_n2o_emissions_without_land_use_land_use_change_and_forestry_lulucf_in_kilotonne_co2_equivalent
Switzerland,2003,2507.09738954901,nitrous_oxide_n2o_emissions_without_land_use_land_use_change_and_forestry_lulucf_in_kilotonne_co2_equivalent
Poland,2002,379645.914159297,greenhouse_gas_ghgs_emissions_without_land_use_land_use_change_and_forestry_lulucf_in_kilotonne_co2_equivalent
Latvia,1990,26397.4022352212,greenhouse_gas_ghgs_emissions_including_indirect_co2_without_lulucf_in_kilotonne_co2_equivalent
Ireland,2008,13206.6583127526,methane_ch4_emissions_without_land_use_land_use_change_and_forestry_lulucf_in_kilotonne_co2_equivalent
Ukraine,2011,85863.5766080093,methane_ch4_emissions_without_land_use_land_use_change_and_forestry_lulucf_in_kilotonne_co2_equivalent
Czech Republic,2013,6335.43371232632,nitrous_oxide_n2o_emissions_without_land_use_land_use_change_and_forestry_lulucf_in_kilotonne_co2_equivalent
Ireland,2010,62299.0120650796,greenhouse_gas_ghgs_emissions_including_indirect_co2_without_lulucf_in_kilotonne_co2_equivalent
Sweden,1990,7989.91210405711,methane_ch4_emissions_without_land_use_land_use_change_and_forestry_lulucf_in_kilotonne_co2_equivalent
Croatia,2014,17607.3224145688,carbon_dioxide_co2_emissions_without_land_use_land_use_change_and_forestry_lulucf_in_kilotonne_co2_equivalent
Portugal,2007,80963.188067309,greenhouse_gas_ghgs_emissions_without_land_use_land_use_change_and_forestry_lulucf_in_kilotonne_co2_equivalent
Belgium,2013,8098.24899175734,methane_ch4_emissions_without_land_use_land_use_change_and_forestry_lulucf_in_kilotonne_co2_equivalent
Belarus,2001,77921.8275915,greenhouse_gas_ghgs_emissions_without_land_use_land_use_change_and_forestry_lulucf_in_kilotonne_co2_equivalent
New Zealand,1998,156.0099056915,hydrofluorocarbons_hfcs_emissions_in_kilotonne_co2_equivalent
Liechtenstein,2010,0.023484,sulphur_hexafluoride_sf6_emissions_in_kilotonne_co2_equivalent
Denmark,2003,76415.1958800115,greenhouse_gas_ghgs_emissions_without_land_use_land_use_change_and_forestry_lulucf_in_kilotonne_co2_equivalent
Estonia,2010,1182.87076894973,methane_ch4_emissions_without_land_use_land_use_change_and_forestry_lulucf_in_kilotonne_co2_equivalent
Bulgaria,1994,5106.66182493753,nitrous_oxide_n2o_emissions_without_land_use_land_use_change_and_forestry_lulucf_in_kilotonne_co2_equivalent
European Union,1997,14975.2874783921,perfluorocarbons_pfcs_emissions_in_kilotonne_co2_equivalent
Belgium,2014,8047.55231617697,methane_ch4_emissions_without_land_use_land_use_change_and_forestry_lulucf_in_kilotonne_co2_equivalent
Russian Federation,2006,18026.7121398838,hydrofluorocarbons_hfcs_emissions_in_kilotonne_co2_equivalent
Slovakia,2004,42576.9588896981,carbon_dioxide_co2_emissions_without_land_use_land_use_change_and_forestry_lulucf_in_kilotonne_co2_equivalent
Iceland,2005,561.803561420248,methane_ch4_emissions_without_land_use_land_use_change_and_forestry_lulucf_in_kilotonne_co2_equivalent
United Kingdom,1992,0.548846138412,nitrogen_trifluoride_nf3_emissions_in_kilotonne_co2_equivalent
Turkey,2001,232.003643733401,hydrofluorocarbons_hfcs_emissions_in_kilotonne_co2_equivalent
United States of America,2008,595.280502868464,nitrogen_trifluoride_nf3_emissions_in_kilotonne_co2_equivalent
Switzerland,1996,2699.74085840686,nitrous_oxide_n2o_emissions_without_land_use_land_use_change_and_forestry_lulucf_in_kilotonne_co2_equivalent
France,2011,761.96022581171,perfluorocarbons_pfcs_emissions_in_kilotonne_co2_equivalent
Ukraine,2002,26117.1090953661,nitrous_oxide_n2o_emissions_without_land_use_land_use_change_and_forestry_lulucf_in_kilotonne_co2_equivalent
Germany,1998,922778.540047935,carbon_dioxide_co2_emissions_without_land_use_land_use_change_and_forestry_lulucf_in_kilotonne_co2_equivalent
Greece,2006,132065.256674574,greenhouse_gas_ghgs_emissions_including_indirect_co2_without_lulucf_in_kilotonne_co2_equivalent
Turkey,1990,43820.3601995038,methane_ch4_emissions_without_land_use_land_use_change_and_forestry_lulucf_in_kilotonne_co2_equivalent
Finland,1992,25.670926187016,sulphur_hexafluoride_sf6_emissions_in_kilotonne_co2_equivalent
Latvia,2009,152.138590910531,hydrofluorocarbons_hfcs_emissions_in_kilotonne_co2_equivalent
Portugal,2008,78734.1165596236,greenhouse_gas_ghgs_emissions_including_indirect_co2_without_lulucf_in_kilotonne_co2_equivalent
Ireland,1992,8226.88792534021,nitrous_oxide_n2o_emissions_without_land_use_land_use_change_and_forestry_lulucf_in_kilotonne_co2_equivalent
Germany,2008,2971.2128199,sulphur_hexafluoride_sf6_emissions_in_kilotonne_co2_equivalent
Russian Federation,2005,790311.941662593,methane_ch4_emissions_without_land_use_land_use_change_and_forestry_lulucf_in_kilotonne_co2_equivalent
Romania,1994,178107.9044609,greenhouse_gas_ghgs_emissions_including_indirect_co2_without_lulucf_in_kilotonne_co2_equivalent
Bulgaria,1995,4977.77959817515,nitrous_oxide_n2o_emissions_without_land_use_land_use_change_and_forestry_lulucf_in_kilotonne_co2_equivalent
Russian Federation,1997,1502079.86636293,carbon_dioxide_co2_emissions_without_land_use_land_use_change_and_forestry_lulucf_in_kilotonne_co2_equivalent
Netherlands,2007,208086.496163859,greenhouse_gas_ghgs_emissions_without_land_use_land_use_change_and_forestry_lulucf_in_kilotonne_co2_equivalent
Canada,1999,729415.115205006,greenhouse_gas_ghgs_emissions_including_indirect_co2_without_lulucf_in_kilotonne_co2_equivalent
Cyprus,2014,6878.555308563,carbon_dioxide_co2_emissions_without_land_use_land_use_change_and_forestry_lulucf_in_kilotonne_co2_equivalent
Netherlands,1991,33327.3813536039,methane_ch4_emissions_without_land_use_land_use_change_and_forestry_lulucf_in_kilotonne_co2_equivalent
France,1993,70105.2675441496,methane_ch4_emissions_without_land_use_land_use_change_and_forestry_lulucf_in_kilotonne_co2_equivalent
Russian Federation,2011,485.9711928,sulphur_hexafluoride_sf6_emissions_in_kilotonne_co2_equivalent
Luxembourg,1997,8530.7453454746,carbon_dioxide_co2_emissions_without_land_use_land_use_change_and_forestry_lulucf_in_kilotonne_co2_equivalent
Belarus,1994,88206.3567402,greenhouse_gas_ghgs_emissions_without_land_use_land_use_change_and_forestry_lulucf_in_kilotonne_co2_equivalent
Estonia,2011,183.0029356155,hydrofluorocarbons_hfcs_emissions_in_kilotonne_co2_equivalent
Slovakia,1995,3439.83507734675,nitrous_oxide_n2o_emissions_without_land_use_land_use_change_and_forestry_lulucf_in_kilotonne_co2_equivalent
Iceland,1999,48.8270751799535,hydrofluorocarbons_hfcs_emissions_in_kilotonne_co2_equivalent
Netherlands,2003,1684.23967704698,hydrofluorocarbons_hfcs_emissions_in_kilotonne_co2_equivalent
Finland,2001,25.526260531296,sulphur_hexafluoride_sf6_emissions_in_kilotonne_co2_equivalent
Belgium,2007,118027.408646158,carbon_dioxide_co2_emissions_without_land_use_land_use_change_and_forestry_lulucf_in_kilotonne_co2_equivalent
Croatia,1996,80.066539,hydrofluorocarbons_hfcs_emissions_in_kilotonne_co2_equivalent
Canada,2000,3400.32843106704,hydrofluorocarbons_hfcs_emissions_in_kilotonne_co2_equivalent
Romania,1997,123515.853269646,carbon_dioxide_co2_emissions_without_land_use_land_use_change_and_forestry_lulucf_in_kilotonne_co2_equivalent
United Kingdom,2008,539916.163191626,carbon_dioxide_co2_emissions_without_land_use_land_use_change_and_forestry_lulucf_in_kilotonne_co2_equivalent
Canada,1994,0.289772298724,nitrogen_trifluoride_nf3_emissions_in_kilotonne_co2_equivalent
Finland,2014,47597.7335272535,carbon_dioxide_co2_emissions_without_land_use_land_use_change_and_forestry_lulucf_in_kilotonne_co2_equivalent
Sweden,2014,5158.27460523819,methane_ch4_emissions_without_land_use_land_use_change_and_forestry_lulucf_in_kilotonne_co2_equivalent
Hungary,1991,87301.0680049181,greenhouse_gas_ghgs_emissions_including_indirect_co2_without_lulucf_in_kilotonne_co2_equivalent
European Union,2006,4297988.16195699,carbon_dioxide_co2_emissions_without_land_use_land_use_change_and_forestry_lulucf_in_kilotonne_co2_equivalent
Australia,2009,537889.892623617,greenhouse_gas_ghgs_emissions_without_land_use_land_use_change_and_forestry_lulucf_in_kilotonne_co2_equivalent
Liechtenstein,2001,18.0431819588685,methane_ch4_emissions_without_land_use_land_use_change_and_forestry_lulucf_in_kilotonne_co2_equivalent
Ireland,2004,18.0772,nitrogen_trifluoride_nf3_emissions_in_kilotonne_co2_equivalent
Ireland,1990,0.11977,perfluorocarbons_pfcs_emissions_in_kilotonne_co2_equivalent
Slovenia,1996,19440.2444733498,greenhouse_gas_ghgs_emissions_without_land_use_land_use_change_and_forestry_lulucf_in_kilotonne_co2_equivalent
Romania,1999,136767.727856024,greenhouse_gas_ghgs_emissions_including_indirect_co2_without_lulucf_in_kilotonne_co2_equivalent
Czech Republic,1992,172740.62628144,greenhouse_gas_ghgs_emissions_including_indirect_co2_without_lulucf_in_kilotonne_co2_equivalent
Italy,1999,30573.2755087135,nitrous_oxide_n2o_emissions_without_land_use_land_use_change_and_forestry_lulucf_in_kilotonne_co2_equivalent
European Union,2000,309752.768575118,nitrous_oxide_n2o_emissions_without_land_use_land_use_change_and_forestry_lulucf_in_kilotonne_co2_equivalent
United Kingdom,2014,21645.8969237383,nitrous_oxide_n2o_emissions_without_land_use_land_use_change_and_forestry_lulucf_in_kilotonne_co2_equivalent
Ukraine,1990,55370.6464880769,nitrous_oxide_n2o_emissions_without_land_use_land_use_change_and_forestry_lulucf_in_kilotonne_co2_equivalent
Belarus,1992,13232.439982768,nitrous_oxide_n2o_emissions_without_land_use_land_use_change_and_forestry_lulucf_in_kilotonne_co2_equivalent
Belarus,1996,13672.8220222,methane_ch4_emissions_without_land_use_land_use_change_and_forestry_lulucf_in_kilotonne_co2_equivalent
Belgium,2011,2614.05044241905,hydrofluorocarbons_hfcs_emissions_in_kilotonne_co2_equivalent
Romania,1993,124819.100092444,carbon_dioxide_co2_emissions_without_land_use_land_use_change_and_forestry_lulucf_in_kilotonne_co2_equivalent
European Union,1999,5153484.8505628,greenhouse_gas_ghgs_emissions_without_land_use_land_use_change_and_forestry_lulucf_in_kilotonne_co2_equivalent
United States of America,2004,7369970.03456985,greenhouse_gas_ghgs_emissions_including_indirect_co2_without_lulucf_in_kilotonne_co2_equivalent
United Kingdom,1998,1.269514469072,nitrogen_trifluoride_nf3_emissions_in_kilotonne_co2_equivalent
Luxembourg,1995,10071.3111590627,greenhouse_gas_ghgs_emissions_without_land_use_land_use_change_and_forestry_lulucf_in_kilotonne_co2_equivalent
Netherlands,1994,31549.133256387,methane_ch4_emissions_without_land_use_land_use_change_and_forestry_lulucf_in_kilotonne_co2_equivalent
Ireland,2001,14585.9758649374,methane_ch4_emissions_without_land_use_land_use_change_and_forestry_lulucf_in_kilotonne_co2_equivalent
Liechtenstein,2012,0.000456,sulphur_hexafluoride_sf6_emissions_in_kilotonne_co2_equivalent
European Union,2007,5141105.72703058,greenhouse_gas_ghgs_emissions_without_land_use_land_use_change_and_forestry_lulucf_in_kilotonne_co2_equivalent
Latvia,2010,1949.62204571713,methane_ch4_emissions_without_land_use_land_use_change_and_forestry_lulucf_in_kilotonne_co2_equivalent
Romania,1999,8879.86478887155,nitrous_oxide_n2o_emissions_without_land_use_land_use_change_and_forestry_lulucf_in_kilotonne_co2_equivalent
Belgium,1990,119982.503418506,carbon_dioxide_co2_emissions_without_land_use_land_use_change_and_forestry_lulucf_in_kilotonne_co2_equivalent
Japan,2012,21425.9666079099,nitrous_oxide_n2o_emissions_without_land_use_land_use_change_and_forestry_lulucf_in_kilotonne_co2_equivalent
Norway,1994,38434.7651928654,carbon_dioxide_co2_emissions_without_land_use_land_use_change_and_forestry_lulucf_in_kilotonne_co2_equivalent
France,1995,1912.11375031142,hydrofluorocarbons_hfcs_emissions_in_kilotonne_co2_equivalent
Netherlands,2006,169.777778919072,sulphur_hexafluoride_sf6_emissions_in_kilotonne_co2_equivalent
Estonia,1994,1287.76549159454,methane_ch4_emissions_without_land_use_land_use_change_and_forestry_lulucf_in_kilotonne_co2_equivalent
Italy,2009,418881.076903293,carbon_dioxide_co2_emissions_without_land_use_land_use_change_and_forestry_lulucf_in_kilotonne_co2_equivalent
Finland,2000,5621.95734522058,nitrous_oxide_n2o_emissions_without_land_use_land_use_change_and_forestry_lulucf_in_kilotonne_co2_equivalent
Russian Federation,2013,21503.2502962644,hydrofluorocarbons_hfcs_emissions_in_kilotonne_co2_equivalent
Ukraine,1994,0.064870292784,sulphur_hexafluoride_sf6_emissions_in_kilotonne_co2_equivalent
Netherlands,1994,17794.0890617889,nitrous_oxide_n2o_emissions_without_land_use_land_use_change_and_forestry_lulucf_in_kilotonne_co2_equivalent
Belgium,2006,141046.707506786,greenhouse_gas_ghgs_emissions_including_indirect_co2_without_lulucf_in_kilotonne_co2_equivalent
Poland,2010,17.0695665352001,perfluorocarbons_pfcs_emissions_in_kilotonne_co2_equivalent
Switzerland,1995,17.4923714013607,perfluorocarbons_pfcs_emissions_in_kilotonne_co2_equivalent
Ukraine,1998,0.19365690378,sulphur_hexafluoride_sf6_emissions_in_kilotonne_co2_equivalent
Japan,1996,17022.1877644734,sulphur_hexafluoride_sf6_emissions_in_kilotonne_co2_equivalent
Greece,2001,128248.682487832,greenhouse_gas_ghgs_emissions_including_indirect_co2_without_lulucf_in_kilotonne_co2_equivalent
Slovenia,2003,107.952752245349,hydrofluorocarbons_hfcs_emissions_in_kilotonne_co2_equivalent
Greece,1998,124288.89384458,greenhouse_gas_ghgs_emissions_without_land_use_land_use_change_and_forestry_lulucf_in_kilotonne_co2_equivalent
Japan,2008,19284.8217975952,hydrofluorocarbons_hfcs_emissions_in_kilotonne_co2_equivalent
Switzerland,1998,5523.54865560759,methane_ch4_emissions_without_land_use_land_use_change_and_forestry_lulucf_in_kilotonne_co2_equivalent
Hungary,2012,46774.9448452999,carbon_dioxide_co2_emissions_without_land_use_land_use_change_and_forestry_lulucf_in_kilotonne_co2_equivalent
Ireland,2002,7827.9333327164,nitrous_oxide_n2o_emissions_without_land_use_land_use_change_and_forestry_lulucf_in_kilotonne_co2_equivalent
Croatia,1992,22538.033900319,greenhouse_gas_ghgs_emissions_without_land_use_land_use_change_and_forestry_lulucf_in_kilotonne_co2_equivalent
Switzerland,2014,39265.0525915552,carbon_dioxide_co2_emissions_without_land_use_land_use_change_and_forestry_lulucf_in_kilotonne_co2_equivalent
Lithuania,2012,21112.6763800759,greenhouse_gas_ghgs_emissions_without_land_use_land_use_change_and_forestry_lulucf_in_kilotonne_co2_equivalent
Austria,1995,79813.0345359956,greenhouse_gas_ghgs_emissions_without_land_use_land_use_change_and_forestry_lulucf_in_kilotonne_co2_equivalent
Greece,1990,12534.1245971224,methane_ch4_emissions_without_land_use_land_use_change_and_forestry_lulucf_in_kilotonne_co2_equivalent
Malta,1997,74.841775621278,nitrous_oxide_n2o_emissions_without_land_use_land_use_change_and_forestry_lulucf_in_kilotonne_co2_equivalent
Monaco,1995,98.9904298934365,carbon_dioxide_co2_emissions_without_land_use_land_use_change_and_forestry_lulucf_in_kilotonne_co2_equivalent
Czech Republic,1996,132234.071786388,carbon_dioxide_co2_emissions_without_land_use_land_use_change_and_forestry_lulucf_in_kilotonne_co2_equivalent
Finland,2001,592.117170735794,hydrofluorocarbons_hfcs_emissions_in_kilotonne_co2_equivalent
Turkey,2011,906.491125258128,sulphur_hexafluoride_sf6_emissions_in_kilotonne_co2_equivalent
Turkey,2000,296810.835017591,greenhouse_gas_ghgs_emissions_including_indirect_co2_without_lulucf_in_kilotonne_co2_equivalent
Czech Republic,1998,16431.8822443428,methane_ch4_emissions_without_land_use_land_use_change_and_forestry_lulucf_in_kilotonne_co2_equivalent
Russian Federation,1992,151404.310476502,nitrous_oxide_n2o_emissions_without_land_use_land_use_change_and_forestry_lulucf_in_kilotonne_co2_equivalent
Cyprus,1999,8059.08339104404,greenhouse_gas_ghgs_emissions_without_land_use_land_use_change_and_forestry_lulucf_in_kilotonne_co2_equivalent
Luxembourg,2004,12791.6283352327,greenhouse_gas_ghgs_emissions_without_land_use_land_use_change_and_forestry_lulucf_in_kilotonne_co2_equivalent
Romania,2000,8.68393337196,sulphur_hexafluoride_sf6_emissions_in_kilotonne_co2_equivalent
Monaco,2003,106.126341833846,greenhouse_gas_ghgs_emissions_including_indirect_co2_without_lulucf_in_kilotonne_co2_equivalent
Austria,1990,10598.5663608928,methane_ch4_emissions_without_land_use_land_use_change_and_forestry_lulucf_in_kilotonne_co2_equivalent
Germany,2000,4072.497783324,sulphur_hexafluoride_sf6_emissions_in_kilotonne_co2_equivalent
Finland,1992,5461.41289768856,nitrous_oxide_n2o_emissions_without_land_use_land_use_change_and_forestry_lulucf_in_kilotonne_co2_equivalent
Japan,2003,24862.2660643819,nitrous_oxide_n2o_emissions_without_land_use_land_use_change_and_forestry_lulucf_in_kilotonne_co2_equivalent
Bulgaria,1992,77199.3461784947,greenhouse_gas_ghgs_emissions_without_land_use_land_use_change_and_forestry_lulucf_in_kilotonne_co2_equivalent
Portugal,2011,52150.653443811,carbon_dioxide_co2_emissions_without_land_use_land_use_change_and_forestry_lulucf_in_kilotonne_co2_equivalent
Hungary,2003,77192.4005780412,greenhouse_gas_ghgs_emissions_without_land_use_land_use_change_and_forestry_lulucf_in_kilotonne_co2_equivalent
United Kingdom,1995,752463.918228501,greenhouse_gas_ghgs_emissions_without_land_use_land_use_change_and_forestry_lulucf_in_kilotonne_co2_equivalent
Japan,2009,22630.1353194331,nitrous_oxide_n2o_emissions_without_land_use_land_use_change_and_forestry_lulucf_in_kilotonne_co2_equivalent
Luxembourg,2004,292.258192231611,nitrous_oxide_n2o_emissions_without_land_use_land_use_change_and_forestry_lulucf_in_kilotonne_co2_equivalent
Iceland,2001,108.050497198888,perfluorocarbons_pfcs_emissions_in_kilotonne_co2_equivalent
Luxembourg,2004,583.986684151156,methane_ch4_emissions_without_land_use_land_use_change_and_forestry_lulucf_in_kilotonne_co2_equivalent
Russian Federation,1992,794953.160990131,methane_ch4_emissions_without_land_use_land_use_change_and_forestry_lulucf_in_kilotonne_co2_equivalent
Switzerland,2013,0.09478404,nitrogen_trifluoride_nf3_emissions_in_kilotonne_co2_equivalent
Iceland,1997,3610.85799066624,greenhouse_gas_ghgs_emissions_including_indirect_co2_without_lulucf_in_kilotonne_co2_equivalent
Italy,1992,453.398078222222,hydrofluorocarbons_hfcs_emissions_in_kilotonne_co2_equivalent
Belgium,2008,2206.76147265269,hydrofluorocarbons_hfcs_emissions_in_kilotonne_co2_equivalent
Switzerland,1990,137.0062482642,sulphur_hexafluoride_sf6_emissions_in_kilotonne_co2_equivalent
Belgium,1993,11838.3033737107,methane_ch4_emissions_without_land_use_land_use_change_and_forestry_lulucf_in_kilotonne_co2_equivalent
Greece,1998,155.47853778,perfluorocarbons_pfcs_emissions_in_kilotonne_co2_equivalent
United States of America,2002,400917.901725168,nitrous_oxide_n2o_emissions_without_land_use_land_use_change_and_forestry_lulucf_in_kilotonne_co2_equivalent
Spain,2000,35247.7130225363,methane_ch4_emissions_without_land_use_land_use_change_and_forestry_lulucf_in_kilotonne_co2_equivalent
Luxembourg,2013,61.1682222954284,hydrofluorocarbons_hfcs_emissions_in_kilotonne_co2_equivalent
Japan,1997,1253057.30667741,carbon_dioxide_co2_emissions_without_land_use_land_use_change_and_forestry_lulucf_in_kilotonne_co2_equivalent
Estonia,2011,1134.03455551706,methane_ch4_emissions_without_land_use_land_use_change_and_forestry_lulucf_in_kilotonne_co2_equivalent
Hungary,2008,8251.38147841946,methane_ch4_emissions_without_land_use_land_use_change_and_forestry_lulucf_in_kilotonne_co2_equivalent
Portugal,1998,12531.4768578546,methane_ch4_emissions_without_land_use_land_use_change_and_forestry_lulucf_in_kilotonne_co2_equivalent
United Kingdom,2012,582.653545639776,sulphur_hexafluoride_sf6_emissions_in_kilotonne_co2_equivalent
Latvia,1991,24414.1717241305,greenhouse_gas_ghgs_emissions_including_indirect_co2_without_lulucf_in_kilotonne_co2_equivalent
Czech Republic,2001,8.54303775749736,perfluorocarbons_pfcs_emissions_in_kilotonne_co2_equivalent
Germany,1998,1078643.50204424,greenhouse_gas_ghgs_emissions_including_indirect_co2_without_lulucf_in_kilotonne_co2_equivalent
Liechtenstein,1996,205.809089624326,carbon_dioxide_co2_emissions_without_land_use_land_use_change_and_forestry_lulucf_in_kilotonne_co2_equivalent
Germany,2004,886344.629703686,carbon_dioxide_co2_emissions_without_land_use_land_use_change_and_forestry_lulucf_in_kilotonne_co2_equivalent
Japan,1996,18258.1770431605,perfluorocarbons_pfcs_emissions_in_kilotonne_co2_equivalent
Bulgaria,2005,8.164991166876,sulphur_hexafluoride_sf6_emissions_in_kilotonne_co2_equivalent
Iceland,2004,1.314705,sulphur_hexafluoride_sf6_emissions_in_kilotonne_co2_equivalent
European Union,2007,280033.581412401,nitrous_oxide_n2o_emissions_without_land_use_land_use_change_and_forestry_lulucf_in_kilotonne_co2_equivalent
Australia,2011,8837.85058079271,hydrofluorocarbons_hfcs_emissions_in_kilotonne_co2_equivalent
Denmark,2008,7888.33361672816,methane_ch4_emissions_without_land_use_land_use_change_and_forestry_lulucf_in_kilotonne_co2_equivalent
Poland,2004,324279.449842642,carbon_dioxide_co2_emissions_without_land_use_land_use_change_and_forestry_lulucf_in_kilotonne_co2_equivalent
Japan,2014,35784.9434523257,hydrofluorocarbons_hfcs_emissions_in_kilotonne_co2_equivalent
Malta,2004,139.922725337744,methane_ch4_emissions_without_land_use_land_use_change_and_forestry_lulucf_in_kilotonne_co2_equivalent
Romania,1991,0.52051488,sulphur_hexafluoride_sf6_emissions_in_kilotonne_co2_equivalent
Hungary,1993,3.71454036870409,hydrofluorocarbons_hfcs_emissions_in_kilotonne_co2_equivalent
Norway,1998,1711.979624376,perfluorocarbons_pfcs_emissions_in_kilotonne_co2_equivalent
Denmark,2003,6490.23171109984,nitrous_oxide_n2o_emissions_without_land_use_land_use_change_and_forestry_lulucf_in_kilotonne_co2_equivalent
Czech Republic,2000,125841.969268613,carbon_dioxide_co2_emissions_without_land_use_land_use_change_and_forestry_lulucf_in_kilotonne_co2_equivalent
Luxembourg,1992,13.6806908058016,hydrofluorocarbons_hfcs_emissions_in_kilotonne_co2_equivalent
Hungary,1999,76610.4957421574,greenhouse_gas_ghgs_emissions_without_land_use_land_use_change_and_forestry_lulucf_in_kilotonne_co2_equivalent
Norway,2007,715.382599501865,hydrofluorocarbons_hfcs_emissions_in_kilotonne_co2_equivalent
Slovakia,2005,3240.76655488675,nitrous_oxide_n2o_emissions_without_land_use_land_use_change_and_forestry_lulucf_in_kilotonne_co2_equivalent
Belgium,1999,148062.443619472,greenhouse_gas_ghgs_emissions_including_indirect_co2_without_lulucf_in_kilotonne_co2_equivalent
New Zealand,1994,186.178,perfluorocarbons_pfcs_emissions_in_kilotonne_co2_equivalent
Finland,2010,1.060941,perfluorocarbons_pfcs_emissions_in_kilotonne_co2_equivalent
European Union,2007,163.03676748804,nitrogen_trifluoride_nf3_emissions_in_kilotonne_co2_equivalent
Liechtenstein,2006,10.0432599001638,nitrous_oxide_n2o_emissions_without_land_use_land_use_change_and_forestry_lulucf_in_kilotonne_co2_equivalent
Sweden,1996,116.875313566848,sulphur_hexafluoride_sf6_emissions_in_kilotonne_co2_equivalent
Hungary,1990,94133.9719251175,greenhouse_gas_ghgs_emissions_including_indirect_co2_without_lulucf_in_kilotonne_co2_equivalent
Denmark,2013,130.78658813112,sulphur_hexafluoride_sf6_emissions_in_kilotonne_co2_equivalent
Czech Republic,1993,162967.290784898,greenhouse_gas_ghgs_emissions_without_land_use_land_use_change_and_forestry_lulucf_in_kilotonne_co2_equivalent
Norway,2013,44309.0559727695,carbon_dioxide_co2_emissions_without_land_use_land_use_change_and_forestry_lulucf_in_kilotonne_co2_equivalent
Russian Federation,2014,859101.067596339,methane_ch4_emissions_without_land_use_land_use_change_and_forestry_lulucf_in_kilotonne_co2_equivalent
Japan,2002,16236.2858345722,hydrofluorocarbons_hfcs_emissions_in_kilotonne_co2_equivalent
Sweden,2002,743.108494019899,hydrofluorocarbons_hfcs_emissions_in_kilotonne_co2_equivalent
Austria,1990,62297.1655681668,carbon_dioxide_co2_emissions_without_land_use_land_use_change_and_forestry_lulucf_in_kilotonne_co2_equivalent
United States of America,2006,6238.7646588,unspecified_mix_of_hydrofluorocarbons_hfcs_and_perfluorocarbons_pfcs_emissions_in_kilotonne_co2_equivalent
Slovenia,2001,16384.7561407934,carbon_dioxide_co2_emissions_without_land_use_land_use_change_and_forestry_lulucf_in_kilotonne_co2_equivalent
Italy,2014,353.548053282912,sulphur_hexafluoride_sf6_emissions_in_kilotonne_co2_equivalent
Japan,1998,1218257.76164334,carbon_dioxide_co2_emissions_without_land_use_land_use_change_and_forestry_lulucf_in_kilotonne_co2_equivalent
Belgium,1993,484.299975812368,hydrofluorocarbons_hfcs_emissions_in_kilotonne_co2_equivalent
Sweden,2012,57578.3590921027,greenhouse_gas_ghgs_emissions_without_land_use_land_use_change_and_forestry_lulucf_in_kilotonne_co2_equivalent
Greece,2014,101298.184084813,greenhouse_gas_ghgs_emissions_including_indirect_co2_without_lulucf_in_kilotonne_co2_equivalent
Canada,2000,572290.385518472,carbon_dioxide_co2_emissions_without_land_use_land_use_change_and_forestry_lulucf_in_kilotonne_co2_equivalent
Switzerland,2013,52641.2178097103,greenhouse_gas_ghgs_emissions_including_indirect_co2_without_lulucf_in_kilotonne_co2_equivalent
Germany,2009,906423.028725622,greenhouse_gas_ghgs_emissions_without_land_use_land_use_change_and_forestry_lulucf_in_kilotonne_co2_equivalent
Canada,2011,7991.64027238382,hydrofluorocarbons_hfcs_emissions_in_kilotonne_co2_equivalent
Bulgaria,2002,45786.2947197982,carbon_dioxide_co2_emissions_without_land_use_land_use_change_and_forestry_lulucf_in_kilotonne_co2_equivalent
Cyprus,2001,30.84772331695,hydrofluorocarbons_hfcs_emissions_in_kilotonne_co2_equivalent
Turkey,2004,672.144,sulphur_hexafluoride_sf6_emissions_in_kilotonne_co2_equivalent
Belgium,1991,10106.4073495644,nitrous_oxide_n2o_emissions_without_land_use_land_use_change_and_forestry_lulucf_in_kilotonne_co2_equivalent
United States of America,2013,403349.746652267,nitrous_oxide_n2o_emissions_without_land_use_land_use_change_and_forestry_lulucf_in_kilotonne_co2_equivalent
Czech Republic,1999,147.59900958417,hydrofluorocarbons_hfcs_emissions_in_kilotonne_co2_equivalent
Greece,2011,11378.9058333308,methane_ch4_emissions_without_land_use_land_use_change_and_forestry_lulucf_in_kilotonne_co2_equivalent
Malta,1992,1.4269608,sulphur_hexafluoride_sf6_emissions_in_kilotonne_co2_equivalent
European Union,2006,531707.940879268,methane_ch4_emissions_without_land_use_land_use_change_and_forestry_lulucf_in_kilotonne_co2_equivalent
Ukraine,2012,32120.1900686189,nitrous_oxide_n2o_emissions_without_land_use_land_use_change_and_forestry_lulucf_in_kilotonne_co2_equivalent
European Union,2000,115.813276128828,nitrogen_trifluoride_nf3_emissions_in_kilotonne_co2_equivalent
Italy,2012,442.196880434796,sulphur_hexafluoride_sf6_emissions_in_kilotonne_co2_equivalent
Hungary,2000,5621.4669894554,nitrous_oxide_n2o_emissions_without_land_use_land_use_change_and_forestry_lulucf_in_kilotonne_co2_equivalent
Ireland,2013,37049.4238313976,carbon_dioxide_co2_emissions_without_land_use_land_use_change_and_forestry_lulucf_in_kilotonne_co2_equivalent
Netherlands,1993,6311.61511,hydrofluorocarbons_hfcs_emissions_in_kilotonne_co2_equivalent
New Zealand,2005,69.3798,perfluorocarbons_pfcs_emissions_in_kilotonne_co2_equivalent
Greece,1999,105.30855576,perfluorocarbons_pfcs_emissions_in_kilotonne_co2_equivalent
Norway,1998,54499.0166279507,greenhouse_gas_ghgs_emissions_without_land_use_land_use_change_and_forestry_lulucf_in_kilotonne_co2_equivalent
Monaco,2005,88.7506912513649,carbon_dioxide_co2_emissions_without_land_use_land_use_change_and_forestry_lulucf_in_kilotonne_co2_equivalent
Austria,2005,3581.49386376403,nitrous_oxide_n2o_emissions_without_land_use_land_use_change_and_forestry_lulucf_in_kilotonne_co2_equivalent
Ukraine,2014,247561.22104158,carbon_dioxide_co2_emissions_without_land_use_land_use_change_and_forestry_lulucf_in_kilotonne_co2_equivalent
Greece,2000,103019.664690088,carbon_dioxide_co2_emissions_without_land_use_land_use_change_and_forestry_lulucf_in_kilotonne_co2_equivalent
Germany,2010,9914.6869693544,hydrofluorocarbons_hfcs_emissions_in_kilotonne_co2_equivalent
Iceland,2012,4550.40347978486,greenhouse_gas_ghgs_emissions_including_indirect_co2_without_lulucf_in_kilotonne_co2_equivalent
Czech Republic,1997,153873.808646794,greenhouse_gas_ghgs_emissions_without_land_use_land_use_change_and_forestry_lulucf_in_kilotonne_co2_equivalent
Iceland,2002,1.31157,sulphur_hexafluoride_sf6_emissions_in_kilotonne_co2_equivalent
Sweden,2004,292.296213586891,perfluorocarbons_pfcs_emissions_in_kilotonne_co2_equivalent
Spain,2006,10936.9649530722,hydrofluorocarbons_hfcs_emissions_in_kilotonne_co2_equivalent
Switzerland,2014,48617.0807401859,greenhouse_gas_ghgs_emissions_without_land_use_land_use_change_and_forestry_lulucf_in_kilotonne_co2_equivalent
France,2006,13686.2685489363,hydrofluorocarbons_hfcs_emissions_in_kilotonne_co2_equivalent
Denmark,1995,78984.8718855628,greenhouse_gas_ghgs_emissions_including_indirect_co2_without_lulucf_in_kilotonne_co2_equivalent
European Union,1998,12875.1109129582,sulphur_hexafluoride_sf6_emissions_in_kilotonne_co2_equivalent
Slovakia,2013,42792.4788996332,greenhouse_gas_ghgs_emissions_without_land_use_land_use_change_and_forestry_lulucf_in_kilotonne_co2_equivalent
Japan,2002,1390331.14112579,greenhouse_gas_ghgs_emissions_without_land_use_land_use_change_and_forestry_lulucf_in_kilotonne_co2_equivalent
Turkey,1994,693.652260782218,perfluorocarbons_pfcs_emissions_in_kilotonne_co2_equivalent
Sweden,2005,66968.3027050278,greenhouse_gas_ghgs_emissions_including_indirect_co2_without_lulucf_in_kilotonne_co2_equivalent
Liechtenstein,2012,10.2218522695012,nitrous_oxide_n2o_emissions_without_land_use_land_use_change_and_forestry_lulucf_in_kilotonne_co2_equivalent
Germany,1996,958368.724698229,carbon_dioxide_co2_emissions_without_land_use_land_use_change_and_forestry_lulucf_in_kilotonne_co2_equivalent
Belgium,2012,118761.338189887,greenhouse_gas_ghgs_emissions_including_indirect_co2_without_lulucf_in_kilotonne_co2_equivalent
Belgium,2001,9963.92130157159,nitrous_oxide_n2o_emissions_without_land_use_land_use_change_and_forestry_lulucf_in_kilotonne_co2_equivalent
Iceland,1999,566.017907213725,methane_ch4_emissions_without_land_use_land_use_change_and_forestry_lulucf_in_kilotonne_co2_equivalent
Turkey,1998,18699.0901758212,nitrous_oxide_n2o_emissions_without_land_use_land_use_change_and_forestry_lulucf_in_kilotonne_co2_equivalent
Latvia,2008,1962.60473631884,methane_ch4_emissions_without_land_use_land_use_change_and_forestry_lulucf_in_kilotonne_co2_equivalent
Japan,2010,1369.46147154892,nitrogen_trifluoride_nf3_emissions_in_kilotonne_co2_equivalent
Bulgaria,2012,3833.31577398217,nitrous_oxide_n2o_emissions_without_land_use_land_use_change_and_forestry_lulucf_in_kilotonne_co2_equivalent
Slovenia,1993,2353.82832323806,methane_ch4_emissions_without_land_use_land_use_change_and_forestry_lulucf_in_kilotonne_co2_equivalent
Croatia,1990,23390.075209187,carbon_dioxide_co2_emissions_without_land_use_land_use_change_and_forestry_lulucf_in_kilotonne_co2_equivalent
Sweden,2009,59052.7638105561,greenhouse_gas_ghgs_emissions_including_indirect_co2_without_lulucf_in_kilotonne_co2_equivalent
Austria,2014,76332.6185859917,greenhouse_gas_ghgs_emissions_including_indirect_co2_without_lulucf_in_kilotonne_co2_equivalent
Belgium,1993,2195.90067,perfluorocarbons_pfcs_emissions_in_kilotonne_co2_equivalent
Germany,2009,9613.58054963515,hydrofluorocarbons_hfcs_emissions_in_kilotonne_co2_equivalent
Italy,2000,554479.28974574,greenhouse_gas_ghgs_emissions_including_indirect_co2_without_lulucf_in_kilotonne_co2_equivalent
Estonia,1995,19934.7905834531,greenhouse_gas_ghgs_emissions_without_land_use_land_use_change_and_forestry_lulucf_in_kilotonne_co2_equivalent
Cyprus,1997,0.0695318832,sulphur_hexafluoride_sf6_emissions_in_kilotonne_co2_equivalent
Finland,2000,70009.504589963,greenhouse_gas_ghgs_emissions_including_indirect_co2_without_lulucf_in_kilotonne_co2_equivalent
Poland,2010,43166.3688921373,methane_ch4_emissions_without_land_use_land_use_change_and_forestry_lulucf_in_kilotonne_co2_equivalent
Spain,1990,29575.3539622042,methane_ch4_emissions_without_land_use_land_use_change_and_forestry_lulucf_in_kilotonne_co2_equivalent
Netherlands,2008,176174.418350642,carbon_dioxide_co2_emissions_without_land_use_land_use_change_and_forestry_lulucf_in_kilotonne_co2_equivalent
Iceland,2005,435.307809254708,nitrous_oxide_n2o_emissions_without_land_use_land_use_change_and_forestry_lulucf_in_kilotonne_co2_equivalent
Luxembourg,1990,7.15e-05,hydrofluorocarbons_hfcs_emissions_in_kilotonne_co2_equivalent
Monaco,2001,107.9724435341,greenhouse_gas_ghgs_emissions_including_indirect_co2_without_lulucf_in_kilotonne_co2_equivalent
Japan,2006,1285177.83728116,carbon_dioxide_co2_emissions_without_land_use_land_use_change_and_forestry_lulucf_in_kilotonne_co2_equivalent
Croatia,1998,19372.3876004329,carbon_dioxide_co2_emissions_without_land_use_land_use_change_and_forestry_lulucf_in_kilotonne_co2_equivalent
Latvia,1996,1497.20877907923,nitrous_oxide_n2o_emissions_without_land_use_land_use_change_and_forestry_lulucf_in_kilotonne_co2_equivalent
Ukraine,2007,330087.250809744,carbon_dioxide_co2_emissions_without_land_use_land_use_change_and_forestry_lulucf_in_kilotonne_co2_equivalent
Malta,2013,68.1981628828519,nitrous_oxide_n2o_emissions_without_land_use_land_use_change_and_forestry_lulucf_in_kilotonne_co2_equivalent
Hungary,1991,5898.46505861495,nitrous_oxide_n2o_emissions_without_land_use_land_use_change_and_forestry_lulucf_in_kilotonne_co2_equivalent
Iceland,1996,18.5930123882754,hydrofluorocarbons_hfcs_emissions_in_kilotonne_co2_equivalent
Latvia,2005,1587.19163101863,nitrous_oxide_n2o_emissions_without_land_use_land_use_change_and_forestry_lulucf_in_kilotonne_co2_equivalent
Japan,2001,1358715.50795218,greenhouse_gas_ghgs_emissions_without_land_use_land_use_change_and_forestry_lulucf_in_kilotonne_co2_equivalent
Austria,2009,80190.6514378182,greenhouse_gas_ghgs_emissions_including_indirect_co2_without_lulucf_in_kilotonne_co2_equivalent
Slovakia,2012,530.053001611878,hydrofluorocarbons_hfcs_emissions_in_kilotonne_co2_equivalent
Japan,2012,1255.57224938292,nitrogen_trifluoride_nf3_emissions_in_kilotonne_co2_equivalent
Poland,2010,403598.930904867,greenhouse_gas_ghgs_emissions_including_indirect_co2_without_lulucf_in_kilotonne_co2_equivalent
Turkey,2010,835.47569148234,sulphur_hexafluoride_sf6_emissions_in_kilotonne_co2_equivalent
Slovenia,1995,18761.01803777,greenhouse_gas_ghgs_emissions_without_land_use_land_use_change_and_forestry_lulucf_in_kilotonne_co2_equivalent
European Union,1995,351343.564078907,nitrous_oxide_n2o_emissions_without_land_use_land_use_change_and_forestry_lulucf_in_kilotonne_co2_equivalent
Croatia,2012,18776.3813482483,carbon_dioxide_co2_emissions_without_land_use_land_use_change_and_forestry_lulucf_in_kilotonne_co2_equivalent
Slovenia,2001,62.458994001131,hydrofluorocarbons_hfcs_emissions_in_kilotonne_co2_equivalent
Ukraine,2009,53.9494937986483,perfluorocarbons_pfcs_emissions_in_kilotonne_co2_equivalent
Latvia,2010,12357.4686949319,greenhouse_gas_ghgs_emissions_without_land_use_land_use_change_and_forestry_lulucf_in_kilotonne_co2_equivalent
Poland,2013,393091.872196718,greenhouse_gas_ghgs_emissions_without_land_use_land_use_change_and_forestry_lulucf_in_kilotonne_co2_equivalent
Denmark,1996,8608.32097420401,methane_ch4_emissions_without_land_use_land_use_change_and_forestry_lulucf_in_kilotonne_co2_equivalent
Japan,2011,26071.1982844377,hydrofluorocarbons_hfcs_emissions_in_kilotonne_co2_equivalent
Netherlands,2002,1926.79578322871,hydrofluorocarbons_hfcs_emissions_in_kilotonne_co2_equivalent
Malta,2013,188.678404880364,methane_ch4_emissions_without_land_use_land_use_change_and_forestry_lulucf_in_kilotonne_co2_equivalent
Sweden,1996,5793.82868347548,nitrous_oxide_n2o_emissions_without_land_use_land_use_change_and_forestry_lulucf_in_kilotonne_co2_equivalent
Ireland,2000,397.75633,perfluorocarbons_pfcs_emissions_in_kilotonne_co2_equivalent
Romania,1990,254999.122937748,greenhouse_gas_ghgs_emissions_including_indirect_co2_without_lulucf_in_kilotonne_co2_equivalent
Australia,2000,111520.30955229,methane_ch4_emissions_without_land_use_land_use_change_and_forestry_lulucf_in_kilotonne_co2_equivalent
European Union,2008,510421.889519788,methane_ch4_emissions_without_land_use_land_use_change_and_forestry_lulucf_in_kilotonne_co2_equivalent
European Union,1993,17891.0518691425,perfluorocarbons_pfcs_emissions_in_kilotonne_co2_equivalent
Greece,2011,110.526125998605,perfluorocarbons_pfcs_emissions_in_kilotonne_co2_equivalent
Belgium,2010,7759.83441618082,nitrous_oxide_n2o_emissions_without_land_use_land_use_change_and_forestry_lulucf_in_kilotonne_co2_equivalent
Finland,2005,56912.3148929823,carbon_dioxide_co2_emissions_without_land_use_land_use_change_and_forestry_lulucf_in_kilotonne_co2_equivalent
Belgium,2010,1.3244,nitrogen_trifluoride_nf3_emissions_in_kilotonne_co2_equivalent
Liechtenstein,2008,9.1907279775217,hydrofluorocarbons_hfcs_emissions_in_kilotonne_co2_equivalent
Lithuania,2010,259.515570373161,hydrofluorocarbons_hfcs_emissions_in_kilotonne_co2_equivalent
Slovenia,2010,17.97173064,sulphur_hexafluoride_sf6_emissions_in_kilotonne_co2_equivalent
Greece,1992,1149.072,hydrofluorocarbons_hfcs_emissions_in_kilotonne_co2_equivalent
Czech Republic,2009,113970.029219436,carbon_dioxide_co2_emissions_without_land_use_land_use_change_and_forestry_lulucf_in_kilotonne_co2_equivalent
Belarus,2003,79158.718822027,greenhouse_gas_ghgs_emissions_including_indirect_co2_without_lulucf_in_kilotonne_co2_equivalent
Norway,2012,53872.3085295614,greenhouse_gas_ghgs_emissions_without_land_use_land_use_change_and_forestry_lulucf_in_kilotonne_co2_equivalent
Liechtenstein,1994,0.51373349741604,hydrofluorocarbons_hfcs_emissions_in_kilotonne_co2_equivalent
Finland,2009,55635.5827690138,carbon_dioxide_co2_emissions_without_land_use_land_use_change_and_forestry_lulucf_in_kilotonne_co2_equivalent
Slovakia,2013,42792.4788996332,greenhouse_gas_ghgs_emissions_including_indirect_co2_without_lulucf_in_kilotonne_co2_equivalent
Ireland,1992,43.857073447944,sulphur_hexafluoride_sf6_emissions_in_kilotonne_co2_equivalent
Ukraine,1999,437037.553867475,greenhouse_gas_ghgs_emissions_including_indirect_co2_without_lulucf_in_kilotonne_co2_equivalent
Cyprus,2011,274.70430521584,hydrofluorocarbons_hfcs_emissions_in_kilotonne_co2_equivalent
Portugal,2013,65752.0624456363,greenhouse_gas_ghgs_emissions_without_land_use_land_use_change_and_forestry_lulucf_in_kilotonne_co2_equivalent
Belarus,2004,10899.037111026,nitrous_oxide_n2o_emissions_without_land_use_land_use_change_and_forestry_lulucf_in_kilotonne_co2_equivalent
Australia,2002,2926.73045682085,hydrofluorocarbons_hfcs_emissions_in_kilotonne_co2_equivalent
United States of America,2002,110780.087009924,hydrofluorocarbons_hfcs_emissions_in_kilotonne_co2_equivalent
Ukraine,2000,413923.442159161,greenhouse_gas_ghgs_emissions_including_indirect_co2_without_lulucf_in_kilotonne_co2_equivalent
Hungary,2010,4054.66099691422,nitrous_oxide_n2o_emissions_without_land_use_land_use_change_and_forestry_lulucf_in_kilotonne_co2_equivalent
Greece,2006,111777.743714104,carbon_dioxide_co2_emissions_without_land_use_land_use_change_and_forestry_lulucf_in_kilotonne_co2_equivalent
France,2004,11754.871051028,hydrofluorocarbons_hfcs_emissions_in_kilotonne_co2_equivalent
Malta,2009,1.4968902012,sulphur_hexafluoride_sf6_emissions_in_kilotonne_co2_equivalent
New Zealand,2009,78624.7002877506,greenhouse_gas_ghgs_emissions_without_land_use_land_use_change_and_forestry_lulucf_in_kilotonne_co2_equivalent
Liechtenstein,2005,0.06563217816356,perfluorocarbons_pfcs_emissions_in_kilotonne_co2_equivalent
Iceland,2013,425.576789916525,nitrous_oxide_n2o_emissions_without_land_use_land_use_change_and_forestry_lulucf_in_kilotonne_co2_equivalent
Ireland,2010,33.075765865524,sulphur_hexafluoride_sf6_emissions_in_kilotonne_co2_equivalent
Cyprus,1991,704.35598565,methane_ch4_emissions_without_land_use_land_use_change_and_forestry_lulucf_in_kilotonne_co2_equivalent
Romania,2005,368.908308524474,hydrofluorocarbons_hfcs_emissions_in_kilotonne_co2_equivalent
Czech Republic,2000,3.94609471781817,perfluorocarbons_pfcs_emissions_in_kilotonne_co2_equivalent
Spain,1992,72.9423984456,sulphur_hexafluoride_sf6_emissions_in_kilotonne_co2_equivalent
Monaco,1991,0.224392584,sulphur_hexafluoride_sf6_emissions_in_kilotonne_co2_equivalent
Austria,2004,26.5396,nitrogen_trifluoride_nf3_emissions_in_kilotonne_co2_equivalent
European Union,2011,3789763.64094378,carbon_dioxide_co2_emissions_without_land_use_land_use_change_and_forestry_lulucf_in_kilotonne_co2_equivalent
Cyprus,1999,14.14401605844,hydrofluorocarbons_hfcs_emissions_in_kilotonne_co2_equivalent
Ireland,2007,68995.4570728592,greenhouse_gas_ghgs_emissions_without_land_use_land_use_change_and_forestry_lulucf_in_kilotonne_co2_equivalent
European Union,2000,4165145.4407136,carbon_dioxide_co2_emissions_without_land_use_land_use_change_and_forestry_lulucf_in_kilotonne_co2_equivalent
Portugal,2004,13521.2698686566,methane_ch4_emissions_without_land_use_land_use_change_and_forestry_lulucf_in_kilotonne_co2_equivalent
United States of America,2011,6865397.90299948,greenhouse_gas_ghgs_emissions_without_land_use_land_use_change_and_forestry_lulucf_in_kilotonne_co2_equivalent
Finland,2007,19.173863533092,sulphur_hexafluoride_sf6_emissions_in_kilotonne_co2_equivalent
United States of America,2012,631.9903120912,nitrogen_trifluoride_nf3_emissions_in_kilotonne_co2_equivalent
Ireland,1999,15104.358411834,methane_ch4_emissions_without_land_use_land_use_change_and_forestry_lulucf_in_kilotonne_co2_equivalent
Austria,2008,53.47136,nitrogen_trifluoride_nf3_emissions_in_kilotonne_co2_equivalent
Slovakia,1991,0.035112,sulphur_hexafluoride_sf6_emissions_in_kilotonne_co2_equivalent
Netherlands,1993,18310.8013829881,nitrous_oxide_n2o_emissions_without_land_use_land_use_change_and_forestry_lulucf_in_kilotonne_co2_equivalent
Estonia,2003,1233.42072726444,methane_ch4_emissions_without_land_use_land_use_change_and_forestry_lulucf_in_kilotonne_co2_equivalent
Belgium,2000,10352.8296876537,nitrous_oxide_n2o_emissions_without_land_use_land_use_change_and_forestry_lulucf_in_kilotonne_co2_equivalent
Estonia,1994,19626.4459432317,carbon_dioxide_co2_emissions_without_land_use_land_use_change_and_forestry_lulucf_in_kilotonne_co2_equivalent
Croatia,1995,2248.32964293429,nitrous_oxide_n2o_emissions_without_land_use_land_use_change_and_forestry_lulucf_in_kilotonne_co2_equivalent
Estonia,2008,744.691616284892,nitrous_oxide_n2o_emissions_without_land_use_land_use_change_and_forestry_lulucf_in_kilotonne_co2_equivalent
Romania,2000,9343.81071400135,nitrous_oxide_n2o_emissions_without_land_use_land_use_change_and_forestry_lulucf_in_kilotonne_co2_equivalent
Switzerland,2013,252.457248655056,sulphur_hexafluoride_sf6_emissions_in_kilotonne_co2_equivalent
Canada,2004,117419.386086716,methane_ch4_emissions_without_land_use_land_use_change_and_forestry_lulucf_in_kilotonne_co2_equivalent
Croatia,2013,577.71128114,hydrofluorocarbons_hfcs_emissions_in_kilotonne_co2_equivalent
France,1997,558839.49049853,greenhouse_gas_ghgs_emissions_including_indirect_co2_without_lulucf_in_kilotonne_co2_equivalent
Switzerland,2003,898.483975115933,hydrofluorocarbons_hfcs_emissions_in_kilotonne_co2_equivalent
Monaco,1995,1.26807228418025,methane_ch4_emissions_without_land_use_land_use_change_and_forestry_lulucf_in_kilotonne_co2_equivalent
Canada,1998,0.255090448,nitrogen_trifluoride_nf3_emissions_in_kilotonne_co2_equivalent
Germany,2007,12.0228,nitrogen_trifluoride_nf3_emissions_in_kilotonne_co2_equivalent
Belgium,2006,122319.593759433,carbon_dioxide_co2_emissions_without_land_use_land_use_change_and_forestry_lulucf_in_kilotonne_co2_equivalent
Slovakia,1990,61837.5667856109,carbon_dioxide_co2_emissions_without_land_use_land_use_change_and_forestry_lulucf_in_kilotonne_co2_equivalent
Netherlands,1992,134.04093652206,sulphur_hexafluoride_sf6_emissions_in_kilotonne_co2_equivalent
Japan,1994,13443.4618370949,perfluorocarbons_pfcs_emissions_in_kilotonne_co2_equivalent
Turkey,1993,786.58490637057,perfluorocarbons_pfcs_emissions_in_kilotonne_co2_equivalent
Russian Federation,2005,1278.36143064,sulphur_hexafluoride_sf6_emissions_in_kilotonne_co2_equivalent
Romania,1994,43060.8333223704,methane_ch4_emissions_without_land_use_land_use_change_and_forestry_lulucf_in_kilotonne_co2_equivalent
Iceland,2012,4550.40347978486,greenhouse_gas_ghgs_emissions_without_land_use_land_use_change_and_forestry_lulucf_in_kilotonne_co2_equivalent
Sweden,1999,549.653418284821,hydrofluorocarbons_hfcs_emissions_in_kilotonne_co2_equivalent
Finland,2008,71219.4402188768,greenhouse_gas_ghgs_emissions_without_land_use_land_use_change_and_forestry_lulucf_in_kilotonne_co2_equivalent
Switzerland,1990,116.515249727925,perfluorocarbons_pfcs_emissions_in_kilotonne_co2_equivalent
Latvia,1993,1784.12317840985,nitrous_oxide_n2o_emissions_without_land_use_land_use_change_and_forestry_lulucf_in_kilotonne_co2_equivalent
European Union,1990,10919.6996587874,sulphur_hexafluoride_sf6_emissions_in_kilotonne_co2_equivalent
Japan,1993,42802.5676779224,methane_ch4_emissions_without_land_use_land_use_change_and_forestry_lulucf_in_kilotonne_co2_equivalent
Luxembourg,1990,619.79720020077,methane_ch4_emissions_without_land_use_land_use_change_and_forestry_lulucf_in_kilotonne_co2_equivalent
Iceland,2003,564.314880165058,methane_ch4_emissions_without_land_use_land_use_change_and_forestry_lulucf_in_kilotonne_co2_equivalent
Greece,1993,6564.37569257449,nitrous_oxide_n2o_emissions_without_land_use_land_use_change_and_forestry_lulucf_in_kilotonne_co2_equivalent
Croatia,1997,24126.2737653358,greenhouse_gas_ghgs_emissions_including_indirect_co2_without_lulucf_in_kilotonne_co2_equivalent
Croatia,1990,1240.238592,perfluorocarbons_pfcs_emissions_in_kilotonne_co2_equivalent
Portugal,1997,12071.4136178801,methane_ch4_emissions_without_land_use_land_use_change_and_forestry_lulucf_in_kilotonne_co2_equivalent
United States of America,1999,5818972.3854139,carbon_dioxide_co2_emissions_without_land_use_land_use_change_and_forestry_lulucf_in_kilotonne_co2_equivalent
Poland,2011,7449.6134070928,hydrofluorocarbons_hfcs_emissions_in_kilotonne_co2_equivalent
Liechtenstein,2013,0.174648,sulphur_hexafluoride_sf6_emissions_in_kilotonne_co2_equivalent
Ukraine,1995,0.06773221764,sulphur_hexafluoride_sf6_emissions_in_kilotonne_co2_equivalent
New Zealand,1995,149.745,perfluorocarbons_pfcs_emissions_in_kilotonne_co2_equivalent
Turkey,2003,303694.424923634,greenhouse_gas_ghgs_emissions_without_land_use_land_use_change_and_forestry_lulucf_in_kilotonne_co2_equivalent
Austria,2008,87101.134677129,greenhouse_gas_ghgs_emissions_including_indirect_co2_without_lulucf_in_kilotonne_co2_equivalent
Malta,2001,132.208824495452,methane_ch4_emissions_without_land_use_land_use_change_and_forestry_lulucf_in_kilotonne_co2_equivalent
Switzerland,2008,2508.84417902805,nitrous_oxide_n2o_emissions_without_land_use_land_use_change_and_forestry_lulucf_in_kilotonne_co2_equivalent
Italy,2001,12.785666666696,nitrogen_trifluoride_nf3_emissions_in_kilotonne_co2_equivalent
Lithuania,1990,7006.655486476,methane_ch4_emissions_without_land_use_land_use_change_and_forestry_lulucf_in_kilotonne_co2_equivalent
Norway,1996,54411.0952561063,greenhouse_gas_ghgs_emissions_without_land_use_land_use_change_and_forestry_lulucf_in_kilotonne_co2_equivalent
Spain,1999,9815.80739130073,hydrofluorocarbons_hfcs_emissions_in_kilotonne_co2_equivalent
Turkey,2014,57137.7139091579,methane_ch4_emissions_without_land_use_land_use_change_and_forestry_lulucf_in_kilotonne_co2_equivalent
European Union,2000,11800.2915091444,perfluorocarbons_pfcs_emissions_in_kilotonne_co2_equivalent
Japan,2007,1210.1174562836,nitrogen_trifluoride_nf3_emissions_in_kilotonne_co2_equivalent
Denmark,2010,35.926658706,sulphur_hexafluoride_sf6_emissions_in_kilotonne_co2_equivalent
Romania,1995,0.97619568,sulphur_hexafluoride_sf6_emissions_in_kilotonne_co2_equivalent
Iceland,2011,4520.22086357683,greenhouse_gas_ghgs_emissions_without_land_use_land_use_change_and_forestry_lulucf_in_kilotonne_co2_equivalent
France,1991,69716.5189421919,methane_ch4_emissions_without_land_use_land_use_change_and_forestry_lulucf_in_kilotonne_co2_equivalent
Lithuania,2002,3879.03670913168,methane_ch4_emissions_without_land_use_land_use_change_and_forestry_lulucf_in_kilotonne_co2_equivalent
Romania,2013,1298.59486038888,hydrofluorocarbons_hfcs_emissions_in_kilotonne_co2_equivalent
Malta,2010,3098.80570626229,greenhouse_gas_ghgs_emissions_without_land_use_land_use_change_and_forestry_lulucf_in_kilotonne_co2_equivalent
Switzerland,2012,71.3265890284325,perfluorocarbons_pfcs_emissions_in_kilotonne_co2_equivalent
New Zealand,2006,838.0692772765,hydrofluorocarbons_hfcs_emissions_in_kilotonne_co2_equivalent
Croatia,2011,26773.8263390969,greenhouse_gas_ghgs_emissions_without_land_use_land_use_change_and_forestry_lulucf_in_kilotonne_co2_equivalent
Canada,1995,2275.1600333752,sulphur_hexafluoride_sf6_emissions_in_kilotonne_co2_equivalent
Estonia,2001,97.1867162081839,hydrofluorocarbons_hfcs_emissions_in_kilotonne_co2_equivalent
Iceland,2011,565.841700268254,methane_ch4_emissions_without_land_use_land_use_change_and_forestry_lulucf_in_kilotonne_co2_equivalent
Poland,1999,404031.189896818,greenhouse_gas_ghgs_emissions_without_land_use_land_use_change_and_forestry_lulucf_in_kilotonne_co2_equivalent
Austria,2006,7667.62887171686,methane_ch4_emissions_without_land_use_land_use_change_and_forestry_lulucf_in_kilotonne_co2_equivalent
Iceland,2002,566.717838493313,methane_ch4_emissions_without_land_use_land_use_change_and_forestry_lulucf_in_kilotonne_co2_equivalent
Netherlands,2011,200033.683495318,greenhouse_gas_ghgs_emissions_including_indirect_co2_without_lulucf_in_kilotonne_co2_equivalent
Sweden,2006,913.246501243013,hydrofluorocarbons_hfcs_emissions_in_kilotonne_co2_equivalent
Spain,2007,17598.5315520104,nitrous_oxide_n2o_emissions_without_land_use_land_use_change_and_forestry_lulucf_in_kilotonne_co2_equivalent
Malta,1996,114.735396897697,methane_ch4_emissions_without_land_use_land_use_change_and_forestry_lulucf_in_kilotonne_co2_equivalent
Belgium,1992,9858.6978618329,nitrous_oxide_n2o_emissions_without_land_use_land_use_change_and_forestry_lulucf_in_kilotonne_co2_equivalent
Germany,2011,61.206666636,nitrogen_trifluoride_nf3_emissions_in_kilotonne_co2_equivalent
Italy,2009,498894.655103401,greenhouse_gas_ghgs_emissions_without_land_use_land_use_change_and_forestry_lulucf_in_kilotonne_co2_equivalent
Russian Federation,2007,90272.1744880892,nitrous_oxide_n2o_emissions_without_land_use_land_use_change_and_forestry_lulucf_in_kilotonne_co2_equivalent
France,1993,541583.884470147,greenhouse_gas_ghgs_emissions_without_land_use_land_use_change_and_forestry_lulucf_in_kilotonne_co2_equivalent
Cyprus,1995,7046.93261063203,greenhouse_gas_ghgs_emissions_without_land_use_land_use_change_and_forestry_lulucf_in_kilotonne_co2_equivalent
Cyprus,1994,7103.13267836446,greenhouse_gas_ghgs_emissions_without_land_use_land_use_change_and_forestry_lulucf_in_kilotonne_co2_equivalent
Estonia,1993,20.0196946835335,hydrofluorocarbons_hfcs_emissions_in_kilotonne_co2_equivalent
Netherlands,1995,30736.1230802944,methane_ch4_emissions_without_land_use_land_use_change_and_forestry_lulucf_in_kilotonne_co2_equivalent
Latvia,2004,47.5387135790823,hydrofluorocarbons_hfcs_emissions_in_kilotonne_co2_equivalent
Hungary,2013,1.69134045297462,perfluorocarbons_pfcs_emissions_in_kilotonne_co2_equivalent
Greece,1999,6604.32412668112,nitrous_oxide_n2o_emissions_without_land_use_land_use_change_and_forestry_lulucf_in_kilotonne_co2_equivalent
Estonia,2005,621.450093321964,nitrous_oxide_n2o_emissions_without_land_use_land_use_change_and_forestry_lulucf_in_kilotonne_co2_equivalent
Italy,2004,50476.1196194394,methane_ch4_emissions_without_land_use_land_use_change_and_forestry_lulucf_in_kilotonne_co2_equivalent
Hungary,2014,1.96115768125132,perfluorocarbons_pfcs_emissions_in_kilotonne_co2_equivalent
Belgium,2004,128640.48346799,carbon_dioxide_co2_emissions_without_land_use_land_use_change_and_forestry_lulucf_in_kilotonne_co2_equivalent
Portugal,2010,71202.0176531149,greenhouse_gas_ghgs_emissions_without_land_use_land_use_change_and_forestry_lulucf_in_kilotonne_co2_equivalent
Malta,2008,111.708521589918,hydrofluorocarbons_hfcs_emissions_in_kilotonne_co2_equivalent
Malta,2012,200.930113967747,hydrofluorocarbons_hfcs_emissions_in_kilotonne_co2_equivalent
Switzerland,2000,143.787569289984,sulphur_hexafluoride_sf6_emissions_in_kilotonne_co2_equivalent
United States of America,1993,6566415.85639104,greenhouse_gas_ghgs_emissions_including_indirect_co2_without_lulucf_in_kilotonne_co2_equivalent
Canada,1995,45650.3327877802,nitrous_oxide_n2o_emissions_without_land_use_land_use_change_and_forestry_lulucf_in_kilotonne_co2_equivalent
Japan,2012,1390339.97259376,greenhouse_gas_ghgs_emissions_without_land_use_land_use_change_and_forestry_lulucf_in_kilotonne_co2_equivalent
Belgium,2012,1.118,nitrogen_trifluoride_nf3_emissions_in_kilotonne_co2_equivalent
Sweden,2004,6731.72214167272,methane_ch4_emissions_without_land_use_land_use_change_and_forestry_lulucf_in_kilotonne_co2_equivalent
Finland,2004,14.3909954,perfluorocarbons_pfcs_emissions_in_kilotonne_co2_equivalent
Canada,1990,7557.90185934868,perfluorocarbons_pfcs_emissions_in_kilotonne_co2_equivalent
New Zealand,1998,33956.0663275481,methane_ch4_emissions_without_land_use_land_use_change_and_forestry_lulucf_in_kilotonne_co2_equivalent
Slovakia,1991,64644.5332374833,greenhouse_gas_ghgs_emissions_without_land_use_land_use_change_and_forestry_lulucf_in_kilotonne_co2_equivalent
European Union,1990,25369.6620194011,perfluorocarbons_pfcs_emissions_in_kilotonne_co2_equivalent
Belarus,2008,1.25343,sulphur_hexafluoride_sf6_emissions_in_kilotonne_co2_equivalent
Germany,1992,287.5644590521,hydrofluorocarbons_hfcs_emissions_in_kilotonne_co2_equivalent
Russian Federation,2002,689309.206365057,methane_ch4_emissions_without_land_use_land_use_change_and_forestry_lulucf_in_kilotonne_co2_equivalent
Belgium,2013,6280.71600286632,nitrous_oxide_n2o_emissions_without_land_use_land_use_change_and_forestry_lulucf_in_kilotonne_co2_equivalent
Luxembourg,1992,617.188043702728,methane_ch4_emissions_without_land_use_land_use_change_and_forestry_lulucf_in_kilotonne_co2_equivalent
Finland,2013,5122.63476634708,methane_ch4_emissions_without_land_use_land_use_change_and_forestry_lulucf_in_kilotonne_co2_equivalent
France,1992,2349.2262525231,sulphur_hexafluoride_sf6_emissions_in_kilotonne_co2_equivalent
United States of America,2011,6865397.90299948,greenhouse_gas_ghgs_emissions_including_indirect_co2_without_lulucf_in_kilotonne_co2_equivalent
United Kingdom,1992,44530.6465906768,nitrous_oxide_n2o_emissions_without_land_use_land_use_change_and_forestry_lulucf_in_kilotonne_co2_equivalent
Slovakia,1994,43638.4901175531,carbon_dioxide_co2_emissions_without_land_use_land_use_change_and_forestry_lulucf_in_kilotonne_co2_equivalent
Germany,2008,853229.940752254,carbon_dioxide_co2_emissions_without_land_use_land_use_change_and_forestry_lulucf_in_kilotonne_co2_equivalent
Switzerland,1995,2703.57463993662,nitrous_oxide_n2o_emissions_without_land_use_land_use_change_and_forestry_lulucf_in_kilotonne_co2_equivalent
Netherlands,1991,17814.3101355604,nitrous_oxide_n2o_emissions_without_land_use_land_use_change_and_forestry_lulucf_in_kilotonne_co2_equivalent
Denmark,2013,55435.0429033332,greenhouse_gas_ghgs_emissions_including_indirect_co2_without_lulucf_in_kilotonne_co2_equivalent
Slovenia,1997,19794.466740047,greenhouse_gas_ghgs_emissions_including_indirect_co2_without_lulucf_in_kilotonne_co2_equivalent
Lithuania,2010,3672.49491174983,methane_ch4_emissions_without_land_use_land_use_change_and_forestry_lulucf_in_kilotonne_co2_equivalent
Australia,2000,190.65193539366,sulphur_hexafluoride_sf6_emissions_in_kilotonne_co2_equivalent
Japan,1999,24368.0585435245,hydrofluorocarbons_hfcs_emissions_in_kilotonne_co2_equivalent
Ireland,2011,6624.15270059031,nitrous_oxide_n2o_emissions_without_land_use_land_use_change_and_forestry_lulucf_in_kilotonne_co2_equivalent
Germany,2007,971998.326214991,greenhouse_gas_ghgs_emissions_without_land_use_land_use_change_and_forestry_lulucf_in_kilotonne_co2_equivalent
Croatia,2001,11.6927862,sulphur_hexafluoride_sf6_emissions_in_kilotonne_co2_equivalent
Luxembourg,2002,278.037182537339,nitrous_oxide_n2o_emissions_without_land_use_land_use_change_and_forestry_lulucf_in_kilotonne_co2_equivalent
Netherlands,1996,17701.233947839,nitrous_oxide_n2o_emissions_without_land_use_land_use_change_and_forestry_lulucf_in_kilotonne_co2_equivalent
Estonia,2013,206.458396470789,hydrofluorocarbons_hfcs_emissions_in_kilotonne_co2_equivalent
Finland,1992,0.273833,perfluorocarbons_pfcs_emissions_in_kilotonne_co2_equivalent
Ireland,2013,1070.05099048529,hydrofluorocarbons_hfcs_emissions_in_kilotonne_co2_equivalent
Austria,2003,549.44274524346,sulphur_hexafluoride_sf6_emissions_in_kilotonne_co2_equivalent
Austria,1997,82474.3920310851,greenhouse_gas_ghgs_emissions_including_indirect_co2_without_lulucf_in_kilotonne_co2_equivalent
Malta,1999,1.4652648,sulphur_hexafluoride_sf6_emissions_in_kilotonne_co2_equivalent
Germany,2014,234.23012791,perfluorocarbons_pfcs_emissions_in_kilotonne_co2_equivalent
Netherlands,2013,19166.6903667133,methane_ch4_emissions_without_land_use_land_use_change_and_forestry_lulucf_in_kilotonne_co2_equivalent
Iceland,2003,433.032514022133,nitrous_oxide_n2o_emissions_without_land_use_land_use_change_and_forestry_lulucf_in_kilotonne_co2_equivalent
Denmark,2005,5411.64556687349,nitrous_oxide_n2o_emissions_without_land_use_land_use_change_and_forestry_lulucf_in_kilotonne_co2_equivalent
Luxembourg,2009,49.6739784175824,hydrofluorocarbons_hfcs_emissions_in_kilotonne_co2_equivalent
Italy,2012,468717.915842693,greenhouse_gas_ghgs_emissions_without_land_use_land_use_change_and_forestry_lulucf_in_kilotonne_co2_equivalent
Latvia,2002,1988.24259225888,methane_ch4_emissions_without_land_use_land_use_change_and_forestry_lulucf_in_kilotonne_co2_equivalent
France,1994,2562.893673541,sulphur_hexafluoride_sf6_emissions_in_kilotonne_co2_equivalent
Portugal,2008,1569.10606682585,hydrofluorocarbons_hfcs_emissions_in_kilotonne_co2_equivalent
Luxembourg,2000,605.300360457794,methane_ch4_emissions_without_land_use_land_use_change_and_forestry_lulucf_in_kilotonne_co2_equivalent
Austria,2010,78.048961,perfluorocarbons_pfcs_emissions_in_kilotonne_co2_equivalent
Finland,2002,5676.41835284394,nitrous_oxide_n2o_emissions_without_land_use_land_use_change_and_forestry_lulucf_in_kilotonne_co2_equivalent
Netherlands,1991,229981.11534938,greenhouse_gas_ghgs_emissions_including_indirect_co2_without_lulucf_in_kilotonne_co2_equivalent
Ukraine,2009,87087.7692567806,methane_ch4_emissions_without_land_use_land_use_change_and_forestry_lulucf_in_kilotonne_co2_equivalent
Austria,2010,84946.0197097698,greenhouse_gas_ghgs_emissions_without_land_use_land_use_change_and_forestry_lulucf_in_kilotonne_co2_equivalent
Portugal,2011,69774.2213716337,greenhouse_gas_ghgs_emissions_including_indirect_co2_without_lulucf_in_kilotonne_co2_equivalent
Ukraine,2002,98.6552079088839,perfluorocarbons_pfcs_emissions_in_kilotonne_co2_equivalent
Estonia,2006,154.56619902732,hydrofluorocarbons_hfcs_emissions_in_kilotonne_co2_equivalent
Romania,2012,7138.0604970156,nitrous_oxide_n2o_emissions_without_land_use_land_use_change_and_forestry_lulucf_in_kilotonne_co2_equivalent
United Kingdom,1999,29354.6780165537,nitrous_oxide_n2o_emissions_without_land_use_land_use_change_and_forestry_lulucf_in_kilotonne_co2_equivalent
Latvia,1996,12908.4610704903,greenhouse_gas_ghgs_emissions_including_indirect_co2_without_lulucf_in_kilotonne_co2_equivalent
Norway,2014,53190.6071843461,greenhouse_gas_ghgs_emissions_including_indirect_co2_without_lulucf_in_kilotonne_co2_equivalent
Greece,2000,122.260247232,perfluorocarbons_pfcs_emissions_in_kilotonne_co2_equivalent
Hungary,2000,8957.81834187386,methane_ch4_emissions_without_land_use_land_use_change_and_forestry_lulucf_in_kilotonne_co2_equivalent
Italy,2012,20045.1331829963,nitrous_oxide_n2o_emissions_without_land_use_land_use_change_and_forestry_lulucf_in_kilotonne_co2_equivalent
Italy,1999,459840.64226897,carbon_dioxide_co2_emissions_without_land_use_land_use_change_and_forestry_lulucf_in_kilotonne_co2_equivalent
Turkey,1990,692.7671315344,perfluorocarbons_pfcs_emissions_in_kilotonne_co2_equivalent
Iceland,2007,74.0507553989458,hydrofluorocarbons_hfcs_emissions_in_kilotonne_co2_equivalent
Greece,2011,4661.65509784493,hydrofluorocarbons_hfcs_emissions_in_kilotonne_co2_equivalent
France,2008,765.668792524516,perfluorocarbons_pfcs_emissions_in_kilotonne_co2_equivalent
Romania,2009,7310.85975392882,nitrous_oxide_n2o_emissions_without_land_use_land_use_change_and_forestry_lulucf_in_kilotonne_co2_equivalent
Austria,2014,64262.5639931315,carbon_dioxide_co2_emissions_without_land_use_land_use_change_and_forestry_lulucf_in_kilotonne_co2_equivalent
Germany,2002,3087.040280256,sulphur_hexafluoride_sf6_emissions_in_kilotonne_co2_equivalent
Greece,2003,131655.183439536,greenhouse_gas_ghgs_emissions_without_land_use_land_use_change_and_forestry_lulucf_in_kilotonne_co2_equivalent
Czech Republic,2006,937.230360912863,hydrofluorocarbons_hfcs_emissions_in_kilotonne_co2_equivalent
Japan,2011,1354616.00721129,greenhouse_gas_ghgs_emissions_including_indirect_co2_without_lulucf_in_kilotonne_co2_equivalent
Portugal,1997,15.459282871632,sulphur_hexafluoride_sf6_emissions_in_kilotonne_co2_equivalent
United States of America,2008,396777.08976209,nitrous_oxide_n2o_emissions_without_land_use_land_use_change_and_forestry_lulucf_in_kilotonne_co2_equivalent
Russian Federation,1991,34229.660541312,hydrofluorocarbons_hfcs_emissions_in_kilotonne_co2_equivalent
France,1990,4402.19994328629,hydrofluorocarbons_hfcs_emissions_in_kilotonne_co2_equivalent
Turkey,2009,310580.701035275,carbon_dioxide_co2_emissions_without_land_use_land_use_change_and_forestry_lulucf_in_kilotonne_co2_equivalent
Malta,2007,3176.82792351988,greenhouse_gas_ghgs_emissions_without_land_use_land_use_change_and_forestry_lulucf_in_kilotonne_co2_equivalent
Russian Federation,1990,3767555.04426468,greenhouse_gas_ghgs_emissions_including_indirect_co2_without_lulucf_in_kilotonne_co2_equivalent
Denmark,2006,5389.35753047604,nitrous_oxide_n2o_emissions_without_land_use_land_use_change_and_forestry_lulucf_in_kilotonne_co2_equivalent
Liechtenstein,2011,0.06064807197405,perfluorocarbons_pfcs_emissions_in_kilotonne_co2_equivalent
United States of America,2006,12764.3230125319,sulphur_hexafluoride_sf6_emissions_in_kilotonne_co2_equivalent
Ukraine,1999,25236.4015179279,nitrous_oxide_n2o_emissions_without_land_use_land_use_change_and_forestry_lulucf_in_kilotonne_co2_equivalent
Poland,1999,168.71333572425,perfluorocarbons_pfcs_emissions_in_kilotonne_co2_equivalent
Austria,2011,82626.6380188969,greenhouse_gas_ghgs_emissions_including_indirect_co2_without_lulucf_in_kilotonne_co2_equivalent
Czech Republic,2000,203.987622542034,hydrofluorocarbons_hfcs_emissions_in_kilotonne_co2_equivalent
European Union,1996,69.4206446022,nitrogen_trifluoride_nf3_emissions_in_kilotonne_co2_equivalent
Czech Republic,2005,12.7351649519389,perfluorocarbons_pfcs_emissions_in_kilotonne_co2_equivalent
Luxembourg,2008,267.234508701033,nitrous_oxide_n2o_emissions_without_land_use_land_use_change_and_forestry_lulucf_in_kilotonne_co2_equivalent
Turkey,2007,1713.19300956487,hydrofluorocarbons_hfcs_emissions_in_kilotonne_co2_equivalent
Cyprus,1995,5848.043785196,carbon_dioxide_co2_emissions_without_land_use_land_use_change_and_forestry_lulucf_in_kilotonne_co2_equivalent
Malta,1996,2329.18169821771,carbon_dioxide_co2_emissions_without_land_use_land_use_change_and_forestry_lulucf_in_kilotonne_co2_equivalent
Denmark,2011,908.385404005149,hydrofluorocarbons_hfcs_emissions_in_kilotonne_co2_equivalent
Australia,1995,1004.03211082861,hydrofluorocarbons_hfcs_emissions_in_kilotonne_co2_equivalent
Latvia,2012,190.207896850381,hydrofluorocarbons_hfcs_emissions_in_kilotonne_co2_equivalent
Romania,1996,2052.54651,perfluorocarbons_pfcs_emissions_in_kilotonne_co2_equivalent
Denmark,1991,8279.66224670937,methane_ch4_emissions_without_land_use_land_use_change_and_forestry_lulucf_in_kilotonne_co2_equivalent
United States of America,1997,3904.524176,unspecified_mix_of_hydrofluorocarbons_hfcs_and_perfluorocarbons_pfcs_emissions_in_kilotonne_co2_equivalent
Cyprus,2005,9307.98055927861,greenhouse_gas_ghgs_emissions_without_land_use_land_use_change_and_forestry_lulucf_in_kilotonne_co2_equivalent
Norway,2000,891.414097111176,sulphur_hexafluoride_sf6_emissions_in_kilotonne_co2_equivalent
Netherlands,2006,1862.2158477285,hydrofluorocarbons_hfcs_emissions_in_kilotonne_co2_equivalent
Switzerland,1991,46144.809538993,carbon_dioxide_co2_emissions_without_land_use_land_use_change_and_forestry_lulucf_in_kilotonne_co2_equivalent
New Zealand,1994,27879.0592141093,carbon_dioxide_co2_emissions_without_land_use_land_use_change_and_forestry_lulucf_in_kilotonne_co2_equivalent
Hungary,2010,98.720902832496,sulphur_hexafluoride_sf6_emissions_in_kilotonne_co2_equivalent
Slovenia,2012,291.47582668555,hydrofluorocarbons_hfcs_emissions_in_kilotonne_co2_equivalent
Portugal,2008,78598.9029025128,greenhouse_gas_ghgs_emissions_without_land_use_land_use_change_and_forestry_lulucf_in_kilotonne_co2_equivalent
Latvia,1996,12876.015337941,greenhouse_gas_ghgs_emissions_without_land_use_land_use_change_and_forestry_lulucf_in_kilotonne_co2_equivalent
United Kingdom,2011,15235.3118308039,hydrofluorocarbons_hfcs_emissions_in_kilotonne_co2_equivalent
Austria,2007,74268.1107226333,carbon_dioxide_co2_emissions_without_land_use_land_use_change_and_forestry_lulucf_in_kilotonne_co2_equivalent
Hungary,1991,323.59787259829,perfluorocarbons_pfcs_emissions_in_kilotonne_co2_equivalent
United States of America,1998,107654.320599012,hydrofluorocarbons_hfcs_emissions_in_kilotonne_co2_equivalent
Sweden,1997,322.873370033352,perfluorocarbons_pfcs_emissions_in_kilotonne_co2_equivalent
Netherlands,1990,222182.482223075,greenhouse_gas_ghgs_emissions_including_indirect_co2_without_lulucf_in_kilotonne_co2_equivalent
Poland,1994,443218.560379242,greenhouse_gas_ghgs_emissions_without_land_use_land_use_change_and_forestry_lulucf_in_kilotonne_co2_equivalent
Cyprus,1990,5624.6499220004,greenhouse_gas_ghgs_emissions_without_land_use_land_use_change_and_forestry_lulucf_in_kilotonne_co2_equivalent
Norway,2008,806.139552937448,hydrofluorocarbons_hfcs_emissions_in_kilotonne_co2_equivalent
Russian Federation,1996,13611.0757080152,hydrofluorocarbons_hfcs_emissions_in_kilotonne_co2_equivalent
Belgium,2011,225.503225953068,perfluorocarbons_pfcs_emissions_in_kilotonne_co2_equivalent
Netherlands,2004,370.479202250001,perfluorocarbons_pfcs_emissions_in_kilotonne_co2_equivalent
Hungary,2008,108.213700294104,sulphur_hexafluoride_sf6_emissions_in_kilotonne_co2_equivalent
Sweden,1999,7404.10061602602,methane_ch4_emissions_without_land_use_land_use_change_and_forestry_lulucf_in_kilotonne_co2_equivalent
Norway,2014,1187.55106145532,hydrofluorocarbons_hfcs_emissions_in_kilotonne_co2_equivalent
Germany,2010,36952.5090330272,nitrous_oxide_n2o_emissions_without_land_use_land_use_change_and_forestry_lulucf_in_kilotonne_co2_equivalent
Croatia,2004,347.888372,hydrofluorocarbons_hfcs_emissions_in_kilotonne_co2_equivalent
Bulgaria,1993,5222.4745987816,nitrous_oxide_n2o_emissions_without_land_use_land_use_change_and_forestry_lulucf_in_kilotonne_co2_equivalent
Monaco,2006,3.49545528125816,nitrous_oxide_n2o_emissions_without_land_use_land_use_change_and_forestry_lulucf_in_kilotonne_co2_equivalent
Slovenia,2004,130.198036732986,hydrofluorocarbons_hfcs_emissions_in_kilotonne_co2_equivalent
Estonia,2010,19911.6818808835,greenhouse_gas_ghgs_emissions_without_land_use_land_use_change_and_forestry_lulucf_in_kilotonne_co2_equivalent
Belgium,1996,2059.62390688042,sulphur_hexafluoride_sf6_emissions_in_kilotonne_co2_equivalent
Germany,2012,926338.361640261,greenhouse_gas_ghgs_emissions_including_indirect_co2_without_lulucf_in_kilotonne_co2_equivalent
Norway,1999,42691.7563679429,carbon_dioxide_co2_emissions_without_land_use_land_use_change_and_forestry_lulucf_in_kilotonne_co2_equivalent
Cyprus,1995,797.53350701,methane_ch4_emissions_without_land_use_land_use_change_and_forestry_lulucf_in_kilotonne_co2_equivalent
Germany,1994,6.88,nitrogen_trifluoride_nf3_emissions_in_kilotonne_co2_equivalent
Japan,1991,14206.0423489773,sulphur_hexafluoride_sf6_emissions_in_kilotonne_co2_equivalent
United Kingdom,1994,611.395678830763,perfluorocarbons_pfcs_emissions_in_kilotonne_co2_equivalent
Greece,1990,7402.64281402762,nitrous_oxide_n2o_emissions_without_land_use_land_use_change_and_forestry_lulucf_in_kilotonne_co2_equivalent
Latvia,2009,1944.00369228414,methane_ch4_emissions_without_land_use_land_use_change_and_forestry_lulucf_in_kilotonne_co2_equivalent
Ireland,2004,65.342058738444,sulphur_hexafluoride_sf6_emissions_in_kilotonne_co2_equivalent
Netherlands,2014,157789.581719585,carbon_dioxide_co2_emissions_without_land_use_land_use_change_and_forestry_lulucf_in_kilotonne_co2_equivalent
Iceland,1997,548.487618181255,methane_ch4_emissions_without_land_use_land_use_change_and_forestry_lulucf_in_kilotonne_co2_equivalent
Romania,1996,4.72378228524326,hydrofluorocarbons_hfcs_emissions_in_kilotonne_co2_equivalent
Romania,1997,175492.32678625,greenhouse_gas_ghgs_emissions_including_indirect_co2_without_lulucf_in_kilotonne_co2_equivalent
Denmark,1992,85.1637,sulphur_hexafluoride_sf6_emissions_in_kilotonne_co2_equivalent
Ukraine,2001,0.463154811684,sulphur_hexafluoride_sf6_emissions_in_kilotonne_co2_equivalent
Austria,1990,470.6083777302,sulphur_hexafluoride_sf6_emissions_in_kilotonne_co2_equivalent
Belgium,2011,2.47508,nitrogen_trifluoride_nf3_emissions_in_kilotonne_co2_equivalent
Belgium,2012,118761.338189887,greenhouse_gas_ghgs_emissions_without_land_use_land_use_change_and_forestry_lulucf_in_kilotonne_co2_equivalent
Bulgaria,1995,4.896833536644,sulphur_hexafluoride_sf6_emissions_in_kilotonne_co2_equivalent
Belgium,2011,122833.395512317,greenhouse_gas_ghgs_emissions_without_land_use_land_use_change_and_forestry_lulucf_in_kilotonne_co2_equivalent
Canada,1998,120647.45834463,methane_ch4_emissions_without_land_use_land_use_change_and_forestry_lulucf_in_kilotonne_co2_equivalent
Slovakia,2008,5120.15578648425,methane_ch4_emissions_without_land_use_land_use_change_and_forestry_lulucf_in_kilotonne_co2_equivalent
Italy,1990,521920.60052839,greenhouse_gas_ghgs_emissions_including_indirect_co2_without_lulucf_in_kilotonne_co2_equivalent
Ireland,1997,15348.9427625121,methane_ch4_emissions_without_land_use_land_use_change_and_forestry_lulucf_in_kilotonne_co2_equivalent
Estonia,1996,34.5582801517728,hydrofluorocarbons_hfcs_emissions_in_kilotonne_co2_equivalent
United Kingdom,1991,1318.53752482115,sulphur_hexafluoride_sf6_emissions_in_kilotonne_co2_equivalent
Germany,2009,788422.437923384,carbon_dioxide_co2_emissions_without_land_use_land_use_change_and_forestry_lulucf_in_kilotonne_co2_equivalent
Hungary,2002,74153.5781963387,greenhouse_gas_ghgs_emissions_including_indirect_co2_without_lulucf_in_kilotonne_co2_equivalent
France,2011,636.210690386028,sulphur_hexafluoride_sf6_emissions_in_kilotonne_co2_equivalent
Croatia,2011,563.133823,hydrofluorocarbons_hfcs_emissions_in_kilotonne_co2_equivalent
Poland,2002,21318.7063987095,nitrous_oxide_n2o_emissions_without_land_use_land_use_change_and_forestry_lulucf_in_kilotonne_co2_equivalent
Cyprus,2009,356.5110335,nitrous_oxide_n2o_emissions_without_land_use_land_use_change_and_forestry_lulucf_in_kilotonne_co2_equivalent
Poland,2011,403271.359627781,greenhouse_gas_ghgs_emissions_including_indirect_co2_without_lulucf_in_kilotonne_co2_equivalent
Finland,2006,5725.75086732767,nitrous_oxide_n2o_emissions_without_land_use_land_use_change_and_forestry_lulucf_in_kilotonne_co2_equivalent
Monaco,1996,2.91706098052766,nitrous_oxide_n2o_emissions_without_land_use_land_use_change_and_forestry_lulucf_in_kilotonne_co2_equivalent
Poland,1990,472995.97389518,greenhouse_gas_ghgs_emissions_including_indirect_co2_without_lulucf_in_kilotonne_co2_equivalent
Canada,1992,625134.003492663,greenhouse_gas_ghgs_emissions_including_indirect_co2_without_lulucf_in_kilotonne_co2_equivalent
Slovenia,2009,19595.3672464151,greenhouse_gas_ghgs_emissions_including_indirect_co2_without_lulucf_in_kilotonne_co2_equivalent
Malta,1994,2483.68564592841,greenhouse_gas_ghgs_emissions_without_land_use_land_use_change_and_forestry_lulucf_in_kilotonne_co2_equivalent
Bulgaria,2013,1277.85761926218,hydrofluorocarbons_hfcs_emissions_in_kilotonne_co2_equivalent
United States of America,1996,6949838.00415347,greenhouse_gas_ghgs_emissions_including_indirect_co2_without_lulucf_in_kilotonne_co2_equivalent
United States of America,2007,7422207.96295139,greenhouse_gas_ghgs_emissions_including_indirect_co2_without_lulucf_in_kilotonne_co2_equivalent
Slovakia,1994,0.1958936,hydrofluorocarbons_hfcs_emissions_in_kilotonne_co2_equivalent
Cyprus,2014,320.54079856597,hydrofluorocarbons_hfcs_emissions_in_kilotonne_co2_equivalent
Germany,2012,57647.4129377664,methane_ch4_emissions_without_land_use_land_use_change_and_forestry_lulucf_in_kilotonne_co2_equivalent
Belarus,2009,89223.65625899,greenhouse_gas_ghgs_emissions_without_land_use_land_use_change_and_forestry_lulucf_in_kilotonne_co2_equivalent
Greece,1993,84263.0078976228,carbon_dioxide_co2_emissions_without_land_use_land_use_change_and_forestry_lulucf_in_kilotonne_co2_equivalent
Poland,1998,415621.321964273,greenhouse_gas_ghgs_emissions_without_land_use_land_use_change_and_forestry_lulucf_in_kilotonne_co2_equivalent
Luxembourg,2009,6.494876269584,sulphur_hexafluoride_sf6_emissions_in_kilotonne_co2_equivalent
Australia,2014,98076.1094012298,methane_ch4_emissions_without_land_use_land_use_change_and_forestry_lulucf_in_kilotonne_co2_equivalent
Monaco,2012,4.42665457510988,nitrous_oxide_n2o_emissions_without_land_use_land_use_change_and_forestry_lulucf_in_kilotonne_co2_equivalent
United Kingdom,1993,135765.417974994,methane_ch4_emissions_without_land_use_land_use_change_and_forestry_lulucf_in_kilotonne_co2_equivalent
Ireland,1994,58450.5970202985,greenhouse_gas_ghgs_emissions_including_indirect_co2_without_lulucf_in_kilotonne_co2_equivalent
Greece,2002,6172.35756103089,nitrous_oxide_n2o_emissions_without_land_use_land_use_change_and_forestry_lulucf_in_kilotonne_co2_equivalent
France,2010,519972.333135512,greenhouse_gas_ghgs_emissions_including_indirect_co2_without_lulucf_in_kilotonne_co2_equivalent
Ukraine,1990,693024.76655995,carbon_dioxide_co2_emissions_without_land_use_land_use_change_and_forestry_lulucf_in_kilotonne_co2_equivalent
Liechtenstein,2000,248.174546686285,greenhouse_gas_ghgs_emissions_without_land_use_land_use_change_and_forestry_lulucf_in_kilotonne_co2_equivalent
Austria,2011,307.348685361924,sulphur_hexafluoride_sf6_emissions_in_kilotonne_co2_equivalent
Russian Federation,2004,2471236.40549359,greenhouse_gas_ghgs_emissions_without_land_use_land_use_change_and_forestry_lulucf_in_kilotonne_co2_equivalent
Austria,1994,70.956369,perfluorocarbons_pfcs_emissions_in_kilotonne_co2_equivalent
Malta,2009,3073.96151644768,greenhouse_gas_ghgs_emissions_including_indirect_co2_without_lulucf_in_kilotonne_co2_equivalent
Ireland,2010,12632.7938618075,methane_ch4_emissions_without_land_use_land_use_change_and_forestry_lulucf_in_kilotonne_co2_equivalent
Italy,2014,11977.713702619,hydrofluorocarbons_hfcs_emissions_in_kilotonne_co2_equivalent
Bulgaria,2007,3813.99986008563,nitrous_oxide_n2o_emissions_without_land_use_land_use_change_and_forestry_lulucf_in_kilotonne_co2_equivalent
Liechtenstein,2000,4.10347221113633,hydrofluorocarbons_hfcs_emissions_in_kilotonne_co2_equivalent
Greece,2005,6.156,sulphur_hexafluoride_sf6_emissions_in_kilotonne_co2_equivalent
Denmark,2005,51307.2445174626,carbon_dioxide_co2_emissions_without_land_use_land_use_change_and_forestry_lulucf_in_kilotonne_co2_equivalent
Belgium,1999,11071.1025909106,nitrous_oxide_n2o_emissions_without_land_use_land_use_change_and_forestry_lulucf_in_kilotonne_co2_equivalent
Poland,2001,1839.66585225867,hydrofluorocarbons_hfcs_emissions_in_kilotonne_co2_equivalent
Austria,1993,10073.8331987497,methane_ch4_emissions_without_land_use_land_use_change_and_forestry_lulucf_in_kilotonne_co2_equivalent
Poland,1997,373.92872266228,hydrofluorocarbons_hfcs_emissions_in_kilotonne_co2_equivalent
Croatia,2011,2356.55447754079,nitrous_oxide_n2o_emissions_without_land_use_land_use_change_and_forestry_lulucf_in_kilotonne_co2_equivalent
Switzerland,2010,2524.07745003776,nitrous_oxide_n2o_emissions_without_land_use_land_use_change_and_forestry_lulucf_in_kilotonne_co2_equivalent
Turkey,2014,467550.376938556,greenhouse_gas_ghgs_emissions_including_indirect_co2_without_lulucf_in_kilotonne_co2_equivalent
France,1990,2221.76578319338,sulphur_hexafluoride_sf6_emissions_in_kilotonne_co2_equivalent
Lithuania,2014,0.291368,nitrogen_trifluoride_nf3_emissions_in_kilotonne_co2_equivalent
Iceland,1998,43.211936923695,hydrofluorocarbons_hfcs_emissions_in_kilotonne_co2_equivalent
Malta,1991,2189.15593364156,greenhouse_gas_ghgs_emissions_without_land_use_land_use_change_and_forestry_lulucf_in_kilotonne_co2_equivalent
Spain,1993,1065.87726971838,perfluorocarbons_pfcs_emissions_in_kilotonne_co2_equivalent
Czech Republic,2013,128972.774339361,greenhouse_gas_ghgs_emissions_without_land_use_land_use_change_and_forestry_lulucf_in_kilotonne_co2_equivalent
Austria,2007,87241.1545305627,greenhouse_gas_ghgs_emissions_including_indirect_co2_without_lulucf_in_kilotonne_co2_equivalent
Slovakia,2011,20.1059625382802,perfluorocarbons_pfcs_emissions_in_kilotonne_co2_equivalent
Romania,1995,128587.003639727,carbon_dioxide_co2_emissions_without_land_use_land_use_change_and_forestry_lulucf_in_kilotonne_co2_equivalent
Ireland,2013,13224.5004360501,methane_ch4_emissions_without_land_use_land_use_change_and_forestry_lulucf_in_kilotonne_co2_equivalent
Germany,2008,565.999678438,perfluorocarbons_pfcs_emissions_in_kilotonne_co2_equivalent
European Union,2003,10162.3007913942,perfluorocarbons_pfcs_emissions_in_kilotonne_co2_equivalent
France,2000,2379.76531515877,sulphur_hexafluoride_sf6_emissions_in_kilotonne_co2_equivalent
Slovenia,2000,15460.154173141,carbon_dioxide_co2_emissions_without_land_use_land_use_change_and_forestry_lulucf_in_kilotonne_co2_equivalent
Hungary,2000,73556.6927025833,greenhouse_gas_ghgs_emissions_without_land_use_land_use_change_and_forestry_lulucf_in_kilotonne_co2_equivalent
Romania,1996,131939.69450211,carbon_dioxide_co2_emissions_without_land_use_land_use_change_and_forestry_lulucf_in_kilotonne_co2_equivalent
Germany,2003,8102.16179231695,hydrofluorocarbons_hfcs_emissions_in_kilotonne_co2_equivalent
Finland,1996,77446.1272704028,greenhouse_gas_ghgs_emissions_without_land_use_land_use_change_and_forestry_lulucf_in_kilotonne_co2_equivalent
Russian Federation,2010,3633.2058817232,perfluorocarbons_pfcs_emissions_in_kilotonne_co2_equivalent
Belgium,1994,495.789565242139,hydrofluorocarbons_hfcs_emissions_in_kilotonne_co2_equivalent
Denmark,2010,18.672612787802,perfluorocarbons_pfcs_emissions_in_kilotonne_co2_equivalent
European Union,2009,254094.405670615,nitrous_oxide_n2o_emissions_without_land_use_land_use_change_and_forestry_lulucf_in_kilotonne_co2_equivalent
Czech Republic,1999,140428.949751359,greenhouse_gas_ghgs_emissions_including_indirect_co2_without_lulucf_in_kilotonne_co2_equivalent
Greece,2012,11249.2097049828,methane_ch4_emissions_without_land_use_land_use_change_and_forestry_lulucf_in_kilotonne_co2_equivalent
Monaco,2003,0.122288256,sulphur_hexafluoride_sf6_emissions_in_kilotonne_co2_equivalent
Russian Federation,2013,89940.2264159072,nitrous_oxide_n2o_emissions_without_land_use_land_use_change_and_forestry_lulucf_in_kilotonne_co2_equivalent
Monaco,1990,1.64555106483988,nitrous_oxide_n2o_emissions_without_land_use_land_use_change_and_forestry_lulucf_in_kilotonne_co2_equivalent
Cyprus,2010,9571.65722046227,greenhouse_gas_ghgs_emissions_including_indirect_co2_without_lulucf_in_kilotonne_co2_equivalent
United States of America,1992,776869.789751931,methane_ch4_emissions_without_land_use_land_use_change_and_forestry_lulucf_in_kilotonne_co2_equivalent
Belarus,2012,60636.851387067,carbon_dioxide_co2_emissions_without_land_use_land_use_change_and_forestry_lulucf_in_kilotonne_co2_equivalent
Netherlands,2011,7855.24805918649,nitrous_oxide_n2o_emissions_without_land_use_land_use_change_and_forestry_lulucf_in_kilotonne_co2_equivalent
Slovakia,1991,3999.47283837756,nitrous_oxide_n2o_emissions_without_land_use_land_use_change_and_forestry_lulucf_in_kilotonne_co2_equivalent
Croatia,2005,23451.8458466746,carbon_dioxide_co2_emissions_without_land_use_land_use_change_and_forestry_lulucf_in_kilotonne_co2_equivalent
Japan,1992,32.888772785924,nitrogen_trifluoride_nf3_emissions_in_kilotonne_co2_equivalent
Latvia,2001,11060.0802288106,greenhouse_gas_ghgs_emissions_including_indirect_co2_without_lulucf_in_kilotonne_co2_equivalent
Latvia,1999,11037.6382632983,greenhouse_gas_ghgs_emissions_including_indirect_co2_without_lulucf_in_kilotonne_co2_equivalent
Russian Federation,2003,737661.372592713,methane_ch4_emissions_without_land_use_land_use_change_and_forestry_lulucf_in_kilotonne_co2_equivalent
Sweden,2002,301.112250057419,perfluorocarbons_pfcs_emissions_in_kilotonne_co2_equivalent
Slovakia,2006,3515.89052371799,nitrous_oxide_n2o_emissions_without_land_use_land_use_change_and_forestry_lulucf_in_kilotonne_co2_equivalent
Russian Federation,2004,18416.2198323824,hydrofluorocarbons_hfcs_emissions_in_kilotonne_co2_equivalent
Spain,2013,213.8560656,sulphur_hexafluoride_sf6_emissions_in_kilotonne_co2_equivalent
Romania,2008,143548.868953372,greenhouse_gas_ghgs_emissions_without_land_use_land_use_change_and_forestry_lulucf_in_kilotonne_co2_equivalent
Iceland,2003,2792.72313185368,carbon_dioxide_co2_emissions_without_land_use_land_use_change_and_forestry_lulucf_in_kilotonne_co2_equivalent
Germany,2000,43274.075126665,nitrous_oxide_n2o_emissions_without_land_use_land_use_change_and_forestry_lulucf_in_kilotonne_co2_equivalent
Slovakia,2009,441.626979457085,hydrofluorocarbons_hfcs_emissions_in_kilotonne_co2_equivalent
Latvia,2000,10460.6847806777,greenhouse_gas_ghgs_emissions_including_indirect_co2_without_lulucf_in_kilotonne_co2_equivalent
Poland,2006,411535.543517724,greenhouse_gas_ghgs_emissions_without_land_use_land_use_change_and_forestry_lulucf_in_kilotonne_co2_equivalent
Czech Republic,2005,112.32147139974,sulphur_hexafluoride_sf6_emissions_in_kilotonne_co2_equivalent
Switzerland,2000,2561.19625361253,nitrous_oxide_n2o_emissions_without_land_use_land_use_change_and_forestry_lulucf_in_kilotonne_co2_equivalent
Sweden,1992,5557.16625731658,nitrous_oxide_n2o_emissions_without_land_use_land_use_change_and_forestry_lulucf_in_kilotonne_co2_equivalent
Switzerland,1990,44115.5340859731,carbon_dioxide_co2_emissions_without_land_use_land_use_change_and_forestry_lulucf_in_kilotonne_co2_equivalent
Cyprus,2000,8326.88573407511,greenhouse_gas_ghgs_emissions_including_indirect_co2_without_lulucf_in_kilotonne_co2_equivalent
Sweden,2010,64997.0873748557,greenhouse_gas_ghgs_emissions_without_land_use_land_use_change_and_forestry_lulucf_in_kilotonne_co2_equivalent
Finland,1995,71644.301372275,greenhouse_gas_ghgs_emissions_without_land_use_land_use_change_and_forestry_lulucf_in_kilotonne_co2_equivalent
Belgium,2013,1.24184,nitrogen_trifluoride_nf3_emissions_in_kilotonne_co2_equivalent
Austria,1998,869.88236663436,sulphur_hexafluoride_sf6_emissions_in_kilotonne_co2_equivalent
Iceland,1991,3463.43779029116,greenhouse_gas_ghgs_emissions_including_indirect_co2_without_lulucf_in_kilotonne_co2_equivalent
Ireland,1991,15060.9463728375,methane_ch4_emissions_without_land_use_land_use_change_and_forestry_lulucf_in_kilotonne_co2_equivalent
Cyprus,2004,914.7121712975,methane_ch4_emissions_without_land_use_land_use_change_and_forestry_lulucf_in_kilotonne_co2_equivalent
Greece,1990,104716.492083172,greenhouse_gas_ghgs_emissions_without_land_use_land_use_change_and_forestry_lulucf_in_kilotonne_co2_equivalent
France,1997,2697.74004238198,sulphur_hexafluoride_sf6_emissions_in_kilotonne_co2_equivalent
Germany,1993,2256.3898262972,perfluorocarbons_pfcs_emissions_in_kilotonne_co2_equivalent
Bulgaria,2007,8.81427942954,sulphur_hexafluoride_sf6_emissions_in_kilotonne_co2_equivalent
Belarus,1995,80369.782345399,greenhouse_gas_ghgs_emissions_without_land_use_land_use_change_and_forestry_lulucf_in_kilotonne_co2_equivalent
United States of America,1997,6999999.10041935,greenhouse_gas_ghgs_emissions_including_indirect_co2_without_lulucf_in_kilotonne_co2_equivalent
Liechtenstein,1999,0.00456,sulphur_hexafluoride_sf6_emissions_in_kilotonne_co2_equivalent
Slovenia,1998,990.858340931983,nitrous_oxide_n2o_emissions_without_land_use_land_use_change_and_forestry_lulucf_in_kilotonne_co2_equivalent
Cyprus,2002,7160.388457603,carbon_dioxide_co2_emissions_without_land_use_land_use_change_and_forestry_lulucf_in_kilotonne_co2_equivalent
Portugal,2003,13510.7943363221,methane_ch4_emissions_without_land_use_land_use_change_and_forestry_lulucf_in_kilotonne_co2_equivalent
Luxembourg,1999,26.2454104674468,hydrofluorocarbons_hfcs_emissions_in_kilotonne_co2_equivalent
Germany,1991,45.9220062644,hydrofluorocarbons_hfcs_emissions_in_kilotonne_co2_equivalent
Norway,1992,672.583343656764,sulphur_hexafluoride_sf6_emissions_in_kilotonne_co2_equivalent
France,2007,538725.788205634,greenhouse_gas_ghgs_emissions_including_indirect_co2_without_lulucf_in_kilotonne_co2_equivalent
Germany,1995,5.289716724,nitrogen_trifluoride_nf3_emissions_in_kilotonne_co2_equivalent
Hungary,2001,59995.7344751382,carbon_dioxide_co2_emissions_without_land_use_land_use_change_and_forestry_lulucf_in_kilotonne_co2_equivalent
European Union,2006,76046.7639333348,hydrofluorocarbons_hfcs_emissions_in_kilotonne_co2_equivalent
Liechtenstein,2001,4.9356520871727,hydrofluorocarbons_hfcs_emissions_in_kilotonne_co2_equivalent
Romania,2013,57.2032601532,sulphur_hexafluoride_sf6_emissions_in_kilotonne_co2_equivalent
Slovenia,2003,853.009458197472,nitrous_oxide_n2o_emissions_without_land_use_land_use_change_and_forestry_lulucf_in_kilotonne_co2_equivalent
Spain,2000,19684.7301955742,nitrous_oxide_n2o_emissions_without_land_use_land_use_change_and_forestry_lulucf_in_kilotonne_co2_equivalent
Estonia,2008,17264.5200333765,carbon_dioxide_co2_emissions_without_land_use_land_use_change_and_forestry_lulucf_in_kilotonne_co2_equivalent
Sweden,2013,5277.9329959555,methane_ch4_emissions_without_land_use_land_use_change_and_forestry_lulucf_in_kilotonne_co2_equivalent
Czech Republic,2014,101159.12216724,carbon_dioxide_co2_emissions_without_land_use_land_use_change_and_forestry_lulucf_in_kilotonne_co2_equivalent
Czech Republic,2002,144598.346007204,greenhouse_gas_ghgs_emissions_without_land_use_land_use_change_and_forestry_lulucf_in_kilotonne_co2_equivalent
Poland,1995,445272.754045013,greenhouse_gas_ghgs_emissions_including_indirect_co2_without_lulucf_in_kilotonne_co2_equivalent
Croatia,2000,2785.33822318065,methane_ch4_emissions_without_land_use_land_use_change_and_forestry_lulucf_in_kilotonne_co2_equivalent
Poland,1994,21854.741084692,nitrous_oxide_n2o_emissions_without_land_use_land_use_change_and_forestry_lulucf_in_kilotonne_co2_equivalent
Japan,1991,1280937.69911164,greenhouse_gas_ghgs_emissions_including_indirect_co2_without_lulucf_in_kilotonne_co2_equivalent
Australia,1990,278265.898940768,carbon_dioxide_co2_emissions_without_land_use_land_use_change_and_forestry_lulucf_in_kilotonne_co2_equivalent
Ireland,2011,15.8758,perfluorocarbons_pfcs_emissions_in_kilotonne_co2_equivalent
Australia,2000,483445.826664823,greenhouse_gas_ghgs_emissions_including_indirect_co2_without_lulucf_in_kilotonne_co2_equivalent
Monaco,1992,105.935293062565,greenhouse_gas_ghgs_emissions_without_land_use_land_use_change_and_forestry_lulucf_in_kilotonne_co2_equivalent
United Kingdom,1999,1.459941639364,nitrogen_trifluoride_nf3_emissions_in_kilotonne_co2_equivalent
France,1994,1952.570637061,hydrofluorocarbons_hfcs_emissions_in_kilotonne_co2_equivalent
Japan,2003,16228.3222314537,hydrofluorocarbons_hfcs_emissions_in_kilotonne_co2_equivalent
United Kingdom,2002,408.229423823578,perfluorocarbons_pfcs_emissions_in_kilotonne_co2_equivalent
Romania,1995,185010.510955194,greenhouse_gas_ghgs_emissions_without_land_use_land_use_change_and_forestry_lulucf_in_kilotonne_co2_equivalent
European Union,2001,5212778.66142587,greenhouse_gas_ghgs_emissions_without_land_use_land_use_change_and_forestry_lulucf_in_kilotonne_co2_equivalent
Lithuania,1990,5370.7328500769,nitrous_oxide_n2o_emissions_without_land_use_land_use_change_and_forestry_lulucf_in_kilotonne_co2_equivalent
Spain,2006,232.0100412228,sulphur_hexafluoride_sf6_emissions_in_kilotonne_co2_equivalent
Belgium,2009,8668.57366813667,methane_ch4_emissions_without_land_use_land_use_change_and_forestry_lulucf_in_kilotonne_co2_equivalent
Estonia,2004,19055.487479688,greenhouse_gas_ghgs_emissions_including_indirect_co2_without_lulucf_in_kilotonne_co2_equivalent
Netherlands,1993,171497.891064769,carbon_dioxide_co2_emissions_without_land_use_land_use_change_and_forestry_lulucf_in_kilotonne_co2_equivalent
Monaco,2013,2.75869770987175,methane_ch4_emissions_without_land_use_land_use_change_and_forestry_lulucf_in_kilotonne_co2_equivalent
New Zealand,1997,132.5064696275,hydrofluorocarbons_hfcs_emissions_in_kilotonne_co2_equivalent
Cyprus,2011,9296.16313035284,greenhouse_gas_ghgs_emissions_including_indirect_co2_without_lulucf_in_kilotonne_co2_equivalent
United States of America,2013,6799979.30280136,greenhouse_gas_ghgs_emissions_including_indirect_co2_without_lulucf_in_kilotonne_co2_equivalent
European Union,2013,3646389.52530377,carbon_dioxide_co2_emissions_without_land_use_land_use_change_and_forestry_lulucf_in_kilotonne_co2_equivalent
New Zealand,1994,32947.7413897417,methane_ch4_emissions_without_land_use_land_use_change_and_forestry_lulucf_in_kilotonne_co2_equivalent
Sweden,2002,6905.54276182783,methane_ch4_emissions_without_land_use_land_use_change_and_forestry_lulucf_in_kilotonne_co2_equivalent
Ireland,1995,97.60724,perfluorocarbons_pfcs_emissions_in_kilotonne_co2_equivalent
Germany,2012,3154.89496194,sulphur_hexafluoride_sf6_emissions_in_kilotonne_co2_equivalent
Iceland,1997,485.04328312507,nitrous_oxide_n2o_emissions_without_land_use_land_use_change_and_forestry_lulucf_in_kilotonne_co2_equivalent
Russian Federation,1999,650.027182239924,sulphur_hexafluoride_sf6_emissions_in_kilotonne_co2_equivalent
Austria,1994,9775.85779162528,methane_ch4_emissions_without_land_use_land_use_change_and_forestry_lulucf_in_kilotonne_co2_equivalent
Spain,2010,35291.2127611771,methane_ch4_emissions_without_land_use_land_use_change_and_forestry_lulucf_in_kilotonne_co2_equivalent
Belarus,2001,77921.8275915,greenhouse_gas_ghgs_emissions_including_indirect_co2_without_lulucf_in_kilotonne_co2_equivalent
Norway,1994,51704.4180201368,greenhouse_gas_ghgs_emissions_without_land_use_land_use_change_and_forestry_lulucf_in_kilotonne_co2_equivalent
Greece,2001,6207.72807311416,nitrous_oxide_n2o_emissions_without_land_use_land_use_change_and_forestry_lulucf_in_kilotonne_co2_equivalent
Belarus,2011,13041.54565992,nitrous_oxide_n2o_emissions_without_land_use_land_use_change_and_forestry_lulucf_in_kilotonne_co2_equivalent
Sweden,1996,63238.7859377907,carbon_dioxide_co2_emissions_without_land_use_land_use_change_and_forestry_lulucf_in_kilotonne_co2_equivalent
Netherlands,1997,2764.9365056,perfluorocarbons_pfcs_emissions_in_kilotonne_co2_equivalent
Spain,1993,2856.56421999034,hydrofluorocarbons_hfcs_emissions_in_kilotonne_co2_equivalent
Germany,2003,1033727.65586751,greenhouse_gas_ghgs_emissions_without_land_use_land_use_change_and_forestry_lulucf_in_kilotonne_co2_equivalent
Bulgaria,1999,45751.789097251,carbon_dioxide_co2_emissions_without_land_use_land_use_change_and_forestry_lulucf_in_kilotonne_co2_equivalent
Malta,2010,65.4775122662086,nitrous_oxide_n2o_emissions_without_land_use_land_use_change_and_forestry_lulucf_in_kilotonne_co2_equivalent
United States of America,2011,8178.4697632,unspecified_mix_of_hydrofluorocarbons_hfcs_and_perfluorocarbons_pfcs_emissions_in_kilotonne_co2_equivalent
Australia,1992,1333.184,hydrofluorocarbons_hfcs_emissions_in_kilotonne_co2_equivalent
Cyprus,2003,917.7058670025,methane_ch4_emissions_without_land_use_land_use_change_and_forestry_lulucf_in_kilotonne_co2_equivalent
Monaco,1990,1.78468944171875,methane_ch4_emissions_without_land_use_land_use_change_and_forestry_lulucf_in_kilotonne_co2_equivalent
Romania,2008,7977.25333142211,nitrous_oxide_n2o_emissions_without_land_use_land_use_change_and_forestry_lulucf_in_kilotonne_co2_equivalent
Portugal,1992,66816.6469726803,greenhouse_gas_ghgs_emissions_without_land_use_land_use_change_and_forestry_lulucf_in_kilotonne_co2_equivalent
Portugal,1995,35.4200480990794,hydrofluorocarbons_hfcs_emissions_in_kilotonne_co2_equivalent
Sweden,2003,85.129112753172,sulphur_hexafluoride_sf6_emissions_in_kilotonne_co2_equivalent
Liechtenstein,1994,0.00149419777664,perfluorocarbons_pfcs_emissions_in_kilotonne_co2_equivalent
Poland,1995,97.3435569192,hydrofluorocarbons_hfcs_emissions_in_kilotonne_co2_equivalent
Italy,2001,2735.60788065263,hydrofluorocarbons_hfcs_emissions_in_kilotonne_co2_equivalent
Romania,2012,1197.4339631475,hydrofluorocarbons_hfcs_emissions_in_kilotonne_co2_equivalent
Greece,1997,3.5568,sulphur_hexafluoride_sf6_emissions_in_kilotonne_co2_equivalent
Switzerland,1991,55639.7237950684,greenhouse_gas_ghgs_emissions_including_indirect_co2_without_lulucf_in_kilotonne_co2_equivalent
Finland,1991,5881.93675030608,nitrous_oxide_n2o_emissions_without_land_use_land_use_change_and_forestry_lulucf_in_kilotonne_co2_equivalent
Turkey,2012,58027.0063963444,methane_ch4_emissions_without_land_use_land_use_change_and_forestry_lulucf_in_kilotonne_co2_equivalent
Iceland,2002,46.0761384422012,hydrofluorocarbons_hfcs_emissions_in_kilotonne_co2_equivalent
Lithuania,2003,21203.0139068568,greenhouse_gas_ghgs_emissions_including_indirect_co2_without_lulucf_in_kilotonne_co2_equivalent
Luxembourg,2009,596.059166166682,methane_ch4_emissions_without_land_use_land_use_change_and_forestry_lulucf_in_kilotonne_co2_equivalent
France,2001,2640.88983896737,perfluorocarbons_pfcs_emissions_in_kilotonne_co2_equivalent
Croatia,1993,22658.2944835065,greenhouse_gas_ghgs_emissions_without_land_use_land_use_change_and_forestry_lulucf_in_kilotonne_co2_equivalent
Estonia,2009,701.683749536995,nitrous_oxide_n2o_emissions_without_land_use_land_use_change_and_forestry_lulucf_in_kilotonne_co2_equivalent
Liechtenstein,2007,200.920107913985,carbon_dioxide_co2_emissions_without_land_use_land_use_change_and_forestry_lulucf_in_kilotonne_co2_equivalent
Norway,2007,72.728298955116,sulphur_hexafluoride_sf6_emissions_in_kilotonne_co2_equivalent
Croatia,2006,29555.682228908,greenhouse_gas_ghgs_emissions_including_indirect_co2_without_lulucf_in_kilotonne_co2_equivalent
Belgium,2007,78.86347062,sulphur_hexafluoride_sf6_emissions_in_kilotonne_co2_equivalent
Belgium,2014,0.68972,nitrogen_trifluoride_nf3_emissions_in_kilotonne_co2_equivalent
Ireland,2003,69613.7986917386,greenhouse_gas_ghgs_emissions_including_indirect_co2_without_lulucf_in_kilotonne_co2_equivalent
Romania,2008,946.94509060053,hydrofluorocarbons_hfcs_emissions_in_kilotonne_co2_equivalent
Netherlands,1992,5621.292034,hydrofluorocarbons_hfcs_emissions_in_kilotonne_co2_equivalent
Denmark,2010,5137.1642230126,nitrous_oxide_n2o_emissions_without_land_use_land_use_change_and_forestry_lulucf_in_kilotonne_co2_equivalent
Canada,1997,1568.52633809529,hydrofluorocarbons_hfcs_emissions_in_kilotonne_co2_equivalent
Lithuania,2002,36.4085334219604,hydrofluorocarbons_hfcs_emissions_in_kilotonne_co2_equivalent
Netherlands,1998,2174.66459768261,perfluorocarbons_pfcs_emissions_in_kilotonne_co2_equivalent
Italy,1993,28357.6723363782,nitrous_oxide_n2o_emissions_without_land_use_land_use_change_and_forestry_lulucf_in_kilotonne_co2_equivalent
Estonia,1998,16684.3031468739,carbon_dioxide_co2_emissions_without_land_use_land_use_change_and_forestry_lulucf_in_kilotonne_co2_equivalent
Belarus,1998,82668.831561971,greenhouse_gas_ghgs_emissions_including_indirect_co2_without_lulucf_in_kilotonne_co2_equivalent
Belgium,1999,935.582415403112,hydrofluorocarbons_hfcs_emissions_in_kilotonne_co2_equivalent
Norway,2006,3830.66788058937,nitrous_oxide_n2o_emissions_without_land_use_land_use_change_and_forestry_lulucf_in_kilotonne_co2_equivalent
Malta,2010,1.6947942012,sulphur_hexafluoride_sf6_emissions_in_kilotonne_co2_equivalent
Sweden,2003,70601.3604284107,greenhouse_gas_ghgs_emissions_including_indirect_co2_without_lulucf_in_kilotonne_co2_equivalent
Japan,1993,43.851697047784,nitrogen_trifluoride_nf3_emissions_in_kilotonne_co2_equivalent
Ireland,1999,64.18701808848,sulphur_hexafluoride_sf6_emissions_in_kilotonne_co2_equivalent
Monaco,2007,82.7191922532151,carbon_dioxide_co2_emissions_without_land_use_land_use_change_and_forestry_lulucf_in_kilotonne_co2_equivalent
New Zealand,2006,9150.64047721487,nitrous_oxide_n2o_emissions_without_land_use_land_use_change_and_forestry_lulucf_in_kilotonne_co2_equivalent
Canada,1996,47724.3995197404,nitrous_oxide_n2o_emissions_without_land_use_land_use_change_and_forestry_lulucf_in_kilotonne_co2_equivalent
Turkey,1990,146750.63697943,carbon_dioxide_co2_emissions_without_land_use_land_use_change_and_forestry_lulucf_in_kilotonne_co2_equivalent
United States of America,2014,403501.457115005,nitrous_oxide_n2o_emissions_without_land_use_land_use_change_and_forestry_lulucf_in_kilotonne_co2_equivalent
Romania,2002,148022.889172072,greenhouse_gas_ghgs_emissions_without_land_use_land_use_change_and_forestry_lulucf_in_kilotonne_co2_equivalent
Australia,2009,119.451096104772,sulphur_hexafluoride_sf6_emissions_in_kilotonne_co2_equivalent
Cyprus,2001,8282.54807082145,greenhouse_gas_ghgs_emissions_including_indirect_co2_without_lulucf_in_kilotonne_co2_equivalent
Sweden,2014,81.6979387675999,perfluorocarbons_pfcs_emissions_in_kilotonne_co2_equivalent
Czech Republic,2009,6616.85086175011,nitrous_oxide_n2o_emissions_without_land_use_land_use_change_and_forestry_lulucf_in_kilotonne_co2_equivalent
Czech Republic,2013,6.60744120717277,perfluorocarbons_pfcs_emissions_in_kilotonne_co2_equivalent
Croatia,2001,26394.0456777833,greenhouse_gas_ghgs_emissions_without_land_use_land_use_change_and_forestry_lulucf_in_kilotonne_co2_equivalent
Belarus,2004,83688.299567336,greenhouse_gas_ghgs_emissions_including_indirect_co2_without_lulucf_in_kilotonne_co2_equivalent
Estonia,2010,19911.6818808835,greenhouse_gas_ghgs_emissions_including_indirect_co2_without_lulucf_in_kilotonne_co2_equivalent
Malta,2011,3211.70609226187,greenhouse_gas_ghgs_emissions_including_indirect_co2_without_lulucf_in_kilotonne_co2_equivalent
Greece,1998,6621.5570833371,nitrous_oxide_n2o_emissions_without_land_use_land_use_change_and_forestry_lulucf_in_kilotonne_co2_equivalent
Ireland,1991,56905.9454357891,greenhouse_gas_ghgs_emissions_including_indirect_co2_without_lulucf_in_kilotonne_co2_equivalent
Germany,2006,877422.45689212,carbon_dioxide_co2_emissions_without_land_use_land_use_change_and_forestry_lulucf_in_kilotonne_co2_equivalent
Canada,2001,564617.020300164,carbon_dioxide_co2_emissions_without_land_use_land_use_change_and_forestry_lulucf_in_kilotonne_co2_equivalent
European Union,1990,4462205.14458363,carbon_dioxide_co2_emissions_without_land_use_land_use_change_and_forestry_lulucf_in_kilotonne_co2_equivalent
Japan,2007,1412795.07423849,greenhouse_gas_ghgs_emissions_including_indirect_co2_without_lulucf_in_kilotonne_co2_equivalent
Greece,2007,114127.554270902,carbon_dioxide_co2_emissions_without_land_use_land_use_change_and_forestry_lulucf_in_kilotonne_co2_equivalent
Liechtenstein,1994,10.6934412738792,nitrous_oxide_n2o_emissions_without_land_use_land_use_change_and_forestry_lulucf_in_kilotonne_co2_equivalent
Russian Federation,1990,942383.462118004,methane_ch4_emissions_without_land_use_land_use_change_and_forestry_lulucf_in_kilotonne_co2_equivalent
Italy,1994,1422.69866414441,perfluorocarbons_pfcs_emissions_in_kilotonne_co2_equivalent
Slovakia,1997,3523.19657006017,nitrous_oxide_n2o_emissions_without_land_use_land_use_change_and_forestry_lulucf_in_kilotonne_co2_equivalent
Switzerland,1990,6086.29442897972,methane_ch4_emissions_without_land_use_land_use_change_and_forestry_lulucf_in_kilotonne_co2_equivalent
New Zealand,1998,116.9459,perfluorocarbons_pfcs_emissions_in_kilotonne_co2_equivalent
Liechtenstein,2014,9.96502634386566,nitrous_oxide_n2o_emissions_without_land_use_land_use_change_and_forestry_lulucf_in_kilotonne_co2_equivalent
Belgium,2002,116.170836594324,sulphur_hexafluoride_sf6_emissions_in_kilotonne_co2_equivalent
Netherlands,1990,221516.1727308,greenhouse_gas_ghgs_emissions_without_land_use_land_use_change_and_forestry_lulucf_in_kilotonne_co2_equivalent
Switzerland,2005,54987.570906894,greenhouse_gas_ghgs_emissions_including_indirect_co2_without_lulucf_in_kilotonne_co2_equivalent
Bulgaria,1994,4.628387085852,sulphur_hexafluoride_sf6_emissions_in_kilotonne_co2_equivalent
Iceland,2000,1.31157,sulphur_hexafluoride_sf6_emissions_in_kilotonne_co2_equivalent
Italy,2003,548.026164395628,sulphur_hexafluoride_sf6_emissions_in_kilotonne_co2_equivalent
Belgium,1998,11524.999684482,methane_ch4_emissions_without_land_use_land_use_change_and_forestry_lulucf_in_kilotonne_co2_equivalent
Japan,2013,3280.05930726813,perfluorocarbons_pfcs_emissions_in_kilotonne_co2_equivalent
Portugal,2010,1909.74038472559,hydrofluorocarbons_hfcs_emissions_in_kilotonne_co2_equivalent
Austria,1996,1176.89967521624,sulphur_hexafluoride_sf6_emissions_in_kilotonne_co2_equivalent
Belgium,1990,10232.4000382159,nitrous_oxide_n2o_emissions_without_land_use_land_use_change_and_forestry_lulucf_in_kilotonne_co2_equivalent
Belgium,2007,8947.75520960759,methane_ch4_emissions_without_land_use_land_use_change_and_forestry_lulucf_in_kilotonne_co2_equivalent
Bulgaria,2014,7420.5096990517,methane_ch4_emissions_without_land_use_land_use_change_and_forestry_lulucf_in_kilotonne_co2_equivalent
Portugal,1992,51850.5656733148,carbon_dioxide_co2_emissions_without_land_use_land_use_change_and_forestry_lulucf_in_kilotonne_co2_equivalent
Greece,1996,113843.045790288,greenhouse_gas_ghgs_emissions_without_land_use_land_use_change_and_forestry_lulucf_in_kilotonne_co2_equivalent
Portugal,2003,64697.2992169906,carbon_dioxide_co2_emissions_without_land_use_land_use_change_and_forestry_lulucf_in_kilotonne_co2_equivalent
Belgium,2003,1608.86827845198,hydrofluorocarbons_hfcs_emissions_in_kilotonne_co2_equivalent
Bulgaria,1991,59769.3415026104,carbon_dioxide_co2_emissions_without_land_use_land_use_change_and_forestry_lulucf_in_kilotonne_co2_equivalent
Canada,1990,612866.051520472,greenhouse_gas_ghgs_emissions_without_land_use_land_use_change_and_forestry_lulucf_in_kilotonne_co2_equivalent
Russian Federation,2006,90062.7308603463,nitrous_oxide_n2o_emissions_without_land_use_land_use_change_and_forestry_lulucf_in_kilotonne_co2_equivalent
Portugal,2008,3889.9242280114,nitrous_oxide_n2o_emissions_without_land_use_land_use_change_and_forestry_lulucf_in_kilotonne_co2_equivalent
Cyprus,2003,0.0889859832,sulphur_hexafluoride_sf6_emissions_in_kilotonne_co2_equivalent
Estonia,1996,1265.14393763371,methane_ch4_emissions_without_land_use_land_use_change_and_forestry_lulucf_in_kilotonne_co2_equivalent
Spain,2003,336672.422515549,carbon_dioxide_co2_emissions_without_land_use_land_use_change_and_forestry_lulucf_in_kilotonne_co2_equivalent
European Union,2003,5255793.44434725,greenhouse_gas_ghgs_emissions_without_land_use_land_use_change_and_forestry_lulucf_in_kilotonne_co2_equivalent
Portugal,2004,26.53563721614,sulphur_hexafluoride_sf6_emissions_in_kilotonne_co2_equivalent
Lithuania,1998,13.901545928548,hydrofluorocarbons_hfcs_emissions_in_kilotonne_co2_equivalent
Czech Republic,2006,149389.776089742,greenhouse_gas_ghgs_emissions_including_indirect_co2_without_lulucf_in_kilotonne_co2_equivalent
Greece,2003,11651.6730121343,methane_ch4_emissions_without_land_use_land_use_change_and_forestry_lulucf_in_kilotonne_co2_equivalent
Canada,2010,718178.080242569,greenhouse_gas_ghgs_emissions_including_indirect_co2_without_lulucf_in_kilotonne_co2_equivalent
Lithuania,2009,3708.3941133046,methane_ch4_emissions_without_land_use_land_use_change_and_forestry_lulucf_in_kilotonne_co2_equivalent
Luxembourg,2004,39.9933233156594,hydrofluorocarbons_hfcs_emissions_in_kilotonne_co2_equivalent
Iceland,1997,2450.24391979067,carbon_dioxide_co2_emissions_without_land_use_land_use_change_and_forestry_lulucf_in_kilotonne_co2_equivalent
Denmark,2006,21.150361908937,perfluorocarbons_pfcs_emissions_in_kilotonne_co2_equivalent
Germany,2014,901763.938802623,greenhouse_gas_ghgs_emissions_including_indirect_co2_without_lulucf_in_kilotonne_co2_equivalent
Hungary,2006,74880.3052319845,greenhouse_gas_ghgs_emissions_including_indirect_co2_without_lulucf_in_kilotonne_co2_equivalent
Japan,2011,1561.29996890664,nitrogen_trifluoride_nf3_emissions_in_kilotonne_co2_equivalent
United States of America,2009,5488320.28042503,carbon_dioxide_co2_emissions_without_land_use_land_use_change_and_forestry_lulucf_in_kilotonne_co2_equivalent
Czech Republic,2001,308.585319133388,hydrofluorocarbons_hfcs_emissions_in_kilotonne_co2_equivalent
Denmark,2004,20.534267704379,perfluorocarbons_pfcs_emissions_in_kilotonne_co2_equivalent
Monaco,2000,5.6672333238057,hydrofluorocarbons_hfcs_emissions_in_kilotonne_co2_equivalent
Norway,2013,1155.09514199614,hydrofluorocarbons_hfcs_emissions_in_kilotonne_co2_equivalent
Sweden,2009,47267.4466673127,carbon_dioxide_co2_emissions_without_land_use_land_use_change_and_forestry_lulucf_in_kilotonne_co2_equivalent
Bulgaria,1996,5.180849881944,sulphur_hexafluoride_sf6_emissions_in_kilotonne_co2_equivalent
Russian Federation,2008,2616463.55390157,greenhouse_gas_ghgs_emissions_including_indirect_co2_without_lulucf_in_kilotonne_co2_equivalent
United States of America,2004,6818.15824368417,perfluorocarbons_pfcs_emissions_in_kilotonne_co2_equivalent
Canada,1990,95378.2519424985,methane_ch4_emissions_without_land_use_land_use_change_and_forestry_lulucf_in_kilotonne_co2_equivalent
Luxembourg,2000,1.925711301144,sulphur_hexafluoride_sf6_emissions_in_kilotonne_co2_equivalent
Netherlands,2005,365.9850305,perfluorocarbons_pfcs_emissions_in_kilotonne_co2_equivalent
France,2004,49822.9250731393,nitrous_oxide_n2o_emissions_without_land_use_land_use_change_and_forestry_lulucf_in_kilotonne_co2_equivalent
United States of America,2001,7140899.14134197,greenhouse_gas_ghgs_emissions_including_indirect_co2_without_lulucf_in_kilotonne_co2_equivalent
Belgium,1994,2637.36937,perfluorocarbons_pfcs_emissions_in_kilotonne_co2_equivalent
Slovenia,1997,1004.70619107469,nitrous_oxide_n2o_emissions_without_land_use_land_use_change_and_forestry_lulucf_in_kilotonne_co2_equivalent
Croatia,2012,564.960584,hydrofluorocarbons_hfcs_emissions_in_kilotonne_co2_equivalent
Lithuania,2006,23378.4488497179,greenhouse_gas_ghgs_emissions_without_land_use_land_use_change_and_forestry_lulucf_in_kilotonne_co2_equivalent
Czech Republic,2012,2395.38699622093,hydrofluorocarbons_hfcs_emissions_in_kilotonne_co2_equivalent
Belgium,2013,431.59111681973,perfluorocarbons_pfcs_emissions_in_kilotonne_co2_equivalent
Romania,1990,2455.166469,perfluorocarbons_pfcs_emissions_in_kilotonne_co2_equivalent
Australia,2008,404237.828214077,carbon_dioxide_co2_emissions_without_land_use_land_use_change_and_forestry_lulucf_in_kilotonne_co2_equivalent
Switzerland,2006,54481.5553777612,greenhouse_gas_ghgs_emissions_without_land_use_land_use_change_and_forestry_lulucf_in_kilotonne_co2_equivalent
Finland,2006,910.552255172875,hydrofluorocarbons_hfcs_emissions_in_kilotonne_co2_equivalent
New Zealand,2011,34235.4903194342,methane_ch4_emissions_without_land_use_land_use_change_and_forestry_lulucf_in_kilotonne_co2_equivalent
Switzerland,1994,51621.0235260782,greenhouse_gas_ghgs_emissions_including_indirect_co2_without_lulucf_in_kilotonne_co2_equivalent
Germany,2005,34.48944,nitrogen_trifluoride_nf3_emissions_in_kilotonne_co2_equivalent
Malta,1996,1.4472528,sulphur_hexafluoride_sf6_emissions_in_kilotonne_co2_equivalent
Malta,2005,1.5645655032,sulphur_hexafluoride_sf6_emissions_in_kilotonne_co2_equivalent
Denmark,1997,5.195285025,perfluorocarbons_pfcs_emissions_in_kilotonne_co2_equivalent
Canada,2005,40863.4283663269,nitrous_oxide_n2o_emissions_without_land_use_land_use_change_and_forestry_lulucf_in_kilotonne_co2_equivalent
Malta,2001,1.489664448,sulphur_hexafluoride_sf6_emissions_in_kilotonne_co2_equivalent
Austria,2002,968.776915917423,hydrofluorocarbons_hfcs_emissions_in_kilotonne_co2_equivalent
Belgium,1995,10997.2037194408,nitrous_oxide_n2o_emissions_without_land_use_land_use_change_and_forestry_lulucf_in_kilotonne_co2_equivalent
Czech Republic,1995,155629.711894291,greenhouse_gas_ghgs_emissions_without_land_use_land_use_change_and_forestry_lulucf_in_kilotonne_co2_equivalent
Iceland,2014,4596.84732943327,greenhouse_gas_ghgs_emissions_including_indirect_co2_without_lulucf_in_kilotonne_co2_equivalent
Ukraine,2007,25013.6911041316,nitrous_oxide_n2o_emissions_without_land_use_land_use_change_and_forestry_lulucf_in_kilotonne_co2_equivalent
Slovenia,1998,19520.3865901311,greenhouse_gas_ghgs_emissions_including_indirect_co2_without_lulucf_in_kilotonne_co2_equivalent
Greece,2007,3245.14066079019,hydrofluorocarbons_hfcs_emissions_in_kilotonne_co2_equivalent
United Kingdom,1990,0.415006531756,nitrogen_trifluoride_nf3_emissions_in_kilotonne_co2_equivalent
Monaco,1994,0.50919363448216,hydrofluorocarbons_hfcs_emissions_in_kilotonne_co2_equivalent
United States of America,1991,6330937.8855059,greenhouse_gas_ghgs_emissions_including_indirect_co2_without_lulucf_in_kilotonne_co2_equivalent
Ukraine,1998,12.507495,hydrofluorocarbons_hfcs_emissions_in_kilotonne_co2_equivalent
Hungary,1992,180.03805736488,perfluorocarbons_pfcs_emissions_in_kilotonne_co2_equivalent
Poland,2005,22228.4734121288,nitrous_oxide_n2o_emissions_without_land_use_land_use_change_and_forestry_lulucf_in_kilotonne_co2_equivalent
European Union,2006,6435.83425480503,perfluorocarbons_pfcs_emissions_in_kilotonne_co2_equivalent
Malta,2004,2845.49961194052,greenhouse_gas_ghgs_emissions_without_land_use_land_use_change_and_forestry_lulucf_in_kilotonne_co2_equivalent
Belarus,2008,92364.348971776,greenhouse_gas_ghgs_emissions_including_indirect_co2_without_lulucf_in_kilotonne_co2_equivalent
Bulgaria,1992,4.134836465796,sulphur_hexafluoride_sf6_emissions_in_kilotonne_co2_equivalent
Italy,1993,443.359454145252,sulphur_hexafluoride_sf6_emissions_in_kilotonne_co2_equivalent
Ireland,2001,21.7752,nitrogen_trifluoride_nf3_emissions_in_kilotonne_co2_equivalent
Denmark,1993,8570.9152817898,methane_ch4_emissions_without_land_use_land_use_change_and_forestry_lulucf_in_kilotonne_co2_equivalent
Netherlands,1993,140.239707064632,sulphur_hexafluoride_sf6_emissions_in_kilotonne_co2_equivalent
Belarus,1992,16295.4361922,methane_ch4_emissions_without_land_use_land_use_change_and_forestry_lulucf_in_kilotonne_co2_equivalent
Lithuania,1992,5540.78729828295,methane_ch4_emissions_without_land_use_land_use_change_and_forestry_lulucf_in_kilotonne_co2_equivalent
Cyprus,2002,8519.08140283278,greenhouse_gas_ghgs_emissions_including_indirect_co2_without_lulucf_in_kilotonne_co2_equivalent
Ukraine,2003,1.991231799084,sulphur_hexafluoride_sf6_emissions_in_kilotonne_co2_equivalent
Iceland,2006,2.517405,sulphur_hexafluoride_sf6_emissions_in_kilotonne_co2_equivalent
Estonia,2005,18297.6746871499,greenhouse_gas_ghgs_emissions_without_land_use_land_use_change_and_forestry_lulucf_in_kilotonne_co2_equivalent
Ireland,2009,6881.95880780481,nitrous_oxide_n2o_emissions_without_land_use_land_use_change_and_forestry_lulucf_in_kilotonne_co2_equivalent
Czech Republic,1990,85.215,sulphur_hexafluoride_sf6_emissions_in_kilotonne_co2_equivalent
Australia,1993,113837.511922865,methane_ch4_emissions_without_land_use_land_use_change_and_forestry_lulucf_in_kilotonne_co2_equivalent
Belarus,2002,0.118104,sulphur_hexafluoride_sf6_emissions_in_kilotonne_co2_equivalent
Australia,2004,207.75946142286,sulphur_hexafluoride_sf6_emissions_in_kilotonne_co2_equivalent
Greece,2003,109126.567554916,carbon_dioxide_co2_emissions_without_land_use_land_use_change_and_forestry_lulucf_in_kilotonne_co2_equivalent
Malta,2010,3098.80570626229,greenhouse_gas_ghgs_emissions_including_indirect_co2_without_lulucf_in_kilotonne_co2_equivalent
Latvia,2002,27.2030886758681,hydrofluorocarbons_hfcs_emissions_in_kilotonne_co2_equivalent
United Kingdom,2001,1.033054704,nitrogen_trifluoride_nf3_emissions_in_kilotonne_co2_equivalent
Netherlands,1997,235154.539726928,greenhouse_gas_ghgs_emissions_without_land_use_land_use_change_and_forestry_lulucf_in_kilotonne_co2_equivalent
Ukraine,2013,76562.5268335439,methane_ch4_emissions_without_land_use_land_use_change_and_forestry_lulucf_in_kilotonne_co2_equivalent
Norway,1994,3782.43502763893,nitrous_oxide_n2o_emissions_without_land_use_land_use_change_and_forestry_lulucf_in_kilotonne_co2_equivalent
Poland,2004,22.3567397565,sulphur_hexafluoride_sf6_emissions_in_kilotonne_co2_equivalent
Bulgaria,1995,6.58680842977408,hydrofluorocarbons_hfcs_emissions_in_kilotonne_co2_equivalent
Germany,1993,5215.63716,unspecified_mix_of_hydrofluorocarbons_hfcs_and_perfluorocarbons_pfcs_emissions_in_kilotonne_co2_equivalent
Denmark,2006,8038.39858566613,methane_ch4_emissions_without_land_use_land_use_change_and_forestry_lulucf_in_kilotonne_co2_equivalent
Spain,2004,353472.612328343,carbon_dioxide_co2_emissions_without_land_use_land_use_change_and_forestry_lulucf_in_kilotonne_co2_equivalent
Romania,2002,832.99093815,perfluorocarbons_pfcs_emissions_in_kilotonne_co2_equivalent
Slovakia,1996,54706.0658504021,greenhouse_gas_ghgs_emissions_including_indirect_co2_without_lulucf_in_kilotonne_co2_equivalent
Russian Federation,1995,2429432.44370705,greenhouse_gas_ghgs_emissions_including_indirect_co2_without_lulucf_in_kilotonne_co2_equivalent
Ireland,1990,56087.8381630239,greenhouse_gas_ghgs_emissions_without_land_use_land_use_change_and_forestry_lulucf_in_kilotonne_co2_equivalent
Australia,2013,128.94460365186,sulphur_hexafluoride_sf6_emissions_in_kilotonne_co2_equivalent
Cyprus,1993,363.1329064,nitrous_oxide_n2o_emissions_without_land_use_land_use_change_and_forestry_lulucf_in_kilotonne_co2_equivalent
Belarus,1996,11451.00532477,nitrous_oxide_n2o_emissions_without_land_use_land_use_change_and_forestry_lulucf_in_kilotonne_co2_equivalent
Ukraine,2012,828.407569156847,hydrofluorocarbons_hfcs_emissions_in_kilotonne_co2_equivalent
Netherlands,2009,201690.824396804,greenhouse_gas_ghgs_emissions_without_land_use_land_use_change_and_forestry_lulucf_in_kilotonne_co2_equivalent
Russian Federation,2003,6731.20701314473,perfluorocarbons_pfcs_emissions_in_kilotonne_co2_equivalent
France,2008,401878.86465183,carbon_dioxide_co2_emissions_without_land_use_land_use_change_and_forestry_lulucf_in_kilotonne_co2_equivalent
Turkey,2010,51415.1382065348,methane_ch4_emissions_without_land_use_land_use_change_and_forestry_lulucf_in_kilotonne_co2_equivalent
United Kingdom,2003,102618.540465135,methane_ch4_emissions_without_land_use_land_use_change_and_forestry_lulucf_in_kilotonne_co2_equivalent
Iceland,2003,3918.59269639407,greenhouse_gas_ghgs_emissions_without_land_use_land_use_change_and_forestry_lulucf_in_kilotonne_co2_equivalent
Portugal,2013,65884.8578139682,greenhouse_gas_ghgs_emissions_including_indirect_co2_without_lulucf_in_kilotonne_co2_equivalent
United States of America,2014,490.436084869056,nitrogen_trifluoride_nf3_emissions_in_kilotonne_co2_equivalent
Denmark,1994,7207.60031402353,nitrous_oxide_n2o_emissions_without_land_use_land_use_change_and_forestry_lulucf_in_kilotonne_co2_equivalent
Monaco,2000,109.692366710798,greenhouse_gas_ghgs_emissions_without_land_use_land_use_change_and_forestry_lulucf_in_kilotonne_co2_equivalent
Ukraine,1991,188.199132516456,perfluorocarbons_pfcs_emissions_in_kilotonne_co2_equivalent
Norway,1997,1882.703297942,perfluorocarbons_pfcs_emissions_in_kilotonne_co2_equivalent
Luxembourg,1997,286.931918902091,nitrous_oxide_n2o_emissions_without_land_use_land_use_change_and_forestry_lulucf_in_kilotonne_co2_equivalent
Sweden,1994,5813.49970349013,nitrous_oxide_n2o_emissions_without_land_use_land_use_change_and_forestry_lulucf_in_kilotonne_co2_equivalent
European Union,2004,8610.46492401239,perfluorocarbons_pfcs_emissions_in_kilotonne_co2_equivalent
Czech Republic,2010,49.3217341893848,perfluorocarbons_pfcs_emissions_in_kilotonne_co2_equivalent
Poland,2008,23001.0091549207,nitrous_oxide_n2o_emissions_without_land_use_land_use_change_and_forestry_lulucf_in_kilotonne_co2_equivalent
Australia,1996,1410.39505848126,perfluorocarbons_pfcs_emissions_in_kilotonne_co2_equivalent
Croatia,1991,17268.9103457996,carbon_dioxide_co2_emissions_without_land_use_land_use_change_and_forestry_lulucf_in_kilotonne_co2_equivalent
Latvia,1996,2149.65955409861,methane_ch4_emissions_without_land_use_land_use_change_and_forestry_lulucf_in_kilotonne_co2_equivalent
Estonia,1998,52.2518396218539,hydrofluorocarbons_hfcs_emissions_in_kilotonne_co2_equivalent
Sweden,2011,5564.02878754298,methane_ch4_emissions_without_land_use_land_use_change_and_forestry_lulucf_in_kilotonne_co2_equivalent
Finland,1995,26.902252736684,hydrofluorocarbons_hfcs_emissions_in_kilotonne_co2_equivalent
Estonia,2008,150.394817419873,hydrofluorocarbons_hfcs_emissions_in_kilotonne_co2_equivalent
Austria,2001,10.5092,nitrogen_trifluoride_nf3_emissions_in_kilotonne_co2_equivalent
United Kingdom,1997,1.10392562528,nitrogen_trifluoride_nf3_emissions_in_kilotonne_co2_equivalent
Greece,1991,191.1907368,perfluorocarbons_pfcs_emissions_in_kilotonne_co2_equivalent
Germany,2005,43642.2880424378,nitrous_oxide_n2o_emissions_without_land_use_land_use_change_and_forestry_lulucf_in_kilotonne_co2_equivalent
Luxembourg,2007,586.531291471803,methane_ch4_emissions_without_land_use_land_use_change_and_forestry_lulucf_in_kilotonne_co2_equivalent
Germany,2014,10750.3677775755,hydrofluorocarbons_hfcs_emissions_in_kilotonne_co2_equivalent
Australia,1996,311914.819824229,carbon_dioxide_co2_emissions_without_land_use_land_use_change_and_forestry_lulucf_in_kilotonne_co2_equivalent
Monaco,2008,7.83126471304914,hydrofluorocarbons_hfcs_emissions_in_kilotonne_co2_equivalent
Austria,1999,79.1829096859275,perfluorocarbons_pfcs_emissions_in_kilotonne_co2_equivalent
Australia,1990,118768.837813046,methane_ch4_emissions_without_land_use_land_use_change_and_forestry_lulucf_in_kilotonne_co2_equivalent
Lithuania,2004,69.0968007721433,hydrofluorocarbons_hfcs_emissions_in_kilotonne_co2_equivalent
Ireland,2002,267.89489,perfluorocarbons_pfcs_emissions_in_kilotonne_co2_equivalent
Croatia,2013,23770.5527686019,greenhouse_gas_ghgs_emissions_without_land_use_land_use_change_and_forestry_lulucf_in_kilotonne_co2_equivalent
Finland,2007,79212.739202928,greenhouse_gas_ghgs_emissions_including_indirect_co2_without_lulucf_in_kilotonne_co2_equivalent
Norway,2011,57.921129464052,sulphur_hexafluoride_sf6_emissions_in_kilotonne_co2_equivalent
Japan,2007,4733.45160982727,sulphur_hexafluoride_sf6_emissions_in_kilotonne_co2_equivalent
Australia,1999,1374.29310959569,hydrofluorocarbons_hfcs_emissions_in_kilotonne_co2_equivalent
Cyprus,2007,8458.664261444,carbon_dioxide_co2_emissions_without_land_use_land_use_change_and_forestry_lulucf_in_kilotonne_co2_equivalent
Germany,1990,3060.2315,perfluorocarbons_pfcs_emissions_in_kilotonne_co2_equivalent
Ireland,2009,83.63275,perfluorocarbons_pfcs_emissions_in_kilotonne_co2_equivalent
Romania,2000,142404.667364628,greenhouse_gas_ghgs_emissions_including_indirect_co2_without_lulucf_in_kilotonne_co2_equivalent
Russian Federation,1998,9883.49298101662,perfluorocarbons_pfcs_emissions_in_kilotonne_co2_equivalent
United Kingdom,1990,1651.52685869244,perfluorocarbons_pfcs_emissions_in_kilotonne_co2_equivalent
Russian Federation,1998,614448.449154696,methane_ch4_emissions_without_land_use_land_use_change_and_forestry_lulucf_in_kilotonne_co2_equivalent
Romania,2012,122666.95430426,greenhouse_gas_ghgs_emissions_including_indirect_co2_without_lulucf_in_kilotonne_co2_equivalent
Hungary,2008,71340.3700337963,greenhouse_gas_ghgs_emissions_without_land_use_land_use_change_and_forestry_lulucf_in_kilotonne_co2_equivalent
Finland,2014,10.303868640737,perfluorocarbons_pfcs_emissions_in_kilotonne_co2_equivalent
Italy,2003,27.83733333328,nitrogen_trifluoride_nf3_emissions_in_kilotonne_co2_equivalent
Bulgaria,1991,3.908163011292,sulphur_hexafluoride_sf6_emissions_in_kilotonne_co2_equivalent
Poland,2000,23.06669090916,sulphur_hexafluoride_sf6_emissions_in_kilotonne_co2_equivalent
France,1994,67047.1291904924,nitrous_oxide_n2o_emissions_without_land_use_land_use_change_and_forestry_lulucf_in_kilotonne_co2_equivalent
Japan,2000,186.012616078876,nitrogen_trifluoride_nf3_emissions_in_kilotonne_co2_equivalent
Sweden,2008,72.853350455064,sulphur_hexafluoride_sf6_emissions_in_kilotonne_co2_equivalent
Lithuania,2011,3505.33672585866,methane_ch4_emissions_without_land_use_land_use_change_and_forestry_lulucf_in_kilotonne_co2_equivalent
Belgium,2004,148971.404765463,greenhouse_gas_ghgs_emissions_including_indirect_co2_without_lulucf_in_kilotonne_co2_equivalent
Croatia,2000,25172.9628559273,greenhouse_gas_ghgs_emissions_including_indirect_co2_without_lulucf_in_kilotonne_co2_equivalent
European Union,2013,4467372.63610733,greenhouse_gas_ghgs_emissions_including_indirect_co2_without_lulucf_in_kilotonne_co2_equivalent
Ireland,1993,52.904062713384,sulphur_hexafluoride_sf6_emissions_in_kilotonne_co2_equivalent
Norway,2014,5369.15135574197,methane_ch4_emissions_without_land_use_land_use_change_and_forestry_lulucf_in_kilotonne_co2_equivalent
Hungary,2008,71340.3700337963,greenhouse_gas_ghgs_emissions_including_indirect_co2_without_lulucf_in_kilotonne_co2_equivalent
Finland,1999,5573.50049147288,nitrous_oxide_n2o_emissions_without_land_use_land_use_change_and_forestry_lulucf_in_kilotonne_co2_equivalent
Czech Republic,2003,7.27394865331202,perfluorocarbons_pfcs_emissions_in_kilotonne_co2_equivalent
Malta,1994,2483.68564592841,greenhouse_gas_ghgs_emissions_including_indirect_co2_without_lulucf_in_kilotonne_co2_equivalent
Bulgaria,1997,70904.4217910549,greenhouse_gas_ghgs_emissions_without_land_use_land_use_change_and_forestry_lulucf_in_kilotonne_co2_equivalent
Ireland,2000,14532.2025177425,methane_ch4_emissions_without_land_use_land_use_change_and_forestry_lulucf_in_kilotonne_co2_equivalent
Greece,2004,11640.4033662938,methane_ch4_emissions_without_land_use_land_use_change_and_forestry_lulucf_in_kilotonne_co2_equivalent
Belarus,1997,0.057342,sulphur_hexafluoride_sf6_emissions_in_kilotonne_co2_equivalent
Finland,2008,5460.81837555993,methane_ch4_emissions_without_land_use_land_use_change_and_forestry_lulucf_in_kilotonne_co2_equivalent
Norway,2009,43212.0924688473,carbon_dioxide_co2_emissions_without_land_use_land_use_change_and_forestry_lulucf_in_kilotonne_co2_equivalent
European Union,2004,555673.072414182,methane_ch4_emissions_without_land_use_land_use_change_and_forestry_lulucf_in_kilotonne_co2_equivalent
Belgium,2005,8581.48814510937,nitrous_oxide_n2o_emissions_without_land_use_land_use_change_and_forestry_lulucf_in_kilotonne_co2_equivalent
Switzerland,2001,54082.8662797344,greenhouse_gas_ghgs_emissions_including_indirect_co2_without_lulucf_in_kilotonne_co2_equivalent
Poland,2004,3647.55422581431,hydrofluorocarbons_hfcs_emissions_in_kilotonne_co2_equivalent
Poland,2011,39.020696150076,sulphur_hexafluoride_sf6_emissions_in_kilotonne_co2_equivalent
United Kingdom,1999,1497.70085628574,sulphur_hexafluoride_sf6_emissions_in_kilotonne_co2_equivalent
Austria,2012,50.715244,perfluorocarbons_pfcs_emissions_in_kilotonne_co2_equivalent
Austria,2003,92018.4811411606,greenhouse_gas_ghgs_emissions_including_indirect_co2_without_lulucf_in_kilotonne_co2_equivalent
United Kingdom,2013,318.738604614944,perfluorocarbons_pfcs_emissions_in_kilotonne_co2_equivalent
Turkey,2013,438819.583998087,greenhouse_gas_ghgs_emissions_without_land_use_land_use_change_and_forestry_lulucf_in_kilotonne_co2_equivalent
Germany,1993,1143674.9023058,greenhouse_gas_ghgs_emissions_without_land_use_land_use_change_and_forestry_lulucf_in_kilotonne_co2_equivalent
Canada,2003,766107.894942836,greenhouse_gas_ghgs_emissions_including_indirect_co2_without_lulucf_in_kilotonne_co2_equivalent
United States of America,2005,7378775.49753729,greenhouse_gas_ghgs_emissions_including_indirect_co2_without_lulucf_in_kilotonne_co2_equivalent
Cyprus,1996,6156.132133961,carbon_dioxide_co2_emissions_without_land_use_land_use_change_and_forestry_lulucf_in_kilotonne_co2_equivalent
Japan,1992,7617.29310769735,perfluorocarbons_pfcs_emissions_in_kilotonne_co2_equivalent
Lithuania,2011,13919.0154984666,carbon_dioxide_co2_emissions_without_land_use_land_use_change_and_forestry_lulucf_in_kilotonne_co2_equivalent
Poland,1992,365865.15951878,carbon_dioxide_co2_emissions_without_land_use_land_use_change_and_forestry_lulucf_in_kilotonne_co2_equivalent
Germany,1992,1152900.32820838,greenhouse_gas_ghgs_emissions_without_land_use_land_use_change_and_forestry_lulucf_in_kilotonne_co2_equivalent
Iceland,2010,4730.35142972401,greenhouse_gas_ghgs_emissions_including_indirect_co2_without_lulucf_in_kilotonne_co2_equivalent
Russian Federation,1991,3535600.02489126,greenhouse_gas_ghgs_emissions_including_indirect_co2_without_lulucf_in_kilotonne_co2_equivalent
Switzerland,2011,67.7760712403523,perfluorocarbons_pfcs_emissions_in_kilotonne_co2_equivalent
Czech Republic,2012,14086.0926559991,methane_ch4_emissions_without_land_use_land_use_change_and_forestry_lulucf_in_kilotonne_co2_equivalent
New Zealand,2009,1095.7966787515,hydrofluorocarbons_hfcs_emissions_in_kilotonne_co2_equivalent
Latvia,2011,1897.76839603949,methane_ch4_emissions_without_land_use_land_use_change_and_forestry_lulucf_in_kilotonne_co2_equivalent
Norway,2007,3666.86553938301,nitrous_oxide_n2o_emissions_without_land_use_land_use_change_and_forestry_lulucf_in_kilotonne_co2_equivalent
France,2005,48969.4477288948,nitrous_oxide_n2o_emissions_without_land_use_land_use_change_and_forestry_lulucf_in_kilotonne_co2_equivalent
Russian Federation,1995,655448.422294398,methane_ch4_emissions_without_land_use_land_use_change_and_forestry_lulucf_in_kilotonne_co2_equivalent
Belarus,2014,91895.646557818,greenhouse_gas_ghgs_emissions_without_land_use_land_use_change_and_forestry_lulucf_in_kilotonne_co2_equivalent
Slovakia,2005,16.3841712,sulphur_hexafluoride_sf6_emissions_in_kilotonne_co2_equivalent
Slovenia,1991,17311.5291336356,greenhouse_gas_ghgs_emissions_including_indirect_co2_without_lulucf_in_kilotonne_co2_equivalent
Canada,2000,2902.96349562637,sulphur_hexafluoride_sf6_emissions_in_kilotonne_co2_equivalent
Luxembourg,1995,17.9033491991708,hydrofluorocarbons_hfcs_emissions_in_kilotonne_co2_equivalent
Germany,2008,973942.17132529,greenhouse_gas_ghgs_emissions_without_land_use_land_use_change_and_forestry_lulucf_in_kilotonne_co2_equivalent
Greece,1991,104767.844628879,greenhouse_gas_ghgs_emissions_including_indirect_co2_without_lulucf_in_kilotonne_co2_equivalent
France,1997,407475.111806521,carbon_dioxide_co2_emissions_without_land_use_land_use_change_and_forestry_lulucf_in_kilotonne_co2_equivalent
European Union,2000,10546.7179446828,sulphur_hexafluoride_sf6_emissions_in_kilotonne_co2_equivalent
Japan,2010,1304902.64207128,greenhouse_gas_ghgs_emissions_without_land_use_land_use_change_and_forestry_lulucf_in_kilotonne_co2_equivalent
Norway,2011,44946.8693532922,carbon_dioxide_co2_emissions_without_land_use_land_use_change_and_forestry_lulucf_in_kilotonne_co2_equivalent
Japan,2009,37169.9662038379,methane_ch4_emissions_without_land_use_land_use_change_and_forestry_lulucf_in_kilotonne_co2_equivalent
Turkey,2012,363126.007248006,carbon_dioxide_co2_emissions_without_land_use_land_use_change_and_forestry_lulucf_in_kilotonne_co2_equivalent
Netherlands,2007,12339.8672323027,nitrous_oxide_n2o_emissions_without_land_use_land_use_change_and_forestry_lulucf_in_kilotonne_co2_equivalent
Ireland,1996,171.065114228286,hydrofluorocarbons_hfcs_emissions_in_kilotonne_co2_equivalent
Denmark,2000,6837.48781306869,nitrous_oxide_n2o_emissions_without_land_use_land_use_change_and_forestry_lulucf_in_kilotonne_co2_equivalent
Switzerland,2006,185.64023260542,sulphur_hexafluoride_sf6_emissions_in_kilotonne_co2_equivalent
Sweden,2013,838.547681080345,hydrofluorocarbons_hfcs_emissions_in_kilotonne_co2_equivalent
Estonia,2014,21059.2401362604,greenhouse_gas_ghgs_emissions_including_indirect_co2_without_lulucf_in_kilotonne_co2_equivalent
Luxembourg,1990,0.876210280716,sulphur_hexafluoride_sf6_emissions_in_kilotonne_co2_equivalent
Monaco,2003,95.2988549787458,carbon_dioxide_co2_emissions_without_land_use_land_use_change_and_forestry_lulucf_in_kilotonne_co2_equivalent
Iceland,1996,3472.18388343879,greenhouse_gas_ghgs_emissions_including_indirect_co2_without_lulucf_in_kilotonne_co2_equivalent
Hungary,2005,5981.60128139731,nitrous_oxide_n2o_emissions_without_land_use_land_use_change_and_forestry_lulucf_in_kilotonne_co2_equivalent
Slovenia,2002,135.069856110016,perfluorocarbons_pfcs_emissions_in_kilotonne_co2_equivalent
Spain,2001,18524.9470457608,nitrous_oxide_n2o_emissions_without_land_use_land_use_change_and_forestry_lulucf_in_kilotonne_co2_equivalent
European Union,1997,5313562.00592722,greenhouse_gas_ghgs_emissions_without_land_use_land_use_change_and_forestry_lulucf_in_kilotonne_co2_equivalent
New Zealand,2003,16.7124,sulphur_hexafluoride_sf6_emissions_in_kilotonne_co2_equivalent
Malta,1993,1.4269608,sulphur_hexafluoride_sf6_emissions_in_kilotonne_co2_equivalent
Australia,2003,495154.085966803,greenhouse_gas_ghgs_emissions_including_indirect_co2_without_lulucf_in_kilotonne_co2_equivalent
Russian Federation,1990,1147.14975471992,sulphur_hexafluoride_sf6_emissions_in_kilotonne_co2_equivalent
Romania,1990,15496.6567854678,nitrous_oxide_n2o_emissions_without_land_use_land_use_change_and_forestry_lulucf_in_kilotonne_co2_equivalent
Canada,2010,7477.16505279579,hydrofluorocarbons_hfcs_emissions_in_kilotonne_co2_equivalent
Iceland,1999,505.193155169216,nitrous_oxide_n2o_emissions_without_land_use_land_use_change_and_forestry_lulucf_in_kilotonne_co2_equivalent
Ireland,2010,7032.34683051764,nitrous_oxide_n2o_emissions_without_land_use_land_use_change_and_forestry_lulucf_in_kilotonne_co2_equivalent
