shot_id,player_id,shot_zone,made
S1,P11698,midrange,False
S2,P734,three_point,True
S3,P4099,three_point,True
S4,P18042,three_point,False
S5,P6777,paint,True
S6,P8233,midrange,True
S7,P7898,three_point,False
S8,P19400,three_point,False
S9,P12040,paint,True
S10,P715,three_point,False
S11,P12945,three_point,True
S12,P12743,midrange,True
S13,P3792,paint,True
S14,P5756,midrange,True
S15,P18230,three_point,True
S16,P8642,paint,False
S17,P16937,paint,False
S18,P9213,paint,False
S19,P116,midrange,False
S20,P14447,midrange,True
S21,P9247,midrange,True
S22,P11139,paint,False
S23,P6683,paint,True
S24,P15420,paint,False
S25,P5077,three_point,False
S26,P7458,paint,False
S27,P10138,midrange,True
S28,P4512,midrange,True
S29,P1211,three_point,True
S30,P7030,midrange,False
S31,P9072,three_point,True
S32,P15654,paint,True
S33,P1350,paint,True
S34,P16205,midrange,False
S35,P14058,paint,True
S36,P5572,paint,False
S37,P19595,three_point,True
S38,P18501,paint,True
S39,P4004,midrange,False
S40,P4752,three_point,False
S41,P14690,three_point,True
S42,P15531,three_point,False
S43,P11244,midrange,True
S44,P14775,midrange,True
S45,P4252,paint,True
S46,P12689,midrange,True
S47,P8891,three_point,True
S48,P6332,three_point,False
S49,P15591,midrange,True
S50,P10056,midrange,False
S51,P285,midrange,True
S52,P14592,three_point,True
S53,P12078,paint,True
S54,P3845,paint,False
S55,P9807,paint,False
S56,P6846,midrange,True
S57,P18336,three_point,True
S58,P10215,paint,False
S59,P10970,midrange,True
S60,P9534,paint,False
S61,P7867,three_point,True
S62,P10991,three_point,False
S63,P14243,paint,True
S64,P12634,three_point,False
S65,P6531,paint,True
S66,P15524,three_point,True
S67,P9115,paint,True
S68,P18041,three_point,False
S69,P17794,paint,True
S70,P5924,paint,False
S71,P19616,three_point,True
S72,P17243,three_point,True
S73,P16294,midrange,True
S74,P13581,paint,True
S75,P8685,midrange,False
S76,P4935,midrange,True
S77,P15515,midrange,False
S78,P9522,three_point,True
S79,P2840,midrange,True
S80,P12397,paint,False
S81,P17341,midrange,False
S82,P13931,three_point,True
S83,P5668,three_point,True
S84,P3209,midrange,True
S85,P14582,three_point,True
S86,P15377,midrange,True
S87,P13891,midrange,True
S88,P78,three_point,False
S89,P8305,paint,False
S90,P16015,three_point,True
S91,P15549,midrange,True
S92,P17605,paint,False
S93,P1782,paint,False
S94,P6798,midrange,False
S95,P19711,paint,False
S96,P13037,three_point,True
S97,P16018,paint,True
S98,P17607,paint,False
S99,P10020,paint,True
S100,P8743,three_point,False
S101,P19696,three_point,True
S102,P5796,paint,False
S103,P3510,paint,True
S104,P13243,midrange,False
S105,P6145,paint,True
S106,P8893,three_point,False
S107,P203,midrange,False
S108,P7553,three_point,False
S109,P1747,midrange,True
S110,P18569,midrange,False
S111,P2917,paint,False
S112,P13862,three_point,True
S113,P12867,paint,False
S114,P13702,three_point,True
S115,P4620,paint,False
S116,P6835,three_point,True
S117,P1060,paint,True
S118,P10329,midrange,True
S119,P12007,paint,False
S120,P4993,midrange,False
S121,P11762,three_point,True
S122,P12290,paint,False
S123,P2494,midrange,False
S124,P11465,midrange,False
S125,P13414,midrange,False
S126,P15526,three_point,False
S127,P19297,three_point,True
S128,P14444,three_point,False
S129,P9943,midrange,True
S130,P15034,midrange,True
S131,P12304,paint,True
S132,P3073,midrange,False
S133,P14614,midrange,False
S134,P14176,midrange,True
S135,P12427,paint,True
S136,P9468,three_point,False
S137,P5497,paint,False
S138,P7926,paint,False
S139,P10944,three_point,True
S140,P16794,midrange,True
S141,P16843,midrange,False
S142,P4817,paint,False
S143,P13090,paint,False
S144,P13194,three_point,True
S145,P13476,midrange,False
S146,P7877,midrange,False
S147,P13651,midrange,False
S148,P3788,three_point,False
S149,P2003,midrange,True
S150,P14466,paint,True
S151,P13647,midrange,True
S152,P5451,three_point,True
S153,P18278,three_point,True
S154,P18052,three_point,False
S155,P9057,three_point,True
S156,P14230,three_point,True
S157,P10991,paint,True
S158,P16585,midrange,False
S159,P7785,three_point,True
S160,P15177,midrange,True
S161,P3618,three_point,True
S162,P17648,three_point,False
S163,P5683,three_point,False
S164,P19342,three_point,True
S165,P9396,midrange,True
S166,P5416,midrange,False
S167,P10330,three_point,True
S168,P2789,paint,False
S169,P15745,midrange,True
S170,P4839,paint,True
S171,P306,midrange,True
S172,P7460,midrange,True
S173,P8929,paint,False
S174,P9450,paint,False
S175,P14532,paint,False
S176,P292,paint,False
S177,P2273,paint,True
S178,P18862,paint,False
S179,P496,three_point,True
S180,P15345,midrange,False
S181,P16685,paint,True
S182,P14993,three_point,False
S183,P10525,three_point,True
S184,P1602,midrange,False
S185,P10528,paint,True
S186,P1003,paint,True
S187,P3920,paint,True
S188,P17608,midrange,False
S189,P19118,three_point,False
S190,P6744,three_point,True
S191,P7976,midrange,True
S192,P7484,paint,False
S193,P5678,midrange,False
S194,P12505,paint,True
S195,P5178,paint,False
S196,P19405,midrange,True
S197,P6779,midrange,True
S198,P19599,midrange,False
S199,P15336,midrange,False
S200,P15559,midrange,True
S201,P3535,paint,True
S202,P923,paint,True
S203,P7604,three_point,True
S204,P53,midrange,False
S205,P11984,midrange,False
S206,P6212,paint,True
S207,P18708,three_point,False
S208,P18540,midrange,False
S209,P12197,paint,True
S210,P15154,three_point,True
S211,P10777,midrange,True
S212,P13437,three_point,True
S213,P2678,paint,False
S214,P13556,paint,False
S215,P2722,three_point,False
S216,P9154,paint,True
S217,P8234,paint,True
S218,P6912,paint,True
S219,P5422,midrange,False
S220,P15745,paint,True
S221,P3286,three_point,True
S222,P3656,paint,True
S223,P9985,midrange,False
S224,P14995,three_point,False
S225,P1909,three_point,False
S226,P10539,three_point,True
S227,P19818,paint,False
S228,P599,paint,False
S229,P16971,paint,False
S230,P10511,paint,False
S231,P19020,midrange,False
S232,P17245,midrange,False
S233,P16783,three_point,False
S234,P5592,paint,False
S235,P8288,midrange,True
S236,P8083,three_point,False
S237,P5130,midrange,True
S238,P18594,three_point,False
S239,P7791,three_point,True
S240,P408,midrange,True
S241,P16918,three_point,True
S242,P16668,midrange,True
S243,P8742,paint,True
S244,P19424,three_point,False
S245,P5337,midrange,False
S246,P19271,three_point,False
S247,P12687,paint,False
S248,P2706,three_point,False
S249,P4085,three_point,False
S250,P19577,midrange,False
S251,P12103,three_point,False
S252,P19383,paint,True
S253,P16694,paint,False
S254,P9311,paint,False
S255,P3524,paint,False
S256,P9765,three_point,True
S257,P14785,three_point,True
S258,P10749,paint,False
S259,P4242,paint,False
S260,P8025,midrange,True
S261,P12585,midrange,False
S262,P5567,three_point,True
S263,P4296,three_point,True
S264,P880,paint,False
S265,P1767,paint,True
S266,P2279,paint,False
S267,P1738,three_point,False
S268,P16853,paint,True
S269,P10896,paint,False
S270,P11319,midrange,False
S271,P15192,three_point,False
S272,P12762,paint,True
S273,P10637,three_point,True
S274,P12807,midrange,True
S275,P13218,three_point,False
S276,P17065,three_point,False
S277,P19746,paint,True
S278,P7670,three_point,False
S279,P18138,three_point,True
S280,P19382,midrange,True
S281,P8784,three_point,False
S282,P9418,paint,False
S283,P13181,paint,False
S284,P6430,three_point,True
S285,P4514,midrange,False
S286,P2252,paint,True
S287,P4133,three_point,False
S288,P5598,three_point,True
S289,P7854,three_point,True
S290,P7553,midrange,False
S291,P2797,paint,True
S292,P3204,midrange,True
S293,P56,three_point,False
S294,P3233,midrange,False
S295,P10143,three_point,True
S296,P11903,midrange,False
S297,P6755,three_point,False
S298,P4530,three_point,True
S299,P16486,midrange,True
S300,P16378,midrange,True
S301,P18578,three_point,False
S302,P6993,paint,False
S303,P19647,midrange,True
S304,P5050,paint,False
S305,P17742,three_point,False
S306,P14988,midrange,True
S307,P16926,paint,False
S308,P10318,paint,True
S309,P18170,midrange,True
S310,P11631,midrange,True
S311,P12906,midrange,False
S312,P2622,three_point,True
S313,P14206,three_point,False
S314,P18551,three_point,True
S315,P13375,paint,False
S316,P12051,paint,True
S317,P4130,paint,True
S318,P5864,three_point,True
S319,P12347,three_point,True
S320,P4702,paint,True
S321,P1573,three_point,True
S322,P7309,three_point,False
S323,P7160,paint,True
S324,P12277,midrange,False
S325,P19403,three_point,False
S326,P18183,three_point,False
S327,P8326,midrange,False
S328,P16714,midrange,False
S329,P15755,midrange,False
S330,P12613,midrange,False
S331,P11795,three_point,True
S332,P3885,paint,True
S333,P12447,three_point,True
S334,P15217,three_point,True
S335,P15780,midrange,True
S336,P10895,paint,False
S337,P13036,paint,False
S338,P3165,midrange,False
S339,P12592,three_point,True
S340,P7465,midrange,False
S341,P12995,midrange,True
S342,P7734,three_point,False
S343,P735,paint,True
S344,P12942,three_point,False
S345,P6331,midrange,True
S346,P13595,midrange,False
S347,P1738,paint,True
S348,P7440,paint,False
S349,P3901,paint,False
S350,P6447,three_point,True
S351,P18946,three_point,False
S352,P17045,three_point,True
S353,P3246,three_point,False
S354,P10269,midrange,True
S355,P3028,paint,False
S356,P8989,paint,False
S357,P12488,three_point,False
S358,P11526,paint,True
S359,P19901,three_point,True
S360,P12909,paint,True
S361,P6799,midrange,True
S362,P8814,midrange,False
S363,P16038,three_point,True
S364,P16911,three_point,True
S365,P600,three_point,True
S366,P13135,midrange,False
S367,P8479,midrange,True
S368,P19977,midrange,False
S369,P16307,midrange,True
S370,P9628,midrange,True
S371,P15005,paint,True
S372,P11679,midrange,False
S373,P1495,paint,True
S374,P11107,paint,False
S375,P642,three_point,True
S376,P5032,midrange,False
S377,P3706,paint,False
S378,P5654,three_point,True
S379,P10528,midrange,False
S380,P8848,paint,True
S381,P7991,three_point,True
S382,P13475,midrange,False
S383,P1808,midrange,True
S384,P3083,three_point,True
S385,P6582,paint,False
S386,P4069,three_point,True
S387,P16531,paint,True
S388,P14549,paint,True
S389,P6858,paint,False
S390,P18563,paint,False
S391,P12282,three_point,True
S392,P12756,paint,False
S393,P13642,midrange,False
S394,P9194,paint,True
S395,P15472,paint,False
S396,P2007,three_point,False
S397,P16086,three_point,True
S398,P7221,midrange,True
S399,P13556,three_point,False
S400,P13665,three_point,False
S401,P14964,three_point,True
S402,P4231,midrange,False
S403,P9308,three_point,False
S404,P18099,paint,False
S405,P11615,three_point,True
S406,P1060,three_point,False
S407,P13298,paint,False
S408,P10087,paint,True
S409,P8736,three_point,True
S410,P15719,paint,True
S411,P15282,midrange,True
S412,P18026,three_point,True
S413,P15879,three_point,True
S414,P4430,paint,False
S415,P12303,midrange,True
S416,P5190,paint,True
S417,P4597,midrange,True
S418,P8772,midrange,True
S419,P10685,three_point,False
S420,P11683,three_point,False
S421,P11084,midrange,True
S422,P13196,three_point,False
S423,P17724,paint,False
S424,P11745,three_point,False
S425,P19718,three_point,False
S426,P14828,three_point,False
S427,P9890,midrange,True
S428,P7632,midrange,False
S429,P18401,midrange,True
S430,P18734,paint,True
S431,P5371,three_point,False
S432,P19359,midrange,False
S433,P15738,three_point,False
S434,P17374,midrange,False
S435,P10771,paint,True
S436,P8194,three_point,True
S437,P10306,three_point,True
S438,P19984,paint,True
S439,P16003,three_point,False
S440,P4919,midrange,False
S441,P17644,paint,False
S442,P13461,three_point,False
S443,P15935,paint,True
S444,P12946,paint,True
S445,P4490,three_point,False
S446,P5550,midrange,False
S447,P15743,three_point,True
S448,P3271,paint,True
S449,P3303,three_point,True
S450,P1650,midrange,True
S451,P13437,midrange,False
S452,P5848,midrange,True
S453,P12116,paint,True
S454,P216,paint,False
S455,P17322,midrange,True
S456,P13952,three_point,False
S457,P19682,three_point,True
S458,P11575,paint,False
S459,P15612,midrange,True
S460,P12429,paint,False
S461,P8274,paint,False
S462,P15949,paint,True
S463,P10978,three_point,False
S464,P11089,paint,True
S465,P14898,midrange,True
S466,P15681,midrange,True
S467,P1424,three_point,False
S468,P10323,midrange,True
S469,P15839,paint,True
S470,P7473,paint,False
S471,P5285,midrange,False
S472,P1451,paint,True
S473,P13588,three_point,False
S474,P4266,paint,True
S475,P18863,three_point,False
S476,P5287,midrange,False
S477,P379,paint,True
S478,P13874,three_point,False
S479,P10168,three_point,True
S480,P10571,three_point,False
S481,P16421,three_point,True
S482,P16329,midrange,False
S483,P12465,paint,True
S484,P19356,midrange,True
S485,P11198,paint,False
S486,P6342,three_point,True
S487,P7788,three_point,False
S488,P5318,three_point,True
S489,P4988,midrange,False
S490,P15803,three_point,True
S491,P16965,three_point,True
S492,P5217,paint,True
S493,P13781,midrange,True
S494,P13337,midrange,False
S495,P623,midrange,False
S496,P17992,paint,False
S497,P9850,three_point,True
S498,P5608,three_point,True
S499,P11879,midrange,False
S500,P15995,three_point,True
S501,P16964,midrange,True
S502,P15459,three_point,True
S503,P1321,three_point,False
S504,P11741,midrange,True
S505,P5385,three_point,True
S506,P7710,midrange,False
S507,P6983,paint,False
S508,P14901,three_point,True
S509,P2945,three_point,False
S510,P12503,midrange,False
S511,P16129,paint,True
S512,P454,three_point,False
S513,P1309,three_point,True
S514,P11002,paint,True
S515,P7634,midrange,True
S516,P18534,three_point,False
S517,P2567,midrange,False
S518,P2213,paint,True
S519,P6903,paint,False
S520,P7136,three_point,False
S521,P549,paint,True
S522,P18293,midrange,False
S523,P18022,three_point,True
S524,P8522,three_point,True
S525,P10845,midrange,False
S526,P14490,paint,False
S527,P1039,paint,True
S528,P12479,midrange,True
S529,P12980,midrange,False
S530,P8568,three_point,True
S531,P17874,midrange,False
S532,P15711,paint,True
S533,P18072,three_point,False
S534,P18584,midrange,True
S535,P4029,paint,True
S536,P7277,paint,False
S537,P2676,midrange,False
S538,P6070,three_point,False
S539,P6562,three_point,False
S540,P2960,paint,True
S541,P4780,paint,True
S542,P5938,paint,False
S543,P6590,paint,True
S544,P7583,midrange,True
S545,P9734,paint,True
S546,P14940,midrange,True
S547,P1872,paint,False
S548,P15794,midrange,False
S549,P15943,paint,True
S550,P6303,three_point,True
S551,P14318,paint,True
S552,P19043,three_point,False
S553,P18711,paint,False
S554,P6572,paint,True
S555,P4204,three_point,False
S556,P16615,three_point,False
S557,P8661,midrange,True
S558,P12274,midrange,True
S559,P11196,paint,True
S560,P395,three_point,False
S561,P13605,three_point,False
S562,P13656,three_point,True
S563,P3286,paint,False
S564,P8618,three_point,False
S565,P5887,paint,True
S566,P1886,paint,True
S567,P19079,paint,False
S568,P16239,midrange,False
S569,P11888,midrange,True
S570,P13378,paint,True
S571,P1177,midrange,True
S572,P4263,three_point,True
S573,P5660,three_point,False
S574,P7705,paint,True
S575,P10549,three_point,True
S576,P7445,paint,False
S577,P17847,three_point,False
S578,P9981,midrange,False
S579,P2743,midrange,True
S580,P3041,paint,False
S581,P10829,three_point,False
S582,P5674,paint,True
S583,P17840,midrange,False
S584,P19074,paint,False
S585,P10545,midrange,True
S586,P9038,paint,True
S587,P13767,midrange,False
S588,P5991,midrange,False
S589,P12612,midrange,False
S590,P19046,paint,False
S591,P14569,midrange,True
S592,P2098,paint,False
S593,P3233,midrange,False
S594,P12483,three_point,True
S595,P5102,three_point,False
S596,P19090,three_point,False
S597,P12100,midrange,False
S598,P7925,midrange,False
S599,P13659,three_point,False
S600,P12600,midrange,True
S601,P14195,three_point,False
S602,P9733,three_point,True
S603,P6226,paint,True
S604,P19177,paint,False
S605,P8858,midrange,True
S606,P4928,paint,True
S607,P10959,paint,False
S608,P14288,three_point,True
S609,P1414,three_point,False
S610,P19072,three_point,False
S611,P17308,three_point,False
S612,P17367,midrange,True
S613,P17683,paint,False
S614,P6829,midrange,False
S615,P12725,midrange,True
S616,P18791,three_point,True
S617,P1795,three_point,True
S618,P4331,three_point,False
S619,P9065,three_point,False
S620,P14220,midrange,False
S621,P2105,three_point,False
S622,P15755,paint,False
S623,P11576,paint,False
S624,P10513,paint,False
S625,P18504,midrange,True
S626,P9154,midrange,True
S627,P11728,midrange,False
S628,P2264,paint,True
S629,P7858,midrange,True
S630,P16455,midrange,True
S631,P8120,midrange,True
S632,P3070,midrange,False
S633,P2536,three_point,True
S634,P9583,midrange,False
S635,P1305,three_point,True
S636,P9773,three_point,False
S637,P6141,paint,False
S638,P11367,paint,False
S639,P18261,paint,False
S640,P927,paint,False
S641,P4980,midrange,True
S642,P11676,three_point,True
S643,P1635,paint,False
S644,P2443,midrange,False
S645,P13661,paint,False
S646,P11301,paint,False
S647,P17246,midrange,False
S648,P14923,midrange,False
S649,P7541,three_point,True
S650,P9192,paint,True
S651,P801,paint,True
S652,P9437,midrange,False
S653,P17512,midrange,False
S654,P9290,three_point,False
S655,P14315,three_point,False
S656,P7183,paint,False
S657,P15036,three_point,True
S658,P1362,midrange,True
S659,P1327,three_point,True
S660,P16257,paint,True
S661,P1450,paint,False
S662,P820,three_point,False
S663,P8662,three_point,True
S664,P19762,midrange,True
S665,P2060,midrange,False
S666,P13657,paint,False
S667,P6852,paint,True
S668,P19715,paint,True
S669,P15866,three_point,False
S670,P5740,paint,True
S671,P5646,three_point,False
S672,P16457,paint,True
S673,P2301,midrange,True
S674,P3387,midrange,True
S675,P19883,three_point,True
S676,P8291,three_point,False
S677,P14421,three_point,False
S678,P10210,paint,False
S679,P3429,three_point,True
S680,P15510,midrange,False
S681,P19937,three_point,False
S682,P11444,three_point,False
S683,P17560,midrange,True
S684,P15706,midrange,True
S685,P2843,paint,False
S686,P8358,midrange,True
S687,P9554,three_point,False
S688,P10935,three_point,False
S689,P7865,three_point,False
S690,P14008,midrange,False
S691,P820,midrange,False
S692,P5468,paint,True
S693,P15484,midrange,False
S694,P16239,three_point,False
S695,P15679,three_point,False
S696,P8321,paint,False
S697,P504,three_point,False
S698,P8587,three_point,True
S699,P19292,midrange,True
S700,P622,three_point,False
S701,P2965,paint,True
S702,P5975,midrange,True
S703,P8303,paint,False
S704,P1421,midrange,False
S705,P9337,midrange,False
S706,P7790,paint,True
S707,P6827,midrange,False
S708,P18218,paint,False
S709,P1377,paint,True
S710,P5329,midrange,False
S711,P12459,midrange,True
S712,P6689,three_point,False
S713,P11561,three_point,False
S714,P14721,paint,True
S715,P3249,three_point,True
S716,P6368,paint,True
S717,P6883,paint,True
S718,P17777,midrange,False
S719,P7745,three_point,False
S720,P13963,paint,False
S721,P5314,paint,False
S722,P18259,midrange,True
S723,P8082,midrange,True
S724,P2397,midrange,False
S725,P10138,three_point,True
S726,P16801,paint,True
S727,P16075,midrange,False
S728,P15820,three_point,True
S729,P14916,three_point,False
S730,P16887,midrange,False
S731,P15371,midrange,True
S732,P4517,midrange,True
S733,P2075,paint,False
S734,P9323,midrange,False
S735,P5333,paint,False
S736,P8074,paint,False
S737,P7759,three_point,False
S738,P10312,midrange,False
S739,P4824,paint,True
S740,P17938,three_point,False
S741,P1629,three_point,True
S742,P2757,three_point,True
S743,P996,three_point,True
S744,P18418,paint,True
S745,P4207,three_point,True
S746,P469,three_point,True
S747,P12387,three_point,False
S748,P17273,paint,False
S749,P12656,paint,False
S750,P16542,paint,True
S751,P7611,three_point,True
S752,P19771,paint,True
S753,P7461,paint,False
S754,P5829,midrange,True
S755,P4803,midrange,True
S756,P16585,paint,False
S757,P15762,three_point,False
S758,P1693,paint,True
S759,P6242,paint,False
S760,P4475,three_point,False
S761,P19534,midrange,True
S762,P18846,three_point,False
S763,P17824,paint,False
S764,P3333,midrange,False
S765,P19441,midrange,True
S766,P15634,three_point,False
S767,P15002,midrange,False
S768,P13034,paint,True
S769,P9626,three_point,False
S770,P10069,paint,False
S771,P13000,paint,True
S772,P13116,three_point,False
S773,P5369,midrange,True
S774,P18425,paint,True
S775,P3361,three_point,True
S776,P663,midrange,True
S777,P10155,midrange,True
S778,P6218,paint,False
S779,P18775,midrange,True
S780,P14367,midrange,False
S781,P13080,midrange,True
S782,P2387,three_point,True
S783,P17621,midrange,True
S784,P14212,midrange,True
S785,P11632,midrange,False
S786,P18850,paint,False
S787,P7032,three_point,True
S788,P3551,midrange,True
S789,P19449,paint,False
S790,P7195,midrange,False
S791,P7380,three_point,False
S792,P16912,three_point,False
S793,P3643,midrange,False
S794,P13641,three_point,True
S795,P12197,paint,True
S796,P545,paint,True
S797,P1719,paint,False
S798,P14990,three_point,False
S799,P14412,three_point,True
S800,P19977,midrange,True
S801,P8007,midrange,False
S802,P18513,three_point,False
S803,P5030,three_point,True
S804,P8481,midrange,True
S805,P6879,three_point,False
S806,P10382,three_point,True
S807,P14645,midrange,False
S808,P16605,midrange,False
S809,P5920,midrange,False
S810,P18169,paint,True
S811,P3249,three_point,False
S812,P9376,paint,False
S813,P557,paint,True
S814,P16029,three_point,True
S815,P8122,three_point,False
S816,P6645,three_point,True
S817,P10872,midrange,False
S818,P7358,midrange,False
S819,P18936,three_point,True
S820,P19461,paint,False
S821,P13528,midrange,True
S822,P5753,three_point,True
S823,P1869,three_point,True
S824,P19971,paint,False
S825,P14963,three_point,True
S826,P8182,paint,False
S827,P19372,three_point,False
S828,P10595,three_point,False
S829,P7150,paint,False
S830,P19611,midrange,True
S831,P16311,paint,False
S832,P1752,paint,True
S833,P18536,paint,True
S834,P8872,three_point,False
S835,P12503,three_point,False
S836,P10836,midrange,False
S837,P878,paint,False
S838,P322,paint,True
S839,P12652,three_point,True
S840,P2873,three_point,True
S841,P17556,paint,True
S842,P7600,paint,True
S843,P5009,paint,False
S844,P4380,midrange,False
S845,P10178,three_point,True
S846,P15152,paint,False
S847,P15473,midrange,False
S848,P13765,midrange,False
S849,P16107,three_point,False
S850,P1489,midrange,True
S851,P13500,midrange,False
S852,P16609,midrange,False
S853,P4640,paint,True
S854,P19555,paint,True
S855,P19369,three_point,True
S856,P10118,three_point,False
S857,P5396,paint,False
S858,P6554,three_point,True
S859,P13309,midrange,False
S860,P4786,paint,False
S861,P3575,midrange,True
S862,P17457,midrange,False
S863,P17819,midrange,True
S864,P16883,midrange,False
S865,P17808,midrange,True
S866,P17119,three_point,True
S867,P3631,three_point,True
S868,P566,paint,True
S869,P16879,paint,False
S870,P14066,three_point,False
S871,P12100,three_point,False
S872,P14387,midrange,False
S873,P6043,paint,True
S874,P2072,three_point,False
S875,P18980,paint,False
S876,P16017,three_point,True
S877,P14613,paint,False
S878,P518,paint,False
S879,P13515,midrange,True
S880,P18899,midrange,False
S881,P13839,paint,False
S882,P7622,paint,True
S883,P6482,three_point,False
S884,P8497,midrange,True
S885,P2632,midrange,False
S886,P6365,paint,False
S887,P12756,three_point,False
S888,P1480,midrange,True
S889,P2462,paint,False
S890,P7664,three_point,False
S891,P1293,midrange,False
S892,P4376,paint,False
S893,P8597,midrange,True
S894,P8786,three_point,True
S895,P16637,paint,False
S896,P8426,midrange,False
S897,P12438,three_point,False
S898,P6075,paint,True
S899,P16120,three_point,False
S900,P8349,midrange,True
S901,P18938,paint,False
S902,P18165,paint,False
S903,P9784,paint,False
S904,P1351,paint,True
S905,P19605,midrange,False
S906,P6721,three_point,False
S907,P9447,midrange,True
S908,P13193,three_point,False
S909,P1230,midrange,True
S910,P9528,midrange,True
S911,P19644,midrange,True
S912,P15056,midrange,True
S913,P3346,paint,True
S914,P607,three_point,False
S915,P3864,midrange,True
S916,P6543,midrange,True
S917,P5189,midrange,False
S918,P1026,paint,False
S919,P18316,paint,False
S920,P954,paint,False
S921,P15592,midrange,True
S922,P13979,three_point,True
S923,P12563,three_point,False
S924,P7540,paint,False
S925,P10675,three_point,True
S926,P9428,paint,True
S927,P18032,midrange,False
S928,P3227,midrange,False
S929,P17433,midrange,True
S930,P12497,three_point,True
S931,P10933,paint,True
S932,P9445,three_point,False
S933,P1540,midrange,True
S934,P12506,paint,False
S935,P12474,three_point,True
S936,P234,three_point,False
S937,P15504,three_point,True
S938,P15913,midrange,False
S939,P8321,paint,True
S940,P11570,three_point,True
S941,P6240,paint,False
S942,P18908,paint,False
S943,P13819,three_point,False
S944,P4249,three_point,False
S945,P8076,midrange,True
S946,P17686,midrange,True
S947,P2193,paint,False
S948,P9252,paint,True
S949,P14131,paint,False
S950,P16433,paint,False
S951,P2878,paint,False
S952,P1215,three_point,False
S953,P6566,three_point,True
S954,P17346,paint,True
S955,P5690,midrange,False
S956,P10194,three_point,True
S957,P9299,paint,False
S958,P15866,midrange,False
S959,P9592,three_point,True
S960,P13485,paint,True
S961,P18391,paint,False
S962,P15975,midrange,False
S963,P18244,midrange,False
S964,P14428,three_point,False
S965,P10375,paint,True
S966,P16174,paint,False
S967,P8040,three_point,True
S968,P19478,paint,True
S969,P4516,midrange,False
S970,P9187,three_point,True
S971,P5314,midrange,False
S972,P853,midrange,False
S973,P2930,midrange,False
S974,P8567,paint,True
S975,P17203,paint,True
S976,P15799,paint,True
S977,P6139,paint,True
S978,P16952,paint,False
S979,P18376,midrange,False
S980,P8815,midrange,True
S981,P16541,paint,True
S982,P4588,paint,True
S983,P11311,three_point,True
S984,P10136,midrange,False
S985,P7415,midrange,False
S986,P6520,paint,False
S987,P17937,three_point,False
S988,P19207,midrange,True
S989,P5012,paint,False
S990,P16768,three_point,False
S991,P2709,paint,True
S992,P19995,midrange,True
S993,P11465,three_point,False
S994,P17912,midrange,False
S995,P11036,midrange,False
S996,P3016,paint,False
S997,P2599,paint,False
S998,P16531,three_point,False
S999,P7491,midrange,True
S1000,P19383,three_point,False
S1001,P1535,midrange,True
S1002,P2932,paint,False
S1003,P7085,three_point,False
S1004,P1411,midrange,False
S1005,P7344,midrange,False
S1006,P2465,paint,False
S1007,P11525,three_point,False
S1008,P6308,paint,False
S1009,P19873,paint,False
S1010,P6823,midrange,False
S1011,P9496,three_point,True
S1012,P19532,paint,True
S1013,P1909,three_point,True
S1014,P8368,three_point,False
S1015,P10637,three_point,True
S1016,P747,paint,False
S1017,P18205,three_point,True
S1018,P17031,midrange,True
S1019,P7898,three_point,False
S1020,P17551,three_point,False
S1021,P17290,three_point,False
S1022,P14496,midrange,True
S1023,P15604,paint,False
S1024,P5180,paint,False
S1025,P17875,paint,True
S1026,P17360,paint,False
S1027,P880,midrange,True
S1028,P13841,paint,False
S1029,P19633,three_point,True
S1030,P8037,paint,True
S1031,P17861,paint,True
S1032,P15786,paint,True
S1033,P11339,paint,False
S1034,P14220,paint,False
S1035,P3394,midrange,False
S1036,P7162,three_point,True
S1037,P525,paint,False
S1038,P15649,midrange,True
S1039,P11076,paint,True
S1040,P8014,three_point,True
S1041,P18704,paint,True
S1042,P18365,three_point,True
S1043,P4377,midrange,False
S1044,P15935,three_point,True
S1045,P16015,paint,True
S1046,P2936,midrange,True
S1047,P15328,three_point,False
S1048,P12936,three_point,True
S1049,P8190,paint,True
S1050,P5067,paint,True
S1051,P416,three_point,True
S1052,P8482,paint,True
S1053,P3990,midrange,True
S1054,P5358,midrange,False
S1055,P6550,paint,False
S1056,P11155,paint,False
S1057,P3614,paint,True
S1058,P9951,three_point,True
S1059,P4536,three_point,True
S1060,P8791,three_point,False
S1061,P1173,midrange,False
S1062,P17964,midrange,True
S1063,P116,midrange,True
S1064,P4028,three_point,True
S1065,P12549,midrange,False
S1066,P3259,paint,False
S1067,P15614,paint,True
S1068,P601,midrange,False
S1069,P11677,paint,False
S1070,P1533,midrange,True
S1071,P3550,midrange,False
S1072,P9438,midrange,False
S1073,P8126,paint,False
S1074,P17027,three_point,True
S1075,P14925,paint,True
S1076,P444,midrange,False
S1077,P13263,midrange,True
S1078,P1310,midrange,True
S1079,P3523,midrange,True
S1080,P187,paint,False
S1081,P3910,midrange,False
S1082,P8997,three_point,False
S1083,P9599,paint,False
S1084,P18715,midrange,True
S1085,P11071,three_point,True
S1086,P13831,paint,False
S1087,P9075,paint,False
S1088,P147,midrange,True
S1089,P17520,three_point,False
S1090,P1911,paint,True
S1091,P14389,midrange,True
S1092,P1879,three_point,True
S1093,P17963,midrange,True
S1094,P14075,midrange,False
S1095,P19508,midrange,True
S1096,P16057,three_point,False
S1097,P3730,paint,False
S1098,P6360,paint,True
S1099,P13489,midrange,False
S1100,P12858,midrange,False
S1101,P10865,midrange,False
S1102,P1212,midrange,False
S1103,P17505,three_point,True
S1104,P19198,three_point,False
S1105,P5338,midrange,True
S1106,P4002,paint,False
S1107,P18869,three_point,False
S1108,P15427,paint,True
S1109,P279,three_point,False
S1110,P19670,midrange,False
S1111,P12343,three_point,True
S1112,P737,three_point,False
S1113,P12136,midrange,True
S1114,P6109,three_point,False
S1115,P15591,paint,False
S1116,P13481,three_point,False
S1117,P1493,midrange,True
S1118,P16684,three_point,True
S1119,P4981,three_point,True
S1120,P19505,midrange,True
S1121,P9621,paint,True
S1122,P11043,paint,True
S1123,P1202,midrange,False
S1124,P19825,midrange,True
S1125,P15167,paint,True
S1126,P7327,three_point,True
S1127,P13900,three_point,False
S1128,P11178,three_point,True
S1129,P3950,three_point,True
S1130,P11948,paint,True
S1131,P14496,midrange,False
S1132,P11451,midrange,False
S1133,P15592,three_point,True
S1134,P8486,paint,True
S1135,P7717,three_point,False
S1136,P1485,midrange,False
S1137,P16491,midrange,False
S1138,P11838,paint,True
S1139,P7737,three_point,False
S1140,P19493,midrange,True
S1141,P6690,paint,True
S1142,P10985,paint,True
S1143,P11746,midrange,False
S1144,P9493,paint,True
S1145,P5567,midrange,True
S1146,P11212,three_point,True
S1147,P11476,midrange,False
S1148,P19167,three_point,True
S1149,P16446,midrange,False
S1150,P11677,midrange,False
S1151,P12569,paint,False
S1152,P7673,three_point,True
S1153,P7536,paint,False
S1154,P2978,paint,True
S1155,P14622,paint,True
S1156,P19419,midrange,False
S1157,P12089,midrange,True
S1158,P6668,paint,True
S1159,P3130,midrange,False
S1160,P10444,three_point,True
S1161,P917,three_point,True
S1162,P8422,midrange,False
S1163,P3680,paint,False
S1164,P11733,paint,True
S1165,P15375,midrange,False
S1166,P9329,midrange,False
S1167,P5833,paint,True
S1168,P9601,three_point,True
S1169,P11191,three_point,False
S1170,P10200,three_point,True
S1171,P11019,paint,True
S1172,P8972,paint,False
S1173,P16994,midrange,False
S1174,P11267,midrange,False
S1175,P12067,three_point,True
S1176,P14305,three_point,True
S1177,P19505,paint,False
S1178,P7119,three_point,False
S1179,P16882,midrange,False
S1180,P2930,three_point,False
S1181,P12381,three_point,False
S1182,P1715,midrange,True
S1183,P6500,midrange,True
S1184,P1699,paint,True
S1185,P19392,paint,True
S1186,P13990,midrange,False
S1187,P15404,paint,False
S1188,P14637,paint,False
S1189,P12125,midrange,True
S1190,P635,three_point,True
S1191,P18406,three_point,True
S1192,P11506,midrange,True
S1193,P4920,midrange,False
S1194,P18899,paint,False
S1195,P9608,midrange,True
S1196,P19217,midrange,False
S1197,P11432,midrange,True
S1198,P8853,three_point,False
S1199,P180,paint,False
S1200,P16566,paint,False
S1201,P6550,paint,True
S1202,P19467,paint,False
S1203,P9228,paint,False
S1204,P5984,midrange,False
S1205,P14496,three_point,False
S1206,P12388,paint,True
S1207,P9134,midrange,False
S1208,P4938,midrange,True
S1209,P930,three_point,True
S1210,P14940,midrange,True
S1211,P12842,paint,False
S1212,P18924,midrange,False
S1213,P8776,three_point,False
S1214,P2318,paint,False
S1215,P8117,three_point,False
S1216,P17433,three_point,True
S1217,P4155,paint,False
S1218,P15468,midrange,True
S1219,P10408,midrange,False
S1220,P10062,paint,True
S1221,P12823,midrange,False
S1222,P14073,paint,False
S1223,P8617,paint,True
S1224,P8127,midrange,True
S1225,P18186,midrange,True
S1226,P10642,paint,True
S1227,P4651,paint,True
S1228,P3168,three_point,False
S1229,P6422,midrange,True
S1230,P12630,paint,False
S1231,P13557,paint,True
S1232,P16394,paint,True
S1233,P6125,three_point,False
S1234,P15444,three_point,True
S1235,P16816,paint,False
S1236,P15921,three_point,False
S1237,P18694,three_point,True
S1238,P19136,three_point,False
S1239,P14274,paint,True
S1240,P8788,midrange,True
S1241,P10750,midrange,False
S1242,P7053,midrange,False
S1243,P18039,midrange,True
S1244,P4795,three_point,True
S1245,P710,midrange,True
S1246,P19201,three_point,False
S1247,P7034,three_point,True
S1248,P19891,paint,False
S1249,P19907,three_point,False
S1250,P14546,midrange,True
S1251,P10908,midrange,True
S1252,P18804,three_point,True
S1253,P5719,three_point,True
S1254,P4521,three_point,False
S1255,P1645,midrange,True
S1256,P14220,three_point,False
S1257,P7966,three_point,True
S1258,P324,three_point,True
S1259,P5357,three_point,False
S1260,P15094,midrange,True
S1261,P4543,three_point,False
S1262,P17689,three_point,False
S1263,P4501,midrange,True
S1264,P9705,paint,True
S1265,P9164,midrange,True
S1266,P9958,midrange,True
S1267,P14292,paint,True
S1268,P15111,three_point,True
S1269,P2870,paint,True
S1270,P4634,paint,False
S1271,P5785,paint,False
S1272,P8381,midrange,True
S1273,P3237,three_point,False
S1274,P10872,midrange,True
S1275,P19991,three_point,False
S1276,P12312,three_point,True
S1277,P11730,paint,True
S1278,P15716,midrange,False
S1279,P14224,paint,True
S1280,P255,midrange,True
S1281,P3952,midrange,True
S1282,P14091,midrange,True
S1283,P15487,paint,False
S1284,P14905,paint,True
S1285,P6148,midrange,False
S1286,P14947,three_point,True
S1287,P9425,three_point,False
S1288,P6878,paint,True
S1289,P16814,midrange,False
S1290,P18291,paint,False
S1291,P2376,paint,True
S1292,P8492,three_point,True
S1293,P15746,three_point,False
S1294,P16546,midrange,False
S1295,P15960,three_point,False
S1296,P17658,paint,False
S1297,P13647,three_point,True
S1298,P2322,paint,False
S1299,P7758,midrange,False
S1300,P5782,three_point,False
S1301,P298,paint,True
S1302,P5608,paint,True
S1303,P11918,paint,True
S1304,P12969,three_point,False
S1305,P697,midrange,True
S1306,P14021,midrange,True
S1307,P5921,paint,False
S1308,P10412,three_point,True
S1309,P13476,midrange,True
S1310,P1276,midrange,False
S1311,P17307,midrange,False
S1312,P18319,three_point,True
S1313,P13901,midrange,True
S1314,P17956,paint,True
S1315,P14393,three_point,True
S1316,P364,midrange,False
S1317,P7170,paint,True
S1318,P17207,paint,False
S1319,P1543,paint,False
S1320,P1239,three_point,True
S1321,P11521,paint,False
S1322,P2919,paint,True
S1323,P5442,midrange,True
S1324,P19508,paint,False
S1325,P15721,three_point,True
S1326,P5787,three_point,True
S1327,P19268,paint,False
S1328,P14240,midrange,False
S1329,P12174,paint,False
S1330,P10172,midrange,False
S1331,P18850,midrange,True
S1332,P5127,paint,False
S1333,P9921,paint,True
S1334,P4334,paint,True
S1335,P17433,midrange,True
S1336,P16793,midrange,True
S1337,P161,midrange,True
S1338,P11401,paint,False
S1339,P4258,midrange,False
S1340,P15406,midrange,False
S1341,P6339,three_point,True
S1342,P10500,three_point,False
S1343,P6134,three_point,False
S1344,P2018,midrange,False
S1345,P13432,three_point,False
S1346,P5659,midrange,True
S1347,P9689,three_point,True
S1348,P9122,midrange,False
S1349,P3729,three_point,False
S1350,P11415,three_point,True
S1351,P10601,midrange,True
S1352,P9297,three_point,False
S1353,P13974,three_point,False
S1354,P15931,paint,False
S1355,P13788,three_point,False
S1356,P12344,midrange,False
S1357,P16137,paint,True
S1358,P6761,three_point,False
S1359,P16481,paint,False
S1360,P9682,midrange,False
S1361,P10992,three_point,True
S1362,P9996,three_point,True
S1363,P11979,three_point,True
S1364,P11194,midrange,False
S1365,P18566,three_point,False
S1366,P15581,paint,False
S1367,P3307,three_point,True
S1368,P1914,paint,False
S1369,P3194,midrange,True
S1370,P6177,paint,True
S1371,P1895,paint,True
S1372,P6040,paint,False
S1373,P19766,paint,True
S1374,P10711,midrange,True
S1375,P18835,midrange,False
S1376,P3191,midrange,False
S1377,P16542,midrange,True
S1378,P16355,three_point,True
S1379,P3372,three_point,True
S1380,P7770,three_point,False
S1381,P4804,paint,True
S1382,P12886,three_point,False
S1383,P19271,three_point,True
S1384,P10339,midrange,False
S1385,P13863,paint,False
S1386,P18472,three_point,False
S1387,P15727,three_point,False
S1388,P4151,three_point,False
S1389,P17542,paint,True
S1390,P13141,three_point,False
S1391,P13874,three_point,False
S1392,P10147,midrange,False
S1393,P9857,paint,True
S1394,P19151,paint,False
S1395,P9230,paint,True
S1396,P8556,three_point,False
S1397,P18176,paint,True
S1398,P4499,three_point,False
S1399,P15132,three_point,False
S1400,P4508,midrange,False
S1401,P14425,midrange,True
S1402,P590,midrange,True
S1403,P5682,paint,False
S1404,P19963,midrange,True
S1405,P9708,paint,False
S1406,P4615,paint,True
S1407,P17317,midrange,True
S1408,P2145,three_point,False
S1409,P13002,paint,False
S1410,P17834,three_point,False
S1411,P14573,three_point,True
S1412,P15764,midrange,False
S1413,P8100,midrange,False
S1414,P14214,paint,False
S1415,P16484,midrange,False
S1416,P1066,midrange,False
S1417,P4034,midrange,True
S1418,P15202,midrange,True
S1419,P9189,midrange,False
S1420,P9284,three_point,True
S1421,P18403,paint,True
S1422,P7809,three_point,False
S1423,P9636,three_point,True
S1424,P10305,midrange,False
S1425,P19490,three_point,False
S1426,P15490,midrange,False
S1427,P12260,midrange,False
S1428,P3856,three_point,False
S1429,P8460,three_point,True
S1430,P6493,midrange,False
S1431,P17222,midrange,True
S1432,P14385,midrange,False
S1433,P12549,midrange,True
S1434,P16107,paint,True
S1435,P14287,paint,True
S1436,P14124,three_point,False
S1437,P18399,midrange,True
S1438,P6867,midrange,False
S1439,P11695,midrange,True
S1440,P13336,three_point,False
S1441,P16971,paint,True
S1442,P16472,three_point,False
S1443,P3525,paint,False
S1444,P11550,paint,False
S1445,P14376,three_point,True
S1446,P4348,paint,False
S1447,P12931,paint,True
S1448,P1610,midrange,True
S1449,P13521,three_point,False
S1450,P19883,midrange,True
S1451,P10190,paint,False
S1452,P14741,three_point,False
S1453,P19582,midrange,True
S1454,P2254,three_point,True
S1455,P5427,paint,False
S1456,P17052,midrange,True
S1457,P5466,three_point,False
S1458,P17902,three_point,True
S1459,P16731,midrange,False
S1460,P432,three_point,False
S1461,P2391,midrange,True
S1462,P96,paint,True
S1463,P5901,paint,True
S1464,P2430,paint,True
S1465,P15778,paint,False
S1466,P11520,three_point,False
S1467,P12793,three_point,False
S1468,P19839,midrange,False
S1469,P13324,midrange,True
S1470,P2556,midrange,False
S1471,P2292,midrange,True
S1472,P4134,paint,False
S1473,P16803,midrange,False
S1474,P15473,three_point,True
S1475,P2931,paint,False
S1476,P321,three_point,True
S1477,P19183,midrange,True
S1478,P10924,paint,True
S1479,P2646,three_point,True
S1480,P18177,midrange,False
S1481,P3225,three_point,False
S1482,P3394,paint,False
S1483,P12510,midrange,False
S1484,P9443,midrange,True
S1485,P2515,three_point,True
S1486,P7377,paint,False
S1487,P16528,midrange,True
S1488,P12670,three_point,True
S1489,P15954,three_point,True
S1490,P14722,three_point,True
S1491,P16252,three_point,False
S1492,P11923,three_point,False
S1493,P16712,midrange,False
S1494,P956,midrange,False
S1495,P4852,midrange,True
S1496,P15208,paint,False
S1497,P18305,paint,False
S1498,P5700,paint,False
S1499,P6260,three_point,False
S1500,P6962,paint,True
S1501,P8891,three_point,False
S1502,P18337,paint,False
S1503,P1816,midrange,True
S1504,P11092,midrange,True
S1505,P10933,midrange,False
S1506,P4699,midrange,False
S1507,P18158,paint,False
S1508,P4786,three_point,False
S1509,P15745,paint,False
S1510,P5638,midrange,False
S1511,P3452,three_point,True
S1512,P13991,three_point,True
S1513,P15507,three_point,False
S1514,P15240,three_point,False
S1515,P4994,three_point,True
S1516,P8078,paint,True
S1517,P756,midrange,False
S1518,P1358,midrange,False
S1519,P8611,midrange,True
S1520,P19269,paint,True
S1521,P19816,midrange,False
S1522,P7852,three_point,False
S1523,P15690,midrange,True
S1524,P15509,three_point,False
S1525,P16822,midrange,True
S1526,P12217,midrange,True
S1527,P12610,three_point,True
S1528,P19294,three_point,False
S1529,P18765,paint,True
S1530,P8206,midrange,True
S1531,P2721,midrange,False
S1532,P2137,paint,True
S1533,P12268,paint,False
S1534,P5936,three_point,True
S1535,P6969,paint,True
S1536,P502,midrange,True
S1537,P12600,midrange,True
S1538,P11185,paint,True
S1539,P15991,three_point,False
S1540,P1316,three_point,False
S1541,P12880,midrange,False
S1542,P19937,paint,False
S1543,P5963,paint,True
S1544,P12878,three_point,True
S1545,P8777,three_point,False
S1546,P8863,midrange,True
S1547,P2223,three_point,True
S1548,P3015,paint,False
S1549,P1548,paint,True
S1550,P10796,three_point,False
S1551,P19585,three_point,False
S1552,P10872,paint,True
S1553,P8754,midrange,False
S1554,P12919,paint,True
S1555,P17657,midrange,True
S1556,P1419,paint,True
S1557,P1670,midrange,False
S1558,P18168,midrange,False
S1559,P2130,midrange,False
S1560,P9814,midrange,True
S1561,P1702,paint,False
S1562,P16594,three_point,False
S1563,P8795,three_point,False
S1564,P12500,three_point,True
S1565,P4230,paint,True
S1566,P1783,three_point,False
S1567,P12071,paint,False
S1568,P7919,paint,False
S1569,P16074,paint,True
S1570,P8387,three_point,False
S1571,P3758,paint,True
S1572,P9138,paint,False
S1573,P12416,paint,True
S1574,P13271,three_point,True
S1575,P15422,paint,True
S1576,P18979,three_point,True
S1577,P12904,three_point,False
S1578,P3991,paint,True
S1579,P12369,midrange,True
S1580,P17024,midrange,True
S1581,P15271,three_point,False
S1582,P10566,paint,False
S1583,P2226,three_point,True
S1584,P9784,paint,False
S1585,P326,three_point,True
S1586,P1924,three_point,False
S1587,P654,paint,False
S1588,P8908,midrange,True
S1589,P9420,midrange,False
S1590,P4230,three_point,False
S1591,P12053,three_point,True
S1592,P13540,three_point,True
S1593,P1751,three_point,True
S1594,P16580,three_point,True
S1595,P3079,midrange,False
S1596,P10854,midrange,False
S1597,P665,paint,True
S1598,P15443,three_point,True
S1599,P2516,paint,False
S1600,P15373,midrange,False
S1601,P7581,midrange,False
S1602,P6221,three_point,True
S1603,P238,three_point,False
S1604,P2415,paint,True
S1605,P11319,three_point,True
S1606,P7858,midrange,False
S1607,P18569,paint,True
S1608,P13245,midrange,True
S1609,P9355,paint,False
S1610,P17370,paint,True
S1611,P7440,paint,True
S1612,P15143,paint,True
S1613,P4900,three_point,False
S1614,P3557,three_point,False
S1615,P13281,midrange,False
S1616,P11470,paint,True
S1617,P5853,three_point,False
S1618,P5720,three_point,True
S1619,P8455,paint,True
S1620,P19364,midrange,False
S1621,P16549,midrange,False
S1622,P9423,midrange,True
S1623,P7145,paint,True
S1624,P18071,midrange,False
S1625,P7230,three_point,True
S1626,P9093,three_point,False
S1627,P18558,paint,True
S1628,P8425,three_point,True
S1629,P18626,midrange,True
S1630,P7958,paint,True
S1631,P18206,paint,False
S1632,P16160,paint,True
S1633,P3270,three_point,False
S1634,P5816,midrange,False
S1635,P16997,paint,False
S1636,P9701,midrange,True
S1637,P544,midrange,True
S1638,P18967,three_point,True
S1639,P14012,paint,True
S1640,P5001,paint,True
S1641,P6627,paint,True
S1642,P1452,midrange,False
S1643,P4120,midrange,True
S1644,P3604,three_point,True
S1645,P18904,three_point,False
S1646,P17700,midrange,False
S1647,P18232,paint,True
S1648,P12,midrange,True
S1649,P6427,paint,False
S1650,P17284,three_point,True
S1651,P9200,paint,False
S1652,P780,paint,False
S1653,P8888,paint,False
S1654,P3092,three_point,False
S1655,P10193,paint,False
S1656,P11154,midrange,False
S1657,P6613,midrange,True
S1658,P13568,paint,True
S1659,P6237,midrange,True
S1660,P626,midrange,False
S1661,P14154,midrange,False
S1662,P1953,paint,False
S1663,P7376,paint,False
S1664,P7263,paint,True
S1665,P2176,three_point,True
S1666,P14545,three_point,True
S1667,P13857,paint,False
S1668,P11730,three_point,False
S1669,P2482,paint,False
S1670,P1627,midrange,False
S1671,P17937,paint,False
S1672,P9972,midrange,True
S1673,P9094,three_point,True
S1674,P19451,midrange,False
S1675,P8571,paint,False
S1676,P9603,paint,False
S1677,P7669,midrange,True
S1678,P17344,paint,True
S1679,P10933,three_point,True
S1680,P16069,paint,False
S1681,P14777,midrange,True
S1682,P14338,midrange,True
S1683,P4991,three_point,True
S1684,P10777,paint,False
S1685,P4680,midrange,True
S1686,P17449,midrange,True
S1687,P6432,three_point,False
S1688,P1923,paint,True
S1689,P4682,midrange,False
S1690,P9188,paint,True
S1691,P9994,three_point,True
S1692,P14759,midrange,False
S1693,P9347,paint,False
S1694,P19075,paint,True
S1695,P15273,paint,False
S1696,P9086,midrange,True
S1697,P9855,paint,False
S1698,P13330,midrange,True
S1699,P8134,three_point,True
S1700,P384,midrange,False
S1701,P8125,paint,True
S1702,P10140,paint,True
S1703,P11958,three_point,True
S1704,P3674,paint,True
S1705,P4247,midrange,False
S1706,P8483,midrange,True
S1707,P14042,midrange,False
S1708,P11363,three_point,False
S1709,P5390,midrange,False
S1710,P2314,midrange,True
S1711,P11323,three_point,True
S1712,P1428,midrange,False
S1713,P7394,paint,True
S1714,P11304,paint,True
S1715,P8459,three_point,False
S1716,P16227,paint,False
S1717,P7814,three_point,False
S1718,P7005,midrange,True
S1719,P17570,paint,True
S1720,P18506,three_point,False
S1721,P3726,paint,True
S1722,P6225,paint,True
S1723,P14983,midrange,False
S1724,P8755,three_point,True
S1725,P18679,midrange,True
S1726,P11625,paint,True
S1727,P750,midrange,False
S1728,P18354,three_point,True
S1729,P12942,paint,False
S1730,P17249,midrange,True
S1731,P11822,three_point,False
S1732,P13277,three_point,False
S1733,P8032,midrange,True
S1734,P16958,paint,True
S1735,P791,midrange,False
S1736,P8315,paint,True
S1737,P243,paint,True
S1738,P11751,paint,False
S1739,P9329,paint,True
S1740,P19870,three_point,False
S1741,P4770,midrange,True
S1742,P17728,midrange,False
S1743,P11943,paint,True
S1744,P4796,paint,False
S1745,P6204,paint,False
S1746,P19205,three_point,True
S1747,P19565,three_point,False
S1748,P17232,midrange,False
S1749,P9814,midrange,False
S1750,P6123,midrange,True
S1751,P17968,three_point,False
S1752,P19120,paint,True
S1753,P16501,three_point,False
S1754,P9396,paint,False
S1755,P3288,midrange,True
S1756,P17399,three_point,True
S1757,P14352,paint,True
S1758,P7438,midrange,False
S1759,P16774,three_point,True
S1760,P8119,three_point,True
S1761,P5853,midrange,True
S1762,P444,paint,False
S1763,P8929,paint,False
S1764,P7053,paint,True
S1765,P13257,midrange,False
S1766,P12891,midrange,True
S1767,P16489,midrange,False
S1768,P8911,paint,True
S1769,P2835,paint,False
S1770,P2834,paint,False
S1771,P14737,paint,True
S1772,P15685,midrange,False
S1773,P17383,paint,True
S1774,P13209,midrange,False
S1775,P10445,paint,False
S1776,P12253,three_point,True
S1777,P17172,midrange,False
S1778,P8469,midrange,False
S1779,P3217,midrange,True
S1780,P14732,midrange,False
S1781,P8869,paint,True
S1782,P1753,midrange,True
S1783,P2903,three_point,False
S1784,P18731,midrange,True
S1785,P6015,three_point,False
S1786,P11351,paint,False
S1787,P5929,midrange,True
S1788,P15087,midrange,True
S1789,P6526,three_point,True
S1790,P7454,three_point,True
S1791,P19885,paint,False
S1792,P5456,paint,True
S1793,P17447,midrange,False
S1794,P4049,paint,False
S1795,P14588,three_point,False
S1796,P14490,paint,True
S1797,P11535,paint,True
S1798,P5575,three_point,False
S1799,P7807,three_point,True
S1800,P15604,midrange,True
S1801,P13635,three_point,False
S1802,P15668,three_point,True
S1803,P11437,midrange,False
S1804,P6806,three_point,True
S1805,P12739,paint,True
S1806,P3727,midrange,True
S1807,P10622,three_point,True
S1808,P6276,midrange,False
S1809,P11406,three_point,False
S1810,P7397,paint,True
S1811,P6262,midrange,False
S1812,P6982,midrange,True
S1813,P5570,midrange,False
S1814,P11059,three_point,False
S1815,P18222,paint,False
S1816,P19885,paint,False
S1817,P13517,three_point,False
S1818,P17904,three_point,True
S1819,P15555,three_point,False
S1820,P8398,three_point,False
S1821,P18918,paint,True
S1822,P4976,paint,False
S1823,P16434,midrange,True
S1824,P17696,three_point,False
S1825,P4269,midrange,True
S1826,P15388,midrange,False
S1827,P1017,three_point,True
S1828,P19263,midrange,False
S1829,P16482,midrange,False
S1830,P17548,paint,False
S1831,P7720,paint,True
S1832,P792,three_point,False
S1833,P18725,paint,True
S1834,P15352,three_point,False
S1835,P19367,paint,True
S1836,P4716,midrange,True
S1837,P16868,three_point,True
S1838,P13996,midrange,True
S1839,P6679,three_point,False
S1840,P8825,paint,True
S1841,P15493,midrange,False
S1842,P6350,paint,False
S1843,P17568,paint,False
S1844,P19507,midrange,False
S1845,P14226,paint,False
S1846,P8932,paint,True
S1847,P10429,midrange,False
S1848,P7882,midrange,True
S1849,P8249,paint,False
S1850,P8590,midrange,True
S1851,P2447,paint,False
S1852,P9025,three_point,False
S1853,P13974,three_point,False
S1854,P1425,three_point,True
S1855,P6143,midrange,False
S1856,P13834,paint,False
S1857,P17301,midrange,False
S1858,P11594,midrange,False
S1859,P4072,paint,True
S1860,P10184,paint,False
S1861,P18190,midrange,True
S1862,P19501,midrange,True
S1863,P14192,paint,True
S1864,P17014,midrange,False
S1865,P19310,midrange,False
S1866,P8564,midrange,False
S1867,P19156,three_point,False
S1868,P9,three_point,True
S1869,P11273,three_point,False
S1870,P14868,paint,False
S1871,P2313,three_point,True
S1872,P3005,three_point,True
S1873,P11026,midrange,True
S1874,P12983,three_point,False
S1875,P13925,paint,True
S1876,P5441,paint,False
S1877,P8915,midrange,True
S1878,P18206,midrange,True
S1879,P9522,three_point,False
S1880,P2899,three_point,True
S1881,P16952,paint,True
S1882,P9060,three_point,False
S1883,P5402,midrange,True
S1884,P18462,paint,False
S1885,P17073,three_point,False
S1886,P4054,midrange,False
S1887,P13769,paint,True
S1888,P13201,three_point,False
S1889,P10176,paint,True
S1890,P12099,three_point,False
S1891,P2491,paint,True
S1892,P19183,paint,True
S1893,P8066,paint,False
S1894,P17702,paint,True
S1895,P14691,midrange,False
S1896,P8504,three_point,True
S1897,P16520,paint,True
S1898,P9717,three_point,False
S1899,P4245,three_point,True
S1900,P10768,three_point,True
S1901,P14042,three_point,False
S1902,P4484,three_point,True
S1903,P18722,midrange,True
S1904,P18644,paint,False
S1905,P3601,midrange,True
S1906,P5133,midrange,False
S1907,P3067,midrange,False
S1908,P12982,midrange,True
S1909,P4175,three_point,False
S1910,P3620,paint,True
S1911,P9707,three_point,True
S1912,P5350,midrange,False
S1913,P11419,three_point,True
S1914,P15950,three_point,True
S1915,P5390,midrange,True
S1916,P7361,three_point,True
S1917,P1235,three_point,False
S1918,P15175,midrange,False
S1919,P9072,paint,False
S1920,P23,three_point,False
S1921,P811,midrange,True
S1922,P7567,midrange,False
S1923,P1019,three_point,True
S1924,P2701,midrange,False
S1925,P3517,midrange,True
S1926,P11630,three_point,True
S1927,P4533,three_point,False
S1928,P10161,midrange,False
S1929,P4940,three_point,True
S1930,P5728,three_point,False
S1931,P11562,paint,False
S1932,P2266,paint,True
S1933,P2472,three_point,True
S1934,P5709,paint,False
S1935,P4313,midrange,True
S1936,P376,midrange,False
S1937,P3990,midrange,True
S1938,P11564,paint,False
S1939,P15316,midrange,True
S1940,P8016,three_point,False
S1941,P2852,three_point,False
S1942,P1295,midrange,True
S1943,P15896,three_point,False
S1944,P14968,three_point,False
S1945,P1106,midrange,False
S1946,P15664,midrange,False
S1947,P12317,midrange,False
S1948,P3775,three_point,True
S1949,P14532,paint,True
S1950,P1378,three_point,True
S1951,P8847,three_point,True
S1952,P6547,paint,False
S1953,P15482,midrange,False
S1954,P4942,three_point,False
S1955,P7116,paint,True
S1956,P3334,midrange,True
S1957,P10277,paint,True
S1958,P15466,midrange,False
S1959,P1680,midrange,True
S1960,P15082,three_point,False
S1961,P2999,midrange,False
S1962,P6805,paint,False
S1963,P5917,three_point,True
S1964,P11125,three_point,True
S1965,P15233,paint,True
S1966,P13915,paint,True
S1967,P15472,midrange,False
S1968,P3651,paint,False
S1969,P11138,paint,True
S1970,P7551,three_point,False
S1971,P2387,midrange,True
S1972,P11713,midrange,False
S1973,P10970,three_point,False
S1974,P1720,midrange,False
S1975,P8911,midrange,True
S1976,P11129,paint,True
S1977,P5940,three_point,False
S1978,P9656,midrange,False
S1979,P1460,paint,True
S1980,P4748,paint,False
S1981,P1296,midrange,True
S1982,P13009,paint,True
S1983,P3671,three_point,True
S1984,P12298,three_point,False
S1985,P13107,midrange,False
S1986,P9294,paint,True
S1987,P3824,midrange,True
S1988,P2179,three_point,False
S1989,P19726,three_point,True
S1990,P4966,midrange,True
S1991,P1225,three_point,False
S1992,P10309,paint,False
S1993,P12147,midrange,False
S1994,P11970,midrange,True
S1995,P7678,midrange,False
S1996,P10347,three_point,True
S1997,P14756,three_point,True
S1998,P14285,three_point,False
S1999,P2336,midrange,False
S2000,P1024,three_point,True
S2001,P4297,paint,False
S2002,P10246,midrange,False
S2003,P7741,three_point,False
S2004,P11370,paint,True
S2005,P13594,midrange,False
S2006,P2466,midrange,False
S2007,P10778,paint,False
S2008,P19838,three_point,False
S2009,P18236,three_point,True
S2010,P17096,midrange,False
S2011,P11625,midrange,False
S2012,P4212,midrange,True
S2013,P18425,midrange,False
S2014,P2701,paint,True
S2015,P10214,paint,True
S2016,P18533,three_point,True
S2017,P8858,paint,True
S2018,P2913,paint,True
S2019,P7721,midrange,True
S2020,P8905,paint,True
S2021,P6760,three_point,True
S2022,P9205,three_point,False
S2023,P7967,three_point,False
S2024,P12553,three_point,False
S2025,P16990,midrange,True
S2026,P967,paint,False
S2027,P14025,midrange,True
S2028,P2062,midrange,True
S2029,P5634,three_point,False
S2030,P5083,paint,True
S2031,P6168,three_point,True
S2032,P3639,paint,True
S2033,P12446,midrange,False
S2034,P10728,midrange,False
S2035,P6356,midrange,True
S2036,P626,three_point,True
S2037,P10090,paint,False
S2038,P16835,midrange,False
S2039,P3152,midrange,False
S2040,P17715,paint,True
S2041,P14917,paint,False
S2042,P6401,three_point,True
S2043,P7167,midrange,False
S2044,P8749,paint,True
S2045,P8093,three_point,False
S2046,P5724,three_point,True
S2047,P15788,midrange,True
S2048,P7014,three_point,True
S2049,P16751,paint,True
S2050,P14308,paint,True
S2051,P6174,paint,False
S2052,P5259,paint,False
S2053,P1697,paint,True
S2054,P12484,three_point,False
S2055,P2727,paint,True
S2056,P18911,paint,False
S2057,P15375,paint,False
S2058,P12197,midrange,False
S2059,P383,midrange,True
S2060,P13152,midrange,True
S2061,P2864,three_point,True
S2062,P17116,paint,True
S2063,P19524,three_point,False
S2064,P16620,paint,False
S2065,P11499,midrange,False
S2066,P10061,midrange,False
S2067,P6039,three_point,True
S2068,P3216,midrange,True
S2069,P6679,midrange,False
S2070,P19647,three_point,False
S2071,P12080,midrange,False
S2072,P3509,three_point,True
S2073,P1258,midrange,True
S2074,P5155,three_point,False
S2075,P4617,midrange,True
S2076,P14467,paint,False
S2077,P17276,three_point,True
S2078,P3091,paint,False
S2079,P2825,paint,True
S2080,P13408,paint,True
S2081,P7070,three_point,True
S2082,P9746,midrange,False
S2083,P11807,midrange,True
S2084,P5017,midrange,False
S2085,P1211,three_point,False
S2086,P4828,three_point,False
S2087,P1955,three_point,False
S2088,P11091,paint,True
S2089,P13357,three_point,False
S2090,P11173,paint,True
S2091,P13399,three_point,False
S2092,P14291,midrange,True
S2093,P9167,midrange,False
S2094,P19704,midrange,False
S2095,P3356,three_point,True
S2096,P16792,midrange,True
S2097,P12829,paint,False
S2098,P4775,three_point,False
S2099,P6466,three_point,False
S2100,P6449,midrange,False
S2101,P4909,midrange,False
S2102,P14414,midrange,True
S2103,P7947,three_point,True
S2104,P17330,paint,False
S2105,P2897,three_point,True
S2106,P13742,paint,False
S2107,P17703,paint,False
S2108,P14974,three_point,False
S2109,P14060,paint,False
S2110,P4830,midrange,False
S2111,P68,paint,False
S2112,P3146,three_point,True
S2113,P11757,three_point,False
S2114,P594,midrange,True
S2115,P3208,three_point,True
S2116,P18497,three_point,False
S2117,P15521,three_point,True
S2118,P19221,midrange,False
S2119,P12796,midrange,True
S2120,P16086,paint,True
S2121,P7251,three_point,True
S2122,P10071,three_point,False
S2123,P12001,midrange,False
S2124,P4516,paint,True
S2125,P10167,midrange,False
S2126,P17923,midrange,False
S2127,P19892,paint,False
S2128,P11768,three_point,True
S2129,P18862,paint,False
S2130,P16231,midrange,True
S2131,P11051,midrange,True
S2132,P13633,paint,True
S2133,P10084,paint,False
S2134,P17460,paint,False
S2135,P4193,midrange,True
S2136,P16268,paint,True
S2137,P11319,midrange,False
S2138,P10151,midrange,False
S2139,P11653,paint,False
S2140,P10779,midrange,True
S2141,P1111,paint,True
S2142,P13961,paint,True
S2143,P9251,three_point,False
S2144,P9760,three_point,False
S2145,P6871,midrange,False
S2146,P637,paint,True
S2147,P278,paint,True
S2148,P4953,paint,True
S2149,P6923,paint,True
S2150,P19851,midrange,False
S2151,P123,midrange,False
S2152,P3006,three_point,False
S2153,P18603,three_point,True
S2154,P5980,midrange,False
S2155,P13815,paint,False
S2156,P17619,three_point,False
S2157,P7207,paint,False
S2158,P15711,midrange,True
S2159,P3507,three_point,False
S2160,P9916,paint,True
S2161,P10295,midrange,False
S2162,P9871,three_point,True
S2163,P16972,paint,True
S2164,P3903,paint,True
S2165,P19412,three_point,True
S2166,P917,three_point,False
S2167,P3347,three_point,False
S2168,P8341,paint,True
S2169,P7135,three_point,False
S2170,P13552,paint,False
S2171,P9716,three_point,False
S2172,P19307,three_point,False
S2173,P3110,paint,False
S2174,P14427,three_point,False
S2175,P6383,paint,False
S2176,P1044,midrange,True
S2177,P13089,paint,True
S2178,P14593,midrange,False
S2179,P10605,three_point,False
S2180,P12875,paint,True
S2181,P18035,paint,False
S2182,P14612,paint,False
S2183,P9698,midrange,False
S2184,P5811,paint,True
S2185,P5925,paint,False
S2186,P14479,paint,False
S2187,P6145,midrange,True
S2188,P3197,three_point,True
S2189,P8544,midrange,False
S2190,P1691,three_point,True
S2191,P14831,three_point,False
S2192,P5323,midrange,True
S2193,P12389,paint,False
S2194,P3420,midrange,True
S2195,P17881,paint,False
S2196,P16815,midrange,True
S2197,P2870,three_point,False
S2198,P19863,midrange,True
S2199,P12695,midrange,False
S2200,P1546,midrange,True
S2201,P14428,midrange,True
S2202,P2629,three_point,True
S2203,P5193,paint,True
S2204,P6731,midrange,False
S2205,P8566,paint,False
S2206,P3630,midrange,False
S2207,P8774,paint,False
S2208,P7732,midrange,True
S2209,P4548,midrange,True
S2210,P10904,paint,True
S2211,P3505,three_point,True
S2212,P12104,paint,True
S2213,P5784,paint,True
S2214,P9012,midrange,False
S2215,P15437,three_point,True
S2216,P17362,three_point,True
S2217,P19431,midrange,False
S2218,P9945,three_point,False
S2219,P12471,paint,False
S2220,P17175,paint,True
S2221,P14760,midrange,False
S2222,P9288,midrange,False
S2223,P14621,three_point,False
S2224,P14776,midrange,True
S2225,P1958,paint,False
S2226,P5337,paint,False
S2227,P2327,paint,False
S2228,P2800,midrange,False
S2229,P9238,three_point,False
S2230,P9206,midrange,True
S2231,P5261,midrange,False
S2232,P18200,midrange,False
S2233,P6869,three_point,False
S2234,P5192,paint,False
S2235,P10138,three_point,False
S2236,P10174,three_point,True
S2237,P5400,paint,False
S2238,P6654,paint,False
S2239,P14257,midrange,False
S2240,P5729,paint,False
S2241,P13509,paint,False
S2242,P16011,midrange,False
S2243,P6190,paint,True
S2244,P15778,paint,True
S2245,P18408,paint,True
S2246,P1194,paint,True
S2247,P15693,midrange,True
S2248,P12507,paint,False
S2249,P1480,paint,True
S2250,P4114,three_point,True
S2251,P1709,three_point,True
S2252,P597,three_point,False
S2253,P13568,midrange,False
S2254,P8421,three_point,True
S2255,P1214,paint,True
S2256,P8690,three_point,True
S2257,P7124,midrange,False
S2258,P7183,paint,True
S2259,P12270,paint,True
S2260,P8267,three_point,False
S2261,P2414,three_point,False
S2262,P17545,paint,False
S2263,P2374,three_point,False
S2264,P5169,three_point,True
S2265,P17124,paint,False
S2266,P10935,midrange,False
S2267,P16331,three_point,False
S2268,P3095,three_point,False
S2269,P8825,midrange,False
S2270,P18809,paint,False
S2271,P5592,midrange,False
S2272,P12303,midrange,True
S2273,P15660,paint,False
S2274,P1834,three_point,False
S2275,P2766,three_point,False
S2276,P6970,paint,True
S2277,P3173,midrange,True
S2278,P10314,three_point,True
S2279,P3691,three_point,False
S2280,P2048,three_point,False
S2281,P4803,midrange,False
S2282,P6602,three_point,True
S2283,P10184,paint,False
S2284,P4260,paint,True
S2285,P2145,three_point,True
S2286,P13117,midrange,True
S2287,P19846,paint,True
S2288,P14870,three_point,True
S2289,P12264,midrange,True
S2290,P3746,midrange,True
S2291,P15716,three_point,True
S2292,P5684,three_point,False
S2293,P14788,three_point,False
S2294,P13989,three_point,False
S2295,P14250,three_point,True
S2296,P594,three_point,False
S2297,P3397,paint,False
S2298,P19217,three_point,True
S2299,P14659,midrange,True
S2300,P11324,paint,False
S2301,P9437,three_point,False
S2302,P14735,paint,False
S2303,P10490,three_point,False
S2304,P14629,three_point,True
S2305,P8052,three_point,True
S2306,P5512,midrange,False
S2307,P16336,midrange,True
S2308,P15745,midrange,False
S2309,P15746,midrange,False
S2310,P11624,three_point,False
S2311,P10301,three_point,False
S2312,P17004,midrange,True
S2313,P16164,paint,False
S2314,P12984,midrange,True
S2315,P19702,three_point,False
S2316,P4503,three_point,True
S2317,P18058,three_point,False
S2318,P11175,midrange,False
S2319,P15268,three_point,True
S2320,P3091,midrange,True
S2321,P18066,midrange,True
S2322,P1594,midrange,True
S2323,P8862,paint,False
S2324,P8314,midrange,False
S2325,P192,midrange,True
S2326,P12775,paint,False
S2327,P3867,midrange,False
S2328,P4655,three_point,True
S2329,P195,three_point,True
S2330,P11238,paint,True
S2331,P6132,three_point,False
S2332,P7338,midrange,False
S2333,P6812,three_point,False
S2334,P16149,three_point,False
S2335,P15044,paint,True
S2336,P3673,paint,True
S2337,P8131,three_point,True
S2338,P14938,three_point,False
S2339,P17882,paint,False
S2340,P16430,three_point,True
S2341,P14250,paint,False
S2342,P18951,paint,False
S2343,P11921,paint,False
S2344,P12180,three_point,False
S2345,P15225,paint,False
S2346,P17431,three_point,True
S2347,P18342,three_point,False
S2348,P7362,three_point,True
S2349,P8788,three_point,False
S2350,P17031,paint,False
S2351,P264,three_point,True
S2352,P1025,paint,True
S2353,P13695,midrange,False
S2354,P8775,paint,False
S2355,P6592,three_point,True
S2356,P1642,three_point,True
S2357,P1952,three_point,False
S2358,P8228,paint,True
S2359,P8048,three_point,False
S2360,P8940,midrange,True
S2361,P15549,midrange,True
S2362,P12860,paint,True
S2363,P4621,three_point,True
S2364,P4909,three_point,True
S2365,P1241,paint,False
S2366,P17157,paint,True
S2367,P2961,midrange,True
S2368,P10572,paint,True
S2369,P6128,midrange,True
S2370,P7332,midrange,True
S2371,P17746,midrange,False
S2372,P16727,midrange,False
S2373,P1666,three_point,True
S2374,P15901,paint,True
S2375,P16355,midrange,False
S2376,P13363,midrange,True
S2377,P18442,midrange,False
S2378,P12807,three_point,True
S2379,P8477,three_point,True
S2380,P15134,three_point,False
S2381,P15289,three_point,False
S2382,P10685,midrange,True
S2383,P16489,three_point,False
S2384,P10929,midrange,True
S2385,P16071,paint,False
S2386,P14666,midrange,False
S2387,P7383,paint,True
S2388,P12110,three_point,True
S2389,P10891,midrange,False
S2390,P14812,three_point,False
S2391,P9160,midrange,False
S2392,P16964,three_point,True
S2393,P18498,paint,True
S2394,P9663,paint,False
S2395,P13649,midrange,True
S2396,P12061,three_point,False
S2397,P4401,three_point,True
S2398,P15966,three_point,True
S2399,P8330,three_point,True
S2400,P19432,midrange,True
S2401,P12600,paint,False
S2402,P18328,midrange,True
S2403,P7368,midrange,True
S2404,P13855,paint,False
S2405,P11176,midrange,False
S2406,P1523,three_point,False
S2407,P15765,midrange,False
S2408,P13237,midrange,False
S2409,P12435,three_point,False
S2410,P577,paint,True
S2411,P10584,paint,False
S2412,P19217,paint,True
S2413,P4028,three_point,True
S2414,P545,three_point,True
S2415,P10870,paint,True
S2416,P3055,paint,False
S2417,P6671,three_point,False
S2418,P3883,midrange,True
S2419,P14219,paint,True
S2420,P19466,midrange,False
S2421,P13034,three_point,False
S2422,P19322,paint,True
S2423,P18024,midrange,False
S2424,P4357,midrange,False
S2425,P18344,three_point,False
S2426,P18989,midrange,True
S2427,P17878,three_point,True
S2428,P16787,three_point,False
S2429,P10612,midrange,True
S2430,P10154,midrange,True
S2431,P1985,paint,True
S2432,P6878,paint,False
S2433,P14266,three_point,True
S2434,P17195,midrange,False
S2435,P10692,three_point,False
S2436,P10167,midrange,False
S2437,P6378,paint,True
S2438,P9970,three_point,True
S2439,P180,three_point,True
S2440,P11184,three_point,False
S2441,P12590,midrange,True
S2442,P8938,paint,False
S2443,P7084,three_point,True
S2444,P12946,three_point,False
S2445,P1146,three_point,True
S2446,P13679,midrange,False
S2447,P4185,midrange,False
S2448,P724,midrange,True
S2449,P11730,three_point,True
S2450,P11943,midrange,False
S2451,P2535,paint,True
S2452,P14346,paint,True
S2453,P5477,three_point,False
S2454,P1197,midrange,True
S2455,P18211,three_point,True
S2456,P17164,three_point,False
S2457,P8861,paint,True
S2458,P4114,paint,True
S2459,P9353,midrange,False
S2460,P19161,paint,False
S2461,P241,midrange,True
S2462,P12670,three_point,False
S2463,P4873,midrange,False
S2464,P267,three_point,True
S2465,P1441,midrange,True
S2466,P7512,paint,True
S2467,P5852,three_point,True
S2468,P10045,paint,True
S2469,P16120,midrange,False
S2470,P11904,midrange,False
S2471,P17142,midrange,True
S2472,P19883,three_point,True
S2473,P56,midrange,True
S2474,P3284,midrange,False
S2475,P9649,paint,True
S2476,P15723,three_point,True
S2477,P223,three_point,True
S2478,P16362,midrange,True
S2479,P14369,midrange,False
S2480,P19833,paint,False
S2481,P3665,three_point,False
S2482,P10333,three_point,True
S2483,P3136,three_point,False
S2484,P3801,three_point,False
S2485,P4006,paint,True
S2486,P3237,midrange,True
S2487,P15171,three_point,False
S2488,P14374,paint,True
S2489,P1220,three_point,False
S2490,P7067,paint,False
S2491,P18007,three_point,False
S2492,P2515,three_point,True
S2493,P3702,three_point,False
S2494,P8700,paint,False
S2495,P11389,paint,True
S2496,P14302,three_point,True
S2497,P18874,midrange,False
S2498,P12901,three_point,False
S2499,P10292,three_point,False
S2500,P13405,three_point,False
S2501,P134,midrange,False
S2502,P2786,three_point,False
S2503,P5586,midrange,True
S2504,P18549,three_point,False
S2505,P16589,midrange,True
S2506,P9243,three_point,True
S2507,P19106,midrange,True
S2508,P9206,midrange,False
S2509,P19958,three_point,False
S2510,P10296,three_point,False
S2511,P4566,three_point,True
S2512,P1533,three_point,False
S2513,P11005,midrange,False
S2514,P7008,paint,False
S2515,P7276,three_point,False
S2516,P9472,paint,True
S2517,P6144,midrange,True
S2518,P15391,three_point,False
S2519,P11570,three_point,True
S2520,P9729,paint,False
S2521,P6743,three_point,True
S2522,P18001,paint,False
S2523,P18683,midrange,True
S2524,P16657,midrange,False
S2525,P7995,three_point,False
S2526,P4255,three_point,False
S2527,P12740,paint,True
S2528,P19791,paint,True
S2529,P14625,midrange,False
S2530,P14054,midrange,True
S2531,P11200,paint,True
S2532,P6707,three_point,False
S2533,P6620,midrange,False
S2534,P9151,three_point,False
S2535,P13816,paint,False
S2536,P12695,paint,False
S2537,P14875,three_point,False
S2538,P9540,paint,False
S2539,P12160,three_point,False
S2540,P14989,three_point,True
S2541,P1036,three_point,True
S2542,P18306,paint,True
S2543,P1785,paint,True
S2544,P352,three_point,False
S2545,P14777,paint,True
S2546,P5046,midrange,False
S2547,P12209,three_point,True
S2548,P3517,three_point,True
S2549,P11728,paint,True
S2550,P2548,paint,False
S2551,P15622,midrange,False
S2552,P10514,paint,True
S2553,P10200,midrange,True
S2554,P15558,three_point,True
S2555,P18907,paint,True
S2556,P16711,three_point,False
S2557,P742,midrange,True
S2558,P4226,midrange,False
S2559,P11774,midrange,False
S2560,P6673,paint,True
S2561,P11599,midrange,True
S2562,P19341,midrange,True
S2563,P6,midrange,False
S2564,P17065,midrange,True
S2565,P5754,paint,True
S2566,P3515,three_point,False
S2567,P6095,paint,False
S2568,P10174,three_point,True
S2569,P7836,midrange,True
S2570,P17013,paint,False
S2571,P6611,three_point,True
S2572,P10317,three_point,False
S2573,P17272,three_point,True
S2574,P8533,paint,True
S2575,P7412,three_point,False
S2576,P5165,three_point,True
S2577,P8167,midrange,True
S2578,P1851,midrange,True
S2579,P491,paint,False
S2580,P10620,paint,False
S2581,P17652,midrange,True
S2582,P2008,midrange,False
S2583,P2672,three_point,False
S2584,P4042,midrange,False
S2585,P9172,midrange,False
S2586,P3171,paint,True
S2587,P7899,three_point,True
S2588,P8228,midrange,True
S2589,P5985,midrange,True
S2590,P13142,midrange,True
S2591,P18383,paint,False
S2592,P6598,three_point,True
S2593,P18028,three_point,True
S2594,P698,midrange,False
S2595,P1509,midrange,True
S2596,P5337,paint,False
S2597,P560,midrange,False
S2598,P17953,paint,False
S2599,P19580,paint,False
S2600,P18828,paint,False
S2601,P2947,midrange,True
S2602,P5450,three_point,False
S2603,P17134,paint,False
S2604,P5303,three_point,True
S2605,P8012,paint,True
S2606,P13814,three_point,True
S2607,P11613,midrange,False
S2608,P11484,paint,False
S2609,P234,three_point,True
S2610,P6719,paint,True
S2611,P4869,paint,False
S2612,P12927,paint,False
S2613,P16899,three_point,False
S2614,P5743,midrange,True
S2615,P1493,three_point,False
S2616,P15209,three_point,False
S2617,P14297,midrange,True
S2618,P15257,midrange,False
S2619,P298,midrange,True
S2620,P15594,three_point,False
S2621,P16008,paint,True
S2622,P19095,three_point,True
S2623,P9667,three_point,True
S2624,P1609,three_point,False
S2625,P7562,midrange,False
S2626,P18409,paint,False
S2627,P5408,paint,True
S2628,P3672,paint,True
S2629,P7846,three_point,False
S2630,P15228,midrange,True
S2631,P18570,midrange,False
S2632,P11934,three_point,False
S2633,P15335,three_point,True
S2634,P11723,three_point,True
S2635,P14347,three_point,False
S2636,P19573,midrange,False
S2637,P6801,paint,False
S2638,P5906,midrange,True
S2639,P3980,three_point,True
S2640,P8993,midrange,True
S2641,P10207,three_point,False
S2642,P15247,paint,True
S2643,P9653,paint,False
S2644,P17373,three_point,True
S2645,P2465,paint,False
S2646,P11309,midrange,False
S2647,P6676,three_point,False
S2648,P2454,midrange,False
S2649,P10133,three_point,False
S2650,P15528,paint,True
S2651,P7084,three_point,True
S2652,P89,paint,True
S2653,P1652,three_point,False
S2654,P4597,paint,True
S2655,P10674,midrange,False
S2656,P14725,midrange,True
S2657,P13856,three_point,False
S2658,P7105,paint,True
S2659,P8362,midrange,False
S2660,P8227,midrange,True
S2661,P7679,three_point,False
S2662,P19694,midrange,False
S2663,P10987,three_point,True
S2664,P8718,midrange,False
S2665,P10695,paint,False
S2666,P9556,midrange,True
S2667,P9164,three_point,False
S2668,P3530,three_point,True
S2669,P19855,three_point,False
S2670,P14907,midrange,False
S2671,P18923,midrange,False
S2672,P18193,three_point,False
S2673,P6911,midrange,True
S2674,P8458,midrange,False
S2675,P9409,paint,True
S2676,P8540,midrange,True
S2677,P15107,midrange,False
S2678,P2002,paint,True
S2679,P12418,midrange,True
S2680,P14007,three_point,True
S2681,P4384,midrange,False
S2682,P13353,three_point,False
S2683,P14237,three_point,True
S2684,P17534,three_point,True
S2685,P3602,three_point,True
S2686,P8209,three_point,False
S2687,P852,midrange,False
S2688,P11071,paint,False
S2689,P10365,midrange,False
S2690,P13530,three_point,True
S2691,P18862,paint,False
S2692,P1925,three_point,True
S2693,P670,midrange,True
S2694,P8437,midrange,False
S2695,P1619,three_point,False
S2696,P5237,paint,True
S2697,P16246,paint,True
S2698,P510,paint,False
S2699,P5847,three_point,True
S2700,P1671,paint,False
S2701,P16115,paint,True
S2702,P12366,midrange,True
S2703,P60,three_point,False
S2704,P18080,paint,True
S2705,P8597,midrange,False
S2706,P5674,midrange,False
S2707,P12639,paint,False
S2708,P1115,paint,True
S2709,P13871,three_point,True
S2710,P1663,three_point,False
S2711,P3576,paint,True
S2712,P6419,midrange,False
S2713,P8649,midrange,True
S2714,P9058,paint,False
S2715,P4420,paint,False
S2716,P369,midrange,True
S2717,P382,paint,True
S2718,P13764,midrange,True
S2719,P3924,three_point,False
S2720,P1278,three_point,False
S2721,P5727,three_point,True
S2722,P18312,paint,False
S2723,P15524,paint,True
S2724,P17234,midrange,False
S2725,P13520,paint,True
S2726,P2856,three_point,True
S2727,P11790,midrange,False
S2728,P17193,three_point,False
S2729,P4981,three_point,True
S2730,P10924,paint,True
S2731,P3903,three_point,True
S2732,P557,three_point,False
S2733,P4392,midrange,True
S2734,P2620,midrange,False
S2735,P4607,three_point,True
S2736,P2,paint,True
S2737,P4908,three_point,False
S2738,P10471,midrange,True
S2739,P16324,three_point,False
S2740,P10925,midrange,True
S2741,P10172,midrange,False
S2742,P18744,three_point,False
S2743,P17746,paint,True
S2744,P6429,three_point,True
S2745,P7607,three_point,False
S2746,P15387,paint,False
S2747,P7177,paint,True
S2748,P3383,three_point,True
S2749,P616,paint,False
S2750,P18284,midrange,False
S2751,P8331,three_point,True
S2752,P15666,paint,True
S2753,P14097,three_point,False
S2754,P4186,three_point,True
S2755,P817,paint,False
S2756,P9176,three_point,True
S2757,P12746,three_point,False
S2758,P10705,three_point,False
S2759,P8764,three_point,True
S2760,P12673,midrange,True
S2761,P2020,three_point,True
S2762,P867,three_point,False
S2763,P10685,paint,True
S2764,P4446,midrange,False
S2765,P12168,paint,False
S2766,P8151,paint,False
S2767,P4849,midrange,False
S2768,P5580,three_point,True
S2769,P17998,three_point,False
S2770,P3640,paint,False
S2771,P19614,three_point,True
S2772,P1177,paint,True
S2773,P16950,midrange,False
S2774,P19172,three_point,False
S2775,P10252,three_point,False
S2776,P2098,midrange,False
S2777,P673,paint,True
S2778,P8078,midrange,True
S2779,P12254,paint,True
S2780,P14975,paint,False
S2781,P4465,paint,True
S2782,P4449,paint,True
S2783,P4703,paint,False
S2784,P1676,midrange,False
S2785,P13838,midrange,True
S2786,P4592,midrange,False
S2787,P876,paint,True
S2788,P17491,paint,False
S2789,P14343,paint,True
S2790,P19125,midrange,True
S2791,P3878,three_point,False
S2792,P16821,midrange,False
S2793,P19039,three_point,True
S2794,P3866,midrange,False
S2795,P17236,paint,False
S2796,P18796,midrange,False
S2797,P15059,three_point,True
S2798,P8025,paint,True
S2799,P3156,midrange,True
S2800,P156,three_point,True
S2801,P3610,paint,False
S2802,P16629,midrange,False
S2803,P6322,paint,False
S2804,P14813,midrange,False
S2805,P17990,paint,True
S2806,P2899,paint,False
S2807,P6379,three_point,False
S2808,P4678,midrange,True
S2809,P2245,three_point,True
S2810,P16259,midrange,True
S2811,P16515,three_point,True
S2812,P17304,three_point,True
S2813,P8796,three_point,True
S2814,P7342,paint,False
S2815,P11653,midrange,True
S2816,P9174,midrange,False
S2817,P4123,paint,False
S2818,P15420,paint,False
S2819,P11058,midrange,True
S2820,P6609,three_point,True
S2821,P6754,midrange,False
S2822,P1293,midrange,False
S2823,P317,midrange,False
S2824,P7146,three_point,False
S2825,P8687,three_point,True
S2826,P8263,paint,False
S2827,P3773,paint,False
S2828,P3980,paint,True
S2829,P18080,paint,False
S2830,P19361,paint,False
S2831,P18188,paint,True
S2832,P10042,three_point,True
S2833,P9847,three_point,True
S2834,P1203,three_point,True
S2835,P13321,midrange,True
S2836,P9032,three_point,False
S2837,P14429,midrange,True
S2838,P11191,paint,True
S2839,P10249,midrange,True
S2840,P12697,paint,False
S2841,P7176,three_point,True
S2842,P11455,three_point,False
S2843,P13392,midrange,True
S2844,P12403,paint,True
S2845,P5519,paint,False
S2846,P2758,paint,False
S2847,P16846,midrange,True
S2848,P5153,midrange,True
S2849,P14000,paint,True
S2850,P16949,paint,False
S2851,P13659,midrange,False
S2852,P1538,paint,True
S2853,P10007,three_point,True
S2854,P14807,midrange,True
S2855,P12757,midrange,False
S2856,P15215,midrange,True
S2857,P12709,midrange,False
S2858,P4093,midrange,False
S2859,P7961,paint,True
S2860,P19562,paint,False
S2861,P18432,paint,True
S2862,P18318,midrange,False
S2863,P17631,midrange,True
S2864,P11198,three_point,True
S2865,P13418,three_point,False
S2866,P4465,midrange,False
S2867,P16426,midrange,False
S2868,P17203,midrange,False
S2869,P14554,midrange,True
S2870,P6555,three_point,True
S2871,P15600,paint,True
S2872,P6640,three_point,False
S2873,P9825,paint,False
S2874,P13634,midrange,False
S2875,P3135,midrange,True
S2876,P13725,paint,False
S2877,P17590,midrange,True
S2878,P17854,paint,True
S2879,P15090,paint,False
S2880,P11167,three_point,True
S2881,P248,midrange,True
S2882,P19393,three_point,False
S2883,P5716,midrange,False
S2884,P15264,midrange,False
S2885,P17369,midrange,False
S2886,P16097,paint,False
S2887,P17182,midrange,False
S2888,P12377,midrange,False
S2889,P5951,paint,False
S2890,P8040,three_point,False
S2891,P2222,midrange,True
S2892,P4752,three_point,True
S2893,P3606,three_point,False
S2894,P18253,three_point,False
S2895,P4045,paint,True
S2896,P11378,paint,True
S2897,P9577,paint,False
S2898,P10409,paint,False
S2899,P19987,midrange,True
S2900,P19995,paint,False
S2901,P19041,paint,False
S2902,P289,paint,True
S2903,P11431,three_point,True
S2904,P3965,midrange,False
S2905,P16878,three_point,False
S2906,P438,three_point,False
S2907,P11429,paint,True
S2908,P604,three_point,False
S2909,P12640,midrange,False
S2910,P6761,paint,False
S2911,P4464,three_point,True
S2912,P2581,paint,True
S2913,P18361,paint,False
S2914,P6146,midrange,False
S2915,P15693,midrange,True
S2916,P5039,paint,True
S2917,P1729,midrange,False
S2918,P727,paint,False
S2919,P15662,paint,True
S2920,P17430,three_point,True
S2921,P15427,midrange,False
S2922,P8480,midrange,False
S2923,P17298,paint,True
S2924,P7515,midrange,False
S2925,P3162,paint,False
S2926,P9703,paint,False
S2927,P2795,three_point,True
S2928,P7453,three_point,False
S2929,P5396,paint,False
S2930,P17429,three_point,False
S2931,P12120,paint,True
S2932,P13003,midrange,True
S2933,P378,three_point,True
S2934,P3973,paint,True
S2935,P15045,paint,False
S2936,P10060,three_point,True
S2937,P6451,paint,False
S2938,P11878,midrange,True
S2939,P8833,midrange,True
S2940,P11111,paint,False
S2941,P8151,midrange,False
S2942,P14369,three_point,False
S2943,P9441,three_point,True
S2944,P10784,midrange,True
S2945,P17429,three_point,True
S2946,P1049,midrange,True
S2947,P431,midrange,True
S2948,P18659,paint,True
S2949,P2178,paint,True
S2950,P4205,paint,False
S2951,P9522,paint,False
S2952,P3540,three_point,True
S2953,P11575,paint,True
S2954,P17057,three_point,True
S2955,P7965,three_point,True
S2956,P4159,midrange,True
S2957,P19488,midrange,True
S2958,P2320,three_point,False
S2959,P15165,midrange,True
S2960,P7973,three_point,False
S2961,P10042,three_point,False
S2962,P8379,midrange,False
S2963,P5374,midrange,False
S2964,P3288,paint,False
S2965,P14764,three_point,True
S2966,P3206,three_point,False
S2967,P11199,paint,True
S2968,P11060,three_point,True
S2969,P1248,three_point,False
S2970,P18289,three_point,True
S2971,P11389,three_point,True
S2972,P6902,paint,True
S2973,P3814,midrange,True
S2974,P11839,paint,False
S2975,P16522,midrange,True
S2976,P509,paint,True
S2977,P13357,midrange,True
S2978,P13748,three_point,False
S2979,P16718,three_point,True
S2980,P17652,midrange,True
S2981,P9722,midrange,True
S2982,P3205,paint,True
S2983,P18903,midrange,False
S2984,P909,paint,True
S2985,P14047,midrange,True
S2986,P11801,midrange,False
S2987,P16163,midrange,True
S2988,P1269,paint,False
S2989,P18259,midrange,True
S2990,P6197,paint,True
S2991,P13024,paint,False
S2992,P9432,three_point,True
S2993,P10432,three_point,True
S2994,P19037,paint,False
S2995,P19953,midrange,False
S2996,P7323,three_point,False
S2997,P8778,midrange,False
S2998,P19521,paint,True
S2999,P16171,paint,True
S3000,P9573,midrange,True
S3001,P13722,paint,False
S3002,P14086,midrange,False
S3003,P11112,three_point,False
S3004,P16828,paint,False
S3005,P6291,three_point,False
S3006,P17741,paint,False
S3007,P15481,midrange,True
S3008,P16437,midrange,True
S3009,P13747,midrange,False
S3010,P8450,paint,True
S3011,P7148,three_point,True
S3012,P18832,three_point,False
S3013,P42,paint,True
S3014,P8033,midrange,False
S3015,P7272,midrange,True
S3016,P18163,three_point,False
S3017,P19491,midrange,True
S3018,P18172,three_point,False
S3019,P4549,paint,True
S3020,P17503,midrange,True
S3021,P7135,three_point,True
S3022,P18776,three_point,True
S3023,P8613,midrange,True
S3024,P18835,midrange,True
S3025,P14766,three_point,False
S3026,P5630,paint,False
S3027,P1703,three_point,False
S3028,P18888,three_point,True
S3029,P702,midrange,False
S3030,P9393,midrange,True
S3031,P15100,paint,True
S3032,P4131,three_point,False
S3033,P4041,midrange,True
S3034,P159,three_point,True
S3035,P13463,midrange,True
S3036,P14854,midrange,False
S3037,P10953,paint,True
S3038,P317,paint,True
S3039,P14016,midrange,True
S3040,P7677,paint,True
S3041,P6241,midrange,True
S3042,P14335,paint,True
S3043,P18786,midrange,True
S3044,P17261,paint,True
S3045,P7964,paint,True
S3046,P1488,paint,True
S3047,P13800,midrange,False
S3048,P3603,paint,True
S3049,P1457,midrange,False
S3050,P1711,paint,False
S3051,P397,paint,True
S3052,P13630,three_point,True
S3053,P16669,three_point,False
S3054,P19712,three_point,False
S3055,P286,three_point,False
S3056,P3322,paint,False
S3057,P6092,paint,False
S3058,P3593,three_point,False
S3059,P14738,midrange,False
S3060,P17458,paint,True
S3061,P10918,paint,False
S3062,P9209,midrange,False
S3063,P7724,three_point,True
S3064,P184,midrange,False
S3065,P19304,three_point,True
S3066,P19685,three_point,True
S3067,P341,three_point,True
S3068,P14579,paint,False
S3069,P3653,three_point,True
S3070,P1379,midrange,False
S3071,P9397,paint,False
S3072,P8127,paint,False
S3073,P17860,midrange,False
S3074,P8799,paint,False
S3075,P14653,midrange,False
S3076,P14189,three_point,True
S3077,P11916,paint,False
S3078,P18288,paint,True
S3079,P7189,three_point,True
S3080,P118,midrange,True
S3081,P15243,paint,False
S3082,P7269,three_point,False
S3083,P9805,paint,True
S3084,P3485,three_point,True
S3085,P12617,three_point,True
S3086,P11975,midrange,False
S3087,P16137,midrange,True
S3088,P1473,midrange,False
S3089,P8824,midrange,True
S3090,P16655,three_point,True
S3091,P6817,three_point,False
S3092,P12291,midrange,True
S3093,P11706,paint,False
S3094,P9749,paint,True
S3095,P88,paint,False
S3096,P15519,midrange,False
S3097,P10244,three_point,False
S3098,P4783,three_point,True
S3099,P9317,three_point,True
S3100,P8392,paint,True
S3101,P3234,midrange,True
S3102,P11700,midrange,False
S3103,P9883,midrange,False
S3104,P18639,three_point,True
S3105,P17516,midrange,True
S3106,P19108,midrange,True
S3107,P5114,three_point,False
S3108,P6202,paint,True
S3109,P10937,paint,False
S3110,P6558,midrange,False
S3111,P11325,midrange,False
S3112,P14124,three_point,False
S3113,P6693,paint,True
S3114,P19798,paint,False
S3115,P17053,three_point,True
S3116,P18758,paint,True
S3117,P11873,three_point,True
S3118,P19877,three_point,True
S3119,P11412,three_point,False
S3120,P18398,midrange,True
S3121,P537,paint,True
S3122,P619,three_point,False
S3123,P7122,midrange,False
S3124,P11739,paint,False
S3125,P4495,paint,False
S3126,P7391,midrange,True
S3127,P13141,paint,True
S3128,P5846,paint,True
S3129,P584,three_point,False
S3130,P162,midrange,False
S3131,P4991,three_point,True
S3132,P4999,midrange,False
S3133,P4530,paint,False
S3134,P17960,three_point,False
S3135,P13682,three_point,True
S3136,P15955,three_point,False
S3137,P639,three_point,True
S3138,P4161,midrange,False
S3139,P17162,three_point,False
S3140,P3523,paint,False
S3141,P18848,paint,True
S3142,P9763,midrange,True
S3143,P18264,paint,True
S3144,P5392,paint,True
S3145,P1578,midrange,False
S3146,P2633,midrange,True
S3147,P15979,three_point,False
S3148,P3702,midrange,True
S3149,P18663,three_point,False
S3150,P11792,three_point,False
S3151,P3289,paint,True
S3152,P12586,three_point,False
S3153,P15809,paint,False
S3154,P9140,midrange,True
S3155,P11734,midrange,False
S3156,P6464,midrange,True
S3157,P5610,midrange,True
S3158,P15733,paint,True
S3159,P2850,paint,False
S3160,P19947,paint,False
S3161,P3902,three_point,False
S3162,P19382,midrange,True
S3163,P2031,three_point,False
S3164,P10437,midrange,True
S3165,P3382,three_point,False
S3166,P7856,midrange,True
S3167,P19423,paint,True
S3168,P15840,three_point,True
S3169,P11419,paint,False
S3170,P10102,midrange,True
S3171,P15163,midrange,False
S3172,P19433,midrange,False
S3173,P5360,paint,False
S3174,P16814,paint,False
S3175,P15289,paint,False
S3176,P13203,midrange,False
S3177,P1271,midrange,True
S3178,P4968,midrange,False
S3179,P18316,three_point,True
S3180,P15617,three_point,False
S3181,P16693,paint,False
S3182,P18908,paint,False
S3183,P18378,midrange,False
S3184,P1814,paint,True
S3185,P10144,midrange,True
S3186,P5843,paint,False
S3187,P1390,midrange,False
S3188,P17006,paint,True
S3189,P3414,midrange,False
S3190,P10838,midrange,True
S3191,P7468,midrange,True
S3192,P9658,paint,False
S3193,P7929,three_point,False
S3194,P12161,three_point,False
S3195,P9428,midrange,True
S3196,P3943,three_point,False
S3197,P9526,paint,False
S3198,P8891,midrange,True
S3199,P19959,three_point,False
S3200,P18704,three_point,True
S3201,P13775,paint,True
S3202,P19341,paint,True
S3203,P3576,midrange,True
S3204,P10697,three_point,True
S3205,P14462,three_point,True
S3206,P5880,midrange,False
S3207,P7214,three_point,False
S3208,P4290,paint,True
S3209,P3350,midrange,True
S3210,P5551,midrange,False
S3211,P18001,midrange,False
S3212,P1426,paint,False
S3213,P18997,midrange,False
S3214,P4603,paint,False
S3215,P10279,three_point,False
S3216,P3083,three_point,False
S3217,P11495,three_point,True
S3218,P3675,paint,True
S3219,P14983,three_point,True
S3220,P4041,three_point,True
S3221,P7640,paint,False
S3222,P11927,three_point,False
S3223,P6115,midrange,False
S3224,P18386,midrange,False
S3225,P7330,three_point,True
S3226,P7248,paint,True
S3227,P19028,paint,False
S3228,P16351,three_point,True
S3229,P3410,three_point,False
S3230,P12213,paint,False
S3231,P18552,three_point,True
S3232,P2361,paint,False
S3233,P11762,paint,True
S3234,P3407,three_point,True
S3235,P1317,three_point,True
S3236,P1768,three_point,True
S3237,P1725,paint,True
S3238,P19753,midrange,True
S3239,P16650,paint,True
S3240,P9327,three_point,False
S3241,P5624,three_point,True
S3242,P4162,three_point,True
S3243,P12507,midrange,False
S3244,P19780,paint,True
S3245,P5986,three_point,True
S3246,P11202,midrange,False
S3247,P17206,three_point,False
S3248,P7175,three_point,False
S3249,P11372,three_point,False
S3250,P15593,three_point,False
S3251,P18952,paint,False
S3252,P6149,midrange,False
S3253,P16613,paint,False
S3254,P8634,midrange,False
S3255,P6405,paint,False
S3256,P11650,midrange,True
S3257,P4609,midrange,True
S3258,P17069,midrange,False
S3259,P3351,paint,False
S3260,P3894,midrange,True
S3261,P2021,midrange,False
S3262,P10292,paint,False
S3263,P14363,midrange,False
S3264,P6692,midrange,False
S3265,P11093,midrange,True
S3266,P653,three_point,True
S3267,P4613,paint,True
S3268,P12243,three_point,False
S3269,P12868,paint,True
S3270,P1643,midrange,False
S3271,P3972,midrange,False
S3272,P13505,paint,False
S3273,P16056,paint,False
S3274,P6555,midrange,True
S3275,P8173,three_point,True
S3276,P13717,three_point,False
S3277,P8679,paint,False
S3278,P19149,paint,False
S3279,P17436,three_point,True
S3280,P18541,paint,False
S3281,P12757,paint,True
S3282,P17664,midrange,True
S3283,P3584,paint,False
S3284,P19467,midrange,True
S3285,P4905,three_point,False
S3286,P12910,midrange,True
S3287,P10670,three_point,False
S3288,P6137,paint,True
S3289,P3891,paint,False
S3290,P15993,paint,False
S3291,P1597,three_point,False
S3292,P9679,midrange,False
S3293,P12189,paint,False
S3294,P17318,paint,False
S3295,P8380,paint,True
S3296,P17310,paint,True
S3297,P4422,three_point,True
S3298,P10231,midrange,True
S3299,P5504,three_point,False
S3300,P13223,paint,True
S3301,P15211,midrange,False
S3302,P5869,three_point,False
S3303,P12632,paint,False
S3304,P15943,paint,True
S3305,P6272,paint,True
S3306,P6439,paint,False
S3307,P3812,three_point,True
S3308,P11598,three_point,True
S3309,P8842,midrange,True
S3310,P16607,three_point,False
S3311,P14360,midrange,True
S3312,P6377,paint,True
S3313,P15933,paint,False
S3314,P19918,midrange,False
S3315,P17650,midrange,False
S3316,P4391,midrange,False
S3317,P5218,paint,False
S3318,P5156,paint,True
S3319,P13448,paint,False
S3320,P17745,midrange,True
S3321,P12409,paint,True
S3322,P10103,paint,False
S3323,P19360,three_point,True
S3324,P15452,three_point,False
S3325,P8041,paint,False
S3326,P8898,midrange,False
S3327,P19527,paint,True
S3328,P10480,three_point,True
S3329,P7921,three_point,False
S3330,P18940,midrange,False
S3331,P5793,midrange,True
S3332,P15387,paint,True
S3333,P19135,midrange,False
S3334,P19478,paint,True
S3335,P7976,paint,True
S3336,P17228,three_point,True
S3337,P18904,midrange,True
S3338,P16662,paint,True
S3339,P15108,midrange,True
S3340,P4663,midrange,True
S3341,P1006,midrange,True
S3342,P10418,midrange,False
S3343,P9121,midrange,False
S3344,P14251,three_point,True
S3345,P310,paint,False
S3346,P186,paint,True
S3347,P18914,midrange,False
S3348,P14878,paint,True
S3349,P19555,three_point,True
S3350,P2411,midrange,True
S3351,P7740,paint,True
S3352,P9270,midrange,False
S3353,P9942,paint,False
S3354,P4788,midrange,True
S3355,P3686,midrange,True
S3356,P7997,midrange,True
S3357,P450,paint,True
S3358,P494,three_point,False
S3359,P14782,paint,True
S3360,P8506,midrange,False
S3361,P3519,three_point,True
S3362,P1395,midrange,False
S3363,P19046,three_point,True
S3364,P8080,paint,False
S3365,P10976,paint,True
S3366,P10233,paint,True
S3367,P19842,paint,True
S3368,P10376,three_point,False
S3369,P12803,midrange,True
S3370,P19146,paint,True
S3371,P13313,three_point,False
S3372,P15432,midrange,True
S3373,P7689,paint,True
S3374,P4948,paint,True
S3375,P12576,paint,False
S3376,P276,paint,False
S3377,P8527,paint,False
S3378,P16843,paint,False
S3379,P18471,midrange,False
S3380,P8002,paint,False
S3381,P5488,midrange,False
S3382,P12800,paint,True
S3383,P12689,midrange,True
S3384,P1358,midrange,False
S3385,P10739,three_point,True
S3386,P12811,paint,False
S3387,P5688,paint,False
S3388,P16312,three_point,True
S3389,P13299,paint,True
S3390,P8875,three_point,False
S3391,P9746,three_point,True
S3392,P15623,paint,False
S3393,P1169,paint,True
S3394,P11360,three_point,True
S3395,P12851,paint,True
S3396,P17086,three_point,False
S3397,P4455,paint,True
S3398,P8862,paint,False
S3399,P7972,paint,True
S3400,P4434,paint,False
S3401,P8458,three_point,True
S3402,P12985,midrange,True
S3403,P19343,paint,False
S3404,P19635,midrange,True
S3405,P8007,three_point,True
S3406,P16561,three_point,True
S3407,P12895,midrange,True
S3408,P7258,paint,True
S3409,P14531,three_point,False
S3410,P3471,midrange,True
S3411,P19433,paint,True
S3412,P8444,paint,False
S3413,P10288,paint,False
S3414,P18824,paint,False
S3415,P17056,three_point,True
S3416,P8453,midrange,False
S3417,P13797,midrange,True
S3418,P8380,paint,False
S3419,P14684,midrange,False
S3420,P18082,three_point,True
S3421,P2874,paint,False
S3422,P19789,three_point,False
S3423,P8908,midrange,True
S3424,P18702,paint,True
S3425,P18358,three_point,False
S3426,P2083,paint,False
S3427,P10466,three_point,True
S3428,P14792,midrange,False
S3429,P12927,midrange,False
S3430,P5199,three_point,False
S3431,P8661,three_point,True
S3432,P11378,paint,True
S3433,P2726,midrange,True
S3434,P1080,paint,False
S3435,P19771,three_point,True
S3436,P16051,paint,True
S3437,P6624,midrange,True
S3438,P1025,paint,False
S3439,P5085,midrange,True
S3440,P18616,three_point,True
S3441,P4276,three_point,False
S3442,P3791,midrange,True
S3443,P11071,midrange,True
S3444,P12033,midrange,True
S3445,P9309,midrange,False
S3446,P815,paint,False
S3447,P4970,paint,True
S3448,P9328,paint,False
S3449,P13816,paint,False
S3450,P19829,three_point,True
S3451,P15751,midrange,False
S3452,P10826,paint,False
S3453,P3992,midrange,False
S3454,P1750,three_point,True
S3455,P566,midrange,False
S3456,P6344,three_point,True
S3457,P6792,midrange,True
S3458,P9132,midrange,True
S3459,P19775,paint,False
S3460,P9544,three_point,True
S3461,P6150,three_point,False
S3462,P13931,paint,True
S3463,P18754,three_point,False
S3464,P6130,paint,False
S3465,P13088,midrange,False
S3466,P15071,midrange,True
S3467,P1103,three_point,True
S3468,P6373,paint,True
S3469,P13104,paint,False
S3470,P18448,paint,False
S3471,P18785,midrange,False
S3472,P13058,three_point,True
S3473,P12546,midrange,True
S3474,P13363,midrange,False
S3475,P1640,midrange,False
S3476,P18225,three_point,False
S3477,P1718,midrange,True
S3478,P14642,midrange,False
S3479,P16501,three_point,True
S3480,P476,midrange,False
S3481,P18335,paint,True
S3482,P11780,three_point,False
S3483,P16563,midrange,False
S3484,P2183,midrange,False
S3485,P7734,three_point,True
S3486,P14573,paint,False
S3487,P2207,three_point,True
S3488,P12105,midrange,False
S3489,P9039,paint,True
S3490,P19261,three_point,True
S3491,P3404,paint,False
S3492,P10908,three_point,False
S3493,P2742,midrange,True
S3494,P6810,midrange,True
S3495,P4805,paint,False
S3496,P1003,paint,True
S3497,P16929,midrange,True
S3498,P6911,midrange,True
S3499,P1293,paint,True
S3500,P1908,three_point,False
S3501,P17130,paint,True
S3502,P2547,midrange,False
S3503,P709,paint,True
S3504,P15317,three_point,False
S3505,P16181,three_point,True
S3506,P5136,paint,False
S3507,P8624,three_point,True
S3508,P3368,midrange,False
S3509,P6669,three_point,False
S3510,P5769,midrange,True
S3511,P12026,paint,True
S3512,P12174,paint,False
S3513,P12868,three_point,False
S3514,P5900,three_point,False
S3515,P10329,paint,True
S3516,P12026,midrange,False
S3517,P13541,three_point,True
S3518,P2630,midrange,False
S3519,P2634,paint,False
S3520,P17114,three_point,False
S3521,P14609,paint,False
S3522,P19337,paint,False
S3523,P7523,midrange,True
S3524,P12761,midrange,True
S3525,P15951,three_point,True
S3526,P3783,midrange,True
S3527,P10110,midrange,True
S3528,P8873,midrange,True
S3529,P17288,midrange,True
S3530,P10789,three_point,True
S3531,P14074,three_point,False
S3532,P6263,three_point,False
S3533,P14286,three_point,False
S3534,P2706,midrange,False
S3535,P5348,paint,False
S3536,P5010,three_point,True
S3537,P6209,three_point,True
S3538,P4244,three_point,False
S3539,P1866,paint,True
S3540,P14239,three_point,True
S3541,P14969,paint,False
S3542,P14336,three_point,True
S3543,P15282,paint,False
S3544,P6259,midrange,True
S3545,P17972,three_point,True
S3546,P16977,paint,False
S3547,P6642,three_point,True
S3548,P8936,three_point,False
S3549,P12727,paint,True
S3550,P10331,midrange,True
S3551,P569,midrange,True
S3552,P15989,paint,False
S3553,P11397,paint,True
S3554,P9369,three_point,True
S3555,P8118,paint,True
S3556,P10947,three_point,True
S3557,P2663,three_point,False
S3558,P9934,three_point,True
S3559,P16773,three_point,True
S3560,P12187,midrange,False
S3561,P4580,paint,False
S3562,P2599,midrange,False
S3563,P15799,three_point,True
S3564,P19080,three_point,True
S3565,P7672,three_point,False
S3566,P16567,paint,False
S3567,P10383,three_point,False
S3568,P9063,paint,False
S3569,P3324,midrange,False
S3570,P756,three_point,True
S3571,P886,midrange,True
S3572,P10744,three_point,True
S3573,P13278,midrange,False
S3574,P15433,midrange,True
S3575,P3579,paint,False
S3576,P7959,three_point,False
S3577,P16708,three_point,True
S3578,P15610,midrange,True
S3579,P13360,three_point,False
S3580,P16230,midrange,True
S3581,P13819,three_point,True
S3582,P6579,midrange,False
S3583,P2460,three_point,True
S3584,P1370,paint,False
S3585,P14671,paint,False
S3586,P136,midrange,False
S3587,P14732,paint,True
S3588,P1602,midrange,True
S3589,P7345,paint,True
S3590,P14448,paint,True
S3591,P8695,three_point,False
S3592,P1674,three_point,False
S3593,P13482,midrange,False
S3594,P506,paint,False
S3595,P17687,three_point,False
S3596,P4797,midrange,True
S3597,P10918,midrange,True
S3598,P4541,three_point,True
S3599,P19450,midrange,False
S3600,P17092,midrange,False
S3601,P13510,paint,False
S3602,P8168,three_point,False
S3603,P2944,midrange,True
S3604,P12830,three_point,True
S3605,P7644,midrange,False
S3606,P15260,paint,False
S3607,P867,midrange,False
S3608,P11529,paint,True
S3609,P2813,three_point,False
S3610,P18936,three_point,True
S3611,P591,paint,True
S3612,P7186,paint,False
S3613,P6570,midrange,False
S3614,P8901,three_point,False
S3615,P10619,paint,False
S3616,P3475,midrange,True
S3617,P19574,paint,False
S3618,P19543,midrange,True
S3619,P7227,three_point,False
S3620,P6221,paint,False
S3621,P4402,three_point,True
S3622,P19613,paint,False
S3623,P17158,three_point,False
S3624,P4372,midrange,True
S3625,P13153,three_point,True
S3626,P11714,paint,False
S3627,P13173,midrange,True
S3628,P1114,midrange,False
S3629,P5756,three_point,True
S3630,P7965,midrange,True
S3631,P2605,midrange,False
S3632,P13580,paint,False
S3633,P16559,three_point,False
S3634,P14074,midrange,False
S3635,P9224,midrange,False
S3636,P4679,midrange,True
S3637,P16932,paint,True
S3638,P12800,paint,True
S3639,P15763,midrange,False
S3640,P16749,three_point,False
S3641,P14304,midrange,True
S3642,P5334,paint,True
S3643,P17134,midrange,False
S3644,P2932,midrange,True
S3645,P16250,three_point,False
S3646,P17294,three_point,True
S3647,P1189,midrange,True
S3648,P11821,midrange,True
S3649,P16878,paint,False
S3650,P5649,midrange,False
S3651,P2616,midrange,False
S3652,P6792,midrange,True
S3653,P18709,three_point,True
S3654,P12352,midrange,False
S3655,P15526,midrange,True
S3656,P18813,three_point,False
S3657,P3455,three_point,False
S3658,P7837,three_point,True
S3659,P13726,midrange,False
S3660,P19837,midrange,True
S3661,P6246,three_point,False
S3662,P697,paint,False
S3663,P8595,midrange,True
S3664,P16432,midrange,True
S3665,P3706,paint,True
S3666,P12814,midrange,False
S3667,P10699,paint,True
S3668,P15317,midrange,False
S3669,P11784,paint,False
S3670,P19167,three_point,False
S3671,P10172,three_point,False
S3672,P11300,three_point,False
S3673,P15839,paint,False
S3674,P5169,paint,False
S3675,P12291,paint,True
S3676,P11093,three_point,True
S3677,P2535,paint,False
S3678,P1356,three_point,True
S3679,P6224,paint,True
S3680,P10666,three_point,True
S3681,P19554,three_point,False
S3682,P8648,paint,True
S3683,P7214,paint,True
S3684,P1937,three_point,True
S3685,P15573,midrange,True
S3686,P1612,midrange,False
S3687,P911,three_point,True
S3688,P19875,three_point,False
S3689,P15552,midrange,False
S3690,P19515,three_point,True
S3691,P18135,midrange,False
S3692,P13606,midrange,False
S3693,P18608,three_point,True
S3694,P8643,three_point,True
S3695,P17941,midrange,True
S3696,P4790,paint,False
S3697,P37,midrange,True
S3698,P15881,paint,False
S3699,P9656,paint,True
S3700,P1523,paint,False
S3701,P6079,paint,False
S3702,P17688,midrange,True
S3703,P14178,midrange,True
S3704,P5183,paint,True
S3705,P2255,paint,True
S3706,P12038,midrange,False
S3707,P15700,paint,False
S3708,P10879,paint,False
S3709,P8849,paint,True
S3710,P10539,paint,True
S3711,P10395,midrange,True
S3712,P16378,paint,False
S3713,P11542,midrange,True
S3714,P16757,midrange,False
S3715,P6059,midrange,True
S3716,P1754,midrange,True
S3717,P11217,midrange,True
S3718,P5835,paint,False
S3719,P15918,paint,True
S3720,P12430,midrange,False
S3721,P18790,midrange,True
S3722,P5361,paint,False
S3723,P18593,paint,False
S3724,P2378,paint,False
S3725,P15877,paint,True
S3726,P390,paint,False
S3727,P2740,paint,True
S3728,P17602,midrange,True
S3729,P14196,midrange,True
S3730,P7745,paint,False
S3731,P19663,paint,True
S3732,P648,paint,True
S3733,P18326,paint,False
S3734,P9335,paint,False
S3735,P6217,three_point,False
S3736,P18100,paint,False
S3737,P17432,midrange,True
S3738,P5917,paint,False
S3739,P4101,midrange,True
S3740,P13685,paint,True
S3741,P3479,midrange,True
S3742,P5348,paint,True
S3743,P9272,three_point,False
S3744,P1862,paint,True
S3745,P15448,paint,True
S3746,P4093,midrange,True
S3747,P8419,midrange,False
S3748,P17342,midrange,False
S3749,P13595,three_point,False
S3750,P74,midrange,True
S3751,P15176,three_point,False
S3752,P11626,three_point,True
S3753,P15306,midrange,False
S3754,P15355,three_point,True
S3755,P12481,paint,True
S3756,P9450,paint,False
S3757,P16389,paint,True
S3758,P226,three_point,True
S3759,P14122,three_point,True
S3760,P2636,midrange,False
S3761,P1513,midrange,True
S3762,P2426,midrange,False
S3763,P9384,three_point,True
S3764,P1981,three_point,True
S3765,P9583,three_point,True
S3766,P15682,midrange,True
S3767,P15900,three_point,False
S3768,P17405,three_point,False
S3769,P926,three_point,False
S3770,P12774,midrange,False
S3771,P7144,midrange,True
S3772,P4032,paint,True
S3773,P474,paint,True
S3774,P15654,paint,False
S3775,P1613,midrange,False
S3776,P13959,midrange,False
S3777,P192,paint,True
S3778,P13697,midrange,True
S3779,P5868,paint,False
S3780,P10005,three_point,False
S3781,P6039,three_point,False
S3782,P4579,three_point,True
S3783,P12260,midrange,False
S3784,P10842,three_point,False
S3785,P10375,three_point,False
S3786,P4404,paint,False
S3787,P12149,midrange,False
S3788,P14836,midrange,False
S3789,P13463,three_point,True
S3790,P2031,three_point,False
S3791,P5984,midrange,False
S3792,P13767,paint,True
S3793,P5591,midrange,True
S3794,P11628,three_point,True
S3795,P17422,midrange,False
S3796,P4762,three_point,True
S3797,P283,midrange,True
S3798,P9445,midrange,True
S3799,P19727,paint,True
S3800,P5529,paint,False
S3801,P7632,paint,True
S3802,P2036,paint,True
S3803,P4413,paint,False
S3804,P5871,midrange,True
S3805,P15603,paint,False
S3806,P15244,three_point,False
S3807,P3854,paint,False
S3808,P12382,paint,True
S3809,P2498,three_point,True
S3810,P6681,midrange,True
S3811,P8796,three_point,False
S3812,P14358,midrange,True
S3813,P2926,three_point,False
S3814,P16475,paint,True
S3815,P14155,paint,True
S3816,P7505,paint,False
S3817,P15782,midrange,True
S3818,P19752,three_point,True
S3819,P4266,midrange,True
S3820,P17200,midrange,False
S3821,P6975,midrange,False
S3822,P15798,midrange,False
S3823,P1782,paint,False
S3824,P10402,midrange,False
S3825,P8602,midrange,True
S3826,P5586,paint,True
S3827,P2631,three_point,True
S3828,P16334,paint,False
S3829,P766,paint,False
S3830,P5770,paint,False
S3831,P18928,midrange,False
S3832,P1795,paint,True
S3833,P7233,midrange,False
S3834,P10750,midrange,True
S3835,P19738,paint,False
S3836,P16393,paint,False
S3837,P5362,paint,False
S3838,P16696,three_point,True
S3839,P18168,midrange,True
S3840,P5169,paint,True
S3841,P1342,three_point,False
S3842,P11590,three_point,False
S3843,P15567,midrange,True
S3844,P6627,paint,False
S3845,P9615,paint,False
S3846,P9922,midrange,False
S3847,P4430,midrange,True
S3848,P2359,three_point,False
S3849,P12459,midrange,False
S3850,P14623,paint,True
S3851,P5099,three_point,False
S3852,P9824,three_point,True
S3853,P9866,paint,False
S3854,P15764,midrange,False
S3855,P14019,midrange,False
S3856,P1568,midrange,True
S3857,P7134,midrange,True
S3858,P6236,paint,False
S3859,P9548,three_point,False
S3860,P9356,paint,False
S3861,P5651,midrange,True
S3862,P2244,three_point,True
S3863,P11607,midrange,True
S3864,P5104,three_point,True
S3865,P1363,paint,False
S3866,P11839,paint,True
S3867,P11243,midrange,True
S3868,P11089,paint,False
S3869,P3701,midrange,True
S3870,P16252,midrange,False
S3871,P11491,paint,False
S3872,P3447,three_point,True
S3873,P10861,midrange,True
S3874,P19558,three_point,True
S3875,P9933,midrange,True
S3876,P10937,midrange,True
S3877,P14480,paint,True
S3878,P5027,paint,True
S3879,P3913,midrange,True
S3880,P19862,paint,False
S3881,P5859,paint,True
S3882,P12572,midrange,False
S3883,P12324,three_point,True
S3884,P3443,three_point,True
S3885,P17714,paint,False
S3886,P13466,paint,False
S3887,P15979,midrange,True
S3888,P19575,midrange,True
S3889,P620,three_point,True
S3890,P10395,paint,True
S3891,P13313,paint,True
S3892,P143,three_point,True
S3893,P18684,three_point,True
S3894,P4994,paint,True
S3895,P19587,paint,True
S3896,P4712,three_point,True
S3897,P6765,paint,False
S3898,P18703,paint,False
S3899,P15806,three_point,False
S3900,P16332,three_point,True
S3901,P18356,three_point,False
S3902,P9566,midrange,True
S3903,P18006,three_point,False
S3904,P12696,midrange,False
S3905,P4555,three_point,True
S3906,P15959,three_point,True
S3907,P17893,paint,True
S3908,P18889,three_point,True
S3909,P10909,three_point,False
S3910,P13393,three_point,True
S3911,P11660,paint,False
S3912,P4878,three_point,False
S3913,P9981,paint,False
S3914,P2655,paint,True
S3915,P7198,midrange,False
S3916,P17181,paint,True
S3917,P15556,midrange,True
S3918,P2829,three_point,True
S3919,P8777,midrange,True
S3920,P9725,three_point,False
S3921,P12880,paint,False
S3922,P460,paint,True
S3923,P4750,paint,False
S3924,P16307,paint,True
S3925,P12126,paint,True
S3926,P9478,paint,True
S3927,P10079,paint,False
S3928,P1251,midrange,True
S3929,P2617,midrange,False
S3930,P6621,three_point,True
S3931,P1301,midrange,True
S3932,P9995,three_point,False
S3933,P8751,three_point,True
S3934,P15546,paint,False
S3935,P17832,three_point,True
S3936,P15981,paint,True
S3937,P11090,three_point,False
S3938,P11077,paint,True
S3939,P16595,three_point,True
S3940,P2910,paint,True
S3941,P19338,paint,True
S3942,P12765,three_point,False
S3943,P16378,three_point,False
S3944,P14656,three_point,False
S3945,P15672,three_point,False
S3946,P11721,midrange,False
S3947,P16820,three_point,True
S3948,P19552,midrange,True
S3949,P3561,midrange,True
S3950,P9167,midrange,True
S3951,P17358,paint,True
S3952,P8107,three_point,False
S3953,P893,paint,True
S3954,P2512,paint,True
S3955,P11419,paint,False
S3956,P3892,three_point,True
S3957,P18904,three_point,True
S3958,P5339,three_point,True
S3959,P17736,three_point,False
S3960,P19081,three_point,True
S3961,P5287,paint,True
S3962,P4067,midrange,False
S3963,P3201,paint,True
S3964,P9099,midrange,True
S3965,P4024,three_point,False
S3966,P14556,three_point,True
S3967,P10857,midrange,False
S3968,P7151,paint,True
S3969,P5928,three_point,True
S3970,P2411,midrange,True
S3971,P6919,three_point,True
S3972,P11908,paint,True
S3973,P5193,three_point,True
S3974,P3156,midrange,True
S3975,P9666,paint,False
S3976,P6267,paint,False
S3977,P901,three_point,False
S3978,P18652,paint,True
S3979,P13450,midrange,False
S3980,P9094,paint,False
S3981,P19805,midrange,True
S3982,P6339,midrange,True
S3983,P436,three_point,False
S3984,P10340,paint,False
S3985,P18451,midrange,True
S3986,P13556,three_point,True
S3987,P14731,midrange,True
S3988,P17778,paint,True
S3989,P19471,midrange,True
S3990,P13202,three_point,True
S3991,P450,midrange,False
S3992,P474,midrange,True
S3993,P3113,three_point,True
S3994,P2582,midrange,False
S3995,P18643,midrange,True
S3996,P14041,three_point,True
S3997,P16424,midrange,True
S3998,P17656,three_point,False
S3999,P768,three_point,True
S4000,P8384,three_point,False
S4001,P10044,three_point,False
S4002,P1632,midrange,False
S4003,P1162,three_point,False
S4004,P14228,paint,False
S4005,P9879,paint,False
S4006,P13951,paint,True
S4007,P12018,midrange,False
S4008,P7083,midrange,True
S4009,P2894,three_point,False
S4010,P10261,midrange,False
S4011,P16118,midrange,False
S4012,P16548,paint,True
S4013,P2376,paint,True
S4014,P8921,three_point,False
S4015,P11421,midrange,False
S4016,P2450,paint,True
S4017,P10369,three_point,True
S4018,P12117,midrange,True
S4019,P11968,paint,False
S4020,P18652,paint,False
S4021,P9578,paint,True
S4022,P19275,midrange,True
S4023,P9938,paint,False
S4024,P9351,paint,False
S4025,P5499,midrange,False
S4026,P3139,three_point,True
S4027,P6660,midrange,True
S4028,P8730,paint,False
S4029,P794,three_point,True
S4030,P2660,paint,False
S4031,P16818,midrange,False
S4032,P6330,paint,True
S4033,P3194,paint,False
S4034,P3236,paint,True
S4035,P2040,midrange,True
S4036,P14265,paint,False
S4037,P2691,midrange,False
S4038,P14857,paint,False
S4039,P14457,midrange,False
S4040,P11783,paint,False
S4041,P1183,midrange,True
S4042,P1473,paint,False
S4043,P15303,paint,False
S4044,P13341,three_point,False
S4045,P9532,three_point,False
S4046,P9273,three_point,True
S4047,P890,three_point,False
S4048,P17277,three_point,True
S4049,P8481,three_point,False
S4050,P9644,three_point,False
S4051,P19199,paint,False
S4052,P5933,midrange,True
S4053,P12570,paint,False
S4054,P6890,midrange,False
S4055,P19533,paint,True
S4056,P12323,paint,False
S4057,P19117,paint,True
S4058,P10855,three_point,True
S4059,P18751,three_point,False
S4060,P13113,paint,True
S4061,P5523,three_point,True
S4062,P1511,paint,True
S4063,P2570,midrange,True
S4064,P6702,midrange,False
S4065,P16966,three_point,True
S4066,P15042,paint,False
S4067,P3873,three_point,True
S4068,P19048,midrange,True
S4069,P2118,midrange,False
S4070,P4838,paint,True
S4071,P2687,three_point,True
S4072,P18174,three_point,False
S4073,P593,three_point,False
S4074,P11586,midrange,False
S4075,P6693,paint,False
S4076,P7786,midrange,False
S4077,P14495,three_point,False
S4078,P15135,paint,True
S4079,P7599,midrange,True
S4080,P10381,three_point,False
S4081,P16851,three_point,False
S4082,P2638,three_point,False
S4083,P16287,midrange,True
S4084,P18271,three_point,False
S4085,P17119,three_point,True
S4086,P17736,midrange,False
S4087,P15799,three_point,False
S4088,P7477,midrange,False
S4089,P2015,three_point,False
S4090,P6781,three_point,True
S4091,P11210,paint,False
S4092,P5120,midrange,True
S4093,P4950,three_point,False
S4094,P14455,paint,False
S4095,P8493,paint,True
S4096,P12472,three_point,False
S4097,P5802,three_point,True
S4098,P8406,midrange,True
S4099,P11432,three_point,False
S4100,P19033,midrange,True
S4101,P8723,three_point,False
S4102,P15511,paint,True
S4103,P16504,midrange,True
S4104,P9963,midrange,False
S4105,P19149,midrange,False
S4106,P4642,midrange,True
S4107,P1881,three_point,False
S4108,P1730,paint,True
S4109,P10687,three_point,True
S4110,P18215,paint,True
S4111,P18658,three_point,False
S4112,P1080,three_point,True
S4113,P4931,midrange,True
S4114,P15165,paint,True
S4115,P3747,three_point,True
S4116,P1115,midrange,True
S4117,P982,three_point,True
S4118,P13432,midrange,True
S4119,P16307,paint,True
S4120,P8468,paint,False
S4121,P18049,three_point,False
S4122,P19856,three_point,True
S4123,P6260,three_point,False
S4124,P7052,midrange,True
S4125,P7075,paint,False
S4126,P1527,three_point,False
S4127,P16860,midrange,False
S4128,P7963,three_point,False
S4129,P8656,midrange,False
S4130,P3791,paint,True
S4131,P16260,paint,True
S4132,P19683,paint,False
S4133,P1612,three_point,False
S4134,P16433,paint,False
S4135,P2618,paint,True
S4136,P6464,midrange,True
S4137,P18978,paint,False
S4138,P4152,three_point,False
S4139,P3405,three_point,True
S4140,P10353,midrange,False
S4141,P4286,midrange,True
S4142,P6041,paint,True
S4143,P14096,midrange,True
S4144,P15606,three_point,True
S4145,P247,midrange,False
S4146,P19088,three_point,True
S4147,P7317,three_point,True
S4148,P17823,three_point,False
S4149,P1807,paint,False
S4150,P16,paint,False
S4151,P3209,midrange,False
S4152,P17976,three_point,False
S4153,P1916,three_point,False
S4154,P16356,paint,True
S4155,P14938,paint,True
S4156,P17874,midrange,False
S4157,P17141,three_point,True
S4158,P19043,paint,False
S4159,P10166,midrange,False
S4160,P11176,three_point,True
S4161,P10852,midrange,True
S4162,P2903,paint,True
S4163,P7657,three_point,False
S4164,P19711,midrange,True
S4165,P4794,paint,False
S4166,P2289,midrange,True
S4167,P14441,paint,False
S4168,P15971,three_point,True
S4169,P3216,three_point,True
S4170,P14144,midrange,True
S4171,P13368,midrange,False
S4172,P3635,paint,False
S4173,P7779,paint,True
S4174,P1112,midrange,True
S4175,P3773,paint,False
S4176,P17873,three_point,True
S4177,P17254,paint,False
S4178,P8570,midrange,True
S4179,P18904,paint,True
S4180,P13759,midrange,False
S4181,P16192,three_point,False
S4182,P13560,paint,False
S4183,P18159,paint,True
S4184,P16335,midrange,False
S4185,P14306,midrange,False
S4186,P18299,midrange,True
S4187,P8954,three_point,True
S4188,P7846,three_point,True
S4189,P18065,paint,False
S4190,P6474,midrange,True
S4191,P3514,midrange,True
S4192,P15142,paint,False
S4193,P2499,paint,True
S4194,P4961,three_point,True
S4195,P4558,paint,False
S4196,P4279,midrange,True
S4197,P16053,midrange,True
S4198,P17329,midrange,True
S4199,P1173,three_point,True
S4200,P8843,paint,True
S4201,P8017,paint,True
S4202,P5406,midrange,False
S4203,P19881,midrange,True
S4204,P2730,paint,True
S4205,P12412,three_point,False
S4206,P17876,midrange,True
S4207,P10945,three_point,True
S4208,P16807,three_point,False
S4209,P5688,midrange,False
S4210,P5021,three_point,True
S4211,P19109,paint,False
S4212,P17035,paint,False
S4213,P6842,paint,True
S4214,P9980,midrange,True
S4215,P8566,paint,True
S4216,P17333,midrange,True
S4217,P15834,midrange,True
S4218,P5601,paint,False
S4219,P9648,paint,False
S4220,P5203,three_point,True
S4221,P4917,midrange,True
S4222,P1715,paint,False
S4223,P12968,three_point,True
S4224,P3307,midrange,True
S4225,P6130,paint,False
S4226,P1903,midrange,False
S4227,P6521,midrange,True
S4228,P3822,paint,True
S4229,P1228,three_point,False
S4230,P1535,midrange,False
S4231,P12670,midrange,True
S4232,P11122,paint,False
S4233,P13149,paint,False
S4234,P19962,three_point,False
S4235,P5900,midrange,True
S4236,P8618,midrange,True
S4237,P19381,midrange,True
S4238,P2742,paint,False
S4239,P11763,three_point,False
S4240,P18436,paint,False
S4241,P16514,midrange,True
S4242,P17666,three_point,False
S4243,P19352,midrange,False
S4244,P6719,paint,True
S4245,P11411,paint,False
S4246,P741,paint,False
S4247,P12507,paint,True
S4248,P10923,paint,False
S4249,P9,midrange,False
S4250,P1625,paint,False
S4251,P12943,three_point,False
S4252,P6884,midrange,True
S4253,P1453,paint,False
S4254,P2544,midrange,False
S4255,P9373,paint,False
S4256,P71,paint,True
S4257,P19304,midrange,False
S4258,P4355,three_point,True
S4259,P7408,paint,False
S4260,P17467,three_point,True
S4261,P19201,midrange,False
S4262,P6746,paint,True
S4263,P3133,midrange,True
S4264,P18342,midrange,True
S4265,P1733,paint,False
S4266,P14097,paint,False
S4267,P5868,paint,True
S4268,P14026,three_point,False
S4269,P12155,paint,False
S4270,P222,three_point,True
S4271,P7731,three_point,True
S4272,P2886,midrange,True
S4273,P6436,paint,True
S4274,P13260,paint,False
S4275,P19804,paint,True
S4276,P8992,three_point,True
S4277,P4864,paint,True
S4278,P19768,paint,False
S4279,P17097,paint,False
S4280,P257,paint,False
S4281,P14402,three_point,False
S4282,P8848,paint,True
S4283,P12310,midrange,True
S4284,P595,paint,False
S4285,P10359,midrange,False
S4286,P499,midrange,False
S4287,P10512,three_point,False
S4288,P2781,paint,False
S4289,P19460,three_point,False
S4290,P19482,three_point,True
S4291,P10903,midrange,False
S4292,P11566,paint,True
S4293,P4701,midrange,True
S4294,P5614,three_point,False
S4295,P7937,midrange,True
S4296,P9341,three_point,True
S4297,P14620,three_point,True
S4298,P5022,paint,False
S4299,P10699,three_point,True
S4300,P17054,paint,True
S4301,P3920,three_point,False
S4302,P11283,paint,True
S4303,P17569,paint,False
S4304,P14231,paint,True
S4305,P6889,three_point,True
S4306,P12832,three_point,False
S4307,P4669,midrange,True
S4308,P18285,three_point,True
S4309,P11356,paint,True
S4310,P16077,three_point,False
S4311,P5218,midrange,True
S4312,P15847,paint,True
S4313,P15623,three_point,True
S4314,P6487,three_point,False
S4315,P15454,paint,False
S4316,P15848,midrange,True
S4317,P15447,midrange,False
S4318,P15844,midrange,False
S4319,P19192,three_point,True
S4320,P11904,paint,True
S4321,P913,midrange,False
S4322,P1752,paint,False
S4323,P19765,three_point,False
S4324,P13078,three_point,False
S4325,P7821,three_point,False
S4326,P17283,three_point,False
S4327,P5043,three_point,False
S4328,P12507,paint,True
S4329,P7900,midrange,False
S4330,P8101,three_point,False
S4331,P4221,midrange,False
S4332,P17922,three_point,False
S4333,P15839,midrange,False
S4334,P12905,midrange,False
S4335,P13475,three_point,False
S4336,P8218,paint,True
S4337,P17808,midrange,True
S4338,P5485,three_point,False
S4339,P10877,paint,False
S4340,P977,paint,True
S4341,P18844,midrange,False
S4342,P4254,three_point,False
S4343,P10575,midrange,False
S4344,P9079,midrange,True
S4345,P1847,midrange,True
S4346,P151,three_point,False
S4347,P17473,paint,False
S4348,P10895,paint,True
S4349,P12093,midrange,True
S4350,P16878,three_point,False
S4351,P8757,midrange,False
S4352,P18667,midrange,False
S4353,P8926,paint,False
S4354,P19172,midrange,True
S4355,P7081,midrange,False
S4356,P12532,midrange,False
S4357,P17950,midrange,True
S4358,P13645,three_point,False
S4359,P10114,three_point,False
S4360,P19653,paint,False
S4361,P2054,three_point,True
S4362,P14751,paint,False
S4363,P10961,three_point,True
S4364,P11078,three_point,True
S4365,P15688,midrange,True
S4366,P18655,three_point,False
S4367,P12171,paint,True
S4368,P10684,paint,False
S4369,P5782,three_point,False
S4370,P18750,three_point,False
S4371,P4963,midrange,False
S4372,P11593,midrange,True
S4373,P9026,paint,True
S4374,P15815,three_point,True
S4375,P320,midrange,True
S4376,P5314,three_point,True
S4377,P3180,three_point,True
S4378,P11915,three_point,True
S4379,P15889,paint,False
S4380,P16306,midrange,False
S4381,P5594,midrange,False
S4382,P13060,three_point,False
S4383,P12974,midrange,False
S4384,P6143,midrange,True
S4385,P2975,three_point,True
S4386,P6067,midrange,True
S4387,P9934,three_point,True
S4388,P2812,midrange,True
S4389,P10197,midrange,False
S4390,P1523,midrange,True
S4391,P12013,three_point,False
S4392,P2382,midrange,True
S4393,P4594,midrange,True
S4394,P656,paint,True
S4395,P16076,three_point,True
S4396,P1663,midrange,False
S4397,P4665,midrange,False
S4398,P5346,midrange,False
S4399,P19363,midrange,True
S4400,P8400,paint,True
S4401,P13213,midrange,False
S4402,P9958,midrange,False
S4403,P106,three_point,False
S4404,P5409,midrange,True
S4405,P15530,midrange,True
S4406,P6769,midrange,True
S4407,P3383,midrange,False
S4408,P12269,paint,True
S4409,P4920,paint,False
S4410,P2721,paint,True
S4411,P12814,midrange,False
S4412,P8510,three_point,False
S4413,P6447,paint,True
S4414,P19824,midrange,True
S4415,P600,midrange,False
S4416,P11291,paint,True
S4417,P19211,midrange,True
S4418,P1584,three_point,False
S4419,P6045,paint,False
S4420,P11477,paint,True
S4421,P8289,paint,True
S4422,P7202,paint,False
S4423,P2985,midrange,False
S4424,P17418,paint,True
S4425,P9305,paint,True
S4426,P15845,paint,False
S4427,P5218,three_point,False
S4428,P3008,paint,True
S4429,P13483,paint,True
S4430,P17373,three_point,True
S4431,P9812,midrange,False
S4432,P3824,midrange,True
S4433,P7517,midrange,False
S4434,P13340,midrange,False
S4435,P18026,paint,False
S4436,P5849,paint,False
S4437,P295,three_point,True
S4438,P9592,paint,True
S4439,P12785,three_point,False
S4440,P13789,paint,True
S4441,P17058,three_point,False
S4442,P18663,three_point,True
S4443,P3498,midrange,True
S4444,P3748,three_point,True
S4445,P2798,three_point,False
S4446,P9983,three_point,False
S4447,P16331,midrange,False
S4448,P385,midrange,False
S4449,P10678,paint,True
S4450,P10465,midrange,False
S4451,P5799,paint,False
S4452,P12146,three_point,False
S4453,P13850,midrange,False
S4454,P14007,three_point,True
S4455,P12950,paint,False
S4456,P19290,three_point,False
S4457,P14160,paint,False
S4458,P11448,three_point,True
S4459,P8919,midrange,False
S4460,P18859,paint,False
S4461,P13644,paint,False
S4462,P5879,paint,False
S4463,P4399,paint,True
S4464,P18067,paint,False
S4465,P5199,three_point,False
S4466,P11831,three_point,True
S4467,P4227,paint,True
S4468,P15245,paint,True
S4469,P18614,paint,False
S4470,P3685,paint,True
S4471,P135,three_point,True
S4472,P7160,paint,True
S4473,P18037,midrange,True
S4474,P1199,three_point,False
S4475,P15526,midrange,True
S4476,P9328,midrange,True
S4477,P12022,three_point,False
S4478,P18416,three_point,False
S4479,P18455,paint,True
S4480,P2817,paint,True
S4481,P18048,three_point,True
S4482,P6341,midrange,False
S4483,P1281,paint,False
S4484,P13283,three_point,False
S4485,P2374,three_point,False
S4486,P15685,paint,False
S4487,P12738,three_point,True
S4488,P7839,three_point,True
S4489,P17890,paint,True
S4490,P12008,midrange,False
S4491,P11904,three_point,True
S4492,P9666,paint,True
S4493,P5538,paint,True
S4494,P18740,three_point,False
S4495,P7139,paint,False
S4496,P12502,three_point,False
S4497,P4838,paint,False
S4498,P12403,three_point,False
S4499,P17799,paint,False
S4500,P8326,three_point,True
S4501,P9025,three_point,True
S4502,P19414,three_point,False
S4503,P17446,paint,True
S4504,P15665,paint,True
S4505,P5272,midrange,False
S4506,P18176,three_point,True
S4507,P5478,three_point,False
S4508,P13430,paint,False
S4509,P17560,midrange,True
S4510,P11816,midrange,True
S4511,P5794,midrange,True
S4512,P4035,midrange,True
S4513,P16881,midrange,True
S4514,P5207,midrange,True
S4515,P14235,midrange,False
S4516,P15021,three_point,True
S4517,P5018,paint,True
S4518,P11562,three_point,True
S4519,P13302,midrange,True
S4520,P7384,three_point,True
S4521,P855,midrange,False
S4522,P6500,midrange,False
S4523,P9920,paint,False
S4524,P3815,midrange,False
S4525,P14058,three_point,False
S4526,P19850,midrange,True
S4527,P2622,three_point,False
S4528,P10697,three_point,False
S4529,P7195,three_point,False
S4530,P3450,midrange,True
S4531,P18611,midrange,False
S4532,P9510,paint,True
S4533,P6852,midrange,True
S4534,P18850,midrange,False
S4535,P9533,midrange,True
S4536,P11646,three_point,True
S4537,P3810,midrange,True
S4538,P18471,midrange,True
S4539,P14802,three_point,False
S4540,P2523,three_point,True
S4541,P1643,midrange,True
S4542,P1111,midrange,False
S4543,P3177,midrange,False
S4544,P13634,three_point,True
S4545,P4746,midrange,False
S4546,P14336,three_point,True
S4547,P6258,three_point,True
S4548,P14161,three_point,True
S4549,P9953,midrange,True
S4550,P17226,paint,True
S4551,P1986,paint,False
S4552,P17103,midrange,False
S4553,P16304,three_point,False
S4554,P14843,three_point,False
S4555,P7911,paint,True
S4556,P19990,three_point,True
S4557,P10704,three_point,False
S4558,P14888,paint,False
S4559,P8999,paint,False
S4560,P5203,paint,True
S4561,P6910,three_point,True
S4562,P10357,paint,True
S4563,P1869,midrange,False
S4564,P13119,paint,True
S4565,P5602,midrange,True
S4566,P4169,midrange,True
S4567,P13212,midrange,True
S4568,P19234,paint,True
S4569,P19547,midrange,True
S4570,P5312,paint,True
S4571,P1377,paint,False
S4572,P2626,three_point,False
S4573,P9883,three_point,False
S4574,P10959,paint,False
S4575,P1244,paint,True
S4576,P17775,paint,False
S4577,P13300,three_point,True
S4578,P11016,midrange,False
S4579,P10349,midrange,True
S4580,P18132,three_point,False
S4581,P9443,midrange,False
S4582,P8743,three_point,True
S4583,P11305,paint,False
S4584,P3041,three_point,False
S4585,P8924,paint,False
S4586,P15517,paint,False
S4587,P9366,midrange,False
S4588,P5601,midrange,False
S4589,P18283,midrange,False
S4590,P11008,three_point,False
S4591,P16104,paint,True
S4592,P15418,paint,False
S4593,P13511,three_point,False
S4594,P13189,three_point,False
S4595,P13266,three_point,False
S4596,P10366,paint,True
S4597,P6006,paint,False
S4598,P14589,three_point,True
S4599,P10801,midrange,True
S4600,P9265,paint,True
S4601,P12818,three_point,True
S4602,P8847,paint,True
S4603,P14874,three_point,False
S4604,P18259,paint,False
S4605,P6340,three_point,True
S4606,P4163,paint,False
S4607,P10981,paint,True
S4608,P7483,three_point,False
S4609,P5408,three_point,False
S4610,P7939,three_point,True
S4611,P17155,midrange,True
S4612,P12919,paint,True
S4613,P2613,midrange,False
S4614,P15969,paint,False
S4615,P19127,paint,True
S4616,P10428,paint,True
S4617,P4570,paint,True
S4618,P15541,midrange,False
S4619,P14566,paint,False
S4620,P19672,three_point,False
S4621,P12012,three_point,True
S4622,P19234,paint,True
S4623,P15229,paint,False
S4624,P14140,midrange,False
S4625,P9706,midrange,True
S4626,P15154,three_point,False
S4627,P2284,three_point,False
S4628,P358,paint,False
S4629,P213,three_point,False
S4630,P4460,midrange,False
S4631,P14482,three_point,False
S4632,P19613,midrange,False
S4633,P5241,midrange,True
S4634,P16977,three_point,False
S4635,P279,three_point,True
S4636,P2720,three_point,True
S4637,P18311,midrange,False
S4638,P2687,midrange,True
S4639,P7507,midrange,False
S4640,P7955,paint,False
S4641,P3415,midrange,False
S4642,P6063,three_point,True
S4643,P12806,paint,True
S4644,P2845,three_point,True
S4645,P5303,midrange,False
S4646,P11619,paint,False
S4647,P19603,midrange,False
S4648,P18565,three_point,True
S4649,P1839,paint,True
S4650,P11039,three_point,False
S4651,P11519,midrange,True
S4652,P5927,paint,True
S4653,P14739,midrange,True
S4654,P17188,midrange,False
S4655,P1484,midrange,False
S4656,P16541,paint,False
S4657,P19332,paint,True
S4658,P2356,midrange,True
S4659,P16800,midrange,False
S4660,P7939,paint,True
S4661,P15882,paint,True
S4662,P10351,three_point,False
S4663,P19465,paint,True
S4664,P9590,paint,True
S4665,P10325,midrange,False
S4666,P11373,three_point,True
S4667,P14845,three_point,False
S4668,P7014,three_point,True
S4669,P13102,paint,False
S4670,P6565,three_point,True
S4671,P5078,three_point,False
S4672,P10281,midrange,True
S4673,P1855,three_point,False
S4674,P19431,midrange,True
S4675,P2969,three_point,False
S4676,P5072,three_point,True
S4677,P9820,three_point,True
S4678,P186,midrange,True
S4679,P2471,three_point,False
S4680,P1264,midrange,False
S4681,P11951,three_point,False
S4682,P5321,midrange,True
S4683,P5208,paint,False
S4684,P5128,midrange,True
S4685,P14154,midrange,False
S4686,P15709,paint,True
S4687,P12293,midrange,False
S4688,P3709,paint,True
S4689,P12573,three_point,False
S4690,P4849,paint,True
S4691,P19849,paint,True
S4692,P12076,paint,True
S4693,P9076,midrange,False
S4694,P339,paint,False
S4695,P11709,three_point,True
S4696,P18941,three_point,True
S4697,P2260,paint,True
S4698,P3348,three_point,False
S4699,P10571,three_point,False
S4700,P16043,three_point,False
S4701,P2712,midrange,True
S4702,P17363,midrange,False
S4703,P6802,midrange,True
S4704,P4152,midrange,True
S4705,P14160,midrange,False
S4706,P4395,paint,False
S4707,P5279,midrange,False
S4708,P18414,three_point,True
S4709,P11626,midrange,True
S4710,P2678,midrange,True
S4711,P12031,paint,True
S4712,P9817,midrange,False
S4713,P18946,paint,True
S4714,P14813,paint,False
S4715,P11352,paint,True
S4716,P632,midrange,True
S4717,P12057,three_point,True
S4718,P9752,paint,True
S4719,P12933,three_point,True
S4720,P19401,paint,False
S4721,P13592,three_point,False
S4722,P179,three_point,False
S4723,P3495,paint,False
S4724,P4923,three_point,False
S4725,P16743,paint,True
S4726,P7844,three_point,True
S4727,P16985,paint,True
S4728,P439,midrange,True
S4729,P4615,paint,True
S4730,P17048,paint,True
S4731,P9385,three_point,True
S4732,P15525,midrange,True
S4733,P3612,three_point,True
S4734,P11310,three_point,True
S4735,P13590,paint,False
S4736,P6031,three_point,True
S4737,P16815,midrange,True
S4738,P14671,paint,False
S4739,P6527,three_point,False
S4740,P16271,midrange,True
S4741,P10850,paint,False
S4742,P13403,three_point,False
S4743,P17355,midrange,True
S4744,P2137,three_point,True
S4745,P18925,paint,False
S4746,P3621,midrange,True
S4747,P17983,three_point,False
S4748,P16987,three_point,False
S4749,P2228,midrange,True
S4750,P7233,paint,False
S4751,P2739,midrange,False
S4752,P12151,paint,False
S4753,P18379,three_point,False
S4754,P16538,midrange,True
S4755,P14541,midrange,False
S4756,P5536,paint,True
S4757,P63,paint,True
S4758,P6972,three_point,False
S4759,P5796,three_point,True
S4760,P6298,paint,True
S4761,P3844,paint,False
S4762,P1585,paint,True
S4763,P7278,midrange,False
S4764,P17120,midrange,False
S4765,P9225,three_point,False
S4766,P11766,three_point,False
S4767,P1172,paint,False
S4768,P17677,midrange,True
S4769,P2599,three_point,True
S4770,P10111,three_point,False
S4771,P3991,paint,False
S4772,P10857,three_point,False
S4773,P5324,midrange,True
S4774,P12939,midrange,True
S4775,P8621,paint,False
S4776,P16964,three_point,False
S4777,P16715,midrange,True
S4778,P13424,three_point,True
S4779,P2307,midrange,True
S4780,P5894,midrange,True
S4781,P12008,paint,False
S4782,P9795,paint,True
S4783,P8619,paint,True
S4784,P10122,paint,False
S4785,P2797,midrange,False
S4786,P17450,three_point,False
S4787,P15182,three_point,True
S4788,P7499,three_point,False
S4789,P14912,paint,False
S4790,P8756,midrange,False
S4791,P14714,midrange,False
S4792,P10143,paint,True
S4793,P2325,midrange,True
S4794,P11387,midrange,True
S4795,P11962,paint,False
S4796,P19600,midrange,True
S4797,P6289,midrange,True
S4798,P17314,midrange,False
S4799,P18401,midrange,False
S4800,P16089,midrange,False
S4801,P12785,midrange,True
S4802,P7821,three_point,True
S4803,P6660,three_point,True
S4804,P17880,midrange,True
S4805,P5311,three_point,True
S4806,P14458,three_point,False
S4807,P1294,three_point,True
S4808,P834,three_point,False
S4809,P14002,paint,False
S4810,P18860,midrange,False
S4811,P12092,midrange,True
S4812,P3331,paint,False
S4813,P17244,three_point,True
S4814,P10353,midrange,False
S4815,P15609,three_point,True
S4816,P10335,midrange,False
S4817,P4148,paint,True
S4818,P3841,paint,True
S4819,P3017,paint,True
S4820,P14748,three_point,False
S4821,P12037,midrange,True
S4822,P11058,paint,True
S4823,P610,three_point,False
S4824,P14180,three_point,True
S4825,P3373,midrange,False
S4826,P9225,three_point,False
S4827,P4441,midrange,True
S4828,P12494,paint,False
S4829,P7203,paint,False
S4830,P13333,midrange,False
S4831,P13877,paint,True
S4832,P3031,paint,True
S4833,P9498,three_point,False
S4834,P1906,midrange,True
S4835,P1122,three_point,True
S4836,P8250,three_point,True
S4837,P11918,paint,False
S4838,P14324,three_point,True
S4839,P18033,midrange,True
S4840,P18838,midrange,True
S4841,P15231,paint,False
S4842,P7418,paint,False
S4843,P1571,three_point,True
S4844,P7035,midrange,True
S4845,P12264,three_point,True
S4846,P14047,paint,False
S4847,P14411,three_point,True
S4848,P9465,paint,False
S4849,P13609,midrange,False
S4850,P2687,paint,True
S4851,P17141,midrange,False
S4852,P16088,midrange,False
S4853,P17515,paint,False
S4854,P4601,paint,False
S4855,P3953,three_point,True
S4856,P8576,paint,True
S4857,P13675,three_point,True
S4858,P9808,three_point,True
S4859,P1569,midrange,False
S4860,P15305,midrange,True
S4861,P12536,paint,False
S4862,P19590,three_point,True
S4863,P13977,three_point,False
S4864,P8562,midrange,False
S4865,P18687,three_point,True
S4866,P2734,paint,True
S4867,P18425,midrange,True
S4868,P13216,three_point,True
S4869,P8731,three_point,False
S4870,P13680,three_point,False
S4871,P12782,paint,True
S4872,P4645,three_point,False
S4873,P11033,three_point,True
S4874,P18053,three_point,True
S4875,P11905,midrange,True
S4876,P7346,paint,True
S4877,P1239,paint,True
S4878,P9040,three_point,False
S4879,P6267,midrange,True
S4880,P9624,three_point,True
S4881,P8239,paint,False
S4882,P10741,three_point,True
S4883,P3115,midrange,True
S4884,P7689,three_point,True
S4885,P3833,midrange,False
S4886,P19566,midrange,True
S4887,P1881,midrange,True
S4888,P2805,paint,False
S4889,P16618,midrange,False
S4890,P15114,paint,True
S4891,P13270,three_point,False
S4892,P3593,paint,False
S4893,P2858,midrange,True
S4894,P14767,three_point,False
S4895,P4036,paint,False
S4896,P17928,three_point,True
S4897,P1816,three_point,False
S4898,P2538,three_point,True
S4899,P15038,paint,True
S4900,P5657,three_point,False
S4901,P15143,paint,True
S4902,P8614,midrange,True
S4903,P2964,midrange,True
S4904,P19940,paint,False
S4905,P9726,paint,False
S4906,P9299,paint,False
S4907,P3991,paint,True
S4908,P2437,three_point,False
S4909,P18191,paint,True
S4910,P1674,three_point,False
S4911,P9841,three_point,True
S4912,P5190,midrange,True
S4913,P12237,midrange,True
S4914,P17736,midrange,False
S4915,P6816,paint,False
S4916,P16887,midrange,True
S4917,P12472,paint,False
S4918,P9979,midrange,True
S4919,P11900,three_point,False
S4920,P4122,midrange,False
S4921,P19491,three_point,False
S4922,P10571,three_point,True
S4923,P5339,paint,False
S4924,P10448,paint,True
S4925,P14311,three_point,False
S4926,P9634,paint,True
S4927,P12658,three_point,True
S4928,P6092,three_point,False
S4929,P13916,three_point,False
S4930,P10390,midrange,False
S4931,P9005,three_point,True
S4932,P19308,midrange,False
S4933,P5826,three_point,False
S4934,P18085,paint,True
S4935,P5261,midrange,True
S4936,P6719,paint,False
S4937,P19221,midrange,False
S4938,P12818,three_point,True
S4939,P17607,midrange,False
S4940,P18699,three_point,False
S4941,P460,paint,True
S4942,P3665,midrange,True
S4943,P2467,midrange,False
S4944,P1310,midrange,False
S4945,P13231,midrange,False
S4946,P11906,three_point,False
S4947,P13607,paint,False
S4948,P11922,three_point,True
S4949,P9318,three_point,False
S4950,P17065,three_point,True
S4951,P16120,three_point,False
S4952,P10137,three_point,True
S4953,P12754,midrange,True
S4954,P12310,three_point,False
S4955,P4453,paint,False
S4956,P6175,paint,False
S4957,P2539,paint,True
S4958,P9058,paint,True
S4959,P7625,three_point,False
S4960,P4618,midrange,False
S4961,P10597,three_point,True
S4962,P16952,midrange,True
S4963,P8717,midrange,False
S4964,P1567,three_point,False
S4965,P11404,three_point,True
S4966,P13492,paint,True
S4967,P3573,three_point,False
S4968,P2975,paint,False
S4969,P12534,midrange,False
S4970,P10985,three_point,True
S4971,P2460,paint,False
S4972,P2811,paint,False
S4973,P1216,three_point,True
S4974,P8930,three_point,True
S4975,P2978,three_point,True
S4976,P12122,midrange,False
S4977,P2670,three_point,False
S4978,P14235,midrange,True
S4979,P19403,midrange,False
S4980,P14823,midrange,False
S4981,P15197,three_point,False
S4982,P4048,midrange,True
S4983,P16435,midrange,False
S4984,P16863,three_point,True
S4985,P4740,midrange,True
S4986,P17062,paint,False
S4987,P16017,paint,True
S4988,P18123,paint,False
S4989,P3383,three_point,False
S4990,P17789,paint,False
S4991,P9580,midrange,False
S4992,P4732,midrange,True
S4993,P11668,midrange,False
S4994,P19653,midrange,True
S4995,P6665,three_point,False
S4996,P11511,paint,True
S4997,P19453,midrange,False
S4998,P2461,midrange,True
S4999,P2320,paint,False
S5000,P19091,three_point,False
S5001,P11676,midrange,True
S5002,P3845,midrange,False
S5003,P12295,midrange,False
S5004,P1573,three_point,False
S5005,P2521,three_point,False
S5006,P2056,midrange,True
S5007,P11128,three_point,True
S5008,P1818,three_point,False
S5009,P19222,midrange,False
S5010,P17368,paint,False
S5011,P366,paint,True
S5012,P8309,paint,True
S5013,P18256,midrange,True
S5014,P14745,paint,False
S5015,P3765,three_point,True
S5016,P18707,paint,True
S5017,P12770,three_point,True
S5018,P3215,three_point,True
S5019,P19846,paint,False
S5020,P7583,midrange,True
S5021,P837,paint,False
S5022,P10234,paint,True
S5023,P11746,three_point,True
S5024,P1653,paint,True
S5025,P6929,midrange,False
S5026,P13453,paint,True
S5027,P19685,midrange,False
S5028,P15444,paint,False
S5029,P1591,paint,False
S5030,P7802,three_point,True
S5031,P14473,paint,True
S5032,P12730,paint,False
S5033,P10476,midrange,False
S5034,P19956,paint,False
S5035,P2441,midrange,True
S5036,P11504,three_point,False
S5037,P17267,paint,True
S5038,P84,midrange,False
S5039,P7872,paint,True
S5040,P19070,paint,False
S5041,P9129,midrange,True
S5042,P11961,paint,True
S5043,P4901,three_point,False
S5044,P860,midrange,True
S5045,P12956,three_point,False
S5046,P9853,midrange,True
S5047,P4263,midrange,False
S5048,P757,three_point,True
S5049,P1673,three_point,True
S5050,P18496,midrange,True
S5051,P10374,midrange,True
S5052,P4298,paint,False
S5053,P13207,three_point,False
S5054,P14323,midrange,True
S5055,P8750,three_point,False
S5056,P15961,paint,True
S5057,P10128,paint,False
S5058,P11603,three_point,True
S5059,P4395,paint,False
S5060,P4512,paint,True
S5061,P13071,three_point,False
S5062,P3426,midrange,False
S5063,P19015,midrange,False
S5064,P7060,paint,True
S5065,P8812,paint,True
S5066,P487,three_point,True
S5067,P10937,three_point,True
S5068,P8856,midrange,True
S5069,P7020,paint,True
S5070,P17978,paint,False
S5071,P16211,paint,True
S5072,P8290,three_point,False
S5073,P4713,paint,False
S5074,P12276,three_point,False
S5075,P18977,three_point,True
S5076,P17343,paint,False
S5077,P18934,three_point,True
S5078,P2190,three_point,True
S5079,P2546,midrange,True
S5080,P13401,midrange,False
S5081,P14140,three_point,False
S5082,P6071,paint,False
S5083,P2504,paint,False
S5084,P11450,paint,False
S5085,P17222,three_point,True
S5086,P9754,paint,False
S5087,P15821,three_point,False
S5088,P19373,paint,False
S5089,P9422,midrange,True
S5090,P15300,paint,False
S5091,P14067,paint,True
S5092,P17497,paint,False
S5093,P15219,three_point,False
S5094,P19462,three_point,True
S5095,P5831,paint,True
S5096,P14572,paint,True
S5097,P91,midrange,True
S5098,P5358,three_point,False
S5099,P19560,three_point,False
S5100,P14075,paint,False
S5101,P13566,three_point,False
S5102,P11993,three_point,True
S5103,P6124,midrange,False
S5104,P915,midrange,True
S5105,P12827,midrange,True
S5106,P346,paint,False
S5107,P18246,three_point,False
S5108,P6179,three_point,False
S5109,P8542,three_point,False
S5110,P9304,paint,True
S5111,P17271,midrange,False
S5112,P19980,paint,True
S5113,P490,paint,True
S5114,P2019,paint,True
S5115,P5137,paint,True
S5116,P15324,paint,False
S5117,P4883,midrange,True
S5118,P8795,midrange,True
S5119,P17379,paint,True
S5120,P13239,paint,False
S5121,P12455,paint,False
S5122,P19280,midrange,True
S5123,P17576,three_point,False
S5124,P18674,three_point,True
S5125,P2106,paint,False
S5126,P3836,midrange,True
S5127,P11392,three_point,False
S5128,P14533,paint,True
S5129,P18074,midrange,False
S5130,P4823,midrange,True
S5131,P8818,paint,False
S5132,P18516,paint,False
S5133,P14711,paint,True
S5134,P11646,paint,False
S5135,P13971,three_point,False
S5136,P12285,three_point,False
S5137,P15903,paint,False
S5138,P2783,midrange,True
S5139,P12859,paint,True
S5140,P11631,midrange,True
S5141,P4651,paint,False
S5142,P4174,paint,False
S5143,P19744,paint,True
S5144,P7218,three_point,True
S5145,P3830,midrange,True
S5146,P19534,three_point,False
S5147,P817,three_point,True
S5148,P34,three_point,True
S5149,P15393,midrange,False
S5150,P17448,midrange,False
S5151,P6171,paint,False
S5152,P107,three_point,True
S5153,P14455,paint,True
S5154,P13899,midrange,True
S5155,P3930,midrange,False
S5156,P8717,paint,False
S5157,P4225,midrange,True
S5158,P13484,three_point,False
S5159,P2425,three_point,True
S5160,P324,paint,True
S5161,P6153,paint,True
S5162,P477,three_point,True
S5163,P8317,midrange,False
S5164,P4812,midrange,True
S5165,P1331,midrange,True
S5166,P1888,three_point,False
S5167,P5900,paint,False
S5168,P2873,paint,True
S5169,P9371,three_point,False
S5170,P19609,midrange,False
S5171,P16267,midrange,True
S5172,P9513,paint,True
S5173,P1049,three_point,True
S5174,P16284,midrange,True
S5175,P4534,paint,True
S5176,P16604,midrange,True
S5177,P7704,midrange,False
S5178,P13222,paint,True
S5179,P6775,three_point,True
S5180,P12941,three_point,False
S5181,P19282,three_point,False
S5182,P3166,midrange,True
S5183,P10891,paint,False
S5184,P12273,midrange,True
S5185,P13036,paint,False
S5186,P12996,three_point,True
S5187,P18557,three_point,False
S5188,P15615,midrange,False
S5189,P1989,three_point,True
S5190,P542,midrange,True
S5191,P4753,paint,False
S5192,P14616,midrange,False
S5193,P12919,paint,False
S5194,P1202,paint,False
S5195,P17633,three_point,False
S5196,P15103,paint,True
S5197,P12089,paint,False
S5198,P15272,paint,False
S5199,P15030,midrange,True
S5200,P13293,three_point,False
S5201,P19030,three_point,False
S5202,P3898,midrange,True
S5203,P17930,paint,True
S5204,P10372,midrange,False
S5205,P16392,three_point,True
S5206,P18356,three_point,False
S5207,P18398,paint,True
S5208,P16748,three_point,True
S5209,P5815,midrange,False
S5210,P18817,paint,True
S5211,P5747,midrange,False
S5212,P4298,paint,True
S5213,P14166,midrange,True
S5214,P9693,paint,False
S5215,P12902,three_point,True
S5216,P16919,midrange,False
S5217,P3625,three_point,True
S5218,P16519,midrange,False
S5219,P11815,three_point,False
S5220,P13258,paint,False
S5221,P17941,midrange,True
S5222,P2693,three_point,True
S5223,P6265,three_point,True
S5224,P7438,midrange,False
S5225,P12714,midrange,False
S5226,P7528,three_point,True
S5227,P3072,paint,True
S5228,P17444,three_point,False
S5229,P12206,paint,False
S5230,P4500,midrange,False
S5231,P4218,three_point,True
S5232,P16668,three_point,False
S5233,P6326,midrange,False
S5234,P7285,three_point,True
S5235,P11765,paint,True
S5236,P3305,paint,True
S5237,P15590,paint,False
S5238,P12317,paint,True
S5239,P19862,midrange,True
S5240,P11484,midrange,True
S5241,P862,midrange,True
S5242,P6536,paint,True
S5243,P10941,midrange,True
S5244,P19186,paint,True
S5245,P9063,three_point,False
S5246,P17790,three_point,True
S5247,P8715,paint,True
S5248,P18393,three_point,False
S5249,P16030,midrange,False
S5250,P19652,three_point,False
S5251,P13601,midrange,False
S5252,P15504,midrange,True
S5253,P15727,midrange,True
S5254,P8071,paint,False
S5255,P18511,paint,False
S5256,P12953,three_point,False
S5257,P18686,paint,True
S5258,P15071,midrange,True
S5259,P3820,three_point,True
S5260,P11381,paint,True
S5261,P19645,paint,True
S5262,P7993,midrange,False
S5263,P5652,midrange,False
S5264,P6348,three_point,False
S5265,P11047,three_point,True
S5266,P9103,three_point,True
S5267,P12360,three_point,True
S5268,P12634,midrange,False
S5269,P6346,paint,False
S5270,P16876,paint,False
S5271,P2927,three_point,True
S5272,P2060,three_point,False
S5273,P4511,three_point,False
S5274,P18640,paint,False
S5275,P14,midrange,True
S5276,P6461,three_point,True
S5277,P14017,midrange,False
S5278,P11906,three_point,True
S5279,P8895,three_point,True
S5280,P1084,paint,True
S5281,P2362,midrange,True
S5282,P248,midrange,False
S5283,P12208,midrange,True
S5284,P11896,paint,False
S5285,P2561,three_point,True
S5286,P17580,three_point,False
S5287,P11864,three_point,True
S5288,P4595,paint,False
S5289,P13078,paint,False
S5290,P1831,midrange,False
S5291,P19096,paint,True
S5292,P19498,three_point,False
S5293,P17604,three_point,True
S5294,P11295,midrange,True
S5295,P15595,midrange,True
S5296,P19360,midrange,True
S5297,P7044,paint,True
S5298,P8883,paint,True
S5299,P18193,midrange,True
S5300,P2242,midrange,True
S5301,P307,midrange,False
S5302,P12135,paint,False
S5303,P14771,paint,True
S5304,P13187,midrange,False
S5305,P1263,midrange,False
S5306,P9382,paint,False
S5307,P6750,three_point,True
S5308,P15068,three_point,False
S5309,P11780,three_point,True
S5310,P19588,three_point,True
S5311,P5563,midrange,False
S5312,P10065,three_point,False
S5313,P5557,three_point,False
S5314,P13752,three_point,False
S5315,P14581,midrange,True
S5316,P6989,paint,True
S5317,P5352,three_point,False
S5318,P1504,midrange,True
S5319,P5337,paint,False
S5320,P6304,midrange,True
S5321,P8843,midrange,False
S5322,P4816,midrange,True
S5323,P5209,three_point,False
S5324,P17658,three_point,False
S5325,P3930,three_point,False
S5326,P2064,paint,False
S5327,P6288,three_point,True
S5328,P2566,paint,True
S5329,P8721,three_point,False
S5330,P15816,paint,False
S5331,P1674,three_point,True
S5332,P14780,midrange,True
S5333,P6561,three_point,False
S5334,P9591,midrange,False
S5335,P12222,three_point,True
S5336,P10433,midrange,True
S5337,P5269,midrange,False
S5338,P16831,midrange,True
S5339,P4644,three_point,False
S5340,P14790,midrange,True
S5341,P13732,paint,False
S5342,P11164,three_point,False
S5343,P7055,midrange,True
S5344,P13181,three_point,False
S5345,P7228,midrange,False
S5346,P11143,paint,True
S5347,P15129,three_point,False
S5348,P13802,midrange,False
S5349,P517,paint,True
S5350,P7580,paint,True
S5351,P15803,three_point,False
S5352,P19784,midrange,True
S5353,P16261,three_point,True
S5354,P2464,paint,False
S5355,P5346,three_point,True
S5356,P9034,paint,True
S5357,P14555,paint,True
S5358,P8382,three_point,True
S5359,P14003,midrange,True
S5360,P12250,midrange,True
S5361,P15927,midrange,False
S5362,P16891,three_point,True
S5363,P8951,midrange,False
S5364,P6454,paint,True
S5365,P11543,midrange,False
S5366,P8811,three_point,True
S5367,P1522,midrange,True
S5368,P11675,three_point,False
S5369,P2549,midrange,True
S5370,P4073,midrange,False
S5371,P15691,paint,True
S5372,P4681,paint,False
S5373,P1979,paint,False
S5374,P16874,three_point,True
S5375,P2102,paint,False
S5376,P19882,midrange,True
S5377,P2343,midrange,True
S5378,P16760,three_point,False
S5379,P15205,paint,True
S5380,P11081,midrange,True
S5381,P14080,paint,False
S5382,P5127,midrange,True
S5383,P1456,three_point,False
S5384,P19410,paint,True
S5385,P2312,paint,False
S5386,P5740,paint,True
S5387,P13218,midrange,True
S5388,P16570,midrange,False
S5389,P10112,three_point,False
S5390,P15986,three_point,False
S5391,P6712,midrange,True
S5392,P9357,midrange,False
S5393,P1527,midrange,True
S5394,P3756,midrange,True
S5395,P13271,paint,True
S5396,P17593,paint,True
S5397,P1008,three_point,True
S5398,P15844,midrange,True
S5399,P2873,paint,True
S5400,P15592,three_point,True
S5401,P13285,paint,False
S5402,P15343,paint,True
S5403,P1654,midrange,True
S5404,P3651,midrange,True
S5405,P16605,paint,False
S5406,P15923,three_point,False
S5407,P5521,paint,True
S5408,P2911,midrange,False
S5409,P17697,midrange,False
S5410,P18132,midrange,True
S5411,P8571,paint,True
S5412,P19226,paint,True
S5413,P19686,three_point,False
S5414,P5133,three_point,True
S5415,P3890,midrange,False
S5416,P5035,three_point,False
S5417,P19564,paint,False
S5418,P19052,paint,False
S5419,P8260,paint,True
S5420,P18340,three_point,False
S5421,P6092,three_point,True
S5422,P6186,paint,True
S5423,P6765,midrange,True
S5424,P7602,three_point,True
S5425,P15970,paint,False
S5426,P17035,paint,False
S5427,P19414,midrange,False
S5428,P9473,midrange,True
S5429,P8385,three_point,False
S5430,P13883,three_point,False
S5431,P1288,midrange,False
S5432,P6126,paint,True
S5433,P13578,paint,False
S5434,P12554,midrange,True
S5435,P413,three_point,True
S5436,P2950,midrange,False
S5437,P13770,three_point,False
S5438,P14641,three_point,True
S5439,P5003,paint,False
S5440,P13160,paint,False
S5441,P15764,paint,False
S5442,P14647,midrange,True
S5443,P16258,three_point,True
S5444,P8183,paint,False
S5445,P8943,three_point,True
S5446,P17507,three_point,True
S5447,P12434,three_point,False
S5448,P1403,midrange,False
S5449,P16956,paint,False
S5450,P13897,midrange,True
S5451,P2913,paint,True
S5452,P862,three_point,True
S5453,P18102,paint,True
S5454,P19078,midrange,True
S5455,P4743,midrange,True
S5456,P18951,three_point,True
S5457,P12821,paint,False
S5458,P9371,three_point,True
S5459,P5111,three_point,True
S5460,P9960,midrange,False
S5461,P11280,three_point,True
S5462,P1489,midrange,True
S5463,P3641,paint,True
S5464,P11244,paint,True
S5465,P10033,midrange,True
S5466,P11248,paint,False
S5467,P18205,paint,True
S5468,P7901,paint,True
S5469,P14160,midrange,True
S5470,P9697,midrange,True
S5471,P6086,three_point,False
S5472,P5424,three_point,False
S5473,P3401,three_point,False
S5474,P19929,paint,False
S5475,P18489,paint,False
S5476,P15759,three_point,True
S5477,P1860,paint,False
S5478,P17296,paint,False
S5479,P18086,paint,False
S5480,P8833,paint,True
S5481,P8301,three_point,False
S5482,P7189,paint,False
S5483,P11197,three_point,True
S5484,P10473,three_point,True
S5485,P12640,paint,True
S5486,P16030,three_point,False
S5487,P16272,three_point,False
S5488,P2518,three_point,True
S5489,P14292,three_point,False
S5490,P12491,three_point,False
S5491,P3438,midrange,True
S5492,P3501,midrange,False
S5493,P1946,three_point,False
S5494,P19680,three_point,False
S5495,P218,midrange,False
S5496,P16204,paint,True
S5497,P19643,three_point,True
S5498,P19105,three_point,True
S5499,P12216,midrange,False
S5500,P3332,midrange,False
S5501,P14250,paint,True
S5502,P18461,three_point,True
S5503,P18753,midrange,True
S5504,P5085,three_point,True
S5505,P9376,three_point,False
S5506,P1231,three_point,True
S5507,P6826,midrange,True
S5508,P2424,paint,False
S5509,P8707,paint,True
S5510,P12675,three_point,False
S5511,P9102,midrange,True
S5512,P34,paint,False
S5513,P13186,three_point,True
S5514,P18704,three_point,True
S5515,P17062,midrange,True
S5516,P10142,paint,False
S5517,P7556,three_point,False
S5518,P8170,three_point,True
S5519,P19355,paint,True
S5520,P7238,midrange,False
S5521,P10917,three_point,True
S5522,P2538,paint,False
S5523,P17329,paint,False
S5524,P9447,three_point,True
S5525,P10700,paint,True
S5526,P628,paint,False
S5527,P6119,midrange,False
S5528,P10709,midrange,False
S5529,P4772,three_point,True
S5530,P19733,paint,True
S5531,P1405,paint,True
S5532,P16337,midrange,False
S5533,P12260,three_point,False
S5534,P5509,midrange,True
S5535,P16567,midrange,True
S5536,P3963,midrange,False
S5537,P13603,midrange,False
S5538,P8411,paint,True
S5539,P5664,three_point,False
S5540,P19833,paint,False
S5541,P16384,three_point,True
S5542,P33,midrange,True
S5543,P12574,paint,False
S5544,P2986,paint,True
S5545,P4464,midrange,False
S5546,P7772,midrange,False
S5547,P7484,paint,False
S5548,P17401,paint,False
S5549,P3030,three_point,True
S5550,P15483,midrange,True
S5551,P17287,three_point,False
S5552,P4428,three_point,True
S5553,P6610,midrange,True
S5554,P19448,midrange,False
S5555,P2555,midrange,False
S5556,P9123,paint,False
S5557,P19935,three_point,False
S5558,P1989,three_point,True
S5559,P4425,paint,False
S5560,P13062,three_point,True
S5561,P15258,three_point,False
S5562,P12922,paint,True
S5563,P10333,three_point,False
S5564,P11060,midrange,True
S5565,P9731,midrange,False
S5566,P2107,paint,True
S5567,P1011,paint,True
S5568,P330,paint,False
S5569,P6172,paint,True
S5570,P17549,three_point,True
S5571,P803,three_point,False
S5572,P14661,midrange,True
S5573,P18071,paint,True
S5574,P12028,paint,True
S5575,P14969,paint,True
S5576,P16216,midrange,True
S5577,P10581,three_point,True
S5578,P3976,three_point,False
S5579,P18427,midrange,False
S5580,P16149,three_point,False
S5581,P18574,three_point,True
S5582,P17998,midrange,False
S5583,P14591,three_point,True
S5584,P14106,paint,True
S5585,P1948,paint,False
S5586,P11896,paint,True
S5587,P10199,three_point,False
S5588,P14513,midrange,True
S5589,P17136,three_point,True
S5590,P1540,midrange,True
S5591,P13047,three_point,True
S5592,P12818,midrange,False
S5593,P15974,paint,False
S5594,P7467,midrange,True
S5595,P12882,three_point,True
S5596,P10035,three_point,True
S5597,P13727,three_point,True
S5598,P16528,midrange,False
S5599,P2384,three_point,True
S5600,P193,paint,False
S5601,P13508,paint,False
S5602,P7427,paint,False
S5603,P16628,three_point,True
S5604,P2114,midrange,True
S5605,P4348,three_point,True
S5606,P13950,paint,False
S5607,P8229,midrange,True
S5608,P12666,midrange,False
S5609,P12032,midrange,False
S5610,P5277,three_point,False
S5611,P18476,paint,True
S5612,P14,three_point,False
S5613,P4061,midrange,True
S5614,P10004,three_point,False
S5615,P2966,paint,False
S5616,P1289,midrange,False
S5617,P3260,paint,True
S5618,P18908,midrange,True
S5619,P6789,three_point,True
S5620,P19833,paint,False
S5621,P3974,three_point,True
S5622,P13048,midrange,False
S5623,P18644,paint,True
S5624,P222,three_point,True
S5625,P14478,midrange,False
S5626,P6971,midrange,True
S5627,P7970,paint,True
S5628,P7108,midrange,False
S5629,P8254,paint,False
S5630,P1910,midrange,False
S5631,P19609,paint,True
S5632,P7267,midrange,False
S5633,P8146,paint,True
S5634,P18862,midrange,True
S5635,P11166,paint,False
S5636,P18135,three_point,True
S5637,P18146,paint,False
S5638,P11691,three_point,True
S5639,P929,midrange,True
S5640,P12294,paint,False
S5641,P18587,midrange,True
S5642,P7675,three_point,False
S5643,P8712,midrange,False
S5644,P15711,midrange,False
S5645,P19793,paint,True
S5646,P2076,paint,False
S5647,P14780,three_point,False
S5648,P11166,midrange,False
S5649,P18690,midrange,True
S5650,P5229,three_point,True
S5651,P18604,paint,False
S5652,P4490,midrange,True
S5653,P17273,paint,True
S5654,P1673,midrange,False
S5655,P15372,three_point,False
S5656,P16625,three_point,True
S5657,P13289,midrange,False
S5658,P10609,paint,True
S5659,P4780,three_point,True
S5660,P3416,midrange,False
S5661,P10944,midrange,False
S5662,P3078,paint,False
S5663,P6390,three_point,True
S5664,P16345,midrange,False
S5665,P17524,three_point,True
S5666,P18199,paint,True
S5667,P6349,midrange,False
S5668,P7401,three_point,False
S5669,P16487,three_point,True
S5670,P5961,midrange,False
S5671,P14149,paint,True
S5672,P3806,midrange,True
S5673,P577,three_point,True
S5674,P6799,midrange,False
S5675,P12873,midrange,False
S5676,P12003,paint,False
S5677,P5796,paint,True
S5678,P12586,paint,True
S5679,P17997,three_point,False
S5680,P178,midrange,False
S5681,P8651,three_point,False
S5682,P5564,paint,False
S5683,P14857,paint,True
S5684,P19198,three_point,False
S5685,P19254,three_point,False
S5686,P10016,midrange,True
S5687,P3664,paint,False
S5688,P13363,three_point,False
S5689,P4429,three_point,True
S5690,P181,paint,True
S5691,P15936,three_point,False
S5692,P6866,paint,True
S5693,P2003,midrange,True
S5694,P8783,three_point,True
S5695,P2090,paint,True
S5696,P5447,paint,True
S5697,P15409,midrange,True
S5698,P1826,paint,True
S5699,P16701,three_point,True
S5700,P13231,midrange,False
S5701,P16304,paint,True
S5702,P7286,midrange,True
S5703,P9100,three_point,True
S5704,P10982,paint,True
S5705,P10097,three_point,True
S5706,P12611,three_point,True
S5707,P2031,paint,False
S5708,P19873,paint,True
S5709,P11602,paint,False
S5710,P11834,three_point,False
S5711,P2611,paint,True
S5712,P6582,midrange,False
S5713,P5646,three_point,True
S5714,P3676,three_point,True
S5715,P18047,midrange,True
S5716,P12019,paint,False
S5717,P5248,paint,True
S5718,P3444,paint,True
S5719,P4144,midrange,False
S5720,P12904,three_point,False
S5721,P14102,three_point,True
S5722,P16340,three_point,False
S5723,P15512,midrange,True
S5724,P1976,paint,False
S5725,P4858,paint,True
S5726,P13380,paint,False
S5727,P18276,paint,False
S5728,P6427,three_point,True
S5729,P10179,midrange,False
S5730,P234,three_point,False
S5731,P356,three_point,True
S5732,P4253,three_point,False
S5733,P12001,paint,False
S5734,P5976,paint,False
S5735,P15543,three_point,False
S5736,P8062,midrange,True
S5737,P18801,paint,False
S5738,P5660,midrange,False
S5739,P18859,paint,False
S5740,P17380,midrange,True
S5741,P12651,paint,True
S5742,P15686,midrange,False
S5743,P5983,midrange,True
S5744,P17158,midrange,False
S5745,P12693,midrange,True
S5746,P10823,three_point,True
S5747,P18303,three_point,False
S5748,P14506,midrange,False
S5749,P16130,paint,False
S5750,P19650,paint,True
S5751,P11821,paint,False
S5752,P9120,paint,False
S5753,P7256,paint,True
S5754,P3164,paint,True
S5755,P16337,paint,True
S5756,P11457,three_point,True
S5757,P15628,paint,True
S5758,P4012,paint,False
S5759,P3272,midrange,False
S5760,P15856,three_point,False
S5761,P6895,midrange,False
S5762,P4812,paint,True
S5763,P7360,midrange,False
S5764,P5159,midrange,True
S5765,P1602,paint,False
S5766,P3341,paint,False
S5767,P13997,paint,False
S5768,P11372,midrange,False
S5769,P5741,paint,True
S5770,P12733,paint,True
S5771,P5071,paint,False
S5772,P8593,paint,True
S5773,P13066,three_point,False
S5774,P4141,midrange,False
S5775,P11680,paint,True
S5776,P6733,three_point,True
S5777,P7989,paint,True
S5778,P5369,midrange,True
S5779,P4133,three_point,False
S5780,P18881,paint,False
S5781,P8307,three_point,False
S5782,P13282,three_point,False
S5783,P15603,three_point,False
S5784,P11308,three_point,True
S5785,P13327,three_point,False
S5786,P13220,paint,True
S5787,P19270,paint,True
S5788,P187,paint,False
S5789,P11598,paint,True
S5790,P7954,paint,True
S5791,P18030,midrange,True
S5792,P4664,midrange,True
S5793,P8309,midrange,True
S5794,P18430,three_point,False
S5795,P1821,paint,False
S5796,P17409,midrange,True
S5797,P14976,midrange,True
S5798,P10316,three_point,True
S5799,P15777,three_point,False
S5800,P1635,three_point,True
S5801,P2335,paint,True
S5802,P9118,three_point,True
S5803,P12696,paint,True
S5804,P7220,paint,False
S5805,P1823,midrange,True
S5806,P4083,midrange,False
S5807,P19522,paint,True
S5808,P6871,paint,True
S5809,P14111,midrange,False
S5810,P1040,paint,False
S5811,P253,paint,True
S5812,P11324,midrange,False
S5813,P4717,paint,True
S5814,P6317,midrange,False
S5815,P8668,three_point,False
S5816,P18147,three_point,False
S5817,P8261,three_point,False
S5818,P6319,three_point,False
S5819,P13886,midrange,False
S5820,P2142,paint,True
S5821,P4687,paint,False
S5822,P17178,midrange,False
S5823,P16137,three_point,True
S5824,P19692,midrange,True
S5825,P1063,three_point,True
S5826,P13631,midrange,True
S5827,P9200,three_point,False
S5828,P4571,midrange,True
S5829,P8507,midrange,True
S5830,P17550,midrange,True
S5831,P2439,paint,True
S5832,P1846,paint,True
S5833,P13080,paint,False
S5834,P3114,midrange,False
S5835,P4357,three_point,True
S5836,P19559,paint,True
S5837,P11574,midrange,True
S5838,P10759,paint,True
S5839,P3022,paint,True
S5840,P12451,three_point,True
S5841,P3490,three_point,False
S5842,P12674,midrange,True
S5843,P109,paint,False
S5844,P77,three_point,True
S5845,P8027,midrange,False
S5846,P3458,three_point,True
S5847,P10009,midrange,False
S5848,P116,three_point,True
S5849,P15356,midrange,True
S5850,P7164,midrange,False
S5851,P13063,midrange,False
S5852,P5666,three_point,False
S5853,P17233,paint,False
S5854,P19337,paint,True
S5855,P1432,paint,False
S5856,P17151,three_point,False
S5857,P15935,three_point,True
S5858,P13931,three_point,False
S5859,P740,midrange,True
S5860,P10094,paint,True
S5861,P13543,paint,True
S5862,P18542,midrange,True
S5863,P13408,three_point,False
S5864,P4968,midrange,False
S5865,P19191,three_point,True
S5866,P19570,three_point,False
S5867,P13676,paint,True
S5868,P16865,midrange,True
S5869,P2817,paint,False
S5870,P6591,three_point,False
S5871,P9086,paint,False
S5872,P11542,three_point,False
S5873,P15055,three_point,False
S5874,P1665,three_point,True
S5875,P16893,paint,True
S5876,P17234,three_point,False
S5877,P14210,three_point,True
S5878,P15868,three_point,False
S5879,P617,three_point,True
S5880,P13376,midrange,True
S5881,P16139,midrange,False
S5882,P7711,three_point,True
S5883,P5751,three_point,True
S5884,P9153,paint,False
S5885,P13587,three_point,False
S5886,P5831,midrange,False
S5887,P1406,three_point,False
S5888,P7521,midrange,True
S5889,P2182,paint,True
S5890,P179,three_point,True
S5891,P17626,paint,False
S5892,P12729,midrange,True
S5893,P19531,midrange,True
S5894,P5005,paint,True
S5895,P10564,midrange,True
S5896,P12187,midrange,True
S5897,P15579,paint,False
S5898,P1443,paint,True
S5899,P13113,three_point,False
S5900,P4175,three_point,True
S5901,P18981,midrange,True
S5902,P8836,three_point,True
S5903,P16223,midrange,False
S5904,P15609,three_point,True
S5905,P18800,paint,False
S5906,P17745,paint,True
S5907,P16529,midrange,False
S5908,P16554,midrange,False
S5909,P773,midrange,False
S5910,P1544,three_point,True
S5911,P1474,paint,True
S5912,P3308,midrange,True
S5913,P3707,three_point,False
S5914,P17732,paint,False
S5915,P11999,three_point,False
S5916,P4339,paint,True
S5917,P14104,three_point,True
S5918,P15182,midrange,True
S5919,P19994,three_point,False
S5920,P6498,three_point,True
S5921,P4741,paint,True
S5922,P11709,three_point,False
S5923,P17841,paint,False
S5924,P8733,paint,True
S5925,P10461,midrange,False
S5926,P10731,three_point,True
S5927,P16432,three_point,False
S5928,P3014,midrange,False
S5929,P15160,three_point,True
S5930,P11228,paint,False
S5931,P2787,three_point,False
S5932,P17695,three_point,False
S5933,P241,three_point,True
S5934,P16415,paint,True
S5935,P8660,paint,True
S5936,P10088,paint,False
S5937,P10337,midrange,False
S5938,P16159,paint,True
S5939,P18725,midrange,False
S5940,P12812,three_point,False
S5941,P16055,paint,False
S5942,P1719,three_point,False
S5943,P11444,midrange,False
S5944,P19549,midrange,False
S5945,P12311,paint,True
S5946,P5186,midrange,True
S5947,P755,paint,True
S5948,P5183,midrange,False
S5949,P13207,paint,False
S5950,P10522,paint,True
S5951,P16593,three_point,False
S5952,P3143,midrange,True
S5953,P15255,three_point,False
S5954,P18655,paint,True
S5955,P9649,midrange,False
S5956,P16753,paint,True
S5957,P5046,three_point,True
S5958,P14919,midrange,True
S5959,P9036,paint,False
S5960,P8357,three_point,True
S5961,P16415,midrange,True
S5962,P19243,midrange,False
S5963,P8672,midrange,False
S5964,P8,three_point,True
S5965,P719,paint,False
S5966,P10143,paint,True
S5967,P4673,midrange,True
S5968,P18892,three_point,False
S5969,P6825,midrange,True
S5970,P15604,paint,False
S5971,P9574,midrange,True
S5972,P1389,midrange,False
S5973,P6164,midrange,False
S5974,P4747,three_point,True
S5975,P2803,three_point,False
S5976,P15200,three_point,False
S5977,P1603,three_point,True
S5978,P697,paint,False
S5979,P4116,paint,False
S5980,P16992,three_point,False
S5981,P12413,midrange,False
S5982,P10956,midrange,True
S5983,P16418,paint,True
S5984,P18992,three_point,False
S5985,P3088,midrange,False
S5986,P148,midrange,True
S5987,P11920,three_point,True
S5988,P11288,three_point,True
S5989,P18227,three_point,False
S5990,P14187,paint,True
S5991,P10892,midrange,False
S5992,P337,midrange,False
S5993,P17680,paint,False
S5994,P1805,paint,False
S5995,P4671,three_point,False
S5996,P11763,three_point,False
S5997,P5891,three_point,True
S5998,P2120,midrange,False
S5999,P4299,paint,True
S6000,P1553,midrange,True
S6001,P15349,paint,False
S6002,P12511,paint,True
S6003,P3255,three_point,False
S6004,P12220,paint,False
S6005,P5235,paint,False
S6006,P18993,paint,False
S6007,P2223,paint,True
S6008,P2147,paint,False
S6009,P3482,three_point,True
S6010,P4916,three_point,True
S6011,P6082,midrange,True
S6012,P4222,three_point,False
S6013,P17168,three_point,True
S6014,P6041,three_point,False
S6015,P7611,midrange,False
S6016,P11430,paint,True
S6017,P487,midrange,True
S6018,P2773,midrange,False
S6019,P470,paint,True
S6020,P8840,paint,False
S6021,P14634,paint,True
S6022,P7736,midrange,False
S6023,P17371,midrange,True
S6024,P5539,paint,True
S6025,P9392,three_point,False
S6026,P10677,paint,False
S6027,P18335,three_point,False
S6028,P17128,three_point,False
S6029,P9739,midrange,True
S6030,P12373,three_point,True
S6031,P15243,paint,True
S6032,P13233,midrange,False
S6033,P843,three_point,False
S6034,P7367,paint,True
S6035,P19891,three_point,False
S6036,P13766,midrange,True
S6037,P14956,midrange,False
S6038,P4652,three_point,True
S6039,P9998,three_point,False
S6040,P11891,midrange,False
S6041,P19866,paint,False
S6042,P13705,three_point,True
S6043,P15254,midrange,False
S6044,P3843,midrange,False
S6045,P5504,three_point,True
S6046,P10368,paint,True
S6047,P16587,midrange,True
S6048,P1143,three_point,False
S6049,P17651,three_point,True
S6050,P3074,midrange,False
S6051,P4716,three_point,False
S6052,P16459,midrange,False
S6053,P19720,three_point,False
S6054,P826,midrange,False
S6055,P551,three_point,False
S6056,P8144,midrange,False
S6057,P9503,three_point,True
S6058,P10482,paint,True
S6059,P6741,three_point,False
S6060,P10751,paint,True
S6061,P10795,midrange,True
S6062,P17401,three_point,False
S6063,P5440,three_point,False
S6064,P636,paint,True
S6065,P10960,three_point,False
S6066,P6445,three_point,False
S6067,P3106,three_point,False
S6068,P14256,paint,True
S6069,P14030,three_point,True
S6070,P19980,three_point,True
S6071,P17832,three_point,False
S6072,P8112,midrange,True
S6073,P14507,paint,True
S6074,P9906,midrange,True
S6075,P2641,midrange,True
S6076,P5237,paint,False
S6077,P15264,midrange,False
S6078,P5151,paint,False
S6079,P6834,paint,True
S6080,P468,three_point,True
S6081,P10244,midrange,True
S6082,P5758,paint,False
S6083,P19770,midrange,False
S6084,P15023,midrange,False
S6085,P842,midrange,False
S6086,P16803,midrange,False
S6087,P14332,midrange,False
S6088,P5016,paint,True
S6089,P390,three_point,True
S6090,P19418,three_point,True
S6091,P10804,three_point,False
S6092,P10397,three_point,False
S6093,P2180,midrange,False
S6094,P10452,three_point,True
S6095,P11580,paint,True
S6096,P17258,midrange,False
S6097,P2948,three_point,False
S6098,P14377,paint,False
S6099,P8326,three_point,False
S6100,P11654,midrange,False
S6101,P4717,three_point,False
S6102,P11805,paint,True
S6103,P10220,paint,False
S6104,P1959,midrange,True
S6105,P8435,paint,True
S6106,P5938,paint,True
S6107,P592,paint,False
S6108,P1530,paint,True
S6109,P2524,three_point,True
S6110,P14041,midrange,True
S6111,P17682,paint,True
S6112,P14740,midrange,False
S6113,P10629,paint,False
S6114,P17925,midrange,False
S6115,P13592,three_point,False
S6116,P4184,paint,False
S6117,P17027,paint,False
S6118,P7751,midrange,False
S6119,P12936,paint,False
S6120,P11608,midrange,False
S6121,P11404,midrange,True
S6122,P8842,paint,True
S6123,P2836,midrange,False
S6124,P14329,paint,False
S6125,P2385,three_point,False
S6126,P2418,paint,False
S6127,P13249,three_point,False
S6128,P12604,midrange,False
S6129,P11456,paint,True
S6130,P5772,midrange,True
S6131,P2755,paint,False
S6132,P13573,midrange,False
S6133,P12099,three_point,True
S6134,P12965,three_point,True
S6135,P5487,three_point,False
S6136,P13187,three_point,True
S6137,P11581,paint,True
S6138,P2789,paint,True
S6139,P1302,three_point,False
S6140,P9984,three_point,True
S6141,P847,midrange,True
S6142,P11052,midrange,False
S6143,P17740,three_point,True
S6144,P13561,three_point,False
S6145,P1910,paint,False
S6146,P12770,midrange,True
S6147,P12376,paint,False
S6148,P2148,paint,False
S6149,P13285,paint,True
S6150,P11695,paint,False
S6151,P7816,three_point,True
S6152,P12400,three_point,True
S6153,P18813,paint,True
S6154,P11643,three_point,False
S6155,P9455,three_point,False
S6156,P7988,three_point,False
S6157,P16966,midrange,True
S6158,P10169,midrange,False
S6159,P12308,paint,True
S6160,P11031,three_point,True
S6161,P14130,three_point,True
S6162,P18992,three_point,False
S6163,P7093,paint,False
S6164,P16965,paint,False
S6165,P3981,paint,False
S6166,P13535,paint,True
S6167,P13654,paint,True
S6168,P10273,three_point,False
S6169,P8084,three_point,True
S6170,P6881,paint,True
S6171,P1071,paint,False
S6172,P3768,paint,False
S6173,P8548,three_point,False
S6174,P16088,midrange,False
S6175,P14502,midrange,True
S6176,P3511,midrange,True
S6177,P18992,three_point,True
S6178,P1792,three_point,False
S6179,P252,midrange,False
S6180,P14350,midrange,False
S6181,P12667,midrange,True
S6182,P4232,three_point,False
S6183,P19765,three_point,True
S6184,P3777,three_point,True
S6185,P16152,paint,False
S6186,P12030,paint,False
S6187,P1382,midrange,True
S6188,P17016,paint,True
S6189,P13259,midrange,True
S6190,P7119,midrange,False
S6191,P4776,midrange,True
S6192,P8755,midrange,False
S6193,P1805,paint,True
S6194,P2515,three_point,True
S6195,P8606,three_point,False
S6196,P11530,three_point,True
S6197,P350,midrange,True
S6198,P19249,paint,False
S6199,P6457,three_point,True
S6200,P12990,paint,False
S6201,P5998,midrange,False
S6202,P7947,three_point,False
S6203,P15115,midrange,True
S6204,P19987,three_point,True
S6205,P10115,midrange,True
S6206,P9833,three_point,False
S6207,P7999,three_point,False
S6208,P10948,midrange,True
S6209,P14776,midrange,False
S6210,P5553,midrange,False
S6211,P15666,midrange,True
S6212,P8840,midrange,False
S6213,P1486,midrange,True
S6214,P12165,midrange,True
S6215,P7627,three_point,False
S6216,P4339,paint,True
S6217,P1078,paint,True
S6218,P17955,three_point,True
S6219,P14500,midrange,False
S6220,P11766,midrange,False
S6221,P18453,midrange,False
S6222,P6546,midrange,False
S6223,P11270,paint,True
S6224,P756,midrange,False
S6225,P573,paint,False
S6226,P4296,three_point,True
S6227,P15114,three_point,False
S6228,P18861,paint,False
S6229,P11990,three_point,False
S6230,P1671,paint,False
S6231,P11375,three_point,False
S6232,P1972,three_point,True
S6233,P3700,midrange,True
S6234,P15117,three_point,True
S6235,P3021,paint,False
S6236,P2510,three_point,False
S6237,P9160,three_point,False
S6238,P8807,paint,True
S6239,P16357,paint,False
S6240,P17203,midrange,False
S6241,P6469,midrange,False
S6242,P4334,midrange,True
S6243,P17585,paint,False
S6244,P7133,three_point,False
S6245,P9705,paint,True
S6246,P5472,midrange,False
S6247,P5650,midrange,True
S6248,P12861,midrange,False
S6249,P11721,three_point,True
S6250,P11543,midrange,True
S6251,P5287,paint,True
S6252,P6367,three_point,False
S6253,P6054,paint,False
S6254,P5227,midrange,True
S6255,P3234,paint,True
S6256,P19420,midrange,False
S6257,P12792,midrange,True
S6258,P3337,paint,False
S6259,P15928,three_point,False
S6260,P7927,paint,True
S6261,P17411,three_point,False
S6262,P3003,paint,False
S6263,P11542,paint,True
S6264,P17419,midrange,False
S6265,P15377,paint,False
S6266,P10243,midrange,False
S6267,P4189,three_point,True
S6268,P19341,three_point,False
S6269,P15279,three_point,False
S6270,P1452,paint,False
S6271,P12461,midrange,True
S6272,P270,paint,True
S6273,P15481,paint,True
S6274,P14013,midrange,False
S6275,P4904,paint,True
S6276,P3452,three_point,False
S6277,P6555,midrange,True
S6278,P12427,three_point,True
S6279,P3872,three_point,True
S6280,P14540,three_point,False
S6281,P2646,three_point,False
S6282,P12910,three_point,True
S6283,P1946,three_point,True
S6284,P2712,midrange,False
S6285,P15186,midrange,True
S6286,P2955,paint,False
S6287,P16239,midrange,True
S6288,P6869,paint,False
S6289,P8553,three_point,False
S6290,P11831,paint,False
S6291,P757,three_point,False
S6292,P3811,three_point,False
S6293,P158,three_point,False
S6294,P15613,paint,False
S6295,P16905,paint,False
S6296,P8323,midrange,True
S6297,P738,midrange,False
S6298,P18677,paint,True
S6299,P2297,midrange,True
S6300,P11456,midrange,True
S6301,P14632,midrange,False
S6302,P3656,midrange,True
S6303,P15059,midrange,False
S6304,P127,paint,False
S6305,P6847,paint,False
S6306,P14102,midrange,True
S6307,P2446,paint,False
S6308,P17749,three_point,False
S6309,P4448,midrange,True
S6310,P1837,paint,False
S6311,P6873,paint,True
S6312,P11761,paint,True
S6313,P18612,midrange,False
S6314,P16154,paint,False
S6315,P10913,midrange,False
S6316,P12519,midrange,True
S6317,P9256,midrange,False
S6318,P12817,three_point,False
S6319,P11151,midrange,True
S6320,P4963,midrange,False
S6321,P18274,paint,False
S6322,P6271,midrange,True
S6323,P16752,midrange,False
S6324,P7320,midrange,False
S6325,P1336,three_point,False
S6326,P18927,midrange,True
S6327,P8094,midrange,True
S6328,P6234,midrange,False
S6329,P5317,paint,False
S6330,P12551,midrange,True
S6331,P10776,three_point,True
S6332,P2896,midrange,True
S6333,P12792,midrange,True
S6334,P11556,three_point,False
S6335,P12231,three_point,False
S6336,P16463,three_point,True
S6337,P16907,midrange,True
S6338,P19695,paint,False
S6339,P4705,three_point,False
S6340,P8475,paint,True
S6341,P6442,midrange,False
S6342,P11900,paint,True
S6343,P10142,midrange,False
S6344,P19164,midrange,True
S6345,P11327,paint,True
S6346,P1744,midrange,True
S6347,P2456,three_point,True
S6348,P19350,midrange,True
S6349,P11696,midrange,True
S6350,P4398,paint,False
S6351,P10007,three_point,True
S6352,P19012,paint,False
S6353,P17166,paint,True
S6354,P12378,midrange,True
S6355,P722,midrange,True
S6356,P7822,paint,True
S6357,P6372,three_point,False
S6358,P6475,paint,True
S6359,P2000,three_point,False
S6360,P11171,three_point,False
S6361,P10600,paint,False
S6362,P17012,midrange,False
S6363,P9311,midrange,False
S6364,P13441,three_point,False
S6365,P3542,three_point,False
S6366,P10627,three_point,True
S6367,P14626,three_point,False
S6368,P19255,midrange,False
S6369,P13475,three_point,True
S6370,P11417,paint,False
S6371,P4967,three_point,False
S6372,P8502,three_point,True
S6373,P7406,three_point,True
S6374,P14697,paint,False
S6375,P13419,midrange,True
S6376,P3730,paint,True
S6377,P16161,paint,True
S6378,P16891,midrange,False
S6379,P10231,paint,True
S6380,P142,paint,False
S6381,P14650,midrange,True
S6382,P10071,midrange,False
S6383,P3093,midrange,False
S6384,P6444,three_point,True
S6385,P5643,three_point,False
S6386,P17703,paint,False
S6387,P1228,paint,True
S6388,P9028,paint,False
S6389,P10345,midrange,True
S6390,P12397,paint,True
S6391,P2330,three_point,True
S6392,P17683,paint,True
S6393,P602,three_point,False
S6394,P18388,paint,False
S6395,P13742,paint,False
S6396,P19708,midrange,True
S6397,P10670,three_point,False
S6398,P19571,paint,True
S6399,P5773,three_point,False
S6400,P13074,three_point,True
S6401,P9402,midrange,False
S6402,P15128,three_point,True
S6403,P11974,paint,True
S6404,P445,three_point,True
S6405,P16281,paint,False
S6406,P12267,paint,True
S6407,P7569,three_point,False
S6408,P1412,midrange,False
S6409,P17785,paint,True
S6410,P5688,paint,True
S6411,P1637,three_point,True
S6412,P4968,paint,True
S6413,P11865,paint,True
S6414,P2346,midrange,False
S6415,P15530,midrange,True
S6416,P15634,midrange,True
S6417,P4790,three_point,True
S6418,P10838,paint,False
S6419,P16806,three_point,False
S6420,P17027,midrange,False
S6421,P6744,paint,False
S6422,P2571,paint,True
S6423,P1739,three_point,False
S6424,P19966,three_point,False
S6425,P17333,midrange,True
S6426,P10888,paint,False
S6427,P17137,three_point,False
S6428,P5318,midrange,False
S6429,P7192,paint,False
S6430,P13799,three_point,False
S6431,P19996,three_point,False
S6432,P3141,paint,True
S6433,P2861,three_point,False
S6434,P12013,three_point,True
S6435,P17581,midrange,False
S6436,P661,paint,True
S6437,P7888,three_point,False
S6438,P5588,midrange,False
S6439,P14439,paint,True
S6440,P7534,three_point,True
S6441,P18227,paint,True
S6442,P17388,paint,True
S6443,P18776,paint,False
S6444,P3979,midrange,False
S6445,P15283,midrange,False
S6446,P11313,paint,False
S6447,P2956,three_point,True
S6448,P116,three_point,False
S6449,P135,three_point,False
S6450,P14895,midrange,True
S6451,P19133,midrange,False
S6452,P13489,paint,True
S6453,P13383,midrange,True
S6454,P18769,paint,False
S6455,P16484,three_point,False
S6456,P18990,midrange,True
S6457,P18157,paint,False
S6458,P7888,midrange,False
S6459,P11873,three_point,False
S6460,P12552,paint,False
S6461,P19759,paint,False
S6462,P7299,midrange,True
S6463,P6063,midrange,False
S6464,P14219,paint,True
S6465,P16038,paint,True
S6466,P7205,midrange,True
S6467,P15432,three_point,False
S6468,P10466,three_point,False
S6469,P10838,midrange,False
S6470,P9582,three_point,False
S6471,P2009,midrange,True
S6472,P12575,midrange,False
S6473,P549,three_point,False
S6474,P7269,midrange,True
S6475,P14012,midrange,True
S6476,P9417,midrange,True
S6477,P11225,midrange,True
S6478,P14692,three_point,True
S6479,P2469,paint,False
S6480,P6818,paint,True
S6481,P12474,three_point,False
S6482,P459,three_point,True
S6483,P13388,midrange,False
S6484,P6037,midrange,True
S6485,P5397,three_point,False
S6486,P16286,midrange,False
S6487,P1123,midrange,True
S6488,P16764,paint,True
S6489,P2281,paint,True
S6490,P15650,three_point,True
S6491,P9992,midrange,False
S6492,P2026,paint,False
S6493,P9050,midrange,True
S6494,P4054,three_point,False
S6495,P1596,paint,True
S6496,P3210,paint,True
S6497,P15265,midrange,True
S6498,P7840,three_point,True
S6499,P1915,paint,False
S6500,P3570,three_point,False
S6501,P17022,three_point,False
S6502,P8614,three_point,True
S6503,P1186,three_point,True
S6504,P12088,three_point,False
S6505,P15802,midrange,False
S6506,P12239,midrange,True
S6507,P8366,midrange,True
S6508,P5313,three_point,True
S6509,P12953,paint,True
S6510,P8520,three_point,True
S6511,P167,midrange,False
S6512,P925,midrange,False
S6513,P8048,paint,True
S6514,P4347,three_point,True
S6515,P918,paint,True
S6516,P3129,paint,True
S6517,P19251,three_point,False
S6518,P1493,three_point,True
S6519,P5351,three_point,False
S6520,P18850,midrange,True
S6521,P14461,midrange,True
S6522,P8786,paint,True
S6523,P2419,paint,False
S6524,P8950,three_point,False
S6525,P12531,three_point,True
S6526,P13439,paint,False
S6527,P10406,paint,True
S6528,P8000,three_point,False
S6529,P6944,midrange,False
S6530,P18324,paint,False
S6531,P19975,midrange,True
S6532,P6401,midrange,False
S6533,P11681,three_point,False
S6534,P9557,paint,True
S6535,P4693,three_point,True
S6536,P2777,midrange,False
S6537,P18565,paint,False
S6538,P10051,paint,False
S6539,P787,paint,False
S6540,P2733,midrange,True
S6541,P11483,three_point,True
S6542,P7821,paint,True
S6543,P14061,midrange,False
S6544,P15726,paint,False
S6545,P4420,paint,False
S6546,P2892,three_point,True
S6547,P4929,three_point,True
S6548,P15338,midrange,False
S6549,P19041,paint,True
S6550,P6626,midrange,True
S6551,P7897,three_point,False
S6552,P4361,paint,False
S6553,P12681,paint,False
S6554,P13537,paint,True
S6555,P13326,three_point,False
S6556,P11896,three_point,True
S6557,P17252,midrange,False
S6558,P18563,paint,True
S6559,P741,three_point,False
S6560,P14801,midrange,True
S6561,P19310,midrange,True
S6562,P397,three_point,True
S6563,P5847,midrange,False
S6564,P17255,paint,True
S6565,P1812,paint,False
S6566,P14952,paint,False
S6567,P10107,midrange,True
S6568,P4735,three_point,True
S6569,P469,three_point,True
S6570,P18468,three_point,True
S6571,P4586,midrange,False
S6572,P4265,midrange,True
S6573,P11649,three_point,True
S6574,P5763,paint,False
S6575,P7558,paint,False
S6576,P8710,midrange,True
S6577,P12525,midrange,True
S6578,P4897,three_point,True
S6579,P9082,midrange,True
S6580,P3846,paint,False
S6581,P11161,three_point,False
S6582,P10079,paint,True
S6583,P3235,three_point,False
S6584,P8862,paint,False
S6585,P8238,three_point,False
S6586,P11328,paint,False
S6587,P6020,three_point,False
S6588,P5842,paint,True
S6589,P8688,paint,True
S6590,P9899,midrange,False
S6591,P7825,midrange,True
S6592,P10779,paint,False
S6593,P3151,paint,False
S6594,P18148,paint,True
S6595,P123,midrange,True
S6596,P11705,paint,False
S6597,P6206,paint,False
S6598,P10761,midrange,True
S6599,P15523,midrange,True
S6600,P13942,three_point,False
S6601,P3462,three_point,True
S6602,P783,three_point,False
S6603,P8437,three_point,True
S6604,P18092,paint,True
S6605,P4734,three_point,True
S6606,P19637,midrange,True
S6607,P12354,three_point,False
S6608,P1900,three_point,True
S6609,P1278,three_point,False
S6610,P5604,three_point,True
S6611,P8429,paint,True
S6612,P14016,three_point,False
S6613,P9953,paint,True
S6614,P9021,paint,True
S6615,P6451,midrange,False
S6616,P15250,paint,False
S6617,P16815,three_point,True
S6618,P11415,three_point,False
S6619,P2236,three_point,True
S6620,P2187,paint,True
S6621,P1978,midrange,False
S6622,P12889,midrange,True
S6623,P1878,three_point,False
S6624,P2895,three_point,True
S6625,P5181,midrange,True
S6626,P7716,paint,False
S6627,P1080,paint,True
S6628,P15355,paint,False
S6629,P1250,three_point,True
S6630,P1184,paint,True
S6631,P7084,midrange,False
S6632,P1659,paint,False
S6633,P4860,paint,True
S6634,P19241,three_point,False
S6635,P12130,midrange,False
S6636,P13707,paint,True
S6637,P2585,three_point,True
S6638,P5864,midrange,True
S6639,P17594,three_point,False
S6640,P10489,paint,False
S6641,P18978,paint,True
S6642,P12621,midrange,True
S6643,P1089,three_point,True
S6644,P177,paint,True
S6645,P2992,paint,True
S6646,P5907,paint,False
S6647,P16858,midrange,False
S6648,P16294,midrange,True
S6649,P1450,paint,True
S6650,P5108,midrange,True
S6651,P18851,paint,True
S6652,P15881,midrange,True
S6653,P14104,three_point,False
S6654,P2683,midrange,True
S6655,P3708,three_point,True
S6656,P5615,three_point,False
S6657,P5055,midrange,False
S6658,P10385,three_point,False
S6659,P18686,paint,False
S6660,P11509,paint,False
S6661,P18787,three_point,True
S6662,P13386,paint,False
S6663,P17837,midrange,True
S6664,P15330,paint,True
S6665,P7553,midrange,False
S6666,P1356,three_point,False
S6667,P17712,paint,False
S6668,P5333,midrange,False
S6669,P14012,three_point,False
S6670,P18514,three_point,False
S6671,P17414,midrange,True
S6672,P1989,paint,True
S6673,P5453,paint,True
S6674,P858,paint,True
S6675,P12026,three_point,False
S6676,P14898,midrange,True
S6677,P454,midrange,False
S6678,P7558,three_point,False
S6679,P14582,three_point,True
S6680,P15602,midrange,False
S6681,P15936,three_point,True
S6682,P14501,midrange,True
S6683,P4480,paint,False
S6684,P12693,three_point,True
S6685,P633,midrange,True
S6686,P16885,paint,False
S6687,P6338,three_point,False
S6688,P15443,three_point,False
S6689,P4090,midrange,True
S6690,P13562,paint,True
S6691,P13310,three_point,False
S6692,P15743,midrange,False
S6693,P9885,midrange,True
S6694,P9891,three_point,True
S6695,P19295,paint,True
S6696,P19658,paint,True
S6697,P10186,three_point,False
S6698,P8269,three_point,False
S6699,P17857,midrange,True
S6700,P9299,midrange,False
S6701,P3817,midrange,True
S6702,P3230,three_point,False
S6703,P19749,paint,False
S6704,P14677,three_point,True
S6705,P16294,paint,False
S6706,P2684,midrange,False
S6707,P12704,paint,True
S6708,P19847,three_point,True
S6709,P5910,three_point,False
S6710,P4045,midrange,True
S6711,P5618,three_point,False
S6712,P19812,three_point,True
S6713,P15864,midrange,True
S6714,P5403,three_point,True
S6715,P2719,midrange,False
S6716,P11626,three_point,False
S6717,P9768,three_point,False
S6718,P3137,three_point,False
S6719,P12728,paint,True
S6720,P4739,paint,False
S6721,P552,midrange,True
S6722,P3998,three_point,False
S6723,P6849,three_point,False
S6724,P14366,midrange,True
S6725,P9165,three_point,True
S6726,P12592,midrange,True
S6727,P14119,midrange,False
S6728,P9781,paint,True
S6729,P1026,three_point,False
S6730,P16769,paint,False
S6731,P15919,three_point,True
S6732,P17841,midrange,False
S6733,P4638,three_point,False
S6734,P2687,three_point,False
S6735,P9103,midrange,False
S6736,P4131,paint,False
S6737,P9006,paint,False
S6738,P2460,paint,False
S6739,P8367,midrange,False
S6740,P517,paint,False
S6741,P16144,paint,True
S6742,P6325,midrange,True
S6743,P15308,three_point,False
S6744,P4652,paint,True
S6745,P19984,three_point,False
S6746,P9119,midrange,True
S6747,P10607,midrange,False
S6748,P7129,paint,True
S6749,P9567,paint,False
S6750,P10488,three_point,False
S6751,P9931,three_point,True
S6752,P3575,three_point,False
S6753,P7819,midrange,True
S6754,P2631,paint,False
S6755,P13585,paint,False
S6756,P18853,paint,True
S6757,P12224,three_point,True
S6758,P7208,paint,True
S6759,P16285,three_point,False
S6760,P9193,three_point,True
S6761,P2775,midrange,False
S6762,P18805,paint,True
S6763,P14134,midrange,True
S6764,P14536,three_point,True
S6765,P15297,paint,False
S6766,P12991,midrange,True
S6767,P6282,midrange,False
S6768,P17750,paint,True
S6769,P6958,paint,False
S6770,P14304,three_point,True
S6771,P17688,midrange,False
S6772,P9779,midrange,False
S6773,P14040,paint,False
S6774,P11297,three_point,False
S6775,P8072,paint,True
S6776,P7937,three_point,False
S6777,P3520,midrange,True
S6778,P8768,paint,True
S6779,P5681,paint,True
S6780,P19685,paint,False
S6781,P4089,three_point,True
S6782,P16882,three_point,False
S6783,P3757,three_point,True
S6784,P11042,paint,True
S6785,P9776,three_point,False
S6786,P16118,midrange,True
S6787,P19075,midrange,False
S6788,P414,paint,False
S6789,P2929,paint,True
S6790,P15821,three_point,False
S6791,P3197,paint,False
S6792,P13399,paint,False
S6793,P18114,paint,False
S6794,P6063,midrange,False
S6795,P15545,three_point,False
S6796,P11485,paint,False
S6797,P13884,midrange,False
S6798,P16725,midrange,False
S6799,P13625,midrange,True
S6800,P3718,midrange,True
S6801,P15054,midrange,False
S6802,P14639,paint,False
S6803,P11350,three_point,True
S6804,P16926,midrange,True
S6805,P1177,midrange,False
S6806,P1217,midrange,False
S6807,P3512,midrange,False
S6808,P4409,midrange,True
S6809,P56,midrange,True
S6810,P5313,three_point,False
S6811,P547,midrange,True
S6812,P4760,paint,True
S6813,P6271,midrange,True
S6814,P11382,three_point,True
S6815,P4512,midrange,False
S6816,P15898,midrange,False
S6817,P19173,midrange,False
S6818,P15442,midrange,False
S6819,P5482,midrange,False
S6820,P15823,paint,False
S6821,P4653,midrange,True
S6822,P17076,midrange,False
S6823,P9348,three_point,False
S6824,P19289,paint,False
S6825,P13013,three_point,False
S6826,P7175,midrange,True
S6827,P12751,midrange,True
S6828,P2610,midrange,True
S6829,P15234,three_point,False
S6830,P7231,three_point,True
S6831,P19154,three_point,False
S6832,P438,three_point,True
S6833,P4226,midrange,True
S6834,P1496,three_point,False
S6835,P1056,paint,False
S6836,P14908,paint,True
S6837,P16616,midrange,False
S6838,P12042,midrange,False
S6839,P18914,three_point,True
S6840,P13355,three_point,False
S6841,P11591,three_point,True
S6842,P7663,paint,True
S6843,P12037,midrange,True
S6844,P6315,midrange,True
S6845,P13733,three_point,False
S6846,P12243,midrange,False
S6847,P12787,midrange,True
S6848,P5812,three_point,False
S6849,P3458,midrange,True
S6850,P1836,paint,False
S6851,P2111,paint,True
S6852,P14988,three_point,False
S6853,P12369,midrange,True
S6854,P5003,paint,False
S6855,P4286,paint,True
S6856,P16756,three_point,False
S6857,P14008,midrange,False
S6858,P8645,paint,False
S6859,P9769,paint,True
S6860,P3655,midrange,True
S6861,P19458,paint,True
S6862,P11377,paint,True
S6863,P5528,midrange,False
S6864,P9995,midrange,True
S6865,P15145,three_point,False
S6866,P1279,midrange,False
S6867,P12594,paint,True
S6868,P7847,three_point,True
S6869,P12105,three_point,True
S6870,P18369,paint,True
S6871,P6421,paint,True
S6872,P6377,paint,False
S6873,P11680,three_point,False
S6874,P11858,midrange,False
S6875,P18127,midrange,True
S6876,P19324,paint,True
S6877,P19384,three_point,False
S6878,P10961,midrange,True
S6879,P6049,midrange,True
S6880,P11736,three_point,True
S6881,P9871,midrange,True
S6882,P10669,midrange,True
S6883,P17808,midrange,True
S6884,P7366,three_point,True
S6885,P995,paint,False
S6886,P7000,paint,True
S6887,P1975,midrange,True
S6888,P12362,three_point,True
S6889,P17800,paint,False
S6890,P9260,midrange,True
S6891,P1667,paint,True
S6892,P4953,three_point,True
S6893,P6694,three_point,True
S6894,P3004,paint,False
S6895,P19136,midrange,False
S6896,P2101,midrange,True
S6897,P17432,midrange,True
S6898,P5895,midrange,True
S6899,P17460,midrange,False
S6900,P12849,midrange,False
S6901,P13367,paint,False
S6902,P18480,paint,True
S6903,P6208,three_point,False
S6904,P11458,three_point,True
S6905,P9818,paint,False
S6906,P6398,paint,False
S6907,P10850,three_point,True
S6908,P18424,three_point,False
S6909,P17737,three_point,False
S6910,P12646,paint,True
S6911,P17336,three_point,True
S6912,P14477,paint,False
S6913,P3294,midrange,False
S6914,P19855,paint,False
S6915,P7281,midrange,False
S6916,P14507,three_point,False
S6917,P16671,three_point,True
S6918,P9045,paint,False
S6919,P10003,three_point,True
S6920,P15054,three_point,True
S6921,P8521,paint,False
S6922,P7402,midrange,True
S6923,P9311,midrange,True
S6924,P4490,paint,False
S6925,P3859,midrange,False
S6926,P14532,paint,False
S6927,P12016,three_point,True
S6928,P18357,three_point,True
S6929,P14917,paint,True
S6930,P15965,midrange,True
S6931,P19905,midrange,True
S6932,P14966,midrange,False
S6933,P6114,three_point,True
S6934,P1258,three_point,False
S6935,P12085,paint,False
S6936,P16870,three_point,True
S6937,P176,three_point,False
S6938,P17301,three_point,True
S6939,P2603,paint,True
S6940,P4770,midrange,True
S6941,P2399,three_point,True
S6942,P17014,midrange,False
S6943,P11095,midrange,False
S6944,P10361,midrange,False
S6945,P5095,three_point,True
S6946,P6248,paint,True
S6947,P1713,paint,True
S6948,P14745,midrange,True
S6949,P16183,midrange,True
S6950,P602,paint,True
S6951,P5070,midrange,False
S6952,P19580,three_point,True
S6953,P10549,paint,False
S6954,P8054,paint,True
S6955,P6296,midrange,False
S6956,P2055,paint,False
S6957,P14829,three_point,False
S6958,P8012,midrange,False
S6959,P1093,midrange,True
S6960,P13470,midrange,True
S6961,P3663,three_point,False
S6962,P14722,three_point,True
S6963,P15768,paint,False
S6964,P7657,paint,True
S6965,P16948,three_point,False
S6966,P2856,three_point,False
S6967,P4951,three_point,False
S6968,P13115,paint,True
S6969,P14082,paint,True
S6970,P3250,paint,True
S6971,P7200,paint,True
S6972,P3397,three_point,True
S6973,P5269,three_point,False
S6974,P18571,paint,True
S6975,P6867,midrange,True
S6976,P2496,three_point,True
S6977,P4344,paint,False
S6978,P5926,three_point,False
S6979,P12890,paint,True
S6980,P1160,three_point,True
S6981,P16490,paint,False
S6982,P19787,paint,True
S6983,P3917,three_point,False
S6984,P15319,three_point,False
S6985,P9855,paint,False
S6986,P11078,midrange,True
S6987,P8805,paint,False
S6988,P37,three_point,True
S6989,P19894,midrange,False
S6990,P3647,three_point,True
S6991,P10256,three_point,False
S6992,P13164,paint,False
S6993,P3849,midrange,False
S6994,P13792,paint,False
S6995,P13385,midrange,True
S6996,P17856,three_point,False
S6997,P4411,three_point,True
S6998,P17282,midrange,True
S6999,P8615,paint,True
S7000,P16860,paint,True
S7001,P4840,midrange,False
S7002,P1043,three_point,True
S7003,P17802,three_point,False
S7004,P14457,three_point,True
S7005,P10151,paint,True
S7006,P4432,paint,False
S7007,P7317,midrange,False
S7008,P7102,midrange,False
S7009,P3465,midrange,True
S7010,P10813,midrange,True
S7011,P5814,midrange,False
S7012,P5075,three_point,False
S7013,P371,midrange,False
S7014,P13446,three_point,True
S7015,P16390,midrange,True
S7016,P13326,midrange,True
S7017,P8080,three_point,False
S7018,P4716,three_point,True
S7019,P1836,paint,True
S7020,P10358,three_point,False
S7021,P10484,three_point,False
S7022,P10845,midrange,True
S7023,P13736,three_point,False
S7024,P3672,three_point,False
S7025,P15997,three_point,True
S7026,P7703,paint,True
S7027,P11981,midrange,False
S7028,P10298,paint,True
S7029,P8123,paint,False
S7030,P14979,three_point,False
S7031,P9910,three_point,True
S7032,P7374,midrange,True
S7033,P7448,three_point,True
S7034,P7930,midrange,True
S7035,P2283,three_point,False
S7036,P12258,midrange,True
S7037,P17780,three_point,True
S7038,P19893,paint,True
S7039,P5040,paint,False
S7040,P16396,three_point,False
S7041,P13016,midrange,False
S7042,P4279,three_point,True
S7043,P14015,midrange,False
S7044,P15880,three_point,True
S7045,P5923,midrange,False
S7046,P8744,three_point,True
S7047,P18587,paint,False
S7048,P605,three_point,False
S7049,P17054,paint,True
S7050,P4439,paint,False
S7051,P1357,three_point,False
S7052,P17867,three_point,False
S7053,P2741,midrange,True
S7054,P1768,three_point,False
S7055,P6996,three_point,False
S7056,P2996,three_point,False
S7057,P6779,midrange,False
S7058,P7394,paint,True
S7059,P8408,midrange,True
S7060,P6504,paint,False
S7061,P4481,three_point,True
S7062,P13851,midrange,True
S7063,P9077,paint,True
S7064,P19683,paint,False
S7065,P15137,paint,True
S7066,P6383,three_point,True
S7067,P4271,paint,False
S7068,P17087,three_point,False
S7069,P5581,paint,False
S7070,P4736,three_point,False
S7071,P5938,three_point,False
S7072,P10031,paint,True
S7073,P12969,midrange,False
S7074,P585,midrange,True
S7075,P8652,paint,False
S7076,P2496,midrange,True
S7077,P17099,midrange,True
S7078,P4056,three_point,False
S7079,P9939,three_point,False
S7080,P12789,three_point,True
S7081,P10367,midrange,True
S7082,P18073,midrange,False
S7083,P8424,three_point,True
S7084,P1989,paint,True
S7085,P14371,midrange,True
S7086,P19786,three_point,False
S7087,P6997,paint,False
S7088,P1500,paint,False
S7089,P13144,midrange,True
S7090,P16172,three_point,True
S7091,P349,midrange,True
S7092,P5987,three_point,True
S7093,P13814,three_point,True
S7094,P9313,three_point,True
S7095,P19797,three_point,True
S7096,P14099,midrange,True
S7097,P16678,three_point,False
S7098,P5943,paint,True
S7099,P4388,paint,True
S7100,P6122,three_point,True
S7101,P11258,paint,True
S7102,P1540,paint,False
S7103,P9274,midrange,True
S7104,P3130,paint,False
S7105,P9773,three_point,True
S7106,P11826,three_point,True
S7107,P15524,three_point,True
S7108,P16389,three_point,False
S7109,P4449,paint,True
S7110,P7945,paint,False
S7111,P2650,midrange,False
S7112,P17744,midrange,True
S7113,P10752,midrange,False
S7114,P1238,paint,False
S7115,P18834,three_point,False
S7116,P10760,paint,True
S7117,P898,midrange,True
S7118,P388,three_point,True
S7119,P340,three_point,True
S7120,P262,three_point,True
S7121,P4678,three_point,True
S7122,P8648,three_point,True
S7123,P12328,midrange,False
S7124,P9622,three_point,False
S7125,P19730,paint,False
S7126,P172,three_point,False
S7127,P8439,three_point,False
S7128,P951,three_point,False
S7129,P813,three_point,True
S7130,P6759,midrange,True
S7131,P13233,three_point,False
S7132,P7545,three_point,True
S7133,P8970,three_point,False
S7134,P15815,paint,False
S7135,P10361,midrange,True
S7136,P10639,three_point,False
S7137,P12433,paint,False
S7138,P18894,three_point,False
S7139,P13843,paint,False
S7140,P3019,three_point,False
S7141,P18035,paint,False
S7142,P18587,three_point,True
S7143,P14382,three_point,True
S7144,P5291,paint,True
S7145,P15266,three_point,False
S7146,P11888,three_point,True
S7147,P10087,paint,True
S7148,P9421,three_point,True
S7149,P19481,three_point,True
S7150,P7935,midrange,False
S7151,P6563,midrange,False
S7152,P4939,paint,False
S7153,P14676,paint,True
S7154,P3498,paint,True
S7155,P5550,midrange,True
S7156,P4201,paint,True
S7157,P12649,midrange,False
S7158,P13145,midrange,False
S7159,P14743,midrange,False
S7160,P15733,midrange,False
S7161,P2224,paint,True
S7162,P717,paint,True
S7163,P1576,paint,False
S7164,P6802,three_point,False
S7165,P11365,three_point,False
S7166,P1411,paint,True
S7167,P15610,midrange,False
S7168,P3667,midrange,False
S7169,P9038,three_point,True
S7170,P18013,paint,True
S7171,P1143,paint,True
S7172,P18972,paint,False
S7173,P8120,three_point,True
S7174,P12961,paint,True
S7175,P4666,midrange,False
S7176,P19012,midrange,False
S7177,P15333,three_point,False
S7178,P3999,paint,False
S7179,P10878,midrange,True
S7180,P11303,midrange,True
S7181,P3876,midrange,True
S7182,P19486,three_point,False
S7183,P9888,midrange,False
S7184,P19841,three_point,False
S7185,P12492,three_point,True
S7186,P9904,three_point,True
S7187,P9675,three_point,True
S7188,P8271,three_point,False
S7189,P15088,three_point,False
S7190,P2414,paint,False
S7191,P9092,midrange,True
S7192,P16343,paint,False
S7193,P12012,paint,False
S7194,P17653,midrange,True
S7195,P13462,three_point,True
S7196,P15917,midrange,False
S7197,P544,paint,False
S7198,P7517,paint,False
S7199,P12300,paint,False
S7200,P3110,paint,False
S7201,P17050,paint,True
S7202,P11238,three_point,False
S7203,P17250,paint,True
S7204,P5528,paint,True
S7205,P5172,midrange,True
S7206,P92,paint,True
S7207,P12764,paint,False
S7208,P3065,paint,False
S7209,P11222,paint,False
S7210,P11663,midrange,False
S7211,P14969,paint,False
S7212,P14562,paint,False
S7213,P454,midrange,False
S7214,P11171,midrange,False
S7215,P9314,paint,False
S7216,P9713,paint,False
S7217,P3128,paint,False
S7218,P8988,midrange,True
S7219,P6294,paint,False
S7220,P908,three_point,True
S7221,P13019,paint,False
S7222,P4081,three_point,True
S7223,P19982,paint,True
S7224,P9557,paint,False
S7225,P11990,three_point,False
S7226,P4621,midrange,False
S7227,P17249,three_point,True
S7228,P1725,three_point,True
S7229,P18948,midrange,True
S7230,P9272,three_point,False
S7231,P17191,paint,False
S7232,P3923,paint,True
S7233,P8692,paint,True
S7234,P7848,paint,True
S7235,P19460,midrange,False
S7236,P9460,midrange,True
S7237,P2018,paint,True
S7238,P1724,midrange,True
S7239,P7336,paint,True
S7240,P11316,three_point,True
S7241,P4029,midrange,True
S7242,P14924,midrange,True
S7243,P1174,three_point,True
S7244,P12509,midrange,False
S7245,P14627,midrange,True
S7246,P8748,three_point,False
S7247,P10712,paint,False
S7248,P1424,three_point,True
S7249,P18158,midrange,True
S7250,P18413,midrange,True
S7251,P4658,paint,False
S7252,P7417,midrange,False
S7253,P17278,paint,True
S7254,P6220,three_point,False
S7255,P771,three_point,True
S7256,P17538,midrange,True
S7257,P17541,three_point,True
S7258,P15293,three_point,True
S7259,P4013,paint,True
S7260,P1264,three_point,True
S7261,P16908,midrange,False
S7262,P1692,midrange,True
S7263,P4106,paint,True
S7264,P17998,three_point,False
S7265,P10201,three_point,False
S7266,P6757,midrange,False
S7267,P19344,paint,True
S7268,P14146,three_point,False
S7269,P12125,midrange,False
S7270,P19602,three_point,False
S7271,P7281,midrange,True
S7272,P1610,three_point,True
S7273,P19091,midrange,False
S7274,P19171,midrange,True
S7275,P4727,paint,True
S7276,P8255,three_point,False
S7277,P10806,midrange,True
S7278,P411,three_point,True
S7279,P9253,paint,True
S7280,P614,paint,False
S7281,P6881,three_point,False
S7282,P17384,midrange,False
S7283,P6859,three_point,False
S7284,P3553,paint,True
S7285,P15733,midrange,True
S7286,P2346,paint,True
S7287,P12335,paint,False
S7288,P1358,three_point,True
S7289,P6035,three_point,True
S7290,P4732,paint,True
S7291,P13154,three_point,False
S7292,P8486,three_point,False
S7293,P7834,three_point,False
S7294,P6566,midrange,True
S7295,P13925,three_point,False
S7296,P16770,midrange,True
S7297,P6183,three_point,True
S7298,P16548,three_point,False
S7299,P3011,paint,True
S7300,P11445,three_point,True
S7301,P16665,paint,False
S7302,P16454,midrange,False
S7303,P17091,paint,False
S7304,P3390,midrange,True
S7305,P7413,three_point,True
S7306,P4476,three_point,True
S7307,P9185,paint,True
S7308,P14659,three_point,True
S7309,P14379,three_point,False
S7310,P9515,midrange,False
S7311,P1089,midrange,True
S7312,P19371,three_point,False
S7313,P10808,midrange,False
S7314,P15353,three_point,True
S7315,P7355,paint,False
S7316,P7099,three_point,False
S7317,P17403,three_point,False
S7318,P9269,midrange,True
S7319,P14084,three_point,True
S7320,P8766,paint,False
S7321,P7364,midrange,False
S7322,P17353,midrange,False
S7323,P152,midrange,True
S7324,P14969,paint,True
S7325,P6660,midrange,True
S7326,P4166,three_point,True
S7327,P8182,midrange,False
S7328,P7605,three_point,True
S7329,P8171,midrange,True
S7330,P6482,paint,False
S7331,P4271,paint,False
S7332,P8262,midrange,False
S7333,P14429,three_point,False
S7334,P4325,three_point,False
S7335,P9327,midrange,True
S7336,P11833,midrange,True
S7337,P9871,three_point,True
S7338,P3412,paint,False
S7339,P4356,paint,True
S7340,P14856,midrange,False
S7341,P19078,three_point,True
S7342,P12859,three_point,True
S7343,P6312,paint,False
S7344,P7895,midrange,False
S7345,P14754,midrange,False
S7346,P5937,paint,True
S7347,P19565,three_point,False
S7348,P243,three_point,True
S7349,P8895,paint,False
S7350,P16615,three_point,True
S7351,P1554,midrange,False
S7352,P18424,midrange,True
S7353,P3450,midrange,True
S7354,P11851,midrange,True
S7355,P17540,midrange,False
S7356,P1598,paint,False
S7357,P12127,three_point,True
S7358,P14165,midrange,False
S7359,P18718,midrange,True
S7360,P13926,three_point,True
S7361,P8206,three_point,True
S7362,P18147,three_point,False
S7363,P13296,midrange,False
S7364,P14862,three_point,False
S7365,P19916,paint,True
S7366,P5781,paint,True
S7367,P11726,paint,True
S7368,P16091,three_point,True
S7369,P18240,paint,True
S7370,P8362,midrange,True
S7371,P19823,paint,True
S7372,P14040,three_point,False
S7373,P8495,three_point,True
S7374,P11827,midrange,True
S7375,P18242,three_point,False
S7376,P10677,three_point,False
S7377,P11148,paint,False
S7378,P2961,three_point,True
S7379,P13966,paint,False
S7380,P5040,three_point,False
S7381,P10179,midrange,True
S7382,P11473,midrange,True
S7383,P8406,paint,False
S7384,P7079,three_point,True
S7385,P660,paint,False
S7386,P4008,paint,False
S7387,P17509,paint,False
S7388,P1240,three_point,True
S7389,P5452,three_point,True
S7390,P365,midrange,True
S7391,P17383,paint,False
S7392,P10020,midrange,False
S7393,P5645,three_point,True
S7394,P17982,midrange,True
S7395,P437,paint,False
S7396,P10382,midrange,False
S7397,P1874,three_point,False
S7398,P14330,midrange,False
S7399,P19488,three_point,False
S7400,P480,midrange,False
S7401,P9728,three_point,True
S7402,P12356,midrange,True
S7403,P17031,three_point,False
S7404,P8032,three_point,True
S7405,P466,three_point,False
S7406,P1206,three_point,False
S7407,P18530,three_point,True
S7408,P9575,three_point,True
S7409,P3247,midrange,False
S7410,P3346,midrange,True
S7411,P12884,paint,True
S7412,P8086,midrange,True
S7413,P14749,three_point,True
S7414,P7023,midrange,False
S7415,P7809,three_point,True
S7416,P12752,paint,False
S7417,P2748,three_point,True
S7418,P14531,paint,False
S7419,P6425,midrange,False
S7420,P18310,midrange,False
S7421,P15290,three_point,False
S7422,P9313,three_point,False
S7423,P6683,midrange,True
S7424,P12279,midrange,True
S7425,P10257,paint,False
S7426,P2394,paint,True
S7427,P9334,midrange,True
S7428,P16747,three_point,True
S7429,P7699,paint,False
S7430,P390,three_point,False
S7431,P1318,three_point,True
S7432,P937,three_point,True
S7433,P88,midrange,True
S7434,P4535,midrange,False
S7435,P16884,midrange,True
S7436,P6437,paint,True
S7437,P4174,paint,True
S7438,P19754,three_point,True
S7439,P11001,midrange,False
S7440,P18183,midrange,True
S7441,P12084,three_point,False
S7442,P11451,paint,True
S7443,P7397,paint,True
S7444,P17678,midrange,False
S7445,P12924,midrange,True
S7446,P17313,three_point,True
S7447,P19360,midrange,False
S7448,P14123,midrange,True
S7449,P5368,three_point,True
S7450,P5143,three_point,True
S7451,P18506,midrange,False
S7452,P15381,three_point,True
S7453,P11684,paint,False
S7454,P218,midrange,True
S7455,P2729,three_point,False
S7456,P2912,paint,False
S7457,P16094,paint,False
S7458,P14962,midrange,True
S7459,P13109,paint,True
S7460,P13537,midrange,True
S7461,P499,paint,False
S7462,P10903,paint,True
S7463,P15937,midrange,False
S7464,P5440,midrange,True
S7465,P5846,three_point,True
S7466,P14837,paint,False
S7467,P15639,three_point,True
S7468,P12524,three_point,True
S7469,P4124,paint,True
S7470,P18715,three_point,False
S7471,P14834,paint,False
S7472,P10798,three_point,True
S7473,P10137,three_point,True
S7474,P7011,paint,False
S7475,P16891,paint,False
S7476,P9875,midrange,False
S7477,P7948,three_point,True
S7478,P3968,three_point,False
S7479,P9078,three_point,True
S7480,P15406,three_point,False
S7481,P11016,three_point,True
S7482,P10067,paint,False
S7483,P19567,midrange,True
S7484,P12160,paint,False
S7485,P18344,paint,True
S7486,P5683,three_point,False
S7487,P16663,midrange,False
S7488,P16577,paint,True
S7489,P5016,three_point,False
S7490,P2401,midrange,False
S7491,P7450,paint,False
S7492,P14363,paint,False
S7493,P17019,midrange,False
S7494,P158,midrange,False
S7495,P1586,paint,False
S7496,P9351,midrange,False
S7497,P13427,paint,False
S7498,P12500,paint,False
S7499,P16437,midrange,False
S7500,P13928,midrange,False
S7501,P1440,paint,True
S7502,P4652,three_point,False
S7503,P16341,paint,False
S7504,P11206,midrange,False
S7505,P5589,three_point,True
S7506,P8217,midrange,False
S7507,P2326,midrange,False
S7508,P16546,midrange,False
S7509,P1339,midrange,True
S7510,P6657,three_point,False
S7511,P13997,three_point,True
S7512,P12874,midrange,True
S7513,P7290,paint,True
S7514,P13090,three_point,False
S7515,P16246,midrange,True
S7516,P8214,paint,True
S7517,P14612,paint,True
S7518,P5562,midrange,True
S7519,P1068,three_point,True
S7520,P4322,three_point,True
S7521,P19545,midrange,False
S7522,P1987,midrange,False
S7523,P7767,three_point,False
S7524,P15273,midrange,True
S7525,P3465,midrange,False
S7526,P16821,midrange,True
S7527,P289,three_point,False
S7528,P12740,paint,True
S7529,P15002,three_point,False
S7530,P6148,paint,True
S7531,P9640,midrange,True
S7532,P2189,paint,True
S7533,P7941,midrange,False
S7534,P6020,paint,True
S7535,P7921,midrange,True
S7536,P9244,midrange,True
S7537,P2861,paint,True
S7538,P11756,three_point,True
S7539,P3673,midrange,True
S7540,P3771,paint,True
S7541,P18947,three_point,True
S7542,P4014,paint,True
S7543,P1557,three_point,True
S7544,P60,midrange,True
S7545,P17642,three_point,False
S7546,P9921,midrange,True
S7547,P464,paint,True
S7548,P14552,midrange,True
S7549,P1689,paint,True
S7550,P5961,three_point,True
S7551,P5527,paint,False
S7552,P1679,paint,True
S7553,P7583,three_point,True
S7554,P8812,three_point,True
S7555,P13253,paint,True
S7556,P13427,three_point,False
S7557,P17594,paint,False
S7558,P11461,midrange,True
S7559,P9303,midrange,False
S7560,P19273,three_point,False
S7561,P5313,three_point,True
S7562,P2271,three_point,False
S7563,P1342,three_point,True
S7564,P7626,three_point,False
S7565,P14602,three_point,False
S7566,P13498,midrange,False
S7567,P7993,three_point,True
S7568,P18199,paint,True
S7569,P17478,midrange,False
S7570,P5458,three_point,False
S7571,P16532,paint,False
S7572,P875,midrange,False
S7573,P14625,paint,True
S7574,P8915,paint,False
S7575,P19027,paint,True
S7576,P15722,three_point,False
S7577,P1534,three_point,False
S7578,P13228,paint,False
S7579,P16154,three_point,False
S7580,P9179,midrange,True
S7581,P3200,paint,False
S7582,P14821,three_point,True
S7583,P9855,midrange,True
S7584,P2978,midrange,True
S7585,P1260,three_point,False
S7586,P1085,midrange,False
S7587,P5767,paint,True
S7588,P18655,midrange,True
S7589,P16858,three_point,False
S7590,P1287,three_point,False
S7591,P11574,paint,True
S7592,P2967,paint,True
S7593,P11264,midrange,True
S7594,P5208,midrange,False
S7595,P17999,paint,False
S7596,P19467,midrange,True
S7597,P11970,midrange,False
S7598,P5669,midrange,False
S7599,P7954,paint,False
S7600,P11475,three_point,False
S7601,P17849,three_point,True
S7602,P18509,paint,False
S7603,P4013,paint,False
S7604,P15449,three_point,True
S7605,P14429,paint,True
S7606,P10720,paint,False
S7607,P4634,midrange,True
S7608,P15926,paint,True
S7609,P15475,three_point,False
S7610,P12836,midrange,True
S7611,P9028,three_point,True
S7612,P12968,paint,False
S7613,P7071,three_point,False
S7614,P1915,three_point,False
S7615,P18928,three_point,True
S7616,P9511,paint,False
S7617,P12421,midrange,True
S7618,P10641,paint,True
S7619,P1006,paint,False
S7620,P11811,midrange,False
S7621,P1993,paint,True
S7622,P10676,paint,False
S7623,P6749,paint,False
S7624,P14564,three_point,True
S7625,P17337,paint,False
S7626,P6692,paint,False
S7627,P18717,midrange,True
S7628,P17132,midrange,True
S7629,P7538,paint,True
S7630,P12337,paint,True
S7631,P3348,paint,False
S7632,P10049,midrange,False
S7633,P2430,three_point,False
S7634,P7684,three_point,True
S7635,P11359,midrange,True
S7636,P17022,paint,False
S7637,P12068,three_point,True
S7638,P5121,three_point,False
S7639,P1219,three_point,True
S7640,P16363,paint,True
S7641,P2258,paint,False
S7642,P6638,three_point,False
S7643,P12491,midrange,True
S7644,P3609,paint,False
S7645,P9602,midrange,False
S7646,P1268,three_point,False
S7647,P1570,paint,True
S7648,P341,paint,True
S7649,P1593,midrange,False
S7650,P4523,midrange,True
S7651,P15014,three_point,False
S7652,P10685,paint,True
S7653,P11596,three_point,False
S7654,P13513,three_point,False
S7655,P5522,midrange,True
S7656,P9766,paint,True
S7657,P19654,three_point,True
S7658,P13943,midrange,False
S7659,P16778,midrange,True
S7660,P4503,three_point,True
S7661,P3659,paint,True
S7662,P19121,three_point,True
S7663,P12244,paint,True
S7664,P13968,paint,False
S7665,P18933,paint,True
S7666,P17984,paint,False
S7667,P628,midrange,True
S7668,P8798,paint,False
S7669,P19273,three_point,False
S7670,P10057,three_point,False
S7671,P13790,paint,True
S7672,P6061,midrange,True
S7673,P19374,paint,True
S7674,P9886,midrange,True
S7675,P4428,three_point,False
S7676,P19976,paint,True
S7677,P5995,three_point,False
S7678,P3090,paint,True
S7679,P2386,midrange,True
S7680,P15469,three_point,True
S7681,P19792,paint,True
S7682,P19452,three_point,True
S7683,P13844,midrange,False
S7684,P19658,midrange,True
S7685,P6093,midrange,True
S7686,P14637,paint,True
S7687,P15818,midrange,False
S7688,P16556,paint,False
S7689,P13693,paint,True
S7690,P12029,paint,True
S7691,P10851,three_point,True
S7692,P2297,paint,True
S7693,P19560,three_point,False
S7694,P9989,midrange,False
S7695,P10331,three_point,False
S7696,P15260,three_point,False
S7697,P3067,midrange,False
S7698,P5798,three_point,True
S7699,P11160,midrange,True
S7700,P6249,three_point,True
S7701,P1165,three_point,True
S7702,P7967,midrange,True
S7703,P14591,three_point,True
S7704,P2570,paint,True
S7705,P3328,paint,False
S7706,P12539,paint,False
S7707,P10910,paint,True
S7708,P11489,three_point,True
S7709,P11376,paint,True
S7710,P19957,three_point,True
S7711,P1765,paint,False
S7712,P1340,three_point,True
S7713,P12785,midrange,True
S7714,P19393,three_point,False
S7715,P18377,midrange,True
S7716,P1332,midrange,False
S7717,P11015,three_point,True
S7718,P16648,paint,False
S7719,P4681,paint,False
S7720,P16352,paint,True
S7721,P11233,paint,False
S7722,P1981,midrange,True
S7723,P10033,midrange,False
S7724,P18456,paint,False
S7725,P17747,paint,True
S7726,P15073,midrange,True
S7727,P13007,midrange,False
S7728,P18499,three_point,True
S7729,P15219,three_point,False
S7730,P15825,midrange,False
S7731,P5560,three_point,True
S7732,P12705,three_point,False
S7733,P15206,midrange,False
S7734,P444,paint,False
S7735,P4025,midrange,True
S7736,P8330,three_point,False
S7737,P18154,paint,True
S7738,P19743,paint,False
S7739,P7627,midrange,True
S7740,P5938,three_point,False
S7741,P17515,midrange,True
S7742,P15107,midrange,False
S7743,P5902,midrange,True
S7744,P2383,three_point,False
S7745,P2033,midrange,True
S7746,P1787,midrange,False
S7747,P10721,paint,False
S7748,P1981,three_point,False
S7749,P15374,three_point,True
S7750,P17650,three_point,False
S7751,P6401,three_point,False
S7752,P11402,three_point,False
S7753,P7896,paint,True
S7754,P1577,three_point,True
S7755,P10808,three_point,True
S7756,P6020,three_point,True
S7757,P10376,midrange,False
S7758,P13002,paint,True
S7759,P5066,midrange,False
S7760,P6654,paint,True
S7761,P18604,paint,True
S7762,P11362,paint,False
S7763,P19074,three_point,True
S7764,P537,three_point,False
S7765,P18663,midrange,False
S7766,P14574,three_point,True
S7767,P17217,three_point,False
S7768,P13373,three_point,True
S7769,P18828,midrange,True
S7770,P6837,three_point,True
S7771,P16844,three_point,True
S7772,P17977,three_point,True
S7773,P14031,three_point,False
S7774,P10873,three_point,False
S7775,P17369,three_point,True
S7776,P457,three_point,False
S7777,P4784,three_point,False
S7778,P14862,paint,False
S7779,P92,paint,True
S7780,P17680,midrange,False
S7781,P17075,midrange,True
S7782,P292,paint,True
S7783,P14712,midrange,False
S7784,P8397,paint,False
S7785,P6156,midrange,False
S7786,P3991,midrange,True
S7787,P3314,three_point,False
S7788,P16813,three_point,True
S7789,P6503,midrange,False
S7790,P17060,three_point,False
S7791,P11607,three_point,True
S7792,P17198,midrange,False
S7793,P3612,paint,True
S7794,P11001,three_point,False
S7795,P14362,three_point,False
S7796,P3903,paint,True
S7797,P15855,paint,True
S7798,P15077,midrange,False
S7799,P14383,paint,True
S7800,P7957,paint,True
S7801,P2572,three_point,False
S7802,P1519,paint,False
S7803,P10464,three_point,True
S7804,P16544,midrange,True
S7805,P18750,paint,False
S7806,P1437,midrange,True
S7807,P16241,three_point,True
S7808,P14588,paint,False
S7809,P19079,three_point,True
S7810,P15622,paint,False
S7811,P1295,midrange,False
S7812,P4122,paint,False
S7813,P4908,midrange,True
S7814,P7789,three_point,True
S7815,P7455,paint,True
S7816,P3412,paint,False
S7817,P6318,paint,True
S7818,P2301,three_point,False
S7819,P9154,three_point,True
S7820,P12423,paint,True
S7821,P15948,three_point,True
S7822,P8691,midrange,False
S7823,P8555,midrange,True
S7824,P7057,paint,True
S7825,P14469,three_point,False
S7826,P13849,three_point,True
S7827,P1250,midrange,False
S7828,P1467,midrange,False
S7829,P3074,paint,False
S7830,P3705,midrange,False
S7831,P15375,three_point,True
S7832,P11292,midrange,False
S7833,P11328,midrange,True
S7834,P17126,three_point,False
S7835,P7927,three_point,True
S7836,P16855,three_point,False
S7837,P3406,paint,False
S7838,P13990,three_point,False
S7839,P14185,three_point,False
S7840,P12258,midrange,True
S7841,P10153,paint,True
S7842,P18815,paint,True
S7843,P3242,midrange,True
S7844,P10022,midrange,True
S7845,P13619,three_point,True
S7846,P1331,three_point,True
S7847,P16812,paint,False
S7848,P10854,three_point,True
S7849,P12724,three_point,False
S7850,P13151,midrange,False
S7851,P17129,three_point,False
S7852,P7670,paint,True
S7853,P17643,paint,False
S7854,P5763,midrange,False
S7855,P6165,midrange,False
S7856,P1202,three_point,True
S7857,P4465,three_point,False
S7858,P14583,three_point,True
S7859,P15004,paint,False
S7860,P12094,midrange,True
S7861,P11625,midrange,False
S7862,P12060,three_point,False
S7863,P16878,midrange,True
S7864,P2090,paint,False
S7865,P17293,midrange,True
S7866,P17229,paint,False
S7867,P7688,midrange,False
S7868,P1461,three_point,True
S7869,P12261,midrange,False
S7870,P6053,three_point,False
S7871,P5756,three_point,True
S7872,P9556,three_point,True
S7873,P753,three_point,True
S7874,P6435,paint,True
S7875,P19069,paint,True
S7876,P9717,midrange,False
S7877,P10235,paint,False
S7878,P366,three_point,False
S7879,P8912,three_point,True
S7880,P2985,three_point,True
S7881,P11930,midrange,False
S7882,P6412,three_point,True
S7883,P19721,three_point,False
S7884,P6942,paint,False
S7885,P16955,paint,False
S7886,P9703,three_point,True
S7887,P1142,paint,True
S7888,P14293,three_point,True
S7889,P1355,three_point,False
S7890,P9881,paint,True
S7891,P2774,three_point,True
S7892,P18714,midrange,True
S7893,P703,midrange,False
S7894,P575,paint,False
S7895,P1770,three_point,True
S7896,P18341,paint,True
S7897,P3929,midrange,False
S7898,P8998,paint,False
S7899,P7600,midrange,False
S7900,P9558,paint,True
S7901,P17744,paint,False
S7902,P15712,three_point,False
S7903,P12254,paint,True
S7904,P17369,three_point,False
S7905,P10819,paint,False
S7906,P7148,paint,False
S7907,P15889,paint,False
S7908,P13606,three_point,False
S7909,P16455,paint,False
S7910,P18183,three_point,False
S7911,P18168,paint,False
S7912,P12180,midrange,True
S7913,P4020,midrange,True
S7914,P2432,midrange,True
S7915,P6181,midrange,True
S7916,P3624,midrange,True
S7917,P18759,midrange,True
S7918,P1482,paint,True
S7919,P14729,three_point,True
S7920,P6939,paint,False
S7921,P10026,three_point,False
S7922,P12130,three_point,True
S7923,P7212,paint,True
S7924,P16933,midrange,False
S7925,P162,three_point,True
S7926,P2826,midrange,True
S7927,P8071,midrange,False
S7928,P3770,midrange,True
S7929,P1199,midrange,False
S7930,P1699,paint,True
S7931,P12025,midrange,True
S7932,P16647,paint,True
S7933,P5586,paint,True
S7934,P5983,midrange,True
S7935,P13807,three_point,True
S7936,P12406,midrange,False
S7937,P11668,midrange,True
S7938,P8345,paint,False
S7939,P12426,paint,False
S7940,P18947,three_point,False
S7941,P19442,paint,True
S7942,P17497,paint,True
S7943,P15072,paint,True
S7944,P13125,three_point,True
S7945,P12152,paint,False
S7946,P5017,midrange,True
S7947,P11806,three_point,False
S7948,P13276,paint,False
S7949,P18854,paint,True
S7950,P15660,midrange,False
S7951,P680,midrange,True
S7952,P13422,paint,True
S7953,P8615,midrange,False
S7954,P6659,three_point,False
S7955,P4146,three_point,True
S7956,P7832,three_point,True
S7957,P15106,three_point,True
S7958,P11569,paint,True
S7959,P5191,midrange,True
S7960,P11307,paint,True
S7961,P5909,paint,True
S7962,P10007,three_point,True
S7963,P1661,midrange,True
S7964,P9308,midrange,True
S7965,P309,midrange,True
S7966,P3649,paint,False
S7967,P15795,midrange,False
S7968,P7841,three_point,True
S7969,P7633,three_point,True
S7970,P2719,paint,True
S7971,P19803,three_point,True
S7972,P16263,paint,False
S7973,P16107,three_point,False
S7974,P16889,midrange,False
S7975,P13253,three_point,True
S7976,P6095,paint,False
S7977,P2240,three_point,True
S7978,P17978,three_point,False
S7979,P15501,midrange,False
S7980,P18568,midrange,True
S7981,P4688,midrange,False
S7982,P4327,midrange,True
S7983,P5613,paint,True
S7984,P12629,three_point,False
S7985,P3363,paint,True
S7986,P8244,paint,True
S7987,P1045,paint,False
S7988,P2070,midrange,True
S7989,P9565,midrange,True
S7990,P6872,midrange,True
S7991,P8375,three_point,True
S7992,P15960,paint,True
S7993,P17133,three_point,True
S7994,P16523,three_point,False
S7995,P3974,three_point,False
S7996,P8662,midrange,True
S7997,P15931,midrange,False
S7998,P2865,midrange,True
S7999,P13324,midrange,False
S8000,P1293,three_point,True
S8001,P17409,midrange,True
S8002,P2397,paint,False
S8003,P900,midrange,True
S8004,P7996,three_point,True
S8005,P10739,midrange,False
S8006,P15676,paint,False
S8007,P7607,paint,True
S8008,P16006,midrange,True
S8009,P18177,paint,True
S8010,P12996,paint,True
S8011,P17462,paint,True
S8012,P18901,three_point,False
S8013,P16078,midrange,True
S8014,P18861,paint,False
S8015,P7053,three_point,True
S8016,P11818,paint,False
S8017,P13495,paint,True
S8018,P10383,paint,False
S8019,P7414,three_point,False
S8020,P13768,three_point,True
S8021,P15237,three_point,True
S8022,P3679,three_point,True
S8023,P19994,three_point,False
S8024,P17791,three_point,False
S8025,P1754,paint,True
S8026,P10527,three_point,False
S8027,P11902,three_point,False
S8028,P16283,paint,True
S8029,P1609,three_point,False
S8030,P3006,midrange,False
S8031,P9060,three_point,False
S8032,P19978,midrange,True
S8033,P14580,three_point,True
S8034,P14642,three_point,True
S8035,P104,paint,False
S8036,P3502,three_point,False
S8037,P798,paint,True
S8038,P19749,midrange,True
S8039,P471,midrange,False
S8040,P10219,three_point,True
S8041,P15360,paint,True
S8042,P4163,midrange,False
S8043,P8331,paint,True
S8044,P15681,paint,False
S8045,P10526,paint,True
S8046,P9581,paint,True
S8047,P10898,paint,False
S8048,P14299,midrange,False
S8049,P4981,midrange,True
S8050,P223,paint,False
S8051,P17435,three_point,False
S8052,P16279,midrange,True
S8053,P6002,three_point,True
S8054,P613,three_point,True
S8055,P7428,paint,False
S8056,P17763,three_point,False
S8057,P16529,paint,False
S8058,P11910,paint,True
S8059,P16244,midrange,False
S8060,P7356,midrange,False
S8061,P13316,three_point,False
S8062,P8067,midrange,True
S8063,P6916,three_point,False
S8064,P431,three_point,False
S8065,P10069,three_point,False
S8066,P10644,three_point,True
S8067,P9767,three_point,True
S8068,P4215,paint,False
S8069,P15440,midrange,False
S8070,P7372,midrange,True
S8071,P16702,three_point,True
S8072,P11213,midrange,False
S8073,P12497,paint,False
S8074,P5017,three_point,True
S8075,P3914,three_point,True
S8076,P4334,three_point,False
S8077,P10140,paint,True
S8078,P19471,three_point,True
S8079,P11955,three_point,True
S8080,P11956,paint,False
S8081,P16340,midrange,True
S8082,P10386,paint,False
S8083,P10891,paint,True
S8084,P15421,midrange,True
S8085,P6706,midrange,True
S8086,P10828,three_point,True
S8087,P13651,midrange,True
S8088,P4875,paint,True
S8089,P16852,midrange,False
S8090,P19519,paint,False
S8091,P9878,midrange,True
S8092,P19165,three_point,True
S8093,P15537,paint,True
S8094,P19910,three_point,False
S8095,P9537,midrange,False
S8096,P368,midrange,True
S8097,P4341,paint,True
S8098,P9781,midrange,True
S8099,P19046,paint,False
S8100,P7155,paint,False
S8101,P16587,three_point,True
S8102,P16499,paint,True
S8103,P14518,three_point,True
S8104,P19795,three_point,True
S8105,P18031,three_point,False
S8106,P12841,paint,True
S8107,P1139,paint,True
S8108,P6827,midrange,False
S8109,P15454,midrange,False
S8110,P14171,three_point,True
S8111,P8936,paint,False
S8112,P9893,three_point,True
S8113,P12757,paint,True
S8114,P13887,paint,True
S8115,P17268,paint,True
S8116,P10356,midrange,False
S8117,P15522,midrange,False
S8118,P7038,midrange,False
S8119,P6246,paint,True
S8120,P4098,paint,False
S8121,P4321,three_point,False
S8122,P476,three_point,False
S8123,P13441,midrange,False
S8124,P19010,midrange,True
S8125,P2817,three_point,True
S8126,P1374,paint,True
S8127,P4752,midrange,False
S8128,P3371,midrange,False
S8129,P12533,three_point,False
S8130,P13961,three_point,True
S8131,P17644,paint,False
S8132,P16037,paint,True
S8133,P13057,paint,True
S8134,P16977,three_point,False
S8135,P10591,paint,True
S8136,P13747,three_point,True
S8137,P7666,midrange,True
S8138,P11927,paint,True
S8139,P7177,midrange,True
S8140,P5821,three_point,False
S8141,P13479,paint,True
S8142,P15253,paint,True
S8143,P6244,midrange,False
S8144,P7671,midrange,False
S8145,P7254,paint,False
S8146,P6620,three_point,False
S8147,P976,three_point,True
S8148,P6407,three_point,True
S8149,P13809,paint,True
S8150,P11246,midrange,False
S8151,P5364,three_point,False
S8152,P15040,three_point,False
S8153,P9371,paint,False
S8154,P19243,paint,False
S8155,P6392,three_point,True
S8156,P12382,midrange,True
S8157,P14045,midrange,True
S8158,P19968,midrange,True
S8159,P3628,paint,True
S8160,P15211,midrange,True
S8161,P4737,three_point,True
S8162,P6227,midrange,False
S8163,P14955,three_point,False
S8164,P19409,paint,False
S8165,P19945,midrange,False
S8166,P9254,paint,True
S8167,P11221,paint,False
S8168,P8558,three_point,True
S8169,P9111,paint,False
S8170,P10153,three_point,False
S8171,P14542,three_point,True
S8172,P9629,three_point,True
S8173,P19010,three_point,False
S8174,P17801,three_point,False
S8175,P10404,midrange,False
S8176,P16263,paint,False
S8177,P15809,paint,False
S8178,P4616,paint,True
S8179,P12373,three_point,False
S8180,P10954,paint,False
S8181,P13291,paint,True
S8182,P16319,midrange,True
S8183,P7935,paint,False
S8184,P9927,midrange,True
S8185,P745,three_point,True
S8186,P2098,three_point,True
S8187,P9629,three_point,True
S8188,P14435,midrange,True
S8189,P16049,midrange,True
S8190,P11826,midrange,False
S8191,P4320,paint,True
S8192,P4862,three_point,False
S8193,P10997,three_point,True
S8194,P1668,midrange,True
S8195,P4118,midrange,True
S8196,P17195,midrange,True
S8197,P12707,paint,False
S8198,P11729,three_point,True
S8199,P3576,paint,True
S8200,P8373,paint,True
S8201,P17533,three_point,True
S8202,P3395,three_point,True
S8203,P19554,three_point,True
S8204,P16330,midrange,True
S8205,P4864,three_point,True
S8206,P15721,paint,True
S8207,P1820,three_point,True
S8208,P8941,three_point,False
S8209,P14147,three_point,False
S8210,P17251,paint,True
S8211,P852,paint,True
S8212,P7692,three_point,True
S8213,P14723,midrange,False
S8214,P12671,three_point,False
S8215,P9919,paint,True
S8216,P13462,paint,False
S8217,P9626,paint,True
S8218,P3711,midrange,True
S8219,P5500,paint,True
S8220,P4468,paint,False
S8221,P12746,paint,True
S8222,P14009,three_point,False
S8223,P19903,paint,True
S8224,P7441,paint,False
S8225,P5050,paint,False
S8226,P17403,three_point,False
S8227,P870,three_point,False
S8228,P19941,paint,False
S8229,P19948,paint,False
S8230,P14078,paint,False
S8231,P4395,midrange,True
S8232,P13631,three_point,False
S8233,P13294,midrange,True
S8234,P11024,paint,True
S8235,P4095,midrange,True
S8236,P4265,midrange,True
S8237,P844,three_point,False
S8238,P9426,midrange,False
S8239,P15738,three_point,True
S8240,P15163,paint,False
S8241,P18077,midrange,True
S8242,P6289,three_point,False
S8243,P15894,three_point,True
S8244,P11622,three_point,False
S8245,P117,three_point,True
S8246,P6029,midrange,False
S8247,P3169,three_point,False
S8248,P15828,paint,False
S8249,P9367,three_point,False
S8250,P17810,three_point,False
S8251,P3229,midrange,False
S8252,P15753,paint,False
S8253,P10835,three_point,False
S8254,P2334,paint,False
S8255,P10590,paint,True
S8256,P16223,paint,True
S8257,P2518,three_point,False
S8258,P17036,midrange,True
S8259,P18110,midrange,False
S8260,P16419,paint,False
S8261,P8688,three_point,False
S8262,P3884,midrange,True
S8263,P11454,midrange,False
S8264,P8574,three_point,True
S8265,P11966,midrange,True
S8266,P5521,three_point,True
S8267,P12669,paint,True
S8268,P13760,three_point,False
S8269,P471,midrange,False
S8270,P15620,paint,True
S8271,P19771,three_point,False
S8272,P17390,three_point,True
S8273,P16762,paint,False
S8274,P14050,midrange,False
S8275,P11234,paint,True
S8276,P10031,paint,False
S8277,P4728,midrange,False
S8278,P12205,midrange,False
S8279,P4849,midrange,True
S8280,P17446,three_point,True
S8281,P15274,three_point,True
S8282,P905,three_point,True
S8283,P3799,three_point,True
S8284,P17771,midrange,False
S8285,P2542,three_point,True
S8286,P10348,three_point,True
S8287,P10355,three_point,True
S8288,P6440,midrange,False
S8289,P7320,midrange,True
S8290,P19034,midrange,False
S8291,P16799,midrange,True
S8292,P18753,paint,True
S8293,P14980,midrange,False
S8294,P15698,midrange,False
S8295,P13647,three_point,True
S8296,P4199,midrange,False
S8297,P17449,midrange,False
S8298,P18081,paint,False
S8299,P12050,three_point,False
S8300,P13751,midrange,True
S8301,P16418,paint,False
S8302,P13203,three_point,False
S8303,P8521,three_point,True
S8304,P7895,paint,True
S8305,P16216,paint,True
S8306,P8050,paint,False
S8307,P7342,paint,True
S8308,P2746,midrange,True
S8309,P12771,midrange,False
S8310,P7277,three_point,True
S8311,P14646,three_point,False
S8312,P1817,three_point,True
S8313,P13883,three_point,False
S8314,P7057,three_point,True
S8315,P5012,midrange,True
S8316,P10788,paint,True
S8317,P8926,paint,False
S8318,P882,paint,False
S8319,P18616,paint,True
S8320,P18295,paint,True
S8321,P8685,three_point,False
S8322,P5410,midrange,True
S8323,P16630,three_point,False
S8324,P19880,midrange,False
S8325,P10115,paint,True
S8326,P15527,paint,False
S8327,P9446,paint,True
S8328,P16129,midrange,False
S8329,P15015,paint,True
S8330,P9028,paint,False
S8331,P3473,three_point,True
S8332,P10299,three_point,False
S8333,P3353,paint,False
S8334,P14131,three_point,True
S8335,P10026,three_point,True
S8336,P17710,paint,True
S8337,P7026,midrange,False
S8338,P6228,three_point,False
S8339,P1785,paint,False
S8340,P4135,three_point,True
S8341,P17148,paint,True
S8342,P14361,three_point,True
S8343,P6635,midrange,True
S8344,P16664,paint,True
S8345,P8529,three_point,False
S8346,P17990,three_point,False
S8347,P18242,three_point,True
S8348,P11258,three_point,True
S8349,P19874,three_point,True
S8350,P1652,midrange,False
S8351,P16278,paint,True
S8352,P1169,paint,False
S8353,P5744,three_point,False
S8354,P5580,midrange,True
S8355,P5271,midrange,False
S8356,P9102,midrange,True
S8357,P15500,three_point,False
S8358,P11,midrange,True
S8359,P10811,midrange,False
S8360,P937,midrange,False
S8361,P6890,three_point,False
S8362,P15959,three_point,True
S8363,P15212,paint,False
S8364,P13338,midrange,True
S8365,P11571,three_point,False
S8366,P5536,midrange,False
S8367,P4961,paint,False
S8368,P2104,paint,False
S8369,P1152,paint,True
S8370,P13928,paint,True
S8371,P8091,paint,False
S8372,P13037,midrange,False
S8373,P2887,paint,False
S8374,P17262,midrange,False
S8375,P1234,three_point,False
S8376,P16443,paint,False
S8377,P15722,midrange,True
S8378,P19168,three_point,False
S8379,P5439,midrange,False
S8380,P12296,three_point,True
S8381,P863,paint,True
S8382,P4496,three_point,True
S8383,P1765,paint,False
S8384,P819,paint,True
S8385,P6438,paint,False
S8386,P19748,paint,False
S8387,P1296,three_point,True
S8388,P8592,paint,True
S8389,P16841,three_point,True
S8390,P17071,midrange,False
S8391,P14934,midrange,True
S8392,P12749,three_point,True
S8393,P10337,three_point,False
S8394,P7207,three_point,False
S8395,P15341,midrange,False
S8396,P12710,three_point,False
S8397,P16773,three_point,True
S8398,P3827,midrange,False
S8399,P9520,three_point,True
S8400,P13667,paint,False
S8401,P2384,midrange,True
S8402,P7371,midrange,True
S8403,P1560,three_point,False
S8404,P10455,paint,True
S8405,P18869,midrange,False
S8406,P16510,paint,True
S8407,P10015,paint,False
S8408,P8670,paint,False
S8409,P14287,paint,True
S8410,P17421,paint,True
S8411,P10962,paint,False
S8412,P18469,paint,False
S8413,P2241,midrange,True
S8414,P6948,paint,False
S8415,P13085,paint,True
S8416,P16749,midrange,True
S8417,P11587,midrange,True
S8418,P6553,three_point,True
S8419,P1242,three_point,False
S8420,P17617,three_point,True
S8421,P4672,three_point,False
S8422,P4056,three_point,False
S8423,P1599,three_point,False
S8424,P9907,midrange,True
S8425,P8475,paint,False
S8426,P9357,paint,False
S8427,P14189,three_point,True
S8428,P4789,three_point,True
S8429,P568,three_point,True
S8430,P12907,midrange,False
S8431,P17697,paint,False
S8432,P17855,three_point,False
S8433,P7428,midrange,False
S8434,P10132,paint,True
S8435,P12143,three_point,False
S8436,P2558,midrange,True
S8437,P2128,three_point,False
S8438,P19387,paint,True
S8439,P11590,paint,False
S8440,P2412,three_point,True
S8441,P4308,paint,True
S8442,P593,midrange,True
S8443,P13758,midrange,False
S8444,P11843,paint,True
S8445,P7328,three_point,True
S8446,P2413,three_point,False
S8447,P5880,three_point,False
S8448,P1336,three_point,True
S8449,P5407,three_point,True
S8450,P8964,midrange,True
S8451,P1082,midrange,True
S8452,P2798,midrange,True
S8453,P10537,midrange,False
S8454,P10622,three_point,False
S8455,P3088,paint,True
S8456,P19068,paint,True
S8457,P6885,paint,True
S8458,P3355,paint,True
S8459,P5713,midrange,False
S8460,P6798,paint,True
S8461,P5936,midrange,True
S8462,P1637,midrange,True
S8463,P18622,midrange,True
S8464,P14454,midrange,True
S8465,P14199,midrange,True
S8466,P10352,midrange,False
S8467,P13497,midrange,True
S8468,P7589,three_point,False
S8469,P6913,paint,True
S8470,P15165,three_point,True
S8471,P9460,three_point,False
S8472,P10010,three_point,True
S8473,P18540,midrange,True
S8474,P8654,midrange,False
S8475,P9913,paint,False
S8476,P16397,three_point,False
S8477,P17813,paint,False
S8478,P4194,three_point,True
S8479,P8991,midrange,False
S8480,P8916,three_point,False
S8481,P17574,midrange,False
S8482,P1757,three_point,True
S8483,P19073,paint,True
S8484,P1813,three_point,False
S8485,P2314,paint,False
S8486,P15631,midrange,True
S8487,P8678,paint,False
S8488,P11524,paint,False
S8489,P11726,three_point,True
S8490,P612,three_point,False
S8491,P5916,midrange,True
S8492,P14939,paint,True
S8493,P5363,midrange,False
S8494,P7266,paint,True
S8495,P10903,three_point,True
S8496,P15260,three_point,False
S8497,P19964,paint,True
S8498,P12602,three_point,True
S8499,P7043,three_point,False
S8500,P3321,midrange,False
S8501,P7075,three_point,True
S8502,P7342,midrange,True
S8503,P13704,three_point,True
S8504,P188,midrange,False
S8505,P10762,three_point,False
S8506,P11003,midrange,False
S8507,P12586,paint,True
S8508,P3822,three_point,True
S8509,P14282,midrange,False
S8510,P19032,midrange,True
S8511,P9918,paint,True
S8512,P5633,midrange,False
S8513,P17415,three_point,True
S8514,P6059,paint,False
S8515,P12094,paint,True
S8516,P3290,midrange,True
S8517,P1534,three_point,True
S8518,P7172,three_point,True
S8519,P3457,three_point,False
S8520,P12258,midrange,True
S8521,P13780,paint,False
S8522,P2455,three_point,True
S8523,P4082,midrange,True
S8524,P3461,paint,False
S8525,P19489,three_point,True
S8526,P17825,paint,False
S8527,P4915,paint,True
S8528,P7737,three_point,True
S8529,P253,three_point,False
S8530,P8029,three_point,False
S8531,P1561,paint,True
S8532,P2490,midrange,True
S8533,P4574,midrange,False
S8534,P13628,three_point,True
S8535,P6384,midrange,True
S8536,P548,midrange,True
S8537,P7486,three_point,True
S8538,P11899,paint,True
S8539,P14913,midrange,False
S8540,P19476,three_point,False
S8541,P11078,paint,False
S8542,P19058,midrange,False
S8543,P10487,three_point,False
S8544,P8278,midrange,True
S8545,P14268,three_point,False
S8546,P12763,paint,True
S8547,P546,paint,True
S8548,P14669,paint,False
S8549,P3141,paint,False
S8550,P7707,three_point,True
S8551,P15616,midrange,False
S8552,P18620,three_point,False
S8553,P16913,midrange,False
S8554,P18193,paint,False
S8555,P18580,three_point,True
S8556,P11547,midrange,False
S8557,P13783,paint,False
S8558,P3339,three_point,True
S8559,P6306,paint,False
S8560,P2433,midrange,True
S8561,P15509,midrange,True
S8562,P5246,midrange,True
S8563,P19959,midrange,False
S8564,P6376,midrange,False
S8565,P5284,paint,False
S8566,P1142,paint,False
S8567,P825,three_point,True
S8568,P17606,paint,True
S8569,P16119,paint,True
S8570,P2111,midrange,False
S8571,P12882,three_point,True
S8572,P12750,three_point,True
S8573,P12028,paint,True
S8574,P16863,paint,False
S8575,P811,three_point,True
S8576,P19112,midrange,True
S8577,P3318,midrange,True
S8578,P17729,paint,False
S8579,P2360,paint,False
S8580,P7109,midrange,False
S8581,P13005,midrange,False
S8582,P5174,paint,True
S8583,P12552,paint,True
S8584,P15673,three_point,True
S8585,P16526,paint,False
S8586,P1718,midrange,False
S8587,P18348,midrange,False
S8588,P17656,three_point,False
S8589,P2356,three_point,False
S8590,P6426,three_point,False
S8591,P254,three_point,False
S8592,P17023,three_point,True
S8593,P10021,paint,False
S8594,P8709,paint,True
S8595,P7870,midrange,False
S8596,P125,three_point,False
S8597,P368,midrange,False
S8598,P1038,three_point,True
S8599,P8744,three_point,True
S8600,P12156,paint,False
S8601,P505,three_point,True
S8602,P3198,paint,False
S8603,P14744,midrange,False
S8604,P13774,paint,True
S8605,P18191,paint,False
S8606,P1270,midrange,True
S8607,P3132,midrange,True
S8608,P6916,midrange,True
S8609,P12842,three_point,True
S8610,P13048,midrange,True
S8611,P19391,midrange,False
S8612,P18541,three_point,False
S8613,P12564,three_point,False
S8614,P19856,midrange,False
S8615,P3223,three_point,False
S8616,P11823,midrange,True
S8617,P1177,paint,False
S8618,P10800,three_point,True
S8619,P7097,midrange,False
S8620,P5224,midrange,False
S8621,P828,paint,False
S8622,P7047,midrange,True
S8623,P5511,paint,False
S8624,P7652,three_point,False
S8625,P15391,three_point,False
S8626,P1453,paint,True
S8627,P19250,midrange,True
S8628,P19122,midrange,True
S8629,P752,midrange,False
S8630,P8724,midrange,False
S8631,P12845,midrange,True
S8632,P3943,paint,False
S8633,P17285,paint,False
S8634,P993,paint,False
S8635,P19605,midrange,True
S8636,P16632,midrange,True
S8637,P14322,midrange,True
S8638,P17049,three_point,False
S8639,P1077,paint,False
S8640,P10246,midrange,False
S8641,P19795,midrange,True
S8642,P12590,paint,False
S8643,P10103,paint,False
S8644,P13187,paint,False
S8645,P659,three_point,False
S8646,P248,paint,False
S8647,P5215,three_point,False
S8648,P9080,three_point,True
S8649,P572,midrange,False
S8650,P3023,three_point,True
S8651,P13794,midrange,False
S8652,P12956,midrange,True
S8653,P13673,midrange,True
S8654,P12116,paint,False
S8655,P12780,three_point,True
S8656,P880,three_point,True
S8657,P15411,three_point,False
S8658,P6533,paint,False
S8659,P6391,midrange,True
S8660,P11237,paint,True
S8661,P4590,midrange,False
S8662,P11852,midrange,True
S8663,P16393,paint,True
S8664,P8757,paint,False
S8665,P15113,midrange,False
S8666,P2193,paint,True
S8667,P14824,midrange,True
S8668,P600,paint,False
S8669,P3722,three_point,False
S8670,P8964,midrange,False
S8671,P1356,midrange,True
S8672,P258,midrange,False
S8673,P12061,midrange,False
S8674,P13690,paint,False
S8675,P94,three_point,True
S8676,P10142,three_point,True
S8677,P10656,paint,True
S8678,P5397,midrange,False
S8679,P9875,three_point,True
S8680,P4414,midrange,False
S8681,P1964,three_point,True
S8682,P1216,paint,True
S8683,P2346,paint,True
S8684,P7514,paint,True
S8685,P4917,three_point,False
S8686,P1214,midrange,False
S8687,P8077,paint,False
S8688,P19427,three_point,False
S8689,P14684,three_point,True
S8690,P3711,three_point,False
S8691,P19193,paint,False
S8692,P1216,three_point,False
S8693,P919,midrange,False
S8694,P1265,midrange,False
S8695,P3388,paint,True
S8696,P7578,paint,False
S8697,P17102,paint,True
S8698,P5949,three_point,False
S8699,P3151,three_point,True
S8700,P2208,three_point,True
S8701,P11652,three_point,True
S8702,P4199,midrange,False
S8703,P15078,three_point,False
S8704,P13441,paint,True
S8705,P18757,paint,True
S8706,P12482,paint,False
S8707,P17585,midrange,False
S8708,P19824,three_point,True
S8709,P19431,three_point,True
S8710,P2273,paint,False
S8711,P17854,paint,False
S8712,P9381,paint,True
S8713,P13208,paint,False
S8714,P19411,paint,False
S8715,P5867,three_point,False
S8716,P9573,midrange,True
S8717,P3958,paint,True
S8718,P994,three_point,False
S8719,P18585,midrange,True
S8720,P11578,midrange,False
S8721,P13267,three_point,False
S8722,P1793,three_point,False
S8723,P17945,three_point,True
S8724,P54,paint,False
S8725,P19253,three_point,True
S8726,P12905,three_point,True
S8727,P10929,paint,True
S8728,P10964,midrange,True
S8729,P8894,three_point,True
S8730,P3592,midrange,True
S8731,P6169,paint,True
S8732,P3539,midrange,False
S8733,P3885,midrange,False
S8734,P14402,paint,False
S8735,P10681,paint,False
S8736,P18098,three_point,False
S8737,P17191,midrange,False
S8738,P8277,midrange,True
S8739,P9332,midrange,True
S8740,P10043,paint,True
S8741,P9848,three_point,False
S8742,P12221,midrange,False
S8743,P1017,paint,False
S8744,P13213,three_point,False
S8745,P15506,paint,False
S8746,P8435,paint,True
S8747,P19411,three_point,False
S8748,P13320,paint,True
S8749,P15367,three_point,True
S8750,P8215,paint,False
S8751,P2445,paint,False
S8752,P7939,paint,False
S8753,P1091,three_point,True
S8754,P6810,midrange,True
S8755,P11179,midrange,False
S8756,P8797,paint,True
S8757,P19000,midrange,False
S8758,P13353,three_point,True
S8759,P17596,three_point,True
S8760,P8649,midrange,False
S8761,P19302,paint,True
S8762,P5426,midrange,False
S8763,P16322,midrange,True
S8764,P12502,paint,False
S8765,P18174,midrange,False
S8766,P15414,midrange,True
S8767,P8159,three_point,True
S8768,P4182,three_point,False
S8769,P11143,three_point,True
S8770,P10771,paint,False
S8771,P17129,three_point,False
S8772,P13055,three_point,True
S8773,P6489,three_point,False
S8774,P1174,midrange,False
S8775,P6528,three_point,True
S8776,P14594,three_point,True
S8777,P4623,three_point,True
S8778,P8017,paint,False
S8779,P8359,paint,False
S8780,P7680,midrange,False
S8781,P2402,midrange,True
S8782,P13290,midrange,False
S8783,P5502,paint,True
S8784,P1516,three_point,False
S8785,P11348,midrange,False
S8786,P2765,paint,False
S8787,P3166,midrange,False
S8788,P5899,three_point,False
S8789,P8606,three_point,True
S8790,P16244,paint,False
S8791,P17219,midrange,True
S8792,P12415,paint,False
S8793,P6155,midrange,False
S8794,P4893,paint,False
S8795,P8320,paint,True
S8796,P9806,midrange,True
S8797,P4287,midrange,True
S8798,P9223,three_point,True
S8799,P13231,paint,False
S8800,P9753,three_point,True
S8801,P11493,paint,True
S8802,P12084,paint,False
S8803,P6117,three_point,False
S8804,P2849,paint,False
S8805,P17095,paint,False
S8806,P10328,midrange,False
S8807,P10430,three_point,True
S8808,P15007,paint,False
S8809,P3695,midrange,False
S8810,P307,three_point,True
S8811,P14127,midrange,False
S8812,P11624,paint,True
S8813,P9513,paint,True
S8814,P8058,midrange,True
S8815,P19215,midrange,False
S8816,P14195,midrange,False
S8817,P5097,three_point,True
S8818,P19870,midrange,True
S8819,P18435,paint,True
S8820,P14948,paint,True
S8821,P61,three_point,True
S8822,P12142,paint,True
S8823,P1167,midrange,False
S8824,P10839,paint,True
S8825,P6646,midrange,True
S8826,P1093,three_point,True
S8827,P14545,three_point,False
S8828,P12017,paint,False
S8829,P7507,three_point,True
S8830,P12428,paint,True
S8831,P14705,three_point,True
S8832,P2349,three_point,False
S8833,P1455,midrange,True
S8834,P18695,three_point,True
S8835,P14478,midrange,False
S8836,P5485,three_point,True
S8837,P7260,three_point,False
S8838,P6811,three_point,True
S8839,P14160,paint,False
S8840,P3567,paint,False
S8841,P18857,paint,True
S8842,P5920,midrange,True
S8843,P7658,paint,True
S8844,P5140,midrange,False
S8845,P13312,paint,True
S8846,P8050,midrange,False
S8847,P19253,paint,False
S8848,P3863,paint,False
S8849,P10104,midrange,False
S8850,P17839,midrange,False
S8851,P5100,midrange,False
S8852,P477,three_point,True
S8853,P18633,paint,False
S8854,P2250,midrange,False
S8855,P5860,paint,True
S8856,P3484,three_point,False
S8857,P2800,midrange,False
S8858,P1105,midrange,True
S8859,P3767,paint,False
S8860,P11803,three_point,True
S8861,P7267,paint,False
S8862,P3315,paint,True
S8863,P12406,paint,False
S8864,P1861,midrange,True
S8865,P18249,midrange,True
S8866,P5002,midrange,True
S8867,P11685,midrange,False
S8868,P14634,paint,False
S8869,P15025,paint,False
S8870,P5988,three_point,True
S8871,P980,three_point,True
S8872,P496,paint,True
S8873,P9119,midrange,False
S8874,P18066,paint,True
S8875,P15522,midrange,False
S8876,P7339,three_point,True
S8877,P18003,midrange,True
S8878,P8752,midrange,False
S8879,P12232,three_point,True
S8880,P10018,three_point,False
S8881,P15891,midrange,True
S8882,P12167,three_point,False
S8883,P9860,midrange,False
S8884,P9726,three_point,False
S8885,P9985,paint,True
S8886,P1194,three_point,True
S8887,P18602,three_point,True
S8888,P1408,midrange,True
S8889,P6479,three_point,True
S8890,P3410,paint,True
S8891,P15503,paint,True
S8892,P6314,midrange,True
S8893,P3989,paint,False
S8894,P5040,midrange,True
S8895,P4456,three_point,True
S8896,P14626,paint,True
S8897,P18984,midrange,True
S8898,P9012,midrange,False
S8899,P18804,three_point,False
S8900,P8736,three_point,True
S8901,P12079,midrange,True
S8902,P19189,midrange,True
S8903,P558,midrange,True
S8904,P19806,midrange,False
S8905,P8110,three_point,True
S8906,P7585,paint,False
S8907,P5945,three_point,True
S8908,P11656,three_point,False
S8909,P1122,midrange,False
S8910,P13646,midrange,False
S8911,P962,paint,False
S8912,P17216,three_point,True
S8913,P6565,paint,True
S8914,P575,midrange,False
S8915,P129,midrange,True
S8916,P791,paint,False
S8917,P6401,midrange,True
S8918,P5191,midrange,True
S8919,P4680,midrange,True
S8920,P18132,midrange,False
S8921,P10579,midrange,True
S8922,P19707,three_point,False
S8923,P3820,paint,True
S8924,P11456,paint,False
S8925,P16552,midrange,False
S8926,P7402,midrange,False
S8927,P12258,midrange,False
S8928,P3172,three_point,False
S8929,P18830,paint,True
S8930,P13996,three_point,False
S8931,P940,paint,False
S8932,P11960,paint,False
S8933,P13134,midrange,False
S8934,P2737,midrange,False
S8935,P3517,midrange,False
S8936,P9026,midrange,False
S8937,P9314,three_point,True
S8938,P2801,three_point,False
S8939,P5434,midrange,False
S8940,P2182,three_point,False
S8941,P18269,three_point,False
S8942,P16870,three_point,False
S8943,P7173,paint,False
S8944,P10694,three_point,True
S8945,P19418,midrange,False
S8946,P18431,paint,False
S8947,P12144,midrange,True
S8948,P4912,paint,True
S8949,P7728,midrange,False
S8950,P18729,midrange,False
S8951,P3090,three_point,True
S8952,P9456,three_point,False
S8953,P4506,midrange,False
S8954,P17832,midrange,True
S8955,P9656,paint,False
S8956,P1045,midrange,False
S8957,P2220,three_point,True
S8958,P7945,midrange,False
S8959,P15247,three_point,True
S8960,P16538,paint,True
S8961,P5159,paint,False
S8962,P10968,paint,True
S8963,P1934,paint,False
S8964,P14592,midrange,True
S8965,P3754,midrange,False
S8966,P5294,three_point,False
S8967,P10893,paint,True
S8968,P5267,paint,True
S8969,P5556,midrange,False
S8970,P15152,paint,False
S8971,P1180,midrange,False
S8972,P3748,midrange,True
S8973,P15487,three_point,False
S8974,P6654,three_point,False
S8975,P3205,three_point,True
S8976,P738,paint,True
S8977,P10901,midrange,False
S8978,P7296,midrange,False
S8979,P2670,paint,True
S8980,P18299,midrange,True
S8981,P9262,paint,True
S8982,P1740,paint,False
S8983,P18261,paint,True
S8984,P9234,midrange,True
S8985,P12242,three_point,True
S8986,P2396,paint,False
S8987,P7619,paint,True
S8988,P6772,midrange,True
S8989,P8707,three_point,False
S8990,P8721,paint,True
S8991,P10494,three_point,True
S8992,P13303,three_point,True
S8993,P7691,midrange,True
S8994,P10409,midrange,True
S8995,P17741,paint,True
S8996,P11667,three_point,False
S8997,P15977,three_point,False
S8998,P3864,midrange,False
S8999,P2536,midrange,True
S9000,P3241,midrange,False
S9001,P12298,paint,False
S9002,P3512,three_point,False
S9003,P4509,three_point,True
S9004,P5334,midrange,True
S9005,P6676,paint,True
S9006,P18176,three_point,True
S9007,P9103,three_point,False
S9008,P5730,three_point,False
S9009,P9297,paint,False
S9010,P8583,three_point,True
S9011,P12,three_point,True
S9012,P13477,midrange,True
S9013,P9262,three_point,True
S9014,P5447,three_point,False
S9015,P18099,midrange,False
S9016,P7828,paint,True
S9017,P406,midrange,False
S9018,P3673,paint,False
S9019,P963,midrange,True
S9020,P2917,three_point,True
S9021,P15839,midrange,True
S9022,P16026,midrange,True
S9023,P7867,midrange,True
S9024,P8961,three_point,True
S9025,P10906,three_point,True
S9026,P5421,midrange,True
S9027,P1025,paint,False
S9028,P9724,three_point,True
S9029,P14217,three_point,True
S9030,P7836,three_point,True
S9031,P12112,midrange,True
S9032,P4498,midrange,False
S9033,P5256,paint,False
S9034,P2206,three_point,True
S9035,P2068,three_point,True
S9036,P3519,paint,True
S9037,P150,three_point,True
S9038,P6579,midrange,False
S9039,P10669,three_point,True
S9040,P15182,paint,True
S9041,P6332,midrange,True
S9042,P2618,paint,False
S9043,P15773,paint,False
S9044,P2462,three_point,False
S9045,P12527,midrange,True
S9046,P4020,three_point,True
S9047,P15836,midrange,False
S9048,P18854,three_point,False
S9049,P4170,paint,False
S9050,P1629,three_point,False
S9051,P19050,paint,True
S9052,P16384,paint,True
S9053,P2157,three_point,True
S9054,P4887,paint,True
S9055,P16536,three_point,False
S9056,P14885,midrange,False
S9057,P2879,three_point,False
S9058,P804,paint,False
S9059,P5980,midrange,False
S9060,P16674,paint,True
S9061,P2170,paint,False
S9062,P18641,midrange,True
S9063,P2177,paint,True
S9064,P1503,midrange,True
S9065,P1719,paint,True
S9066,P8362,three_point,False
S9067,P19064,three_point,True
S9068,P14347,midrange,True
S9069,P541,paint,True
S9070,P12846,paint,True
S9071,P5171,paint,True
S9072,P15292,three_point,True
S9073,P12055,three_point,True
S9074,P14891,paint,False
S9075,P4721,three_point,True
S9076,P10615,midrange,False
S9077,P9336,midrange,True
S9078,P15621,midrange,True
S9079,P1878,three_point,True
S9080,P15147,midrange,False
S9081,P19457,midrange,True
S9082,P3420,midrange,True
S9083,P19329,paint,True
S9084,P19648,three_point,True
S9085,P4598,paint,True
S9086,P19639,three_point,False
S9087,P19251,paint,False
S9088,P2910,midrange,False
S9089,P4724,three_point,False
S9090,P8516,three_point,True
S9091,P14440,three_point,False
S9092,P1102,paint,False
S9093,P18518,three_point,True
S9094,P15143,midrange,True
S9095,P13040,paint,True
S9096,P17430,midrange,False
S9097,P3651,three_point,False
S9098,P16237,paint,False
S9099,P19570,paint,False
S9100,P12618,three_point,True
S9101,P13640,paint,True
S9102,P8200,midrange,False
S9103,P13201,midrange,True
S9104,P468,midrange,True
S9105,P2689,paint,True
S9106,P11610,three_point,False
S9107,P5781,three_point,False
S9108,P16789,midrange,True
S9109,P14423,three_point,False
S9110,P9081,three_point,True
S9111,P5737,three_point,True
S9112,P2880,paint,False
S9113,P12844,midrange,False
S9114,P1216,midrange,False
S9115,P12664,three_point,True
S9116,P10834,paint,True
S9117,P16318,three_point,True
S9118,P11471,three_point,False
S9119,P6393,paint,True
S9120,P13825,three_point,False
S9121,P11477,midrange,False
S9122,P5368,midrange,True
S9123,P9387,midrange,False
S9124,P15438,three_point,False
S9125,P16467,midrange,False
S9126,P9776,midrange,False
S9127,P13978,midrange,True
S9128,P19352,midrange,True
S9129,P5712,three_point,True
S9130,P13499,paint,False
S9131,P11555,three_point,False
S9132,P597,paint,True
S9133,P18259,three_point,True
S9134,P7627,paint,False
S9135,P11852,paint,False
S9136,P16238,paint,True
S9137,P10417,paint,False
S9138,P10364,three_point,True
S9139,P5904,paint,True
S9140,P1473,three_point,False
S9141,P11583,three_point,False
S9142,P6859,three_point,True
S9143,P4125,midrange,True
S9144,P17123,paint,True
S9145,P2355,three_point,False
S9146,P19006,three_point,False
S9147,P276,three_point,True
S9148,P303,three_point,False
S9149,P5255,three_point,False
S9150,P9167,paint,False
S9151,P16628,paint,True
S9152,P14726,three_point,False
S9153,P16132,midrange,True
S9154,P4452,three_point,False
S9155,P18416,paint,True
S9156,P12878,paint,False
S9157,P9181,midrange,True
S9158,P8345,midrange,True
S9159,P15674,midrange,True
S9160,P15497,paint,True
S9161,P251,midrange,False
S9162,P11635,three_point,True
S9163,P7644,three_point,True
S9164,P7952,three_point,True
S9165,P5210,three_point,False
S9166,P15610,midrange,False
S9167,P3630,paint,False
S9168,P13004,three_point,True
S9169,P12378,paint,False
S9170,P545,paint,False
S9171,P13128,three_point,False
S9172,P10854,paint,True
S9173,P19936,three_point,True
S9174,P8309,midrange,False
S9175,P6453,three_point,True
S9176,P3656,paint,False
S9177,P19315,midrange,False
S9178,P8971,paint,True
S9179,P13229,midrange,False
S9180,P6838,midrange,True
S9181,P17808,three_point,False
S9182,P15788,midrange,True
S9183,P4024,three_point,True
S9184,P13839,paint,True
S9185,P2510,three_point,False
S9186,P9392,paint,True
S9187,P6330,midrange,False
S9188,P11954,paint,False
S9189,P7331,midrange,False
S9190,P10174,three_point,True
S9191,P6790,paint,False
S9192,P10675,midrange,True
S9193,P17837,midrange,False
S9194,P4528,three_point,False
S9195,P16390,paint,False
S9196,P10830,midrange,False
S9197,P6042,midrange,False
S9198,P2818,three_point,False
S9199,P4776,midrange,True
S9200,P10822,paint,True
S9201,P10629,paint,True
S9202,P5592,three_point,False
S9203,P968,midrange,True
S9204,P1354,midrange,False
S9205,P3197,three_point,False
S9206,P13129,midrange,False
S9207,P2369,three_point,True
S9208,P12182,midrange,True
S9209,P16283,three_point,False
S9210,P11975,three_point,True
S9211,P16423,midrange,True
S9212,P18356,midrange,True
S9213,P3259,paint,True
S9214,P6081,midrange,True
S9215,P11928,three_point,True
S9216,P14559,three_point,False
S9217,P10274,paint,False
S9218,P8120,midrange,True
S9219,P13638,midrange,False
S9220,P4078,paint,False
S9221,P1275,midrange,False
S9222,P17508,midrange,False
S9223,P14480,paint,True
S9224,P4439,midrange,True
S9225,P3639,paint,False
S9226,P12830,three_point,True
S9227,P6221,midrange,True
S9228,P4286,three_point,False
S9229,P9563,paint,False
S9230,P3252,three_point,True
S9231,P17890,midrange,False
S9232,P15805,paint,False
S9233,P5200,paint,False
S9234,P2859,paint,False
S9235,P9617,midrange,False
S9236,P1172,midrange,False
S9237,P15772,paint,False
S9238,P13072,three_point,True
S9239,P269,paint,True
S9240,P15136,three_point,True
S9241,P3174,paint,False
S9242,P10590,midrange,False
S9243,P12729,paint,False
S9244,P15113,paint,False
S9245,P2100,paint,True
S9246,P1272,three_point,False
S9247,P18284,paint,True
S9248,P7244,paint,False
S9249,P9845,midrange,False
S9250,P13699,paint,False
S9251,P894,three_point,True
S9252,P11026,paint,True
S9253,P3816,paint,True
S9254,P8185,three_point,False
S9255,P9355,paint,True
S9256,P2453,midrange,False
S9257,P13588,midrange,True
S9258,P3991,paint,True
S9259,P9706,three_point,True
S9260,P14138,three_point,False
S9261,P952,paint,True
S9262,P11039,three_point,False
S9263,P3501,three_point,True
S9264,P17558,midrange,True
S9265,P16473,midrange,False
S9266,P8485,paint,False
S9267,P1185,midrange,False
S9268,P16111,paint,True
S9269,P15637,three_point,False
S9270,P5361,midrange,False
S9271,P2804,three_point,True
S9272,P3756,paint,False
S9273,P1588,midrange,False
S9274,P15107,midrange,True
S9275,P11684,paint,False
S9276,P491,paint,False
S9277,P17563,three_point,True
S9278,P5340,paint,True
S9279,P4554,three_point,False
S9280,P2042,paint,False
S9281,P1110,paint,False
S9282,P14200,three_point,True
S9283,P1079,paint,False
S9284,P11813,midrange,True
S9285,P19057,three_point,False
S9286,P5028,paint,False
S9287,P14180,paint,False
S9288,P10772,midrange,False
S9289,P269,midrange,False
S9290,P13614,midrange,True
S9291,P8289,three_point,True
S9292,P8222,paint,True
S9293,P6178,paint,False
S9294,P674,three_point,False
S9295,P2102,three_point,False
S9296,P19789,paint,False
S9297,P9312,three_point,False
S9298,P11777,midrange,False
S9299,P6924,three_point,False
S9300,P14972,three_point,False
S9301,P13104,three_point,True
S9302,P9721,midrange,True
S9303,P2853,paint,False
S9304,P15894,paint,False
S9305,P17134,three_point,True
S9306,P17057,three_point,True
S9307,P2216,paint,False
S9308,P13088,three_point,False
S9309,P7258,midrange,True
S9310,P11735,three_point,True
S9311,P13071,midrange,False
S9312,P5075,three_point,False
S9313,P2497,three_point,True
S9314,P12450,midrange,True
S9315,P10326,paint,True
S9316,P18223,midrange,True
S9317,P10180,midrange,False
S9318,P5295,three_point,True
S9319,P12116,midrange,False
S9320,P13875,midrange,False
S9321,P17050,paint,False
S9322,P13603,three_point,False
S9323,P8804,paint,False
S9324,P9083,three_point,False
S9325,P8372,midrange,False
S9326,P18630,midrange,True
S9327,P15625,three_point,True
S9328,P5532,three_point,False
S9329,P4241,three_point,False
S9330,P19622,paint,False
S9331,P10048,paint,False
S9332,P2024,three_point,True
S9333,P18348,midrange,True
S9334,P12923,three_point,True
S9335,P12891,three_point,True
S9336,P17706,paint,True
S9337,P7261,midrange,False
S9338,P11299,paint,False
S9339,P11542,paint,True
S9340,P18363,midrange,False
S9341,P5743,three_point,True
S9342,P2523,three_point,False
S9343,P7929,three_point,False
S9344,P17086,paint,True
S9345,P14664,three_point,False
S9346,P188,paint,True
S9347,P11749,three_point,False
S9348,P13046,midrange,False
S9349,P6237,midrange,False
S9350,P17962,midrange,False
S9351,P11629,midrange,False
S9352,P5613,three_point,True
S9353,P8206,paint,True
S9354,P2534,three_point,False
S9355,P4256,midrange,True
S9356,P1358,three_point,False
S9357,P7609,three_point,True
S9358,P9467,paint,True
S9359,P13126,midrange,False
S9360,P11330,three_point,False
S9361,P845,three_point,False
S9362,P4738,midrange,True
S9363,P5748,midrange,True
S9364,P10585,midrange,False
S9365,P15275,midrange,True
S9366,P3466,paint,False
S9367,P16717,three_point,False
S9368,P13818,paint,False
S9369,P15399,paint,False
S9370,P4723,three_point,True
S9371,P8770,paint,True
S9372,P11794,paint,True
S9373,P2360,midrange,True
S9374,P4708,paint,False
S9375,P10256,three_point,True
S9376,P6667,paint,True
S9377,P12553,paint,True
S9378,P2901,paint,False
S9379,P16875,midrange,False
S9380,P3394,midrange,True
S9381,P4040,midrange,False
S9382,P860,three_point,True
S9383,P5329,midrange,True
S9384,P18118,three_point,False
S9385,P16849,midrange,False
S9386,P17255,three_point,True
S9387,P6217,three_point,False
S9388,P9095,paint,True
S9389,P13283,three_point,True
S9390,P7850,paint,True
S9391,P1918,paint,True
S9392,P17727,three_point,True
S9393,P6946,midrange,False
S9394,P2776,midrange,True
S9395,P8808,midrange,False
S9396,P17629,three_point,True
S9397,P14142,midrange,False
S9398,P16533,paint,False
S9399,P9532,three_point,True
S9400,P18390,midrange,True
S9401,P5696,midrange,True
S9402,P2948,three_point,True
S9403,P12518,midrange,True
S9404,P13662,three_point,True
S9405,P9717,three_point,True
S9406,P16368,paint,False
S9407,P15933,midrange,False
S9408,P18739,paint,True
S9409,P5224,midrange,True
S9410,P5102,three_point,True
S9411,P18281,paint,False
S9412,P17813,three_point,False
S9413,P11531,three_point,False
S9414,P19103,three_point,False
S9415,P3167,midrange,False
S9416,P1229,three_point,True
S9417,P3279,paint,False
S9418,P10879,paint,True
S9419,P5089,three_point,False
S9420,P13189,three_point,False
S9421,P5734,paint,True
S9422,P2776,three_point,True
S9423,P10311,three_point,False
S9424,P1781,midrange,True
S9425,P11001,midrange,False
S9426,P10844,paint,False
S9427,P7864,midrange,True
S9428,P4605,midrange,True
S9429,P18450,paint,False
S9430,P8597,midrange,True
S9431,P16403,three_point,False
S9432,P14359,midrange,False
S9433,P1511,midrange,False
S9434,P986,midrange,True
S9435,P504,three_point,False
S9436,P3802,three_point,False
S9437,P4513,three_point,True
S9438,P966,paint,True
S9439,P19672,three_point,True
S9440,P18670,paint,False
S9441,P14164,midrange,False
S9442,P6871,paint,True
S9443,P19072,midrange,False
S9444,P6778,three_point,False
S9445,P11992,paint,True
S9446,P4890,midrange,False
S9447,P7767,three_point,True
S9448,P10008,paint,False
S9449,P5553,midrange,True
S9450,P4824,midrange,True
S9451,P7306,three_point,True
S9452,P6574,three_point,False
S9453,P4717,three_point,False
S9454,P8816,three_point,False
S9455,P2567,paint,False
S9456,P4387,three_point,True
S9457,P5591,paint,True
S9458,P7257,paint,False
S9459,P14885,paint,True
S9460,P16631,midrange,True
S9461,P5559,midrange,True
S9462,P3129,paint,True
S9463,P12931,paint,False
S9464,P16984,midrange,True
S9465,P18039,three_point,False
S9466,P12994,paint,False
S9467,P17377,paint,False
S9468,P2980,three_point,True
S9469,P3048,paint,False
S9470,P936,midrange,False
S9471,P4371,midrange,False
S9472,P13652,paint,True
S9473,P18025,paint,False
S9474,P17341,paint,False
S9475,P8136,three_point,True
S9476,P6443,paint,True
S9477,P8123,paint,False
S9478,P10589,midrange,True
S9479,P4268,paint,False
S9480,P2194,three_point,False
S9481,P16401,paint,True
S9482,P490,paint,True
S9483,P6385,midrange,False
S9484,P9226,midrange,False
S9485,P4055,midrange,True
S9486,P15264,three_point,True
S9487,P5658,three_point,True
S9488,P10312,three_point,False
S9489,P4869,three_point,False
S9490,P5967,three_point,False
S9491,P15682,midrange,True
S9492,P1074,paint,False
S9493,P919,midrange,True
S9494,P17203,midrange,False
S9495,P19867,midrange,False
S9496,P11881,midrange,False
S9497,P13976,paint,False
S9498,P15367,paint,False
S9499,P12980,three_point,False
S9500,P6797,three_point,False
S9501,P5500,paint,False
S9502,P6734,three_point,True
S9503,P14153,three_point,True
S9504,P14569,midrange,True
S9505,P14864,paint,False
S9506,P11743,paint,True
S9507,P12452,three_point,True
S9508,P17689,paint,True
S9509,P16532,three_point,False
S9510,P18792,three_point,True
S9511,P11652,three_point,True
S9512,P3589,three_point,False
S9513,P7470,paint,True
S9514,P6352,midrange,False
S9515,P16344,three_point,True
S9516,P6557,midrange,True
S9517,P4389,paint,False
S9518,P8823,three_point,True
S9519,P1920,three_point,False
S9520,P18382,paint,False
S9521,P18565,three_point,True
S9522,P7903,three_point,False
S9523,P5376,paint,True
S9524,P8250,three_point,False
S9525,P9097,paint,True
S9526,P16196,paint,False
S9527,P15457,three_point,False
S9528,P10833,paint,False
S9529,P4806,midrange,True
S9530,P9157,paint,False
S9531,P11366,paint,True
S9532,P9668,three_point,True
S9533,P15954,three_point,True
S9534,P17312,midrange,False
S9535,P9778,three_point,True
S9536,P14609,paint,True
S9537,P16779,paint,True
S9538,P16856,midrange,False
S9539,P16589,midrange,True
S9540,P16887,midrange,False
S9541,P8957,midrange,True
S9542,P571,three_point,False
S9543,P13628,midrange,False
S9544,P585,three_point,False
S9545,P4107,paint,True
S9546,P19930,midrange,False
S9547,P8111,three_point,False
S9548,P17958,paint,False
S9549,P8806,paint,True
S9550,P13313,three_point,False
S9551,P17315,midrange,True
S9552,P7620,midrange,True
S9553,P11771,paint,True
S9554,P10498,paint,True
S9555,P16599,three_point,False
S9556,P8598,three_point,True
S9557,P15420,midrange,True
S9558,P8097,paint,True
S9559,P16021,midrange,True
S9560,P17796,three_point,False
S9561,P2716,paint,False
S9562,P1654,three_point,False
S9563,P17869,three_point,True
S9564,P5353,midrange,False
S9565,P19903,paint,False
S9566,P13403,midrange,True
S9567,P12043,midrange,False
S9568,P6505,three_point,True
S9569,P10894,midrange,True
S9570,P8527,paint,False
S9571,P13399,three_point,False
S9572,P4562,three_point,True
S9573,P16577,paint,True
S9574,P6312,three_point,True
S9575,P14512,paint,True
S9576,P14164,three_point,True
S9577,P2270,three_point,True
S9578,P5153,three_point,True
S9579,P9119,three_point,False
S9580,P582,three_point,False
S9581,P15622,midrange,True
S9582,P2757,paint,True
S9583,P3543,three_point,False
S9584,P9363,paint,False
S9585,P7133,midrange,False
S9586,P4003,three_point,True
S9587,P3888,midrange,True
S9588,P19282,paint,False
S9589,P5671,midrange,False
S9590,P2747,paint,True
S9591,P5768,midrange,False
S9592,P13770,midrange,True
S9593,P3992,paint,False
S9594,P2495,midrange,True
S9595,P19053,three_point,True
S9596,P15949,paint,False
S9597,P1560,midrange,True
S9598,P12808,three_point,False
S9599,P13225,paint,False
S9600,P203,midrange,False
S9601,P12266,paint,True
S9602,P871,midrange,False
S9603,P5435,midrange,True
S9604,P884,paint,True
S9605,P11534,midrange,True
S9606,P17567,three_point,True
S9607,P4495,midrange,True
S9608,P2047,three_point,False
S9609,P1435,paint,True
S9610,P13873,three_point,True
S9611,P17751,midrange,True
S9612,P9087,three_point,True
S9613,P13172,paint,True
S9614,P16137,midrange,True
S9615,P19772,three_point,True
S9616,P6585,paint,True
S9617,P9220,paint,True
S9618,P5746,midrange,False
S9619,P17365,three_point,False
S9620,P13536,midrange,True
S9621,P11376,midrange,True
S9622,P6706,three_point,True
S9623,P2877,three_point,False
S9624,P16977,midrange,True
S9625,P1537,three_point,False
S9626,P5986,three_point,False
S9627,P14521,paint,False
S9628,P8049,paint,True
S9629,P2114,three_point,False
S9630,P15645,paint,True
S9631,P17798,paint,True
S9632,P1321,three_point,False
S9633,P5349,midrange,False
S9634,P4445,paint,False
S9635,P6308,three_point,False
S9636,P1290,midrange,True
S9637,P5858,midrange,False
S9638,P12266,paint,True
S9639,P26,midrange,True
S9640,P17218,three_point,True
S9641,P7157,paint,True
S9642,P19593,paint,False
S9643,P15494,paint,False
S9644,P16521,three_point,True
S9645,P2866,midrange,False
S9646,P8651,three_point,True
S9647,P14764,paint,True
S9648,P1959,three_point,False
S9649,P168,three_point,False
S9650,P12761,paint,False
S9651,P11756,midrange,True
S9652,P17890,three_point,True
S9653,P4955,paint,True
S9654,P15030,three_point,False
S9655,P17319,midrange,True
S9656,P15129,paint,False
S9657,P1921,three_point,False
S9658,P422,paint,True
S9659,P3109,midrange,True
S9660,P6719,midrange,False
S9661,P15695,midrange,True
S9662,P14862,three_point,False
S9663,P10571,paint,True
S9664,P6299,paint,False
S9665,P18431,three_point,True
S9666,P19313,three_point,False
S9667,P14529,paint,True
S9668,P9319,three_point,False
S9669,P3112,paint,False
S9670,P2769,three_point,False
S9671,P15038,paint,False
S9672,P9426,three_point,True
S9673,P8003,paint,True
S9674,P11287,three_point,False
S9675,P19962,paint,False
S9676,P2980,midrange,False
S9677,P14596,midrange,False
S9678,P12650,midrange,True
S9679,P6178,midrange,False
S9680,P14103,three_point,True
S9681,P19283,three_point,False
S9682,P7565,three_point,False
S9683,P16168,paint,True
S9684,P17191,paint,True
S9685,P5769,paint,True
S9686,P15126,three_point,True
S9687,P3010,three_point,False
S9688,P1077,three_point,True
S9689,P3753,midrange,False
S9690,P16094,paint,False
S9691,P13577,three_point,False
S9692,P3477,midrange,False
S9693,P14049,three_point,True
S9694,P9381,paint,True
S9695,P550,three_point,True
S9696,P17271,paint,True
S9697,P4199,three_point,False
S9698,P11713,midrange,True
S9699,P13862,three_point,False
S9700,P4017,paint,True
S9701,P10194,paint,False
S9702,P6754,three_point,False
S9703,P1169,midrange,True
S9704,P1316,three_point,True
S9705,P8145,three_point,False
S9706,P3027,three_point,False
S9707,P15797,midrange,True
S9708,P5084,paint,True
S9709,P8424,three_point,True
S9710,P7929,three_point,True
S9711,P6818,three_point,True
S9712,P11157,midrange,False
S9713,P14751,paint,True
S9714,P18365,paint,False
S9715,P9434,midrange,False
S9716,P5215,midrange,True
S9717,P12222,midrange,False
S9718,P18629,three_point,False
S9719,P19027,paint,False
S9720,P17602,midrange,False
S9721,P8804,three_point,True
S9722,P7932,midrange,False
S9723,P15552,paint,True
S9724,P5474,three_point,True
S9725,P1491,paint,True
S9726,P19730,paint,False
S9727,P11316,midrange,True
S9728,P985,paint,True
S9729,P19301,three_point,False
S9730,P6162,midrange,True
S9731,P5862,three_point,False
S9732,P16575,paint,True
S9733,P4404,midrange,True
S9734,P18760,midrange,True
S9735,P19140,three_point,False
S9736,P15272,three_point,True
S9737,P9429,midrange,False
S9738,P15549,midrange,True
S9739,P3721,midrange,False
S9740,P6805,paint,False
S9741,P12817,midrange,False
S9742,P18885,midrange,False
S9743,P15741,three_point,False
S9744,P6364,paint,True
S9745,P16791,midrange,True
S9746,P12531,three_point,True
S9747,P15320,three_point,False
S9748,P4624,three_point,False
S9749,P9138,three_point,True
S9750,P10349,three_point,True
S9751,P15122,three_point,False
S9752,P11552,paint,False
S9753,P6787,midrange,False
S9754,P12073,three_point,False
S9755,P1503,paint,False
S9756,P17619,three_point,True
S9757,P4450,three_point,True
S9758,P8446,midrange,True
S9759,P12393,paint,False
S9760,P4858,three_point,False
S9761,P10232,paint,True
S9762,P9951,paint,False
S9763,P4302,three_point,False
S9764,P13206,three_point,True
S9765,P14633,midrange,True
S9766,P16529,midrange,False
S9767,P11742,paint,False
S9768,P11698,midrange,True
S9769,P456,paint,False
S9770,P6078,paint,True
S9771,P18703,midrange,False
S9772,P10201,midrange,True
S9773,P10021,three_point,False
S9774,P18919,midrange,False
S9775,P13524,three_point,True
S9776,P2010,three_point,True
S9777,P14498,paint,True
S9778,P18739,three_point,False
S9779,P5634,three_point,True
S9780,P1782,midrange,False
S9781,P14636,midrange,False
S9782,P6382,three_point,True
S9783,P6202,three_point,True
S9784,P9301,paint,True
S9785,P13698,three_point,False
S9786,P7249,midrange,True
S9787,P7348,three_point,True
S9788,P19215,three_point,False
S9789,P14475,paint,True
S9790,P17791,three_point,False
S9791,P18387,three_point,True
S9792,P19160,paint,False
S9793,P3409,midrange,True
S9794,P4095,midrange,False
S9795,P8544,paint,False
S9796,P13338,paint,True
S9797,P14103,paint,False
S9798,P10008,midrange,True
S9799,P94,paint,False
S9800,P18348,three_point,False
S9801,P13652,three_point,True
S9802,P5508,paint,False
S9803,P11782,paint,True
S9804,P9818,three_point,False
S9805,P14489,midrange,True
S9806,P17334,midrange,False
S9807,P18704,midrange,False
S9808,P1778,midrange,False
S9809,P7413,three_point,True
S9810,P19568,midrange,False
S9811,P10905,paint,True
S9812,P16542,paint,True
S9813,P15003,midrange,False
S9814,P13187,paint,True
S9815,P10519,midrange,True
S9816,P14819,midrange,True
S9817,P8033,midrange,False
S9818,P19989,three_point,True
S9819,P5697,midrange,True
S9820,P14675,midrange,False
S9821,P14715,three_point,True
S9822,P18947,three_point,False
S9823,P5048,paint,False
S9824,P4757,paint,False
S9825,P7433,midrange,True
S9826,P12508,three_point,True
S9827,P2862,paint,True
S9828,P11625,three_point,False
S9829,P667,three_point,True
S9830,P2235,paint,False
S9831,P8862,three_point,False
S9832,P8197,three_point,True
S9833,P11027,paint,False
S9834,P11441,midrange,True
S9835,P15968,midrange,False
S9836,P486,three_point,True
S9837,P8983,paint,False
S9838,P6853,three_point,True
S9839,P13127,paint,False
S9840,P10389,three_point,True
S9841,P14279,paint,False
S9842,P14812,midrange,True
S9843,P15611,paint,True
S9844,P7818,three_point,True
S9845,P4492,midrange,False
S9846,P14668,three_point,False
S9847,P2386,paint,False
S9848,P8910,paint,True
S9849,P18177,paint,True
S9850,P3086,midrange,True
S9851,P5282,midrange,False
S9852,P3958,three_point,True
S9853,P2242,three_point,True
S9854,P6825,paint,True
S9855,P19694,three_point,False
S9856,P2911,three_point,True
S9857,P2802,midrange,True
S9858,P10449,midrange,True
S9859,P6390,midrange,False
S9860,P5880,midrange,False
S9861,P2947,midrange,True
S9862,P8312,three_point,True
S9863,P1472,three_point,True
S9864,P3055,midrange,False
S9865,P4029,three_point,True
S9866,P12639,paint,True
S9867,P2159,three_point,True
S9868,P3185,three_point,True
S9869,P2290,midrange,False
S9870,P4428,midrange,True
S9871,P361,paint,True
S9872,P11477,paint,True
S9873,P2414,midrange,False
S9874,P5359,three_point,False
S9875,P18063,paint,False
S9876,P3061,paint,False
S9877,P5161,paint,True
S9878,P7540,midrange,False
S9879,P19623,paint,False
S9880,P4303,midrange,False
S9881,P9334,midrange,False
S9882,P9877,paint,False
S9883,P7448,midrange,False
S9884,P704,paint,True
S9885,P15324,paint,False
S9886,P17984,three_point,False
S9887,P13626,three_point,True
S9888,P353,paint,False
S9889,P6033,three_point,True
S9890,P15560,midrange,False
S9891,P2938,midrange,False
S9892,P4021,midrange,True
S9893,P7699,midrange,False
S9894,P17703,midrange,True
S9895,P1543,midrange,True
S9896,P19047,midrange,False
S9897,P17331,midrange,False
S9898,P15855,paint,False
S9899,P14865,paint,False
S9900,P19941,midrange,False
S9901,P1916,three_point,True
S9902,P17754,three_point,False
S9903,P17983,three_point,False
S9904,P19338,paint,False
S9905,P13375,paint,False
S9906,P698,paint,True
S9907,P19847,paint,False
S9908,P19553,paint,True
S9909,P17004,paint,True
S9910,P10293,paint,False
S9911,P5373,three_point,True
S9912,P15951,three_point,True
S9913,P17282,midrange,True
S9914,P1161,paint,True
S9915,P11239,three_point,False
S9916,P1117,midrange,False
S9917,P11069,paint,True
S9918,P3626,three_point,False
S9919,P5176,paint,False
S9920,P12180,midrange,True
S9921,P7518,paint,True
S9922,P12236,paint,False
S9923,P13974,paint,False
S9924,P4096,three_point,False
S9925,P3713,three_point,False
S9926,P19519,three_point,True
S9927,P18639,three_point,True
S9928,P6814,paint,False
S9929,P4170,paint,False
S9930,P14689,three_point,True
S9931,P9900,three_point,False
S9932,P11173,three_point,False
S9933,P3168,paint,True
S9934,P12646,midrange,True
S9935,P10490,midrange,True
S9936,P6660,midrange,False
S9937,P2567,midrange,False
S9938,P15728,three_point,True
S9939,P10839,paint,True
S9940,P1876,midrange,True
S9941,P17122,three_point,True
S9942,P8329,three_point,False
S9943,P9335,three_point,False
S9944,P14343,paint,True
S9945,P15247,paint,False
S9946,P6452,paint,False
S9947,P15598,three_point,True
S9948,P8247,midrange,False
S9949,P5131,midrange,True
S9950,P3151,paint,False
S9951,P19596,three_point,True
S9952,P5612,three_point,False
S9953,P14774,paint,False
S9954,P18699,midrange,True
S9955,P1642,paint,False
S9956,P3124,paint,False
S9957,P18177,three_point,False
S9958,P17445,midrange,True
S9959,P17805,midrange,False
S9960,P13516,paint,False
S9961,P2877,paint,False
S9962,P15080,midrange,True
S9963,P8677,paint,True
S9964,P5744,midrange,True
S9965,P13568,paint,False
S9966,P3637,midrange,False
S9967,P16729,three_point,False
S9968,P2225,three_point,True
S9969,P4982,three_point,False
S9970,P11504,three_point,False
S9971,P607,three_point,False
S9972,P12208,three_point,True
S9973,P5268,midrange,False
S9974,P5517,three_point,True
S9975,P4814,three_point,True
S9976,P9817,three_point,True
S9977,P3466,three_point,False
S9978,P5694,paint,False
S9979,P11137,midrange,False
S9980,P5855,three_point,False
S9981,P8859,three_point,False
S9982,P15719,midrange,False
S9983,P2635,midrange,False
S9984,P893,paint,False
S9985,P1874,paint,False
S9986,P11962,paint,False
S9987,P17564,paint,True
S9988,P1897,midrange,True
S9989,P5089,three_point,True
S9990,P16619,three_point,False
S9991,P6950,midrange,False
S9992,P2132,midrange,True
S9993,P682,paint,False
S9994,P4899,midrange,False
S9995,P2091,midrange,True
S9996,P1923,three_point,True
S9997,P5081,three_point,True
S9998,P15813,midrange,True
S9999,P713,paint,False
S10000,P6082,paint,True
