des,close_approach_date,dist_km,relative_velocity_km_s,is_potentially_hazardous
NEO1,2025-04-04,243761,8.2,False
NEO2,2025-06-15,60394,12.6,True
NEO3,2025-04-28,219270,13.1,True
NEO4,2025-03-03,225286,4.3,True
NEO5,2025-01-05,295715,7.6,False
NEO6,2025-09-06,54131,12.5,False
NEO7,2025-07-31,179049,11.9,True
NEO8,2025-06-23,211258,9.5,True
NEO9,2025-08-01,88391,9.0,True
NEO10,2025-09-19,200343,13.0,False
NEO11,2025-11-18,65544,6.1,True
NEO12,2025-09-10,216435,3.6,True
NEO13,2025-08-13,204601,8.0,True
NEO14,2025-05-25,59105,14.5,True
NEO15,2025-05-27,254976,13.9,True
NEO16,2025-08-02,274385,4.9,True
NEO17,2025-11-17,278282,4.5,False
NEO18,2025-05-08,231075,10.0,False
NEO19,2025-12-19,148292,12.2,False
NEO20,2025-06-09,279110,11.7,True
NEO21,2025-08-02,121098,4.8,True
NEO22,2025-12-12,182949,3.0,False
NEO23,2025-03-02,168473,12.8,False
NEO24,2025-12-06,141781,13.4,False
NEO25,2025-03-29,203929,10.2,True
NEO26,2025-01-05,132821,8.4,False
NEO27,2025-08-03,246257,10.5,False
NEO28,2025-08-10,283487,11.7,True
NEO29,2025-01-03,298408,11.8,False
NEO30,2025-10-03,226180,9.4,True
NEO31,2025-11-15,217973,11.6,True
NEO32,2025-06-01,246075,8.3,True
NEO33,2025-08-09,214107,6.1,True
NEO34,2025-11-13,51729,4.2,False
NEO35,2025-07-14,205764,9.3,True
NEO36,2025-12-29,246826,7.2,True
NEO37,2025-01-24,67702,10.6,True
NEO38,2025-12-25,196124,14.9,False
NEO39,2025-11-26,101241,6.2,False
NEO40,2025-07-15,299525,13.8,False
NEO41,2025-04-04,98316,5.0,True
NEO42,2025-08-12,281753,10.8,True
NEO43,2025-03-01,280847,5.9,False
NEO44,2025-02-10,123994,5.1,True
NEO45,2025-10-17,291784,5.9,True
NEO46,2025-01-22,248310,8.4,True
NEO47,2025-08-29,282799,13.9,False
NEO48,2025-12-05,236569,6.7,True
NEO49,2025-12-21,236844,7.6,True
NEO50,2025-05-31,101870,3.1,False
NEO51,2025-12-01,187685,10.1,True
NEO52,2025-03-19,239587,4.2,False
NEO53,2025-02-11,82452,8.3,False
NEO54,2025-12-18,65559,4.2,False
NEO55,2025-05-03,284095,14.7,True
NEO56,2025-04-01,47655,8.8,False
NEO57,2025-04-12,152109,11.9,True
NEO58,2025-03-03,113078,8.0,True
NEO59,2025-05-29,123296,10.4,True
NEO60,2025-12-28,38608,12.5,True
NEO61,2025-03-03,209701,5.8,True
NEO62,2025-01-19,193271,3.0,True
NEO63,2025-03-09,177467,8.7,True
NEO64,2025-04-02,65795,10.2,False
NEO65,2025-04-14,220866,5.0,False
NEO66,2025-12-17,211527,8.1,True
NEO67,2025-08-24,199881,11.2,False
NEO68,2025-09-22,123021,9.4,True
NEO69,2025-08-18,146499,7.1,True
NEO70,2025-08-03,253013,14.9,False
NEO71,2025-01-31,205905,13.6,False
NEO72,2025-07-05,240910,11.0,False
NEO73,2025-03-06,205722,10.4,False
NEO74,2025-06-11,287118,14.8,False
NEO75,2025-01-11,80732,6.9,True
NEO76,2025-09-26,80332,7.8,True
NEO77,2025-09-02,120682,6.1,False
NEO78,2025-08-20,192023,4.1,False
NEO79,2025-01-13,59475,4.0,True
NEO80,2025-04-10,145223,8.6,False
NEO81,2025-07-18,217565,7.5,False
NEO82,2025-07-08,259172,11.5,False
NEO83,2025-03-14,275479,4.9,False
NEO84,2025-06-25,99895,10.9,True
NEO85,2025-04-11,220627,13.0,True
NEO86,2025-08-03,99446,8.2,True
NEO87,2025-08-20,33446,6.2,False
NEO88,2025-11-07,219211,6.5,True
NEO89,2025-11-10,212452,4.9,True
NEO90,2025-09-12,81172,5.7,True
NEO91,2025-08-01,97284,4.6,True
NEO92,2025-07-08,105272,6.0,True
NEO93,2025-10-29,275632,7.0,True
NEO94,2025-06-20,175125,11.5,False
NEO95,2025-05-21,91873,10.9,True
NEO96,2025-10-02,89796,10.3,False
NEO97,2025-07-05,296383,3.1,False
NEO98,2025-02-16,298719,10.4,True
NEO99,2025-08-26,126482,4.6,True
NEO100,2025-06-15,179860,11.2,False
NEO101,2025-04-05,113423,4.5,True
NEO102,2025-10-21,224226,5.9,False
NEO103,2025-09-18,80019,8.6,False
NEO104,2025-09-08,138473,14.9,True
NEO105,2025-01-20,129507,7.8,False
NEO106,2025-11-19,175565,14.0,False
NEO107,2025-12-25,72093,9.7,True
NEO108,2025-01-07,267289,4.2,False
NEO109,2025-09-17,114266,13.8,True
NEO110,2025-10-17,36440,6.9,False
NEO111,2025-09-28,276183,9.7,True
NEO112,2025-02-20,112231,11.5,False
NEO113,2025-12-25,174734,12.4,True
NEO114,2025-08-05,215944,9.8,True
NEO115,2025-05-18,49037,12.4,False
NEO116,2025-01-22,172960,4.4,True
NEO117,2025-02-19,73393,9.3,False
NEO118,2025-12-30,158425,3.2,False
NEO119,2025-12-15,154143,12.9,False
NEO120,2025-10-16,138070,5.6,False
NEO121,2025-01-24,70865,4.6,False
NEO122,2025-02-02,101440,3.1,True
NEO123,2025-11-21,101998,12.5,False
NEO124,2025-10-12,70835,4.8,False
NEO125,2025-10-10,246578,10.5,False
NEO126,2025-12-30,236382,13.9,True
NEO127,2025-06-10,146481,5.6,True
NEO128,2025-12-08,141206,10.8,False
NEO129,2025-07-19,197635,14.5,False
NEO130,2025-04-30,59113,12.1,False
NEO131,2025-07-05,264332,10.3,True
NEO132,2025-10-30,232560,12.8,True
NEO133,2025-08-30,80455,4.9,True
NEO134,2025-02-24,212835,7.4,False
NEO135,2025-06-30,280587,13.5,False
NEO136,2025-02-11,155946,12.5,True
NEO137,2025-11-29,299538,13.7,False
NEO138,2025-05-16,287505,4.2,True
NEO139,2025-07-05,126303,5.0,True
NEO140,2025-11-12,221702,8.5,False
NEO141,2025-03-26,173356,13.7,False
NEO142,2025-10-27,93606,10.8,False
NEO143,2025-03-19,131688,3.7,True
NEO144,2025-03-18,217788,6.8,True
NEO145,2025-06-24,189005,7.0,True
NEO146,2025-09-18,150120,11.8,True
NEO147,2025-08-16,260301,6.4,False
NEO148,2025-04-19,154577,14.0,True
NEO149,2025-07-29,118520,12.8,False
NEO150,2025-02-12,272319,11.0,False
NEO151,2025-09-01,203169,11.1,True
NEO152,2025-06-26,271190,11.8,False
NEO153,2025-04-27,158455,11.3,False
NEO154,2025-12-15,202711,4.7,False
NEO155,2025-02-08,296660,14.2,False
NEO156,2025-01-21,177250,14.0,True
NEO157,2025-02-19,200250,4.1,False
NEO158,2025-08-16,261783,8.3,True
NEO159,2025-01-31,182206,11.3,True
NEO160,2025-09-25,294233,9.3,True
NEO161,2025-05-10,149789,6.0,True
NEO162,2025-04-29,193931,14.2,True
NEO163,2025-03-17,83209,6.4,False
NEO164,2025-02-08,88107,10.9,False
NEO165,2025-05-30,63000,11.3,False
NEO166,2025-01-09,134229,10.1,False
NEO167,2025-11-12,73998,12.9,False
NEO168,2025-03-15,270053,3.1,True
NEO169,2025-03-17,122710,6.8,False
NEO170,2025-07-09,32165,12.8,True
NEO171,2025-10-03,268102,13.1,False
NEO172,2025-11-08,152005,4.7,True
NEO173,2025-03-18,53637,8.2,True
NEO174,2025-09-24,215951,5.5,True
NEO175,2025-10-07,56910,13.8,False
NEO176,2025-07-09,125097,13.5,False
NEO177,2025-10-11,98823,8.6,False
NEO178,2025-06-22,170078,5.7,False
NEO179,2025-05-25,275407,8.1,False
NEO180,2025-05-07,97332,8.2,True
NEO181,2025-10-17,43643,12.0,True
NEO182,2025-09-21,106450,4.4,True
NEO183,2025-07-14,189402,5.9,True
NEO184,2025-10-31,260140,4.4,True
NEO185,2025-04-29,220856,10.0,True
NEO186,2025-07-29,90692,13.4,True
NEO187,2025-07-10,263551,6.2,True
NEO188,2025-11-15,89930,10.8,True
NEO189,2025-01-11,231818,4.9,False
NEO190,2025-12-13,104340,8.3,False
NEO191,2025-10-11,287426,6.5,False
NEO192,2025-08-07,252124,6.6,False
NEO193,2025-12-26,197614,8.7,True
NEO194,2025-08-28,236301,6.5,False
NEO195,2025-09-19,245292,14.1,False
NEO196,2025-04-12,198498,14.5,True
NEO197,2025-08-14,203259,12.9,False
NEO198,2025-05-16,265067,5.9,False
NEO199,2025-03-20,273701,12.4,True
NEO200,2025-11-14,81156,11.7,False
NEO201,2025-08-10,293682,12.1,False
NEO202,2025-08-06,294202,4.8,True
NEO203,2025-05-14,124667,5.6,False
NEO204,2025-09-18,252532,9.5,False
NEO205,2025-01-27,49011,14.3,True
NEO206,2025-08-18,166570,12.7,True
NEO207,2025-06-30,283267,6.4,True
NEO208,2025-12-22,285595,3.6,True
NEO209,2025-12-01,216187,14.6,False
NEO210,2025-05-31,184109,5.4,False
NEO211,2025-10-26,291181,11.7,True
NEO212,2025-12-04,46587,11.7,False
NEO213,2025-11-26,188476,11.3,True
NEO214,2025-05-07,264168,5.6,False
NEO215,2025-03-24,242176,12.5,True
NEO216,2025-08-18,223259,5.6,False
NEO217,2025-05-18,238426,11.9,False
NEO218,2025-05-04,163810,11.3,False
NEO219,2025-10-18,205354,13.5,True
NEO220,2025-05-27,112780,11.0,False
NEO221,2025-09-06,183957,11.4,False
NEO222,2025-08-15,232400,10.2,False
NEO223,2025-09-03,129808,9.3,True
NEO224,2025-08-16,220952,9.6,True
NEO225,2025-05-27,215659,7.7,True
NEO226,2025-01-31,61980,11.0,False
NEO227,2025-09-15,186820,10.3,True
NEO228,2025-09-04,276721,3.5,False
NEO229,2025-09-09,131696,5.2,True
NEO230,2025-08-07,207952,12.4,True
NEO231,2025-05-12,234349,10.4,False
NEO232,2025-10-11,181998,4.9,False
NEO233,2025-03-12,125402,11.9,False
NEO234,2025-11-04,158166,11.2,False
NEO235,2025-06-18,105248,11.4,True
NEO236,2025-02-14,290547,12.3,True
NEO237,2025-07-01,286530,10.1,False
NEO238,2025-08-10,148464,7.7,False
NEO239,2025-08-01,287595,11.9,True
NEO240,2025-08-17,247468,3.7,False
NEO241,2025-06-10,298067,9.6,True
NEO242,2025-01-20,85820,10.4,True
NEO243,2025-03-20,286475,6.1,True
NEO244,2025-07-10,224356,13.7,True
NEO245,2025-04-06,64982,12.9,True
NEO246,2025-09-24,211963,13.1,True
NEO247,2025-06-02,267540,14.3,False
NEO248,2025-12-31,216394,9.0,False
NEO249,2025-07-14,209079,6.6,True
NEO250,2025-09-10,245264,4.8,False
NEO251,2025-11-04,150873,6.0,True
NEO252,2025-07-21,249503,5.8,False
NEO253,2025-07-01,104064,6.5,False
NEO254,2025-03-21,79445,13.5,True
NEO255,2025-10-22,128758,11.7,True
NEO256,2025-12-08,180131,11.1,True
NEO257,2025-07-27,90369,7.8,False
NEO258,2025-05-28,37741,9.5,False
NEO259,2025-03-06,229597,3.6,True
NEO260,2025-02-10,97366,14.5,False
NEO261,2025-09-23,189701,9.3,False
NEO262,2025-10-05,200904,13.8,True
NEO263,2025-01-06,247584,4.5,False
NEO264,2025-05-01,126608,10.7,False
NEO265,2025-10-22,164783,3.3,False
NEO266,2025-12-08,193092,11.7,True
NEO267,2025-06-04,99978,12.0,True
NEO268,2025-11-13,248118,4.1,False
NEO269,2025-10-26,278156,9.0,False
NEO270,2025-09-13,95557,5.0,False
NEO271,2025-12-27,246258,6.8,False
NEO272,2025-04-27,289675,12.7,False
NEO273,2025-05-05,156903,14.8,False
NEO274,2025-04-07,161878,10.9,True
NEO275,2025-12-27,63203,9.7,True
NEO276,2025-02-26,205730,6.0,True
NEO277,2025-12-11,43495,14.8,True
NEO278,2025-05-07,150713,14.4,True
NEO279,2025-10-08,299553,4.9,True
NEO280,2025-02-24,232798,8.8,False
NEO281,2025-02-16,246086,5.2,True
NEO282,2025-01-24,286180,3.5,True
NEO283,2025-12-05,101837,10.3,True
NEO284,2025-12-01,152872,5.4,True
NEO285,2025-05-28,234366,14.8,False
NEO286,2025-10-29,95093,3.8,True
NEO287,2025-08-28,93482,12.0,False
NEO288,2025-10-13,188735,11.4,False
NEO289,2025-01-09,181392,12.3,False
NEO290,2025-05-18,258620,4.1,False
NEO291,2025-04-26,77504,5.2,True
NEO292,2025-06-28,251067,8.0,True
NEO293,2025-12-14,242481,14.3,True
NEO294,2025-01-14,222987,12.0,False
NEO295,2025-11-22,149030,11.9,False
NEO296,2025-01-20,94158,4.3,False
NEO297,2025-02-02,79851,14.8,True
NEO298,2025-10-01,107245,7.6,True
NEO299,2025-08-22,211371,11.8,False
NEO300,2025-10-06,31233,3.1,False
NEO301,2025-01-25,160947,7.8,True
NEO302,2025-01-20,224719,5.1,False
NEO303,2025-11-12,150284,10.1,True
NEO304,2025-07-27,150264,5.2,True
NEO305,2025-10-14,186521,12.1,True
NEO306,2025-05-11,279433,5.6,True
NEO307,2025-05-05,177548,8.0,True
NEO308,2025-06-02,54002,3.2,True
NEO309,2025-06-26,231916,12.5,True
NEO310,2025-08-17,280010,7.9,False
NEO311,2025-12-22,130693,7.1,False
NEO312,2025-02-12,252730,14.5,False
NEO313,2025-08-07,95621,13.5,False
NEO314,2025-11-17,184228,13.2,True
NEO315,2025-09-29,36006,14.5,False
NEO316,2025-03-29,262158,5.9,False
NEO317,2025-02-12,282508,12.6,True
NEO318,2025-02-08,73788,12.5,True
NEO319,2025-09-04,263583,6.5,False
NEO320,2025-02-04,94641,4.4,False
NEO321,2025-01-11,270846,9.8,False
NEO322,2025-01-04,220783,7.1,False
NEO323,2025-12-21,125415,10.5,False
NEO324,2025-03-17,91618,5.6,True
NEO325,2025-03-02,266097,6.5,True
NEO326,2025-08-29,192336,4.3,True
NEO327,2025-10-29,37077,8.1,True
NEO328,2025-09-08,251856,14.3,True
NEO329,2025-08-17,266726,5.7,True
NEO330,2025-10-23,245692,14.1,False
NEO331,2025-08-24,68038,7.0,False
NEO332,2025-09-29,132977,6.2,False
NEO333,2025-02-25,143460,12.8,False
NEO334,2025-09-09,217008,8.1,True
NEO335,2025-07-23,290163,9.0,True
NEO336,2025-06-02,249040,4.9,True
NEO337,2025-10-29,92211,4.0,True
NEO338,2025-03-31,239533,11.6,False
NEO339,2025-11-03,170603,5.5,True
NEO340,2025-02-21,120595,5.6,False
NEO341,2025-04-28,40618,13.6,True
NEO342,2025-08-21,39572,11.9,False
NEO343,2025-02-10,171103,4.6,True
NEO344,2025-02-13,293060,8.0,True
NEO345,2025-06-10,196896,5.3,True
NEO346,2025-08-08,168278,14.6,True
NEO347,2025-05-20,155113,5.4,False
NEO348,2025-01-04,118863,9.7,True
NEO349,2025-06-18,255395,8.0,True
NEO350,2025-02-17,138108,6.6,False
NEO351,2025-11-20,205906,3.6,False
NEO352,2025-01-11,94261,12.1,False
NEO353,2025-01-07,50781,8.6,True
NEO354,2025-11-04,280513,14.7,True
NEO355,2025-04-26,141690,12.4,True
NEO356,2025-08-16,170144,11.2,True
NEO357,2025-05-27,100436,6.5,False
NEO358,2025-01-13,222824,6.0,False
NEO359,2025-05-29,130713,6.2,False
NEO360,2025-04-09,45131,6.1,True
NEO361,2025-07-09,75395,6.1,False
NEO362,2025-05-01,60999,4.0,False
NEO363,2025-12-10,80257,12.0,False
NEO364,2025-05-01,33240,12.7,True
NEO365,2025-09-04,178140,14.4,True
NEO366,2025-07-05,297523,14.7,True
NEO367,2025-02-17,267091,10.9,False
NEO368,2025-02-07,267789,10.8,False
NEO369,2025-10-10,68682,4.0,True
NEO370,2025-04-12,63013,12.9,False
NEO371,2025-06-07,287418,7.8,False
NEO372,2025-08-25,234312,14.4,True
NEO373,2025-10-19,267385,13.7,True
NEO374,2025-10-09,273113,5.2,True
NEO375,2025-11-15,136234,3.9,True
NEO376,2025-02-02,217120,6.0,False
NEO377,2025-02-14,207731,5.4,True
NEO378,2025-09-10,68793,5.1,False
NEO379,2025-12-03,252768,3.5,True
NEO380,2025-08-12,119297,10.0,True
NEO381,2025-03-08,172864,8.9,True
NEO382,2025-12-24,35852,6.6,False
NEO383,2025-11-09,85754,14.4,True
NEO384,2025-08-23,237548,4.0,False
NEO385,2025-06-08,115018,13.7,True
NEO386,2025-08-21,248334,11.8,False
NEO387,2025-05-07,36251,4.0,True
NEO388,2025-10-20,133115,3.1,False
NEO389,2025-08-28,220828,7.6,True
NEO390,2025-05-13,157119,11.3,False
NEO391,2025-08-26,158762,14.2,False
NEO392,2025-08-25,88982,11.5,False
NEO393,2025-07-01,178834,3.2,True
NEO394,2025-11-13,168112,14.1,False
NEO395,2025-01-09,200027,7.1,True
NEO396,2025-01-26,157736,7.4,False
NEO397,2025-12-10,236861,11.1,True
NEO398,2025-12-16,131185,10.6,False
NEO399,2025-03-15,285034,10.6,True
NEO400,2025-05-13,136017,14.8,False
NEO401,2025-05-14,92597,12.7,True
NEO402,2025-03-13,149624,6.9,False
NEO403,2025-12-06,123924,6.3,True
NEO404,2025-05-28,142957,12.1,False
NEO405,2025-03-01,274894,12.3,False
NEO406,2025-03-08,197853,10.2,True
NEO407,2025-12-12,292098,12.0,False
NEO408,2025-11-22,278048,13.5,True
NEO409,2025-12-24,93068,6.0,True
NEO410,2025-08-09,86907,8.5,False
NEO411,2025-08-03,127993,6.5,True
NEO412,2025-03-21,275813,10.0,False
NEO413,2025-06-19,246261,7.3,True
NEO414,2025-06-09,56747,5.3,False
NEO415,2025-07-22,206968,11.2,True
NEO416,2025-09-17,290331,7.7,True
NEO417,2025-05-06,101682,12.1,False
NEO418,2025-09-13,38585,4.9,True
NEO419,2025-03-13,100798,5.1,True
NEO420,2025-11-08,165421,6.5,True
NEO421,2025-02-06,119014,9.2,True
NEO422,2025-12-23,179790,7.5,True
NEO423,2025-02-02,74160,9.5,True
NEO424,2025-03-11,141581,5.8,False
NEO425,2025-06-29,171937,11.9,True
NEO426,2025-05-12,206976,4.1,True
NEO427,2025-08-23,237235,3.7,False
NEO428,2025-12-31,184120,4.4,True
NEO429,2025-04-11,62575,7.6,False
NEO430,2025-05-08,170789,10.2,False
NEO431,2025-08-26,188804,5.8,False
NEO432,2025-04-11,129813,9.7,False
NEO433,2025-02-10,264657,14.4,False
NEO434,2026-01-01,213403,6.0,True
NEO435,2025-03-21,173435,9.0,True
NEO436,2025-11-01,89774,9.0,False
NEO437,2025-08-14,288454,8.7,False
NEO438,2025-05-04,294007,15.0,False
NEO439,2025-08-05,127023,12.1,False
NEO440,2025-03-02,35001,13.4,False
NEO441,2025-03-29,241787,9.9,False
NEO442,2025-12-11,215073,6.4,True
NEO443,2025-06-23,90138,9.1,False
NEO444,2025-07-12,35304,6.2,False
NEO445,2025-07-27,80458,5.4,False
NEO446,2025-08-27,228727,13.1,True
NEO447,2025-10-14,264192,5.3,True
NEO448,2025-12-18,251116,9.1,True
NEO449,2025-04-25,98267,4.4,True
NEO450,2025-02-28,284962,12.5,False
NEO451,2025-10-11,187015,13.8,False
NEO452,2025-07-07,275588,7.1,True
NEO453,2025-12-20,150837,7.1,True
NEO454,2025-05-20,44185,9.6,False
NEO455,2025-04-12,179901,13.9,True
NEO456,2025-05-11,55444,13.2,True
NEO457,2025-05-26,188512,4.1,False
NEO458,2025-05-20,140904,8.1,False
NEO459,2025-10-01,208560,6.7,False
NEO460,2025-05-24,84677,14.7,True
NEO461,2025-07-16,147391,5.5,True
NEO462,2025-05-07,200247,10.4,True
NEO463,2025-01-07,123845,11.4,False
NEO464,2025-05-14,64490,7.3,True
NEO465,2025-04-25,44066,3.5,True
NEO466,2025-01-11,230281,7.9,False
NEO467,2025-07-03,230364,14.1,True
NEO468,2025-09-19,67150,5.7,False
NEO469,2025-06-06,205733,12.7,False
NEO470,2025-12-03,279314,3.2,True
NEO471,2025-01-03,122003,7.4,False
NEO472,2025-07-05,118701,5.1,True
NEO473,2025-07-30,54983,7.7,False
NEO474,2025-12-23,121867,6.2,True
NEO475,2025-05-08,117389,11.0,True
NEO476,2025-11-09,267015,9.2,True
NEO477,2025-09-22,210239,10.2,False
NEO478,2025-01-03,241704,8.3,False
NEO479,2025-10-15,37736,6.0,True
NEO480,2025-07-03,188534,11.9,False
NEO481,2025-03-27,210257,9.5,False
NEO482,2025-08-01,122998,10.3,False
NEO483,2025-06-12,172586,5.9,False
NEO484,2025-04-14,135605,5.7,True
NEO485,2025-12-01,88305,11.6,True
NEO486,2025-09-07,269664,8.7,True
NEO487,2025-06-21,142132,11.8,True
NEO488,2025-11-21,198125,3.5,False
NEO489,2025-09-07,199240,13.0,True
NEO490,2025-06-30,165738,7.2,False
NEO491,2025-10-16,189180,3.5,True
NEO492,2025-06-19,50268,6.7,False
NEO493,2025-12-09,42490,12.9,True
NEO494,2025-04-02,49168,9.6,False
NEO495,2025-07-26,198690,8.7,False
NEO496,2025-09-16,113183,6.4,True
NEO497,2025-10-27,259803,14.2,True
NEO498,2025-04-14,191155,5.1,True
NEO499,2025-09-29,272555,4.7,True
NEO500,2025-05-28,150461,5.0,True
NEO501,2025-12-06,121432,5.1,False
NEO502,2025-10-28,204596,8.0,False
NEO503,2025-02-09,209500,9.9,True
NEO504,2025-05-04,86431,4.6,False
NEO505,2025-02-11,136900,9.4,False
NEO506,2025-10-17,94252,7.1,True
NEO507,2025-10-09,154807,13.3,True
NEO508,2025-04-06,271233,9.1,True
NEO509,2025-09-19,111563,13.3,True
NEO510,2025-05-08,115290,14.5,False
NEO511,2025-12-22,179380,7.8,True
NEO512,2025-03-17,38053,12.0,True
NEO513,2025-03-18,203536,7.2,False
NEO514,2025-09-06,62689,8.5,True
NEO515,2025-08-27,121075,11.3,True
NEO516,2025-09-16,235751,6.3,True
NEO517,2025-12-24,53780,5.6,False
NEO518,2025-06-24,193959,3.9,True
NEO519,2025-11-24,106339,6.7,False
NEO520,2025-01-26,114934,13.8,False
NEO521,2025-04-26,86881,12.6,False
NEO522,2025-12-17,252034,7.2,False
NEO523,2025-06-08,244451,6.7,False
NEO524,2025-10-25,223310,6.7,False
NEO525,2025-11-27,204594,14.8,False
NEO526,2025-09-03,219041,5.6,True
NEO527,2025-06-21,32561,3.7,False
NEO528,2025-03-03,102285,8.9,True
NEO529,2025-08-31,190292,12.7,True
NEO530,2025-02-01,69739,4.9,False
NEO531,2025-03-14,299616,10.3,True
NEO532,2025-12-06,217040,6.7,False
NEO533,2025-11-03,106750,4.8,False
NEO534,2025-02-01,285946,10.4,False
NEO535,2025-05-20,281717,13.5,False
NEO536,2025-08-04,178777,11.3,False
NEO537,2025-12-07,270997,5.2,True
NEO538,2025-06-01,215959,7.1,False
NEO539,2025-07-10,72318,5.9,True
NEO540,2025-08-22,218183,9.7,False
NEO541,2025-08-28,220333,8.0,False
NEO542,2025-03-22,123927,8.2,True
NEO543,2025-03-17,278975,9.6,False
NEO544,2025-07-11,206671,14.6,True
NEO545,2025-06-11,70867,9.6,False
NEO546,2025-05-13,143683,14.1,False
NEO547,2025-03-21,140359,6.5,True
NEO548,2025-04-06,144236,7.3,False
NEO549,2025-09-24,146051,14.9,True
NEO550,2025-04-14,294451,12.6,False
NEO551,2025-08-27,128389,13.3,True
NEO552,2025-06-21,119557,10.2,True
NEO553,2025-11-08,242427,13.0,True
NEO554,2025-11-07,144076,3.3,False
NEO555,2025-09-01,285057,13.0,False
NEO556,2025-03-29,133918,3.5,True
NEO557,2025-05-31,118256,6.7,True
NEO558,2025-03-04,103684,8.5,False
NEO559,2025-09-30,105308,7.9,False
NEO560,2026-01-01,204528,10.0,True
NEO561,2025-11-12,261599,10.9,False
NEO562,2025-03-27,154786,10.3,False
NEO563,2025-06-17,35558,7.7,True
NEO564,2025-09-17,65478,12.8,True
NEO565,2026-01-01,67116,3.6,False
NEO566,2025-08-17,239675,10.8,True
NEO567,2025-09-07,89240,4.4,True
NEO568,2025-03-09,186066,3.4,True
NEO569,2025-07-15,72781,12.7,True
NEO570,2025-09-12,193360,11.6,True
NEO571,2025-07-27,217623,14.3,False
NEO572,2025-03-16,187998,6.8,False
NEO573,2025-02-12,92042,7.5,False
NEO574,2025-01-16,119176,8.1,True
NEO575,2025-05-24,198988,13.0,True
NEO576,2025-02-11,294483,8.8,True
NEO577,2025-05-04,202381,9.4,False
NEO578,2025-12-29,67991,13.4,False
NEO579,2025-01-24,95501,11.2,True
NEO580,2025-06-04,279263,11.1,False
NEO581,2025-06-28,68817,9.5,False
NEO582,2025-09-08,282044,6.7,False
NEO583,2025-12-24,32489,6.6,True
NEO584,2025-12-14,297604,11.4,True
NEO585,2025-12-14,134183,4.2,False
NEO586,2025-10-12,184583,12.1,True
NEO587,2025-05-24,67837,13.1,True
NEO588,2025-01-17,78995,9.2,False
NEO589,2025-11-25,118138,4.1,False
NEO590,2025-10-19,291606,10.7,True
NEO591,2025-05-05,271602,8.3,True
NEO592,2025-11-04,192148,5.3,True
NEO593,2025-01-21,160628,12.5,False
NEO594,2025-07-31,200655,6.9,True
NEO595,2025-12-11,162290,14.3,True
NEO596,2025-03-16,209940,10.8,False
NEO597,2025-08-14,250096,11.7,True
NEO598,2025-09-10,217685,10.0,True
NEO599,2025-04-26,101913,7.8,True
NEO600,2025-05-16,56746,13.3,True
NEO601,2025-03-04,202597,5.5,True
NEO602,2025-04-10,82587,11.2,False
NEO603,2025-08-23,299177,9.1,False
NEO604,2025-04-11,30181,13.6,True
NEO605,2025-06-18,201635,5.5,True
NEO606,2025-06-02,284528,9.2,False
NEO607,2025-02-16,171366,13.7,True
NEO608,2025-01-09,278158,13.6,False
NEO609,2025-11-28,282272,13.2,False
NEO610,2025-10-17,182002,13.6,False
NEO611,2025-05-19,288050,8.2,False
NEO612,2025-01-21,36239,13.2,False
NEO613,2025-07-09,235817,4.2,False
NEO614,2025-07-25,154165,4.2,True
NEO615,2025-07-26,77177,11.3,False
NEO616,2025-03-17,103273,3.8,False
NEO617,2025-04-22,261833,7.0,False
NEO618,2025-01-29,189549,4.9,True
NEO619,2025-11-21,148687,8.8,False
NEO620,2025-11-11,293829,6.9,True
NEO621,2025-05-26,217862,5.0,True
NEO622,2025-11-06,181516,11.3,True
NEO623,2025-08-28,159412,8.2,True
NEO624,2025-04-23,224871,5.9,False
NEO625,2025-02-24,117803,14.2,True
NEO626,2025-08-25,146861,9.6,True
NEO627,2025-07-25,294548,5.2,True
NEO628,2025-12-05,115833,8.1,True
NEO629,2025-04-28,138715,5.0,True
NEO630,2025-05-22,153715,4.5,False
NEO631,2025-01-19,294621,3.2,False
NEO632,2025-04-22,242929,14.7,True
NEO633,2025-04-27,261817,13.1,False
NEO634,2025-02-21,153974,5.0,False
NEO635,2025-10-20,294583,9.2,True
NEO636,2025-04-23,221640,13.8,False
NEO637,2025-12-14,291478,7.2,True
NEO638,2025-11-26,97464,7.4,True
NEO639,2025-12-22,283502,7.4,False
NEO640,2025-06-13,289281,14.5,False
NEO641,2025-08-04,186027,12.4,True
NEO642,2025-12-26,160706,13.0,True
NEO643,2025-12-04,119467,13.2,True
NEO644,2025-02-21,197790,5.8,False
NEO645,2025-06-06,72239,3.6,False
NEO646,2025-01-31,270360,9.4,True
NEO647,2025-04-16,271194,12.4,False
NEO648,2025-05-03,212584,12.7,False
NEO649,2025-10-09,86945,3.9,True
NEO650,2025-12-30,48338,3.1,True
NEO651,2025-03-28,144179,5.6,True
NEO652,2025-04-20,188097,14.9,False
NEO653,2025-01-23,35157,12.6,True
NEO654,2025-08-11,118586,3.2,True
NEO655,2025-03-10,64422,3.7,False
NEO656,2025-04-06,69893,12.0,False
NEO657,2025-10-18,206981,4.5,True
NEO658,2025-02-17,290656,14.1,True
NEO659,2025-10-24,103286,3.1,True
NEO660,2025-08-28,262511,5.7,False
NEO661,2025-02-17,280802,10.0,False
NEO662,2025-08-29,92146,13.7,True
NEO663,2025-01-09,75931,10.6,True
NEO664,2025-10-06,92613,12.3,True
NEO665,2025-09-16,55728,8.9,False
NEO666,2025-07-23,164415,4.6,True
NEO667,2025-10-24,276745,6.7,False
NEO668,2025-10-30,189014,5.1,False
NEO669,2025-08-19,30127,12.5,True
NEO670,2025-01-07,101460,4.2,True
NEO671,2025-05-01,244115,15.0,True
NEO672,2025-11-29,116864,9.5,True
NEO673,2025-08-14,172425,4.0,False
NEO674,2025-10-16,124139,6.5,True
NEO675,2025-09-24,255415,5.4,False
NEO676,2025-05-21,191718,7.7,True
NEO677,2025-06-12,151647,13.0,True
NEO678,2025-02-25,199568,4.9,False
NEO679,2025-10-05,102221,6.7,False
NEO680,2025-03-25,171019,6.4,False
NEO681,2025-10-23,125847,14.8,True
NEO682,2025-10-13,225616,5.9,False
NEO683,2025-05-11,77378,5.6,False
NEO684,2025-11-23,141903,8.5,True
NEO685,2025-12-20,82574,7.5,True
NEO686,2025-08-06,150933,11.4,True
NEO687,2025-08-13,69638,10.9,False
NEO688,2025-03-26,181065,11.4,False
NEO689,2025-12-03,96963,8.5,False
NEO690,2025-05-31,104078,6.9,False
NEO691,2025-09-05,124978,13.7,True
NEO692,2025-06-14,251659,5.1,True
NEO693,2025-10-26,209796,13.0,False
NEO694,2025-02-10,263094,8.0,True
NEO695,2025-05-12,114791,12.3,True
NEO696,2025-08-09,237040,13.7,True
NEO697,2025-04-03,259296,11.9,True
NEO698,2025-10-15,139590,9.6,False
NEO699,2025-03-13,93853,5.0,True
NEO700,2025-01-13,83256,9.5,False
NEO701,2025-06-07,178687,7.2,False
NEO702,2025-10-03,113968,7.9,True
NEO703,2025-08-21,169087,14.9,True
NEO704,2025-09-01,139859,14.5,True
NEO705,2025-07-20,276132,8.4,False
NEO706,2025-04-04,279128,14.1,False
NEO707,2025-08-23,172988,8.4,True
NEO708,2025-08-04,63623,14.2,False
NEO709,2025-10-28,286701,9.9,True
NEO710,2025-01-24,297242,13.3,False
NEO711,2025-12-12,219735,8.9,False
NEO712,2025-04-19,97531,4.6,False
NEO713,2025-09-19,117413,11.5,True
NEO714,2025-10-19,204750,8.9,False
NEO715,2025-10-10,166900,8.9,True
NEO716,2025-08-09,289443,8.9,False
NEO717,2025-05-21,159225,8.9,False
NEO718,2025-02-08,265229,5.0,True
NEO719,2025-02-12,81398,10.7,False
NEO720,2025-03-30,149639,11.1,True
NEO721,2025-03-03,93419,8.0,True
NEO722,2025-09-18,116965,8.6,False
NEO723,2025-01-30,146360,7.5,True
NEO724,2025-05-11,103274,6.4,False
NEO725,2025-02-21,78124,10.3,False
NEO726,2025-04-28,134766,9.6,True
NEO727,2025-11-04,189588,13.6,False
NEO728,2025-06-14,92970,10.2,True
NEO729,2025-04-26,198352,10.9,False
NEO730,2025-07-11,263595,9.5,True
NEO731,2025-05-07,200235,9.4,True
NEO732,2025-03-23,264822,14.6,True
NEO733,2025-04-10,179055,12.1,True
NEO734,2025-08-21,295454,9.3,False
NEO735,2025-08-13,92467,8.1,False
NEO736,2025-09-08,228230,11.5,True
NEO737,2025-05-15,206940,9.8,False
NEO738,2025-01-28,101463,13.6,False
NEO739,2025-08-22,255922,12.2,False
NEO740,2025-08-27,185684,13.2,True
NEO741,2025-10-24,247082,6.9,True
NEO742,2025-04-13,250605,11.6,False
NEO743,2025-09-25,188299,6.8,True
NEO744,2025-10-28,34831,5.7,False
NEO745,2025-06-16,85758,12.0,True
NEO746,2025-03-06,297263,9.4,False
NEO747,2025-03-06,35916,13.0,True
NEO748,2025-10-10,260981,10.9,False
NEO749,2025-10-01,216561,9.6,False
NEO750,2025-09-15,112539,10.2,True
NEO751,2025-10-26,172107,14.0,False
NEO752,2025-03-23,181073,8.3,False
NEO753,2025-08-04,186960,5.7,True
NEO754,2025-02-12,224797,6.4,False
NEO755,2025-11-23,287363,5.9,False
NEO756,2025-01-17,108419,7.6,False
NEO757,2025-08-08,293742,8.9,False
NEO758,2025-08-10,239605,11.8,False
NEO759,2025-08-12,181469,5.8,True
NEO760,2025-10-24,56844,6.5,False
NEO761,2025-05-02,195425,13.6,False
NEO762,2025-04-16,252629,9.6,False
NEO763,2025-10-04,35292,7.7,True
NEO764,2025-03-10,96081,9.0,False
NEO765,2025-05-08,284832,11.8,False
NEO766,2025-03-23,266761,13.9,True
NEO767,2025-12-14,239778,7.7,True
NEO768,2025-10-02,269069,9.2,True
NEO769,2025-01-02,89562,5.5,True
NEO770,2025-08-24,73954,5.1,True
NEO771,2025-07-19,182437,3.9,True
NEO772,2025-10-16,183958,10.4,False
NEO773,2025-07-16,275133,14.7,False
NEO774,2025-08-11,43349,5.6,True
NEO775,2025-11-02,277641,9.8,False
NEO776,2025-07-11,242594,3.7,False
NEO777,2025-09-28,168910,10.6,False
NEO778,2025-08-24,65917,6.1,False
NEO779,2025-03-18,240268,5.1,True
NEO780,2025-10-28,276199,3.5,True
NEO781,2025-02-15,223550,8.3,True
NEO782,2025-02-16,214061,4.9,False
NEO783,2025-01-03,124799,14.0,True
NEO784,2025-07-26,282402,13.3,False
NEO785,2025-11-18,30873,11.2,False
NEO786,2025-04-16,42857,11.0,False
NEO787,2025-07-21,60683,10.8,False
NEO788,2025-11-05,108872,8.0,True
NEO789,2025-02-05,33851,9.3,False
NEO790,2025-01-26,167922,12.8,False
NEO791,2025-04-10,286439,8.1,False
NEO792,2025-10-29,268160,12.4,False
NEO793,2025-08-05,102013,9.6,True
NEO794,2025-07-10,82152,11.9,False
NEO795,2025-12-21,143861,9.7,False
NEO796,2025-02-21,168900,12.5,True
NEO797,2025-03-18,224272,7.5,True
NEO798,2025-11-07,161881,9.1,True
NEO799,2025-05-12,40927,13.7,True
NEO800,2025-01-13,60103,7.1,False
NEO801,2025-03-31,240317,8.8,False
NEO802,2025-06-18,103556,11.8,False
NEO803,2025-07-09,248771,11.7,False
NEO804,2025-01-16,248373,12.3,False
NEO805,2025-10-26,168517,14.5,True
NEO806,2025-05-01,203670,12.4,True
NEO807,2025-04-02,94911,6.1,True
NEO808,2025-06-15,65329,8.7,False
NEO809,2025-11-13,247259,9.6,True
NEO810,2025-01-20,119429,5.2,True
NEO811,2025-12-17,203272,7.9,False
NEO812,2025-06-28,114575,8.2,True
NEO813,2025-07-19,213271,5.5,True
NEO814,2025-07-17,265166,14.0,True
NEO815,2025-09-02,183302,9.9,False
NEO816,2025-09-14,255749,8.1,True
NEO817,2025-11-22,268655,12.5,True
NEO818,2025-06-05,162714,7.0,True
NEO819,2025-04-30,162686,14.9,False
NEO820,2025-06-08,107967,15.0,False
NEO821,2025-01-13,254605,9.9,True
NEO822,2025-01-05,36890,4.9,True
NEO823,2025-03-07,155538,13.6,True
NEO824,2025-04-15,183409,8.2,True
NEO825,2025-07-02,208787,10.7,True
NEO826,2025-01-03,217439,12.0,False
NEO827,2025-10-13,101005,12.9,True
NEO828,2025-08-11,134617,8.5,True
NEO829,2025-03-19,96004,3.3,True
NEO830,2025-03-01,166993,8.2,False
NEO831,2025-03-08,106141,11.4,False
NEO832,2025-11-30,155784,14.3,False
NEO833,2025-07-01,279047,8.4,False
NEO834,2025-08-06,277236,8.2,True
NEO835,2025-08-25,252041,11.3,True
NEO836,2025-12-16,271944,5.7,False
NEO837,2025-10-04,113949,12.5,True
NEO838,2025-08-21,150847,12.3,True
NEO839,2025-12-04,273616,9.9,False
NEO840,2025-02-19,137487,9.3,False
NEO841,2025-10-24,213076,7.2,False
NEO842,2025-11-07,235091,5.4,True
NEO843,2025-11-20,96613,4.6,True
NEO844,2025-10-28,203390,14.8,True
NEO845,2025-12-28,286607,11.5,True
NEO846,2025-06-17,110178,7.9,False
NEO847,2025-10-26,259488,13.7,True
NEO848,2025-01-10,277625,11.9,False
NEO849,2025-10-02,83163,12.6,False
NEO850,2025-09-09,107250,7.9,False
NEO851,2025-01-14,217749,8.7,True
NEO852,2025-02-17,215526,9.7,True
NEO853,2025-06-04,277696,4.7,True
NEO854,2025-10-15,269699,9.0,False
NEO855,2025-08-16,66282,5.7,True
NEO856,2025-04-01,165621,10.3,False
NEO857,2025-06-23,56326,14.7,True
NEO858,2025-01-18,53780,8.6,False
NEO859,2025-10-18,246824,12.8,True
NEO860,2025-01-04,224703,4.9,False
NEO861,2025-12-29,116352,11.8,True
NEO862,2025-02-19,88208,8.9,False
NEO863,2025-01-17,172919,6.3,False
NEO864,2025-11-13,289976,5.8,True
NEO865,2025-08-30,235255,10.4,False
NEO866,2025-07-10,148004,10.8,False
NEO867,2025-08-09,194891,10.0,True
NEO868,2025-02-10,165717,5.7,True
NEO869,2025-08-03,102944,11.2,True
NEO870,2025-01-12,189416,11.0,True
NEO871,2025-01-29,72776,7.3,False
NEO872,2025-01-23,250880,11.8,False
NEO873,2025-11-03,45526,3.9,True
NEO874,2025-06-30,212512,9.8,False
NEO875,2025-06-28,110898,12.3,False
NEO876,2025-11-08,269896,10.7,False
NEO877,2025-06-18,107348,10.0,False
NEO878,2025-02-03,140675,5.0,False
NEO879,2025-09-17,293476,8.5,False
NEO880,2025-08-20,277106,10.8,True
NEO881,2025-04-07,281293,7.9,True
NEO882,2025-09-29,160269,9.6,False
NEO883,2025-07-21,271879,11.5,True
NEO884,2025-12-24,33205,14.8,False
NEO885,2025-06-26,77662,5.8,True
NEO886,2025-10-17,260342,13.6,False
NEO887,2025-10-28,137319,11.1,True
NEO888,2025-04-12,129575,5.3,True
NEO889,2025-03-31,193445,14.5,True
NEO890,2025-01-16,78270,10.1,False
NEO891,2025-06-02,131366,4.6,True
NEO892,2025-05-02,247276,12.6,True
NEO893,2025-12-31,217567,4.9,False
NEO894,2025-08-28,146755,8.4,False
NEO895,2025-08-14,214343,5.6,False
NEO896,2025-06-03,79080,5.8,True
NEO897,2025-09-22,230030,7.6,False
NEO898,2025-10-05,268880,12.1,False
NEO899,2025-07-18,121068,9.8,False
NEO900,2025-09-06,98396,7.5,False
NEO901,2025-02-15,236810,3.8,True
NEO902,2025-07-13,146941,14.7,False
NEO903,2025-12-21,230757,13.4,False
NEO904,2025-08-04,283661,10.0,True
NEO905,2025-04-19,198377,9.8,False
NEO906,2025-04-14,159092,13.6,True
NEO907,2025-07-10,290410,9.8,False
NEO908,2025-02-02,101242,12.4,False
NEO909,2025-02-07,166098,7.3,True
NEO910,2025-07-31,174726,13.2,False
NEO911,2025-07-13,296880,10.9,True
NEO912,2025-07-13,151919,10.9,False
NEO913,2025-06-22,223018,8.9,True
NEO914,2025-09-24,118597,4.5,False
NEO915,2025-02-12,187437,4.0,False
NEO916,2025-05-08,292758,14.1,True
NEO917,2025-05-18,68849,7.6,False
NEO918,2025-07-05,192856,7.5,True
NEO919,2025-04-20,267691,14.6,True
NEO920,2025-02-06,143037,12.7,False
NEO921,2025-01-23,73495,8.9,False
NEO922,2025-08-05,299822,4.6,True
NEO923,2025-04-19,154430,14.6,False
NEO924,2025-01-06,225466,10.8,False
NEO925,2025-12-22,226480,13.9,True
NEO926,2025-07-15,272345,11.9,True
NEO927,2025-09-09,30041,11.1,True
NEO928,2025-05-08,298156,9.5,True
NEO929,2025-10-10,113102,5.1,True
NEO930,2025-08-17,270188,3.6,False
NEO931,2025-05-10,103018,5.0,True
NEO932,2025-09-29,156851,10.3,False
NEO933,2025-07-24,109062,12.9,True
NEO934,2025-09-10,296399,13.2,True
NEO935,2025-08-21,225095,11.0,False
NEO936,2025-08-08,106276,12.5,False
NEO937,2025-09-02,93896,4.1,True
NEO938,2025-05-13,174301,7.3,False
NEO939,2025-03-08,268131,10.3,True
NEO940,2025-10-01,262334,12.0,False
NEO941,2025-11-09,59681,4.1,False
NEO942,2025-11-10,107761,14.2,False
NEO943,2025-11-15,42637,8.1,True
NEO944,2025-06-15,186757,11.4,True
NEO945,2025-03-20,80758,13.2,False
NEO946,2025-08-20,262467,14.1,False
NEO947,2025-08-06,258535,4.4,False
NEO948,2025-12-30,128590,5.5,True
NEO949,2025-04-15,184040,7.9,False
NEO950,2025-06-30,142829,12.7,True
NEO951,2025-02-28,218802,3.3,False
NEO952,2025-06-07,121980,11.6,False
NEO953,2025-04-09,145085,13.7,True
NEO954,2025-12-18,195539,14.9,False
NEO955,2025-07-09,31286,13.0,True
NEO956,2025-03-12,200340,7.0,True
NEO957,2025-07-11,253243,9.9,False
NEO958,2025-11-18,38324,10.8,True
NEO959,2025-03-06,267452,13.5,True
NEO960,2025-05-18,126756,8.0,False
NEO961,2025-06-13,148760,12.3,False
NEO962,2025-03-08,163543,8.2,False
NEO963,2025-04-29,129945,3.0,False
NEO964,2025-12-31,134639,8.5,True
NEO965,2025-12-28,56597,9.2,True
NEO966,2025-05-03,228722,12.6,False
NEO967,2025-06-04,158542,14.6,False
NEO968,2025-02-25,163930,13.6,False
NEO969,2025-04-25,165010,5.2,False
NEO970,2025-11-29,53973,3.9,True
NEO971,2025-10-01,228801,7.2,False
NEO972,2025-02-09,159253,9.3,True
NEO973,2025-03-31,70779,6.5,False
NEO974,2025-09-06,110072,7.9,True
NEO975,2025-09-05,157752,9.1,False
NEO976,2025-01-16,215668,4.4,False
NEO977,2025-10-06,264513,4.2,False
NEO978,2025-06-28,218175,3.3,True
NEO979,2025-10-09,162178,10.1,False
NEO980,2025-02-25,139369,10.9,True
NEO981,2025-06-16,176453,14.4,False
NEO982,2025-08-30,246769,12.1,True
NEO983,2025-12-28,232027,7.3,False
NEO984,2025-05-14,116827,9.7,False
NEO985,2025-10-12,246776,12.7,False
NEO986,2025-10-15,229834,13.0,True
NEO987,2025-03-05,175035,14.2,False
NEO988,2025-08-23,146257,8.0,False
NEO989,2025-09-07,215049,11.1,False
NEO990,2025-01-29,180889,12.1,False
NEO991,2025-11-07,130226,10.3,False
NEO992,2025-03-21,192612,12.3,False
NEO993,2025-01-12,99440,8.7,True
NEO994,2025-10-14,167451,13.1,False
NEO995,2025-01-02,219856,5.4,True
NEO996,2025-04-03,134581,4.7,True
NEO997,2025-05-21,243619,11.7,True
NEO998,2025-12-11,139828,10.2,True
NEO999,2025-05-30,139138,14.7,True
NEO1000,2025-10-28,128325,13.6,False
NEO1001,2025-10-07,86704,14.9,True
NEO1002,2025-01-29,207651,8.6,True
NEO1003,2025-09-05,127103,9.2,False
NEO1004,2025-01-05,159739,11.3,True
NEO1005,2025-06-20,60468,7.5,False
NEO1006,2025-02-07,139402,10.0,False
NEO1007,2025-08-12,243730,14.2,False
NEO1008,2025-02-25,207399,12.4,False
NEO1009,2025-03-15,269265,12.8,False
NEO1010,2025-01-30,198483,3.4,True
NEO1011,2025-02-03,209313,13.4,False
NEO1012,2025-12-01,51392,5.5,True
NEO1013,2025-01-24,245687,11.8,False
NEO1014,2025-09-29,196180,13.2,False
NEO1015,2025-12-19,37905,6.2,True
NEO1016,2025-07-09,178342,9.0,True
NEO1017,2025-04-18,152884,6.6,True
NEO1018,2025-04-04,48593,10.4,True
NEO1019,2025-02-25,212900,6.1,True
NEO1020,2025-12-03,158658,14.1,True
NEO1021,2025-11-27,62237,14.6,True
NEO1022,2025-01-29,133868,10.1,False
NEO1023,2025-01-13,178971,6.4,False
NEO1024,2025-02-01,282556,9.1,True
NEO1025,2025-11-02,296060,14.1,False
NEO1026,2025-10-01,46336,14.1,True
NEO1027,2025-04-21,188822,12.4,False
NEO1028,2025-07-06,207052,3.6,True
NEO1029,2025-01-06,124868,4.4,True
NEO1030,2025-07-29,45772,14.6,False
NEO1031,2025-10-21,120805,14.1,False
NEO1032,2025-10-30,137871,8.5,True
NEO1033,2025-06-28,186209,14.6,False
NEO1034,2025-02-18,182889,3.8,False
NEO1035,2025-03-10,83269,14.1,False
NEO1036,2025-09-13,255452,6.1,True
NEO1037,2025-04-24,116739,6.5,False
NEO1038,2025-02-19,49214,10.0,True
NEO1039,2025-01-31,279610,13.3,False
NEO1040,2025-05-14,194465,9.6,True
NEO1041,2025-07-03,224710,13.1,False
NEO1042,2025-06-24,88734,9.5,False
NEO1043,2025-12-28,142607,5.2,False
NEO1044,2025-02-26,53305,3.4,False
NEO1045,2025-04-28,191737,12.1,True
NEO1046,2025-02-12,137511,11.3,True
NEO1047,2025-09-05,230083,3.9,False
NEO1048,2025-06-04,152664,8.3,True
NEO1049,2025-07-30,120436,9.8,False
NEO1050,2025-02-08,228491,13.8,False
NEO1051,2025-12-22,31672,12.7,True
NEO1052,2025-07-08,98291,13.8,True
NEO1053,2025-10-18,99456,3.3,True
NEO1054,2025-03-23,40540,11.0,False
NEO1055,2025-04-12,78163,4.5,False
NEO1056,2025-11-12,59853,9.9,True
NEO1057,2025-12-12,121400,4.6,False
NEO1058,2025-05-19,185540,6.6,True
NEO1059,2025-04-04,151985,10.0,False
NEO1060,2025-08-30,117838,14.9,True
NEO1061,2025-09-05,65094,11.9,True
NEO1062,2025-12-04,79783,8.8,False
NEO1063,2025-09-16,73008,9.3,False
NEO1064,2025-12-19,132872,6.4,False
NEO1065,2025-04-10,256190,13.4,True
NEO1066,2025-10-10,77929,13.8,True
NEO1067,2025-03-26,62589,13.9,True
NEO1068,2025-01-04,35238,11.3,False
NEO1069,2025-12-07,214906,6.8,True
NEO1070,2025-05-19,142125,3.1,False
NEO1071,2025-09-16,190409,14.5,False
NEO1072,2025-08-11,60040,11.0,True
NEO1073,2025-09-01,78859,12.6,True
NEO1074,2025-05-19,138262,4.5,False
NEO1075,2025-08-13,101530,7.3,False
NEO1076,2025-10-10,292301,6.1,False
NEO1077,2025-02-12,168061,7.1,True
NEO1078,2025-09-23,187357,6.8,True
NEO1079,2025-01-26,124616,4.2,False
NEO1080,2025-01-10,74054,13.4,False
NEO1081,2025-11-29,140645,13.3,False
NEO1082,2025-12-01,210491,6.7,False
NEO1083,2026-01-01,58195,8.7,False
NEO1084,2025-08-22,55955,7.1,False
NEO1085,2025-03-15,89751,6.5,False
NEO1086,2025-08-22,131817,4.0,True
NEO1087,2025-02-25,123000,11.8,False
NEO1088,2025-05-01,289923,9.3,True
NEO1089,2025-01-21,167416,7.5,False
NEO1090,2025-04-27,237512,9.7,True
NEO1091,2025-05-11,99326,5.5,True
NEO1092,2025-06-03,93676,10.0,True
NEO1093,2025-12-25,251294,3.8,True
NEO1094,2025-06-27,187083,12.9,False
NEO1095,2025-01-23,217066,11.2,True
NEO1096,2025-05-16,232048,3.2,False
NEO1097,2025-08-13,90973,5.4,False
NEO1098,2025-07-10,203992,11.2,True
NEO1099,2025-04-14,279849,13.4,True
NEO1100,2025-12-18,246457,5.8,False
NEO1101,2025-04-11,75239,5.9,False
NEO1102,2025-07-31,110840,7.9,False
NEO1103,2025-05-07,280422,7.4,False
NEO1104,2025-03-17,68413,7.9,False
NEO1105,2025-07-06,250504,8.4,True
NEO1106,2025-08-30,58505,5.5,False
NEO1107,2025-04-30,103316,9.0,False
NEO1108,2025-09-13,202429,13.8,True
NEO1109,2025-02-01,149730,14.8,True
NEO1110,2025-08-16,65687,14.6,True
NEO1111,2025-09-27,92731,13.5,False
NEO1112,2025-06-03,219574,3.3,True
NEO1113,2025-06-13,188930,4.5,True
NEO1114,2025-12-01,225136,5.6,True
NEO1115,2025-07-19,58829,6.2,True
NEO1116,2025-08-02,240856,10.3,True
NEO1117,2025-03-18,169166,6.4,False
NEO1118,2025-09-07,210781,5.6,True
NEO1119,2025-03-13,231398,9.9,False
NEO1120,2025-10-12,88313,8.9,True
NEO1121,2025-06-12,247981,11.1,True
NEO1122,2025-12-23,185739,10.5,True
NEO1123,2025-05-26,174154,3.5,True
NEO1124,2025-11-22,128888,10.7,False
NEO1125,2025-09-08,227617,6.9,False
NEO1126,2025-02-08,238724,10.2,True
NEO1127,2025-08-22,298867,9.5,True
NEO1128,2025-12-23,69670,5.9,False
NEO1129,2025-07-07,37374,14.6,True
NEO1130,2025-09-19,97449,10.9,True
NEO1131,2025-09-26,213648,11.7,True
NEO1132,2025-10-10,121546,7.9,True
NEO1133,2025-03-09,237444,4.2,False
NEO1134,2025-10-12,113328,11.4,True
NEO1135,2025-05-18,192391,12.4,True
NEO1136,2025-03-21,163424,9.8,True
NEO1137,2025-03-14,142997,13.4,False
NEO1138,2025-09-27,285718,14.6,False
NEO1139,2025-04-25,152171,4.4,True
NEO1140,2025-09-07,110197,5.7,False
NEO1141,2025-12-23,261550,8.6,False
NEO1142,2025-12-13,137564,9.6,True
NEO1143,2025-09-11,126903,11.7,False
NEO1144,2025-05-01,202011,6.4,True
NEO1145,2025-07-07,251264,14.2,True
NEO1146,2025-04-18,115421,10.8,True
NEO1147,2025-10-07,147065,13.4,True
NEO1148,2025-05-23,35662,12.7,True
NEO1149,2025-04-18,116362,8.6,False
NEO1150,2025-12-16,153912,9.1,True
NEO1151,2025-05-16,202572,4.5,True
NEO1152,2025-09-10,83288,14.9,True
NEO1153,2025-11-08,42809,12.3,False
NEO1154,2025-06-29,151401,13.9,False
NEO1155,2025-12-17,237536,9.0,True
NEO1156,2025-10-15,225536,3.5,False
NEO1157,2025-07-31,65499,14.5,True
NEO1158,2025-08-17,254136,10.1,True
NEO1159,2025-06-14,45466,13.6,False
NEO1160,2025-09-19,192210,7.7,False
NEO1161,2025-02-15,265936,12.0,False
NEO1162,2025-03-14,62401,14.4,True
NEO1163,2025-09-12,174729,9.4,False
NEO1164,2025-10-03,259758,9.0,True
NEO1165,2025-04-27,138136,14.3,False
NEO1166,2025-02-09,286085,11.2,True
NEO1167,2025-03-14,114859,12.0,False
NEO1168,2025-10-09,212466,13.8,False
NEO1169,2025-08-29,183099,6.4,True
NEO1170,2025-04-22,193685,13.5,True
NEO1171,2025-01-06,199691,8.2,True
NEO1172,2025-02-22,76350,8.1,False
NEO1173,2025-10-15,72580,8.3,False
NEO1174,2025-08-19,296509,13.3,True
NEO1175,2025-06-29,144972,6.9,True
NEO1176,2026-01-01,155212,9.5,True
NEO1177,2025-08-20,62780,13.4,True
NEO1178,2025-03-31,269361,7.4,True
NEO1179,2025-03-28,257279,6.9,True
NEO1180,2025-02-08,60167,7.6,False
NEO1181,2025-04-08,229613,5.3,False
NEO1182,2025-05-16,58344,5.7,True
NEO1183,2025-01-14,118136,13.8,True
NEO1184,2025-07-28,37219,14.7,False
NEO1185,2025-11-14,245064,10.0,True
NEO1186,2025-10-12,118935,9.6,True
NEO1187,2025-05-26,104794,10.5,False
NEO1188,2025-11-08,132249,11.1,False
NEO1189,2025-02-17,249617,3.1,False
NEO1190,2025-01-12,153877,13.2,True
NEO1191,2025-04-25,246960,13.5,False
NEO1192,2025-01-06,222166,8.7,True
NEO1193,2025-03-01,156669,11.4,False
NEO1194,2025-05-27,61057,8.8,True
NEO1195,2025-07-12,115947,6.9,False
NEO1196,2025-12-17,229878,14.9,True
NEO1197,2025-05-14,78783,11.7,False
NEO1198,2025-11-25,246277,12.3,False
NEO1199,2025-12-04,226545,11.7,False
NEO1200,2025-01-20,60016,5.8,False
NEO1201,2025-04-05,101451,14.7,False
NEO1202,2025-08-31,260636,6.1,True
NEO1203,2025-01-26,103393,7.4,False
NEO1204,2025-06-06,281869,9.4,False
NEO1205,2025-09-15,153007,12.6,False
NEO1206,2025-10-24,124768,6.3,True
NEO1207,2025-01-22,181363,10.2,False
NEO1208,2025-11-16,154113,10.1,True
NEO1209,2025-05-31,146348,10.3,False
NEO1210,2025-08-27,165573,3.7,False
NEO1211,2025-12-18,232777,4.8,True
NEO1212,2025-05-19,81939,15.0,False
NEO1213,2025-01-26,31783,4.8,False
NEO1214,2025-03-18,86118,4.8,True
NEO1215,2025-07-23,264187,14.1,False
NEO1216,2025-12-02,209706,6.2,False
NEO1217,2025-10-13,68845,14.8,False
NEO1218,2025-05-03,130894,14.6,True
NEO1219,2025-09-11,138405,15.0,False
NEO1220,2025-02-01,222623,11.0,True
NEO1221,2025-06-25,57283,10.6,False
NEO1222,2025-04-15,270829,11.2,True
NEO1223,2025-10-05,159368,4.7,False
NEO1224,2025-08-30,165126,7.6,False
NEO1225,2025-07-26,157077,10.6,True
NEO1226,2025-04-21,236777,8.8,False
NEO1227,2025-06-13,34336,9.0,False
NEO1228,2025-04-01,180054,4.5,False
NEO1229,2025-10-13,242062,5.3,False
NEO1230,2025-10-23,97081,11.2,False
NEO1231,2025-07-02,178271,6.6,True
NEO1232,2025-11-25,195689,4.6,False
NEO1233,2025-06-12,75603,11.5,False
NEO1234,2025-06-20,261743,12.5,True
NEO1235,2025-09-02,124344,6.7,False
NEO1236,2025-02-12,285795,13.8,True
NEO1237,2025-11-04,155659,12.5,True
NEO1238,2025-06-13,41866,12.3,False
NEO1239,2025-06-17,156872,8.8,True
NEO1240,2025-10-04,69222,11.6,False
NEO1241,2025-06-11,125622,10.9,True
NEO1242,2025-04-23,74468,3.4,True
NEO1243,2025-03-28,140186,14.6,False
NEO1244,2025-01-23,188511,3.0,False
NEO1245,2025-02-19,171834,7.9,False
NEO1246,2025-10-17,296738,12.4,False
NEO1247,2025-07-12,171794,13.2,True
NEO1248,2025-03-21,234852,4.2,True
NEO1249,2025-02-11,48450,14.3,False
NEO1250,2025-02-11,56345,6.1,True
NEO1251,2025-08-06,87917,5.3,True
NEO1252,2025-08-01,180395,8.8,True
NEO1253,2025-11-21,226104,13.9,False
NEO1254,2025-10-10,80749,14.9,False
NEO1255,2025-01-05,226358,9.5,True
NEO1256,2025-07-24,49376,12.3,False
NEO1257,2025-06-11,81328,10.3,False
NEO1258,2025-12-31,153833,4.1,False
NEO1259,2025-09-24,58414,3.9,True
NEO1260,2025-06-30,255630,3.6,False
NEO1261,2025-02-16,229283,10.2,False
NEO1262,2025-11-08,59914,11.3,True
NEO1263,2025-07-04,51720,4.9,False
NEO1264,2025-08-16,158942,8.1,True
NEO1265,2025-05-30,111457,5.2,False
NEO1266,2025-11-22,246991,14.0,False
NEO1267,2025-12-26,259639,6.1,True
NEO1268,2025-04-15,130339,14.9,True
NEO1269,2025-01-18,176354,6.5,True
NEO1270,2025-08-21,200096,5.6,True
NEO1271,2025-04-16,193323,9.7,True
NEO1272,2025-06-02,242712,14.2,True
NEO1273,2025-06-07,35326,7.6,False
NEO1274,2025-07-01,194847,5.2,False
NEO1275,2025-03-06,238625,7.0,False
NEO1276,2025-04-04,174837,4.0,False
NEO1277,2025-05-04,235464,7.8,True
NEO1278,2025-10-03,213663,4.5,False
NEO1279,2025-09-16,159270,4.3,True
NEO1280,2025-10-01,212205,12.9,False
NEO1281,2025-07-25,247696,12.3,False
NEO1282,2025-12-03,291173,14.5,False
NEO1283,2025-12-19,209529,6.3,False
NEO1284,2025-07-15,93021,11.1,True
NEO1285,2025-02-06,226465,3.8,False
NEO1286,2025-09-21,258311,7.1,True
NEO1287,2025-01-14,176131,14.0,False
NEO1288,2025-07-11,177138,14.3,False
NEO1289,2025-04-06,53814,8.7,False
NEO1290,2025-10-02,288214,13.6,True
NEO1291,2025-06-25,176528,8.6,True
NEO1292,2025-09-28,151550,9.1,True
NEO1293,2025-08-16,276911,14.0,True
NEO1294,2025-01-11,46931,6.8,False
NEO1295,2025-04-22,132526,11.0,False
NEO1296,2025-01-26,76836,10.4,True
NEO1297,2025-09-26,212415,5.0,True
NEO1298,2025-12-26,171411,8.4,False
NEO1299,2025-06-29,174252,13.5,False
NEO1300,2025-10-10,172250,4.9,False
NEO1301,2025-07-07,219270,5.4,True
NEO1302,2025-11-27,267288,4.7,False
NEO1303,2025-06-14,30504,10.6,False
NEO1304,2025-09-13,172929,12.7,False
NEO1305,2025-07-04,223983,7.2,True
NEO1306,2025-07-30,246312,5.3,True
NEO1307,2025-06-25,223197,14.5,True
NEO1308,2025-03-05,209395,4.7,False
NEO1309,2025-03-01,78480,8.2,True
NEO1310,2025-08-03,106277,11.2,False
NEO1311,2025-09-13,224186,6.0,True
NEO1312,2025-01-10,281458,13.1,False
NEO1313,2025-12-15,265023,4.1,True
NEO1314,2025-04-13,280649,5.4,False
NEO1315,2025-07-31,48521,11.2,False
NEO1316,2025-11-14,233453,13.4,False
NEO1317,2025-07-29,184078,12.0,True
NEO1318,2025-02-25,218108,13.7,False
NEO1319,2025-03-27,262434,10.6,False
NEO1320,2025-06-22,190103,4.1,True
NEO1321,2025-12-26,54093,8.7,True
NEO1322,2025-03-26,239435,10.7,False
NEO1323,2025-01-09,243208,7.0,False
NEO1324,2025-09-08,89862,6.1,False
NEO1325,2025-06-11,84153,7.5,True
NEO1326,2025-08-03,254640,14.0,True
NEO1327,2025-01-11,240579,11.8,False
NEO1328,2025-05-28,275464,3.9,True
NEO1329,2025-10-06,114469,10.5,False
NEO1330,2025-07-18,246563,14.7,False
NEO1331,2025-06-19,144362,3.7,False
NEO1332,2025-04-16,260541,13.6,True
NEO1333,2025-08-14,105212,6.8,True
NEO1334,2025-08-20,288005,5.3,False
NEO1335,2025-05-11,278098,12.8,True
NEO1336,2025-12-31,97974,7.8,True
NEO1337,2025-08-30,186992,3.5,False
NEO1338,2025-04-17,276613,3.6,True
NEO1339,2025-04-24,183302,6.0,True
NEO1340,2025-08-21,222425,7.8,False
NEO1341,2025-07-22,178201,12.3,False
NEO1342,2025-05-05,251823,8.9,True
NEO1343,2025-02-16,111504,4.4,True
NEO1344,2025-05-11,104192,14.4,True
NEO1345,2025-09-23,139573,3.4,False
NEO1346,2025-05-27,261667,10.7,False
NEO1347,2025-09-23,31588,14.1,True
NEO1348,2025-05-21,167998,14.4,True
NEO1349,2025-02-14,69431,5.2,True
NEO1350,2025-03-15,78496,9.2,False
NEO1351,2025-02-21,207242,8.7,True
NEO1352,2025-06-18,157844,7.7,False
NEO1353,2025-12-04,147527,12.3,False
NEO1354,2025-01-05,106270,12.6,True
NEO1355,2025-11-29,165108,11.5,True
NEO1356,2025-10-22,298536,8.3,False
NEO1357,2025-11-05,132957,5.9,True
NEO1358,2025-06-24,239951,9.5,False
NEO1359,2025-06-25,72721,7.0,False
NEO1360,2025-06-03,75411,10.9,True
NEO1361,2025-06-19,159239,11.4,True
NEO1362,2025-05-16,167046,8.8,False
NEO1363,2025-03-30,186371,8.1,True
NEO1364,2025-03-30,238864,8.1,True
NEO1365,2025-11-06,70890,12.3,True
NEO1366,2025-12-31,214096,3.9,True
NEO1367,2025-04-07,199330,4.0,False
NEO1368,2025-06-19,297573,4.6,True
NEO1369,2025-06-10,54060,13.6,True
NEO1370,2025-09-19,277716,14.4,False
NEO1371,2025-07-26,158828,4.9,False
NEO1372,2025-10-16,66112,11.0,False
NEO1373,2025-06-10,77032,4.1,True
NEO1374,2025-05-11,200973,13.3,False
NEO1375,2025-12-06,38784,4.1,True
NEO1376,2025-10-29,157706,13.9,True
NEO1377,2025-01-30,43346,10.0,True
NEO1378,2025-08-02,109163,12.6,False
NEO1379,2025-10-06,78531,10.6,True
NEO1380,2025-06-03,193836,7.5,True
NEO1381,2025-02-06,79816,7.8,True
NEO1382,2025-11-27,68625,6.2,False
NEO1383,2025-02-05,146832,7.6,True
NEO1384,2025-01-20,102835,3.7,True
NEO1385,2025-04-17,140270,9.9,True
NEO1386,2025-04-30,84861,6.9,True
NEO1387,2025-02-12,75129,8.9,False
NEO1388,2025-12-08,163375,10.9,False
NEO1389,2025-08-02,47008,6.2,False
NEO1390,2025-05-02,277829,12.3,False
NEO1391,2025-01-29,48706,3.1,False
NEO1392,2025-03-24,151864,8.6,False
NEO1393,2025-12-25,76291,12.1,False
NEO1394,2025-12-23,211073,8.1,False
NEO1395,2025-09-10,157776,3.3,True
NEO1396,2025-12-30,298956,9.5,False
NEO1397,2025-10-15,137533,8.8,True
NEO1398,2025-08-28,66851,14.4,True
NEO1399,2025-01-07,56615,6.2,False
NEO1400,2025-09-01,223934,10.8,False
NEO1401,2025-05-29,108654,12.6,True
NEO1402,2025-05-16,215677,12.2,False
NEO1403,2025-07-22,41684,10.6,False
NEO1404,2025-03-16,194454,7.7,False
NEO1405,2025-06-21,125481,12.3,False
NEO1406,2025-12-23,206318,10.0,True
NEO1407,2025-08-01,75502,10.1,True
NEO1408,2025-03-12,279281,7.9,True
NEO1409,2025-06-13,51693,5.5,True
NEO1410,2025-09-06,269625,5.9,True
NEO1411,2025-05-02,246848,7.2,True
NEO1412,2025-12-10,122510,11.5,False
NEO1413,2025-08-01,176780,10.0,True
NEO1414,2025-08-31,182761,4.6,False
NEO1415,2025-03-22,177488,13.6,True
NEO1416,2025-06-04,232950,4.4,True
NEO1417,2025-05-13,231855,6.1,False
NEO1418,2025-09-17,113373,14.8,True
NEO1419,2025-05-04,199037,9.4,True
NEO1420,2025-04-27,212220,12.7,False
NEO1421,2025-04-05,234815,8.6,False
NEO1422,2025-02-04,256241,10.9,False
NEO1423,2025-10-07,81825,5.4,False
NEO1424,2025-06-03,121500,10.6,False
NEO1425,2025-02-17,152206,8.6,False
NEO1426,2025-11-12,44905,9.1,False
NEO1427,2025-08-18,267421,15.0,True
NEO1428,2025-01-28,253836,10.8,True
NEO1429,2025-08-28,205965,11.6,True
NEO1430,2025-08-15,96394,8.5,False
NEO1431,2025-08-31,129453,7.0,True
NEO1432,2025-12-04,153025,8.6,True
NEO1433,2025-11-24,204397,5.4,True
NEO1434,2025-08-10,240239,10.4,True
NEO1435,2025-04-05,297511,5.1,True
NEO1436,2025-02-23,124798,8.7,False
NEO1437,2025-08-04,52284,9.0,False
NEO1438,2025-06-25,160370,14.4,True
NEO1439,2025-05-19,240150,13.2,True
NEO1440,2025-12-17,63373,7.5,True
NEO1441,2025-06-14,92145,3.3,False
NEO1442,2025-08-15,262677,10.4,True
NEO1443,2025-09-18,142963,3.3,True
NEO1444,2025-12-11,91250,7.4,True
NEO1445,2025-09-01,214789,12.5,False
NEO1446,2025-10-20,161987,13.0,True
NEO1447,2025-01-10,172830,7.5,True
NEO1448,2025-03-14,237974,5.8,True
NEO1449,2025-11-23,114613,8.7,False
NEO1450,2025-11-04,224023,5.8,True
NEO1451,2025-06-29,233119,8.6,True
NEO1452,2025-01-26,101115,5.1,True
NEO1453,2025-01-30,41468,3.7,False
NEO1454,2025-02-20,52025,4.8,True
NEO1455,2025-02-02,143298,9.1,False
NEO1456,2025-08-18,123146,12.2,False
NEO1457,2025-08-31,178347,6.3,True
NEO1458,2025-07-25,62670,3.2,True
NEO1459,2025-09-10,265128,7.6,True
NEO1460,2025-05-31,160593,7.6,True
NEO1461,2025-06-08,196816,5.2,False
NEO1462,2025-06-27,76987,6.3,False
NEO1463,2025-01-16,165712,5.8,True
NEO1464,2025-11-25,184238,14.5,True
NEO1465,2025-05-24,181214,5.7,True
NEO1466,2025-01-08,132898,7.6,False
NEO1467,2025-10-04,275278,13.2,False
NEO1468,2025-05-11,171066,6.1,False
NEO1469,2025-11-30,66686,3.9,False
NEO1470,2025-06-24,40424,4.4,False
NEO1471,2025-06-16,145757,7.9,True
NEO1472,2025-08-01,283162,13.6,True
NEO1473,2025-05-10,111554,4.4,True
NEO1474,2025-03-13,132651,9.7,False
NEO1475,2025-09-14,262282,13.2,False
NEO1476,2025-10-30,195838,10.5,True
NEO1477,2025-01-25,115197,4.5,False
NEO1478,2025-03-24,42248,7.7,True
NEO1479,2025-01-09,286840,4.5,False
NEO1480,2025-04-30,36587,3.7,False
NEO1481,2025-10-05,110639,3.8,False
NEO1482,2025-07-12,173407,7.7,True
NEO1483,2025-02-15,166403,11.5,True
NEO1484,2025-04-21,97808,5.8,True
NEO1485,2025-04-10,34112,6.6,True
NEO1486,2025-02-22,140571,6.2,False
NEO1487,2025-04-22,226405,10.2,False
NEO1488,2025-10-29,42471,13.4,True
NEO1489,2025-02-03,83214,5.8,False
NEO1490,2025-04-18,121961,4.5,True
NEO1491,2025-11-08,166253,13.6,False
NEO1492,2025-04-20,91854,9.1,False
NEO1493,2025-02-26,116429,10.1,True
NEO1494,2025-06-16,244297,5.3,False
NEO1495,2025-01-03,259714,14.6,True
NEO1496,2025-04-04,50754,9.0,False
NEO1497,2025-11-15,71626,3.1,True
NEO1498,2025-11-21,260727,8.7,False
NEO1499,2025-06-08,272466,7.7,False
NEO1500,2025-09-25,189328,4.8,True
NEO1501,2025-09-01,192825,6.4,False
NEO1502,2025-03-05,203301,7.2,True
NEO1503,2025-07-20,152250,9.0,False
NEO1504,2025-02-18,164791,6.6,True
NEO1505,2025-02-03,263496,7.0,False
NEO1506,2025-06-21,179395,9.5,False
NEO1507,2025-04-24,198318,11.1,True
NEO1508,2025-01-13,158442,6.0,False
NEO1509,2025-11-06,147688,7.8,False
NEO1510,2025-12-21,122792,3.8,True
NEO1511,2025-04-28,86106,11.8,False
NEO1512,2025-12-28,260861,3.9,False
NEO1513,2025-05-13,186929,4.2,True
NEO1514,2025-12-29,205883,3.4,False
NEO1515,2025-08-12,54768,8.4,False
NEO1516,2025-06-30,182206,10.2,False
NEO1517,2025-09-18,73742,12.7,False
NEO1518,2025-02-08,39026,5.8,False
NEO1519,2025-01-25,144887,7.2,True
NEO1520,2025-10-03,232306,7.2,False
NEO1521,2025-01-05,265661,10.4,False
NEO1522,2025-09-28,86203,7.4,False
NEO1523,2025-01-10,219964,5.3,False
NEO1524,2025-04-15,289891,12.9,True
NEO1525,2025-04-05,85315,12.4,True
NEO1526,2025-01-06,226820,12.0,False
NEO1527,2025-06-14,284816,6.6,False
NEO1528,2025-06-22,157232,13.1,True
NEO1529,2025-10-16,179216,10.6,True
NEO1530,2025-01-02,201155,12.8,False
NEO1531,2025-05-24,68647,13.4,False
NEO1532,2025-02-15,192579,3.5,True
NEO1533,2025-03-30,48127,5.1,True
NEO1534,2025-03-08,223329,5.4,False
NEO1535,2025-01-06,185944,7.2,False
NEO1536,2025-09-16,235058,12.1,True
NEO1537,2025-03-03,203211,12.4,True
NEO1538,2025-10-21,121979,6.9,True
NEO1539,2025-09-06,267337,7.5,True
NEO1540,2025-01-24,249393,8.2,False
NEO1541,2025-10-16,66506,3.0,True
NEO1542,2025-04-27,231181,3.1,True
NEO1543,2025-04-19,114794,7.0,True
NEO1544,2025-08-12,259434,7.3,True
NEO1545,2025-04-11,231314,10.0,False
NEO1546,2025-05-03,243576,12.9,True
NEO1547,2025-01-02,278383,8.0,False
NEO1548,2025-06-19,260935,3.3,False
NEO1549,2025-11-10,279603,8.7,False
NEO1550,2025-08-22,117882,7.8,True
NEO1551,2025-04-04,270795,10.3,False
NEO1552,2025-10-29,149632,14.9,True
NEO1553,2025-08-10,102587,8.7,True
NEO1554,2025-06-14,264990,13.8,False
NEO1555,2025-10-17,290821,14.6,True
NEO1556,2025-08-26,118822,9.3,True
NEO1557,2025-04-23,260758,10.7,False
NEO1558,2025-10-07,84294,12.4,True
NEO1559,2025-05-21,71293,13.2,False
NEO1560,2025-12-12,277166,14.9,True
NEO1561,2025-09-29,247368,6.8,False
NEO1562,2025-06-07,147190,6.5,False
NEO1563,2025-05-17,281712,13.1,False
NEO1564,2025-11-09,87029,8.9,False
NEO1565,2025-07-15,69535,13.6,False
NEO1566,2025-03-09,178009,4.6,True
NEO1567,2025-04-19,249527,5.6,False
NEO1568,2025-06-20,40801,4.9,True
NEO1569,2025-07-01,210300,8.5,True
NEO1570,2025-08-20,102961,14.2,False
NEO1571,2025-02-03,141570,10.9,False
NEO1572,2025-03-30,127811,5.0,False
NEO1573,2025-10-31,209462,8.4,True
NEO1574,2025-07-21,184269,10.0,True
NEO1575,2025-04-27,247687,10.5,True
NEO1576,2025-01-13,56409,14.8,True
NEO1577,2025-03-27,157327,11.3,True
NEO1578,2025-11-10,192762,9.0,False
NEO1579,2025-07-06,93900,9.4,False
NEO1580,2025-03-16,42307,13.1,False
NEO1581,2025-10-04,32797,7.1,False
NEO1582,2025-08-31,285193,10.1,True
NEO1583,2025-07-26,162389,5.0,False
NEO1584,2025-09-17,32682,8.3,False
NEO1585,2025-08-30,231343,14.4,False
NEO1586,2025-01-03,106667,7.1,True
NEO1587,2025-09-27,65568,9.2,False
NEO1588,2025-02-03,163844,13.6,False
NEO1589,2025-03-29,172727,7.2,False
NEO1590,2025-04-11,236541,8.5,True
NEO1591,2025-05-18,97986,8.6,False
NEO1592,2025-06-16,103433,7.8,False
NEO1593,2025-10-08,249717,10.3,False
NEO1594,2025-07-30,266101,13.5,False
NEO1595,2025-12-23,179491,6.7,True
NEO1596,2025-02-15,254991,13.2,False
NEO1597,2025-07-17,173234,4.6,False
NEO1598,2025-12-05,189365,6.1,False
NEO1599,2025-10-06,126754,15.0,True
NEO1600,2025-07-16,93583,8.0,True
NEO1601,2025-12-20,62372,12.9,False
NEO1602,2025-04-28,160111,10.1,False
NEO1603,2025-05-24,114389,3.9,False
NEO1604,2025-11-11,223448,10.3,True
NEO1605,2025-11-28,286733,8.2,False
NEO1606,2025-04-22,53171,6.8,True
NEO1607,2025-01-31,60672,9.9,True
NEO1608,2025-04-21,188704,5.4,True
NEO1609,2025-08-10,191724,11.5,False
NEO1610,2025-01-21,135295,4.0,True
NEO1611,2025-03-22,238874,9.7,True
NEO1612,2025-12-10,241446,13.6,True
NEO1613,2025-10-09,147823,11.2,True
NEO1614,2025-07-27,261294,8.9,False
NEO1615,2025-12-23,141848,11.1,False
NEO1616,2025-11-24,223077,3.1,True
NEO1617,2025-08-02,147673,12.6,False
NEO1618,2025-12-07,33420,10.0,False
NEO1619,2025-04-22,115069,11.7,True
NEO1620,2025-10-12,58425,12.3,False
NEO1621,2025-01-09,178254,9.7,False
NEO1622,2025-02-03,89804,4.8,False
NEO1623,2025-05-30,295091,14.0,False
NEO1624,2025-06-15,214213,5.1,False
NEO1625,2025-09-30,146621,3.2,False
NEO1626,2025-06-11,103606,7.8,True
NEO1627,2025-07-08,55910,3.9,False
NEO1628,2025-10-12,216353,14.8,False
NEO1629,2025-03-02,116805,8.5,False
NEO1630,2025-08-08,232855,10.4,False
NEO1631,2025-06-05,241152,10.7,True
NEO1632,2025-10-23,98233,3.1,False
NEO1633,2025-09-27,154941,12.7,False
NEO1634,2025-11-27,100222,3.2,True
NEO1635,2025-09-12,251838,8.6,False
NEO1636,2025-01-23,96259,13.7,False
NEO1637,2025-08-20,160305,12.4,False
NEO1638,2025-07-08,283823,8.3,True
NEO1639,2025-03-30,62246,5.5,False
NEO1640,2025-05-26,201474,9.1,True
NEO1641,2025-12-07,232813,12.4,True
NEO1642,2025-05-21,295197,12.8,True
NEO1643,2025-11-23,45553,10.3,True
NEO1644,2025-09-28,68728,6.0,False
NEO1645,2025-01-14,248028,12.5,False
NEO1646,2025-10-11,243176,11.7,True
NEO1647,2025-05-06,227305,3.3,False
NEO1648,2025-11-13,289140,5.1,True
NEO1649,2025-01-19,261468,7.2,True
NEO1650,2025-09-26,51102,10.2,False
NEO1651,2025-09-19,287245,8.0,True
NEO1652,2025-12-15,255455,9.5,True
NEO1653,2025-08-04,293224,8.8,True
NEO1654,2025-01-16,284540,3.2,True
NEO1655,2025-03-06,197533,8.5,False
NEO1656,2025-01-12,99956,14.1,True
NEO1657,2025-07-06,36512,6.6,False
NEO1658,2025-05-29,59710,7.7,True
NEO1659,2025-06-29,168094,9.7,False
NEO1660,2025-03-07,143474,6.0,True
NEO1661,2025-04-14,136864,8.8,False
NEO1662,2025-07-03,116513,4.5,False
NEO1663,2025-08-30,179907,12.4,False
NEO1664,2025-08-14,109605,4.2,True
NEO1665,2025-11-17,158893,3.0,False
NEO1666,2025-04-11,138189,8.6,True
NEO1667,2025-05-12,266076,11.3,False
NEO1668,2025-02-16,222312,8.8,True
NEO1669,2025-12-10,71820,3.4,True
NEO1670,2025-01-21,138407,13.7,False
NEO1671,2025-05-31,188822,6.8,False
NEO1672,2025-06-02,279222,10.0,True
NEO1673,2025-02-27,189437,9.2,False
NEO1674,2025-06-15,244076,14.0,False
NEO1675,2025-11-19,231642,12.9,True
NEO1676,2025-10-26,49035,4.9,True
NEO1677,2025-10-05,281638,14.8,True
NEO1678,2025-08-27,280510,10.4,True
NEO1679,2025-08-21,158709,14.4,True
NEO1680,2025-05-29,269612,5.4,True
NEO1681,2025-01-31,139371,7.2,False
NEO1682,2025-12-06,72740,10.5,False
NEO1683,2025-12-19,192287,7.6,True
NEO1684,2025-09-27,250885,12.8,False
NEO1685,2025-07-01,172224,9.9,True
NEO1686,2025-02-15,251754,3.4,True
NEO1687,2025-06-23,215513,10.7,True
NEO1688,2025-06-30,250087,7.6,True
NEO1689,2025-09-28,134244,12.5,False
NEO1690,2025-01-21,49370,14.3,False
NEO1691,2025-02-26,207386,12.0,True
NEO1692,2025-05-31,88357,8.2,True
NEO1693,2025-05-15,215123,10.1,True
NEO1694,2025-04-25,235664,5.7,True
NEO1695,2025-06-13,225872,7.8,False
NEO1696,2025-08-08,123899,11.7,True
NEO1697,2025-08-31,141820,12.1,True
NEO1698,2025-03-01,277403,6.2,True
NEO1699,2025-02-22,210405,11.7,False
NEO1700,2025-12-20,125509,12.0,True
NEO1701,2025-10-02,196325,12.0,False
NEO1702,2025-11-18,181131,5.6,False
NEO1703,2025-07-16,64914,9.5,True
NEO1704,2025-04-10,78618,14.1,True
NEO1705,2025-03-23,259206,6.8,True
NEO1706,2025-01-14,249495,10.3,False
NEO1707,2025-06-15,136996,14.7,True
NEO1708,2025-10-02,156919,5.6,False
NEO1709,2025-03-17,151771,10.6,False
NEO1710,2025-03-16,158896,7.9,False
NEO1711,2025-11-22,56409,4.1,False
NEO1712,2025-05-03,180730,5.3,True
NEO1713,2025-05-06,35423,10.5,True
NEO1714,2025-02-21,229143,12.2,True
NEO1715,2025-06-20,214407,7.2,True
NEO1716,2025-01-23,228493,6.5,True
NEO1717,2025-02-21,171612,8.9,False
NEO1718,2025-04-07,212926,8.3,True
NEO1719,2025-02-26,31047,3.6,True
NEO1720,2025-06-02,286327,7.0,True
NEO1721,2025-06-12,66302,9.5,True
NEO1722,2025-04-11,237640,7.7,True
NEO1723,2025-01-29,294341,6.2,False
NEO1724,2025-05-11,122200,14.5,True
NEO1725,2025-12-10,245136,4.3,True
NEO1726,2025-08-09,97488,13.1,False
NEO1727,2025-02-24,148681,14.5,True
NEO1728,2025-03-27,102539,5.1,False
NEO1729,2025-08-07,167136,9.3,True
NEO1730,2025-04-15,234502,6.4,True
NEO1731,2025-05-16,290357,4.5,True
NEO1732,2025-08-26,226462,4.2,True
NEO1733,2025-04-09,202607,11.3,True
NEO1734,2025-06-07,87583,6.0,False
NEO1735,2025-06-26,194371,5.6,False
NEO1736,2025-02-27,269748,10.3,False
NEO1737,2025-10-26,224681,8.6,False
NEO1738,2025-02-07,295996,4.1,True
NEO1739,2025-08-27,82187,7.4,False
NEO1740,2025-02-19,207970,11.5,False
NEO1741,2025-05-14,93774,7.1,False
NEO1742,2025-12-24,65189,3.6,False
NEO1743,2025-03-06,267569,12.5,False
NEO1744,2025-08-29,170138,4.0,True
NEO1745,2025-10-25,61363,13.7,True
NEO1746,2025-02-20,190003,9.5,False
NEO1747,2025-04-13,54775,13.8,True
NEO1748,2025-08-05,128469,4.2,True
NEO1749,2025-09-15,297722,13.3,False
NEO1750,2025-06-03,289954,11.2,False
NEO1751,2025-03-24,247009,12.9,False
NEO1752,2025-07-26,126121,5.5,False
NEO1753,2025-02-16,139013,9.7,True
NEO1754,2025-05-20,87205,3.3,True
NEO1755,2025-09-27,238327,4.1,False
NEO1756,2025-03-08,212864,8.7,True
NEO1757,2025-08-01,233563,11.4,True
NEO1758,2025-12-08,207915,13.4,True
NEO1759,2025-09-01,286678,7.0,False
NEO1760,2025-08-23,121952,13.0,True
NEO1761,2025-03-10,62883,8.3,True
NEO1762,2025-09-12,274038,3.4,False
NEO1763,2025-06-04,59915,6.9,False
NEO1764,2025-12-18,236021,12.3,True
NEO1765,2025-07-24,58614,11.4,False
NEO1766,2025-12-26,89494,10.9,True
NEO1767,2025-03-17,110587,5.2,True
NEO1768,2025-10-25,274272,3.6,False
NEO1769,2025-08-27,99417,9.2,True
NEO1770,2025-11-13,36354,10.1,True
NEO1771,2025-08-20,159544,12.9,True
NEO1772,2025-10-06,201966,8.0,False
NEO1773,2025-06-25,44131,11.1,True
NEO1774,2025-06-15,192557,6.5,True
NEO1775,2025-08-22,297164,7.7,True
NEO1776,2025-10-01,234870,14.5,False
NEO1777,2025-04-08,32567,14.7,False
NEO1778,2025-12-20,106211,5.7,True
NEO1779,2025-06-17,52025,9.8,True
NEO1780,2025-12-11,101217,9.1,False
NEO1781,2025-07-09,282415,14.3,False
NEO1782,2025-11-10,252308,3.8,True
NEO1783,2025-01-03,162754,11.3,True
NEO1784,2025-02-01,80764,8.8,True
NEO1785,2025-12-30,283175,3.1,False
NEO1786,2025-12-15,250402,7.6,True
NEO1787,2025-12-08,162258,11.2,True
NEO1788,2025-12-22,257694,4.7,True
NEO1789,2025-07-23,268956,12.0,False
NEO1790,2025-11-24,82553,12.6,False
NEO1791,2025-06-25,34935,12.7,True
NEO1792,2025-12-25,140651,13.1,False
NEO1793,2025-04-08,87142,3.3,False
NEO1794,2025-03-24,46678,7.6,False
NEO1795,2025-02-17,98886,12.9,True
NEO1796,2025-08-04,171176,13.8,False
NEO1797,2025-07-16,110692,10.5,True
NEO1798,2025-01-08,245308,7.4,False
NEO1799,2025-11-25,178539,6.7,True
NEO1800,2025-12-11,116536,13.7,False
NEO1801,2025-06-28,209079,14.5,False
NEO1802,2025-10-28,105070,13.6,False
NEO1803,2025-01-31,182296,3.8,False
NEO1804,2025-12-09,86608,13.0,False
NEO1805,2025-05-22,262840,11.9,False
NEO1806,2025-11-22,43723,9.9,False
NEO1807,2025-11-03,218621,5.2,True
NEO1808,2025-07-30,269863,5.7,True
NEO1809,2025-10-20,113428,9.2,False
NEO1810,2025-06-27,36391,3.3,True
NEO1811,2025-05-09,178877,10.3,True
NEO1812,2025-09-30,156999,3.2,False
NEO1813,2025-09-19,127848,5.3,False
NEO1814,2025-12-27,166747,7.5,True
NEO1815,2025-06-30,64013,6.2,True
NEO1816,2025-08-01,225225,8.3,False
NEO1817,2025-10-15,100831,7.3,True
NEO1818,2025-10-21,222112,8.3,True
NEO1819,2025-03-07,60640,9.9,False
NEO1820,2025-03-01,76561,12.8,True
NEO1821,2025-05-15,275129,6.2,False
NEO1822,2025-06-05,174222,12.7,False
NEO1823,2025-07-18,92440,4.2,False
NEO1824,2025-07-18,248506,10.9,True
NEO1825,2025-12-11,82438,6.6,False
NEO1826,2025-12-10,267818,10.5,True
NEO1827,2025-08-31,144520,5.7,True
NEO1828,2025-04-04,192363,11.1,False
NEO1829,2025-08-29,168642,3.2,True
NEO1830,2025-11-13,126008,12.4,True
NEO1831,2025-04-27,135634,13.3,True
NEO1832,2025-12-27,36249,7.1,False
NEO1833,2025-04-27,265355,4.7,True
NEO1834,2025-10-10,66640,3.9,True
NEO1835,2025-01-19,137942,8.9,False
NEO1836,2025-02-22,121873,6.0,False
NEO1837,2025-10-16,193347,7.4,False
NEO1838,2025-07-22,82400,13.7,True
NEO1839,2025-08-25,211235,11.8,True
NEO1840,2025-07-22,90113,3.3,False
NEO1841,2025-06-18,175207,6.9,True
NEO1842,2025-06-12,293575,6.2,False
NEO1843,2025-07-26,81849,13.9,False
NEO1844,2025-11-27,144788,3.5,False
NEO1845,2025-08-19,293102,14.1,False
NEO1846,2025-06-27,149563,4.5,True
NEO1847,2025-03-10,106013,11.2,False
NEO1848,2025-04-30,51170,6.1,True
NEO1849,2025-11-03,287415,13.2,False
NEO1850,2025-12-07,222174,8.0,True
NEO1851,2025-12-24,104065,9.4,False
NEO1852,2025-08-15,171431,12.4,False
NEO1853,2025-08-09,154720,10.5,True
NEO1854,2025-02-13,282753,9.4,False
NEO1855,2025-09-27,236394,3.5,True
NEO1856,2025-04-19,187980,8.4,True
NEO1857,2025-09-26,244488,9.5,False
NEO1858,2025-08-26,77845,5.5,False
NEO1859,2025-02-15,169305,4.7,False
NEO1860,2025-07-21,182721,14.9,False
NEO1861,2025-07-23,229970,9.8,False
NEO1862,2025-02-19,58668,9.6,True
NEO1863,2025-02-12,56484,7.9,True
NEO1864,2025-05-23,51178,4.3,True
NEO1865,2025-08-08,126889,4.7,False
NEO1866,2025-10-21,61988,14.1,False
NEO1867,2025-02-07,201439,12.6,True
NEO1868,2025-10-13,191793,9.0,False
NEO1869,2025-12-18,46881,7.4,False
NEO1870,2025-03-15,84910,11.7,False
NEO1871,2025-06-04,176857,7.4,False
NEO1872,2025-06-15,253729,11.8,True
NEO1873,2025-01-30,279655,6.0,False
NEO1874,2025-10-18,252134,14.5,True
NEO1875,2025-02-12,153549,8.0,False
NEO1876,2025-04-07,98936,13.4,True
NEO1877,2025-06-05,251669,8.3,True
NEO1878,2025-05-01,236400,5.4,True
NEO1879,2025-06-10,73898,11.8,True
NEO1880,2025-06-26,127151,11.8,True
NEO1881,2025-09-20,80983,3.3,True
NEO1882,2025-03-29,205817,7.7,False
NEO1883,2025-04-16,71468,3.3,True
NEO1884,2025-12-18,165635,14.8,False
NEO1885,2025-05-10,172414,7.1,False
NEO1886,2025-08-22,269152,12.7,True
NEO1887,2025-12-09,215222,14.5,False
NEO1888,2025-08-12,206285,4.7,True
NEO1889,2025-04-05,216000,7.0,True
NEO1890,2025-05-25,212181,10.7,True
NEO1891,2025-12-26,106496,6.8,False
NEO1892,2025-01-14,248027,8.4,False
NEO1893,2025-12-04,147606,5.8,False
NEO1894,2025-03-20,272497,11.4,True
NEO1895,2025-03-27,272046,13.1,False
NEO1896,2025-01-23,56807,5.6,True
NEO1897,2025-06-28,271562,7.1,True
NEO1898,2025-01-30,267338,13.7,False
NEO1899,2025-03-22,136662,5.7,True
NEO1900,2025-08-31,124509,13.5,False
NEO1901,2025-12-28,213338,4.8,True
NEO1902,2025-03-06,66334,11.9,False
NEO1903,2025-12-22,93428,5.4,True
NEO1904,2025-09-09,138537,9.8,False
NEO1905,2025-09-11,200540,6.2,True
NEO1906,2025-12-04,239935,3.9,False
NEO1907,2025-10-20,209177,7.0,True
NEO1908,2025-08-12,160572,8.8,True
NEO1909,2025-07-02,126644,6.8,True
NEO1910,2025-04-10,196069,13.5,True
NEO1911,2025-10-22,286195,12.4,False
NEO1912,2025-06-22,96414,3.9,False
NEO1913,2025-11-19,155232,7.5,False
NEO1914,2025-08-01,177428,10.5,True
NEO1915,2025-09-30,107006,6.6,False
NEO1916,2025-09-08,90319,14.3,True
NEO1917,2025-11-12,84044,5.4,False
NEO1918,2025-07-13,169852,7.6,False
NEO1919,2025-09-29,44443,14.7,False
NEO1920,2025-12-20,240459,6.7,False
NEO1921,2025-11-19,55503,4.0,False
NEO1922,2025-11-13,202683,9.6,True
NEO1923,2025-03-16,72997,4.9,True
NEO1924,2025-06-27,41980,11.8,False
NEO1925,2025-02-01,86570,8.5,True
NEO1926,2025-12-19,30536,6.1,True
NEO1927,2025-03-19,54318,13.2,False
NEO1928,2025-02-25,170320,11.4,True
NEO1929,2025-01-02,252297,11.5,True
NEO1930,2025-05-11,231801,14.5,False
NEO1931,2025-10-07,209252,12.1,True
NEO1932,2025-03-22,196794,7.4,False
NEO1933,2025-09-28,204654,4.7,False
NEO1934,2025-07-07,179427,9.7,True
NEO1935,2025-09-02,79029,11.0,True
NEO1936,2025-02-05,206693,10.6,True
NEO1937,2025-06-21,117125,7.8,True
NEO1938,2025-10-29,182163,6.4,True
NEO1939,2025-09-07,97722,6.8,True
NEO1940,2025-07-15,136277,10.3,True
NEO1941,2025-12-17,202405,13.9,False
NEO1942,2025-09-19,189933,10.0,True
NEO1943,2025-04-03,138833,14.3,True
NEO1944,2025-04-07,293226,14.1,False
NEO1945,2025-09-30,171426,14.6,True
NEO1946,2025-04-12,206208,13.9,True
NEO1947,2025-12-21,32919,12.0,False
NEO1948,2025-12-10,200459,3.9,False
NEO1949,2025-08-16,153621,11.4,False
NEO1950,2025-11-19,51477,5.6,True
NEO1951,2025-05-13,131755,13.5,False
NEO1952,2025-10-12,290358,10.2,False
NEO1953,2025-12-28,98535,3.4,True
NEO1954,2025-03-17,248282,10.0,True
NEO1955,2025-01-29,178403,4.5,True
NEO1956,2025-11-22,64409,8.6,False
NEO1957,2025-07-13,85440,3.2,True
NEO1958,2025-05-15,177603,10.1,True
NEO1959,2025-06-07,45641,13.7,True
NEO1960,2025-04-13,138468,7.9,False
NEO1961,2025-11-18,233239,4.3,False
NEO1962,2025-08-13,134402,9.8,False
NEO1963,2025-07-07,195666,9.5,True
NEO1964,2025-04-21,184305,11.0,True
NEO1965,2025-04-21,274748,13.9,False
NEO1966,2025-11-27,52648,8.9,False
NEO1967,2025-10-11,161899,5.2,False
NEO1968,2025-07-19,103846,4.6,False
NEO1969,2025-09-24,114307,7.2,False
NEO1970,2025-03-01,93232,13.8,True
NEO1971,2025-05-08,100471,11.5,False
NEO1972,2025-03-22,120014,10.0,False
NEO1973,2025-04-07,275681,11.8,True
NEO1974,2025-12-14,120929,7.3,True
NEO1975,2025-02-09,250892,10.1,False
NEO1976,2025-04-04,203306,3.1,False
NEO1977,2025-09-28,76128,7.8,False
NEO1978,2025-10-22,219769,3.6,True
NEO1979,2025-03-28,47589,7.7,True
NEO1980,2025-11-25,116494,10.2,True
NEO1981,2025-09-16,68669,11.5,False
NEO1982,2025-06-20,246325,9.9,True
NEO1983,2025-03-13,161726,8.1,False
NEO1984,2025-12-31,187118,6.7,False
NEO1985,2025-11-26,188379,11.2,True
NEO1986,2025-08-31,214550,7.0,False
NEO1987,2025-05-06,253616,12.8,True
NEO1988,2025-09-25,292412,4.0,True
NEO1989,2025-02-01,78147,13.1,True
NEO1990,2025-02-13,159514,4.2,True
NEO1991,2025-01-15,173295,9.1,True
NEO1992,2025-11-12,249163,13.8,False
NEO1993,2025-09-21,119962,13.1,False
NEO1994,2025-09-10,177756,6.6,False
NEO1995,2025-10-26,242748,11.1,True
NEO1996,2025-03-19,220986,11.8,True
NEO1997,2025-02-19,158092,9.0,True
NEO1998,2025-09-09,178889,12.1,False
NEO1999,2025-10-12,230963,10.2,False
NEO2000,2025-07-24,221357,4.4,True
NEO2001,2025-05-07,183795,5.8,False
NEO2002,2025-07-03,37215,9.4,False
NEO2003,2025-03-15,253402,10.5,False
NEO2004,2025-01-25,179180,10.5,True
NEO2005,2025-01-14,264513,4.6,False
NEO2006,2025-06-15,258754,5.0,False
NEO2007,2025-03-02,111212,10.8,False
NEO2008,2025-07-17,49161,4.7,True
NEO2009,2025-07-26,155876,12.0,True
NEO2010,2025-01-27,230266,7.4,True
NEO2011,2025-11-07,273686,7.2,False
NEO2012,2025-03-21,215722,4.7,False
NEO2013,2025-03-02,140953,10.4,True
NEO2014,2025-02-11,123532,12.8,True
NEO2015,2025-03-24,274478,8.2,True
NEO2016,2025-01-11,289034,9.9,False
NEO2017,2025-04-30,208028,7.9,False
NEO2018,2025-08-18,116787,4.4,False
NEO2019,2025-08-16,80558,10.1,True
NEO2020,2025-12-15,222430,14.6,True
NEO2021,2025-12-11,177212,13.4,False
NEO2022,2025-06-28,75040,13.7,True
NEO2023,2025-07-12,71855,12.4,False
NEO2024,2025-12-05,79898,8.6,False
NEO2025,2025-02-26,249489,7.7,True
NEO2026,2025-04-26,166623,13.7,False
NEO2027,2025-07-20,105203,7.0,False
NEO2028,2025-07-04,75402,12.8,False
NEO2029,2025-01-15,240172,3.3,True
NEO2030,2025-01-25,137520,13.9,False
NEO2031,2025-12-12,241639,13.5,False
NEO2032,2025-05-30,276837,7.4,False
NEO2033,2025-10-10,297196,8.8,True
NEO2034,2025-11-18,34192,5.2,False
NEO2035,2025-09-18,251851,3.6,False
NEO2036,2025-09-05,139288,3.8,False
NEO2037,2025-11-10,287882,13.3,False
NEO2038,2025-08-06,47979,11.0,True
NEO2039,2025-02-16,127624,5.8,False
NEO2040,2025-10-14,202184,9.3,True
NEO2041,2025-07-18,73528,12.9,False
NEO2042,2025-08-22,145172,14.0,False
NEO2043,2025-03-08,288636,7.2,True
NEO2044,2025-09-26,194146,11.7,False
NEO2045,2025-12-29,214701,4.2,True
NEO2046,2025-06-21,69466,12.5,False
NEO2047,2025-02-14,223052,12.3,False
NEO2048,2025-06-28,267394,11.3,False
NEO2049,2025-10-11,259331,9.1,True
NEO2050,2025-11-12,274191,11.0,True
NEO2051,2025-12-25,241352,6.1,False
NEO2052,2025-12-16,60847,12.7,True
NEO2053,2025-11-15,52423,6.5,True
NEO2054,2025-03-19,57054,5.5,False
NEO2055,2025-10-19,78501,14.5,True
NEO2056,2025-11-11,219206,10.7,False
NEO2057,2025-07-11,213042,6.2,False
NEO2058,2025-04-06,51508,6.1,True
NEO2059,2025-08-02,286791,12.7,False
NEO2060,2025-11-10,127347,12.1,True
NEO2061,2025-07-08,72616,9.4,False
NEO2062,2025-08-03,253556,3.8,False
NEO2063,2025-05-05,116253,3.9,True
NEO2064,2025-09-10,54887,12.0,False
NEO2065,2025-04-01,129447,3.5,False
NEO2066,2025-10-04,240404,8.5,True
NEO2067,2025-07-28,56603,7.4,False
NEO2068,2025-04-25,71043,10.0,False
NEO2069,2025-01-09,223319,8.6,False
NEO2070,2025-11-03,54769,11.1,False
NEO2071,2025-02-03,148783,10.5,True
NEO2072,2025-09-17,97445,6.0,True
NEO2073,2025-07-19,100461,9.5,False
NEO2074,2025-01-10,147477,12.9,False
NEO2075,2025-12-19,126731,5.0,False
NEO2076,2025-06-17,123627,10.0,False
NEO2077,2025-02-28,161614,9.8,False
NEO2078,2025-11-28,115501,5.2,False
NEO2079,2025-12-05,65058,5.4,True
NEO2080,2025-06-21,234150,9.3,True
NEO2081,2025-09-01,297450,7.1,True
NEO2082,2025-01-16,190498,11.9,False
NEO2083,2025-05-06,128806,10.8,True
NEO2084,2025-04-12,228363,10.7,False
NEO2085,2025-04-27,245625,12.7,False
NEO2086,2025-11-12,247925,12.3,True
NEO2087,2025-02-07,103830,3.3,False
NEO2088,2025-07-18,118120,8.3,False
NEO2089,2025-07-11,254473,11.7,True
NEO2090,2025-07-12,175132,10.0,True
NEO2091,2025-04-01,282533,12.8,False
NEO2092,2025-06-07,226641,11.3,True
NEO2093,2025-12-06,63127,7.4,False
NEO2094,2025-08-30,259355,7.9,False
NEO2095,2025-06-21,255151,5.5,True
NEO2096,2025-05-10,47588,10.5,False
NEO2097,2025-05-16,149327,8.3,True
NEO2098,2025-09-12,240134,9.8,False
NEO2099,2025-09-22,137414,13.4,True
NEO2100,2025-12-16,127271,10.0,False
NEO2101,2025-09-10,284805,14.8,False
NEO2102,2025-08-20,70972,6.4,True
NEO2103,2025-12-07,156021,11.7,True
NEO2104,2025-09-28,33549,5.5,False
NEO2105,2025-12-25,31542,5.4,False
NEO2106,2025-06-06,101508,10.3,False
NEO2107,2025-02-10,86895,9.4,True
NEO2108,2025-06-02,255361,12.7,True
NEO2109,2025-03-05,181565,12.8,True
NEO2110,2025-07-30,269144,11.5,True
NEO2111,2025-03-13,278701,4.0,True
NEO2112,2025-03-08,120104,12.2,True
NEO2113,2025-09-02,66104,9.2,True
NEO2114,2025-07-04,120505,3.6,False
NEO2115,2025-11-10,222495,10.0,True
NEO2116,2025-01-02,202056,6.0,True
NEO2117,2025-01-28,73679,12.8,True
NEO2118,2025-08-12,210194,4.6,True
NEO2119,2025-12-30,129218,9.1,False
NEO2120,2025-03-05,286605,9.0,True
NEO2121,2025-06-30,55981,6.0,False
NEO2122,2025-08-12,167682,10.0,True
NEO2123,2025-06-03,236127,6.0,False
NEO2124,2025-07-29,204483,9.7,False
NEO2125,2025-11-05,199177,12.2,True
NEO2126,2025-08-18,284352,14.2,True
NEO2127,2025-09-16,175632,4.3,False
NEO2128,2025-02-24,106722,3.2,False
NEO2129,2025-08-04,158126,7.5,True
NEO2130,2025-03-19,198486,4.7,False
NEO2131,2025-10-17,53630,4.1,False
NEO2132,2025-04-30,272564,7.1,False
NEO2133,2025-12-16,275184,7.3,True
NEO2134,2025-01-15,205628,5.7,False
NEO2135,2025-03-21,287052,6.5,False
NEO2136,2025-02-21,120969,14.0,False
NEO2137,2025-05-13,208605,11.9,False
NEO2138,2025-04-17,112935,14.6,True
NEO2139,2025-07-09,220701,3.2,True
NEO2140,2025-02-21,194566,11.4,True
NEO2141,2025-05-14,241784,3.5,False
NEO2142,2025-03-07,68788,7.2,True
NEO2143,2025-10-07,260920,10.4,False
NEO2144,2025-06-04,283151,9.2,False
NEO2145,2025-02-07,225254,5.0,False
NEO2146,2025-01-21,277263,14.8,False
NEO2147,2025-02-21,238854,6.8,False
NEO2148,2025-04-04,100375,12.7,False
NEO2149,2025-11-09,135281,12.9,False
NEO2150,2025-09-30,159516,10.0,True
NEO2151,2025-07-01,141666,14.0,False
NEO2152,2025-03-07,56094,7.8,True
NEO2153,2025-02-27,61207,13.3,True
NEO2154,2025-02-08,81880,4.4,False
NEO2155,2025-02-22,158809,8.9,True
NEO2156,2025-02-22,277643,12.4,True
NEO2157,2025-09-08,219590,8.7,True
NEO2158,2025-03-01,140790,4.5,True
NEO2159,2025-10-29,64248,6.3,False
NEO2160,2025-08-22,251804,3.8,True
NEO2161,2025-03-05,148487,4.4,False
NEO2162,2025-12-23,225090,4.9,False
NEO2163,2025-08-21,243606,13.6,False
NEO2164,2025-06-01,245449,14.6,False
NEO2165,2025-01-07,203174,11.7,False
NEO2166,2025-03-24,41139,8.0,False
NEO2167,2025-10-21,107824,4.1,True
NEO2168,2025-01-03,108973,10.1,False
NEO2169,2025-07-14,80769,13.9,False
NEO2170,2025-03-13,54186,8.9,False
NEO2171,2025-04-21,266379,9.3,True
NEO2172,2025-09-23,297694,10.5,False
NEO2173,2025-06-13,138328,6.5,True
NEO2174,2025-10-03,278367,8.7,True
NEO2175,2025-02-24,295015,7.7,True
NEO2176,2025-03-15,139532,14.3,False
NEO2177,2025-09-10,108747,8.3,True
NEO2178,2025-03-27,276656,4.4,True
NEO2179,2025-11-10,233152,7.5,False
NEO2180,2025-12-30,105014,8.1,True
NEO2181,2025-09-23,102967,8.8,True
NEO2182,2025-01-23,73335,14.3,True
NEO2183,2025-08-27,151747,10.5,True
NEO2184,2025-08-28,266016,12.2,True
NEO2185,2025-04-02,190440,8.7,False
NEO2186,2025-09-25,57416,4.3,True
NEO2187,2025-10-15,148043,8.6,False
NEO2188,2025-10-28,57462,13.9,True
NEO2189,2025-03-31,39289,6.7,True
NEO2190,2025-09-02,135230,11.1,False
NEO2191,2025-04-27,163824,7.4,True
NEO2192,2025-10-02,164057,10.7,True
NEO2193,2025-05-14,86121,11.2,False
NEO2194,2025-06-04,229553,3.7,True
NEO2195,2025-11-12,166223,13.8,False
NEO2196,2025-03-16,157403,9.8,True
NEO2197,2025-09-01,272763,6.9,True
NEO2198,2025-08-07,263838,13.6,False
NEO2199,2025-10-31,278811,11.7,True
NEO2200,2025-01-29,187326,7.1,False
NEO2201,2025-12-27,82040,9.5,True
NEO2202,2025-03-10,119811,9.3,False
NEO2203,2025-01-13,42246,3.8,False
NEO2204,2025-02-07,146061,14.3,True
NEO2205,2025-04-28,232242,9.0,True
NEO2206,2025-03-14,197610,6.7,False
NEO2207,2025-10-21,138536,8.6,False
NEO2208,2025-06-29,145094,8.4,False
NEO2209,2025-08-22,104308,15.0,False
NEO2210,2025-10-02,211254,12.9,False
NEO2211,2025-10-14,216662,7.6,True
NEO2212,2025-03-09,192381,7.3,True
NEO2213,2025-06-01,108953,13.6,False
NEO2214,2025-05-26,235453,3.7,False
NEO2215,2025-06-24,192388,3.0,True
NEO2216,2025-06-30,274715,6.9,False
NEO2217,2025-07-06,248885,9.6,True
NEO2218,2025-06-11,274352,3.0,False
NEO2219,2025-01-07,67665,7.7,False
NEO2220,2025-12-14,279236,10.4,False
NEO2221,2025-03-15,175043,5.4,True
NEO2222,2025-01-29,193479,10.6,False
NEO2223,2025-03-23,231545,13.7,True
NEO2224,2025-07-01,87679,6.2,False
NEO2225,2025-08-15,220295,8.9,True
NEO2226,2025-12-11,110044,13.9,True
NEO2227,2025-07-18,103264,13.1,True
NEO2228,2025-01-08,78168,3.6,True
NEO2229,2025-07-08,138350,6.8,False
NEO2230,2025-01-05,134057,9.6,False
NEO2231,2025-04-18,63045,12.0,False
NEO2232,2025-10-01,225744,9.4,False
NEO2233,2025-05-09,105880,14.4,False
NEO2234,2025-12-18,128133,5.0,False
NEO2235,2025-07-13,271788,12.2,True
NEO2236,2025-02-10,270278,13.2,True
NEO2237,2025-05-10,207856,10.5,True
NEO2238,2025-11-03,247506,4.5,True
NEO2239,2025-10-09,68452,8.1,True
NEO2240,2025-02-01,215442,11.9,True
NEO2241,2025-05-12,57800,10.6,False
NEO2242,2025-07-12,119643,13.4,False
NEO2243,2025-01-22,261155,8.4,False
NEO2244,2025-10-05,275324,7.3,False
NEO2245,2025-05-16,131374,5.7,True
NEO2246,2025-05-16,212778,5.4,False
NEO2247,2025-10-26,43283,3.1,False
NEO2248,2025-04-19,260162,8.9,False
NEO2249,2025-03-02,108560,10.6,False
NEO2250,2025-09-08,119341,13.8,True
NEO2251,2025-04-04,297731,6.6,True
NEO2252,2025-06-12,278303,8.9,True
NEO2253,2025-04-16,265340,8.6,True
NEO2254,2025-07-05,153887,14.6,False
NEO2255,2025-04-02,124335,10.9,True
NEO2256,2025-09-05,34321,5.6,False
NEO2257,2025-06-17,198267,9.7,True
NEO2258,2025-08-16,266649,8.9,False
NEO2259,2025-11-19,154073,14.6,False
NEO2260,2025-07-14,244668,9.9,True
NEO2261,2025-08-01,100725,7.1,True
NEO2262,2025-10-01,128091,8.2,False
NEO2263,2025-07-11,186154,9.4,False
NEO2264,2025-11-19,52557,13.3,False
NEO2265,2025-06-23,51164,5.6,True
NEO2266,2025-12-02,202877,3.3,True
NEO2267,2025-12-29,118741,4.4,False
NEO2268,2025-05-15,129436,9.8,False
NEO2269,2025-01-20,112596,9.1,False
NEO2270,2025-01-05,49780,10.7,True
NEO2271,2025-01-20,162873,6.0,False
NEO2272,2025-12-19,42571,4.0,True
NEO2273,2025-05-10,179736,13.0,False
NEO2274,2025-11-06,44881,10.1,False
NEO2275,2025-05-02,99712,10.9,False
NEO2276,2025-08-08,93070,8.5,True
NEO2277,2025-10-09,39834,13.7,True
NEO2278,2025-10-10,225243,15.0,True
NEO2279,2025-04-06,282877,7.2,False
NEO2280,2025-04-28,290608,4.8,False
NEO2281,2025-07-17,145497,7.1,True
NEO2282,2025-07-13,91917,5.2,True
NEO2283,2025-01-02,66183,10.4,True
NEO2284,2025-04-08,74045,5.6,True
NEO2285,2025-11-01,256065,6.9,True
NEO2286,2025-07-17,147327,4.7,True
NEO2287,2025-01-09,212998,14.8,False
NEO2288,2025-09-11,152393,5.3,True
NEO2289,2025-04-30,128381,7.0,True
NEO2290,2025-04-16,113742,4.6,True
NEO2291,2025-01-08,164864,14.6,True
NEO2292,2025-03-19,154579,6.9,False
NEO2293,2025-03-20,252601,5.4,False
NEO2294,2025-12-25,160275,7.1,False
NEO2295,2025-12-03,264867,11.4,True
NEO2296,2025-12-23,237208,11.4,False
NEO2297,2025-04-11,179847,14.5,False
NEO2298,2025-12-14,150939,10.7,True
NEO2299,2025-10-10,225442,14.2,True
NEO2300,2025-06-30,105079,10.2,False
NEO2301,2025-09-01,149676,6.4,True
NEO2302,2025-12-07,203497,3.8,True
NEO2303,2025-05-18,145892,10.0,True
NEO2304,2025-04-21,33363,14.7,True
NEO2305,2025-05-19,31768,14.8,False
NEO2306,2025-07-10,47446,8.3,True
NEO2307,2025-02-21,192334,8.1,False
NEO2308,2025-07-11,144318,4.2,True
NEO2309,2025-07-29,210429,6.4,False
NEO2310,2025-06-07,144478,5.1,False
NEO2311,2025-11-12,212402,8.8,True
NEO2312,2025-07-17,261739,11.8,False
NEO2313,2025-12-19,113092,8.2,True
NEO2314,2025-01-13,199337,14.4,True
NEO2315,2025-04-12,106727,9.2,False
NEO2316,2025-07-23,263192,8.0,False
NEO2317,2025-12-09,231190,9.8,False
NEO2318,2025-09-22,222806,9.5,False
NEO2319,2025-06-27,98740,6.3,True
NEO2320,2025-11-21,247093,10.9,True
NEO2321,2025-02-21,97058,10.8,True
NEO2322,2025-06-30,113771,3.8,True
NEO2323,2025-01-02,179315,9.3,False
NEO2324,2025-11-20,198570,10.0,False
NEO2325,2025-02-03,180483,8.3,True
NEO2326,2025-11-19,94009,6.7,True
NEO2327,2025-02-16,127649,9.2,False
NEO2328,2025-05-01,240930,3.2,True
NEO2329,2025-08-25,162226,11.0,False
NEO2330,2025-04-12,248426,6.4,True
NEO2331,2025-09-24,238796,13.2,True
NEO2332,2025-03-10,107655,5.4,False
NEO2333,2025-03-06,173188,6.4,True
NEO2334,2025-01-13,63747,12.8,False
NEO2335,2025-03-25,175659,8.2,False
NEO2336,2025-09-05,107643,7.6,False
NEO2337,2025-11-21,56195,10.7,False
NEO2338,2025-08-05,297839,10.0,True
NEO2339,2025-09-09,176453,5.3,False
NEO2340,2025-06-17,143128,13.7,True
NEO2341,2025-09-15,57729,6.5,True
NEO2342,2025-08-21,167639,5.6,True
NEO2343,2025-12-19,167097,8.4,False
NEO2344,2025-01-27,215641,3.2,False
NEO2345,2025-01-29,145739,7.7,False
NEO2346,2025-05-22,285807,8.7,False
NEO2347,2025-08-07,66422,9.5,True
NEO2348,2025-11-05,236239,7.9,False
NEO2349,2025-05-25,67441,13.5,True
NEO2350,2025-09-04,280844,6.5,False
NEO2351,2025-06-23,133300,11.4,False
NEO2352,2025-10-10,52249,5.3,False
NEO2353,2025-10-12,230671,7.0,True
NEO2354,2025-04-15,188222,3.1,False
NEO2355,2025-02-25,110931,13.4,True
NEO2356,2025-02-11,181324,11.0,False
NEO2357,2025-03-31,156388,4.3,True
NEO2358,2025-12-20,144691,7.1,True
NEO2359,2025-05-20,66150,8.4,True
NEO2360,2025-05-11,131240,13.5,True
NEO2361,2025-10-17,198240,9.5,False
NEO2362,2025-05-17,127710,12.5,False
NEO2363,2025-07-30,113004,4.8,False
NEO2364,2025-09-14,241633,11.3,True
NEO2365,2025-09-14,83390,10.2,False
NEO2366,2025-06-12,248663,8.4,True
NEO2367,2025-12-01,118612,14.3,False
NEO2368,2025-11-07,97195,10.1,False
NEO2369,2025-01-05,285006,10.8,True
NEO2370,2025-05-09,253161,10.5,False
NEO2371,2025-08-15,70318,11.7,True
NEO2372,2025-12-15,36077,6.0,True
NEO2373,2025-09-09,239442,9.7,False
NEO2374,2025-10-27,270934,3.5,False
NEO2375,2025-01-04,56589,7.3,False
NEO2376,2025-07-13,219721,11.7,True
NEO2377,2025-12-19,279208,12.7,False
NEO2378,2025-10-18,278146,13.6,False
NEO2379,2025-04-08,273689,12.6,False
NEO2380,2025-02-12,96022,14.0,False
NEO2381,2025-11-07,177099,13.7,True
NEO2382,2025-09-01,285711,6.7,True
NEO2383,2025-03-15,243785,5.6,False
NEO2384,2025-05-09,197223,14.5,True
NEO2385,2025-12-20,236370,11.9,True
NEO2386,2025-07-27,123474,4.5,False
NEO2387,2025-11-17,102770,8.8,True
NEO2388,2025-09-29,283954,3.7,False
NEO2389,2025-01-09,166935,11.1,True
NEO2390,2025-07-02,69922,13.3,False
NEO2391,2025-02-21,290036,3.4,True
NEO2392,2025-08-02,196199,8.0,False
NEO2393,2025-05-06,284806,9.5,True
NEO2394,2025-03-08,292298,9.1,True
NEO2395,2025-09-21,67583,7.2,True
NEO2396,2025-06-02,126038,13.8,False
NEO2397,2025-07-17,259472,13.7,False
NEO2398,2025-06-06,139972,5.6,False
NEO2399,2025-11-23,266277,7.0,True
NEO2400,2025-03-14,264270,14.3,False
NEO2401,2025-01-24,202725,3.5,True
NEO2402,2025-04-11,134368,10.7,True
NEO2403,2025-10-15,274159,6.6,True
NEO2404,2025-02-28,115002,8.7,False
NEO2405,2025-07-02,260360,7.7,True
NEO2406,2025-07-21,35841,11.5,True
NEO2407,2025-05-30,198224,11.9,False
NEO2408,2025-06-13,105998,9.8,False
NEO2409,2025-03-26,254547,6.9,True
NEO2410,2025-12-26,33071,5.6,False
NEO2411,2025-03-08,217268,9.1,True
NEO2412,2025-12-14,110669,12.5,False
NEO2413,2025-09-12,71168,5.4,False
NEO2414,2025-08-13,95193,5.1,False
NEO2415,2025-07-01,116129,10.0,False
NEO2416,2025-07-15,82551,11.5,False
NEO2417,2025-09-25,108669,5.6,False
NEO2418,2025-03-17,219280,14.3,False
NEO2419,2025-07-12,235243,12.3,False
NEO2420,2025-04-24,106371,10.6,False
NEO2421,2025-04-04,95307,3.7,False
NEO2422,2025-05-23,252137,9.9,True
NEO2423,2025-12-07,282288,3.8,True
NEO2424,2025-12-13,123826,8.5,False
NEO2425,2025-07-03,212472,7.8,False
NEO2426,2025-03-22,50140,5.8,True
NEO2427,2025-11-25,126559,4.6,True
NEO2428,2025-07-18,158340,4.5,True
NEO2429,2025-12-24,167678,9.5,True
NEO2430,2025-11-09,290144,6.5,True
NEO2431,2025-12-25,248902,13.3,True
NEO2432,2025-05-19,242696,6.5,True
NEO2433,2025-07-25,74407,11.6,False
NEO2434,2025-06-05,158408,9.4,False
NEO2435,2025-03-05,177119,4.8,False
NEO2436,2025-04-17,282845,6.7,True
NEO2437,2025-03-07,275261,7.4,True
NEO2438,2025-05-12,117944,4.2,True
NEO2439,2025-01-15,286574,13.0,True
NEO2440,2025-02-23,53499,12.5,True
NEO2441,2025-08-13,203172,10.2,False
NEO2442,2025-02-01,31775,4.3,True
NEO2443,2025-09-17,100969,5.4,False
NEO2444,2025-12-25,239901,6.6,False
NEO2445,2025-11-13,257842,8.5,False
NEO2446,2025-10-27,35217,6.0,False
NEO2447,2025-09-18,36561,11.4,False
NEO2448,2025-04-18,174060,12.4,False
NEO2449,2025-02-17,276646,12.4,True
NEO2450,2025-12-30,57672,10.4,True
NEO2451,2025-12-30,95667,13.3,False
NEO2452,2025-10-07,202688,6.6,True
NEO2453,2025-07-15,248236,6.3,False
NEO2454,2025-01-16,261109,3.2,True
NEO2455,2025-12-27,30507,7.4,True
NEO2456,2025-06-27,239786,4.4,False
NEO2457,2025-08-09,122595,9.8,False
NEO2458,2025-09-09,37150,3.7,True
NEO2459,2025-02-13,94694,10.3,True
NEO2460,2025-03-31,278717,9.9,False
NEO2461,2025-06-18,172246,11.3,True
NEO2462,2025-07-12,139555,11.8,True
NEO2463,2025-11-05,182756,6.6,True
NEO2464,2025-09-27,297726,3.8,True
NEO2465,2025-09-26,241148,8.9,True
NEO2466,2025-10-28,283587,5.0,True
NEO2467,2025-11-05,250791,5.9,True
NEO2468,2025-05-14,242679,13.7,True
NEO2469,2025-10-18,224392,9.9,True
NEO2470,2025-01-12,34837,10.4,True
NEO2471,2025-04-21,299145,4.7,True
NEO2472,2025-04-14,173237,3.5,False
NEO2473,2025-09-01,133428,7.4,True
NEO2474,2025-10-14,146021,14.3,True
NEO2475,2025-05-17,58806,10.1,True
NEO2476,2025-04-06,227768,7.4,True
NEO2477,2025-03-27,68004,14.5,False
NEO2478,2025-02-09,279631,13.0,False
NEO2479,2025-12-24,263871,5.7,True
NEO2480,2025-05-31,287984,4.5,False
NEO2481,2025-06-13,39811,3.8,False
NEO2482,2025-11-13,58767,4.6,True
NEO2483,2025-02-12,263513,12.4,False
NEO2484,2025-04-29,35346,9.1,False
NEO2485,2025-09-29,100622,4.8,False
NEO2486,2025-06-17,293516,11.9,False
NEO2487,2025-10-30,286628,10.5,False
NEO2488,2025-11-07,133143,4.1,False
NEO2489,2025-04-16,132867,8.2,True
NEO2490,2025-04-25,141861,10.9,False
NEO2491,2025-02-11,98003,5.0,False
NEO2492,2025-12-20,105744,8.1,False
NEO2493,2025-03-08,211633,4.7,False
NEO2494,2025-09-20,233255,9.3,True
NEO2495,2025-01-16,234870,4.1,True
NEO2496,2025-03-06,257763,6.6,True
NEO2497,2025-04-22,259792,7.1,False
NEO2498,2025-01-09,122711,9.5,True
NEO2499,2025-01-29,216547,8.9,False
NEO2500,2025-04-05,83736,9.7,False
NEO2501,2025-09-28,232172,11.5,True
NEO2502,2025-12-31,255956,9.1,False
NEO2503,2025-01-26,151609,13.6,True
NEO2504,2025-12-25,254184,10.4,True
NEO2505,2025-07-26,121649,8.3,True
NEO2506,2025-08-24,214919,13.9,True
NEO2507,2025-10-16,186842,12.9,True
NEO2508,2025-09-25,253106,7.0,True
NEO2509,2025-09-19,200021,4.9,True
NEO2510,2025-09-07,31027,6.6,False
NEO2511,2025-06-20,224664,6.2,False
NEO2512,2025-12-22,200140,11.3,False
NEO2513,2025-01-13,89731,4.7,True
NEO2514,2025-01-16,117343,8.1,True
NEO2515,2025-01-31,117468,9.3,False
NEO2516,2025-06-15,142442,14.2,True
NEO2517,2025-10-12,120395,4.9,True
NEO2518,2025-09-24,112612,10.8,False
NEO2519,2025-03-30,298213,7.9,True
NEO2520,2025-01-16,286874,14.6,False
NEO2521,2025-06-22,299634,8.8,False
NEO2522,2025-10-07,247645,11.1,True
NEO2523,2025-08-19,231634,3.8,False
NEO2524,2025-12-17,178870,3.2,True
NEO2525,2025-05-16,195847,13.3,False
NEO2526,2025-08-31,59231,4.0,False
NEO2527,2025-02-04,155289,9.4,True
NEO2528,2025-12-04,174609,14.6,False
NEO2529,2025-04-10,96996,6.3,False
NEO2530,2025-12-09,38061,13.3,False
NEO2531,2025-03-19,46490,12.8,False
NEO2532,2025-04-25,197980,6.2,False
NEO2533,2025-06-30,98347,12.5,False
NEO2534,2025-11-24,110695,12.2,True
NEO2535,2025-06-19,244106,13.3,True
NEO2536,2025-12-06,148429,7.4,True
NEO2537,2025-11-04,209325,11.3,False
NEO2538,2025-07-29,50772,13.7,True
NEO2539,2025-05-02,136454,13.5,False
NEO2540,2025-03-17,282820,8.6,True
NEO2541,2025-12-24,178533,13.8,True
NEO2542,2025-12-19,114781,11.2,True
NEO2543,2025-04-09,70722,14.6,False
NEO2544,2025-10-08,46650,6.5,False
NEO2545,2025-07-16,48612,13.5,True
NEO2546,2025-04-01,244639,10.9,False
NEO2547,2025-06-19,34144,8.8,True
NEO2548,2025-03-21,121332,3.6,False
NEO2549,2025-12-30,288367,11.0,True
NEO2550,2025-10-27,185133,8.4,True
NEO2551,2025-02-01,84046,8.7,False
NEO2552,2025-03-13,43456,6.1,False
NEO2553,2025-05-02,284390,4.6,False
NEO2554,2025-05-23,62846,11.1,True
NEO2555,2025-03-25,65281,8.8,True
NEO2556,2025-11-19,185377,6.6,True
NEO2557,2025-11-14,37232,9.3,False
NEO2558,2025-07-02,102134,4.4,False
NEO2559,2025-07-08,251533,11.2,False
NEO2560,2025-09-19,117558,11.4,True
NEO2561,2025-08-17,204828,6.9,True
NEO2562,2025-09-21,160409,14.1,True
NEO2563,2025-09-11,235114,11.9,True
NEO2564,2025-07-12,33570,12.3,True
NEO2565,2025-06-18,81277,14.9,False
NEO2566,2025-09-09,39658,12.0,True
NEO2567,2025-04-07,177734,7.0,False
NEO2568,2025-04-18,278351,7.0,True
NEO2569,2025-11-03,231223,11.4,True
NEO2570,2025-08-24,247471,3.8,True
NEO2571,2025-06-27,109013,12.6,False
NEO2572,2025-07-25,271332,4.3,False
NEO2573,2025-06-02,249852,6.6,False
NEO2574,2025-07-17,41968,14.7,False
NEO2575,2025-06-25,144623,14.0,False
NEO2576,2025-09-13,171957,6.7,True
NEO2577,2025-03-04,285788,6.0,True
NEO2578,2025-07-10,266589,10.1,False
NEO2579,2025-05-12,53672,13.4,True
NEO2580,2025-09-06,218768,9.9,True
NEO2581,2025-06-08,251228,13.1,False
NEO2582,2025-05-01,59141,9.2,False
NEO2583,2025-03-15,101062,11.5,True
NEO2584,2025-01-02,144255,10.5,True
NEO2585,2025-08-28,139760,10.6,True
NEO2586,2025-07-19,99601,6.8,True
NEO2587,2025-09-07,54765,13.5,True
NEO2588,2025-02-12,190977,4.0,False
NEO2589,2025-01-31,87988,9.3,True
NEO2590,2025-01-17,211622,14.1,True
NEO2591,2025-08-10,229165,14.7,False
NEO2592,2025-12-24,160334,14.9,False
NEO2593,2025-06-29,292084,6.3,True
NEO2594,2025-09-27,133989,8.9,True
NEO2595,2025-06-23,159091,14.6,True
NEO2596,2025-12-23,234061,4.1,False
NEO2597,2025-06-13,145514,4.1,True
NEO2598,2025-05-04,154950,14.2,False
NEO2599,2025-10-08,94480,12.4,True
NEO2600,2025-11-06,226997,3.4,True
NEO2601,2025-10-21,101525,7.3,False
NEO2602,2025-09-29,124117,12.4,False
NEO2603,2025-05-25,30058,9.3,False
NEO2604,2025-04-09,215855,4.0,True
NEO2605,2025-03-02,131742,8.9,True
NEO2606,2025-06-13,78572,11.1,False
NEO2607,2025-12-12,222786,3.5,False
NEO2608,2025-08-19,223778,9.2,False
NEO2609,2025-06-18,120488,7.8,True
NEO2610,2025-04-24,126603,11.9,False
NEO2611,2025-01-23,239089,9.5,True
NEO2612,2025-06-22,97542,3.3,False
NEO2613,2025-09-08,34699,13.4,False
NEO2614,2025-04-25,133720,3.8,False
NEO2615,2025-02-25,42788,13.6,False
NEO2616,2025-04-09,82439,5.2,True
NEO2617,2025-04-08,228533,8.1,False
NEO2618,2025-04-04,204797,4.4,True
NEO2619,2025-11-21,85209,8.6,False
NEO2620,2025-03-26,182512,3.7,False
NEO2621,2025-08-13,278364,14.7,True
NEO2622,2025-06-14,256924,14.0,True
NEO2623,2025-09-05,96261,6.8,True
NEO2624,2025-10-19,53913,5.1,True
NEO2625,2025-04-11,150477,5.1,False
NEO2626,2025-12-06,41216,7.1,False
NEO2627,2025-08-27,170445,14.3,False
NEO2628,2025-02-10,278773,7.5,False
NEO2629,2025-06-21,121791,12.6,False
NEO2630,2025-12-05,252662,8.7,True
NEO2631,2025-12-31,31038,8.0,True
NEO2632,2025-09-09,262807,13.8,False
NEO2633,2025-02-05,107111,6.6,True
NEO2634,2025-09-29,65277,3.2,True
NEO2635,2025-03-31,227166,9.7,True
NEO2636,2025-04-29,92893,7.5,False
NEO2637,2025-11-26,98698,7.5,True
NEO2638,2025-10-28,177426,12.3,False
NEO2639,2025-01-02,84159,9.1,False
NEO2640,2025-08-16,215777,11.5,False
NEO2641,2025-07-19,191746,5.2,True
NEO2642,2025-05-01,148685,9.9,False
NEO2643,2025-01-23,223003,8.3,True
NEO2644,2025-07-27,105399,5.4,False
NEO2645,2025-12-26,202874,4.6,True
NEO2646,2025-04-28,107112,14.2,False
NEO2647,2025-01-14,130490,3.3,True
NEO2648,2025-02-10,248833,13.2,True
NEO2649,2025-10-10,137700,9.8,False
NEO2650,2025-12-10,103675,8.4,True
NEO2651,2025-11-07,46749,9.2,False
NEO2652,2025-04-13,215307,7.9,True
NEO2653,2025-03-20,86244,5.6,False
NEO2654,2025-09-06,181415,8.5,False
NEO2655,2025-12-10,167086,10.7,False
NEO2656,2025-06-22,207815,9.0,True
NEO2657,2025-02-01,53431,7.9,True
NEO2658,2025-01-05,79629,9.7,False
NEO2659,2025-10-24,273199,10.6,False
NEO2660,2025-05-18,296334,14.2,True
NEO2661,2025-03-14,244610,4.4,True
NEO2662,2025-02-02,61124,6.0,True
NEO2663,2025-07-09,258425,6.9,False
NEO2664,2025-01-06,52743,13.3,True
NEO2665,2025-02-17,71465,3.1,True
NEO2666,2025-06-16,225231,13.5,False
NEO2667,2025-03-07,226336,12.6,False
NEO2668,2025-12-29,72549,8.0,False
NEO2669,2025-10-31,231828,10.7,True
NEO2670,2025-03-02,116807,8.2,False
NEO2671,2025-11-18,183852,12.8,True
NEO2672,2025-01-09,270970,11.5,False
NEO2673,2025-02-04,247072,10.7,False
NEO2674,2025-09-01,234739,3.8,False
NEO2675,2025-03-18,76523,4.1,False
NEO2676,2025-05-30,203044,11.9,True
NEO2677,2025-01-23,42787,14.9,False
NEO2678,2025-12-20,228355,13.0,False
NEO2679,2025-09-16,274374,9.0,True
NEO2680,2025-02-02,293678,14.4,True
NEO2681,2025-04-23,242025,8.0,True
NEO2682,2025-04-27,165491,12.2,True
NEO2683,2025-06-11,255754,7.1,True
NEO2684,2025-01-13,143397,11.0,True
NEO2685,2025-06-27,76534,14.2,True
NEO2686,2025-01-24,177409,12.3,True
NEO2687,2025-08-26,125205,11.9,True
NEO2688,2025-10-22,30262,9.8,False
NEO2689,2025-09-29,82504,14.7,False
NEO2690,2025-10-17,161270,10.7,False
NEO2691,2025-04-12,56296,11.9,False
NEO2692,2025-07-31,231223,5.0,True
NEO2693,2025-08-03,127139,5.1,True
NEO2694,2025-02-13,53226,4.3,False
NEO2695,2025-12-25,232969,11.1,True
NEO2696,2025-09-30,84112,10.8,True
NEO2697,2025-12-24,242088,14.3,False
NEO2698,2025-05-16,111588,13.4,False
NEO2699,2025-04-03,67653,11.9,False
NEO2700,2025-01-25,141239,11.4,False
NEO2701,2025-02-12,36594,13.9,False
NEO2702,2025-08-19,186884,12.5,False
NEO2703,2025-11-14,274994,14.2,True
NEO2704,2025-01-05,262439,13.1,True
NEO2705,2025-10-08,33802,12.3,False
NEO2706,2025-04-10,101667,12.7,True
NEO2707,2025-02-27,234564,10.8,False
NEO2708,2025-12-27,66210,11.7,True
NEO2709,2025-07-21,241029,7.4,False
NEO2710,2025-09-27,177753,11.6,False
NEO2711,2025-04-04,58682,14.0,True
NEO2712,2025-10-07,71052,14.0,True
NEO2713,2025-04-14,195796,10.0,True
NEO2714,2025-06-21,265962,6.0,False
NEO2715,2025-07-11,288978,8.3,False
NEO2716,2025-04-06,294087,11.3,True
NEO2717,2025-07-15,44942,11.9,True
NEO2718,2025-08-26,84535,14.3,True
NEO2719,2025-05-08,120138,3.5,True
NEO2720,2025-12-26,249912,6.6,True
NEO2721,2025-08-19,207168,14.8,True
NEO2722,2025-07-08,198211,4.8,True
NEO2723,2025-03-06,133324,8.8,False
NEO2724,2025-04-15,123486,12.6,False
NEO2725,2025-03-27,285265,4.5,False
NEO2726,2025-05-04,165777,14.3,True
NEO2727,2025-09-10,123648,5.9,True
NEO2728,2025-06-19,173116,11.6,False
NEO2729,2025-09-28,134379,7.1,True
NEO2730,2025-10-26,176254,10.2,True
NEO2731,2025-12-07,40702,6.2,False
NEO2732,2025-05-26,65713,13.3,True
NEO2733,2025-10-20,264501,4.0,False
NEO2734,2025-09-11,227281,12.8,True
NEO2735,2025-10-29,119499,4.1,True
NEO2736,2025-02-11,73310,9.0,False
NEO2737,2025-12-16,36739,14.6,True
NEO2738,2025-12-15,38953,14.6,False
NEO2739,2025-05-06,158007,3.2,True
NEO2740,2025-04-15,107811,10.0,False
NEO2741,2025-02-04,216720,4.8,True
NEO2742,2025-09-05,79471,10.3,True
NEO2743,2025-03-19,137433,12.6,False
NEO2744,2025-10-14,212476,10.1,False
NEO2745,2025-12-16,153750,3.5,True
NEO2746,2025-04-26,118605,11.6,False
NEO2747,2025-07-10,163886,14.2,True
NEO2748,2025-12-23,137704,9.0,False
NEO2749,2025-03-15,54484,4.0,False
NEO2750,2025-01-29,137348,13.9,False
NEO2751,2025-10-22,74938,7.1,True
NEO2752,2025-06-09,173449,4.8,True
NEO2753,2025-12-22,143934,5.3,False
NEO2754,2025-10-12,287002,8.0,True
NEO2755,2025-07-01,50691,8.5,True
NEO2756,2025-07-19,233668,4.0,False
NEO2757,2025-04-15,295580,14.7,False
NEO2758,2025-10-16,160617,5.5,False
NEO2759,2025-01-31,191069,5.0,False
NEO2760,2025-01-19,69616,10.0,False
NEO2761,2025-09-25,165616,12.3,True
NEO2762,2025-01-11,190022,3.6,False
NEO2763,2025-08-19,63445,10.7,True
NEO2764,2025-07-02,104621,7.6,False
NEO2765,2025-06-12,278807,8.2,True
NEO2766,2025-10-01,85410,13.2,False
NEO2767,2025-11-17,149542,8.1,False
NEO2768,2025-03-28,265152,8.1,False
NEO2769,2025-03-26,104981,11.5,False
NEO2770,2025-06-12,192941,9.7,False
NEO2771,2025-02-12,256035,9.5,True
NEO2772,2025-11-25,132851,10.1,False
NEO2773,2025-02-10,144995,4.6,False
NEO2774,2025-09-03,272313,11.2,False
NEO2775,2025-04-17,148278,5.7,False
NEO2776,2025-05-21,255894,8.3,False
NEO2777,2025-02-15,115111,12.2,False
NEO2778,2025-01-04,147501,8.6,True
NEO2779,2025-04-27,263559,3.8,False
NEO2780,2025-02-16,221830,8.0,True
NEO2781,2025-10-19,150299,11.9,False
NEO2782,2025-01-24,64115,7.7,False
NEO2783,2025-12-16,57430,11.8,True
NEO2784,2025-07-17,48682,8.3,True
NEO2785,2025-07-07,40829,6.5,True
NEO2786,2025-07-22,113283,12.6,True
NEO2787,2025-11-14,87347,5.6,True
NEO2788,2025-10-08,286394,11.2,False
NEO2789,2025-03-13,131079,4.6,False
NEO2790,2025-07-01,140274,3.8,False
NEO2791,2025-05-29,168944,9.4,False
NEO2792,2025-05-15,61835,10.9,False
NEO2793,2025-09-13,78791,3.8,False
NEO2794,2025-04-01,97005,13.6,True
NEO2795,2025-06-18,46551,10.9,True
NEO2796,2025-03-29,98966,7.5,True
NEO2797,2025-01-10,220297,15.0,True
NEO2798,2025-07-17,140104,5.5,False
NEO2799,2025-01-27,175664,12.0,True
NEO2800,2025-06-29,56069,6.5,False
NEO2801,2025-09-02,263515,13.0,True
NEO2802,2025-11-15,194110,6.2,False
NEO2803,2025-12-20,252029,6.7,True
NEO2804,2025-09-06,168567,3.6,False
NEO2805,2025-06-18,120877,12.8,False
NEO2806,2025-06-27,34516,7.4,False
NEO2807,2025-01-05,233878,6.6,False
NEO2808,2025-10-03,291308,10.9,False
NEO2809,2025-08-21,115702,8.5,True
NEO2810,2025-12-27,260446,9.1,True
NEO2811,2025-12-29,39755,10.0,False
NEO2812,2025-12-11,253440,4.9,False
NEO2813,2025-03-05,110018,8.5,True
NEO2814,2025-01-27,115904,13.7,True
NEO2815,2025-02-07,253488,5.9,True
NEO2816,2025-06-07,165940,8.1,True
NEO2817,2025-09-23,46667,8.5,False
NEO2818,2025-12-26,46760,12.5,False
NEO2819,2025-07-28,247328,7.7,False
NEO2820,2025-10-03,54461,5.1,True
NEO2821,2025-11-21,97920,10.0,False
NEO2822,2025-01-20,207406,6.7,False
NEO2823,2025-11-27,264907,9.3,False
NEO2824,2025-12-31,226427,12.8,False
NEO2825,2025-05-31,238197,3.4,True
NEO2826,2025-04-28,156540,4.5,True
NEO2827,2025-05-11,90672,6.2,False
NEO2828,2025-07-21,228069,10.1,False
NEO2829,2025-05-11,89373,10.4,True
NEO2830,2025-12-30,150317,8.8,False
NEO2831,2025-10-27,168878,9.0,True
NEO2832,2025-01-21,131388,4.7,True
NEO2833,2025-08-16,37513,9.2,True
NEO2834,2025-10-05,144839,12.9,True
NEO2835,2025-04-17,233188,10.0,False
NEO2836,2025-12-16,179722,10.9,True
NEO2837,2025-06-14,278573,8.7,True
NEO2838,2025-09-08,238412,5.9,True
NEO2839,2025-12-12,256010,8.3,False
NEO2840,2025-05-16,122473,6.0,False
NEO2841,2025-06-28,285894,13.0,False
NEO2842,2025-08-17,195879,5.2,True
NEO2843,2025-04-25,45607,13.6,False
NEO2844,2025-05-01,106119,7.3,False
NEO2845,2025-10-20,31040,10.4,True
NEO2846,2025-08-02,179259,6.4,True
NEO2847,2025-12-07,198320,9.9,True
NEO2848,2025-02-01,111429,11.5,True
NEO2849,2025-08-30,107306,3.3,False
NEO2850,2025-02-07,142595,4.6,False
NEO2851,2025-07-06,272440,8.0,False
NEO2852,2025-10-14,267499,12.7,False
NEO2853,2025-11-30,94164,11.0,False
NEO2854,2025-04-23,86938,13.9,False
NEO2855,2025-09-20,285999,4.3,True
NEO2856,2025-05-05,298346,12.5,True
NEO2857,2025-12-17,85008,7.6,False
NEO2858,2025-09-26,153527,4.8,True
NEO2859,2025-05-22,284316,8.7,False
NEO2860,2025-01-23,79026,3.4,False
NEO2861,2025-12-11,84575,12.7,True
NEO2862,2025-09-13,37048,14.3,False
NEO2863,2025-07-18,207454,7.7,False
NEO2864,2025-07-12,256285,6.4,False
NEO2865,2025-11-23,122621,14.0,True
NEO2866,2025-08-31,267925,11.1,True
NEO2867,2025-09-11,38957,8.7,True
NEO2868,2025-05-06,122426,8.4,True
NEO2869,2025-03-05,256869,13.0,False
NEO2870,2025-04-13,33517,12.8,True
NEO2871,2025-01-16,139382,8.5,True
NEO2872,2025-02-05,109475,10.6,True
NEO2873,2025-04-08,248285,10.9,False
NEO2874,2025-06-12,191142,11.7,False
NEO2875,2025-04-04,205618,7.7,True
NEO2876,2025-04-26,259228,14.4,False
NEO2877,2025-11-22,263819,5.7,True
NEO2878,2025-09-13,94497,11.9,True
NEO2879,2025-11-14,155147,12.8,True
NEO2880,2025-09-16,269975,4.2,True
NEO2881,2025-04-02,116918,4.6,True
NEO2882,2025-07-23,41237,10.8,True
NEO2883,2025-06-09,209698,6.9,False
NEO2884,2025-11-11,31866,3.3,True
NEO2885,2025-01-27,276287,5.7,False
NEO2886,2025-04-05,152491,14.3,False
NEO2887,2025-10-26,209124,14.6,False
NEO2888,2025-01-20,131239,9.9,True
NEO2889,2025-08-22,225470,5.7,False
NEO2890,2025-03-23,201712,12.7,True
NEO2891,2025-07-17,268855,4.2,True
NEO2892,2025-04-23,178837,9.4,True
NEO2893,2025-01-06,180275,7.3,True
NEO2894,2025-10-01,253953,3.6,True
NEO2895,2025-12-25,283434,3.5,True
NEO2896,2025-02-18,59209,7.6,True
NEO2897,2025-12-26,282257,12.0,False
NEO2898,2025-03-05,118046,3.3,True
NEO2899,2025-12-15,244034,9.1,True
NEO2900,2025-02-25,103252,8.7,True
NEO2901,2025-04-11,148316,3.9,False
NEO2902,2025-06-29,61873,11.0,True
NEO2903,2025-05-26,66853,14.4,False
NEO2904,2025-07-13,173369,11.7,True
NEO2905,2025-09-16,93417,4.5,True
NEO2906,2025-09-28,66795,5.2,True
NEO2907,2025-01-02,142556,12.5,False
NEO2908,2025-02-14,216021,3.8,True
NEO2909,2025-04-11,218088,8.0,True
NEO2910,2025-08-29,126373,13.4,False
NEO2911,2025-03-06,253012,9.0,True
NEO2912,2025-03-29,286920,10.5,False
NEO2913,2025-08-10,128102,4.2,False
NEO2914,2025-03-21,237510,10.6,False
NEO2915,2025-06-09,157828,7.2,True
NEO2916,2025-02-17,281453,11.6,False
NEO2917,2025-02-07,98200,8.4,True
NEO2918,2025-12-30,183456,4.7,True
NEO2919,2025-10-24,161900,13.4,True
NEO2920,2025-09-11,76663,15.0,True
NEO2921,2025-10-19,120534,5.3,False
NEO2922,2025-10-07,78256,9.6,True
NEO2923,2025-03-17,281509,4.8,True
NEO2924,2025-07-16,193239,14.7,True
NEO2925,2025-10-14,145407,11.3,True
NEO2926,2025-09-29,55057,7.7,True
NEO2927,2025-05-16,225956,6.1,False
NEO2928,2025-04-13,75224,3.6,True
NEO2929,2025-07-26,249575,11.2,False
NEO2930,2025-12-14,105373,5.2,False
NEO2931,2025-02-07,67653,13.6,False
NEO2932,2025-05-20,50667,12.0,False
NEO2933,2025-03-15,283012,7.1,False
NEO2934,2025-09-29,263522,14.9,True
NEO2935,2025-07-04,287385,4.6,True
NEO2936,2025-09-04,33404,11.4,False
NEO2937,2025-12-05,142160,12.1,True
NEO2938,2025-07-27,36797,7.0,True
NEO2939,2025-01-11,212114,3.4,False
NEO2940,2025-07-28,117431,13.1,True
NEO2941,2025-02-10,208217,11.1,False
NEO2942,2025-09-04,235692,4.9,True
NEO2943,2025-07-19,289586,3.1,True
NEO2944,2025-11-21,256180,4.1,True
NEO2945,2025-10-15,159359,7.2,True
NEO2946,2025-06-20,269738,10.3,True
NEO2947,2025-05-05,51728,4.0,True
NEO2948,2025-12-19,89317,9.0,False
NEO2949,2025-05-31,171789,6.4,False
NEO2950,2025-10-18,37594,11.6,False
NEO2951,2025-12-26,88778,8.0,True
NEO2952,2025-03-13,60519,13.8,False
NEO2953,2025-02-08,144318,10.6,True
NEO2954,2025-04-10,287608,7.1,False
NEO2955,2025-06-05,47991,10.2,False
NEO2956,2025-12-07,204134,11.7,False
NEO2957,2025-02-22,139398,10.9,False
NEO2958,2025-06-02,109181,6.3,False
NEO2959,2025-12-23,223312,14.0,True
NEO2960,2025-08-01,69461,9.0,True
NEO2961,2025-12-11,33708,4.2,False
NEO2962,2025-09-16,284477,7.7,True
NEO2963,2025-04-20,202818,5.2,False
NEO2964,2025-05-17,218628,5.2,False
NEO2965,2025-09-20,222294,4.6,False
NEO2966,2025-12-06,120850,5.6,True
NEO2967,2025-01-21,143960,8.1,True
NEO2968,2025-09-11,144303,4.3,True
NEO2969,2025-12-11,83732,5.4,True
NEO2970,2025-07-16,126204,13.0,False
NEO2971,2025-02-03,282390,8.0,True
NEO2972,2025-12-31,41217,4.4,True
NEO2973,2025-01-24,262292,11.9,False
NEO2974,2025-10-08,250674,6.7,True
NEO2975,2025-09-07,174230,14.2,True
NEO2976,2025-04-05,228425,4.2,False
NEO2977,2025-07-14,241141,14.3,True
NEO2978,2025-10-09,119318,12.7,True
NEO2979,2025-09-23,217614,12.2,False
NEO2980,2025-03-14,187282,13.6,True
NEO2981,2025-12-03,256886,7.0,True
NEO2982,2025-06-28,296300,8.2,True
NEO2983,2025-11-20,57394,7.7,True
NEO2984,2025-05-29,164018,8.4,False
NEO2985,2025-04-20,250364,9.3,True
NEO2986,2025-09-23,102998,4.8,False
NEO2987,2025-07-12,191240,7.2,True
NEO2988,2025-07-30,186070,12.0,False
NEO2989,2025-08-15,90877,12.7,False
NEO2990,2025-03-22,98348,7.9,True
NEO2991,2025-04-13,93454,3.2,True
NEO2992,2025-08-13,107858,5.2,False
NEO2993,2025-09-20,85852,8.1,True
NEO2994,2025-09-27,142647,6.2,True
NEO2995,2025-03-09,106914,11.0,False
NEO2996,2025-03-21,100690,9.1,True
NEO2997,2025-08-21,206391,11.0,False
NEO2998,2025-07-14,36899,5.3,True
NEO2999,2025-07-02,62139,3.1,False
NEO3000,2025-04-12,142494,9.1,True
NEO3001,2025-05-19,178951,4.7,False
NEO3002,2025-08-17,282894,11.7,False
NEO3003,2025-01-16,123388,5.8,True
NEO3004,2025-04-08,31827,14.6,False
NEO3005,2025-04-26,248259,7.2,True
NEO3006,2025-11-29,288766,11.2,True
NEO3007,2025-09-20,192704,8.2,False
NEO3008,2025-01-07,291223,14.3,True
NEO3009,2025-01-17,191508,5.3,True
NEO3010,2025-11-24,58067,3.5,True
NEO3011,2025-06-29,105957,5.5,True
NEO3012,2025-08-14,79153,14.4,False
NEO3013,2025-06-06,61590,11.2,False
NEO3014,2025-09-03,87025,10.6,True
NEO3015,2025-05-11,69799,13.8,True
NEO3016,2025-12-22,152680,12.9,False
NEO3017,2025-05-13,49075,4.7,False
NEO3018,2025-07-09,240762,10.0,False
NEO3019,2025-01-25,287089,6.9,False
NEO3020,2025-09-03,295706,13.5,True
NEO3021,2025-01-15,236969,6.7,False
NEO3022,2025-12-21,31387,9.4,False
NEO3023,2025-06-10,286411,4.7,False
NEO3024,2025-08-26,31691,14.8,False
NEO3025,2025-02-04,37408,11.6,True
NEO3026,2025-05-04,277085,4.6,True
NEO3027,2025-05-06,237001,7.9,True
NEO3028,2025-03-08,269088,8.7,True
NEO3029,2025-07-15,261664,9.8,True
NEO3030,2025-09-13,292215,11.5,True
NEO3031,2025-01-25,46241,7.1,True
NEO3032,2025-11-18,97723,3.5,False
NEO3033,2025-08-21,32149,12.6,False
NEO3034,2025-07-26,297229,4.1,True
NEO3035,2025-08-26,276307,8.0,False
NEO3036,2025-08-30,190926,8.7,False
NEO3037,2025-04-18,249795,8.5,True
NEO3038,2025-06-04,224600,5.4,False
NEO3039,2025-07-07,38127,4.0,True
NEO3040,2025-08-03,94805,14.8,True
NEO3041,2025-11-04,202977,8.8,False
NEO3042,2025-10-05,63730,9.9,False
NEO3043,2025-02-07,179917,9.0,True
NEO3044,2025-11-04,141366,4.1,True
NEO3045,2025-08-23,163207,9.6,False
NEO3046,2025-10-08,120493,7.2,True
NEO3047,2025-08-17,249356,8.5,True
NEO3048,2025-11-25,285641,12.7,False
NEO3049,2025-01-18,250219,3.3,True
NEO3050,2025-06-03,47076,11.8,True
NEO3051,2025-07-12,64519,5.2,False
NEO3052,2025-08-03,277608,4.8,False
NEO3053,2025-11-24,223385,11.6,False
NEO3054,2025-04-26,173470,12.3,True
NEO3055,2025-05-19,72438,6.1,False
NEO3056,2025-12-06,276152,5.4,False
NEO3057,2025-07-03,167297,4.6,False
NEO3058,2025-04-27,133425,7.2,True
NEO3059,2025-06-01,292401,9.4,False
NEO3060,2025-08-21,284099,11.4,False
NEO3061,2025-09-28,178103,8.9,False
NEO3062,2025-06-01,131076,10.0,True
NEO3063,2025-01-12,210206,4.7,False
NEO3064,2025-08-28,30784,8.4,True
NEO3065,2025-07-01,92413,8.4,True
NEO3066,2025-05-24,86583,12.2,False
NEO3067,2025-06-17,109676,6.1,True
NEO3068,2025-07-03,83962,9.5,True
NEO3069,2025-05-01,277679,11.0,False
NEO3070,2025-11-18,51975,5.4,False
NEO3071,2025-01-30,275301,7.5,False
NEO3072,2025-11-06,211674,4.7,False
NEO3073,2025-08-15,107697,10.8,False
NEO3074,2025-07-28,277675,13.6,False
NEO3075,2025-11-16,103813,13.1,False
NEO3076,2025-04-17,74977,12.3,False
NEO3077,2025-09-11,64623,12.2,False
NEO3078,2025-05-12,126731,14.3,True
NEO3079,2025-09-06,245912,5.1,True
NEO3080,2025-06-11,92988,7.6,True
NEO3081,2025-08-22,61759,8.3,False
NEO3082,2025-12-02,270694,11.1,False
NEO3083,2025-11-19,143960,9.1,False
NEO3084,2025-07-21,37307,12.2,False
NEO3085,2025-10-07,69261,12.4,True
NEO3086,2025-03-07,133162,11.9,True
NEO3087,2025-12-27,298210,3.6,False
NEO3088,2025-08-23,42720,5.7,True
NEO3089,2025-03-21,81144,8.4,False
NEO3090,2025-04-08,142635,10.0,True
NEO3091,2025-02-15,81773,11.6,True
NEO3092,2025-07-24,154890,9.8,False
NEO3093,2025-10-05,296030,9.8,True
NEO3094,2025-10-20,34029,7.2,False
NEO3095,2025-09-08,50888,10.9,True
NEO3096,2025-12-10,31362,11.9,True
NEO3097,2025-05-22,137348,6.7,False
NEO3098,2025-09-06,106587,9.7,False
NEO3099,2025-09-16,154175,7.8,False
NEO3100,2025-10-03,115779,4.8,True
NEO3101,2025-05-26,260561,12.0,False
NEO3102,2025-07-23,295422,3.4,False
NEO3103,2025-05-18,85586,7.2,False
NEO3104,2025-06-25,203182,5.3,False
NEO3105,2025-05-31,220641,9.1,False
NEO3106,2025-10-11,96660,3.6,False
NEO3107,2025-09-13,263832,14.9,True
NEO3108,2025-12-08,265588,6.6,True
NEO3109,2025-10-03,288333,8.0,True
NEO3110,2025-07-06,257470,8.6,True
NEO3111,2025-11-21,219766,11.7,True
NEO3112,2025-12-03,89739,6.7,False
NEO3113,2025-03-07,219267,6.4,False
NEO3114,2025-10-22,88448,11.6,True
NEO3115,2025-06-29,119016,8.1,True
NEO3116,2025-10-08,112821,6.6,False
NEO3117,2025-04-11,259295,7.5,True
NEO3118,2025-02-11,209068,9.2,False
NEO3119,2025-02-07,210150,11.5,True
NEO3120,2025-05-16,224263,5.4,True
NEO3121,2025-04-08,239464,4.4,False
NEO3122,2025-03-22,213220,10.2,False
NEO3123,2025-09-23,293990,8.1,False
NEO3124,2025-11-21,81918,9.1,False
NEO3125,2025-12-15,200381,4.7,True
NEO3126,2025-06-27,292601,7.5,False
NEO3127,2025-01-16,289400,14.9,False
NEO3128,2025-12-13,253219,3.1,False
NEO3129,2025-02-03,91675,11.7,False
NEO3130,2025-11-27,295929,8.3,True
NEO3131,2025-01-05,261551,8.4,True
NEO3132,2025-12-09,257447,5.9,True
NEO3133,2025-07-11,243963,10.4,False
NEO3134,2025-06-19,168802,4.8,False
NEO3135,2025-04-25,274130,12.2,False
NEO3136,2025-12-30,52351,5.6,False
NEO3137,2025-09-17,147820,4.7,True
NEO3138,2025-12-05,137349,3.6,False
NEO3139,2025-02-27,40611,6.0,False
NEO3140,2025-01-19,67307,11.5,False
NEO3141,2025-04-30,38510,7.6,False
NEO3142,2025-01-12,197655,4.1,False
NEO3143,2025-09-03,51293,5.5,True
NEO3144,2025-02-27,191298,5.4,False
NEO3145,2025-07-24,265549,12.6,False
NEO3146,2025-07-31,132825,12.3,True
NEO3147,2025-08-04,176727,6.2,False
NEO3148,2025-11-17,188367,4.5,True
NEO3149,2025-02-21,269015,8.5,False
NEO3150,2025-03-03,163416,12.1,True
NEO3151,2025-10-25,263181,12.1,True
NEO3152,2025-07-13,61590,6.3,True
NEO3153,2025-11-25,289415,7.6,False
NEO3154,2025-08-15,285793,11.4,False
NEO3155,2025-05-12,69263,5.4,True
NEO3156,2025-08-13,206223,3.4,False
NEO3157,2025-06-15,194084,11.3,False
NEO3158,2025-11-10,297454,7.4,True
NEO3159,2025-05-06,241408,13.1,True
NEO3160,2025-04-04,40165,11.8,False
NEO3161,2025-07-03,123290,12.5,True
NEO3162,2025-02-28,66801,14.5,False
NEO3163,2025-04-05,258637,7.1,False
NEO3164,2025-04-13,33305,6.6,False
NEO3165,2025-06-05,66048,10.6,False
NEO3166,2025-01-28,257711,3.7,True
NEO3167,2025-03-10,112994,8.8,False
NEO3168,2025-08-26,54460,12.9,True
NEO3169,2025-11-28,276949,9.5,True
NEO3170,2025-01-19,210008,10.0,True
NEO3171,2025-08-05,233479,12.3,True
NEO3172,2025-08-20,215133,8.7,False
NEO3173,2025-09-06,113797,7.0,True
NEO3174,2025-04-01,262102,5.2,False
NEO3175,2025-09-30,270671,12.1,False
NEO3176,2025-09-08,85568,11.5,True
NEO3177,2025-02-03,213595,9.4,False
NEO3178,2025-10-07,237254,9.0,True
NEO3179,2025-08-15,289005,12.9,True
NEO3180,2025-12-08,215253,4.6,False
NEO3181,2025-06-26,203722,13.2,True
NEO3182,2025-07-18,203641,3.9,True
NEO3183,2025-06-14,270239,9.8,False
NEO3184,2025-07-28,49861,12.4,False
NEO3185,2025-03-27,109640,5.0,True
NEO3186,2025-05-29,75485,9.1,True
NEO3187,2025-04-05,194450,6.3,False
NEO3188,2025-12-20,269164,6.8,False
NEO3189,2025-03-19,159919,7.9,True
NEO3190,2025-06-26,65093,7.6,True
NEO3191,2025-09-06,93773,6.2,True
NEO3192,2025-12-04,245722,7.2,False
NEO3193,2025-05-25,237158,10.1,False
NEO3194,2025-06-16,72160,12.7,False
NEO3195,2025-11-01,205569,8.7,False
NEO3196,2025-04-07,133060,3.5,True
NEO3197,2025-10-15,189149,3.5,False
NEO3198,2025-12-05,201131,11.4,True
NEO3199,2025-07-14,247680,13.4,True
NEO3200,2025-10-04,169783,3.5,True
NEO3201,2025-09-26,107577,10.9,False
NEO3202,2025-11-08,224132,10.1,True
NEO3203,2025-04-05,46257,7.3,False
NEO3204,2025-03-15,36387,9.2,True
NEO3205,2025-02-22,183493,11.8,False
NEO3206,2025-04-06,252492,9.5,True
NEO3207,2025-08-15,72944,9.9,False
NEO3208,2025-12-20,30474,11.2,True
NEO3209,2025-02-20,277494,13.7,False
NEO3210,2025-09-23,60870,3.2,False
NEO3211,2025-04-15,106242,5.0,False
NEO3212,2025-04-22,130202,10.2,False
NEO3213,2025-10-14,82449,8.5,True
NEO3214,2025-10-23,235002,10.8,False
NEO3215,2025-01-21,32264,3.6,True
NEO3216,2025-12-05,177603,9.4,False
NEO3217,2025-08-04,163809,14.3,True
NEO3218,2025-07-08,125810,13.1,False
NEO3219,2025-11-08,252193,6.9,False
NEO3220,2025-02-14,137496,3.1,True
NEO3221,2025-02-07,118591,8.4,False
NEO3222,2025-12-28,287589,5.7,False
NEO3223,2025-06-17,116317,4.8,False
NEO3224,2025-03-09,246833,4.3,True
NEO3225,2025-04-13,216874,3.2,True
NEO3226,2025-01-17,43141,4.1,True
NEO3227,2025-07-22,260880,5.5,True
NEO3228,2025-01-09,49884,10.7,True
NEO3229,2025-07-06,226798,12.3,False
NEO3230,2025-08-11,74746,9.2,False
NEO3231,2025-07-05,57841,5.5,False
NEO3232,2025-12-17,113651,12.8,False
NEO3233,2025-03-01,38735,4.2,False
NEO3234,2025-03-13,68159,14.4,True
NEO3235,2025-09-06,217211,14.8,True
NEO3236,2025-07-24,188853,7.8,False
NEO3237,2025-03-09,74837,9.6,True
NEO3238,2025-12-12,60064,4.2,False
NEO3239,2025-12-05,217085,14.1,False
NEO3240,2025-03-21,135061,13.4,True
NEO3241,2025-08-18,195797,12.4,True
NEO3242,2025-10-13,135638,3.7,True
NEO3243,2025-03-31,284614,8.3,True
NEO3244,2025-10-23,57374,9.7,False
NEO3245,2025-07-17,271762,6.7,True
NEO3246,2025-01-23,175884,3.3,False
NEO3247,2025-10-13,243611,10.3,False
NEO3248,2025-10-14,281822,14.0,True
NEO3249,2025-09-14,41244,11.6,False
NEO3250,2025-10-25,134384,9.8,True
NEO3251,2025-11-26,218982,14.4,False
NEO3252,2025-09-13,89286,8.0,True
NEO3253,2025-03-04,87668,14.2,True
NEO3254,2025-04-23,60428,14.5,True
NEO3255,2025-05-20,264954,12.2,True
NEO3256,2025-04-27,37736,5.9,True
NEO3257,2025-09-05,81935,14.4,False
NEO3258,2025-08-28,96626,11.8,False
NEO3259,2025-10-17,39004,12.4,True
NEO3260,2025-03-08,89658,5.5,False
NEO3261,2025-08-03,261803,9.3,False
NEO3262,2025-03-13,37441,13.1,True
NEO3263,2025-05-15,201605,11.6,True
NEO3264,2025-10-02,224769,13.8,False
NEO3265,2025-02-26,168268,14.4,True
NEO3266,2025-05-06,209281,8.0,False
NEO3267,2025-02-01,232483,10.2,False
NEO3268,2025-08-22,249898,8.4,False
NEO3269,2025-07-13,297586,7.6,False
NEO3270,2025-02-04,239370,14.8,False
NEO3271,2025-02-05,218977,14.8,True
NEO3272,2025-08-09,256607,9.6,True
NEO3273,2025-03-12,103600,7.8,True
NEO3274,2025-02-05,165164,5.8,True
NEO3275,2025-03-28,61840,9.1,True
NEO3276,2025-04-03,272790,12.4,False
NEO3277,2025-11-29,217034,7.5,True
NEO3278,2025-05-16,32082,13.8,False
NEO3279,2025-01-25,151475,13.8,False
NEO3280,2025-03-20,248929,10.2,False
NEO3281,2025-10-02,186156,6.1,True
NEO3282,2025-02-12,190704,13.2,True
NEO3283,2025-01-25,209346,13.2,False
NEO3284,2025-04-08,177569,13.7,False
NEO3285,2025-10-10,188109,9.5,False
NEO3286,2025-02-23,188467,11.7,True
NEO3287,2025-07-30,122901,9.1,True
NEO3288,2025-03-14,138769,4.0,False
NEO3289,2025-08-05,108374,11.8,False
NEO3290,2025-06-28,196797,6.0,True
NEO3291,2025-07-16,202922,7.1,True
NEO3292,2025-05-18,52894,12.1,True
NEO3293,2025-07-19,43933,6.5,True
NEO3294,2025-12-01,76881,13.0,True
NEO3295,2025-02-01,200454,12.6,False
NEO3296,2025-10-13,126105,12.0,False
NEO3297,2025-02-18,273027,13.0,True
NEO3298,2025-09-15,68481,6.5,False
NEO3299,2025-01-19,236406,4.5,True
NEO3300,2025-03-08,178268,9.9,False
NEO3301,2025-06-16,218580,6.6,False
NEO3302,2025-01-04,135223,10.9,False
NEO3303,2025-11-22,109822,9.6,True
NEO3304,2025-10-10,195218,3.8,True
NEO3305,2025-11-13,88333,11.9,True
NEO3306,2025-01-14,78137,10.4,True
NEO3307,2025-09-13,206365,3.6,False
NEO3308,2025-11-27,122457,10.0,False
NEO3309,2025-04-20,51626,6.6,True
NEO3310,2025-04-09,110870,13.1,False
NEO3311,2025-09-24,273487,7.9,True
NEO3312,2025-10-30,50247,3.5,True
NEO3313,2025-04-21,137036,11.2,False
NEO3314,2025-02-14,38896,4.1,True
NEO3315,2025-07-12,262636,4.3,False
NEO3316,2025-01-16,97294,5.5,False
NEO3317,2025-10-25,107026,4.8,True
NEO3318,2025-06-07,177827,9.9,False
NEO3319,2025-07-10,48403,7.1,False
NEO3320,2025-03-11,183741,8.0,False
NEO3321,2025-11-29,189593,7.0,True
NEO3322,2025-09-17,55916,10.1,True
NEO3323,2025-09-02,43470,11.9,False
NEO3324,2025-03-17,159219,7.2,True
NEO3325,2025-10-09,147761,12.7,True
NEO3326,2025-10-10,248448,11.9,True
NEO3327,2025-06-16,36098,14.4,True
NEO3328,2025-10-18,121198,8.0,False
NEO3329,2025-02-27,138441,5.5,True
NEO3330,2025-03-19,135625,11.2,True
NEO3331,2025-12-14,119285,7.2,False
NEO3332,2025-05-23,234161,5.8,True
NEO3333,2025-06-26,241201,10.0,True
NEO3334,2025-11-18,240617,5.3,False
NEO3335,2025-05-02,175465,10.4,False
NEO3336,2025-08-13,78933,4.0,True
NEO3337,2025-05-03,71829,14.2,True
NEO3338,2025-03-24,186342,8.9,True
NEO3339,2025-06-10,274008,4.5,True
NEO3340,2025-11-21,30820,3.4,False
NEO3341,2025-07-02,162913,4.7,False
NEO3342,2025-07-13,272153,5.7,False
NEO3343,2025-08-12,143589,10.6,True
NEO3344,2025-10-29,218199,4.8,True
NEO3345,2025-01-04,114043,8.7,True
NEO3346,2025-11-14,255127,6.0,True
NEO3347,2025-03-14,125885,6.8,False
NEO3348,2025-02-08,98171,9.7,True
NEO3349,2025-03-05,236750,4.0,True
NEO3350,2025-03-06,47554,5.8,True
NEO3351,2025-11-18,279098,8.4,True
NEO3352,2025-04-20,154216,9.9,False
NEO3353,2025-03-12,155083,13.8,False
NEO3354,2025-12-02,115837,10.4,True
NEO3355,2025-08-06,298106,14.9,True
NEO3356,2025-04-15,136983,10.1,False
NEO3357,2025-03-07,237863,4.1,True
NEO3358,2025-08-03,133876,4.1,True
NEO3359,2025-09-08,299117,11.7,False
NEO3360,2025-03-11,255639,9.8,True
NEO3361,2025-09-03,280392,8.2,False
NEO3362,2025-07-11,280666,10.0,False
NEO3363,2025-10-07,173273,13.0,False
NEO3364,2025-10-17,137548,4.7,True
NEO3365,2025-11-27,298329,14.6,False
NEO3366,2025-10-16,158877,7.9,True
NEO3367,2025-11-27,292325,11.5,True
NEO3368,2025-02-06,167001,12.1,False
NEO3369,2025-03-10,108267,9.9,True
NEO3370,2025-08-20,276148,10.5,True
NEO3371,2025-05-25,260478,3.8,True
NEO3372,2025-10-30,277239,9.0,False
NEO3373,2025-08-07,100783,14.2,True
NEO3374,2025-12-29,90732,9.0,False
NEO3375,2025-04-26,171239,11.5,True
NEO3376,2025-09-28,279849,3.4,True
NEO3377,2025-03-13,160306,14.2,False
NEO3378,2025-02-07,239607,3.6,False
NEO3379,2025-11-09,99784,8.5,False
NEO3380,2025-07-16,264812,6.9,False
NEO3381,2025-12-16,215467,11.5,True
NEO3382,2025-12-29,252236,9.8,False
NEO3383,2025-03-05,97976,4.6,True
NEO3384,2025-11-14,281688,5.7,False
NEO3385,2025-04-30,133534,3.2,False
NEO3386,2025-09-27,128829,4.5,False
NEO3387,2025-11-08,139779,13.8,True
NEO3388,2025-03-08,290384,9.4,True
NEO3389,2025-08-02,41732,5.8,False
NEO3390,2025-03-23,137711,7.8,True
NEO3391,2025-04-12,137600,7.7,True
NEO3392,2025-04-18,117331,7.8,True
NEO3393,2025-11-08,244837,13.6,True
NEO3394,2025-05-11,295585,11.1,True
NEO3395,2025-11-16,191090,7.8,False
NEO3396,2025-10-31,279598,10.6,False
NEO3397,2025-04-24,156608,9.1,True
NEO3398,2025-12-10,108656,3.2,True
NEO3399,2025-06-13,79059,8.7,True
NEO3400,2025-06-07,47687,12.5,False
NEO3401,2025-07-02,73066,7.1,True
NEO3402,2025-04-16,240973,6.7,True
NEO3403,2025-01-23,216149,9.6,False
NEO3404,2025-12-01,281939,3.1,True
NEO3405,2025-07-01,156581,6.5,True
NEO3406,2025-11-27,70463,4.2,False
NEO3407,2025-10-28,201523,12.1,True
NEO3408,2025-02-06,262413,7.8,False
NEO3409,2025-02-09,189333,6.6,True
NEO3410,2025-11-24,267063,12.7,True
NEO3411,2025-03-16,123602,13.1,True
NEO3412,2025-10-10,39427,14.2,False
NEO3413,2025-06-14,228463,6.9,False
NEO3414,2025-12-04,294232,10.2,False
NEO3415,2025-02-06,131407,13.6,True
NEO3416,2025-07-20,277530,4.2,True
NEO3417,2025-10-05,240461,13.8,True
NEO3418,2025-10-27,41871,13.0,True
NEO3419,2025-05-02,117786,6.6,False
NEO3420,2025-09-26,193497,14.2,False
NEO3421,2025-03-27,44232,7.0,True
NEO3422,2025-12-06,128363,12.5,True
NEO3423,2025-12-24,35911,9.7,False
NEO3424,2025-04-17,188062,3.5,True
NEO3425,2025-09-11,214852,4.4,False
NEO3426,2025-03-15,93231,3.1,True
NEO3427,2025-12-29,83793,10.1,True
NEO3428,2025-01-27,231316,3.4,True
NEO3429,2025-06-27,234270,10.5,True
NEO3430,2025-12-16,188209,9.9,False
NEO3431,2025-10-09,153648,10.5,True
NEO3432,2025-12-20,86077,8.0,False
NEO3433,2025-11-05,253255,12.4,True
NEO3434,2025-07-11,278002,4.5,False
NEO3435,2025-06-07,130432,10.3,True
NEO3436,2025-03-19,242067,13.6,True
NEO3437,2025-06-03,242539,6.9,True
NEO3438,2025-03-04,236408,7.5,True
NEO3439,2025-09-07,224680,6.2,True
NEO3440,2025-07-01,261051,8.4,False
NEO3441,2025-09-19,56876,11.6,False
NEO3442,2025-07-10,85143,14.9,True
NEO3443,2025-02-23,183294,11.3,True
NEO3444,2025-02-19,82460,11.2,True
NEO3445,2025-02-13,263858,4.7,True
NEO3446,2025-12-18,129409,13.4,True
NEO3447,2025-12-21,41954,5.1,True
NEO3448,2025-09-11,200892,5.3,False
NEO3449,2025-08-12,107437,3.7,False
NEO3450,2025-06-22,287378,7.3,True
NEO3451,2025-12-03,218472,11.6,False
NEO3452,2025-06-02,109597,10.8,False
NEO3453,2025-11-28,86524,3.1,True
NEO3454,2025-03-15,126072,7.9,True
NEO3455,2025-06-19,129605,6.4,True
NEO3456,2025-02-28,80068,3.0,True
NEO3457,2025-11-21,72155,10.9,True
NEO3458,2025-02-11,189351,13.0,False
NEO3459,2025-07-14,231090,7.9,True
NEO3460,2025-02-25,266104,6.5,True
NEO3461,2025-06-19,263090,5.2,True
NEO3462,2025-10-16,102124,14.7,False
NEO3463,2025-12-06,299526,11.5,True
NEO3464,2025-07-24,261049,5.4,True
NEO3465,2025-08-04,218976,6.1,False
NEO3466,2025-07-26,69191,10.1,False
NEO3467,2025-10-26,175265,11.4,True
NEO3468,2025-07-11,137908,12.6,False
NEO3469,2025-08-17,108262,14.0,True
NEO3470,2025-08-17,260106,4.6,True
NEO3471,2025-08-17,31688,13.4,True
NEO3472,2025-03-11,204836,6.7,False
NEO3473,2025-07-07,195806,13.4,True
NEO3474,2025-05-26,259945,5.7,False
NEO3475,2025-03-30,120633,9.6,True
NEO3476,2025-05-28,116367,12.5,False
NEO3477,2025-05-03,85106,13.0,False
NEO3478,2025-07-23,274743,5.5,True
NEO3479,2025-02-10,117860,10.0,True
NEO3480,2025-09-25,250904,13.8,False
NEO3481,2025-04-01,169506,12.6,False
NEO3482,2025-08-04,283498,7.5,True
NEO3483,2025-03-14,182146,13.3,True
NEO3484,2025-08-05,240102,13.2,False
NEO3485,2025-01-22,265669,5.7,True
NEO3486,2025-09-28,233654,12.2,False
NEO3487,2025-02-10,134914,4.2,False
NEO3488,2025-06-06,158348,6.7,False
NEO3489,2025-04-20,286151,9.8,True
NEO3490,2025-02-20,291034,5.5,False
NEO3491,2025-11-16,241846,4.6,True
NEO3492,2025-08-25,85622,5.7,False
NEO3493,2025-01-14,157457,5.9,True
NEO3494,2025-01-04,117332,13.8,False
NEO3495,2025-07-08,37466,12.2,True
NEO3496,2025-12-01,254823,5.3,False
NEO3497,2025-01-02,109142,3.3,False
NEO3498,2025-12-08,163483,6.6,True
NEO3499,2025-06-17,224345,12.1,False
NEO3500,2025-05-31,184117,4.3,True
NEO3501,2025-04-02,116144,11.1,True
NEO3502,2025-04-13,174342,8.5,True
NEO3503,2025-05-22,266914,10.0,False
NEO3504,2025-02-08,208079,8.0,False
NEO3505,2025-09-15,299067,7.0,False
NEO3506,2025-02-28,157869,11.1,True
NEO3507,2025-04-30,53887,5.8,False
NEO3508,2025-01-27,163784,9.7,True
NEO3509,2025-05-12,238096,10.4,False
NEO3510,2025-10-17,201576,6.9,True
NEO3511,2025-04-11,175424,7.0,False
NEO3512,2025-01-15,43500,8.9,True
NEO3513,2025-04-16,121310,8.4,True
NEO3514,2025-01-16,178481,10.7,False
NEO3515,2025-09-27,249709,7.7,False
NEO3516,2025-03-23,263985,11.5,True
NEO3517,2025-10-31,191348,5.2,False
NEO3518,2025-10-03,198324,3.4,False
NEO3519,2025-03-03,239806,7.2,False
NEO3520,2025-05-14,276570,6.8,True
NEO3521,2025-08-23,129060,14.7,True
NEO3522,2025-11-13,57931,13.7,True
NEO3523,2025-06-09,280779,10.1,False
NEO3524,2025-11-30,227303,4.7,False
NEO3525,2025-04-16,129272,3.7,True
NEO3526,2025-10-25,210529,3.9,False
NEO3527,2025-11-19,127150,5.3,False
NEO3528,2025-08-11,53687,9.2,False
NEO3529,2025-12-14,280158,10.2,False
NEO3530,2025-02-08,84795,13.4,True
NEO3531,2025-12-11,131828,4.7,True
NEO3532,2025-06-08,61532,11.4,False
NEO3533,2025-05-13,250006,10.1,True
NEO3534,2025-02-14,82807,12.1,False
NEO3535,2025-02-18,87696,9.7,False
NEO3536,2025-03-21,286433,5.4,True
NEO3537,2025-03-26,290171,13.7,True
NEO3538,2025-01-24,191678,14.8,True
NEO3539,2025-06-08,195374,12.6,False
NEO3540,2025-08-05,138483,11.4,True
NEO3541,2025-07-04,215149,11.8,False
NEO3542,2025-11-21,106768,5.8,False
NEO3543,2025-01-24,100218,8.8,False
NEO3544,2025-01-23,121262,8.1,False
NEO3545,2025-04-22,218770,3.3,False
NEO3546,2025-05-10,134891,14.9,False
NEO3547,2025-10-23,185567,11.8,False
NEO3548,2025-01-31,52141,13.8,True
NEO3549,2025-10-27,143674,13.8,True
NEO3550,2025-07-28,112264,13.5,True
NEO3551,2025-09-19,298583,5.0,False
NEO3552,2025-03-19,126349,14.5,False
NEO3553,2025-06-08,205765,5.7,False
NEO3554,2025-01-26,199498,10.0,False
NEO3555,2025-06-27,159387,12.2,True
NEO3556,2025-01-25,226824,11.6,True
NEO3557,2025-09-24,49705,3.3,True
NEO3558,2025-07-24,217850,15.0,True
NEO3559,2025-10-22,106792,10.8,False
NEO3560,2025-12-10,36236,5.8,False
NEO3561,2025-10-15,223539,3.3,True
NEO3562,2025-07-23,100857,8.2,True
NEO3563,2025-02-19,299052,6.6,True
NEO3564,2025-01-10,125488,14.3,True
NEO3565,2025-07-16,48115,11.4,False
NEO3566,2025-05-01,298978,3.7,False
NEO3567,2025-01-19,287179,8.3,False
NEO3568,2025-05-01,106339,3.4,True
NEO3569,2025-12-22,35319,10.3,True
NEO3570,2025-11-17,234865,13.5,True
NEO3571,2025-06-30,96298,14.7,False
NEO3572,2025-09-07,98107,3.5,False
NEO3573,2025-05-02,87667,10.8,False
NEO3574,2025-08-08,64642,12.6,False
NEO3575,2025-01-27,45892,12.3,True
NEO3576,2025-10-23,202318,14.6,True
NEO3577,2025-12-18,62833,4.5,False
NEO3578,2025-08-24,151933,3.5,False
NEO3579,2025-03-06,166569,4.9,True
NEO3580,2025-03-18,116909,5.6,False
NEO3581,2025-02-06,170002,10.3,True
NEO3582,2025-02-23,196561,3.6,False
NEO3583,2025-10-10,115882,6.3,True
NEO3584,2025-05-31,212075,12.3,False
NEO3585,2025-08-05,268860,13.9,True
NEO3586,2025-04-08,138932,11.1,False
NEO3587,2025-05-20,158907,13.7,False
NEO3588,2025-09-17,290342,11.6,True
NEO3589,2025-05-06,203826,10.7,False
NEO3590,2025-05-03,205319,10.1,False
NEO3591,2025-07-05,199908,12.0,False
NEO3592,2025-10-02,92733,9.8,True
NEO3593,2025-09-17,168930,10.5,False
NEO3594,2025-06-22,204718,14.5,False
NEO3595,2025-08-14,218386,9.4,False
NEO3596,2025-12-17,105011,6.6,True
NEO3597,2025-12-07,100076,3.9,False
NEO3598,2025-11-24,108806,9.9,False
NEO3599,2025-11-09,283007,9.2,True
NEO3600,2025-01-24,190661,3.4,True
NEO3601,2025-05-23,235146,11.1,True
NEO3602,2025-07-27,135216,6.2,False
NEO3603,2025-10-18,84416,7.8,False
NEO3604,2025-08-22,172174,8.2,False
NEO3605,2025-03-03,225082,6.8,True
NEO3606,2025-03-22,254478,14.3,True
NEO3607,2025-01-26,191875,11.1,False
NEO3608,2025-02-21,63237,9.3,False
NEO3609,2025-08-22,244238,14.5,False
NEO3610,2025-06-04,60950,12.3,False
NEO3611,2025-09-11,74405,12.3,False
NEO3612,2025-03-24,298694,7.6,False
NEO3613,2025-12-26,97676,10.9,True
NEO3614,2025-06-10,41053,12.5,True
NEO3615,2025-11-23,256639,10.1,False
NEO3616,2025-03-08,140499,5.3,False
NEO3617,2025-02-22,170752,13.6,True
NEO3618,2025-09-08,46487,14.0,True
NEO3619,2025-03-10,118076,11.4,True
NEO3620,2025-06-08,31642,4.9,False
NEO3621,2025-10-04,41365,3.7,False
NEO3622,2025-04-08,285928,10.2,False
NEO3623,2025-09-07,69470,7.5,False
NEO3624,2025-08-04,228097,8.0,True
NEO3625,2025-12-31,228272,5.1,False
NEO3626,2025-06-28,269602,9.0,False
NEO3627,2025-09-16,232833,7.6,False
NEO3628,2025-01-09,231178,10.3,False
NEO3629,2025-12-16,289584,14.7,False
NEO3630,2025-07-17,92581,14.6,False
NEO3631,2025-09-22,263682,7.9,False
NEO3632,2025-09-17,80518,3.2,True
NEO3633,2025-06-01,229795,13.6,False
NEO3634,2025-11-12,256073,4.7,True
NEO3635,2025-03-24,47772,7.4,True
NEO3636,2025-03-26,76470,13.7,False
NEO3637,2025-05-23,234644,13.8,False
NEO3638,2025-11-21,263574,4.2,False
NEO3639,2025-07-28,96525,7.1,False
NEO3640,2025-05-01,160116,13.8,True
NEO3641,2025-12-17,133221,14.8,False
NEO3642,2025-04-23,293088,8.5,False
NEO3643,2025-07-25,132531,7.0,False
NEO3644,2025-01-20,183329,4.6,False
NEO3645,2025-04-14,240975,14.2,False
NEO3646,2025-01-25,127967,13.7,False
NEO3647,2025-08-14,257823,12.3,True
NEO3648,2025-10-14,289040,10.2,True
NEO3649,2025-08-19,189158,12.5,False
NEO3650,2025-08-16,147881,13.0,False
NEO3651,2025-04-13,116013,10.0,False
NEO3652,2025-09-17,263764,3.8,True
NEO3653,2025-02-13,110992,5.6,True
NEO3654,2025-01-03,188260,8.8,False
NEO3655,2025-10-11,171897,10.2,False
NEO3656,2025-11-19,269340,14.6,True
NEO3657,2025-08-25,30830,7.6,False
NEO3658,2025-02-11,230251,7.0,True
NEO3659,2025-04-03,261129,12.2,False
NEO3660,2025-04-24,274960,14.8,True
NEO3661,2025-11-04,219380,10.5,True
NEO3662,2025-05-13,247225,9.7,False
NEO3663,2025-01-11,240427,5.4,False
NEO3664,2025-08-04,281196,4.3,False
NEO3665,2025-04-06,164382,7.4,True
NEO3666,2025-01-27,206774,14.7,False
NEO3667,2025-11-19,109276,14.8,True
NEO3668,2025-02-24,88293,10.7,False
NEO3669,2025-12-12,156241,11.5,False
NEO3670,2025-03-16,50730,4.1,False
NEO3671,2025-04-02,275547,3.6,False
NEO3672,2025-12-04,138390,11.0,True
NEO3673,2025-06-14,30674,4.6,True
NEO3674,2025-08-07,58104,8.9,False
NEO3675,2025-01-04,57794,11.9,True
NEO3676,2025-01-10,216428,12.3,True
NEO3677,2025-06-26,61705,7.8,True
NEO3678,2025-08-31,176494,4.9,False
NEO3679,2025-02-19,58119,4.0,True
NEO3680,2025-05-28,96062,3.7,False
NEO3681,2025-03-31,185279,7.6,True
NEO3682,2025-08-18,255830,12.5,False
NEO3683,2025-09-02,99151,8.4,True
NEO3684,2025-01-21,162170,7.6,True
NEO3685,2025-07-01,49535,9.8,False
NEO3686,2025-07-31,30686,3.5,True
NEO3687,2025-01-26,294977,5.5,False
NEO3688,2025-11-13,92227,12.2,False
NEO3689,2025-11-29,63943,8.0,False
NEO3690,2025-03-02,228402,3.3,True
NEO3691,2025-01-15,160668,14.1,False
NEO3692,2025-12-10,267130,8.7,True
NEO3693,2025-04-23,36715,12.2,True
NEO3694,2025-04-18,233779,9.5,False
NEO3695,2025-04-24,234259,9.3,False
NEO3696,2025-02-07,51431,14.5,True
NEO3697,2025-09-24,245624,4.5,True
NEO3698,2025-04-11,239213,3.2,False
NEO3699,2025-06-09,144225,9.6,False
NEO3700,2025-04-13,113733,5.7,True
NEO3701,2025-04-28,53909,9.3,True
NEO3702,2025-02-20,247146,4.9,False
NEO3703,2025-03-15,183312,3.8,True
NEO3704,2025-04-23,266128,3.6,True
NEO3705,2025-11-11,260218,3.1,True
NEO3706,2025-06-03,114456,6.3,True
NEO3707,2025-09-14,258414,9.0,False
NEO3708,2025-05-14,105663,3.5,True
NEO3709,2025-01-06,157884,11.2,True
NEO3710,2025-09-23,36517,4.2,True
NEO3711,2025-06-01,201120,10.3,True
NEO3712,2025-07-17,62274,4.7,True
NEO3713,2025-04-28,30666,12.8,True
NEO3714,2025-07-26,36336,14.2,False
NEO3715,2025-09-30,139543,12.8,False
NEO3716,2025-06-13,291638,10.5,True
NEO3717,2025-07-15,226666,14.1,False
NEO3718,2025-11-20,44275,10.1,False
NEO3719,2025-01-24,41408,14.4,False
NEO3720,2025-03-19,139843,12.9,True
NEO3721,2025-03-07,47332,4.2,True
NEO3722,2025-03-15,161415,3.8,True
NEO3723,2025-03-07,260689,8.9,False
NEO3724,2025-09-18,207300,14.1,True
NEO3725,2025-06-26,114646,6.6,True
NEO3726,2025-04-16,246665,4.7,False
NEO3727,2025-04-29,48858,10.2,True
NEO3728,2025-07-16,192857,10.0,True
NEO3729,2025-12-16,92859,7.6,False
NEO3730,2025-01-08,214526,7.9,False
NEO3731,2025-10-31,75477,7.8,True
NEO3732,2025-03-25,223827,7.9,False
NEO3733,2025-02-16,106642,10.0,False
NEO3734,2025-12-14,40512,9.5,False
NEO3735,2025-11-29,185854,12.2,True
NEO3736,2025-10-21,81981,6.5,True
NEO3737,2025-02-04,249568,11.8,True
NEO3738,2025-02-12,63463,10.8,True
NEO3739,2025-07-17,41062,7.1,True
NEO3740,2025-03-23,180048,7.0,False
NEO3741,2025-06-09,283133,11.3,True
NEO3742,2025-05-19,267182,10.5,True
NEO3743,2025-10-28,216869,14.7,False
NEO3744,2025-12-17,266138,13.3,True
NEO3745,2025-09-13,113590,14.3,False
NEO3746,2025-06-29,229021,7.4,False
NEO3747,2025-01-25,114531,12.5,True
NEO3748,2025-10-14,285657,4.5,True
NEO3749,2025-05-07,247307,12.5,True
NEO3750,2025-06-18,159293,5.6,True
NEO3751,2025-01-18,70999,13.8,False
NEO3752,2025-09-13,49775,7.1,True
NEO3753,2025-11-23,192409,6.9,True
NEO3754,2025-05-07,225884,9.9,True
NEO3755,2025-10-30,127300,4.9,True
NEO3756,2025-09-28,269730,14.1,False
NEO3757,2025-03-26,262016,11.4,False
NEO3758,2025-10-25,241441,14.0,False
NEO3759,2025-06-17,218706,10.5,True
NEO3760,2025-11-03,73885,12.7,False
NEO3761,2025-05-23,206307,13.4,True
NEO3762,2025-09-28,154170,9.5,True
NEO3763,2025-05-13,229202,6.4,False
NEO3764,2025-08-21,192426,8.0,False
NEO3765,2025-01-22,103195,9.3,False
NEO3766,2025-10-10,165405,14.2,False
NEO3767,2025-10-24,142528,9.4,True
NEO3768,2025-02-24,145377,8.4,True
NEO3769,2025-10-04,190979,14.2,False
NEO3770,2025-07-16,286582,6.6,True
NEO3771,2025-06-29,239632,7.1,False
NEO3772,2025-11-21,36881,10.4,False
NEO3773,2025-10-06,76054,7.0,False
NEO3774,2025-01-27,294064,4.9,False
NEO3775,2025-04-23,100802,3.4,True
NEO3776,2025-05-30,62084,14.2,True
NEO3777,2025-07-01,33568,8.7,True
NEO3778,2025-03-02,59650,10.4,False
NEO3779,2025-11-12,229886,11.7,False
NEO3780,2025-05-28,289722,7.1,True
NEO3781,2025-04-11,158784,5.4,True
NEO3782,2025-07-09,146807,4.1,False
NEO3783,2025-10-16,268533,4.8,False
NEO3784,2025-01-18,60811,5.5,True
NEO3785,2025-05-23,121691,8.2,True
NEO3786,2025-03-15,262241,12.0,True
NEO3787,2025-11-14,80601,3.1,False
NEO3788,2025-03-19,147848,9.7,False
NEO3789,2025-11-11,58890,4.5,False
NEO3790,2025-05-17,150198,12.3,True
NEO3791,2025-10-28,295387,13.2,False
NEO3792,2025-05-31,112038,6.6,True
NEO3793,2025-03-07,108665,10.5,True
NEO3794,2025-09-05,124211,7.1,False
NEO3795,2025-11-02,132630,14.8,True
NEO3796,2025-03-25,223507,11.4,False
NEO3797,2025-12-14,209585,4.9,False
NEO3798,2025-08-13,45102,9.3,False
NEO3799,2025-07-30,150100,10.4,True
NEO3800,2025-02-08,101365,9.5,True
NEO3801,2025-08-04,63343,12.7,False
NEO3802,2025-04-15,122183,5.8,True
NEO3803,2025-02-25,256333,11.4,True
NEO3804,2025-07-07,217335,3.3,True
NEO3805,2025-08-09,198331,7.6,False
NEO3806,2025-07-23,297601,3.5,False
NEO3807,2025-02-07,287208,6.6,True
NEO3808,2025-11-17,194844,7.1,True
NEO3809,2025-08-21,266629,3.7,True
NEO3810,2025-05-30,192167,6.0,False
NEO3811,2025-01-13,273843,13.5,False
NEO3812,2025-02-25,137832,11.4,False
NEO3813,2025-08-10,122442,10.6,False
NEO3814,2025-04-24,111263,3.2,True
NEO3815,2025-12-25,117485,4.7,True
NEO3816,2025-06-20,107182,10.8,False
NEO3817,2025-06-20,274754,5.1,True
NEO3818,2025-02-20,279817,6.5,False
NEO3819,2025-09-15,51740,8.3,True
NEO3820,2025-02-24,118256,9.1,False
NEO3821,2025-07-01,114831,10.4,False
NEO3822,2025-08-09,109272,8.3,True
NEO3823,2025-04-28,251307,3.1,True
NEO3824,2025-05-15,267226,7.0,True
NEO3825,2025-07-22,223391,5.0,True
NEO3826,2025-03-11,75578,5.9,True
NEO3827,2025-01-10,162212,13.6,False
NEO3828,2025-06-03,44143,12.9,True
NEO3829,2025-05-01,45715,13.9,True
NEO3830,2025-08-05,83264,9.3,False
NEO3831,2025-07-13,64356,12.3,True
NEO3832,2025-04-16,79946,3.6,False
NEO3833,2025-05-27,195552,8.0,False
NEO3834,2025-08-06,139621,4.4,True
NEO3835,2025-11-25,287370,5.2,True
NEO3836,2025-04-15,229626,13.1,False
NEO3837,2025-05-11,205529,4.4,False
NEO3838,2025-09-28,128128,8.3,True
NEO3839,2025-03-23,273120,10.4,True
NEO3840,2025-12-29,76161,7.0,False
NEO3841,2025-09-24,196519,10.4,False
NEO3842,2025-02-28,97659,13.6,True
NEO3843,2025-03-19,229198,7.4,False
NEO3844,2025-12-24,210788,3.7,False
NEO3845,2025-08-25,172377,14.7,False
NEO3846,2025-02-13,138578,6.7,False
NEO3847,2025-05-01,71939,13.0,True
NEO3848,2025-07-19,234901,3.7,True
NEO3849,2025-02-28,184981,10.7,True
NEO3850,2025-03-11,164456,7.2,False
NEO3851,2025-09-12,183111,9.4,True
NEO3852,2025-06-03,141003,10.6,False
NEO3853,2025-07-14,55068,13.4,True
NEO3854,2025-11-17,162702,6.7,True
NEO3855,2025-06-09,288517,4.6,True
NEO3856,2025-04-25,263515,10.6,False
NEO3857,2025-12-18,58950,11.4,False
NEO3858,2025-09-30,100683,7.7,False
NEO3859,2025-03-22,82620,11.8,True
NEO3860,2025-06-13,275935,5.9,True
NEO3861,2025-11-19,244939,12.9,False
NEO3862,2025-08-17,109390,12.3,True
NEO3863,2025-01-21,49887,10.4,False
NEO3864,2025-06-14,234433,9.0,False
NEO3865,2025-08-21,122988,6.7,True
NEO3866,2025-03-16,74360,9.0,True
NEO3867,2025-12-03,170600,6.2,True
NEO3868,2025-10-23,257558,12.1,True
NEO3869,2025-03-21,72597,7.3,True
NEO3870,2025-06-02,256057,4.2,False
NEO3871,2025-01-11,195856,9.7,True
NEO3872,2025-06-07,173462,12.5,True
NEO3873,2025-01-17,261686,11.2,False
NEO3874,2025-07-24,52245,5.7,True
NEO3875,2025-06-03,160509,4.5,False
NEO3876,2025-09-17,226270,3.9,True
NEO3877,2025-07-29,80954,4.8,False
NEO3878,2025-06-17,136986,9.2,False
NEO3879,2025-12-13,146932,13.2,True
NEO3880,2025-05-06,252887,6.4,True
NEO3881,2025-03-26,182269,5.9,False
NEO3882,2025-07-13,209456,4.5,False
NEO3883,2025-07-12,266439,10.2,False
NEO3884,2025-12-29,91464,8.8,True
NEO3885,2025-05-15,133057,3.0,True
NEO3886,2025-04-08,194560,5.6,False
NEO3887,2025-09-09,252782,5.3,False
NEO3888,2025-03-20,253057,8.9,True
NEO3889,2025-09-23,51601,13.7,False
NEO3890,2025-10-22,106211,14.2,False
NEO3891,2025-12-26,246691,9.3,False
NEO3892,2025-01-07,88541,10.9,False
NEO3893,2025-03-18,101870,6.3,False
NEO3894,2025-01-23,100853,10.7,False
NEO3895,2025-10-22,201267,8.0,False
NEO3896,2025-08-20,109059,4.4,False
NEO3897,2025-01-16,196261,11.0,False
NEO3898,2025-04-16,289552,5.6,False
NEO3899,2025-05-12,146605,9.0,False
NEO3900,2025-08-13,280282,8.1,False
NEO3901,2025-09-30,218520,13.8,False
NEO3902,2025-06-14,117682,12.7,False
NEO3903,2025-01-13,228025,11.3,False
NEO3904,2025-05-27,192854,5.1,False
NEO3905,2025-05-21,94890,3.3,False
NEO3906,2025-06-06,113332,3.3,False
NEO3907,2025-10-31,252545,9.5,False
NEO3908,2025-03-22,265530,12.5,True
NEO3909,2025-10-07,65563,4.7,False
NEO3910,2025-01-12,60870,13.2,True
NEO3911,2025-12-14,189174,14.9,True
NEO3912,2025-05-08,90364,5.9,False
NEO3913,2025-05-29,163964,14.6,False
NEO3914,2025-01-08,165255,8.3,False
NEO3915,2025-01-15,96096,8.2,False
NEO3916,2025-09-10,125112,13.1,True
NEO3917,2025-12-20,150947,4.6,True
NEO3918,2025-07-23,56895,10.8,False
NEO3919,2025-03-27,34400,7.0,True
NEO3920,2025-01-10,32827,5.9,True
NEO3921,2025-08-25,88226,7.3,True
NEO3922,2025-07-17,131203,3.9,False
NEO3923,2025-03-26,45008,4.2,False
NEO3924,2025-10-19,112285,3.0,True
NEO3925,2025-09-03,267866,7.5,True
NEO3926,2025-08-18,149456,8.1,False
NEO3927,2025-12-24,63726,4.8,True
NEO3928,2025-10-23,179587,7.7,False
NEO3929,2025-09-19,40966,12.7,False
NEO3930,2025-03-09,244433,8.6,True
NEO3931,2025-03-03,163384,3.4,True
NEO3932,2025-06-26,66040,7.0,False
NEO3933,2025-10-26,161291,11.9,True
NEO3934,2025-11-17,37453,8.3,True
NEO3935,2025-06-07,128971,11.6,True
NEO3936,2025-09-15,286711,13.9,False
NEO3937,2025-01-10,85959,5.9,True
NEO3938,2025-02-02,167934,4.9,False
NEO3939,2025-10-28,137219,6.1,False
NEO3940,2025-04-08,215774,11.9,True
NEO3941,2025-10-04,266056,7.5,True
NEO3942,2025-09-18,92263,5.4,False
NEO3943,2025-08-06,213259,6.5,True
NEO3944,2025-04-23,233557,6.8,True
NEO3945,2025-07-09,166841,8.4,True
NEO3946,2025-11-19,242820,14.4,True
NEO3947,2025-07-05,233216,4.9,True
NEO3948,2025-07-31,230247,6.2,False
NEO3949,2025-08-25,191550,4.6,False
NEO3950,2025-11-01,32315,5.3,True
NEO3951,2025-04-12,59181,7.8,False
NEO3952,2025-10-05,158882,10.6,True
NEO3953,2025-12-13,217445,8.5,False
NEO3954,2025-01-17,73820,5.8,False
NEO3955,2025-06-18,207857,10.0,False
NEO3956,2025-09-11,186666,10.2,False
NEO3957,2025-04-17,185637,13.0,False
NEO3958,2025-07-12,268245,8.5,True
NEO3959,2025-07-22,64387,13.4,True
NEO3960,2025-01-07,50276,14.4,True
NEO3961,2025-02-09,208275,9.6,True
NEO3962,2025-09-05,173822,9.0,True
NEO3963,2025-10-06,205706,7.5,False
NEO3964,2025-05-18,226253,14.1,True
NEO3965,2025-07-02,101969,10.0,True
NEO3966,2025-11-13,185277,3.5,True
NEO3967,2025-06-28,157530,5.3,True
NEO3968,2025-07-27,187689,12.9,False
NEO3969,2025-03-16,173880,3.9,False
NEO3970,2025-02-24,210864,3.9,False
NEO3971,2025-09-21,276233,4.0,True
NEO3972,2025-10-20,90155,4.9,False
NEO3973,2025-07-22,210874,4.9,False
NEO3974,2025-10-08,140950,7.2,False
NEO3975,2025-09-10,210775,3.4,True
NEO3976,2025-12-24,62492,8.6,True
NEO3977,2025-05-22,95252,10.8,True
NEO3978,2025-09-30,76710,10.4,True
NEO3979,2025-07-22,207588,14.4,True
NEO3980,2025-04-13,298760,6.7,True
NEO3981,2025-09-15,216657,10.3,False
NEO3982,2025-10-25,165583,3.6,False
NEO3983,2025-09-25,247132,4.2,False
NEO3984,2025-11-16,238013,8.1,True
NEO3985,2025-01-30,33151,11.6,True
NEO3986,2025-05-18,268971,6.4,False
NEO3987,2025-04-17,166919,3.7,True
NEO3988,2025-01-09,206116,12.9,False
NEO3989,2025-07-14,169086,14.1,False
NEO3990,2025-08-10,63117,13.1,True
NEO3991,2025-11-01,135438,10.5,False
NEO3992,2025-07-09,275299,10.2,False
NEO3993,2025-06-24,124442,3.0,False
NEO3994,2025-10-26,297347,10.1,True
NEO3995,2025-04-20,150231,13.2,False
NEO3996,2025-10-03,156902,3.3,True
NEO3997,2025-09-01,268002,11.1,False
NEO3998,2025-05-10,39193,4.5,False
NEO3999,2025-10-08,30780,10.1,False
NEO4000,2025-02-11,286799,10.2,False
NEO4001,2025-03-21,62594,14.2,True
NEO4002,2025-09-22,198324,4.6,True
NEO4003,2025-12-20,208638,5.7,False
NEO4004,2025-12-27,186067,3.3,False
NEO4005,2025-01-12,228016,4.8,True
NEO4006,2025-11-22,200075,10.3,True
NEO4007,2025-04-05,210754,11.7,False
NEO4008,2025-07-08,283170,6.7,True
NEO4009,2025-02-03,199084,10.9,True
NEO4010,2025-05-13,173635,8.7,False
NEO4011,2025-04-13,222176,11.4,False
NEO4012,2025-11-10,69851,6.2,True
NEO4013,2025-05-16,73204,6.3,True
NEO4014,2025-02-19,168343,12.7,False
NEO4015,2025-11-13,295500,8.3,False
NEO4016,2025-12-21,276600,6.1,False
NEO4017,2025-06-24,292615,8.4,True
NEO4018,2025-01-05,105579,4.9,False
NEO4019,2025-01-23,40204,5.2,False
NEO4020,2026-01-01,93376,9.1,True
NEO4021,2025-02-26,140600,12.3,False
NEO4022,2025-06-22,155826,7.4,False
NEO4023,2025-01-14,222731,12.3,True
NEO4024,2025-04-01,68834,8.5,False
NEO4025,2025-10-02,106491,7.4,False
NEO4026,2025-08-01,162895,13.1,False
NEO4027,2025-02-16,33570,11.5,False
NEO4028,2025-08-30,202890,12.8,True
NEO4029,2025-01-27,208899,7.2,False
NEO4030,2025-08-07,65542,3.5,False
NEO4031,2025-09-19,110478,8.3,False
NEO4032,2025-05-06,88125,7.7,False
NEO4033,2025-05-15,160679,6.0,False
NEO4034,2025-12-01,76323,10.3,False
NEO4035,2025-02-24,142952,9.1,False
NEO4036,2025-11-02,191517,4.8,False
NEO4037,2025-10-15,271873,3.5,False
NEO4038,2025-07-06,216756,3.7,True
NEO4039,2025-08-31,172572,13.4,True
NEO4040,2025-09-08,136698,4.0,False
NEO4041,2025-06-29,36419,11.8,False
NEO4042,2025-08-13,66410,4.7,False
NEO4043,2025-09-22,119110,10.3,True
NEO4044,2025-03-25,263957,7.3,False
NEO4045,2025-02-21,255423,8.6,True
NEO4046,2025-10-08,226880,15.0,True
NEO4047,2025-11-02,42814,10.9,False
NEO4048,2025-06-22,142616,6.4,True
NEO4049,2025-04-07,156130,12.2,True
NEO4050,2025-09-25,289466,12.6,True
NEO4051,2025-06-20,46533,3.6,False
NEO4052,2025-11-26,180929,4.1,True
NEO4053,2025-11-24,198806,3.4,False
NEO4054,2025-02-08,37041,7.5,True
NEO4055,2025-12-27,78309,4.2,True
NEO4056,2025-01-19,278126,11.8,False
NEO4057,2025-07-01,262321,11.1,False
NEO4058,2025-10-30,31561,15.0,True
NEO4059,2025-06-22,55227,13.3,False
NEO4060,2025-06-11,157654,7.3,True
NEO4061,2025-05-21,68287,5.2,True
NEO4062,2025-09-01,56725,9.0,True
NEO4063,2025-04-12,50009,11.7,True
NEO4064,2025-11-16,255094,6.6,True
NEO4065,2025-04-05,269496,3.9,False
NEO4066,2025-06-11,249364,8.9,True
NEO4067,2025-11-03,121558,11.7,False
NEO4068,2025-08-14,65332,6.5,True
NEO4069,2025-08-05,233683,11.7,True
NEO4070,2025-02-05,297134,11.1,True
NEO4071,2025-12-24,137820,13.4,False
NEO4072,2025-03-31,172061,3.7,True
NEO4073,2025-06-16,31256,3.9,True
NEO4074,2025-11-29,100056,4.6,True
NEO4075,2025-03-19,120401,14.2,False
NEO4076,2025-02-16,30869,7.3,True
NEO4077,2025-05-30,169647,9.6,True
NEO4078,2025-03-11,132846,11.3,False
NEO4079,2025-03-05,119060,13.6,False
NEO4080,2025-02-04,92658,9.5,False
NEO4081,2025-07-10,75603,12.2,False
NEO4082,2025-08-21,75755,11.5,True
NEO4083,2025-12-16,131928,7.5,True
NEO4084,2025-12-26,297323,5.7,True
NEO4085,2025-03-25,242268,11.7,False
NEO4086,2025-05-08,162611,6.8,True
NEO4087,2025-08-08,266278,10.4,False
NEO4088,2025-12-18,199294,4.4,False
NEO4089,2025-04-14,202223,11.0,False
NEO4090,2025-09-19,155118,5.9,True
NEO4091,2025-12-29,244833,14.8,False
NEO4092,2025-04-18,179887,3.1,True
NEO4093,2025-07-10,174930,10.7,False
NEO4094,2025-09-28,275050,12.5,False
NEO4095,2025-11-02,53183,7.7,False
NEO4096,2025-05-23,85201,13.2,False
NEO4097,2025-01-14,134706,13.9,True
NEO4098,2025-04-14,119496,10.9,True
NEO4099,2025-05-20,49553,13.3,False
NEO4100,2025-05-02,172753,6.0,True
NEO4101,2025-12-18,46356,8.1,False
NEO4102,2025-05-25,211754,11.3,False
NEO4103,2025-04-18,39027,4.5,False
NEO4104,2025-04-23,142189,10.1,True
NEO4105,2025-07-17,153288,9.7,True
NEO4106,2025-04-23,56929,10.0,True
NEO4107,2025-08-27,269842,13.1,False
NEO4108,2025-12-06,79671,9.2,True
NEO4109,2025-06-06,121976,5.9,True
NEO4110,2025-10-16,219620,7.5,False
NEO4111,2025-07-03,208115,14.4,False
NEO4112,2025-07-12,267367,9.3,False
NEO4113,2025-09-21,176325,6.5,False
NEO4114,2025-08-31,190314,10.7,True
NEO4115,2025-07-10,132438,8.4,True
NEO4116,2025-11-29,174251,6.5,False
NEO4117,2025-04-29,206553,9.1,True
NEO4118,2025-03-08,31074,12.4,False
NEO4119,2025-06-10,208790,9.2,False
NEO4120,2025-06-20,88452,4.6,False
NEO4121,2025-01-27,205676,11.1,False
NEO4122,2025-07-07,56986,6.2,True
NEO4123,2025-03-06,236698,11.4,True
NEO4124,2025-06-10,66698,8.5,True
NEO4125,2025-03-21,130454,5.5,True
NEO4126,2025-10-13,222074,12.5,True
NEO4127,2025-08-22,284446,5.2,False
NEO4128,2025-10-15,62244,5.2,False
NEO4129,2025-06-11,243347,12.5,True
NEO4130,2025-10-14,132669,11.1,False
NEO4131,2025-02-12,199273,4.9,True
NEO4132,2025-06-16,132111,13.5,False
NEO4133,2025-08-21,34794,5.6,True
NEO4134,2025-11-22,181714,4.6,False
NEO4135,2025-12-10,124565,14.1,True
NEO4136,2025-05-29,215915,6.3,True
NEO4137,2025-04-13,56844,3.9,True
NEO4138,2025-08-13,62670,9.0,True
NEO4139,2025-02-05,122619,3.2,False
NEO4140,2025-10-16,279850,14.1,False
NEO4141,2025-12-30,84209,13.1,True
NEO4142,2025-05-30,95332,5.1,True
NEO4143,2025-12-10,68422,10.6,True
NEO4144,2025-12-15,41107,4.9,True
NEO4145,2025-02-16,212006,14.9,True
NEO4146,2025-05-29,270427,8.7,False
NEO4147,2025-01-12,65988,3.4,False
NEO4148,2025-08-03,116006,12.8,False
NEO4149,2025-03-21,156974,5.7,True
NEO4150,2025-05-15,66971,6.0,False
NEO4151,2025-12-09,287102,5.3,False
NEO4152,2025-11-08,199792,14.3,True
NEO4153,2025-08-06,107311,13.5,True
NEO4154,2025-11-27,133159,11.4,True
NEO4155,2025-11-28,118245,7.0,False
NEO4156,2025-11-01,207812,4.8,False
NEO4157,2025-02-12,113567,7.2,False
NEO4158,2025-08-17,229237,14.8,False
NEO4159,2025-08-29,247664,10.5,False
NEO4160,2025-08-29,45567,14.6,False
NEO4161,2025-12-13,171513,9.5,False
NEO4162,2025-11-22,113749,12.0,True
NEO4163,2025-08-08,165720,14.5,False
NEO4164,2025-03-09,127147,13.8,False
NEO4165,2025-02-20,126673,10.6,False
NEO4166,2025-04-24,141427,9.3,True
NEO4167,2025-06-26,36580,14.6,True
NEO4168,2025-09-12,233964,10.1,False
NEO4169,2025-03-30,193110,8.3,False
NEO4170,2025-10-27,271754,5.2,False
NEO4171,2025-07-22,190491,8.3,False
NEO4172,2025-03-31,48531,11.7,True
NEO4173,2025-03-10,117279,8.2,True
NEO4174,2025-08-06,74322,7.0,True
NEO4175,2025-07-12,274101,3.7,False
NEO4176,2025-05-12,92980,10.5,True
NEO4177,2025-09-01,123440,5.0,True
NEO4178,2025-04-13,94045,14.7,True
NEO4179,2025-10-26,231786,14.5,False
NEO4180,2025-11-21,73085,5.6,True
NEO4181,2025-08-14,31095,5.0,False
NEO4182,2025-11-23,182053,5.4,False
NEO4183,2025-06-09,146515,10.1,True
NEO4184,2025-10-19,30853,9.2,True
NEO4185,2025-12-19,55013,6.5,False
NEO4186,2025-08-14,227014,9.3,False
NEO4187,2025-08-08,244504,9.3,True
NEO4188,2025-10-08,261076,9.3,True
NEO4189,2025-10-24,235660,6.5,True
NEO4190,2025-05-22,61019,5.2,False
NEO4191,2025-07-08,102470,8.8,True
NEO4192,2025-11-16,152848,7.6,False
NEO4193,2025-03-20,58689,13.2,True
NEO4194,2025-12-28,213155,8.2,True
NEO4195,2025-09-25,282195,10.3,False
NEO4196,2025-05-22,155766,5.4,True
NEO4197,2025-05-20,261892,7.5,True
NEO4198,2025-06-09,183988,8.5,False
NEO4199,2025-08-01,254033,5.6,False
NEO4200,2025-06-01,30651,6.8,False
NEO4201,2025-08-21,161863,5.7,True
NEO4202,2025-05-01,174321,5.7,False
NEO4203,2025-05-18,213662,10.1,False
NEO4204,2025-07-20,187026,3.7,False
NEO4205,2025-02-28,115684,5.2,False
NEO4206,2025-03-22,162471,3.9,True
NEO4207,2025-09-28,235210,13.7,True
NEO4208,2025-04-11,296781,3.4,False
NEO4209,2025-10-14,95282,14.6,False
NEO4210,2025-10-05,122573,5.8,False
NEO4211,2025-01-08,259607,13.4,False
NEO4212,2025-12-05,55999,3.8,False
NEO4213,2025-04-14,92279,4.6,False
NEO4214,2025-11-23,212362,6.7,False
NEO4215,2025-04-08,246126,12.3,True
NEO4216,2025-09-02,127978,4.8,False
NEO4217,2025-11-02,205037,11.5,True
NEO4218,2025-12-17,198617,11.1,False
NEO4219,2025-01-15,151330,6.6,True
NEO4220,2025-07-14,296114,11.2,False
NEO4221,2025-10-19,167183,4.8,False
NEO4222,2025-05-05,170768,4.8,False
NEO4223,2025-10-19,283216,11.1,True
NEO4224,2025-02-23,34957,4.0,False
NEO4225,2025-08-03,177286,5.2,False
NEO4226,2025-11-28,296840,8.6,True
NEO4227,2025-04-01,126060,13.6,True
NEO4228,2025-10-05,273780,3.8,False
NEO4229,2025-04-23,173094,12.1,True
NEO4230,2025-08-18,73828,9.2,False
NEO4231,2025-10-21,215398,8.0,False
NEO4232,2025-07-12,84236,9.6,False
NEO4233,2025-09-21,153466,9.7,True
NEO4234,2025-02-26,270286,9.9,True
NEO4235,2025-10-19,243932,9.0,True
NEO4236,2025-10-16,266998,9.9,False
NEO4237,2025-10-28,251175,4.8,True
NEO4238,2025-09-17,219156,7.2,True
NEO4239,2025-12-06,154455,13.9,False
NEO4240,2025-09-14,282381,7.5,True
NEO4241,2025-12-09,155224,9.1,True
NEO4242,2025-06-18,270835,13.7,False
NEO4243,2025-06-01,164317,12.3,True
NEO4244,2025-12-18,296244,14.4,False
NEO4245,2025-02-12,93762,12.8,True
NEO4246,2025-02-24,197307,6.2,True
NEO4247,2025-04-05,170505,3.4,True
NEO4248,2025-05-27,234987,3.9,True
NEO4249,2025-10-23,226555,10.0,False
NEO4250,2025-02-13,142706,5.0,True
NEO4251,2025-12-01,156524,5.6,False
NEO4252,2025-03-09,116033,14.6,True
NEO4253,2025-01-15,288719,8.4,False
NEO4254,2025-07-18,285606,8.9,False
NEO4255,2025-03-20,83430,10.8,True
NEO4256,2025-07-27,293942,10.4,True
NEO4257,2025-10-30,161901,12.3,False
NEO4258,2025-03-04,295187,11.0,False
NEO4259,2025-05-17,74314,6.2,False
NEO4260,2025-03-06,219095,8.2,True
NEO4261,2025-07-06,54766,3.7,True
NEO4262,2025-12-25,76297,5.6,False
NEO4263,2025-09-21,136458,7.7,True
NEO4264,2025-07-07,240549,5.9,True
NEO4265,2025-08-14,167064,6.5,False
NEO4266,2025-08-01,275210,5.0,False
NEO4267,2025-12-26,157395,7.4,False
NEO4268,2025-03-27,107268,12.5,False
NEO4269,2025-09-02,290212,9.6,True
NEO4270,2025-12-02,282301,13.9,False
NEO4271,2025-04-11,268482,6.1,True
NEO4272,2025-05-22,58448,14.6,False
NEO4273,2025-08-08,167815,3.6,True
NEO4274,2025-09-27,184659,3.4,False
NEO4275,2025-06-22,228821,12.0,True
NEO4276,2025-08-29,92357,11.7,False
NEO4277,2025-12-15,147036,11.4,True
NEO4278,2025-04-21,217387,14.5,True
NEO4279,2025-05-01,188265,3.3,True
NEO4280,2025-02-19,87092,5.2,False
NEO4281,2025-01-24,134805,3.2,True
NEO4282,2025-12-27,160254,12.4,False
NEO4283,2025-04-04,243196,14.0,True
NEO4284,2025-03-02,48760,14.8,True
NEO4285,2025-03-12,86626,10.1,True
NEO4286,2025-04-27,286040,6.6,True
NEO4287,2025-10-07,135792,8.8,False
NEO4288,2025-02-15,154435,7.1,True
NEO4289,2025-08-28,30880,9.1,True
NEO4290,2025-03-29,140518,6.6,False
NEO4291,2025-07-10,270184,3.3,True
NEO4292,2025-12-21,91808,12.6,True
NEO4293,2025-01-14,227199,7.1,False
NEO4294,2025-02-04,108549,7.3,True
NEO4295,2025-06-26,187959,5.7,False
NEO4296,2025-06-30,219068,8.5,True
NEO4297,2025-03-23,76067,5.6,False
NEO4298,2025-04-20,129869,12.2,True
NEO4299,2025-09-14,266285,8.3,True
NEO4300,2025-05-29,176716,9.1,False
NEO4301,2025-10-31,228906,11.8,False
NEO4302,2025-03-05,223630,3.7,False
NEO4303,2025-03-13,46331,14.9,False
NEO4304,2025-04-04,196745,6.4,False
NEO4305,2025-09-15,85472,12.6,False
NEO4306,2025-08-27,204958,12.5,False
NEO4307,2025-05-27,102644,9.7,False
NEO4308,2025-07-28,236290,13.9,False
NEO4309,2025-09-04,72255,9.0,False
NEO4310,2025-11-02,262456,7.2,False
NEO4311,2025-07-17,276515,4.3,False
NEO4312,2025-07-08,292117,13.6,False
NEO4313,2025-01-22,190960,4.0,True
NEO4314,2025-11-01,92646,6.5,True
NEO4315,2025-11-19,73657,4.7,True
NEO4316,2025-06-10,295693,4.2,False
NEO4317,2025-05-23,161809,10.2,True
NEO4318,2025-10-08,98219,5.9,False
NEO4319,2025-10-14,65552,8.3,False
NEO4320,2025-05-08,158033,14.0,False
NEO4321,2025-08-25,240416,5.1,True
NEO4322,2025-03-09,180190,13.6,True
NEO4323,2025-12-03,188941,5.1,False
NEO4324,2025-03-17,164615,5.7,False
NEO4325,2025-01-26,206371,14.6,True
NEO4326,2025-09-04,203294,11.8,True
NEO4327,2025-12-20,125192,6.4,False
NEO4328,2025-12-21,260378,3.6,True
NEO4329,2025-03-15,185445,9.4,True
NEO4330,2025-06-30,132487,14.3,True
NEO4331,2025-01-22,164448,3.2,True
NEO4332,2025-01-12,257372,7.0,False
NEO4333,2025-08-22,61046,8.9,True
NEO4334,2025-12-06,291018,9.0,True
NEO4335,2025-06-19,279925,12.3,False
NEO4336,2025-07-07,180294,11.6,True
NEO4337,2025-05-23,261000,12.7,False
NEO4338,2025-06-03,206035,6.5,False
NEO4339,2025-01-17,219856,4.8,False
NEO4340,2025-04-16,203171,12.7,True
NEO4341,2025-10-06,121824,11.0,False
NEO4342,2025-06-06,98563,9.9,True
NEO4343,2025-04-05,145098,8.2,False
NEO4344,2025-07-27,298317,3.5,False
NEO4345,2025-02-12,244538,8.3,True
NEO4346,2025-05-08,291846,4.5,True
NEO4347,2025-03-26,105994,14.7,True
NEO4348,2025-09-21,58671,7.4,True
NEO4349,2025-07-03,66130,4.2,True
NEO4350,2025-03-06,86083,11.7,True
NEO4351,2025-03-18,299398,5.7,True
NEO4352,2025-05-20,143364,6.7,False
NEO4353,2025-04-18,170044,13.3,True
NEO4354,2025-04-28,32164,11.0,False
NEO4355,2025-07-31,99280,8.2,False
NEO4356,2025-09-12,214588,13.6,False
NEO4357,2025-01-22,192899,3.3,True
NEO4358,2025-11-10,199730,3.5,True
NEO4359,2025-04-07,112985,9.1,False
NEO4360,2025-08-22,89800,14.4,False
NEO4361,2025-02-05,235561,5.0,True
NEO4362,2025-07-30,93804,8.9,True
NEO4363,2025-05-03,126926,12.0,False
NEO4364,2025-10-29,64015,4.6,False
NEO4365,2025-06-21,156852,5.4,False
NEO4366,2025-05-05,288095,3.0,True
NEO4367,2025-05-14,89525,10.4,False
NEO4368,2025-05-15,146221,13.6,True
NEO4369,2025-03-12,274584,9.2,True
NEO4370,2025-01-14,254675,5.6,True
NEO4371,2025-01-28,80156,14.7,False
NEO4372,2025-05-12,269185,4.5,False
NEO4373,2025-06-26,277976,11.9,True
NEO4374,2025-05-19,116432,12.4,False
NEO4375,2025-08-02,242774,12.0,False
NEO4376,2025-05-03,195255,10.1,False
NEO4377,2025-02-17,116157,3.5,False
NEO4378,2025-09-26,216542,10.5,True
NEO4379,2025-05-21,198657,9.2,True
NEO4380,2025-10-25,191646,8.1,False
NEO4381,2025-08-17,213784,7.5,False
NEO4382,2025-04-30,65813,6.2,False
NEO4383,2025-09-03,124616,9.4,True
NEO4384,2025-02-23,295668,13.9,True
NEO4385,2025-10-08,77784,12.3,True
NEO4386,2025-02-21,76241,8.9,False
NEO4387,2025-02-03,272246,11.8,True
NEO4388,2025-10-06,45183,12.6,False
NEO4389,2025-12-10,271000,3.5,True
NEO4390,2025-03-11,242089,3.3,True
NEO4391,2025-10-23,152314,12.8,True
NEO4392,2025-10-31,212423,11.2,True
NEO4393,2025-09-23,145926,12.0,False
NEO4394,2025-10-09,61649,9.9,False
NEO4395,2025-04-21,262161,13.2,False
NEO4396,2025-11-21,208127,7.1,False
NEO4397,2025-02-04,57727,7.8,False
NEO4398,2025-08-13,68945,13.9,True
NEO4399,2025-09-29,86836,10.7,False
NEO4400,2025-11-24,216054,8.7,True
NEO4401,2025-08-01,198991,11.7,True
NEO4402,2025-03-16,125534,7.4,False
NEO4403,2025-11-30,285390,7.1,False
NEO4404,2025-12-19,75186,9.8,True
NEO4405,2025-12-14,150364,4.1,True
NEO4406,2025-06-26,251204,9.1,False
NEO4407,2025-05-19,41768,6.8,False
NEO4408,2026-01-01,112565,9.0,True
NEO4409,2025-07-22,280443,12.1,True
NEO4410,2025-09-01,265201,12.4,True
NEO4411,2025-06-27,216155,14.2,True
NEO4412,2025-06-28,61288,3.0,False
NEO4413,2025-12-30,216157,4.3,True
NEO4414,2025-07-21,36393,9.2,True
NEO4415,2025-08-01,61488,14.6,False
NEO4416,2025-03-02,126879,11.4,False
NEO4417,2025-04-27,296173,14.7,True
NEO4418,2025-08-06,154621,12.5,False
NEO4419,2025-04-11,258119,8.9,True
NEO4420,2025-08-17,35804,9.3,False
NEO4421,2025-04-15,49000,7.4,True
NEO4422,2025-01-24,219704,14.2,True
NEO4423,2025-06-07,174254,14.3,True
NEO4424,2025-01-07,269085,7.4,True
NEO4425,2025-03-01,125250,4.8,True
NEO4426,2025-01-07,117487,11.6,True
NEO4427,2025-07-22,100036,7.8,True
NEO4428,2025-05-22,191001,3.3,False
NEO4429,2025-10-02,283325,4.6,False
NEO4430,2025-03-19,32891,8.7,True
NEO4431,2025-03-13,50470,6.5,False
NEO4432,2025-08-24,209062,9.0,True
NEO4433,2025-08-05,250092,12.0,False
NEO4434,2025-04-29,269184,7.6,False
NEO4435,2025-09-04,157821,10.2,False
NEO4436,2025-09-20,193414,13.5,True
NEO4437,2025-08-10,110252,7.3,True
NEO4438,2025-04-18,152305,11.4,False
NEO4439,2025-06-23,187331,7.8,True
NEO4440,2025-07-22,232113,6.3,False
NEO4441,2025-01-22,120976,7.4,True
NEO4442,2025-08-15,278076,14.4,False
NEO4443,2025-07-16,68315,3.7,False
NEO4444,2025-07-21,183398,14.0,False
NEO4445,2025-09-04,36750,8.4,True
NEO4446,2025-12-22,177256,8.8,True
NEO4447,2025-04-02,185960,5.4,False
NEO4448,2025-01-16,167938,4.6,True
NEO4449,2025-03-13,247853,4.9,False
NEO4450,2025-05-09,226258,11.9,False
NEO4451,2025-06-02,61298,4.1,True
NEO4452,2025-02-11,166392,3.3,True
NEO4453,2025-06-26,169608,7.3,True
NEO4454,2025-08-26,144824,9.3,True
NEO4455,2025-11-01,234883,8.9,False
NEO4456,2025-10-11,171581,13.3,True
NEO4457,2025-11-13,264571,5.9,False
NEO4458,2025-12-22,235141,8.9,False
NEO4459,2025-05-12,151037,11.5,True
NEO4460,2025-05-14,165836,4.2,True
NEO4461,2025-06-10,100495,5.0,True
NEO4462,2025-10-17,72246,14.5,False
NEO4463,2025-06-20,235684,11.9,False
NEO4464,2025-02-14,115366,9.4,False
NEO4465,2025-08-10,67075,11.2,True
NEO4466,2025-06-21,155340,11.1,True
NEO4467,2025-05-31,173652,13.4,True
NEO4468,2025-12-04,89222,5.5,True
NEO4469,2025-04-09,143488,3.0,False
NEO4470,2025-08-09,122482,12.2,True
NEO4471,2025-08-21,153815,5.5,True
NEO4472,2025-04-17,37633,11.5,False
NEO4473,2025-12-09,143885,5.7,False
NEO4474,2025-07-06,256501,9.8,False
NEO4475,2025-05-29,145157,3.4,True
NEO4476,2025-12-21,231997,4.1,False
NEO4477,2025-08-26,153545,13.2,True
NEO4478,2025-09-06,64110,12.6,False
NEO4479,2025-06-09,270552,13.4,False
NEO4480,2025-01-10,299211,5.1,True
NEO4481,2025-05-11,155549,13.0,True
NEO4482,2025-12-18,271324,7.2,True
NEO4483,2025-07-08,54250,12.3,False
NEO4484,2025-05-24,91689,9.9,False
NEO4485,2025-05-30,247513,11.9,True
NEO4486,2025-08-04,142286,10.1,False
NEO4487,2025-09-01,235006,3.9,True
NEO4488,2025-03-09,38471,5.1,False
NEO4489,2025-08-05,53827,3.8,True
NEO4490,2025-07-04,210138,3.0,False
NEO4491,2025-02-21,110279,11.5,False
NEO4492,2025-05-18,101505,12.9,True
NEO4493,2025-03-29,39024,11.5,False
NEO4494,2025-12-29,105172,8.9,True
NEO4495,2025-09-11,49380,5.9,False
NEO4496,2025-07-14,105965,8.0,True
NEO4497,2025-07-28,165632,9.2,False
NEO4498,2025-09-11,137881,7.9,True
NEO4499,2025-10-24,277596,3.8,True
NEO4500,2025-01-14,129946,7.8,True
NEO4501,2025-01-13,73887,9.7,True
NEO4502,2025-02-03,203808,12.1,True
NEO4503,2025-02-12,91097,7.8,False
NEO4504,2025-12-05,282827,10.5,False
NEO4505,2025-03-26,81248,3.7,True
NEO4506,2025-09-14,285991,12.8,False
NEO4507,2025-10-27,37788,4.5,False
NEO4508,2025-02-23,181855,7.2,False
NEO4509,2025-05-01,89301,11.7,False
NEO4510,2025-06-16,72391,4.4,True
NEO4511,2025-06-12,88806,6.3,False
NEO4512,2025-05-23,68341,8.7,False
NEO4513,2025-03-04,234318,9.2,False
NEO4514,2025-09-14,122649,13.9,False
NEO4515,2025-10-27,46584,3.1,False
NEO4516,2025-12-05,295900,10.6,True
NEO4517,2025-09-03,67537,9.5,True
NEO4518,2025-05-12,223247,8.1,True
NEO4519,2025-07-16,64612,6.5,True
NEO4520,2025-04-03,182481,13.7,False
NEO4521,2025-01-19,285834,11.5,True
NEO4522,2025-01-26,93100,7.0,True
NEO4523,2025-04-21,265797,6.4,False
NEO4524,2025-04-22,43694,4.9,True
NEO4525,2025-03-27,240142,8.7,False
NEO4526,2025-03-24,135289,4.8,True
NEO4527,2025-02-17,245917,11.7,False
NEO4528,2025-01-19,195031,3.1,True
NEO4529,2025-03-04,172222,12.8,True
NEO4530,2025-12-29,120597,9.3,True
NEO4531,2025-09-03,217284,7.5,False
NEO4532,2025-01-08,153196,13.6,False
NEO4533,2025-01-14,231791,13.2,True
NEO4534,2025-12-13,276433,8.8,False
NEO4535,2025-06-29,77597,12.3,True
NEO4536,2025-03-30,133181,14.3,True
NEO4537,2025-03-11,124620,7.0,False
NEO4538,2025-11-14,248976,4.9,False
NEO4539,2025-11-30,217392,8.8,True
NEO4540,2025-10-22,46086,6.8,True
NEO4541,2025-04-01,75771,12.2,False
NEO4542,2025-04-05,103568,9.2,False
NEO4543,2025-01-11,188420,6.6,False
NEO4544,2025-11-06,261343,4.9,True
NEO4545,2025-11-30,42692,12.5,True
NEO4546,2025-07-08,276624,5.8,True
NEO4547,2025-11-11,95635,13.5,True
NEO4548,2025-02-27,279192,8.4,True
NEO4549,2025-11-25,256568,10.6,True
NEO4550,2025-06-03,177402,14.6,True
NEO4551,2025-02-05,288615,6.8,False
NEO4552,2025-03-09,135527,4.2,True
NEO4553,2025-12-30,87672,4.1,False
NEO4554,2025-07-01,165962,8.9,True
NEO4555,2025-01-28,189319,8.8,False
NEO4556,2025-09-24,97869,11.0,True
NEO4557,2025-11-17,269780,8.6,True
NEO4558,2025-02-10,284372,3.8,True
NEO4559,2025-04-10,61551,14.0,False
NEO4560,2025-10-29,181242,3.0,False
NEO4561,2025-08-16,284725,4.9,False
NEO4562,2025-02-04,274260,11.9,True
NEO4563,2025-10-19,223163,14.8,False
NEO4564,2025-09-23,108128,5.9,True
NEO4565,2025-08-31,258152,5.1,False
NEO4566,2025-07-19,123617,3.8,True
NEO4567,2025-08-19,156362,8.2,False
NEO4568,2025-10-31,53563,5.0,False
NEO4569,2025-05-25,237468,11.7,True
NEO4570,2025-08-20,198354,9.2,True
NEO4571,2025-04-14,253303,4.8,True
NEO4572,2025-01-23,157972,11.2,False
NEO4573,2025-11-18,183713,11.2,True
NEO4574,2025-04-05,74525,9.9,False
NEO4575,2025-03-08,182573,3.2,True
NEO4576,2025-05-01,188508,10.7,True
NEO4577,2025-12-05,99748,5.9,True
NEO4578,2025-08-15,205861,5.1,True
NEO4579,2025-01-22,168869,3.8,True
NEO4580,2025-01-05,265884,11.1,True
NEO4581,2025-10-02,211095,5.0,False
NEO4582,2025-12-18,211934,5.3,False
NEO4583,2025-07-25,227889,7.7,False
NEO4584,2025-08-14,276235,14.4,True
NEO4585,2025-09-17,73081,5.7,False
NEO4586,2025-07-25,291886,8.7,False
NEO4587,2025-11-09,94013,8.5,True
NEO4588,2025-07-28,299106,3.5,False
NEO4589,2025-07-07,127116,11.1,False
NEO4590,2025-03-08,39221,11.5,False
NEO4591,2025-11-01,284549,8.4,True
NEO4592,2025-05-12,42533,13.5,True
NEO4593,2025-08-07,248126,13.3,False
NEO4594,2025-05-24,293030,9.5,False
NEO4595,2025-05-05,218419,7.2,True
NEO4596,2025-09-06,176018,6.2,False
NEO4597,2025-12-12,109956,11.5,True
NEO4598,2025-10-28,256937,4.6,False
NEO4599,2025-03-12,283870,3.6,True
NEO4600,2025-07-26,68121,11.7,True
NEO4601,2025-02-23,276094,5.9,False
NEO4602,2025-07-10,125887,4.0,False
NEO4603,2025-01-23,265037,5.0,True
NEO4604,2025-09-18,39712,13.5,True
NEO4605,2025-04-13,188114,8.0,False
NEO4606,2025-01-19,243083,3.7,False
NEO4607,2025-12-26,141220,5.4,True
NEO4608,2025-05-25,291892,14.1,True
NEO4609,2025-10-14,155335,12.0,False
NEO4610,2025-05-09,246533,3.1,True
NEO4611,2025-11-12,128049,10.5,True
NEO4612,2025-01-24,169471,12.8,False
NEO4613,2025-07-05,277177,10.8,True
NEO4614,2025-01-06,217352,5.9,True
NEO4615,2025-07-25,182447,14.1,True
NEO4616,2025-04-12,142032,5.4,False
NEO4617,2025-08-30,219209,12.7,True
NEO4618,2025-01-26,249601,14.1,False
NEO4619,2025-05-25,207906,5.7,True
NEO4620,2025-01-03,227082,8.2,False
NEO4621,2025-06-10,298033,7.5,False
NEO4622,2025-07-26,125560,7.0,False
NEO4623,2025-09-05,168364,8.5,True
NEO4624,2025-08-15,47858,4.8,False
NEO4625,2025-02-03,280361,7.2,True
NEO4626,2025-11-08,281907,5.7,True
NEO4627,2025-05-31,278066,8.9,True
NEO4628,2025-11-09,271862,12.3,False
NEO4629,2025-02-03,271743,13.4,False
NEO4630,2025-10-02,297942,9.5,True
NEO4631,2025-03-15,133797,4.1,True
NEO4632,2025-11-15,265319,10.6,False
NEO4633,2025-07-18,30237,10.2,False
NEO4634,2025-09-17,146726,10.4,True
NEO4635,2025-08-26,263534,14.2,False
NEO4636,2025-02-11,293091,10.0,True
NEO4637,2025-10-25,295468,11.9,True
NEO4638,2025-07-07,56223,5.4,False
NEO4639,2025-07-01,143638,13.1,False
NEO4640,2025-12-07,229221,11.7,True
NEO4641,2025-10-14,166148,8.7,False
NEO4642,2025-08-14,230289,4.4,False
NEO4643,2025-11-15,135511,11.7,False
NEO4644,2025-06-24,227724,6.9,True
NEO4645,2025-11-02,31966,7.2,True
NEO4646,2025-05-09,158850,13.7,False
NEO4647,2025-11-22,143542,13.4,True
NEO4648,2025-11-19,89751,8.7,False
NEO4649,2025-05-17,46571,11.3,True
NEO4650,2025-05-31,179252,6.3,False
NEO4651,2025-01-06,80288,5.7,False
NEO4652,2025-12-02,103113,14.8,True
NEO4653,2025-12-31,60541,11.8,True
NEO4654,2025-06-17,223018,10.3,True
NEO4655,2025-08-19,184642,5.4,False
NEO4656,2025-06-20,80704,4.8,False
NEO4657,2025-12-12,186269,7.1,True
NEO4658,2025-12-26,130550,12.8,False
NEO4659,2025-11-01,98419,13.3,True
NEO4660,2025-12-21,53447,10.0,True
NEO4661,2025-01-18,77037,14.4,True
NEO4662,2025-03-18,260048,14.4,True
NEO4663,2025-05-25,229944,8.6,True
NEO4664,2025-08-28,36921,9.7,True
NEO4665,2025-05-02,164608,7.8,True
NEO4666,2025-11-18,123512,4.8,True
NEO4667,2025-08-04,66471,8.2,False
NEO4668,2025-06-11,215583,8.4,True
NEO4669,2025-06-12,172000,12.5,False
NEO4670,2025-01-09,204436,4.8,True
NEO4671,2025-10-04,102013,8.7,True
NEO4672,2025-04-01,216976,15.0,True
NEO4673,2025-08-30,195459,6.3,False
NEO4674,2025-11-25,194656,9.9,False
NEO4675,2025-11-02,279706,6.8,True
NEO4676,2025-04-01,41362,9.8,True
NEO4677,2025-07-20,150139,10.7,True
NEO4678,2025-02-13,283937,4.3,False
NEO4679,2025-05-16,149509,5.0,False
NEO4680,2025-10-17,37217,8.7,False
NEO4681,2025-08-09,226541,13.1,False
NEO4682,2025-06-09,174217,8.8,False
NEO4683,2025-11-11,117241,9.8,True
NEO4684,2025-02-04,73238,14.4,False
NEO4685,2025-08-26,62378,3.3,True
NEO4686,2025-01-13,66159,9.7,False
NEO4687,2025-08-07,297879,10.6,False
NEO4688,2025-01-24,138691,8.3,False
NEO4689,2025-05-19,69754,14.8,False
NEO4690,2025-11-25,242237,9.5,False
NEO4691,2025-01-28,51213,6.0,False
NEO4692,2025-02-18,109610,10.4,True
NEO4693,2025-06-30,143954,10.3,False
NEO4694,2025-07-11,234448,5.9,False
NEO4695,2025-10-22,292223,8.9,True
NEO4696,2025-05-05,217840,14.3,True
NEO4697,2025-12-12,134279,13.4,True
NEO4698,2025-02-23,96031,9.9,True
NEO4699,2025-12-06,64865,8.9,True
NEO4700,2025-03-30,48678,14.5,True
NEO4701,2025-08-26,102275,9.8,False
NEO4702,2025-03-10,34665,12.3,False
NEO4703,2025-11-29,262013,11.5,False
NEO4704,2025-10-30,35720,5.7,True
NEO4705,2025-09-20,138499,7.4,True
NEO4706,2025-11-10,124979,5.1,False
NEO4707,2025-04-29,263597,14.1,False
NEO4708,2025-09-30,36398,10.5,False
NEO4709,2025-03-16,128194,14.4,True
NEO4710,2025-08-08,124936,6.7,True
NEO4711,2025-10-25,161655,12.0,True
NEO4712,2025-10-31,131708,9.8,False
NEO4713,2025-01-12,238137,10.9,False
NEO4714,2025-10-23,144543,7.0,False
NEO4715,2025-04-09,125717,14.9,True
NEO4716,2025-10-18,174291,9.9,False
NEO4717,2025-03-31,100266,11.2,True
NEO4718,2025-08-29,109726,12.9,False
NEO4719,2025-03-26,134597,10.3,False
NEO4720,2025-06-17,276658,8.0,True
NEO4721,2025-07-03,55300,15.0,False
NEO4722,2025-09-28,69143,14.2,True
NEO4723,2025-06-10,154281,4.1,True
NEO4724,2025-06-11,202044,14.0,False
NEO4725,2025-06-21,86439,14.4,True
NEO4726,2025-05-08,286109,14.6,True
NEO4727,2025-12-03,193740,5.9,True
NEO4728,2025-03-16,284209,14.6,True
NEO4729,2025-07-20,153605,12.9,False
NEO4730,2025-02-24,153090,6.7,True
NEO4731,2025-06-09,64948,11.1,True
NEO4732,2025-10-02,232630,5.5,True
NEO4733,2025-04-12,296513,8.9,True
NEO4734,2025-08-20,121993,10.8,False
NEO4735,2025-03-07,33731,9.6,True
NEO4736,2025-02-12,62087,11.9,False
NEO4737,2025-04-08,219101,13.8,True
NEO4738,2025-02-25,126785,13.8,True
NEO4739,2025-10-16,93131,5.2,False
NEO4740,2025-12-06,79604,9.3,False
NEO4741,2025-05-10,195876,6.5,True
NEO4742,2025-12-12,92351,10.1,False
NEO4743,2025-01-24,241474,4.8,False
NEO4744,2025-01-29,35522,12.9,True
NEO4745,2025-07-25,292088,9.6,True
NEO4746,2025-04-11,287613,3.9,False
NEO4747,2025-11-04,123784,6.8,True
NEO4748,2025-10-11,81510,13.7,False
NEO4749,2025-02-13,61345,6.8,True
NEO4750,2025-03-07,74324,6.8,False
NEO4751,2025-01-03,214807,8.9,False
NEO4752,2025-05-02,174523,5.2,False
NEO4753,2025-04-15,103667,14.0,False
NEO4754,2025-04-03,107403,12.7,True
NEO4755,2025-01-10,42146,7.0,False
NEO4756,2025-02-17,105836,11.0,True
NEO4757,2025-11-16,45501,13.2,False
NEO4758,2025-05-09,70239,4.4,False
NEO4759,2025-07-12,141410,8.6,False
NEO4760,2025-07-31,148228,6.9,False
NEO4761,2025-01-31,119255,3.8,True
NEO4762,2025-08-27,196901,9.7,False
NEO4763,2025-04-27,223982,7.1,False
NEO4764,2025-03-31,92929,3.9,True
NEO4765,2025-12-15,221817,5.2,True
NEO4766,2025-06-04,223496,14.5,True
NEO4767,2025-01-15,282069,8.5,True
NEO4768,2025-12-09,237261,7.4,False
NEO4769,2025-12-01,212461,5.9,True
NEO4770,2025-09-19,212520,11.6,False
NEO4771,2025-09-03,265918,12.5,False
NEO4772,2025-07-01,294642,4.6,False
NEO4773,2025-09-22,272008,9.8,True
NEO4774,2025-09-30,48637,12.3,False
NEO4775,2025-04-18,243297,4.5,False
NEO4776,2025-12-30,52067,3.6,True
NEO4777,2025-09-14,201321,12.4,False
NEO4778,2025-06-20,168540,9.3,True
NEO4779,2025-09-28,145798,12.4,True
NEO4780,2025-04-10,261933,10.5,False
NEO4781,2025-02-15,287271,5.5,True
NEO4782,2025-11-21,92288,13.3,True
NEO4783,2025-06-28,37570,14.1,True
NEO4784,2025-12-29,289471,4.1,True
NEO4785,2025-06-27,59062,6.4,True
NEO4786,2025-11-12,118427,13.6,False
NEO4787,2025-03-24,201127,6.9,False
NEO4788,2025-12-04,41352,5.7,True
NEO4789,2025-09-05,155554,7.1,True
NEO4790,2025-03-29,97047,13.5,True
NEO4791,2025-03-19,286982,12.5,True
NEO4792,2025-06-14,270536,6.0,False
NEO4793,2025-12-21,140009,12.7,True
NEO4794,2025-11-01,162269,14.2,True
NEO4795,2025-05-31,115357,9.1,False
NEO4796,2025-10-25,38678,13.0,True
NEO4797,2025-08-12,119950,7.5,True
NEO4798,2025-09-16,67986,9.9,False
NEO4799,2025-03-23,137907,14.1,False
NEO4800,2026-01-01,276164,8.6,False
NEO4801,2025-02-03,249916,6.8,False
NEO4802,2025-07-16,157864,13.7,False
NEO4803,2025-08-20,154279,3.3,False
NEO4804,2025-05-18,235139,3.4,True
NEO4805,2025-02-02,81791,8.8,False
NEO4806,2025-12-10,295111,10.6,True
NEO4807,2025-08-18,270324,5.4,False
NEO4808,2025-05-17,180749,6.4,False
NEO4809,2025-03-21,196565,5.0,False
NEO4810,2025-07-26,179170,10.8,False
NEO4811,2025-01-30,224163,12.8,False
NEO4812,2025-02-12,92380,13.5,True
NEO4813,2025-07-20,212318,13.3,True
NEO4814,2025-09-19,118296,14.3,True
NEO4815,2025-06-23,70267,12.7,True
NEO4816,2025-03-14,266604,11.2,False
NEO4817,2025-03-04,186428,4.7,False
NEO4818,2025-02-16,159413,8.2,False
NEO4819,2025-06-14,135367,8.8,False
NEO4820,2025-05-15,218693,4.0,True
NEO4821,2025-11-12,163028,7.5,False
NEO4822,2025-03-07,149005,13.5,False
NEO4823,2025-01-22,138114,7.3,True
NEO4824,2025-11-24,211378,9.4,True
NEO4825,2025-01-18,282669,12.4,False
NEO4826,2025-07-13,193770,9.4,False
NEO4827,2025-02-21,265003,5.0,True
NEO4828,2025-02-16,104909,6.0,False
NEO4829,2025-06-22,49710,11.3,False
NEO4830,2025-07-01,41987,8.3,False
NEO4831,2025-05-20,166168,12.0,True
NEO4832,2025-05-10,40190,6.0,False
NEO4833,2025-10-04,283927,4.3,False
NEO4834,2025-10-01,297490,6.0,False
NEO4835,2025-11-16,166756,8.3,False
NEO4836,2025-05-21,34704,13.8,False
NEO4837,2025-03-19,299643,12.6,False
NEO4838,2025-12-09,144576,12.5,False
NEO4839,2025-04-04,216077,11.1,False
NEO4840,2025-06-20,252652,11.6,True
NEO4841,2025-06-22,251213,12.0,True
NEO4842,2025-12-02,104659,14.7,True
NEO4843,2025-03-29,130899,5.9,True
NEO4844,2025-08-11,281491,7.1,True
NEO4845,2025-03-04,194748,4.4,True
NEO4846,2025-02-07,167421,14.6,False
NEO4847,2025-07-29,155730,6.3,False
NEO4848,2025-09-25,229006,13.6,True
NEO4849,2025-10-19,86015,7.0,True
NEO4850,2025-11-10,110003,11.4,True
NEO4851,2025-01-11,86990,10.3,True
NEO4852,2025-11-11,290292,10.9,False
NEO4853,2025-11-07,212882,14.5,True
NEO4854,2025-09-26,246046,5.6,False
NEO4855,2025-04-01,265738,6.5,True
NEO4856,2025-06-27,153049,3.6,True
NEO4857,2025-10-28,33435,7.6,False
NEO4858,2025-03-28,272987,13.1,True
NEO4859,2025-09-18,93420,7.3,True
NEO4860,2025-11-18,190782,12.2,True
NEO4861,2025-03-20,216222,7.8,True
NEO4862,2025-03-09,153979,5.2,False
NEO4863,2025-01-10,212644,4.3,True
NEO4864,2025-04-22,137326,13.4,True
NEO4865,2025-09-26,41508,10.4,False
NEO4866,2025-02-16,56588,14.2,False
NEO4867,2025-01-16,138452,10.0,False
NEO4868,2025-03-27,173325,10.0,False
NEO4869,2025-10-06,277738,9.6,True
NEO4870,2025-07-04,115916,7.4,True
NEO4871,2025-03-30,85849,8.7,True
NEO4872,2025-04-10,32778,9.0,True
NEO4873,2025-08-12,96144,11.9,False
NEO4874,2025-09-13,286159,8.3,False
NEO4875,2025-09-15,157726,7.1,True
NEO4876,2025-10-23,179623,13.7,True
NEO4877,2025-08-15,138363,13.9,True
NEO4878,2025-09-17,150521,5.8,True
NEO4879,2025-07-21,195146,13.7,False
NEO4880,2025-12-04,197749,14.1,True
NEO4881,2025-11-16,298707,12.8,True
NEO4882,2025-05-29,95670,4.9,True
NEO4883,2025-01-18,230640,14.0,True
NEO4884,2025-05-17,113543,14.4,True
NEO4885,2025-06-08,88416,3.2,False
NEO4886,2025-04-29,260415,3.7,True
NEO4887,2025-09-22,295241,3.6,True
NEO4888,2025-08-06,214321,6.9,False
NEO4889,2025-12-13,198051,9.2,False
NEO4890,2025-05-13,31050,6.0,True
NEO4891,2025-12-07,247554,14.3,False
NEO4892,2025-05-17,249360,9.5,False
NEO4893,2025-06-28,199386,9.8,True
NEO4894,2025-05-31,218993,14.0,True
NEO4895,2025-08-29,265779,9.0,False
NEO4896,2025-02-20,185340,12.1,False
NEO4897,2025-01-04,64569,9.3,True
NEO4898,2025-03-20,207228,6.2,False
NEO4899,2025-11-22,291313,14.9,True
NEO4900,2025-07-17,110020,7.8,False
NEO4901,2025-03-16,154406,11.0,False
NEO4902,2025-12-24,57877,12.1,True
NEO4903,2025-04-11,166332,10.2,True
NEO4904,2025-05-17,139532,13.2,True
NEO4905,2025-03-30,195344,10.0,True
NEO4906,2025-06-23,148768,8.6,True
NEO4907,2025-11-16,254603,8.7,False
NEO4908,2025-12-13,189985,6.2,True
NEO4909,2025-05-11,87201,12.7,True
NEO4910,2025-11-15,183816,14.7,True
NEO4911,2025-04-29,260509,7.5,True
NEO4912,2025-04-09,165305,5.5,True
NEO4913,2025-12-02,232740,13.9,True
NEO4914,2025-04-12,69771,7.2,True
NEO4915,2025-07-22,214712,3.1,False
NEO4916,2025-01-28,224249,13.6,True
NEO4917,2025-06-26,151146,3.7,False
NEO4918,2025-03-20,155009,6.1,False
NEO4919,2025-02-07,213919,9.2,True
NEO4920,2025-04-16,192890,5.9,True
NEO4921,2025-03-12,184851,10.9,False
NEO4922,2025-12-10,228643,13.1,False
NEO4923,2025-02-06,56032,8.1,True
NEO4924,2025-11-27,127419,9.7,True
NEO4925,2025-08-08,246198,10.6,False
NEO4926,2025-12-25,202237,9.6,True
NEO4927,2025-11-01,282221,7.8,False
NEO4928,2025-10-10,176059,3.1,False
NEO4929,2025-06-04,181135,8.1,False
NEO4930,2025-01-10,132037,13.6,True
NEO4931,2025-12-27,79630,13.3,False
NEO4932,2025-01-24,79224,13.6,False
NEO4933,2025-04-17,219764,8.2,False
NEO4934,2025-07-26,218648,11.6,True
NEO4935,2025-07-30,190874,8.3,False
NEO4936,2025-03-19,269402,11.9,True
NEO4937,2025-04-19,246457,4.9,False
NEO4938,2025-11-07,215336,3.3,False
NEO4939,2025-01-23,44789,13.7,True
NEO4940,2025-01-23,232678,14.5,True
NEO4941,2025-03-25,92207,10.3,False
NEO4942,2025-05-01,197107,14.4,True
NEO4943,2025-06-10,293966,5.7,True
NEO4944,2025-01-03,108695,9.1,True
NEO4945,2025-07-02,163688,4.1,True
NEO4946,2025-11-03,31837,14.6,True
NEO4947,2025-02-17,33895,9.4,False
NEO4948,2025-09-26,226103,10.3,False
NEO4949,2025-10-02,245195,8.9,False
NEO4950,2025-01-09,87842,5.8,False
NEO4951,2025-05-21,154088,11.0,False
NEO4952,2025-01-10,191014,6.6,True
NEO4953,2025-11-20,277597,5.4,True
NEO4954,2025-02-04,181001,5.6,True
NEO4955,2025-07-21,40033,12.1,True
NEO4956,2025-07-16,53801,8.3,False
NEO4957,2025-09-25,71961,7.0,True
NEO4958,2025-04-10,207539,14.7,False
NEO4959,2025-11-27,229709,5.3,True
NEO4960,2025-10-20,69190,14.8,False
NEO4961,2025-09-08,109437,3.7,True
NEO4962,2025-12-25,287839,3.6,True
NEO4963,2025-02-27,244848,14.6,True
NEO4964,2025-06-04,168699,7.6,False
NEO4965,2025-03-28,163974,3.8,True
NEO4966,2025-05-23,226727,9.0,False
NEO4967,2025-10-12,287628,4.5,True
NEO4968,2025-10-31,272336,9.7,False
NEO4969,2025-06-02,227021,6.4,False
NEO4970,2025-04-08,65651,7.5,True
NEO4971,2025-04-08,210207,13.8,False
NEO4972,2025-09-06,172108,9.9,False
NEO4973,2025-02-13,93986,14.1,True
NEO4974,2025-08-27,171237,6.7,True
NEO4975,2025-08-27,274180,14.4,False
NEO4976,2025-07-21,214094,7.4,False
NEO4977,2025-12-29,33827,8.4,False
NEO4978,2025-06-28,115681,10.5,True
NEO4979,2025-05-03,197271,8.0,False
NEO4980,2025-03-22,170464,3.5,True
NEO4981,2025-02-09,271232,5.1,False
NEO4982,2025-04-30,111008,7.5,True
NEO4983,2025-09-12,279606,14.7,True
NEO4984,2025-06-22,244032,4.6,True
NEO4985,2025-01-07,100896,9.3,True
NEO4986,2025-05-24,45535,14.5,False
NEO4987,2025-08-22,216667,5.4,True
NEO4988,2025-03-18,141760,4.1,True
NEO4989,2025-04-19,288163,12.3,False
NEO4990,2025-03-26,288889,12.7,False
NEO4991,2025-05-10,44479,9.9,True
NEO4992,2025-03-11,131245,7.5,False
NEO4993,2025-04-01,107912,5.2,False
NEO4994,2025-07-18,235777,14.3,False
NEO4995,2025-05-31,206805,14.5,True
NEO4996,2025-03-31,55106,7.4,False
NEO4997,2025-06-27,148658,3.3,False
NEO4998,2025-10-28,270710,7.7,True
NEO4999,2025-06-09,120749,8.6,False
NEO5000,2025-03-12,181313,9.3,False
