Date,Open,High,Low,Close,Volume,Name,ticker
2006-01-03,39.69,41.22,38.79,40.91,24232729,AABA,AABA
2006-01-04,41.22,41.9,40.77,40.97,20553479,AABA,AABA
2006-01-05,40.93,41.73,40.85,41.53,12829610,AABA,AABA
2006-01-06,42.88,43.57,42.8,43.21,29422828,AABA,AABA
2006-01-09,43.1,43.66,42.82,43.42,16268338,AABA,AABA
2006-01-10,42.96,43.34,42.34,42.98,16288580,AABA,AABA
2006-01-11,42.19,42.31,41.72,41.87,26192772,AABA,AABA
2006-01-12,41.92,41.99,40.76,40.89,18921686,AABA,AABA
2006-01-13,41.0,41.08,39.62,39.9,30966185,AABA,AABA
2006-01-17,39.09,40.39,38.96,40.11,42429911,AABA,AABA
2006-01-18,35.01,36.16,34.74,35.18,118670393,AABA,AABA
2006-01-19,35.82,35.84,34.24,34.33,60918436,AABA,AABA
2006-01-20,34.44,34.66,33.21,33.74,57681688,AABA,AABA
2006-01-23,34.22,34.4,33.98,34.17,30894265,AABA,AABA
2006-01-24,34.55,35.2,34.51,34.87,31686324,AABA,AABA
2006-01-25,35.43,35.48,34.38,34.49,23786001,AABA,AABA
2006-01-26,34.94,35.25,34.49,35.17,28480917,AABA,AABA
2006-01-27,35.26,35.27,34.66,35.09,24325960,AABA,AABA
2006-01-30,35.06,35.23,34.88,35.05,29030615,AABA,AABA
2006-01-31,35.2,35.2,34.31,34.38,36538014,AABA,AABA
2006-02-01,34.45,35.0,34.35,35.0,43601750,AABA,AABA
2006-02-02,35.01,35.1,34.1,34.25,18325852,AABA,AABA
2006-02-03,34.0,34.05,33.26,33.54,32640102,AABA,AABA
2006-02-06,33.9,33.95,32.78,32.92,23527156,AABA,AABA
2006-02-07,33.01,33.1,32.32,33.02,37249236,AABA,AABA
2006-02-08,33.24,33.4,32.51,33.0,28115179,AABA,AABA
2006-02-09,33.01,33.36,32.4,32.5,25341881,AABA,AABA
2006-02-10,32.58,32.6,32.1,32.51,19628507,AABA,AABA
2006-02-13,32.21,32.44,31.7,32.04,26141351,AABA,AABA
2006-02-14,32.14,32.83,32.05,32.72,26217040,AABA,AABA
2006-02-15,32.62,33.33,32.55,33.02,19550488,AABA,AABA
2006-02-16,33.3,33.4,32.6,32.75,19619753,AABA,AABA
2006-02-17,32.88,33.14,32.71,32.76,12620166,AABA,AABA
2006-02-21,32.9,33.07,32.38,32.39,14338713,AABA,AABA
2006-02-22,32.49,33.34,32.4,33.16,18433966,AABA,AABA
2006-02-23,33.01,33.66,32.88,33.15,15427590,AABA,AABA
2006-02-24,33.2,33.34,32.92,33.01,10136525,AABA,AABA
2006-02-27,33.11,33.21,32.57,32.74,11826242,AABA,AABA
2006-02-28,32.63,32.98,31.34,32.06,39929675,AABA,AABA
2006-03-01,32.21,32.42,31.72,32.18,18590783,AABA,AABA
2006-03-02,32.01,32.11,31.58,31.7,23495772,AABA,AABA
2006-03-03,31.7,32.07,31.38,31.45,23215697,AABA,AABA
2006-03-06,31.53,31.94,31.45,31.57,17212950,AABA,AABA
2006-03-07,31.42,32.2,31.31,31.43,23370264,AABA,AABA
2006-03-08,31.31,31.55,30.82,30.99,20922528,AABA,AABA
2006-03-09,31.05,31.32,30.25,30.28,18287116,AABA,AABA
2006-03-10,30.4,31.1,29.75,30.58,28994624,AABA,AABA
2006-03-13,30.72,30.97,30.12,30.15,18442605,AABA,AABA
2006-03-14,30.1,31.0,30.1,30.99,19303466,AABA,AABA
2006-03-15,31.25,31.28,30.47,30.53,20766370,AABA,AABA
2006-03-16,30.77,30.88,30.1,30.13,17114520,AABA,AABA
2006-03-17,30.34,30.36,29.83,30.07,23650513,AABA,AABA
2006-03-20,30.38,30.93,30.2,30.44,21457111,AABA,AABA
2006-03-21,30.42,30.78,30.02,30.11,18876317,AABA,AABA
2006-03-22,30.33,30.91,30.31,30.75,23151137,AABA,AABA
2006-03-23,31.52,31.95,31.48,31.83,33944220,AABA,AABA
2006-03-24,32.28,32.31,31.53,31.77,17835583,AABA,AABA
2006-03-27,31.84,32.08,31.3,31.45,14862989,AABA,AABA
2006-03-28,31.45,32.5,31.41,32.39,25983840,AABA,AABA
2006-03-29,32.44,32.91,32.14,32.56,25510222,AABA,AABA
2006-03-30,32.75,32.83,32.09,32.42,14314539,AABA,AABA
2006-03-31,32.45,32.63,32.01,32.26,12666967,AABA,AABA
2006-04-03,32.41,32.53,31.79,31.89,14889713,AABA,AABA
2006-04-04,31.69,32.25,31.66,32.1,16265347,AABA,AABA
2006-04-05,32.3,32.5,31.96,32.11,11991350,AABA,AABA
2006-04-06,32.12,33.14,32.11,32.79,21576285,AABA,AABA
2006-04-07,32.85,32.97,32.21,32.27,12980359,AABA,AABA
2006-04-10,32.28,32.63,32.12,32.55,9633654,AABA,AABA
2006-04-11,32.45,32.6,31.15,31.39,22109884,AABA,AABA
2006-04-12,31.44,31.5,30.89,31.1,14928168,AABA,AABA
2006-04-13,31.14,31.4,30.85,31.13,15610447,AABA,AABA
2006-04-17,31.16,31.79,30.66,30.97,18242998,AABA,AABA
2006-04-18,31.17,31.38,30.53,31.3,38756357,AABA,AABA
2006-04-19,33.47,33.98,32.76,33.54,77263961,AABA,AABA
2006-04-20,33.48,33.7,32.93,33.37,23486989,AABA,AABA
2006-04-21,33.36,34.09,32.7,32.89,25219814,AABA,AABA
2006-04-24,33.01,33.45,32.9,33.01,15444364,AABA,AABA
2006-04-25,32.99,33.06,31.88,31.99,22363153,AABA,AABA
2006-04-26,32.3,33.09,32.1,33.0,24426349,AABA,AABA
2006-04-27,32.79,33.5,32.4,33.2,19639200,AABA,AABA
2006-04-28,32.88,33.45,32.78,32.78,13317439,AABA,AABA
2006-05-01,32.99,33.1,31.86,32.08,19753189,AABA,AABA
2006-05-02,32.2,32.91,31.72,31.85,16282213,AABA,AABA
2006-05-03,32.4,33.0,31.75,32.17,23298008,AABA,AABA
2006-05-04,32.4,32.56,32.08,32.19,10405776,AABA,AABA
2006-05-05,32.63,32.75,32.22,32.66,14689303,AABA,AABA
2006-05-08,33.09,33.43,32.63,32.87,18196950,AABA,AABA
2006-05-09,32.68,34.0,32.35,32.49,13400208,AABA,AABA
2006-05-10,32.48,32.56,32.0,32.09,13811590,AABA,AABA
2006-05-11,31.96,32.17,30.87,30.99,24278733,AABA,AABA
2006-05-12,30.71,31.18,30.38,30.81,16788087,AABA,AABA
2006-05-15,30.85,31.25,30.6,31.03,13360555,AABA,AABA
2006-05-16,31.1,31.22,30.63,30.97,15335810,AABA,AABA
2006-05-17,30.61,31.26,30.04,30.11,39865162,AABA,AABA
2006-05-18,30.1,30.36,28.93,29.0,38254619,AABA,AABA
2006-05-19,29.05,29.75,28.6,29.53,33142252,AABA,AABA
2006-05-22,30.42,30.98,29.89,30.46,35091493,AABA,AABA
2006-05-23,31.04,31.63,30.76,30.76,28594020,AABA,AABA
2006-05-24,30.95,32.02,30.71,31.79,27287465,AABA,AABA
2006-05-25,32.94,33.5,32.5,32.92,34733945,AABA,AABA
2006-05-26,32.86,33.02,32.35,33.02,13843907,AABA,AABA
2006-05-30,32.73,32.89,31.79,32.0,16247771,AABA,AABA
2006-05-31,32.19,32.32,31.11,31.59,21309321,AABA,AABA
2006-06-01,31.83,32.0,31.49,31.99,16652761,AABA,AABA
2006-06-02,31.77,32.19,31.3,31.52,16470803,AABA,AABA
2006-06-05,31.19,31.43,30.79,30.82,17190404,AABA,AABA
2006-06-06,30.83,30.97,30.35,30.7,15618632,AABA,AABA
2006-06-07,30.8,31.25,30.36,30.54,17470884,AABA,AABA
2006-06-08,30.43,30.99,29.83,30.45,20538716,AABA,AABA
2006-06-09,30.7,30.8,30.23,30.37,10045014,AABA,AABA
2006-06-12,30.36,30.65,29.66,29.78,14352285,AABA,AABA
2006-06-13,29.77,30.2,29.51,29.65,16435770,AABA,AABA
2006-06-14,29.81,30.0,29.25,29.62,19263319,AABA,AABA
2006-06-15,29.98,30.96,29.72,30.79,22375490,AABA,AABA
2006-06-16,30.7,30.86,30.15,30.36,12958647,AABA,AABA
2006-06-19,30.51,30.75,30.06,30.35,12239077,AABA,AABA
2006-06-20,30.42,30.65,30.1,30.6,12613685,AABA,AABA
2006-06-21,30.77,31.54,30.65,31.06,18254442,AABA,AABA
2006-06-22,30.85,31.16,30.44,30.68,11570232,AABA,AABA
2006-06-23,31.08,31.76,30.82,31.37,17378470,AABA,AABA
2006-06-26,31.45,31.7,31.16,31.55,11456964,AABA,AABA
2006-06-27,31.85,32.22,31.32,31.51,16589398,AABA,AABA
2006-06-28,31.75,32.17,31.7,31.92,14043031,AABA,AABA
2006-06-29,32.26,33.0,32.2,32.97,15748387,AABA,AABA
2006-06-30,33.01,33.12,32.54,33.0,22686536,AABA,AABA
2006-07-03,32.9,33.44,32.9,33.3,8067157,AABA,AABA
2006-07-05,32.85,32.99,32.33,32.47,13471680,AABA,AABA
2006-07-06,32.77,33.22,32.7,33.11,13802068,AABA,AABA
2006-07-07,32.94,33.05,32.37,32.5,12372690,AABA,AABA
2006-07-10,32.91,33.14,32.73,32.85,15318601,AABA,AABA
2006-07-11,32.79,33.35,32.32,33.17,11288506,AABA,AABA
2006-07-12,33.03,33.74,32.99,33.38,18708342,AABA,AABA
2006-07-13,32.85,33.16,32.07,32.23,19463413,AABA,AABA
2006-07-14,32.34,32.48,31.85,32.08,12484647,AABA,AABA
2006-07-17,31.98,32.4,31.69,31.84,16376760,AABA,AABA
2006-07-18,32.08,32.26,31.25,32.24,43414869,AABA,AABA
2006-07-19,26.41,26.7,25.04,25.2,204412426,AABA,AABA
2006-07-20,25.55,26.21,24.91,25.27,54684560,AABA,AABA
2006-07-21,24.99,26.06,24.91,25.89,36190651,AABA,AABA
2006-07-24,26.24,27.23,25.89,26.94,42634524,AABA,AABA
2006-07-25,26.75,27.19,26.57,26.95,21388793,AABA,AABA
2006-07-26,26.78,27.51,26.57,27.08,20077207,AABA,AABA
2006-07-27,27.35,27.5,26.64,26.7,25155165,AABA,AABA
2006-07-28,26.9,27.5,26.33,27.47,21584988,AABA,AABA
2006-07-31,27.46,27.55,26.99,27.14,16504090,AABA,AABA
2006-08-01,27.06,27.12,26.74,26.94,18668659,AABA,AABA
2006-08-02,27.01,27.1,26.45,26.63,18120469,AABA,AABA
2006-08-03,26.5,27.05,26.4,26.9,15475508,AABA,AABA
2006-08-04,27.2,27.58,26.83,26.99,11607948,AABA,AABA
2006-08-07,26.92,27.11,26.58,27.08,12968928,AABA,AABA
2006-08-08,26.95,27.7,26.63,27.44,19369320,AABA,AABA
2006-08-09,27.75,27.85,27.0,27.22,14736337,AABA,AABA
2006-08-10,26.95,27.8,26.85,27.49,12598122,AABA,AABA
2006-08-11,27.53,27.72,27.4,27.5,9252261,AABA,AABA
2006-08-14,27.71,27.8,27.0,27.26,10640234,AABA,AABA
2006-08-15,27.58,28.2,27.48,28.17,15300086,AABA,AABA
2006-08-16,28.35,28.46,27.97,28.39,12589452,AABA,AABA
2006-08-17,28.38,29.32,28.34,28.91,17253471,AABA,AABA
2006-08-18,28.9,29.97,28.77,29.78,19612863,AABA,AABA
2006-08-21,29.22,29.52,28.83,28.9,11575259,AABA,AABA
2006-08-22,28.84,29.65,28.8,29.26,10891810,AABA,AABA
2006-08-23,29.34,29.47,28.68,28.7,8839699,AABA,AABA
2006-08-24,28.75,29.13,28.7,28.99,8985701,AABA,AABA
2006-08-25,28.95,29.28,28.74,28.77,6205474,AABA,AABA
2006-08-28,28.75,29.25,28.7,28.91,10405937,AABA,AABA
2006-08-29,28.86,29.01,28.51,28.96,9888927,AABA,AABA
2006-08-30,29.0,29.14,28.71,29.02,13121357,AABA,AABA
2006-08-31,28.98,29.02,28.59,28.83,9449935,AABA,AABA
2006-09-01,28.91,29.53,28.91,29.49,11573661,AABA,AABA
2006-09-05,29.45,29.48,28.95,29.07,11426033,AABA,AABA
2006-09-06,28.94,29.01,28.49,28.5,12802517,AABA,AABA
2006-09-07,28.4,28.51,27.82,27.86,18437178,AABA,AABA
2006-09-08,28.04,28.32,27.97,28.14,9781982,AABA,AABA
2006-09-11,28.05,28.73,27.67,28.61,12940778,AABA,AABA
2006-09-12,28.55,29.22,28.46,29.09,10012103,AABA,AABA
2006-09-13,29.06,29.37,28.8,29.17,15252677,AABA,AABA
2006-09-14,29.1,29.24,28.89,29.03,9565545,AABA,AABA
2006-09-15,29.3,29.57,29.22,29.32,19562430,AABA,AABA
2006-09-18,29.37,29.39,28.58,29.0,15685078,AABA,AABA
2006-09-19,29.09,29.13,25.1,25.75,127739742,AABA,AABA
2006-09-20,26.04,26.09,25.38,25.64,55654770,AABA,AABA
2006-09-21,25.53,25.95,25.21,25.34,28589534,AABA,AABA
2006-09-22,25.34,25.69,25.18,25.52,20668600,AABA,AABA
2006-09-25,25.64,25.87,25.2,25.29,20012744,AABA,AABA
2006-09-26,25.44,25.48,24.81,25.05,35957172,AABA,AABA
2006-09-27,25.0,25.01,24.6,24.65,29865430,AABA,AABA
2006-09-28,24.87,25.5,24.84,25.33,35337675,AABA,AABA
2006-09-29,25.5,25.59,25.24,25.28,19117081,AABA,AABA
2006-10-02,25.45,25.46,24.75,24.88,19646729,AABA,AABA
2006-10-03,24.8,25.0,24.7,24.84,21156884,AABA,AABA
2006-10-04,24.89,25.26,24.74,25.21,21721213,AABA,AABA
2006-10-05,25.16,25.25,24.88,25.18,17636524,AABA,AABA
2006-10-06,25.09,25.5,25.01,25.47,20847342,AABA,AABA
2006-10-09,25.45,25.72,25.0,25.03,15737576,AABA,AABA
2006-10-10,24.94,25.03,24.32,24.47,30382123,AABA,AABA
2006-10-11,24.29,24.64,23.8,24.24,39360907,AABA,AABA
2006-10-12,24.32,24.38,24.1,24.12,25831745,AABA,AABA
2006-10-13,23.9,24.5,23.57,24.42,51340196,AABA,AABA
2006-10-16,24.34,24.52,23.75,24.18,36660411,AABA,AABA
2006-10-17,23.74,24.35,23.68,24.15,68196117,AABA,AABA
2006-10-18,24.57,24.75,22.88,22.99,111874792,AABA,AABA
2006-10-19,23.02,23.59,23.0,23.14,42371679,AABA,AABA
2006-10-20,23.22,23.27,22.65,23.21,49802346,AABA,AABA
2006-10-23,23.14,23.5,23.1,23.37,26305259,AABA,AABA
2006-10-24,23.34,23.64,23.15,23.53,31715791,AABA,AABA
2006-10-25,23.73,24.64,23.69,24.49,40127077,AABA,AABA
2006-10-26,24.7,25.33,24.36,25.28,38452579,AABA,AABA
2006-10-27,25.23,25.6,24.9,25.34,29647673,AABA,AABA
2006-10-30,25.87,26.4,25.66,25.95,35308374,AABA,AABA
2006-10-31,26.44,26.7,26.1,26.34,33583062,AABA,AABA
2006-11-01,26.5,26.62,25.82,25.99,26444473,AABA,AABA
2006-11-02,25.94,26.6,25.77,26.53,34826595,AABA,AABA
2006-11-03,26.62,26.7,26.04,26.18,15318056,AABA,AABA
2006-11-06,26.34,26.7,26.1,26.59,22576824,AABA,AABA
2006-11-07,26.68,27.15,26.58,26.61,28444631,AABA,AABA
2006-11-08,26.36,27.25,26.31,26.9,23391312,AABA,AABA
2006-11-09,27.18,27.65,26.96,27.45,27433031,AABA,AABA
2006-11-10,27.4,27.5,27.03,27.39,21373944,AABA,AABA
2006-11-13,27.17,27.62,27.15,27.4,16883332,AABA,AABA
2006-11-14,27.4,27.5,27.11,27.24,20154947,AABA,AABA
2006-11-15,27.18,27.5,27.03,27.15,22121705,AABA,AABA
2006-11-16,27.31,27.33,26.2,26.64,38515092,AABA,AABA
2006-11-17,26.68,27.05,26.63,26.91,17956744,AABA,AABA
2006-11-20,26.96,27.04,26.63,26.72,20584378,AABA,AABA
2006-11-21,26.5,27.34,26.5,27.14,21144234,AABA,AABA
2006-11-22,27.51,28.56,27.29,28.49,32091079,AABA,AABA
2006-11-24,28.22,28.49,27.7,28.03,9468998,AABA,AABA
2006-11-27,27.5,28.5,27.17,27.27,19928988,AABA,AABA
2006-11-28,27.02,27.24,26.85,27.0,14980185,AABA,AABA
2006-11-29,27.4,27.4,26.71,27.04,19380268,AABA,AABA
2006-11-30,27.0,27.15,26.73,27.01,14916926,AABA,AABA
2006-12-01,27.0,27.25,26.0,26.49,20057321,AABA,AABA
2006-12-04,26.49,27.3,26.49,26.89,28043420,AABA,AABA
2006-12-05,26.86,27.61,26.86,27.43,27131498,AABA,AABA
2006-12-06,27.25,27.45,26.6,26.86,35207855,AABA,AABA
2006-12-07,26.95,27.16,26.6,26.63,22412263,AABA,AABA
2006-12-08,26.65,26.78,26.27,26.34,19276003,AABA,AABA
2006-12-11,26.37,26.7,26.12,26.49,12921358,AABA,AABA
2006-12-12,26.63,27.38,26.6,26.75,32170755,AABA,AABA
2006-12-13,27.04,27.23,26.51,26.6,20432092,AABA,AABA
2006-12-14,26.63,26.97,26.5,26.87,14409058,AABA,AABA
2006-12-15,27.0,27.22,26.76,26.9,27545767,AABA,AABA
2006-12-18,26.89,26.97,26.07,26.3,19437670,AABA,AABA
2006-12-19,26.05,26.5,25.91,26.41,18981133,AABA,AABA
2006-12-20,26.24,26.31,25.54,25.59,25273236,AABA,AABA
2006-12-21,25.71,25.75,25.13,25.48,27054755,AABA,AABA
2006-12-22,25.67,25.88,25.45,25.55,14673266,AABA,AABA
2006-12-26,25.49,25.61,25.34,25.45,8401533,AABA,AABA
2006-12-27,25.47,25.88,25.45,25.75,12426051,AABA,AABA
2006-12-28,25.62,25.72,25.3,25.36,12153886,AABA,AABA
2006-12-29,25.42,25.82,25.33,25.54,16304003,AABA,AABA
2007-01-03,25.85,26.26,25.26,25.61,26654067,AABA,AABA
2007-01-04,25.64,26.92,25.52,26.85,32565729,AABA,AABA
2007-01-05,26.7,27.87,26.66,27.74,64391379,AABA,AABA
2007-01-08,27.7,28.04,27.43,27.92,25716348,AABA,AABA
2007-01-09,28.0,28.05,27.41,27.58,25624340,AABA,AABA
2007-01-10,27.48,28.92,27.44,28.7,40240872,AABA,AABA
2007-01-11,28.76,29.37,28.7,29.2,28879688,AABA,AABA
2007-01-12,28.98,29.5,28.49,29.45,20971299,AABA,AABA
2007-01-16,29.88,29.88,28.79,29.29,24449166,AABA,AABA
2007-01-17,29.4,29.4,28.81,29.05,17801804,AABA,AABA
2007-01-18,28.92,28.99,27.82,28.12,23869944,AABA,AABA
2007-01-19,27.93,28.34,27.55,27.64,24760223,AABA,AABA
2007-01-22,27.85,27.9,27.18,27.42,23204602,AABA,AABA
2007-01-23,27.42,27.54,26.88,26.96,44876406,AABA,AABA
2007-01-24,28.34,29.2,28.22,28.94,81047173,AABA,AABA
2007-01-25,28.68,29.05,28.13,28.21,28370264,AABA,AABA
2007-01-26,28.32,28.52,27.96,28.04,21337083,AABA,AABA
2007-01-29,28.05,28.21,27.73,27.87,16860185,AABA,AABA
2007-01-30,27.87,28.39,27.61,28.04,13582865,AABA,AABA
2007-01-31,28.04,28.48,27.82,28.31,14109084,AABA,AABA
2007-02-01,28.68,28.71,28.15,28.35,17912885,AABA,AABA
2007-02-02,28.57,28.92,28.45,28.77,16502360,AABA,AABA
2007-02-05,28.67,28.8,28.36,28.56,11166146,AABA,AABA
2007-02-06,28.61,29.56,28.6,29.35,24510584,AABA,AABA
2007-02-07,29.35,30.15,29.12,29.89,29165297,AABA,AABA
2007-02-08,29.75,30.24,29.73,30.08,15563680,AABA,AABA
2007-02-09,30.07,30.16,29.51,29.74,18173245,AABA,AABA
2007-02-12,29.29,29.77,29.05,29.17,18317957,AABA,AABA
2007-02-13,29.37,29.68,29.26,29.56,13300013,AABA,AABA
2007-02-14,29.69,30.86,29.64,30.66,30823693,AABA,AABA
2007-02-15,30.82,31.65,30.69,31.25,28171391,AABA,AABA
2007-02-16,31.0,32.0,31.0,31.91,36782786,AABA,AABA
2007-02-20,31.8,32.21,31.39,32.01,20031440,AABA,AABA
2007-02-21,31.74,31.77,31.22,31.65,28005578,AABA,AABA
2007-02-22,31.6,32.08,31.32,31.6,15492646,AABA,AABA
2007-02-23,31.6,32.18,31.41,32.1,21562255,AABA,AABA
2007-02-26,32.8,32.84,30.85,32.12,28394245,AABA,AABA
2007-02-27,31.38,31.64,30.24,30.95,31576938,AABA,AABA
2007-02-28,30.86,31.47,30.09,30.86,30547933,AABA,AABA
2007-03-01,30.13,31.23,30.0,30.86,24027561,AABA,AABA
2007-03-02,30.54,30.89,30.28,30.42,18137552,AABA,AABA
2007-03-05,30.18,31.9,30.14,30.31,21486633,AABA,AABA
2007-03-06,30.89,31.06,30.52,30.8,33490548,AABA,AABA
2007-03-07,30.95,31.03,30.33,30.39,16021518,AABA,AABA
2007-03-08,30.82,31.04,30.58,30.71,13717076,AABA,AABA
2007-03-09,29.85,30.15,28.79,29.12,72786372,AABA,AABA
2007-03-12,29.3,30.11,29.28,29.99,36048732,AABA,AABA
2007-03-13,29.77,30.24,29.42,29.56,18263793,AABA,AABA
2007-03-14,29.63,30.04,29.26,29.86,23604830,AABA,AABA
2007-03-15,29.81,30.07,29.78,30.06,15440846,AABA,AABA
2007-03-16,30.02,30.11,29.72,29.88,19801762,AABA,AABA
2007-03-19,30.0,30.19,29.92,30.03,9989268,AABA,AABA
2007-03-20,30.0,30.35,29.94,30.33,12206503,AABA,AABA
2007-03-21,30.33,31.39,30.21,31.29,26675075,AABA,AABA
2007-03-22,31.36,31.44,30.85,31.26,13249801,AABA,AABA
2007-03-23,31.33,31.7,31.16,31.36,12729466,AABA,AABA
2007-03-26,31.25,31.74,31.24,31.66,12910493,AABA,AABA
2007-03-27,31.56,31.66,31.24,31.55,9417042,AABA,AABA
2007-03-28,31.45,31.7,31.25,31.41,13511907,AABA,AABA
2007-03-29,31.71,31.73,30.83,31.34,13815388,AABA,AABA
2007-03-30,31.21,31.6,31.02,31.29,9434964,AABA,AABA
2007-04-02,31.22,31.4,30.93,31.28,8668876,AABA,AABA
2007-04-03,31.41,32.0,31.41,31.72,12339884,AABA,AABA
2007-04-04,31.61,31.87,31.48,31.62,7848059,AABA,AABA
2007-04-05,32.0,32.09,31.72,31.96,13892548,AABA,AABA
2007-04-09,32.01,32.24,31.6,31.64,12411792,AABA,AABA
2007-04-10,31.64,32.02,31.6,31.69,12799376,AABA,AABA
2007-04-11,31.65,31.73,30.9,31.17,16237154,AABA,AABA
2007-04-12,31.26,31.42,31.1,31.21,13905515,AABA,AABA
2007-04-13,31.15,31.5,30.96,31.41,12009472,AABA,AABA
2007-04-16,31.68,31.79,31.24,31.61,14378701,AABA,AABA
2007-04-17,31.98,32.14,31.71,32.09,44549759,AABA,AABA
2007-04-18,28.42,28.9,27.89,28.31,127898810,AABA,AABA
2007-04-19,28.1,28.23,27.46,27.51,45686451,AABA,AABA
2007-04-20,27.86,27.86,27.37,27.46,39789613,AABA,AABA
2007-04-23,27.53,28.14,27.37,27.88,27268898,AABA,AABA
2007-04-24,28.03,28.26,27.69,28.02,25999999,AABA,AABA
2007-04-25,28.22,28.27,27.68,28.06,35585432,AABA,AABA
2007-04-26,27.98,28.65,27.73,28.49,32339173,AABA,AABA
2007-04-27,28.35,28.86,28.17,28.34,21099354,AABA,AABA
2007-04-30,28.32,28.5,28.0,28.04,17608540,AABA,AABA
2007-05-01,28.25,28.35,27.53,27.73,18318961,AABA,AABA
2007-05-02,27.72,28.26,27.72,28.12,16995768,AABA,AABA
2007-05-03,28.25,28.5,28.01,28.18,20121161,AABA,AABA
2007-05-04,33.27,33.61,29.58,30.98,245789251,AABA,AABA
2007-05-07,30.13,30.98,29.86,30.38,41260497,AABA,AABA
2007-05-08,30.24,31.1,30.21,30.41,28117107,AABA,AABA
2007-05-09,30.16,30.44,29.95,30.22,23546852,AABA,AABA
2007-05-10,30.52,30.69,29.61,29.7,26574527,AABA,AABA
2007-05-11,29.62,30.08,29.53,30.05,13910127,AABA,AABA
2007-05-14,29.79,30.0,29.08,29.31,20900346,AABA,AABA
2007-05-15,29.16,29.42,28.75,28.81,22231828,AABA,AABA
2007-05-16,28.89,29.37,28.25,29.21,32982311,AABA,AABA
2007-05-17,28.99,29.13,28.49,28.57,23567675,AABA,AABA
2007-05-18,28.9,29.8,28.78,29.75,35493633,AABA,AABA
2007-05-21,29.62,29.86,29.32,29.35,19030940,AABA,AABA
2007-05-22,29.33,29.35,28.78,28.92,19141588,AABA,AABA
2007-05-23,29.1,29.37,28.53,28.61,28664524,AABA,AABA
2007-05-24,28.65,28.88,28.25,28.41,19127041,AABA,AABA
2007-05-25,28.44,28.73,28.34,28.58,10334577,AABA,AABA
2007-05-29,28.36,28.73,28.2,28.4,13984167,AABA,AABA
2007-05-30,28.19,28.38,28.0,28.38,16143695,AABA,AABA
2007-05-31,28.76,28.85,28.49,28.7,15874325,AABA,AABA
2007-06-01,28.9,29.13,28.61,28.78,12401444,AABA,AABA
2007-06-04,28.6,28.78,28.4,28.59,13430613,AABA,AABA
2007-06-05,28.4,28.59,28.1,28.23,20501364,AABA,AABA
2007-06-06,28.05,28.11,27.3,27.44,33559306,AABA,AABA
2007-06-07,27.34,27.73,26.98,26.98,34247885,AABA,AABA
2007-06-08,27.02,27.45,26.96,27.39,18632640,AABA,AABA
2007-06-11,27.27,27.52,27.15,27.35,14871415,AABA,AABA
2007-06-12,27.3,27.66,26.98,27.05,22214546,AABA,AABA
2007-06-13,27.12,27.41,26.61,27.38,31226210,AABA,AABA
2007-06-14,27.38,27.64,27.15,27.3,18919820,AABA,AABA
2007-06-15,27.49,27.52,27.19,27.31,23823194,AABA,AABA
2007-06-18,27.72,28.34,27.5,28.12,72522004,AABA,AABA
2007-06-19,29.4,29.4,27.54,27.63,66111775,AABA,AABA
2007-06-20,27.89,28.17,27.66,27.66,33518397,AABA,AABA
2007-06-21,27.69,27.94,27.55,27.67,18061511,AABA,AABA
2007-06-22,27.68,27.79,27.31,27.38,34923661,AABA,AABA
2007-06-25,27.6,27.77,27.34,27.64,21249748,AABA,AABA
2007-06-26,27.73,28.18,27.36,27.71,25323971,AABA,AABA
2007-06-27,27.51,27.66,27.4,27.58,14096672,AABA,AABA
2007-06-28,27.44,27.49,27.12,27.25,17165040,AABA,AABA
2007-06-29,27.21,27.38,26.93,27.13,13839670,AABA,AABA
2007-07-02,27.19,27.27,26.76,26.86,21132104,AABA,AABA
2007-07-03,26.95,27.25,26.9,27.0,11643386,AABA,AABA
2007-07-05,26.92,27.14,26.9,26.99,16077277,AABA,AABA
2007-07-06,27.01,27.14,26.93,27.1,12284863,AABA,AABA
2007-07-09,26.92,27.33,26.82,27.2,17518744,AABA,AABA
2007-07-10,27.09,27.57,26.96,26.97,24640300,AABA,AABA
2007-07-11,27.03,27.05,26.55,26.69,21971546,AABA,AABA
2007-07-12,26.7,26.97,26.34,26.96,20082301,AABA,AABA
2007-07-13,26.87,26.97,26.5,26.58,18523900,AABA,AABA
2007-07-16,26.48,26.74,26.13,26.7,30804443,AABA,AABA
2007-07-17,26.74,27.8,26.7,27.53,53656098,AABA,AABA
2007-07-18,26.07,26.72,26.02,26.2,65141119,AABA,AABA
2007-07-19,26.32,26.34,25.92,26.03,29538470,AABA,AABA
2007-07-20,25.7,25.89,25.2,25.35,38058077,AABA,AABA
2007-07-23,25.43,25.46,24.98,24.99,26631459,AABA,AABA
2007-07-24,24.8,25.34,24.73,24.84,29027049,AABA,AABA
2007-07-25,25.01,25.32,24.59,24.68,21909270,AABA,AABA
2007-07-26,24.4,24.49,23.62,24.03,33433899,AABA,AABA
2007-07-27,23.98,24.49,23.47,23.49,35749713,AABA,AABA
2007-07-30,23.55,23.88,23.38,23.62,20980289,AABA,AABA
2007-07-31,23.88,23.93,23.24,23.25,21581479,AABA,AABA
2007-08-01,23.17,23.4,22.85,23.25,22042743,AABA,AABA
2007-08-02,22.65,23.7,22.65,23.36,21115726,AABA,AABA
2007-08-03,23.2,23.39,22.87,22.92,19703350,AABA,AABA
2007-08-06,23.03,23.15,22.44,22.97,28958449,AABA,AABA
2007-08-07,22.75,23.7,22.69,23.44,20086935,AABA,AABA
2007-08-08,23.46,23.87,23.43,23.87,17203280,AABA,AABA
2007-08-09,23.67,24.45,23.51,23.8,24059713,AABA,AABA
2007-08-10,23.93,24.22,23.52,23.94,22939798,AABA,AABA
2007-08-13,24.21,24.74,24.01,24.57,21318361,AABA,AABA
2007-08-14,24.69,24.7,23.69,23.72,18709661,AABA,AABA
2007-08-15,23.56,24.0,23.25,23.32,18769402,AABA,AABA
2007-08-16,23.0,23.15,22.5,22.76,29652202,AABA,AABA
2007-08-17,23.26,23.63,22.76,23.54,19529174,AABA,AABA
2007-08-20,23.64,23.74,23.18,23.34,13344499,AABA,AABA
2007-08-21,23.25,23.48,22.91,23.04,25962884,AABA,AABA
2007-08-22,23.22,23.52,23.18,23.23,18763603,AABA,AABA
2007-08-23,23.35,23.36,22.95,23.13,15605130,AABA,AABA
2007-08-24,23.03,23.73,23.03,23.59,11191004,AABA,AABA
2007-08-27,23.59,23.76,23.01,23.03,16532857,AABA,AABA
2007-08-28,22.95,23.1,22.5,22.52,18030525,AABA,AABA
2007-08-29,22.6,22.69,22.27,22.55,24602200,AABA,AABA
2007-08-30,22.49,22.91,22.38,22.61,18175976,AABA,AABA
2007-08-31,22.81,22.83,22.51,22.73,13051509,AABA,AABA
2007-09-04,23.3,24.5,23.2,23.97,43598591,AABA,AABA
2007-09-05,24.1,24.4,23.91,24.1,23070970,AABA,AABA
2007-09-06,24.22,24.32,23.62,24.15,13922033,AABA,AABA
2007-09-07,23.76,24.05,23.6,23.76,12575491,AABA,AABA
2007-09-10,23.85,23.85,23.1,23.3,15245907,AABA,AABA
2007-09-11,23.31,23.84,23.31,23.71,17207427,AABA,AABA
2007-09-12,23.64,23.94,23.53,23.56,16657500,AABA,AABA
2007-09-13,23.6,23.96,23.6,23.72,10308953,AABA,AABA
2007-09-14,23.69,25.0,23.65,24.73,28869069,AABA,AABA
2007-09-17,24.5,25.1,24.38,24.95,20593966,AABA,AABA
2007-09-18,25.06,25.21,24.53,25.06,28120976,AABA,AABA
2007-09-19,25.09,25.37,24.81,25.29,25867842,AABA,AABA
2007-09-20,25.28,25.61,25.16,25.29,17311921,AABA,AABA
2007-09-21,25.54,26.21,25.29,26.05,53062016,AABA,AABA
2007-09-24,26.13,26.4,25.51,25.73,27597784,AABA,AABA
2007-09-25,25.7,26.65,25.63,26.51,33721643,AABA,AABA
2007-09-26,26.7,27.07,26.5,26.7,18692574,AABA,AABA
2007-09-27,26.95,26.95,26.17,26.27,21365142,AABA,AABA
2007-09-28,26.49,26.89,26.2,26.84,22155590,AABA,AABA
2007-10-01,26.76,27.1,26.73,27.04,16938662,AABA,AABA
2007-10-02,27.2,27.24,26.62,26.95,15133362,AABA,AABA
2007-10-03,27.16,27.38,26.82,27.17,18052475,AABA,AABA
2007-10-04,27.19,27.29,26.9,27.15,19203587,AABA,AABA
2007-10-05,27.78,28.16,27.75,27.88,28389012,AABA,AABA
2007-10-08,28.01,28.17,27.75,28.05,15063431,AABA,AABA
2007-10-09,28.35,28.76,27.94,28.37,19541765,AABA,AABA
2007-10-10,28.43,28.7,27.9,28.36,14847071,AABA,AABA
2007-10-11,28.44,28.68,27.5,27.65,25301671,AABA,AABA
2007-10-12,27.76,28.51,27.65,28.48,22126995,AABA,AABA
2007-10-15,28.32,28.4,27.46,27.86,22994007,AABA,AABA
2007-10-16,27.37,27.48,26.55,26.69,56275242,AABA,AABA
2007-10-17,29.1,29.2,28.0,28.82,75067683,AABA,AABA
2007-10-18,28.59,29.6,28.47,29.35,28301621,AABA,AABA
2007-10-19,29.36,29.96,28.85,29.03,41929891,AABA,AABA
2007-10-22,28.93,30.0,28.8,29.85,27750065,AABA,AABA
2007-10-23,30.12,30.88,30.03,30.64,45406111,AABA,AABA
2007-10-24,30.68,30.98,30.0,30.68,33603080,AABA,AABA
2007-10-25,30.75,31.62,30.5,31.34,38711764,AABA,AABA
2007-10-26,32.43,33.99,31.61,33.63,65996497,AABA,AABA
2007-10-29,34.07,34.08,31.18,31.79,83685774,AABA,AABA
2007-10-30,31.55,31.64,30.12,30.83,52417261,AABA,AABA
2007-10-31,31.5,31.75,30.5,31.1,34761971,AABA,AABA
2007-11-01,30.86,31.1,30.04,30.22,26913236,AABA,AABA
2007-11-02,30.54,31.21,29.64,31.11,34090205,AABA,AABA
2007-11-05,30.71,32.37,30.35,31.36,43520259,AABA,AABA
2007-11-06,31.76,31.79,29.0,29.93,63664347,AABA,AABA
2007-11-07,29.27,29.3,27.56,27.63,57069799,AABA,AABA
2007-11-08,28.11,28.24,25.82,26.7,58160569,AABA,AABA
2007-11-09,26.13,26.38,25.4,25.79,45196011,AABA,AABA
2007-11-12,25.8,26.2,24.69,24.78,31264174,AABA,AABA
2007-11-13,25.53,26.24,25.3,26.1,34123220,AABA,AABA
2007-11-14,26.42,26.44,25.0,25.07,38183696,AABA,AABA
2007-11-15,24.94,25.75,24.9,25.42,27926541,AABA,AABA
2007-11-16,25.66,27.13,25.1,26.82,53025381,AABA,AABA
2007-11-19,27.11,27.35,26.35,26.76,33075317,AABA,AABA
2007-11-20,26.93,27.25,25.98,26.72,25680504,AABA,AABA
2007-11-21,26.11,26.58,25.52,25.71,23334690,AABA,AABA
2007-11-23,25.98,26.4,25.76,26.13,9254251,AABA,AABA
2007-11-26,26.08,26.25,25.2,25.22,24174574,AABA,AABA
2007-11-27,25.18,26.0,25.17,25.59,19486385,AABA,AABA
2007-11-28,26.03,26.7,25.93,26.2,23239286,AABA,AABA
2007-11-29,26.01,26.71,25.91,26.63,17936145,AABA,AABA
2007-11-30,26.96,27.33,26.51,26.81,23991490,AABA,AABA
2007-12-03,26.64,27.2,26.56,26.61,15254267,AABA,AABA
2007-12-04,26.14,26.73,26.11,26.42,14669443,AABA,AABA
2007-12-05,26.63,26.73,25.73,25.98,21170862,AABA,AABA
2007-12-06,25.88,26.02,25.39,25.96,19239798,AABA,AABA
2007-12-07,25.86,26.11,25.5,25.63,11445821,AABA,AABA
2007-12-10,25.51,25.57,24.92,25.2,26083319,AABA,AABA
2007-12-11,25.15,25.65,24.36,24.47,28579063,AABA,AABA
2007-12-12,24.82,25.0,24.11,24.54,20244566,AABA,AABA
2007-12-13,24.39,24.75,24.19,24.38,23798399,AABA,AABA
2007-12-14,24.13,24.47,24.0,24.06,15125452,AABA,AABA
2007-12-17,23.8,24.03,22.94,23.04,37877082,AABA,AABA
2007-12-18,23.22,23.35,22.8,23.02,27737563,AABA,AABA
2007-12-19,22.92,23.69,22.92,23.31,26547229,AABA,AABA
2007-12-20,23.5,23.8,23.24,23.64,21039176,AABA,AABA
2007-12-21,23.88,24.1,23.74,24.01,24194742,AABA,AABA
2007-12-24,24.01,24.19,23.94,24.05,24861780,AABA,AABA
2007-12-26,23.85,24.25,23.85,23.96,9821600,AABA,AABA
2007-12-27,23.6,24.15,23.57,23.71,16041411,AABA,AABA
2007-12-28,23.66,23.71,23.21,23.45,13772823,AABA,AABA
2007-12-31,23.22,23.43,23.11,23.26,14782802,AABA,AABA
2008-01-02,23.8,24.15,23.6,23.72,25679638,AABA,AABA
2008-01-03,23.86,24.19,23.7,23.84,20180678,AABA,AABA
2008-01-04,23.81,23.81,23.1,23.16,20746520,AABA,AABA
2008-01-07,23.12,23.56,22.73,23.18,24776652,AABA,AABA
2008-01-08,23.28,23.65,22.5,22.61,22979375,AABA,AABA
2008-01-09,22.47,22.8,21.37,22.56,46671231,AABA,AABA
2008-01-10,23.19,24.57,22.83,24.09,52347817,AABA,AABA
2008-01-11,23.81,24.13,22.98,23.36,27300582,AABA,AABA
2008-01-14,23.51,23.76,23.18,23.7,18554527,AABA,AABA
2008-01-15,23.0,23.48,22.57,22.91,31922960,AABA,AABA
2008-01-16,22.2,22.75,21.73,21.95,38159071,AABA,AABA
2008-01-17,22.0,22.17,21.14,21.22,28819471,AABA,AABA
2008-01-18,21.27,21.61,20.07,20.78,41239551,AABA,AABA
2008-01-22,19.29,21.03,19.26,19.92,38151676,AABA,AABA
2008-01-23,19.25,20.34,18.72,20.01,42066717,AABA,AABA
2008-01-24,20.44,21.75,20.42,21.69,39823218,AABA,AABA
2008-01-25,22.24,22.37,21.32,21.94,28386702,AABA,AABA
2008-01-28,21.56,21.9,20.42,20.78,32473101,AABA,AABA
2008-01-29,20.87,20.9,20.05,20.81,79229992,AABA,AABA
2008-01-30,18.62,20.81,18.58,19.05,115993273,AABA,AABA
2008-01-31,18.87,19.35,18.72,19.18,41449771,AABA,AABA
2008-02-01,28.68,29.83,27.34,28.38,438231658,AABA,AABA
2008-02-04,28.33,29.5,28.33,29.33,144813955,AABA,AABA
2008-02-05,28.78,29.57,28.75,28.98,68583658,AABA,AABA
2008-02-06,29.11,29.33,28.53,28.57,55648731,AABA,AABA
2008-02-07,28.63,29.19,28.6,29.04,44254807,AABA,AABA
2008-02-08,28.98,29.22,28.71,29.2,55614205,AABA,AABA
2008-02-11,29.89,30.05,29.32,29.87,67253668,AABA,AABA
2008-02-12,29.81,29.84,29.4,29.57,42445525,AABA,AABA
2008-02-13,29.78,30.07,29.6,29.88,57047609,AABA,AABA
2008-02-14,29.98,30.25,29.75,29.98,38052504,AABA,AABA
2008-02-15,29.94,30.15,29.43,29.66,40121528,AABA,AABA
2008-02-19,29.34,29.42,28.75,29.01,38682922,AABA,AABA
2008-02-20,28.71,29.04,28.39,28.83,29338735,AABA,AABA
2008-02-21,28.76,29.17,28.25,28.42,34681815,AABA,AABA
2008-02-22,28.36,28.64,27.98,28.42,26165022,AABA,AABA
2008-02-25,28.42,28.57,27.75,28.13,32474283,AABA,AABA
2008-02-26,27.93,28.55,27.81,28.22,26013635,AABA,AABA
2008-02-27,28.33,28.49,27.75,28.37,27664192,AABA,AABA
2008-02-28,27.98,28.82,27.96,28.15,30114941,AABA,AABA
2008-02-29,27.94,28.41,27.5,27.78,23860998,AABA,AABA
2008-03-03,27.73,28.08,27.66,27.77,22765564,AABA,AABA
2008-03-04,27.8,28.07,27.43,28.06,28305760,AABA,AABA
2008-03-05,28.0,28.78,28.0,28.67,30281592,AABA,AABA
2008-03-06,28.64,28.98,28.44,28.7,34591358,AABA,AABA
2008-03-07,28.58,29.18,28.5,29.03,28267874,AABA,AABA
2008-03-10,28.87,28.98,28.51,28.51,29708942,AABA,AABA
2008-03-11,28.91,29.16,28.43,29.0,22562475,AABA,AABA
2008-03-12,28.89,29.02,28.39,28.45,18338262,AABA,AABA
2008-03-13,28.07,28.27,27.38,27.5,75635930,AABA,AABA
2008-03-14,27.85,27.96,26.5,26.71,44392221,AABA,AABA
2008-03-17,26.5,26.64,25.72,25.85,33771836,AABA,AABA
2008-03-18,26.94,27.72,26.25,27.66,38074374,AABA,AABA
2008-03-19,27.56,27.79,26.91,27.07,23317490,AABA,AABA
2008-03-20,27.36,27.91,26.98,27.66,29866775,AABA,AABA
2008-03-24,27.56,28.07,27.45,27.52,17360918,AABA,AABA
2008-03-25,28.14,28.75,27.7,28.73,33909373,AABA,AABA
2008-03-26,28.63,28.78,28.19,28.49,15271433,AABA,AABA
2008-03-27,28.49,28.5,27.9,28.09,15558331,AABA,AABA
2008-03-28,28.32,29.09,28.15,28.99,34277213,AABA,AABA
2008-03-31,28.56,29.12,28.27,28.93,17228643,AABA,AABA
2008-04-01,28.07,28.62,28.02,28.5,20490559,AABA,AABA
2008-04-02,28.57,28.6,27.49,27.82,30180362,AABA,AABA
2008-04-03,27.65,28.22,27.58,28.13,14535864,AABA,AABA
2008-04-04,28.0,28.45,27.59,28.36,28400505,AABA,AABA
2008-04-07,27.8,28.15,27.57,27.7,29466634,AABA,AABA
2008-04-08,27.72,27.82,27.49,27.7,17943121,AABA,AABA
2008-04-09,27.8,27.95,27.13,27.77,31772757,AABA,AABA
2008-04-10,28.39,28.69,28.28,28.59,32784935,AABA,AABA
2008-04-11,28.41,28.61,28.09,28.34,18428376,AABA,AABA
2008-04-14,28.18,28.34,27.79,27.8,14163889,AABA,AABA
2008-04-15,28.05,28.25,27.77,28.17,12096517,AABA,AABA
2008-04-16,28.11,28.4,28.11,28.31,9208369,AABA,AABA
2008-04-17,28.4,28.4,27.96,28.03,10884712,AABA,AABA
2008-04-18,28.44,28.67,28.17,28.43,25286811,AABA,AABA
2008-04-21,28.52,28.68,28.22,28.55,18368695,AABA,AABA
2008-04-22,28.73,28.88,28.44,28.54,28563964,AABA,AABA
2008-04-23,28.24,28.35,27.71,28.08,31134372,AABA,AABA
2008-04-24,28.01,28.08,27.24,27.3,26038394,AABA,AABA
2008-04-25,26.85,26.93,26.08,26.8,50523030,AABA,AABA
2008-04-28,27.0,27.09,26.25,26.43,20874862,AABA,AABA
2008-04-29,26.35,27.48,25.81,27.36,36687414,AABA,AABA
2008-04-30,27.17,27.78,26.76,27.41,31034068,AABA,AABA
2008-05-01,27.69,28.34,26.5,26.81,52070971,AABA,AABA
2008-05-02,27.65,29.73,27.21,28.67,80177097,AABA,AABA
2008-05-05,23.05,24.93,22.97,24.37,279318380,AABA,AABA
2008-05-06,25.54,26.25,24.2,25.72,180099946,AABA,AABA
2008-05-07,25.57,25.71,25.03,25.64,84698246,AABA,AABA
2008-05-08,25.66,26.44,25.51,26.22,61308558,AABA,AABA
2008-05-09,26.01,26.19,25.75,25.93,30671629,AABA,AABA
2008-05-12,25.8,25.88,25.02,25.26,41333812,AABA,AABA
2008-05-13,25.15,26.84,24.39,26.56,81351150,AABA,AABA
2008-05-14,26.95,27.36,26.2,27.14,64571014,AABA,AABA
2008-05-15,27.54,27.98,26.85,27.75,79748699,AABA,AABA
2008-05-16,27.73,27.95,27.41,27.66,61318285,AABA,AABA
2008-05-19,27.9,28.33,27.42,27.68,57102239,AABA,AABA
2008-05-20,27.68,28.2,27.32,27.48,29450870,AABA,AABA
2008-05-21,27.34,27.95,26.8,27.33,38325690,AABA,AABA
2008-05-22,27.3,27.61,26.95,27.53,24737334,AABA,AABA
2008-05-23,27.48,27.74,27.26,27.72,24049156,AABA,AABA
2008-05-27,27.5,27.63,26.98,27.0,20703869,AABA,AABA
2008-05-28,27.42,27.48,26.95,27.16,21785576,AABA,AABA
2008-05-29,27.34,27.36,27.0,27.07,17913879,AABA,AABA
2008-05-30,27.07,27.1,26.63,26.76,17757556,AABA,AABA
2008-06-02,26.8,26.81,26.03,26.4,26379361,AABA,AABA
2008-06-03,26.36,26.6,25.78,26.15,26163005,AABA,AABA
2008-06-04,26.25,27.05,26.16,26.85,29982226,AABA,AABA
2008-06-05,26.46,26.64,25.97,26.36,30167214,AABA,AABA
2008-06-06,26.5,27.08,26.03,26.44,37756733,AABA,AABA
2008-06-09,26.5,26.86,26.1,26.58,17278276,AABA,AABA
2008-06-10,26.32,26.58,26.25,26.4,11855566,AABA,AABA
2008-06-11,26.42,26.46,26.0,26.15,13319677,AABA,AABA
2008-06-12,26.33,26.33,22.5,23.52,122412082,AABA,AABA
2008-06-13,22.82,23.48,21.75,23.47,118452097,AABA,AABA
2008-06-16,22.95,23.58,22.71,23.54,44711884,AABA,AABA
2008-06-17,23.58,23.58,22.9,23.25,22812770,AABA,AABA
2008-06-18,23.22,23.22,22.63,22.91,14259201,AABA,AABA
2008-06-19,22.78,22.87,22.37,22.73,19010833,AABA,AABA
2008-06-20,22.49,22.53,21.9,21.99,34603748,AABA,AABA
2008-06-23,22.07,22.12,21.3,21.45,29820158,AABA,AABA
2008-06-24,21.17,23.71,20.6,22.04,85211634,AABA,AABA
2008-06-25,22.0,22.24,21.86,22.01,19530849,AABA,AABA
2008-06-26,21.59,21.89,21.28,21.37,23998358,AABA,AABA
2008-06-27,21.29,21.46,20.7,21.33,30235393,AABA,AABA
2008-06-30,21.08,21.2,20.6,20.66,17176890,AABA,AABA
2008-07-01,20.48,20.49,19.59,20.2,36642977,AABA,AABA
2008-07-02,21.89,21.9,20.67,20.88,58444076,AABA,AABA
2008-07-03,21.35,21.75,21.03,21.35,21925845,AABA,AABA
2008-07-07,23.4,24.25,22.92,23.91,84245828,AABA,AABA
2008-07-08,23.83,24.66,23.81,24.64,34247737,AABA,AABA
2008-07-09,24.74,24.8,23.82,23.82,21990878,AABA,AABA
2008-07-10,23.76,24.1,23.04,23.5,18504346,AABA,AABA
2008-07-11,23.0,23.89,22.64,23.57,23141844,AABA,AABA
2008-07-14,23.12,23.24,22.22,22.57,22791375,AABA,AABA
2008-07-15,21.79,22.08,21.18,21.54,25742842,AABA,AABA
2008-07-16,21.7,22.6,21.59,22.48,20738639,AABA,AABA
2008-07-17,23.49,23.49,22.41,22.44,31947814,AABA,AABA
2008-07-18,22.55,22.55,21.86,22.45,23376756,AABA,AABA
2008-07-21,21.66,22.19,21.65,21.67,24645567,AABA,AABA
2008-07-22,21.39,21.7,20.85,21.4,29786466,AABA,AABA
2008-07-23,21.91,22.48,20.0,20.39,48279691,AABA,AABA
2008-07-24,20.61,21.06,20.05,20.53,24422422,AABA,AABA
2008-07-25,20.55,21.19,20.28,21.13,20404258,AABA,AABA
2008-07-28,20.99,21.17,20.06,20.12,13743075,AABA,AABA
2008-07-29,20.01,20.34,19.68,20.15,17023779,AABA,AABA
2008-07-30,20.18,20.18,19.96,20.03,25024542,AABA,AABA
2008-07-31,19.89,20.15,19.85,19.89,16629617,AABA,AABA
2008-08-01,20.09,20.12,19.53,19.8,19779344,AABA,AABA
2008-08-04,19.77,19.77,19.21,19.38,14065154,AABA,AABA
2008-08-05,19.7,19.91,19.53,19.82,14433100,AABA,AABA
2008-08-06,19.77,20.18,19.53,20.0,14699446,AABA,AABA
2008-08-07,19.8,20.25,19.64,20.19,14019474,AABA,AABA
2008-08-08,20.19,20.19,19.87,19.9,13640909,AABA,AABA
2008-08-11,19.89,20.28,19.65,20.26,12904605,AABA,AABA
2008-08-12,20.21,20.6,20.04,20.43,13885371,AABA,AABA
2008-08-13,20.33,20.48,20.06,20.36,11955920,AABA,AABA
2008-08-14,20.2,20.57,20.14,20.28,11108600,AABA,AABA
2008-08-15,20.27,20.82,20.27,20.44,14947563,AABA,AABA
2008-08-18,20.47,20.52,19.66,19.73,14867302,AABA,AABA
2008-08-19,19.78,19.91,19.41,19.42,12850979,AABA,AABA
2008-08-20,19.57,19.65,19.1,19.17,16426429,AABA,AABA
2008-08-21,19.06,19.18,18.86,19.11,16995734,AABA,AABA
2008-08-22,19.11,19.68,19.1,19.53,11087897,AABA,AABA
2008-08-25,19.34,19.4,19.05,19.09,13780395,AABA,AABA
2008-08-26,19.12,19.2,19.0,19.09,8773400,AABA,AABA
2008-08-27,19.08,19.45,18.93,19.37,9300533,AABA,AABA
2008-08-28,19.48,19.76,19.38,19.65,11730474,AABA,AABA
2008-08-29,19.54,19.6,19.28,19.38,11204920,AABA,AABA
2008-09-02,19.63,19.77,18.74,18.75,16949967,AABA,AABA
2008-09-03,18.85,19.0,18.7,18.76,11557585,AABA,AABA
2008-09-04,18.71,18.81,17.75,17.75,23904222,AABA,AABA
2008-09-05,17.92,18.34,17.8,18.08,17089048,AABA,AABA
2008-09-08,18.33,18.37,17.87,18.26,16447376,AABA,AABA
2008-09-09,18.14,18.19,17.53,17.58,25281261,AABA,AABA
2008-09-10,17.63,17.79,17.25,17.7,19623851,AABA,AABA
2008-09-11,17.4,18.57,17.33,18.55,28411150,AABA,AABA
2008-09-12,18.43,19.17,18.34,19.08,21308047,AABA,AABA
2008-09-15,18.27,19.14,18.25,18.85,32573381,AABA,AABA
2008-09-16,18.25,19.35,18.24,19.26,33905155,AABA,AABA
2008-09-17,18.97,19.08,18.2,18.82,28819253,AABA,AABA
2008-09-18,18.79,20.82,18.49,20.82,37295866,AABA,AABA
2008-09-19,20.58,20.79,19.27,19.89,31651648,AABA,AABA
2008-09-22,19.6,19.6,18.64,18.68,16917123,AABA,AABA
2008-09-23,18.71,19.13,18.67,18.93,20238831,AABA,AABA
2008-09-24,18.9,19.19,18.82,19.15,12768763,AABA,AABA
2008-09-25,19.09,19.56,18.97,19.2,14512098,AABA,AABA
2008-09-26,18.75,19.25,18.65,18.92,14925687,AABA,AABA
2008-09-29,18.77,18.92,16.88,16.88,39570218,AABA,AABA
2008-09-30,17.15,17.62,17.0,17.3,23684960,AABA,AABA
2008-10-01,17.17,17.31,16.8,16.96,13732072,AABA,AABA
2008-10-02,16.77,16.85,15.54,15.58,23421930,AABA,AABA
2008-10-03,15.81,16.44,15.75,16.0,27481354,AABA,AABA
2008-10-06,15.27,16.07,14.55,15.31,42866208,AABA,AABA
2008-10-07,15.19,15.49,14.53,14.58,27700255,AABA,AABA
2008-10-08,13.8,14.58,13.2,13.76,31660815,AABA,AABA
2008-10-09,13.9,13.9,12.47,12.65,40835391,AABA,AABA
2008-10-10,12.22,12.92,11.96,12.29,38704880,AABA,AABA
2008-10-13,13.14,13.51,12.56,13.49,26058804,AABA,AABA
2008-10-14,13.78,13.93,12.37,12.65,26926209,AABA,AABA
2008-10-15,12.49,12.55,11.75,11.75,27539269,AABA,AABA
2008-10-16,11.9,13.73,11.37,12.99,107745674,AABA,AABA
2008-10-17,12.88,13.5,12.68,12.9,38986394,AABA,AABA
2008-10-20,13.03,13.03,12.33,12.86,25010596,AABA,AABA
2008-10-21,12.62,12.74,12.04,12.07,28385441,AABA,AABA
2008-10-22,12.36,12.84,12.35,12.39,35670938,AABA,AABA
2008-10-23,12.15,12.7,11.55,12.65,27751277,AABA,AABA
2008-10-24,11.31,12.33,11.31,12.1,29721963,AABA,AABA
2008-10-27,11.82,12.19,11.5,11.58,16386302,AABA,AABA
2008-10-28,11.89,12.4,11.25,12.36,22809791,AABA,AABA
2008-10-29,12.2,12.61,11.92,12.14,21469129,AABA,AABA
2008-10-30,12.53,13.18,12.25,12.93,26757050,AABA,AABA
2008-10-31,13.09,13.36,12.71,12.82,24021680,AABA,AABA
2008-11-03,12.74,12.89,12.55,12.75,10396403,AABA,AABA
2008-11-04,13.05,13.49,12.84,13.35,25498962,AABA,AABA
2008-11-05,13.21,14.84,13.15,13.92,71290756,AABA,AABA
2008-11-06,14.84,14.89,13.75,13.96,44566410,AABA,AABA
2008-11-07,12.45,12.5,11.65,12.2,47293147,AABA,AABA
2008-11-10,12.37,12.4,11.57,11.87,16798879,AABA,AABA
2008-11-11,11.56,11.67,11.06,11.35,33299442,AABA,AABA
2008-11-12,11.01,11.34,10.02,10.34,29046620,AABA,AABA
2008-11-13,10.32,11.17,9.76,11.15,25228350,AABA,AABA
2008-11-14,10.84,11.5,10.63,10.82,19072373,AABA,AABA
2008-11-17,10.5,10.94,10.32,10.63,14625723,AABA,AABA
2008-11-18,11.93,12.4,11.0,11.55,51686506,AABA,AABA
2008-11-19,11.54,11.58,9.07,9.14,57696967,AABA,AABA
2008-11-20,9.1,10.01,8.94,8.95,37316961,AABA,AABA
2008-11-21,9.28,9.48,8.95,9.39,29909652,AABA,AABA
2008-11-24,9.56,10.27,9.42,10.21,22460258,AABA,AABA
2008-11-25,10.12,10.2,9.83,10.07,17614807,AABA,AABA
2008-11-26,9.93,10.58,9.92,10.58,13654705,AABA,AABA
2008-11-28,10.76,11.59,10.65,11.51,12453526,AABA,AABA
2008-12-01,11.82,11.98,10.73,10.74,26257579,AABA,AABA
2008-12-02,10.81,12.5,10.5,11.5,46296302,AABA,AABA
2008-12-03,11.12,11.5,10.74,11.5,24107924,AABA,AABA
2008-12-04,11.38,11.48,10.7,11.05,18458289,AABA,AABA
2008-12-05,10.96,11.7,10.62,11.66,20951743,AABA,AABA
2008-12-08,12.17,12.49,11.79,12.2,33785147,AABA,AABA
2008-12-09,11.9,12.54,11.77,12.19,28998182,AABA,AABA
2008-12-10,12.67,13.57,12.35,13.4,48058085,AABA,AABA
2008-12-11,13.16,13.36,12.57,12.73,27253771,AABA,AABA
2008-12-12,12.31,13.23,12.15,13.15,25069562,AABA,AABA
2008-12-15,13.1,13.29,12.55,12.73,20132017,AABA,AABA
2008-12-16,12.88,13.48,12.88,13.36,18551653,AABA,AABA
2008-12-17,13.0,13.43,12.83,13.11,13010312,AABA,AABA
2008-12-18,13.13,13.27,12.7,12.72,15012415,AABA,AABA
2008-12-19,12.92,13.32,12.72,13.03,17818719,AABA,AABA
2008-12-22,13.03,13.08,12.0,12.35,12958323,AABA,AABA
2008-12-23,12.47,12.65,12.25,12.42,7706839,AABA,AABA
2008-12-24,12.41,12.48,12.29,12.32,2507850,AABA,AABA
2008-12-26,12.3,12.38,12.18,12.34,3908236,AABA,AABA
2008-12-29,12.46,12.46,11.45,11.88,10472129,AABA,AABA
2008-12-30,11.91,12.0,11.72,11.97,7488864,AABA,AABA
2008-12-31,11.95,12.3,11.92,12.2,9090875,AABA,AABA
2009-01-02,12.17,12.85,12.12,12.85,10213787,AABA,AABA
2009-01-05,12.72,13.01,12.39,12.86,12029058,AABA,AABA
2009-01-06,12.96,13.24,12.88,13.0,10173926,AABA,AABA
2009-01-07,12.71,13.16,12.45,12.71,25302285,AABA,AABA
2009-01-08,12.37,13.07,12.31,13.07,14348008,AABA,AABA
2009-01-09,13.42,13.56,12.9,13.13,19317389,AABA,AABA
2009-01-12,13.09,13.1,12.08,12.22,19982579,AABA,AABA
2009-01-13,12.09,12.79,11.78,12.1,25769365,AABA,AABA
2009-01-14,12.26,12.53,11.81,12.41,24936727,AABA,AABA
2009-01-15,12.32,12.35,11.22,11.61,26155724,AABA,AABA
2009-01-16,11.87,11.97,11.44,11.59,24812398,AABA,AABA
2009-01-20,11.72,11.8,11.01,11.01,18700653,AABA,AABA
2009-01-21,11.17,11.59,11.08,11.59,15917576,AABA,AABA
2009-01-22,11.35,11.51,10.9,11.28,17199517,AABA,AABA
2009-01-23,10.9,11.55,10.86,11.32,15863989,AABA,AABA
2009-01-26,11.26,11.28,10.81,11.17,16699773,AABA,AABA
2009-01-27,11.2,11.37,10.85,11.34,33902972,AABA,AABA
2009-01-28,12.23,12.38,11.92,12.24,37038661,AABA,AABA
2009-01-29,12.02,12.24,11.73,11.74,24796263,AABA,AABA
2009-01-30,11.86,12.15,11.51,11.73,21523168,AABA,AABA
2009-02-02,11.5,12.32,11.49,12.15,21231852,AABA,AABA
2009-02-03,12.3,12.71,12.01,12.68,18673128,AABA,AABA
2009-02-04,12.67,13.23,12.55,13.0,22932775,AABA,AABA
2009-02-05,12.93,13.52,12.85,13.51,17574570,AABA,AABA
2009-02-06,13.41,13.84,13.2,13.63,17594185,AABA,AABA
2009-02-09,13.59,14.0,13.47,13.9,15686194,AABA,AABA
2009-02-10,13.54,13.9,12.72,12.75,24157045,AABA,AABA
2009-02-11,12.87,12.91,12.38,12.63,13729006,AABA,AABA
2009-02-12,12.5,12.66,12.14,12.66,15452612,AABA,AABA
2009-02-13,12.67,12.99,12.59,12.84,11134047,AABA,AABA
2009-02-17,12.31,12.58,12.01,12.02,15709768,AABA,AABA
2009-02-18,12.12,12.53,12.07,12.22,12434257,AABA,AABA
2009-02-19,12.35,12.59,11.93,11.98,12538054,AABA,AABA
2009-02-20,11.9,12.27,11.75,12.14,16479665,AABA,AABA
2009-02-23,12.2,12.35,11.83,11.97,16518466,AABA,AABA
2009-02-24,12.57,12.86,12.27,12.75,22528906,AABA,AABA
2009-02-25,12.45,12.79,12.3,12.48,16197381,AABA,AABA
2009-02-26,12.88,13.39,12.74,12.98,26573957,AABA,AABA
2009-02-27,12.66,13.33,12.61,13.23,20397659,AABA,AABA
2009-03-02,12.85,12.97,12.47,12.58,20932695,AABA,AABA
2009-03-03,12.79,12.87,12.31,12.5,16509694,AABA,AABA
2009-03-04,12.72,13.49,12.51,13.16,24083874,AABA,AABA
2009-03-05,12.77,13.07,12.48,12.53,18477409,AABA,AABA
2009-03-06,12.6,13.18,12.52,13.05,30997807,AABA,AABA
2009-03-09,12.85,13.45,12.55,12.66,23125091,AABA,AABA
2009-03-10,12.81,13.4,12.75,13.23,22733789,AABA,AABA
2009-03-11,13.31,13.5,13.03,13.39,17512327,AABA,AABA
2009-03-12,13.35,13.6,13.1,13.6,16684508,AABA,AABA
2009-03-13,13.58,13.64,13.27,13.51,12524502,AABA,AABA
2009-03-16,13.66,13.66,13.2,13.22,19452380,AABA,AABA
2009-03-17,13.35,14.04,13.22,13.99,17553386,AABA,AABA
2009-03-18,13.81,13.95,13.23,13.42,26331039,AABA,AABA
2009-03-19,13.68,14.14,13.6,13.74,25959109,AABA,AABA
2009-03-20,13.63,13.87,13.51,13.6,22081704,AABA,AABA
2009-03-23,13.79,14.12,13.62,14.09,18202651,AABA,AABA
2009-03-24,13.98,14.02,13.56,13.61,17439714,AABA,AABA
2009-03-25,13.69,13.88,13.35,13.55,16758515,AABA,AABA
2009-03-26,13.55,13.61,13.0,13.35,24230289,AABA,AABA
2009-03-27,13.17,13.61,13.12,13.18,22430236,AABA,AABA
2009-03-30,12.92,13.14,12.51,12.7,16561739,AABA,AABA
2009-03-31,12.76,13.1,12.67,12.81,12065933,AABA,AABA
2009-04-01,12.7,13.12,12.6,12.75,14542683,AABA,AABA
2009-04-02,13.04,13.14,12.8,12.95,28823034,AABA,AABA
2009-04-03,12.95,13.39,12.78,13.34,18539230,AABA,AABA
2009-04-06,13.08,13.24,12.99,13.23,11935651,AABA,AABA
2009-04-07,13.0,13.1,12.68,12.81,12306396,AABA,AABA
2009-04-08,12.9,13.01,12.75,12.92,11245081,AABA,AABA
2009-04-09,13.14,13.59,13.07,13.47,17286715,AABA,AABA
2009-04-13,14.02,14.54,13.86,14.42,35076505,AABA,AABA
2009-04-14,14.4,14.42,14.0,14.07,15160649,AABA,AABA
2009-04-15,13.93,14.09,13.77,14.02,12385282,AABA,AABA
2009-04-16,14.15,14.53,14.05,14.43,19156404,AABA,AABA
2009-04-17,14.43,14.52,14.03,14.39,19804602,AABA,AABA
2009-04-20,14.16,14.25,13.6,13.66,13477019,AABA,AABA
2009-04-21,13.94,14.59,13.71,14.38,54237647,AABA,AABA
2009-04-22,14.62,15.39,14.41,14.48,65407723,AABA,AABA
2009-04-23,14.56,14.74,14.11,14.55,32943107,AABA,AABA
2009-04-24,14.79,14.94,14.36,14.73,25802914,AABA,AABA
2009-04-27,14.48,14.55,13.88,13.89,22640555,AABA,AABA
2009-04-28,13.74,14.05,13.6,13.64,18861105,AABA,AABA
2009-04-29,13.7,14.35,13.7,14.02,16570838,AABA,AABA
2009-04-30,14.12,14.6,14.12,14.29,25883251,AABA,AABA
2009-05-01,14.5,14.5,13.91,14.14,23724750,AABA,AABA
2009-05-04,14.2,14.25,13.96,14.18,25094513,AABA,AABA
2009-05-05,14.55,14.99,14.18,14.74,35239690,AABA,AABA
2009-05-06,14.8,15.0,14.52,14.85,19105745,AABA,AABA
2009-05-07,15.03,15.1,14.38,14.8,24328416,AABA,AABA
2009-05-08,14.88,15.3,14.7,15.15,22464694,AABA,AABA
2009-05-11,14.9,15.83,14.81,15.54,39492329,AABA,AABA
2009-05-12,15.5,15.5,14.9,15.1,31403299,AABA,AABA
2009-05-13,14.92,14.95,14.5,14.52,23585317,AABA,AABA
2009-05-14,14.5,14.86,14.4,14.76,20841712,AABA,AABA
2009-05-15,15.0,15.1,14.86,14.91,22525850,AABA,AABA
2009-05-18,15.1,15.18,14.74,15.17,18629457,AABA,AABA
2009-05-19,15.06,15.34,15.02,15.18,13675966,AABA,AABA
2009-05-20,15.08,15.31,14.8,14.96,15787480,AABA,AABA
2009-05-21,14.92,15.12,14.62,14.87,15189453,AABA,AABA
2009-05-22,14.89,15.17,14.75,14.98,19150470,AABA,AABA
2009-05-26,14.68,15.44,14.67,15.28,19954446,AABA,AABA
2009-05-27,15.27,15.53,14.88,14.94,19014266,AABA,AABA
2009-05-28,15.09,15.24,14.69,15.09,19131516,AABA,AABA
2009-05-29,15.19,15.84,15.11,15.84,29560527,AABA,AABA
2009-06-01,16.17,16.65,16.13,16.58,27930696,AABA,AABA
2009-06-02,16.6,16.75,16.25,16.62,15288130,AABA,AABA
2009-06-03,16.5,16.5,15.67,16.3,26367679,AABA,AABA
2009-06-04,16.4,16.71,16.04,16.65,19003422,AABA,AABA
2009-06-05,16.77,16.99,16.3,16.64,17317653,AABA,AABA
2009-06-08,16.47,16.49,16.04,16.19,13692513,AABA,AABA
2009-06-09,16.23,16.5,16.18,16.4,13091109,AABA,AABA
2009-06-10,16.7,16.72,16.1,16.32,15771103,AABA,AABA
2009-06-11,16.26,16.46,16.15,16.19,15042278,AABA,AABA
2009-06-12,16.17,16.47,16.1,16.4,16971672,AABA,AABA
2009-06-15,16.56,16.68,16.13,16.4,23261700,AABA,AABA
2009-06-16,16.33,16.38,15.9,15.96,15122429,AABA,AABA
2009-06-17,15.91,16.03,15.46,15.6,16521210,AABA,AABA
2009-06-18,15.62,15.64,15.23,15.34,16189293,AABA,AABA
2009-06-19,15.5,15.84,15.4,15.8,20326040,AABA,AABA
2009-06-22,15.55,15.61,14.71,14.71,26495683,AABA,AABA
2009-06-23,14.75,14.9,14.55,14.68,15871209,AABA,AABA
2009-06-24,14.76,15.6,14.76,15.45,30986117,AABA,AABA
2009-06-25,15.44,15.67,15.24,15.53,19835546,AABA,AABA
2009-06-26,15.6,15.8,15.48,15.74,26456759,AABA,AABA
2009-06-29,15.86,16.01,15.6,15.9,12323984,AABA,AABA
2009-06-30,15.85,15.9,15.35,15.66,16039642,AABA,AABA
2009-07-01,15.49,15.69,15.35,15.41,12723625,AABA,AABA
2009-07-02,15.24,15.28,14.88,14.99,16920572,AABA,AABA
2009-07-06,14.83,14.93,14.55,14.91,13691597,AABA,AABA
2009-07-07,14.92,14.93,14.36,14.44,22027011,AABA,AABA
2009-07-08,14.44,14.69,14.22,14.38,15353613,AABA,AABA
2009-07-09,14.48,14.68,14.25,14.55,15601730,AABA,AABA
2009-07-10,14.78,15.18,14.75,14.93,23061132,AABA,AABA
2009-07-13,14.95,15.06,14.64,15.01,13179573,AABA,AABA
2009-07-14,15.07,15.22,14.98,15.18,13039836,AABA,AABA
2009-07-15,15.23,15.74,15.15,15.71,18816735,AABA,AABA
2009-07-16,15.8,16.25,15.78,16.19,21928540,AABA,AABA
2009-07-17,16.75,16.91,16.45,16.84,32514656,AABA,AABA
2009-07-20,17.18,17.43,16.65,17.01,27760787,AABA,AABA
2009-07-21,17.05,17.11,16.44,16.75,33601771,AABA,AABA
2009-07-22,16.19,17.48,16.12,17.37,53615437,AABA,AABA
2009-07-23,17.41,17.68,17.16,17.36,37524869,AABA,AABA
2009-07-24,17.43,17.59,17.02,17.48,19944657,AABA,AABA
2009-07-27,17.37,17.48,16.85,17.0,19951723,AABA,AABA
2009-07-28,16.97,17.49,16.52,17.22,36152567,AABA,AABA
2009-07-29,16.0,16.2,15.05,15.14,126807667,AABA,AABA
2009-07-30,15.13,15.14,14.24,14.6,100888920,AABA,AABA
2009-07-31,14.72,14.89,14.29,14.32,62659854,AABA,AABA
2009-08-03,14.56,14.62,14.3,14.34,43976838,AABA,AABA
2009-08-04,14.44,14.68,14.37,14.51,43084746,AABA,AABA
2009-08-05,14.76,14.91,14.61,14.67,50910089,AABA,AABA
2009-08-06,14.76,14.86,14.63,14.74,35659431,AABA,AABA
2009-08-07,14.86,14.9,14.56,14.62,28276698,AABA,AABA
2009-08-10,14.66,14.68,14.49,14.63,18359171,AABA,AABA
2009-08-11,14.54,14.65,14.33,14.46,17823142,AABA,AABA
2009-08-12,14.47,14.76,14.41,14.68,24256175,AABA,AABA
2009-08-13,14.74,15.07,14.61,15.04,40192992,AABA,AABA
2009-08-14,14.98,15.14,14.85,15.04,28817005,AABA,AABA
2009-08-17,14.69,14.78,14.51,14.56,29268240,AABA,AABA
2009-08-18,14.64,14.78,14.56,14.75,14799689,AABA,AABA
2009-08-19,14.58,14.91,14.55,14.79,15507192,AABA,AABA
2009-08-20,14.75,14.9,14.7,14.77,15586211,AABA,AABA
2009-08-21,14.88,14.96,14.73,14.79,23545970,AABA,AABA
2009-08-24,14.89,15.19,14.83,14.99,26170903,AABA,AABA
2009-08-25,15.12,15.21,14.94,15.07,22850538,AABA,AABA
2009-08-26,15.09,15.14,14.86,14.93,15845241,AABA,AABA
2009-08-27,14.92,15.0,14.71,14.93,30410988,AABA,AABA
2009-08-28,14.98,15.08,14.8,14.85,33924252,AABA,AABA
2009-08-31,14.74,14.8,14.56,14.61,15420443,AABA,AABA
2009-09-01,14.5,14.68,14.15,14.18,30623369,AABA,AABA
2009-09-02,14.08,14.33,13.97,14.23,23591415,AABA,AABA
2009-09-03,14.36,14.43,14.16,14.28,14663635,AABA,AABA
2009-09-04,14.26,14.64,14.23,14.5,17003839,AABA,AABA
2009-09-08,14.65,14.66,14.37,14.49,17714746,AABA,AABA
2009-09-09,14.45,14.86,14.42,14.78,19096259,AABA,AABA
2009-09-10,15.28,15.63,15.15,15.45,49083235,AABA,AABA
2009-09-11,15.53,15.68,15.41,15.59,26862553,AABA,AABA
2009-09-14,15.45,15.58,15.28,15.57,19451186,AABA,AABA
2009-09-15,16.01,16.49,15.87,16.41,64668146,AABA,AABA
2009-09-16,16.57,17.11,16.52,16.99,53594701,AABA,AABA
2009-09-17,17.0,17.79,16.96,17.5,62009941,AABA,AABA
2009-09-18,17.7,17.7,16.85,17.39,86412574,AABA,AABA
2009-09-21,17.23,17.23,16.96,17.04,26826877,AABA,AABA
2009-09-22,17.17,17.22,16.75,16.86,30592801,AABA,AABA
2009-09-23,17.1,17.6,16.97,17.21,36814269,AABA,AABA
2009-09-24,17.31,17.32,16.65,16.89,26502552,AABA,AABA
2009-09-25,16.8,17.15,16.75,17.08,20701373,AABA,AABA
2009-09-28,16.98,17.47,16.95,17.47,26415897,AABA,AABA
2009-09-29,17.5,17.66,17.21,17.45,31602212,AABA,AABA
2009-09-30,17.48,17.94,17.24,17.81,39880782,AABA,AABA
2009-10-01,17.65,17.72,17.2,17.39,24880103,AABA,AABA
2009-10-02,17.23,17.35,16.78,16.84,32685224,AABA,AABA
2009-10-05,16.85,17.12,16.66,16.8,22225889,AABA,AABA
2009-10-06,16.96,17.35,16.95,17.3,21430235,AABA,AABA
2009-10-07,17.22,17.49,17.15,17.49,12463817,AABA,AABA
2009-10-08,17.63,17.86,17.54,17.58,27966814,AABA,AABA
2009-10-09,17.43,17.48,16.84,16.87,29015624,AABA,AABA
2009-10-12,16.96,17.11,16.66,16.75,16913600,AABA,AABA
2009-10-13,16.95,17.0,16.81,16.88,19492421,AABA,AABA
2009-10-14,16.93,17.03,16.82,16.95,17511688,AABA,AABA
2009-10-15,16.84,16.89,16.46,16.52,24343376,AABA,AABA
2009-10-16,16.61,16.85,16.4,16.81,20486260,AABA,AABA
2009-10-19,16.8,17.29,16.7,17.22,17878001,AABA,AABA
2009-10-20,17.37,17.41,16.87,17.17,38320395,AABA,AABA
2009-10-21,17.98,18.02,17.57,17.66,46204426,AABA,AABA
2009-10-22,17.54,17.75,17.3,17.67,16018021,AABA,AABA
2009-10-23,17.71,17.75,17.09,17.22,17760359,AABA,AABA
2009-10-26,17.05,17.2,16.67,16.87,21215853,AABA,AABA
2009-10-27,16.69,16.87,16.35,16.69,19917748,AABA,AABA
2009-10-28,16.69,16.77,16.02,16.04,25048248,AABA,AABA
2009-10-29,16.19,16.38,15.74,16.13,39146661,AABA,AABA
2009-10-30,16.06,16.37,15.8,15.9,22321660,AABA,AABA
2009-11-02,15.75,15.9,15.59,15.85,15259155,AABA,AABA
2009-11-03,15.71,15.78,15.63,15.7,17242904,AABA,AABA
2009-11-04,15.9,15.9,15.66,15.69,18698223,AABA,AABA
2009-11-05,15.8,16.0,15.74,15.9,27738669,AABA,AABA
2009-11-06,15.89,16.03,15.76,15.94,13564585,AABA,AABA
2009-11-09,16.13,16.19,15.97,16.02,14837481,AABA,AABA
2009-11-10,16.08,16.36,16.01,16.04,24103570,AABA,AABA
2009-11-11,16.0,16.16,15.92,16.09,16352278,AABA,AABA
2009-11-12,16.1,16.28,15.97,16.0,10210238,AABA,AABA
2009-11-13,16.04,16.1,15.92,15.93,26453749,AABA,AABA
2009-11-16,16.08,16.19,15.92,16.07,26125285,AABA,AABA
2009-11-17,15.89,16.11,15.73,16.05,22256204,AABA,AABA
2009-11-18,16.02,16.13,15.84,15.98,12776236,AABA,AABA
2009-11-19,15.83,15.85,15.52,15.61,26890975,AABA,AABA
2009-11-20,15.6,15.74,15.36,15.38,16129962,AABA,AABA
2009-11-23,15.58,15.65,15.34,15.45,24502832,AABA,AABA
2009-11-24,15.38,15.49,15.2,15.24,19773958,AABA,AABA
2009-11-25,15.29,15.35,15.17,15.3,21370526,AABA,AABA
2009-11-27,15.04,15.09,14.88,15.0,11452844,AABA,AABA
2009-11-30,14.9,15.1,14.8,14.97,17589238,AABA,AABA
2009-12-01,15.03,15.19,14.85,15.13,17096457,AABA,AABA
2009-12-02,15.17,15.5,15.16,15.31,17807755,AABA,AABA
2009-12-03,15.33,15.38,15.1,15.11,17196452,AABA,AABA
2009-12-04,15.32,15.38,15.0,15.19,17578467,AABA,AABA
2009-12-07,15.36,15.65,15.32,15.45,18036602,AABA,AABA
2009-12-08,15.45,15.9,15.23,15.45,31160553,AABA,AABA
2009-12-09,15.52,15.54,15.12,15.18,25397825,AABA,AABA
2009-12-10,15.34,15.57,15.24,15.49,18743964,AABA,AABA
2009-12-11,15.85,15.9,15.62,15.74,22607415,AABA,AABA
2009-12-14,15.9,15.97,15.64,15.81,18087089,AABA,AABA
2009-12-15,15.77,15.88,15.65,15.74,13278173,AABA,AABA
2009-12-16,15.57,15.82,15.47,15.79,20640271,AABA,AABA
2009-12-17,15.72,15.96,15.64,15.82,26156659,AABA,AABA
2009-12-18,15.94,16.14,15.78,16.14,30021013,AABA,AABA
2009-12-21,16.11,16.17,15.85,15.88,17809025,AABA,AABA
2006-01-03,10.34,10.68,10.32,10.68,201853036,AAPL,AAPL
2006-01-04,10.73,10.85,10.64,10.71,155225609,AAPL,AAPL
2006-01-05,10.69,10.7,10.54,10.63,112396081,AAPL,AAPL
2006-01-06,10.75,10.96,10.65,10.9,176139334,AAPL,AAPL
2006-01-09,10.96,11.03,10.82,10.86,168861224,AAPL,AAPL
2006-01-10,10.89,11.7,10.83,11.55,570088246,AAPL,AAPL
2006-01-11,11.98,12.11,11.8,11.99,373548882,AAPL,AAPL
2006-01-12,12.14,12.34,11.95,12.04,320201966,AAPL,AAPL
2006-01-13,12.14,12.29,12.09,12.23,194153393,AAPL,AAPL
2006-01-17,12.24,12.34,11.98,12.1,209215265,AAPL,AAPL
2006-01-18,11.87,12.01,11.69,11.78,303279501,AAPL,AAPL
2006-01-19,11.61,11.67,11.25,11.29,424100026,AAPL,AAPL
2006-01-20,11.33,11.43,10.83,10.87,284634847,AAPL,AAPL
2006-01-23,10.87,11.37,10.86,11.1,264942587,AAPL,AAPL
2006-01-24,11.25,11.35,10.82,10.86,285661873,AAPL,AAPL
2006-01-25,11.06,11.07,10.46,10.6,319019939,AAPL,AAPL
2006-01-26,10.65,10.78,10.28,10.33,295599087,AAPL,AAPL
2006-01-27,10.42,10.51,10.16,10.29,238597205,AAPL,AAPL
2006-01-30,10.17,10.94,10.12,10.71,349600251,AAPL,AAPL
2006-01-31,10.79,10.91,10.54,10.79,228385745,AAPL,AAPL
2006-02-01,10.71,10.92,10.66,10.77,130335751,AAPL,AAPL
2006-02-02,10.73,10.77,10.29,10.3,176898442,AAPL,AAPL
2006-02-03,10.32,10.4,10.15,10.26,173040616,AAPL,AAPL
2006-02-06,10.29,10.36,9.53,9.61,413058506,AAPL,AAPL
2006-02-07,9.75,9.93,9.53,9.66,347308367,AAPL,AAPL
2006-02-08,9.78,9.87,9.43,9.83,238316400,AAPL,AAPL
2006-02-09,9.87,9.89,9.22,9.28,287548464,AAPL,AAPL
2006-02-10,9.31,9.67,8.99,9.62,440118924,AAPL,AAPL
2006-02-13,9.52,9.54,9.23,9.24,220907862,AAPL,AAPL
2006-02-14,9.3,9.73,9.29,9.66,290278597,AAPL,AAPL
2006-02-15,9.59,9.95,9.54,9.89,290010133,AAPL,AAPL
2006-02-16,9.99,10.14,9.93,10.08,238485674,AAPL,AAPL
2006-02-17,10.04,10.13,9.94,10.04,143999667,AAPL,AAPL
2006-02-21,10.08,10.11,9.81,9.87,194941775,AAPL,AAPL
2006-02-22,9.86,10.24,9.71,10.19,244625822,AAPL,AAPL
2006-02-23,10.26,10.43,10.2,10.25,214376771,AAPL,AAPL
2006-02-24,10.31,10.41,10.17,10.21,133695940,AAPL,AAPL
2006-02-27,10.28,10.3,10.09,10.14,197844178,AAPL,AAPL
2006-02-28,10.23,10.34,9.73,9.78,316873795,AAPL,AAPL
2006-03-01,9.83,9.93,9.72,9.87,190969667,AAPL,AAPL
2006-03-02,9.86,10.0,9.81,9.94,156396212,AAPL,AAPL
2006-03-03,9.91,9.99,9.65,9.67,184453752,AAPL,AAPL
2006-03-06,9.67,9.67,9.28,9.35,228326098,AAPL,AAPL
2006-03-07,9.39,9.56,9.3,9.47,218252139,AAPL,AAPL
2006-03-08,9.47,9.6,9.34,9.38,163362941,AAPL,AAPL
2006-03-09,9.43,9.5,9.12,9.13,200066888,AAPL,AAPL
2006-03-10,9.14,9.21,8.92,9.03,260848945,AAPL,AAPL
2006-03-13,9.29,9.47,9.26,9.38,215353642,AAPL,AAPL
2006-03-14,9.4,9.62,9.36,9.62,160606033,AAPL,AAPL
2006-03-15,9.67,9.72,9.36,9.46,223075713,AAPL,AAPL
2006-03-16,9.55,9.56,9.19,9.19,187491724,AAPL,AAPL
2006-03-17,9.25,9.36,9.16,9.24,203339045,AAPL,AAPL
2006-03-20,9.32,9.35,9.12,9.14,151394348,AAPL,AAPL
2006-03-21,9.18,9.19,8.77,8.83,336340998,AAPL,AAPL
2006-03-22,8.88,9.04,8.75,8.81,336610162,AAPL,AAPL
2006-03-23,8.83,8.84,8.52,8.59,357384216,AAPL,AAPL
2006-03-24,8.61,8.71,8.43,8.57,268055312,AAPL,AAPL
2006-03-27,8.62,8.77,8.49,8.5,277211795,AAPL,AAPL
2006-03-28,8.52,8.59,8.32,8.39,342609232,AAPL,AAPL
2006-03-29,8.45,8.93,8.24,8.9,586873056,AAPL,AAPL
2006-03-30,8.97,9.04,8.79,8.96,347752734,AAPL,AAPL
2006-03-31,9.04,9.09,8.89,8.96,203795606,AAPL,AAPL
2006-04-03,9.1,9.16,8.94,8.95,204050861,AAPL,AAPL
2006-04-04,8.87,8.89,8.72,8.74,233062347,AAPL,AAPL
2006-04-05,9.24,9.6,9.16,9.6,558735429,AAPL,AAPL
2006-04-06,9.76,10.29,9.74,10.18,666021972,AAPL,AAPL
2006-04-07,10.13,10.17,9.78,9.97,386345799,AAPL,AAPL
2006-04-10,10.04,10.13,9.78,9.81,226013844,AAPL,AAPL
2006-04-11,9.86,9.9,9.58,9.71,234875172,AAPL,AAPL
2006-04-12,9.72,9.74,9.47,9.53,185108441,AAPL,AAPL
2006-04-13,9.48,9.63,9.4,9.5,183726809,AAPL,AAPL
2006-04-17,9.5,9.55,9.19,9.26,180579238,AAPL,AAPL
2006-04-18,9.29,9.5,9.26,9.46,198762067,AAPL,AAPL
2006-04-19,9.55,9.57,9.35,9.38,273009513,AAPL,AAPL
2006-04-20,9.93,10.0,9.46,9.66,416848656,AAPL,AAPL
2006-04-21,9.74,9.81,9.5,9.58,197305073,AAPL,AAPL
2006-04-24,9.55,9.56,9.36,9.39,176786477,AAPL,AAPL
2006-04-25,9.42,9.51,9.37,9.45,132274121,AAPL,AAPL
2006-04-26,9.52,9.75,9.49,9.74,177740101,AAPL,AAPL
2006-04-27,9.68,9.98,9.62,9.91,211504636,AAPL,AAPL
2006-04-28,9.91,10.19,9.89,10.06,190039059,AAPL,AAPL
2006-05-01,10.11,10.22,9.88,9.94,187648454,AAPL,AAPL
2006-05-02,10.02,10.28,10.02,10.23,192989167,AAPL,AAPL
2006-05-03,10.26,10.28,10.03,10.16,171823547,AAPL,AAPL
2006-05-04,10.17,10.41,10.07,10.16,215121025,AAPL,AAPL
2006-05-05,10.27,10.32,10.16,10.27,140991494,AAPL,AAPL
2006-05-08,10.43,10.54,10.25,10.27,148733466,AAPL,AAPL
2006-05-09,10.26,10.37,10.09,10.15,132929601,AAPL,AAPL
2006-05-10,10.18,10.19,9.94,10.09,116871398,AAPL,AAPL
2006-05-11,10.11,10.12,9.65,9.74,203225876,AAPL,AAPL
2006-05-12,9.69,9.81,9.55,9.67,160487649,AAPL,AAPL
2006-05-15,9.62,9.77,9.59,9.68,132447357,AAPL,AAPL
2006-05-16,9.73,9.75,9.25,9.28,234296020,AAPL,AAPL
2006-05-17,9.24,9.39,9.15,9.32,188588022,AAPL,AAPL
2006-05-18,9.38,9.47,9.02,9.03,164673677,AAPL,AAPL
2006-05-19,9.04,9.27,8.97,9.22,246551102,AAPL,AAPL
2006-05-22,9.12,9.14,8.97,9.05,179765600,AAPL,AAPL
2006-05-23,9.27,9.31,9.0,9.02,173698427,AAPL,AAPL
2006-05-24,9.0,9.09,8.79,9.05,229060643,AAPL,AAPL
2006-05-25,9.18,9.21,9.04,9.19,115943233,AAPL,AAPL
2006-05-26,9.19,9.22,9.02,9.08,108253677,AAPL,AAPL
2006-05-30,9.04,9.04,8.75,8.75,140877366,AAPL,AAPL
2006-05-31,8.82,8.83,8.38,8.54,320287275,AAPL,AAPL
2006-06-01,8.55,8.9,8.5,8.88,235683301,AAPL,AAPL
2006-06-02,8.92,9.01,8.7,8.81,171477040,AAPL,AAPL
2006-06-05,8.74,8.74,8.57,8.57,151478782,AAPL,AAPL
2006-06-06,8.6,8.66,8.42,8.53,181533156,AAPL,AAPL
2006-06-07,8.59,8.63,8.34,8.37,187697566,AAPL,AAPL
2006-06-08,8.35,8.7,8.16,8.68,349379527,AAPL,AAPL
2006-06-09,8.74,8.79,8.44,8.46,193989705,AAPL,AAPL
2006-06-12,8.49,8.53,8.14,8.14,179495638,AAPL,AAPL
2006-06-13,8.23,8.44,8.19,8.33,270235462,AAPL,AAPL
2006-06-14,8.33,8.4,8.1,8.23,219600556,AAPL,AAPL
2006-06-15,8.19,8.53,8.11,8.48,297634596,AAPL,AAPL
2006-06-16,8.42,8.46,8.22,8.22,209574561,AAPL,AAPL
2006-06-19,8.26,8.31,8.14,8.17,180417335,AAPL,AAPL
2006-06-20,8.23,8.34,8.18,8.21,168256067,AAPL,AAPL
2006-06-21,8.25,8.39,8.19,8.27,215992539,AAPL,AAPL
2006-06-22,8.31,8.54,8.3,8.51,241859744,AAPL,AAPL
2006-06-23,8.53,8.6,8.39,8.4,165050249,AAPL,AAPL
2006-06-26,8.45,8.46,8.34,8.43,116633328,AAPL,AAPL
2006-06-27,8.44,8.46,8.2,8.2,137657800,AAPL,AAPL
2006-06-28,8.18,8.19,7.92,8.0,212766806,AAPL,AAPL
2006-06-29,8.11,8.44,8.06,8.42,218812587,AAPL,AAPL
2006-06-30,8.23,8.25,8.07,8.18,185158148,AAPL,AAPL
2006-07-03,8.22,8.31,8.19,8.28,48693183,AAPL,AAPL
2006-07-05,8.16,8.23,8.08,8.14,129711512,AAPL,AAPL
2006-07-06,8.16,8.2,7.94,7.97,158341064,AAPL,AAPL
2006-07-07,7.93,8.08,7.81,7.91,199846514,AAPL,AAPL
2006-07-10,7.96,8.07,7.79,7.86,132800031,AAPL,AAPL
2006-07-11,7.87,8.0,7.79,7.95,206339245,AAPL,AAPL
2006-07-12,7.88,7.89,7.56,7.57,231831880,AAPL,AAPL
2006-07-13,7.43,7.73,7.34,7.46,312476444,AAPL,AAPL
2006-07-14,7.5,7.56,7.17,7.24,248258745,AAPL,AAPL
2006-07-17,7.39,7.59,7.38,7.48,256163586,AAPL,AAPL
2006-07-18,7.59,7.69,7.41,7.56,250290103,AAPL,AAPL
2006-07-19,7.57,7.87,7.48,7.73,350937118,AAPL,AAPL
2006-07-20,8.71,8.8,8.53,8.64,493127810,AAPL,AAPL
2006-07-21,8.55,8.74,8.52,8.67,223020238,AAPL,AAPL
2006-07-24,8.75,8.87,8.63,8.77,180747028,AAPL,AAPL
2006-07-25,8.83,8.87,8.68,8.85,147320754,AAPL,AAPL
2006-07-26,8.86,9.23,8.81,9.12,224657349,AAPL,AAPL
2006-07-27,9.22,9.29,8.98,9.06,183772526,AAPL,AAPL
2006-07-28,9.13,9.38,9.07,9.37,172909394,AAPL,AAPL
2006-07-31,9.55,9.8,9.47,9.71,223276431,AAPL,AAPL
2006-08-01,9.6,9.7,9.42,9.6,177956394,AAPL,AAPL
2006-08-02,9.66,9.81,9.64,9.74,137735836,AAPL,AAPL
2006-08-03,9.7,10.0,9.69,9.94,210350609,AAPL,AAPL
2006-08-04,9.58,9.8,9.28,9.76,463298941,AAPL,AAPL
2006-08-07,9.67,9.94,9.47,9.6,314024788,AAPL,AAPL
2006-08-08,9.58,9.59,9.22,9.25,249477837,AAPL,AAPL
2006-08-09,9.36,9.37,9.06,9.08,239009022,AAPL,AAPL
2006-08-10,9.02,9.26,8.96,9.15,174457885,AAPL,AAPL
2006-08-11,9.03,9.16,8.94,9.09,194383280,AAPL,AAPL
2006-08-14,9.15,9.32,9.09,9.13,179415943,AAPL,AAPL
2006-08-15,9.33,9.5,9.26,9.49,215433358,AAPL,AAPL
2006-08-16,9.59,9.72,9.48,9.71,195374011,AAPL,AAPL
2006-08-17,9.71,9.81,9.6,9.66,145288402,AAPL,AAPL
2006-08-18,9.67,9.77,9.61,9.7,134090383,AAPL,AAPL
2006-08-21,9.61,9.62,9.45,9.51,131599258,AAPL,AAPL
2006-08-22,9.53,9.76,9.5,9.66,144303355,AAPL,AAPL
2006-08-23,9.71,9.81,9.56,9.62,134118502,AAPL,AAPL
2006-08-24,9.7,9.74,9.47,9.69,163809751,AAPL,AAPL
2006-08-25,9.62,9.86,9.62,9.82,136096793,AAPL,AAPL
2006-08-28,9.79,9.8,9.53,9.57,184557695,AAPL,AAPL
2006-08-29,9.57,9.61,9.3,9.5,236878929,AAPL,AAPL
2006-08-30,9.62,9.69,9.53,9.57,170067758,AAPL,AAPL
2006-08-31,9.61,9.76,9.52,9.69,143701096,AAPL,AAPL
2006-09-01,9.78,9.81,9.69,9.77,102156376,AAPL,AAPL
2006-09-05,9.85,10.21,9.79,10.21,253297520,AAPL,AAPL
2006-09-06,10.15,10.24,9.96,10.0,243554661,AAPL,AAPL
2006-09-07,10.09,10.5,10.04,10.4,317006165,AAPL,AAPL
2006-09-08,10.48,10.51,10.27,10.36,224024612,AAPL,AAPL
2006-09-11,10.35,10.53,10.2,10.36,237299461,AAPL,AAPL
2006-09-12,10.4,10.49,10.21,10.38,421364692,AAPL,AAPL
2006-09-13,10.41,10.62,10.33,10.6,286577886,AAPL,AAPL
2006-09-14,10.53,10.67,10.49,10.6,200588059,AAPL,AAPL
2006-09-15,10.66,10.71,10.47,10.59,245832160,AAPL,AAPL
2006-09-18,10.54,10.69,10.47,10.56,176332604,AAPL,AAPL
2006-09-19,10.59,10.62,10.4,10.54,177524746,AAPL,AAPL
2006-09-20,10.63,10.81,10.6,10.75,205751420,AAPL,AAPL
2006-09-21,10.75,10.87,10.57,10.66,198558402,AAPL,AAPL
2006-09-22,10.61,10.62,10.37,10.43,166449395,AAPL,AAPL
2006-09-25,10.54,10.84,10.53,10.82,214970868,AAPL,AAPL
2006-09-26,10.88,11.11,10.87,11.09,277692401,AAPL,AAPL
2006-09-27,11.02,11.07,10.83,10.92,202976382,AAPL,AAPL
2006-09-28,11.0,11.07,10.85,11.0,181039789,AAPL,AAPL
2006-09-29,11.02,11.07,10.95,11.0,101482059,AAPL,AAPL
2006-10-02,10.73,10.84,10.61,10.69,178263043,AAPL,AAPL
2006-10-03,10.64,10.71,10.46,10.58,197724611,AAPL,AAPL
2006-10-04,10.59,10.78,10.45,10.77,209840785,AAPL,AAPL
2006-10-05,10.65,10.88,10.59,10.69,170994999,AAPL,AAPL
2006-10-06,10.63,10.72,10.54,10.6,116749486,AAPL,AAPL
2006-10-09,10.54,10.73,10.5,10.66,109583215,AAPL,AAPL
2006-10-10,10.65,10.65,10.44,10.54,132930378,AAPL,AAPL
2006-10-11,10.49,10.57,10.37,10.46,142969603,AAPL,AAPL
2006-10-12,10.52,10.77,10.51,10.75,148291297,AAPL,AAPL
2006-10-13,10.8,10.98,10.68,10.72,171055850,AAPL,AAPL
2006-10-16,10.74,10.84,10.68,10.77,127242738,AAPL,AAPL
2006-10-17,10.72,10.75,10.58,10.61,120273223,AAPL,AAPL
2006-10-18,10.68,11.23,10.56,10.65,286744199,AAPL,AAPL
2006-10-19,11.32,11.42,11.17,11.28,379251376,AAPL,AAPL
2006-10-20,11.28,11.43,11.24,11.42,159934621,AAPL,AAPL
2006-10-23,11.43,11.7,11.39,11.64,208175492,AAPL,AAPL
2006-10-24,11.6,11.67,11.46,11.58,115823631,AAPL,AAPL
2006-10-25,11.62,11.71,11.57,11.67,121331721,AAPL,AAPL
2006-10-26,11.7,11.8,11.59,11.74,108221302,AAPL,AAPL
2006-10-27,11.68,11.78,11.43,11.49,148747550,AAPL,AAPL
2006-10-30,11.43,11.56,11.36,11.49,124990523,AAPL,AAPL
2006-10-31,11.64,11.67,11.46,11.58,125413757,AAPL,AAPL
2006-11-01,11.59,11.63,11.19,11.31,153064387,AAPL,AAPL
2006-11-02,11.27,11.33,11.21,11.28,116391387,AAPL,AAPL
2006-11-03,11.34,11.36,11.11,11.18,107984345,AAPL,AAPL
2006-11-06,11.28,11.44,11.2,11.39,108680474,AAPL,AAPL
2006-11-07,11.49,11.57,11.45,11.5,131519458,AAPL,AAPL
2006-11-08,11.43,11.81,11.41,11.78,172897914,AAPL,AAPL
2006-11-09,11.84,12.1,11.73,11.91,230816229,AAPL,AAPL
2006-11-10,11.94,11.94,11.79,11.87,93511047,AAPL,AAPL
2006-11-13,11.89,12.06,11.81,12.05,112738724,AAPL,AAPL
2006-11-14,12.1,12.1,12.0,12.1,147384573,AAPL,AAPL
2006-11-15,12.15,12.27,12.0,12.01,164660251,AAPL,AAPL
2006-11-16,12.12,12.33,12.09,12.23,173577201,AAPL,AAPL
2006-11-17,12.16,12.28,12.14,12.26,116671170,AAPL,AAPL
2006-11-20,12.2,12.43,12.17,12.35,142760555,AAPL,AAPL
2006-11-21,12.49,12.66,12.44,12.66,155918931,AAPL,AAPL
2006-11-22,12.71,12.96,12.55,12.9,168094717,AAPL,AAPL
2006-11-24,12.79,13.3,12.79,13.09,129766952,AAPL,AAPL
2006-11-27,13.22,13.31,12.79,12.79,268879674,AAPL,AAPL
2006-11-28,12.91,13.14,12.84,13.12,259278880,AAPL,AAPL
2006-11-29,13.29,13.31,12.89,13.11,289532264,AAPL,AAPL
2006-11-30,13.17,13.24,13.01,13.09,217767193,AAPL,AAPL
2006-12-01,13.11,13.19,12.87,13.05,198879674,AAPL,AAPL
2006-12-04,13.13,13.15,12.93,13.02,177570666,AAPL,AAPL
2006-12-05,13.09,13.19,12.98,13.04,165793040,AAPL,AAPL
2006-12-06,12.95,13.06,12.81,12.83,159676468,AAPL,AAPL
2006-12-07,12.86,12.93,12.41,12.43,251432874,AAPL,AAPL
2006-12-08,12.46,12.77,12.43,12.61,196191289,AAPL,AAPL
2006-12-11,12.7,12.76,12.58,12.68,125146602,AAPL,AAPL
2006-12-12,12.66,12.69,12.22,12.31,258787312,AAPL,AAPL
2006-12-13,12.56,12.72,12.45,12.72,214379235,AAPL,AAPL
2006-12-14,12.72,12.86,12.61,12.65,208288213,AAPL,AAPL
2006-12-15,12.72,12.75,12.48,12.53,185030881,AAPL,AAPL
2006-12-18,12.52,12.57,12.08,12.21,180594470,AAPL,AAPL
2006-12-19,12.1,12.38,11.95,12.33,227936681,AAPL,AAPL
2006-12-20,12.35,12.38,12.11,12.11,142145458,AAPL,AAPL
2006-12-21,12.1,12.21,11.74,11.84,227618384,AAPL,AAPL
2006-12-22,11.92,12.01,11.66,11.74,153402130,AAPL,AAPL
2006-12-26,11.74,11.8,11.56,11.64,122782926,AAPL,AAPL
2006-12-27,11.16,11.71,10.97,11.65,485160788,AAPL,AAPL
2006-12-28,11.46,11.61,11.38,11.55,284705848,AAPL,AAPL
2006-12-29,11.99,12.2,11.91,12.12,269210753,AAPL,AAPL
2007-01-03,12.33,12.37,11.7,11.97,311433248,AAPL,AAPL
2007-01-04,12.01,12.28,11.97,12.24,214031636,AAPL,AAPL
2007-01-05,12.25,12.31,12.06,12.15,208817119,AAPL,AAPL
2007-01-08,12.28,12.36,12.18,12.21,199431337,AAPL,AAPL
2007-01-09,12.35,13.28,12.16,13.22,838036682,AAPL,AAPL
2007-01-10,13.54,13.97,13.35,13.86,739605951,AAPL,AAPL
2007-01-11,13.71,13.83,13.59,13.69,360565688,AAPL,AAPL
2007-01-12,13.51,13.58,13.32,13.52,328246485,AAPL,AAPL
2007-01-16,13.67,13.89,13.64,13.87,311365418,AAPL,AAPL
2007-01-17,13.94,13.94,13.55,13.56,420187362,AAPL,AAPL
2007-01-18,13.16,13.16,12.72,12.72,591823435,AAPL,AAPL
2007-01-19,12.66,12.81,12.59,12.64,341178439,AAPL,AAPL
2007-01-22,12.73,12.74,12.24,12.4,363643399,AAPL,AAPL
2007-01-23,12.25,12.5,12.22,12.24,302148959,AAPL,AAPL
2007-01-24,12.38,12.45,12.3,12.39,232175503,AAPL,AAPL
2007-01-25,12.44,12.64,12.29,12.32,226758903,AAPL,AAPL
2007-01-26,12.44,12.48,12.14,12.2,246756566,AAPL,AAPL
2007-01-29,12.33,12.38,12.22,12.28,225616314,AAPL,AAPL
2007-01-30,12.35,12.36,12.18,12.22,144691316,AAPL,AAPL
2007-01-31,12.12,12.29,12.05,12.25,214117890,AAPL,AAPL
2007-02-01,12.32,12.32,12.11,12.11,166231303,AAPL,AAPL
2007-02-02,12.02,12.18,11.96,12.11,155435735,AAPL,AAPL
2007-02-05,12.04,12.18,11.99,11.99,145164194,AAPL,AAPL
2007-02-06,12.06,12.07,11.84,12.02,216257825,AAPL,AAPL
2007-02-07,12.07,12.34,11.94,12.31,267266804,AAPL,AAPL
2007-02-08,12.2,12.36,12.2,12.31,169853250,AAPL,AAPL
2007-02-09,12.27,12.31,11.89,11.9,215234936,AAPL,AAPL
2007-02-12,12.06,12.17,11.95,12.13,181112792,AAPL,AAPL
2007-02-13,12.17,12.18,12.04,12.09,148753815,AAPL,AAPL
2007-02-14,12.09,12.23,12.08,12.19,127054753,AAPL,AAPL
2007-02-15,12.21,12.23,12.11,12.17,90979119,AAPL,AAPL
2007-02-16,12.18,12.2,12.09,12.12,100012409,AAPL,AAPL
2007-02-20,12.09,12.31,12.02,12.27,154491757,AAPL,AAPL
2007-02-21,12.28,12.78,12.28,12.74,289010190,AAPL,AAPL
2007-02-22,12.97,12.97,12.65,12.79,209711292,AAPL,AAPL
2007-02-23,12.74,12.91,12.69,12.72,129581193,AAPL,AAPL
2007-02-26,12.83,12.86,12.52,12.66,154256942,AAPL,AAPL
2007-02-27,12.33,12.44,11.92,11.99,287027349,AAPL,AAPL
2007-02-28,11.86,12.23,11.86,12.09,230020119,AAPL,AAPL
2007-03-01,12.0,12.62,11.96,12.44,353965528,AAPL,AAPL
2007-03-02,12.4,12.51,12.17,12.2,215024215,AAPL,AAPL
2007-03-05,12.27,12.66,12.25,12.33,209992846,AAPL,AAPL
2007-03-06,12.54,12.62,12.49,12.6,180930456,AAPL,AAPL
2007-03-07,12.58,12.71,12.49,12.53,156606688,AAPL,AAPL
2007-03-08,12.66,12.67,12.49,12.57,127845900,AAPL,AAPL
2007-03-09,12.69,12.69,12.49,12.57,113025101,AAPL,AAPL
2007-03-12,12.58,12.86,12.57,12.84,182399553,AAPL,AAPL
2007-03-13,12.77,12.94,12.63,12.63,216963558,AAPL,AAPL
2007-03-14,12.66,12.86,12.56,12.86,199145982,AAPL,AAPL
2007-03-15,12.85,12.91,12.76,12.8,139874049,AAPL,AAPL
2007-03-16,12.79,12.86,12.76,12.8,142940707,AAPL,AAPL
2007-03-19,12.89,13.08,12.8,13.02,178300199,AAPL,AAPL
2007-03-20,13.05,13.12,13.01,13.07,122318448,AAPL,AAPL
2007-03-21,13.14,13.43,13.09,13.41,171861921,AAPL,AAPL
2007-03-22,13.39,13.48,13.29,13.42,141322034,AAPL,AAPL
2007-03-23,13.34,13.44,13.33,13.36,112838579,AAPL,AAPL
2007-03-26,13.43,13.7,13.33,13.69,216414128,AAPL,AAPL
2007-03-27,13.67,13.83,13.57,13.64,233172905,AAPL,AAPL
2007-03-28,13.55,13.63,13.31,13.32,237348986,AAPL,AAPL
2007-03-29,13.46,13.46,13.18,13.39,181498436,AAPL,AAPL
2007-03-30,13.47,13.53,13.25,13.27,150204215,AAPL,AAPL
2007-04-02,13.45,13.46,13.29,13.38,125552420,AAPL,AAPL
2007-04-03,13.45,13.6,13.39,13.5,146093311,AAPL,AAPL
2007-04-04,13.56,13.59,13.45,13.47,119275478,AAPL,AAPL
2007-04-05,13.45,13.53,13.36,13.53,88935952,AAPL,AAPL
2007-04-09,13.6,13.61,13.29,13.38,103410895,AAPL,AAPL
2007-04-10,13.38,13.46,13.34,13.46,88186308,AAPL,AAPL
2007-04-11,13.41,13.42,13.19,13.23,137433604,AAPL,AAPL
2007-04-12,13.15,13.19,12.96,13.17,165983783,AAPL,AAPL
2007-04-13,12.99,13.06,12.87,12.89,180029703,AAPL,AAPL
2007-04-16,12.94,13.07,12.89,13.06,152353544,AAPL,AAPL
2007-04-17,13.14,13.19,12.81,12.91,188090343,AAPL,AAPL
2007-04-18,12.88,12.98,12.8,12.91,116095938,AAPL,AAPL
2007-04-19,12.88,13.04,12.83,12.9,106613556,AAPL,AAPL
2007-04-20,12.98,13.03,12.94,13.0,131349260,AAPL,AAPL
2007-04-23,13.08,13.4,13.06,13.36,195322771,AAPL,AAPL
2007-04-24,13.42,13.77,13.04,13.32,264109146,AAPL,AAPL
2007-04-25,13.46,13.63,13.4,13.62,306212928,AAPL,AAPL
2007-04-26,14.51,14.64,14.04,14.12,435074297,AAPL,AAPL
2007-04-27,14.03,14.28,13.96,14.27,174995506,AAPL,AAPL
2007-04-30,14.3,14.43,14.24,14.26,154361802,AAPL,AAPL
2007-05-01,14.23,14.34,14.08,14.21,133166425,AAPL,AAPL
2007-05-02,14.24,14.36,14.21,14.34,126880271,AAPL,AAPL
2007-05-03,14.39,14.49,14.29,14.34,144197942,AAPL,AAPL
2007-05-04,14.4,14.51,14.36,14.4,95537288,AAPL,AAPL
2007-05-07,14.44,14.91,14.43,14.85,215577789,AAPL,AAPL
2007-05-08,14.78,15.02,14.77,15.01,196185605,AAPL,AAPL
2007-05-09,14.99,15.28,14.98,15.27,179639635,AAPL,AAPL
2007-05-10,15.23,15.55,15.13,15.33,299441667,AAPL,AAPL
2007-05-11,15.39,15.59,15.25,15.53,163212147,AAPL,AAPL
2007-05-14,15.66,15.71,15.46,15.62,163091845,AAPL,AAPL
2007-05-15,15.65,15.74,15.21,15.36,238813652,AAPL,AAPL
2007-05-16,15.5,15.55,14.77,15.33,281925385,AAPL,AAPL
2007-05-17,15.31,15.7,15.31,15.63,184508324,AAPL,AAPL
2007-05-18,15.75,15.81,15.68,15.72,155345379,AAPL,AAPL
2007-05-21,15.76,16.06,15.72,16.0,160278090,AAPL,AAPL
2007-05-22,16.07,16.25,16.0,16.22,143205594,AAPL,AAPL
2007-05-23,16.29,16.43,16.08,16.13,228896871,AAPL,AAPL
2007-05-24,16.12,16.35,15.77,15.81,222183668,AAPL,AAPL
2007-05-25,16.0,16.25,15.93,16.23,158240999,AAPL,AAPL
2007-05-29,16.35,16.41,16.1,16.34,161522228,AAPL,AAPL
2007-05-30,16.33,16.98,16.22,16.97,370739089,AAPL,AAPL
2007-05-31,17.15,17.45,17.08,17.31,325251101,AAPL,AAPL
2007-06-01,17.3,17.31,16.9,16.91,221443390,AAPL,AAPL
2007-06-04,16.95,17.39,16.84,17.33,221998350,AAPL,AAPL
2007-06-05,17.34,17.53,17.21,17.52,230465249,AAPL,AAPL
2007-06-06,17.47,17.72,17.42,17.66,278490289,AAPL,AAPL
2007-06-07,17.86,18.23,17.6,17.72,479516387,AAPL,AAPL
2007-06-08,17.98,17.98,17.47,17.78,310972704,AAPL,AAPL
2007-06-11,18.0,18.02,17.08,17.17,470185107,AAPL,AAPL
2007-06-12,17.05,17.39,16.9,17.2,356974310,AAPL,AAPL
2007-06-13,17.31,17.31,16.49,16.79,430734248,AAPL,AAPL
2007-06-14,16.74,17.06,16.63,16.96,243513837,AAPL,AAPL
2007-06-15,17.23,17.24,17.12,17.21,202990669,AAPL,AAPL
2007-06-18,17.61,17.88,17.51,17.87,227971779,AAPL,AAPL
2007-06-19,17.81,17.86,17.56,17.67,236173490,AAPL,AAPL
2007-06-20,17.7,17.81,17.36,17.36,224570395,AAPL,AAPL
2007-06-21,17.39,17.76,17.25,17.7,216921131,AAPL,AAPL
2007-06-22,17.69,17.78,17.48,17.57,158915162,AAPL,AAPL
2007-06-25,17.74,17.87,17.29,17.48,241517962,AAPL,AAPL
2007-06-26,17.71,17.71,16.96,17.09,336250712,AAPL,AAPL
2007-06-27,17.23,17.43,17.04,17.41,243901756,AAPL,AAPL
2007-06-28,17.48,17.5,17.14,17.22,210600880,AAPL,AAPL
2007-06-29,17.42,17.71,17.3,17.43,284032539,AAPL,AAPL
2007-07-02,17.29,17.44,17.04,17.32,249049955,AAPL,AAPL
2007-07-03,17.43,18.2,17.36,18.17,290620330,AAPL,AAPL
2007-07-05,18.4,19.0,18.38,18.96,363262732,AAPL,AAPL
2007-07-06,19.02,19.05,18.63,18.9,218623258,AAPL,AAPL
2007-07-09,18.91,18.99,18.45,18.62,248955014,AAPL,AAPL
2007-07-10,18.41,19.21,18.4,18.91,313752481,AAPL,AAPL
2007-07-11,18.87,19.1,18.76,18.91,205442888,AAPL,AAPL
2007-07-12,19.12,19.18,18.91,19.15,176151549,AAPL,AAPL
2007-07-13,19.29,19.69,19.22,19.68,226881067,AAPL,AAPL
2007-07-16,19.77,20.0,19.64,19.73,234028137,AAPL,AAPL
2007-07-17,19.76,19.94,19.64,19.84,177489284,AAPL,AAPL
2007-07-18,19.74,19.78,19.43,19.73,189349370,AAPL,AAPL
2007-07-19,20.04,20.12,19.95,20.0,183222312,AAPL,AAPL
2007-07-20,20.24,20.6,20.0,20.54,291742283,AAPL,AAPL
2007-07-23,20.47,20.75,20.13,20.53,259122122,AAPL,AAPL
2007-07-24,19.84,20.14,19.16,19.27,451276735,AAPL,AAPL
2007-07-25,19.62,19.77,19.29,19.61,407778336,AAPL,AAPL
2007-07-26,20.84,21.21,19.57,20.86,547388051,AAPL,AAPL
2007-07-27,20.88,21.27,20.54,20.55,290061282,AAPL,AAPL
2007-07-30,20.62,20.78,19.94,20.2,277134788,AAPL,AAPL
2007-07-31,20.42,20.5,18.79,18.82,442770699,AAPL,AAPL
2007-08-01,19.09,19.34,18.25,19.29,437849524,AAPL,AAPL
2007-08-02,19.52,19.57,19.16,19.5,213448893,AAPL,AAPL
2007-08-03,19.32,19.42,18.79,18.84,169668303,AAPL,AAPL
2007-08-06,18.99,19.32,18.33,19.32,231477869,AAPL,AAPL
2007-08-07,19.28,19.61,18.95,19.29,237868946,AAPL,AAPL
2007-08-08,19.54,19.55,18.86,19.14,202070134,AAPL,AAPL
2007-08-09,18.73,19.0,17.87,18.06,281702575,AAPL,AAPL
2007-08-10,17.59,18.25,17.19,17.86,352683254,AAPL,AAPL
2007-08-13,18.33,18.48,18.07,18.26,188527906,AAPL,AAPL
2007-08-14,18.33,18.33,17.67,17.72,184790893,AAPL,AAPL
2007-08-15,17.53,17.84,17.09,17.13,248212657,AAPL,AAPL
2007-08-16,16.72,16.93,15.95,16.72,466674796,AAPL,AAPL
2007-08-17,17.43,17.64,17.12,17.44,298724104,AAPL,AAPL
2007-08-20,17.71,17.79,17.21,17.46,200880778,AAPL,AAPL
2007-08-21,17.46,18.42,17.29,18.22,325761765,AAPL,AAPL
2007-08-22,18.75,18.96,18.62,18.93,265441603,AAPL,AAPL
2007-08-23,19.01,19.05,18.54,18.72,216709066,AAPL,AAPL
2007-08-24,18.65,19.34,18.54,19.33,227902983,AAPL,AAPL
2007-08-27,19.06,19.24,18.87,18.89,176860712,AAPL,AAPL
2007-08-28,18.71,18.92,18.09,18.12,294842555,AAPL,AAPL
2007-08-29,18.55,19.17,18.51,19.15,291720989,AAPL,AAPL
2007-08-30,18.95,19.75,18.9,19.46,358908039,AAPL,AAPL
2007-08-31,19.93,19.95,19.63,19.78,219136974,AAPL,AAPL
2007-09-04,19.99,20.82,19.98,20.59,329210672,AAPL,AAPL
2007-09-05,20.71,20.83,19.44,19.54,582063699,AAPL,AAPL
2007-09-06,19.37,19.65,18.96,19.29,475315386,AAPL,AAPL
2007-09-07,18.86,18.9,18.57,18.82,357586383,AAPL,AAPL
2007-09-10,19.57,19.72,19.14,19.53,371961464,AAPL,AAPL
2007-09-11,19.7,19.76,19.11,19.36,242971232,AAPL,AAPL
2007-09-12,19.43,19.91,19.39,19.55,255836322,AAPL,AAPL
2007-09-13,19.83,19.86,19.52,19.6,164040198,AAPL,AAPL
2007-09-14,19.51,19.85,19.46,19.83,151748583,AAPL,AAPL
2007-09-17,19.86,20.08,19.66,19.77,198342298,AAPL,AAPL
2007-09-18,19.87,20.41,19.69,20.13,266022015,AAPL,AAPL
2007-09-19,20.43,20.45,19.91,20.11,256719848,AAPL,AAPL
2007-09-20,20.02,20.26,19.9,20.04,172959773,AAPL,AAPL
2007-09-21,20.16,20.66,20.04,20.59,284654174,AAPL,AAPL
2007-09-24,20.96,21.41,20.95,21.18,263040078,AAPL,AAPL
2007-09-25,20.98,21.89,20.97,21.88,298137175,AAPL,AAPL
2007-09-26,22.07,22.14,21.61,21.82,243816790,AAPL,AAPL
2007-09-27,21.97,22.07,21.76,22.07,164549098,AAPL,AAPL
2007-09-28,21.92,22.09,21.82,21.92,153719447,AAPL,AAPL
2007-10-01,22.09,22.49,21.85,22.33,209266442,AAPL,AAPL
2007-10-02,22.36,22.66,22.27,22.64,198017344,AAPL,AAPL
2007-10-03,22.54,22.74,22.43,22.56,173129159,AAPL,AAPL
2007-10-04,22.57,22.58,21.93,22.32,164239467,AAPL,AAPL
2007-10-05,22.62,23.08,22.53,23.06,235747820,AAPL,AAPL
2007-10-08,23.36,23.99,23.28,23.99,208981577,AAPL,AAPL
2007-10-09,24.31,24.44,23.81,23.98,276461332,AAPL,AAPL
2007-10-10,23.94,23.98,23.66,23.83,166897059,AAPL,AAPL
2007-10-11,24.21,24.55,21.89,23.18,410997643,AAPL,AAPL
2007-10-12,23.29,23.9,23.11,23.89,246989113,AAPL,AAPL
2007-10-15,24.0,24.22,23.36,23.85,269482241,AAPL,AAPL
2007-10-16,23.65,24.31,23.59,24.23,266957439,AAPL,AAPL
2007-10-17,24.67,24.72,24.17,24.68,281903034,AAPL,AAPL
2007-10-18,24.5,24.88,24.44,24.79,206086629,AAPL,AAPL
2007-10-19,24.89,24.95,24.29,24.35,322818377,AAPL,AAPL
2007-10-22,24.34,24.99,24.28,24.91,412374235,AAPL,AAPL
2007-10-23,26.94,26.94,26.11,26.59,448790923,AAPL,AAPL
2007-10-24,26.54,26.74,25.61,26.56,322119924,AAPL,AAPL
2007-10-25,26.41,26.56,25.95,26.11,243403965,AAPL,AAPL
2007-10-26,26.47,26.48,26.13,26.39,176662983,AAPL,AAPL
2007-10-29,26.49,26.66,26.39,26.44,135138339,AAPL,AAPL
2007-10-30,26.6,27.05,26.39,26.71,234853227,AAPL,AAPL
2007-10-31,26.8,27.16,26.42,27.14,208327616,AAPL,AAPL
2007-11-01,26.94,27.16,25.71,26.78,201258736,AAPL,AAPL
2007-11-02,27.03,27.06,26.21,26.84,250528411,AAPL,AAPL
2007-11-05,26.47,26.99,26.32,26.6,201043661,AAPL,AAPL
2007-11-06,26.72,27.43,26.47,27.4,238681324,AAPL,AAPL
2007-11-07,27.23,27.53,26.59,26.61,248581571,AAPL,AAPL
2007-11-08,26.67,26.7,23.97,25.07,472594262,AAPL,AAPL
2007-11-09,24.45,25.02,23.6,23.62,381476690,AAPL,AAPL
2007-11-12,23.61,23.96,21.52,21.97,442265768,AAPL,AAPL
2007-11-13,22.98,24.43,21.97,24.28,434861553,AAPL,AAPL
2007-11-14,25.31,25.37,23.39,23.73,362291888,AAPL,AAPL
2007-11-15,23.77,24.23,22.9,23.47,371852495,AAPL,AAPL
2007-11-16,23.61,23.86,22.76,23.77,345833131,AAPL,AAPL
2007-11-19,23.73,24.03,23.16,23.42,288607095,AAPL,AAPL
2007-11-20,23.67,24.54,23.36,24.12,385910098,AAPL,AAPL
2007-11-21,23.69,24.62,23.52,24.07,304646384,AAPL,AAPL
2007-11-23,24.57,24.58,24.25,24.51,116439001,AAPL,AAPL
2007-11-26,24.8,25.32,24.62,24.65,326438434,AAPL,AAPL
2007-11-27,25.03,25.11,24.29,24.97,329256977,AAPL,AAPL
2007-11-28,25.26,25.8,25.05,25.75,287727769,AAPL,AAPL
2007-11-29,25.63,26.45,25.59,26.33,262731406,AAPL,AAPL
2007-11-30,26.76,26.81,25.67,26.03,296904335,AAPL,AAPL
2007-12-03,25.98,26.31,25.39,25.55,240367246,AAPL,AAPL
2007-12-04,25.31,25.84,25.28,25.69,193449767,AAPL,AAPL
2007-12-05,26.13,26.57,26.06,26.5,223100311,AAPL,AAPL
2007-12-06,26.6,27.16,26.59,27.14,225117011,AAPL,AAPL
2007-12-07,27.22,27.86,26.86,27.76,266474565,AAPL,AAPL
2007-12-10,27.66,27.95,27.53,27.74,180593910,AAPL,AAPL
2007-12-11,27.82,28.12,26.77,26.93,277731083,AAPL,AAPL
2007-12-12,27.63,27.78,26.54,27.27,306414934,AAPL,AAPL
2007-12-13,27.17,27.45,26.83,27.4,216479347,AAPL,AAPL
2007-12-14,27.2,28.57,27.08,27.2,168599963,AAPL,AAPL
2007-12-17,27.25,27.52,26.14,26.34,256172938,AAPL,AAPL
2007-12-18,26.65,26.76,25.51,26.14,305650471,AAPL,AAPL
2007-12-19,26.14,26.38,25.84,26.16,206869488,AAPL,AAPL
2007-12-20,26.49,26.83,26.19,26.74,193513621,AAPL,AAPL
2007-12-21,27.16,27.7,27.13,27.7,248729138,AAPL,AAPL
2007-12-24,27.86,28.48,27.83,28.4,120066870,AAPL,AAPL
2007-12-26,28.43,28.71,28.12,28.42,175933023,AAPL,AAPL
2007-12-27,28.42,28.99,28.26,28.37,198881368,AAPL,AAPL
2007-12-28,28.66,28.79,28.13,28.55,174851775,AAPL,AAPL
2007-12-31,28.5,28.64,28.25,28.3,134770279,AAPL,AAPL
2008-01-02,28.47,28.61,27.51,27.83,269794140,AAPL,AAPL
2008-01-03,27.92,28.2,27.53,27.85,210516460,AAPL,AAPL
2008-01-04,27.35,27.57,25.56,25.72,363888854,AAPL,AAPL
2008-01-07,25.89,26.23,24.32,25.38,518047922,AAPL,AAPL
2008-01-08,25.73,26.07,24.4,24.46,380953888,AAPL,AAPL
2008-01-09,24.5,25.6,24.0,25.6,453884711,AAPL,AAPL
2008-01-10,25.37,25.86,25.06,25.43,370743450,AAPL,AAPL
2008-01-11,25.14,25.41,24.29,24.67,307982640,AAPL,AAPL
2008-01-14,25.36,25.63,25.02,25.54,275112418,AAPL,AAPL
2008-01-15,25.39,25.6,23.52,24.15,585814124,AAPL,AAPL
2008-01-16,23.62,24.14,22.39,22.81,554343923,AAPL,AAPL
2008-01-17,23.07,23.62,22.63,22.98,439973891,AAPL,AAPL
2008-01-18,23.1,23.68,22.8,23.05,430907932,AAPL,AAPL
2008-01-22,21.15,22.85,20.86,22.23,608744360,AAPL,AAPL
2008-01-23,19.46,20.0,18.02,19.87,843264044,AAPL,AAPL
2008-01-24,20.0,20.1,18.86,19.37,501466091,AAPL,AAPL
2008-01-25,19.86,19.87,18.52,18.57,388684198,AAPL,AAPL
2008-01-28,18.31,19.03,18.06,18.57,368710818,AAPL,AAPL
2008-01-29,18.74,18.97,18.44,18.79,274995602,AAPL,AAPL
2008-01-30,18.77,19.35,18.57,18.88,310762333,AAPL,AAPL
2008-01-31,18.49,19.52,18.49,19.34,336417991,AAPL,AAPL
2008-02-01,19.46,19.51,18.88,19.11,252653079,AAPL,AAPL
2008-02-04,19.17,19.41,18.77,18.81,224808367,AAPL,AAPL
2008-02-05,18.63,19.14,18.41,18.48,285260437,AAPL,AAPL
2008-02-06,18.69,18.85,17.4,17.43,393317435,AAPL,AAPL
2008-02-07,17.14,17.83,16.75,17.32,521151925,AAPL,AAPL
2008-02-08,17.44,17.96,17.37,17.93,338930627,AAPL,AAPL
2008-02-11,18.29,18.57,18.17,18.49,300357519,AAPL,AAPL
2008-02-12,18.67,18.71,17.66,17.84,306494601,AAPL,AAPL
2008-02-13,18.1,18.54,17.95,18.49,242133283,AAPL,AAPL
2008-02-14,18.49,18.69,18.14,18.21,238565096,AAPL,AAPL
2008-02-15,18.04,18.15,17.72,17.8,225288826,AAPL,AAPL
2008-02-19,18.0,18.11,17.35,17.45,251261346,AAPL,AAPL
2008-02-20,17.46,17.8,17.38,17.69,241859492,AAPL,AAPL
2008-02-21,18.01,18.07,17.27,17.36,234528546,AAPL,AAPL
2008-02-22,17.5,17.5,16.55,17.07,382301514,AAPL,AAPL
2008-02-25,16.94,17.17,16.67,17.11,314193180,AAPL,AAPL
2008-02-26,16.81,17.3,16.49,17.02,376221573,AAPL,AAPL
2008-02-27,16.89,17.58,16.87,17.57,368783891,AAPL,AAPL
2008-02-28,18.17,18.89,17.97,18.56,404562928,AAPL,AAPL
2008-02-29,18.47,18.6,17.83,17.86,313807501,AAPL,AAPL
2008-03-03,17.78,18.0,16.86,17.39,398443262,AAPL,AAPL
2008-03-04,17.43,17.84,17.2,17.8,446345774,AAPL,AAPL
2008-03-05,17.65,17.88,17.46,17.78,305458580,AAPL,AAPL
2008-03-06,17.8,18.21,17.26,17.28,368424378,AAPL,AAPL
2008-03-07,17.2,17.57,17.01,17.46,307644519,AAPL,AAPL
2008-03-10,17.43,17.64,17.05,17.1,250173329,AAPL,AAPL
2008-03-11,17.73,18.21,17.43,18.19,291355414,AAPL,AAPL
2008-03-12,18.15,18.38,17.88,18.0,264906992,AAPL,AAPL
2008-03-13,17.73,18.5,17.57,18.28,316058785,AAPL,AAPL
2008-03-14,18.55,18.61,17.74,18.09,289213883,AAPL,AAPL
2008-03-17,17.51,18.37,17.51,18.1,268149518,AAPL,AAPL
2008-03-18,18.45,19.0,18.38,18.97,301279615,AAPL,AAPL
2008-03-19,19.02,19.18,18.52,18.52,252634200,AAPL,AAPL
2008-03-20,18.73,19.04,18.45,19.04,227196550,AAPL,AAPL
2008-03-24,19.14,20.12,19.09,19.93,266836549,AAPL,AAPL
2008-03-25,19.99,20.44,19.62,20.14,263172980,AAPL,AAPL
2008-03-26,20.12,20.82,20.09,20.72,295520631,AAPL,AAPL
2008-03-27,20.71,20.76,20.0,20.04,249956917,AAPL,AAPL
2008-03-28,20.26,20.66,20.23,20.43,178829581,AAPL,AAPL
2008-03-31,20.47,20.82,20.36,20.5,192015873,AAPL,AAPL
2008-04-01,20.9,21.38,20.52,21.36,258141219,AAPL,AAPL
2008-04-02,21.25,21.6,20.84,21.07,261241498,AAPL,AAPL
2008-04-03,21.01,21.95,21.0,21.66,262941028,AAPL,AAPL
2008-04-04,21.74,22.1,21.54,21.87,213670765,AAPL,AAPL
2008-04-07,22.3,22.81,22.16,22.27,289771916,AAPL,AAPL
2008-04-08,21.94,22.35,21.76,21.83,253810382,AAPL,AAPL
2008-04-09,21.9,21.98,21.49,21.63,218477875,AAPL,AAPL
2008-04-10,21.59,22.2,21.51,22.08,239122247,AAPL,AAPL
2008-04-11,21.82,21.9,20.91,21.02,302293803,AAPL,AAPL
2008-04-14,20.97,21.32,20.65,21.11,211325772,AAPL,AAPL
2008-04-15,21.34,21.39,20.82,21.2,174509181,AAPL,AAPL
2008-04-16,21.67,22.01,21.52,21.96,198942940,AAPL,AAPL
2008-04-17,22.02,22.29,21.91,22.07,176324953,AAPL,AAPL
2008-04-18,22.73,23.18,22.63,23.01,256639551,AAPL,AAPL
2008-04-21,23.17,24.07,23.11,24.02,259788130,AAPL,AAPL
2008-04-22,23.91,24.0,22.58,22.89,359892533,AAPL,AAPL
2008-04-23,23.44,23.55,23.01,23.27,376047707,AAPL,AAPL
2008-04-24,23.62,24.28,22.74,24.13,424313911,AAPL,AAPL
2008-04-25,24.39,24.44,23.77,24.25,248117975,AAPL,AAPL
2008-04-28,24.25,24.82,24.16,24.61,196803138,AAPL,AAPL
2008-04-29,24.44,25.09,24.32,25.01,230868855,AAPL,AAPL
2008-04-30,25.17,25.71,24.7,24.85,284880596,AAPL,AAPL
2008-05-01,24.99,25.71,24.98,25.71,225894067,AAPL,AAPL
2008-05-02,25.74,25.99,25.51,25.85,251459411,AAPL,AAPL
2008-05-05,25.99,26.47,25.86,26.39,213639223,AAPL,AAPL
2008-05-06,26.38,26.73,26.03,26.67,229717355,AAPL,AAPL
2008-05-07,26.58,26.89,25.79,26.08,289283225,AAPL,AAPL
2008-05-08,26.25,26.64,26.15,26.44,224771036,AAPL,AAPL
2008-05-09,26.17,26.32,25.91,26.21,168223685,AAPL,AAPL
2008-05-12,26.46,26.98,26.12,26.88,204841490,AAPL,AAPL
2008-05-13,26.94,27.35,26.84,27.14,205808967,AAPL,AAPL
2008-05-14,27.32,27.46,26.51,26.61,229205760,AAPL,AAPL
2008-05-15,26.69,27.13,26.31,27.1,218301846,AAPL,AAPL
2008-05-16,27.16,27.19,26.71,26.8,191441859,AAPL,AAPL
2008-05-19,26.84,26.96,25.9,26.23,236574877,AAPL,AAPL
2008-05-20,25.97,26.59,25.73,26.56,242462311,AAPL,AAPL
2008-05-21,26.52,26.86,25.18,25.46,289414055,AAPL,AAPL
2008-05-22,25.61,25.9,24.57,25.29,301741433,AAPL,AAPL
2008-05-23,25.82,26.0,25.4,25.88,227001796,AAPL,AAPL
2008-05-27,26.11,26.63,25.98,26.63,197476097,AAPL,AAPL
2008-05-28,26.77,26.85,26.25,26.72,185994487,AAPL,AAPL
2008-05-29,26.68,26.89,26.5,26.67,161796593,AAPL,AAPL
2008-05-30,26.78,27.08,26.77,26.96,152490520,AAPL,AAPL
2008-06-02,26.94,27.09,26.36,26.59,169960000,AAPL,AAPL
2008-06-03,26.69,26.89,26.05,26.48,189346969,AAPL,AAPL
2008-06-04,26.29,26.73,26.18,26.46,181867896,AAPL,AAPL
2008-06-05,26.62,27.12,26.53,27.06,188860714,AAPL,AAPL
2008-06-06,26.86,27.14,26.51,26.52,241530639,AAPL,AAPL
2008-06-09,26.4,26.42,25.11,25.94,472097745,AAPL,AAPL
2008-06-10,25.79,26.68,25.57,26.52,285234915,AAPL,AAPL
2008-06-11,26.33,26.57,25.66,25.83,240387315,AAPL,AAPL
2008-06-12,25.93,26.09,24.46,24.75,327082805,AAPL,AAPL
2008-06-13,24.52,24.88,23.62,24.62,336424522,AAPL,AAPL
2008-06-16,24.47,25.41,24.15,25.26,262932376,AAPL,AAPL
2008-06-17,25.44,26.0,25.34,25.92,225038933,AAPL,AAPL
2008-06-18,25.87,26.03,25.34,25.54,202866790,AAPL,AAPL
2008-06-19,25.51,26.05,25.26,25.84,198179401,AAPL,AAPL
2008-06-20,25.62,25.86,25.0,25.04,222040469,AAPL,AAPL
2008-06-23,24.96,25.13,24.51,24.74,161504168,AAPL,AAPL
2008-06-24,24.62,25.11,24.52,24.75,155518461,AAPL,AAPL
2008-06-25,24.94,25.55,24.84,25.34,161112469,AAPL,AAPL
2008-06-26,24.87,24.98,24.0,24.04,217402080,AAPL,AAPL
2008-06-27,23.79,24.37,23.45,24.3,260556205,AAPL,AAPL
2008-06-30,24.29,24.57,23.8,23.92,171084536,AAPL,AAPL
2008-07-01,23.46,24.96,23.43,24.95,277819892,AAPL,AAPL
2008-07-02,25.03,25.35,24.03,24.03,209662096,AAPL,AAPL
2008-07-03,24.23,24.6,23.68,24.3,130859225,AAPL,AAPL
2008-07-07,24.74,25.3,24.56,25.02,205097221,AAPL,AAPL
2008-07-08,25.06,25.67,24.68,25.65,222172923,AAPL,AAPL
2008-07-09,25.74,25.84,24.88,24.89,224025123,AAPL,AAPL
2008-07-10,24.99,25.33,24.48,25.23,210171829,AAPL,AAPL
2008-07-11,25.07,25.3,24.43,24.65,232502298,AAPL,AAPL
2008-07-14,25.61,25.61,24.73,24.84,221513530,AAPL,AAPL
2008-07-15,24.64,24.82,23.77,24.23,260010464,AAPL,AAPL
2008-07-16,24.31,24.7,24.09,24.69,187015969,AAPL,AAPL
2008-07-17,24.87,25.0,24.48,24.54,189381192,AAPL,AAPL
2008-07-18,24.07,24.24,23.57,23.59,217032018,AAPL,AAPL
2008-07-21,23.84,23.93,23.02,23.76,340117365,AAPL,AAPL
2008-07-22,21.29,23.25,20.93,23.15,469898023,AAPL,AAPL
2008-07-23,23.57,24.05,23.08,23.75,265441526,AAPL,AAPL
2008-07-24,23.47,23.61,22.64,22.72,209904240,AAPL,AAPL
2008-07-25,22.91,23.29,22.66,23.16,158378304,AAPL,AAPL
2008-07-28,23.19,23.21,22.0,22.06,195238645,AAPL,AAPL
2008-07-29,22.2,22.78,21.95,22.44,171060505,AAPL,AAPL
2008-07-30,22.54,22.93,22.3,22.84,181315827,AAPL,AAPL
2008-07-31,22.51,23.17,22.43,22.71,159379675,AAPL,AAPL
2008-08-01,22.84,22.86,22.25,22.38,136204572,AAPL,AAPL
2008-08-04,22.37,22.56,21.84,21.89,148173872,AAPL,AAPL
2008-08-05,22.2,22.97,22.12,22.95,172162683,AAPL,AAPL
2008-08-06,22.85,23.91,22.57,23.46,197865206,AAPL,AAPL
2008-08-07,23.24,23.74,23.07,23.37,168124705,AAPL,AAPL
2008-08-08,23.41,24.24,23.39,24.22,178504550,AAPL,AAPL
2008-08-11,24.3,25.21,24.24,24.79,222825442,AAPL,AAPL
2008-08-12,24.79,25.61,24.79,25.25,209105162,AAPL,AAPL
2008-08-13,25.43,25.71,25.13,25.61,210705502,AAPL,AAPL
2008-08-14,25.48,25.78,25.41,25.62,177825207,AAPL,AAPL
2008-08-15,25.58,25.68,25.01,25.11,177074443,AAPL,AAPL
2008-08-18,25.08,25.4,24.83,25.06,138003124,AAPL,AAPL
2008-08-19,24.93,25.3,24.54,24.79,154050652,AAPL,AAPL
2008-08-20,24.97,25.28,24.8,25.12,126782166,AAPL,AAPL
2008-08-21,24.92,25.06,24.56,24.9,135004555,AAPL,AAPL
2008-08-22,25.12,25.36,25.08,25.26,109931311,AAPL,AAPL
2008-08-25,25.16,25.18,24.52,24.65,121124150,AAPL,AAPL
2008-08-26,24.68,24.98,24.66,24.81,111444536,AAPL,AAPL
2008-08-27,24.76,25.11,24.6,24.95,119444822,AAPL,AAPL
2008-08-28,25.04,25.18,24.68,24.82,107846046,AAPL,AAPL
2008-08-29,24.71,24.79,24.15,24.22,149831367,AAPL,AAPL
2008-09-02,24.63,24.79,23.57,23.74,195357351,AAPL,AAPL
2008-09-03,23.83,24.1,23.43,23.85,183736819,AAPL,AAPL
2008-09-04,23.69,23.99,22.97,23.03,186052874,AAPL,AAPL
2008-09-05,22.66,23.2,22.52,22.88,196720713,AAPL,AAPL
2008-09-08,23.51,23.56,21.64,22.56,261557877,AAPL,AAPL
2008-09-09,22.41,22.85,21.4,21.67,311256092,AAPL,AAPL
2008-09-10,21.76,22.14,21.26,21.66,243331158,AAPL,AAPL
2008-09-11,21.17,21.86,20.86,21.81,242783254,AAPL,AAPL
2008-09-12,21.56,21.56,20.93,21.28,198286795,AAPL,AAPL
2008-09-15,20.29,21.1,20.05,20.05,230158509,AAPL,AAPL
2008-09-16,19.12,20.36,18.88,19.98,299959044,AAPL,AAPL
2008-09-17,19.78,19.79,18.26,18.26,300113240,AAPL,AAPL
2008-09-18,18.65,19.35,17.24,19.16,419063309,AAPL,AAPL
2008-09-19,20.37,20.6,19.47,20.13,357872872,AAPL,AAPL
2008-09-22,19.99,20.04,18.67,18.72,214178174,AAPL,AAPL
2008-09-23,18.84,19.4,18.09,18.12,320790365,AAPL,AAPL
2008-09-24,18.18,18.71,17.88,18.39,261841321,AAPL,AAPL
2008-09-25,18.54,19.26,18.36,18.85,251510980,AAPL,AAPL
2008-09-26,17.84,18.54,17.57,18.32,281513519,AAPL,AAPL
2008-09-29,17.09,17.1,14.37,15.04,655513663,AAPL,AAPL
2008-09-30,15.46,16.43,15.19,16.24,406936404,AAPL,AAPL
2008-10-01,15.99,16.05,15.34,15.59,324348157,AAPL,AAPL
2008-10-02,15.43,15.54,14.29,14.3,402629654,AAPL,AAPL
2008-10-03,14.86,15.21,13.52,13.87,574900179,AAPL,AAPL
2008-10-06,13.14,14.11,12.51,14.02,526957473,AAPL,AAPL
2008-10-07,14.35,14.5,12.71,12.74,470441839,AAPL,AAPL
2008-10-08,12.27,13.76,12.24,12.83,552321070,AAPL,AAPL
2008-10-09,13.34,13.69,12.37,12.68,404547493,AAPL,AAPL
2008-10-10,12.2,14.3,12.1,13.8,555075367,AAPL,AAPL
2008-10-13,14.94,15.79,14.43,15.75,385120190,AAPL,AAPL
2008-10-14,16.61,16.63,14.73,14.87,495597172,AAPL,AAPL
2008-10-15,14.83,15.29,13.98,13.99,396043865,AAPL,AAPL
2008-10-16,14.25,14.78,13.11,14.56,495130125,AAPL,AAPL
2008-10-17,14.23,14.58,12.27,13.91,440776777,AAPL,AAPL
2008-10-20,14.25,14.29,13.38,14.06,387292038,AAPL,AAPL
2008-10-21,13.85,13.99,13.02,13.07,548414363,AAPL,AAPL
2008-10-22,13.91,14.46,13.28,13.84,562202081,AAPL,AAPL
2008-10-23,13.79,14.18,13.13,14.03,418857418,AAPL,AAPL
2008-10-24,12.9,13.99,12.87,13.77,397434996,AAPL,AAPL
2008-10-27,13.58,13.95,13.12,13.16,302347192,AAPL,AAPL
2008-10-28,13.63,14.36,13.2,14.27,408927400,AAPL,AAPL
2008-10-29,14.41,15.65,14.28,14.94,488329408,AAPL,AAPL
2008-10-30,15.46,16.03,15.37,15.86,409521910,AAPL,AAPL
2008-10-31,15.34,15.83,15.02,15.37,415042817,AAPL,AAPL
2008-11-03,15.13,15.59,14.98,15.28,264609660,AAPL,AAPL
2008-11-04,15.71,15.97,15.24,15.86,349991453,AAPL,AAPL
2008-11-05,15.56,15.67,14.71,14.76,314406141,AAPL,AAPL
2008-11-06,14.44,14.68,14.0,14.16,329909594,AAPL,AAPL
2008-11-07,14.18,14.26,13.67,14.03,273909153,AAPL,AAPL
2008-11-10,14.31,14.34,13.5,13.7,281471498,AAPL,AAPL
2008-11-11,13.54,13.88,13.18,13.54,306249097,AAPL,AAPL
2008-11-12,13.2,13.32,12.86,12.87,294732067,AAPL,AAPL
2008-11-13,12.84,13.78,12.29,13.78,463840426,AAPL,AAPL
2008-11-14,13.39,13.43,12.86,12.89,351319710,AAPL,AAPL
2008-11-17,12.64,12.94,12.47,12.59,290730979,AAPL,AAPL
2008-11-18,12.81,13.0,12.41,12.84,302588524,AAPL,AAPL
2008-11-19,12.78,13.08,12.32,12.33,293068307,AAPL,AAPL
2008-11-20,12.18,12.35,11.43,11.5,429184959,AAPL,AAPL
2008-11-21,11.7,12.02,11.31,11.8,392392448,AAPL,AAPL
2008-11-24,12.17,13.54,12.12,13.28,360673138,AAPL,AAPL
2008-11-25,13.52,13.53,12.59,12.97,308889210,AAPL,AAPL
2008-11-26,12.85,13.61,12.84,13.57,225125607,AAPL,AAPL
2008-11-28,13.53,13.54,13.12,13.24,75301359,AAPL,AAPL
2008-12-01,13.04,13.18,12.7,12.7,231040523,AAPL,AAPL
2008-12-02,12.86,13.24,12.36,13.21,287354109,AAPL,AAPL
2008-12-03,12.77,13.75,12.69,13.7,335054356,AAPL,AAPL
2008-12-04,13.49,13.6,12.72,13.06,272921397,AAPL,AAPL
2008-12-05,12.91,13.5,12.69,13.43,261100840,AAPL,AAPL
2008-12-08,13.9,14.4,13.69,14.25,296423162,AAPL,AAPL
2008-12-09,14.01,14.8,13.89,14.29,301029386,AAPL,AAPL
2008-12-10,13.98,14.21,13.79,14.03,234619959,AAPL,AAPL
2008-12-11,13.91,14.46,13.55,13.57,260820049,AAPL,AAPL
2008-12-12,13.26,14.14,13.22,14.04,260703436,AAPL,AAPL
2008-12-15,13.71,13.74,13.29,13.54,223012776,AAPL,AAPL
2008-12-16,13.43,13.78,13.25,13.63,281118306,AAPL,AAPL
2008-12-17,13.0,13.01,12.57,12.74,325029152,AAPL,AAPL
2008-12-18,12.76,12.98,12.63,12.78,214435473,AAPL,AAPL
2008-12-19,12.85,12.99,12.69,12.86,203740908,AAPL,AAPL
2008-12-22,12.86,12.86,12.1,12.25,211275512,AAPL,AAPL
2008-12-23,12.41,12.55,12.27,12.34,160419182,AAPL,AAPL
2008-12-24,12.31,12.32,12.08,12.15,67864958,AAPL,AAPL
2008-12-26,12.38,12.49,12.18,12.26,77301497,AAPL,AAPL
2008-12-29,12.36,12.52,12.15,12.37,171970575,AAPL,AAPL
2008-12-30,12.49,12.58,12.1,12.33,242057340,AAPL,AAPL
2008-12-31,12.28,12.53,12.19,12.19,152010341,AAPL,AAPL
2009-01-02,12.27,13.01,12.17,12.96,188749470,AAPL,AAPL
2009-01-05,13.31,13.74,13.24,13.51,297211453,AAPL,AAPL
2009-01-06,13.71,13.88,13.2,13.29,323043903,AAPL,AAPL
2009-01-07,13.12,13.21,12.89,13.0,189300706,AAPL,AAPL
2009-01-08,12.92,13.31,12.86,13.24,168365988,AAPL,AAPL
2009-01-09,13.32,13.34,12.88,12.94,137445749,AAPL,AAPL
2009-01-12,12.92,13.0,12.51,12.67,154530138,AAPL,AAPL
2009-01-13,12.61,12.82,12.34,12.53,199728781,AAPL,AAPL
2009-01-14,12.32,12.46,12.1,12.19,267996414,AAPL,AAPL
2009-01-15,11.51,12.02,11.44,11.91,460808390,AAPL,AAPL
2009-01-16,12.04,12.05,11.49,11.76,262120509,AAPL,AAPL
2009-01-20,11.7,11.71,11.17,11.17,230207747,AAPL,AAPL
2009-01-21,11.34,11.84,11.33,11.83,275012619,AAPL,AAPL
2009-01-22,12.58,12.86,12.26,12.62,352381827,AAPL,AAPL
2009-01-23,12.4,12.84,12.36,12.62,190942374,AAPL,AAPL
2009-01-26,12.69,13.0,12.61,12.81,174853854,AAPL,AAPL
2009-01-27,12.88,13.08,12.82,12.96,154631463,AAPL,AAPL
2009-01-28,13.16,13.57,13.07,13.46,219701881,AAPL,AAPL
2009-01-29,13.3,13.48,13.23,13.29,148300005,AAPL,AAPL
2009-01-30,13.23,13.37,12.86,12.88,162955387,AAPL,AAPL
2009-02-02,12.73,13.14,12.7,13.07,139603352,AAPL,AAPL
2009-02-03,13.13,13.34,12.9,13.28,149860816,AAPL,AAPL
2009-02-04,13.32,13.75,13.3,13.36,202103258,AAPL,AAPL
2009-02-05,13.25,13.89,13.23,13.78,187353537,AAPL,AAPL
2009-02-06,13.86,14.29,13.86,14.25,171784417,AAPL,AAPL
2009-02-09,14.29,14.71,14.21,14.64,178749928,AAPL,AAPL
2009-02-10,14.48,14.64,13.87,13.98,212329642,AAPL,AAPL
2009-02-11,13.77,14.04,13.68,13.83,168776993,AAPL,AAPL
2009-02-12,13.69,14.25,13.69,14.18,204335663,AAPL,AAPL
2009-02-13,14.14,14.28,14.02,14.17,152266590,AAPL,AAPL
2009-02-17,13.84,13.86,13.47,13.5,169558382,AAPL,AAPL
2009-02-18,13.58,13.69,13.25,13.48,171142041,AAPL,AAPL
2009-02-19,13.34,13.46,12.87,12.95,230700547,AAPL,AAPL
2009-02-20,12.8,13.2,12.7,13.0,187575094,AAPL,AAPL
2009-02-23,13.09,13.14,12.36,12.42,196743015,AAPL,AAPL
2009-02-24,12.49,12.98,12.43,12.89,201773159,AAPL,AAPL
2009-02-25,12.84,13.27,12.75,13.02,208328001,AAPL,AAPL
2009-02-26,13.14,13.27,12.71,12.74,157513937,AAPL,AAPL
2009-02-27,12.56,13.04,12.52,12.76,176686048,AAPL,AAPL
2009-03-02,12.59,13.03,12.52,12.56,192742970,AAPL,AAPL
2009-03-03,12.7,12.96,12.55,12.62,181084918,AAPL,AAPL
2009-03-04,12.88,13.25,12.78,13.02,185381623,AAPL,AAPL
2009-03-05,12.92,13.12,12.64,12.69,176723638,AAPL,AAPL
2009-03-06,12.62,12.63,11.76,12.19,252786562,AAPL,AAPL
2009-03-09,12.03,12.51,11.8,11.87,174619354,AAPL,AAPL
2009-03-10,12.12,12.74,12.05,12.66,211126251,AAPL,AAPL
2009-03-11,12.83,13.44,12.8,13.24,211696254,AAPL,AAPL
2009-03-12,13.27,13.8,13.14,13.76,192203340,AAPL,AAPL
2009-03-13,13.76,13.89,13.57,13.7,150320072,AAPL,AAPL
2009-03-16,13.79,13.91,13.45,13.63,199386740,AAPL,AAPL
2009-03-17,13.61,14.24,13.58,14.24,197005102,AAPL,AAPL
2009-03-18,14.27,14.78,14.25,14.5,199050355,AAPL,AAPL
2009-03-19,14.55,14.74,14.32,14.52,125079465,AAPL,AAPL
2009-03-20,14.58,14.73,14.37,14.51,173926123,AAPL,AAPL
2009-03-23,14.67,15.45,14.54,15.38,166641097,AAPL,AAPL
2009-03-24,15.19,15.63,15.06,15.21,160856745,AAPL,AAPL
2009-03-25,15.37,15.48,14.84,15.21,161662886,AAPL,AAPL
2009-03-26,15.4,15.71,15.37,15.7,154062776,AAPL,AAPL
2009-03-27,15.46,15.5,15.2,15.26,123260683,AAPL,AAPL
2009-03-30,14.93,15.0,14.66,14.93,125715345,AAPL,AAPL
2009-03-31,15.06,15.35,15.0,15.02,142519909,AAPL,AAPL
2009-04-01,14.87,15.57,14.84,15.53,147398566,AAPL,AAPL
2009-04-02,15.74,16.39,15.68,16.1,203091462,AAPL,AAPL
2009-04-03,16.31,16.59,16.22,16.57,159086263,AAPL,AAPL
2009-04-06,16.42,16.96,16.18,16.92,164515624,AAPL,AAPL
2009-04-07,16.65,16.67,16.31,16.43,134196468,AAPL,AAPL
2009-04-08,16.49,16.68,16.37,16.62,113907367,AAPL,AAPL
2009-04-09,16.92,17.14,16.85,17.08,132734070,AAPL,AAPL
2009-04-13,17.14,17.28,17.0,17.17,97367053,AAPL,AAPL
2009-04-14,17.08,17.17,16.75,16.9,113688925,AAPL,AAPL
2009-04-15,16.74,16.89,16.54,16.81,103256790,AAPL,AAPL
2009-04-16,17.03,17.59,16.97,17.35,148395562,AAPL,AAPL
2009-04-17,17.31,17.75,17.18,17.63,124420674,AAPL,AAPL
2009-04-20,17.39,17.57,17.02,17.21,116663519,AAPL,AAPL
2009-04-21,16.98,17.45,16.94,17.39,117671008,AAPL,AAPL
2009-04-22,17.52,17.91,17.31,17.36,234691772,AAPL,AAPL
2009-04-23,18.09,18.17,17.64,17.91,236289193,AAPL,AAPL
2009-04-24,17.81,17.88,17.57,17.7,135236661,AAPL,AAPL
2009-04-27,17.56,17.86,17.52,17.82,120203433,AAPL,AAPL
2009-04-28,17.62,18.03,17.61,17.7,113964158,AAPL,AAPL
2009-04-29,17.84,18.12,17.69,17.88,114564555,AAPL,AAPL
2009-04-30,18.03,18.14,17.85,17.98,124622078,AAPL,AAPL
2009-05-01,17.97,18.28,17.97,18.18,99397235,AAPL,AAPL
2009-05-04,18.32,18.89,18.24,18.87,152395194,AAPL,AAPL
2009-05-05,18.82,18.98,18.73,18.96,99600312,AAPL,AAPL
2009-05-06,19.05,19.07,18.6,18.93,118410516,AAPL,AAPL
2009-05-07,18.9,18.91,18.27,18.44,132973925,AAPL,AAPL
2009-05-08,18.43,18.75,18.04,18.46,117006064,AAPL,AAPL
2009-05-11,18.2,18.71,18.16,18.51,101195717,AAPL,AAPL
2009-05-12,18.51,18.53,17.61,17.77,152369805,AAPL,AAPL
2009-05-13,17.6,17.72,17.05,17.07,148992221,AAPL,AAPL
2009-05-14,17.11,17.65,17.1,17.56,111976970,AAPL,AAPL
2009-05-15,17.47,17.8,17.37,17.49,91891240,AAPL,AAPL
2009-05-18,17.68,18.1,17.37,18.09,114771356,AAPL,AAPL
2009-05-19,18.12,18.47,17.96,18.21,93105509,AAPL,AAPL
2009-05-20,18.23,18.46,17.9,17.98,97193040,AAPL,AAPL
2009-05-21,17.88,18.11,17.56,17.74,102045258,AAPL,AAPL
2009-05-22,17.72,17.74,17.39,17.5,74517205,AAPL,AAPL
2009-05-26,17.82,18.69,17.79,18.68,159231429,AAPL,AAPL
2009-05-27,18.83,19.28,18.7,19.01,161740670,AAPL,AAPL
2009-05-28,19.06,19.34,18.86,19.3,121887528,AAPL,AAPL
2009-05-29,19.34,19.41,19.12,19.4,114163602,AAPL,AAPL
2009-06-01,19.5,20.0,19.43,19.91,113166984,AAPL,AAPL
2009-06-02,19.86,20.19,19.76,19.93,114055732,AAPL,AAPL
2009-06-03,20.0,20.16,19.87,20.14,141299592,AAPL,AAPL
2009-06-04,20.02,20.6,20.01,20.53,137657989,AAPL,AAPL
2009-06-05,20.76,20.91,20.46,20.67,158178874,AAPL,AAPL
2009-06-08,20.55,20.6,19.92,20.55,232912673,AAPL,AAPL
2009-06-09,20.54,20.65,20.08,20.39,169240876,AAPL,AAPL
2009-06-10,20.33,20.34,19.76,20.04,172199727,AAPL,AAPL
2009-06-11,19.94,20.22,19.79,19.99,131205851,AAPL,AAPL
2009-06-12,19.83,19.87,19.43,19.57,140771232,AAPL,AAPL
2009-06-15,19.43,19.56,19.27,19.44,134987111,AAPL,AAPL
2009-06-16,19.52,19.78,19.44,19.48,128701237,AAPL,AAPL
2009-06-17,19.52,19.64,19.22,19.37,142853172,AAPL,AAPL
2009-06-18,19.44,19.71,19.37,19.41,106920023,AAPL,AAPL
2009-06-19,19.72,19.93,19.56,19.93,180463626,AAPL,AAPL
2009-06-22,20.1,20.22,19.48,19.62,158728087,AAPL,AAPL
2009-06-23,19.49,19.56,18.98,19.14,176632470,AAPL,AAPL
2009-06-24,19.35,19.64,19.27,19.46,121381183,AAPL,AAPL
2009-06-25,19.39,20.03,19.32,19.98,147422191,AAPL,AAPL
2009-06-26,19.97,20.51,19.96,20.35,109867982,AAPL,AAPL
2009-06-29,20.49,20.56,20.22,20.28,141915494,AAPL,AAPL
2009-06-30,20.37,20.54,20.26,20.35,108562440,AAPL,AAPL
2009-07-01,20.5,20.67,20.36,20.4,103568150,AAPL,AAPL
2009-07-02,20.18,20.4,19.97,20.0,92653848,AAPL,AAPL
2009-07-06,19.81,19.86,19.46,19.8,124671533,AAPL,AAPL
2009-07-07,19.78,19.95,19.31,19.34,115445092,AAPL,AAPL
2009-07-08,19.42,19.72,19.2,19.6,143982048,AAPL,AAPL
2009-07-09,19.68,19.71,19.42,19.48,85786435,AAPL,AAPL
2009-07-10,19.48,19.85,19.47,19.79,111318256,AAPL,AAPL
2009-07-13,19.93,20.33,19.65,20.33,120943494,AAPL,AAPL
2009-07-14,20.29,20.45,20.17,20.32,86875418,AAPL,AAPL
2009-07-15,20.72,21.0,20.62,20.98,121396114,AAPL,AAPL
2009-07-16,20.82,21.15,20.8,21.07,98392161,AAPL,AAPL
2009-07-17,21.3,21.72,21.23,21.68,150538451,AAPL,AAPL
2009-07-20,21.9,22.15,21.56,21.84,183881187,AAPL,AAPL
2009-07-21,21.9,21.92,21.39,21.64,218695309,AAPL,AAPL
2009-07-22,22.54,22.68,22.3,22.39,218525832,AAPL,AAPL
2009-07-23,22.38,22.63,22.22,22.55,131740378,AAPL,AAPL
2009-07-24,22.42,22.86,22.36,22.86,109589914,AAPL,AAPL
2009-07-27,22.88,22.98,22.47,22.87,108327807,AAPL,AAPL
2009-07-28,22.7,22.87,22.51,22.86,90888133,AAPL,AAPL
2009-07-29,22.7,22.92,22.61,22.86,95607050,AAPL,AAPL
2009-07-30,23.1,23.53,23.07,23.26,117400808,AAPL,AAPL
2009-07-31,23.28,23.57,23.27,23.34,105672952,AAPL,AAPL
2009-08-03,23.6,23.81,23.55,23.78,98559874,AAPL,AAPL
2009-08-04,23.56,23.65,23.46,23.65,98952371,AAPL,AAPL
2009-08-05,23.68,23.91,23.46,23.59,105795333,AAPL,AAPL
2009-08-06,23.65,23.79,23.3,23.42,85443631,AAPL,AAPL
2009-08-07,23.64,23.8,23.54,23.64,96870928,AAPL,AAPL
2009-08-10,23.67,23.8,23.38,23.53,75108789,AAPL,AAPL
2009-08-11,23.38,23.48,23.13,23.26,88872154,AAPL,AAPL
2009-08-12,23.22,23.82,23.21,23.62,111267639,AAPL,AAPL
2009-08-13,23.81,24.1,23.79,24.06,110040595,AAPL,AAPL
2009-08-14,23.99,24.03,23.65,23.83,76512275,AAPL,AAPL
2009-08-17,23.36,23.37,22.77,22.8,131095251,AAPL,AAPL
2009-08-18,23.09,23.46,23.06,23.43,107787547,AAPL,AAPL
2009-08-19,23.25,23.61,23.21,23.51,103317865,AAPL,AAPL
2009-08-20,23.57,23.82,23.52,23.76,85549730,AAPL,AAPL
2009-08-21,23.95,24.2,23.83,24.17,104018292,AAPL,AAPL
2009-08-24,24.3,24.39,24.04,24.15,101732176,AAPL,AAPL
2009-08-25,24.21,24.42,24.16,24.2,81088343,AAPL,AAPL
2009-08-26,24.13,24.22,23.82,23.92,75999469,AAPL,AAPL
2009-08-27,24.11,24.22,23.55,24.21,112294826,AAPL,AAPL
2009-08-28,24.61,24.64,24.08,24.29,113464428,AAPL,AAPL
2009-08-31,24.02,24.12,23.79,24.03,77885087,AAPL,AAPL
2009-09-01,24.0,24.29,23.56,23.61,117256335,AAPL,AAPL
2009-09-02,23.52,23.94,23.44,23.6,91100107,AAPL,AAPL
2009-09-03,23.78,23.87,23.57,23.79,73525711,AAPL,AAPL
2009-09-04,23.9,24.39,23.87,24.33,93656654,AAPL,AAPL
2009-09-08,24.71,24.73,24.57,24.7,78761627,AAPL,AAPL
2009-09-09,24.68,24.92,24.24,24.45,202822886,AAPL,AAPL
2009-09-10,24.58,24.75,24.4,24.65,122783346,AAPL,AAPL
2009-09-11,24.7,24.74,24.41,24.59,87240188,AAPL,AAPL
2009-09-14,24.4,24.84,24.32,24.82,80502611,AAPL,AAPL
2009-09-15,24.86,25.09,24.8,25.02,106617553,AAPL,AAPL
2009-09-16,25.43,26.11,25.41,25.98,188505499,AAPL,AAPL
2009-09-17,26.0,26.68,26.0,26.36,202642664,AAPL,AAPL
2009-09-18,26.55,26.65,26.39,26.43,150436860,AAPL,AAPL
2009-09-21,26.33,26.45,25.95,26.29,109428907,AAPL,AAPL
2009-09-22,26.46,26.48,26.12,26.35,89240991,AAPL,AAPL
2009-09-23,26.49,26.99,26.43,26.5,148509963,AAPL,AAPL
2009-09-24,26.74,26.81,26.11,26.26,137719491,AAPL,AAPL
2009-09-25,26.0,26.5,25.92,26.05,111371862,AAPL,AAPL
2009-09-28,26.27,26.67,26.19,26.59,84411999,AAPL,AAPL
2009-09-29,26.68,26.77,26.33,26.48,86346379,AAPL,AAPL
2009-09-30,26.59,26.64,26.09,26.48,134895635,AAPL,AAPL
2009-10-01,26.48,26.6,25.81,25.84,131177739,AAPL,AAPL
2009-10-02,25.92,26.56,25.91,26.41,138358668,AAPL,AAPL
2009-10-05,26.6,26.69,26.32,26.57,105783062,AAPL,AAPL
2009-10-06,26.82,27.14,26.76,27.14,151270875,AAPL,AAPL
2009-10-07,27.11,27.22,27.0,27.18,116416909,AAPL,AAPL
2009-10-08,27.24,27.35,26.98,27.04,109552296,AAPL,AAPL
2009-10-09,27.0,27.24,26.95,27.21,73348345,AAPL,AAPL
2009-10-12,27.29,27.36,27.09,27.26,72037756,AAPL,AAPL
2009-10-13,27.23,27.31,27.1,27.15,87004582,AAPL,AAPL
2009-10-14,27.46,27.47,27.18,27.33,93942639,AAPL,AAPL
2009-10-15,27.09,27.27,27.08,27.22,93388722,AAPL,AAPL
2009-10-16,27.05,27.19,26.83,26.86,107856189,AAPL,AAPL
2009-10-19,26.84,27.14,26.51,27.12,235557336,AAPL,AAPL
2009-10-20,28.66,28.82,28.26,28.39,285259814,AAPL,AAPL
2009-10-21,28.5,29.82,28.46,29.27,298431525,AAPL,AAPL
2009-10-22,29.24,29.69,28.93,29.31,197847825,AAPL,AAPL
2009-10-23,29.39,29.4,29.03,29.13,105196434,AAPL,AAPL
2009-10-26,29.1,29.54,28.59,28.93,121084383,AAPL,AAPL
2009-10-27,28.81,28.97,28.06,28.2,189137473,AAPL,AAPL
2009-10-28,28.24,28.29,27.3,27.49,204596217,AAPL,AAPL
2009-10-29,27.86,28.12,27.45,28.05,142602061,AAPL,AAPL
2009-10-30,28.01,28.11,26.58,26.93,179380894,AAPL,AAPL
2009-11-02,27.11,27.55,26.51,27.04,169897231,AAPL,AAPL
2009-11-03,26.84,27.07,26.56,26.96,130635414,AAPL,AAPL
2009-11-04,27.25,27.69,27.18,27.26,121935499,AAPL,AAPL
2009-11-05,27.49,27.86,27.4,27.72,96230799,AAPL,AAPL
2009-11-06,27.5,27.88,27.49,27.76,73807363,AAPL,AAPL
2009-11-09,28.13,28.84,28.04,28.78,132213683,AAPL,AAPL
2009-11-10,28.72,29.28,28.72,29.0,100298380,AAPL,AAPL
2009-11-11,29.22,29.29,28.83,29.04,111019510,AAPL,AAPL
2009-11-12,29.02,29.27,28.78,28.86,90978853,AAPL,AAPL
2009-11-13,28.98,29.26,28.87,29.21,85832761,AAPL,AAPL
2009-11-16,29.35,29.71,29.29,29.52,121301019,AAPL,AAPL
2009-11-17,29.44,29.63,29.29,29.57,99128064,AAPL,AAPL
2009-11-18,29.51,29.57,29.14,29.42,93579864,AAPL,AAPL
2009-11-19,29.23,29.23,28.54,28.64,135581523,AAPL,AAPL
2009-11-20,28.45,28.63,28.25,28.56,101722565,AAPL,AAPL
2009-11-23,29.0,29.43,28.99,29.41,118793731,AAPL,AAPL
2009-11-24,29.33,29.41,28.99,29.21,79609194,AAPL,AAPL
2009-11-25,29.34,29.38,29.11,29.17,71662311,AAPL,AAPL
2009-11-27,28.46,28.99,28.34,28.66,73814244,AAPL,AAPL
2009-11-30,28.73,28.81,28.4,28.56,106213926,AAPL,AAPL
2009-12-01,28.89,28.97,28.12,28.14,116440583,AAPL,AAPL
2009-12-02,28.42,28.77,27.96,28.03,178814706,AAPL,AAPL
2009-12-03,28.2,28.43,28.04,28.07,112179578,AAPL,AAPL
2009-12-04,28.53,28.55,27.18,27.62,206776668,AAPL,AAPL
2009-12-07,27.62,27.68,26.95,26.99,178689658,AAPL,AAPL
2009-12-08,27.05,27.48,26.96,27.12,172599280,AAPL,AAPL
2009-12-09,27.33,28.31,27.19,28.26,171195185,AAPL,AAPL
2009-12-10,28.5,28.53,28.02,28.06,122417155,AAPL,AAPL
2009-12-11,28.25,28.29,27.63,27.81,107443378,AAPL,AAPL
2009-12-14,27.91,28.2,27.51,28.14,123947124,AAPL,AAPL
2009-12-15,27.98,28.22,27.61,27.74,104928453,AAPL,AAPL
2009-12-16,27.87,28.07,27.79,27.86,88279674,AAPL,AAPL
2009-12-17,27.75,27.86,27.29,27.41,97209056,AAPL,AAPL
2009-12-18,27.6,27.93,27.51,27.92,152192516,AAPL,AAPL
2009-12-21,28.01,28.54,27.95,28.32,153093108,AAPL,AAPL
2006-01-03,47.47,47.85,46.25,47.58,7582127,AMZN,AMZN
2006-01-04,47.48,47.73,46.69,47.25,7440914,AMZN,AMZN
2006-01-05,47.16,48.2,47.11,47.65,5417258,AMZN,AMZN
2006-01-06,47.97,48.58,47.32,47.87,6154285,AMZN,AMZN
2006-01-09,46.55,47.1,46.4,47.08,8945056,AMZN,AMZN
2006-01-10,46.41,46.75,45.36,45.65,9686957,AMZN,AMZN
2006-01-11,45.65,45.7,44.26,44.93,8497383,AMZN,AMZN
2006-01-12,44.79,45.09,44.09,44.36,5818301,AMZN,AMZN
2006-01-13,44.48,44.85,44.0,44.4,4432237,AMZN,AMZN
2006-01-17,43.95,44.32,43.66,44.0,5635225,AMZN,AMZN
2006-01-18,43.19,44.59,43.1,44.32,8744464,AMZN,AMZN
2006-01-19,44.5,45.24,44.3,44.45,5156990,AMZN,AMZN
2006-01-20,44.23,44.36,43.2,43.92,8344332,AMZN,AMZN
2006-01-23,44.18,44.75,43.5,43.73,5752811,AMZN,AMZN
2006-01-24,43.66,44.43,43.42,44.02,4342401,AMZN,AMZN
2006-01-25,44.05,44.47,43.34,43.6,4287595,AMZN,AMZN
2006-01-26,43.95,44.78,43.79,44.68,4890969,AMZN,AMZN
2006-01-27,44.55,45.22,44.53,45.22,4174089,AMZN,AMZN
2006-01-30,45.41,45.97,44.74,44.96,4099826,AMZN,AMZN
2006-01-31,44.76,45.21,44.25,44.82,4056024,AMZN,AMZN
2006-02-01,43.92,44.69,43.5,43.98,7501585,AMZN,AMZN
2006-02-02,43.84,44.04,39.8,42.74,23739052,AMZN,AMZN
2006-02-03,37.7,38.5,37.37,38.33,33532893,AMZN,AMZN
2006-02-06,38.34,38.34,37.77,37.95,8503296,AMZN,AMZN
2006-02-07,38.08,38.2,37.2,37.52,7404668,AMZN,AMZN
2006-02-08,37.7,38.39,37.11,38.17,7544646,AMZN,AMZN
2006-02-09,38.61,39.0,37.93,37.99,6932766,AMZN,AMZN
2006-02-10,37.98,38.52,37.37,38.52,5011791,AMZN,AMZN
2006-02-13,38.25,38.42,37.53,37.86,4750381,AMZN,AMZN
2006-02-14,38.04,38.49,37.38,38.25,4514262,AMZN,AMZN
2006-02-15,38.24,39.28,38.1,39.26,6902712,AMZN,AMZN
2006-02-16,39.37,40.0,38.83,39.15,5685345,AMZN,AMZN
2006-02-17,38.93,39.38,38.91,39.19,4581764,AMZN,AMZN
2006-02-21,39.01,39.11,38.26,38.29,5056134,AMZN,AMZN
2006-02-22,38.31,39.1,37.71,38.72,7357544,AMZN,AMZN
2006-02-23,38.62,38.75,37.87,37.9,9287561,AMZN,AMZN
2006-02-24,38.25,38.41,37.86,38.35,3720719,AMZN,AMZN
2006-02-27,38.4,38.78,37.93,38.01,4449169,AMZN,AMZN
2006-02-28,37.79,38.09,37.05,37.44,9151537,AMZN,AMZN
2006-03-01,37.45,37.69,36.85,37.12,6982125,AMZN,AMZN
2006-03-02,35.64,37.0,35.37,36.88,11584724,AMZN,AMZN
2006-03-03,36.89,37.83,36.67,37.21,6044967,AMZN,AMZN
2006-03-06,37.32,37.58,36.77,36.86,4258307,AMZN,AMZN
2006-03-07,36.71,37.42,36.7,36.93,4722841,AMZN,AMZN
2006-03-08,36.72,37.47,36.61,36.81,6237141,AMZN,AMZN
2006-03-09,36.8,36.96,35.9,36.12,7200162,AMZN,AMZN
2006-03-10,36.24,36.5,35.74,36.22,4973080,AMZN,AMZN
2006-03-13,36.31,36.63,35.97,36.19,3278041,AMZN,AMZN
2006-03-14,36.04,37.0,36.01,36.91,4185116,AMZN,AMZN
2006-03-15,36.95,37.0,36.43,36.89,2801857,AMZN,AMZN
2006-03-16,37.08,37.39,36.74,36.77,4822824,AMZN,AMZN
2006-03-17,36.88,36.98,35.85,35.99,6887708,AMZN,AMZN
2006-03-20,35.92,37.27,35.8,36.23,6170820,AMZN,AMZN
2006-03-21,36.33,36.73,35.66,35.92,6671525,AMZN,AMZN
2006-03-22,36.0,36.54,35.79,36.0,4301878,AMZN,AMZN
2006-03-23,35.96,36.34,35.48,35.68,4044958,AMZN,AMZN
2006-03-24,35.72,36.12,35.31,35.47,3682196,AMZN,AMZN
2006-03-27,35.5,35.66,35.14,35.25,3709692,AMZN,AMZN
2006-03-28,35.21,36.02,35.2,35.69,5727286,AMZN,AMZN
2006-03-29,35.69,36.81,35.31,36.32,7199118,AMZN,AMZN
2006-03-30,36.45,36.9,36.18,36.67,4049201,AMZN,AMZN
2006-03-31,36.68,36.77,36.48,36.53,2658059,AMZN,AMZN
2006-04-03,36.67,37.33,36.1,36.14,5053955,AMZN,AMZN
2006-04-04,36.14,37.1,36.02,36.77,3717817,AMZN,AMZN
2006-04-05,36.66,37.34,36.27,37.34,5560520,AMZN,AMZN
2006-04-06,37.2,38.84,37.13,38.51,9294509,AMZN,AMZN
2006-04-07,38.55,38.67,37.0,37.09,5720387,AMZN,AMZN
2006-04-10,37.16,37.28,36.22,36.61,4748570,AMZN,AMZN
2006-04-11,36.61,36.75,35.52,36.06,6605605,AMZN,AMZN
2006-04-12,35.91,36.44,35.91,36.13,2855821,AMZN,AMZN
2006-04-13,35.95,36.72,35.49,36.62,3715110,AMZN,AMZN
2006-04-17,36.47,36.62,35.05,35.27,4442242,AMZN,AMZN
2006-04-18,35.39,36.45,35.2,36.28,4595703,AMZN,AMZN
2006-04-19,36.12,36.96,35.89,36.89,4281987,AMZN,AMZN
2006-04-20,36.7,37.2,36.23,36.34,5387529,AMZN,AMZN
2006-04-21,36.62,36.78,35.72,36.03,4423517,AMZN,AMZN
2006-04-24,36.12,36.12,35.32,35.79,3088138,AMZN,AMZN
2006-04-25,35.59,35.77,35.01,35.55,12818222,AMZN,AMZN
2006-04-26,35.34,36.35,35.15,35.79,11072021,AMZN,AMZN
2006-04-27,35.5,35.87,35.3,35.74,5935143,AMZN,AMZN
2006-04-28,35.77,35.89,35.14,35.21,3493328,AMZN,AMZN
2006-05-01,35.19,35.57,34.44,34.59,7073876,AMZN,AMZN
2006-05-02,34.64,34.94,34.23,34.38,5857603,AMZN,AMZN
2006-05-03,34.29,34.39,33.51,33.96,7586980,AMZN,AMZN
2006-05-04,34.62,34.72,34.38,34.47,5997905,AMZN,AMZN
2006-05-05,34.64,35.04,34.15,35.04,5741843,AMZN,AMZN
2006-05-08,34.99,35.31,34.47,34.69,4237741,AMZN,AMZN
2006-05-09,34.42,35.26,34.21,34.84,5485645,AMZN,AMZN
2006-05-10,34.68,35.0,34.1,34.16,3301663,AMZN,AMZN
2006-05-11,34.12,34.15,33.08,33.53,7695946,AMZN,AMZN
2006-05-12,33.56,33.78,32.55,32.73,4875410,AMZN,AMZN
2006-05-15,32.55,32.85,32.21,32.78,4310774,AMZN,AMZN
2006-05-16,32.84,33.02,32.32,32.76,3883938,AMZN,AMZN
2006-05-17,32.45,32.7,31.53,31.61,6831048,AMZN,AMZN
2006-05-18,31.71,33.64,31.52,32.61,12027138,AMZN,AMZN
2006-05-19,32.66,34.0,32.03,33.94,9818199,AMZN,AMZN
2006-05-22,33.96,34.99,33.18,34.83,11125574,AMZN,AMZN
2006-05-23,35.0,36.0,33.76,33.76,8824837,AMZN,AMZN
2006-05-24,33.41,35.23,33.37,35.19,9543080,AMZN,AMZN
2006-05-25,35.36,35.69,34.6,35.63,5845651,AMZN,AMZN
2006-05-26,35.66,36.5,35.46,36.07,4524371,AMZN,AMZN
2006-05-30,35.73,35.75,34.44,34.64,5920714,AMZN,AMZN
2006-05-31,34.74,34.94,33.73,34.61,5196652,AMZN,AMZN
2006-06-01,34.62,35.45,34.3,35.07,5932199,AMZN,AMZN
2006-06-02,34.68,35.22,34.05,34.76,5443181,AMZN,AMZN
2006-06-05,34.46,34.54,33.27,33.49,5049455,AMZN,AMZN
2006-06-06,33.58,33.8,32.93,33.41,4276635,AMZN,AMZN
2006-06-07,33.4,34.54,32.91,33.77,5304990,AMZN,AMZN
2006-06-08,33.55,34.06,32.42,33.55,8311012,AMZN,AMZN
2006-06-09,33.5,34.35,33.45,33.78,5232819,AMZN,AMZN
2006-06-12,34.0,34.45,33.49,33.6,4196651,AMZN,AMZN
2006-06-13,33.49,34.17,33.14,33.47,5403036,AMZN,AMZN
2006-06-14,33.5,33.99,33.08,33.68,4869169,AMZN,AMZN
2006-06-15,33.84,35.17,33.67,34.96,6206578,AMZN,AMZN
2006-06-16,34.88,35.26,34.7,35.09,5135807,AMZN,AMZN
2006-06-19,35.2,35.48,35.04,35.07,4211672,AMZN,AMZN
2006-06-20,35.01,35.65,34.88,35.48,4465573,AMZN,AMZN
2006-06-21,35.34,37.05,35.34,36.65,7871031,AMZN,AMZN
2006-06-22,36.55,36.85,36.11,36.37,4750201,AMZN,AMZN
2006-06-23,36.46,36.65,36.02,36.55,3923367,AMZN,AMZN
2006-06-26,36.55,37.17,36.43,36.77,3605748,AMZN,AMZN
2006-06-27,36.72,37.5,36.17,36.48,5640976,AMZN,AMZN
2006-06-28,36.7,37.11,36.48,36.7,3753209,AMZN,AMZN
2006-06-29,36.82,38.57,36.7,38.52,6372610,AMZN,AMZN
2006-06-30,38.58,38.84,37.83,38.68,5197000,AMZN,AMZN
2006-07-03,38.52,38.62,38.23,38.61,1436347,AMZN,AMZN
2006-07-05,38.28,38.43,36.78,37.11,5735161,AMZN,AMZN
2006-07-06,37.07,37.74,36.52,36.8,4372714,AMZN,AMZN
2006-07-07,36.71,37.28,35.75,36.11,5004119,AMZN,AMZN
2006-07-10,36.3,36.7,35.4,35.79,3876738,AMZN,AMZN
2006-07-11,35.74,35.92,35.01,35.66,6089673,AMZN,AMZN
2006-07-12,35.6,35.9,34.57,34.63,4894660,AMZN,AMZN
2006-07-13,34.33,34.63,33.71,33.73,6455417,AMZN,AMZN
2006-07-14,33.51,33.73,32.8,32.92,8094789,AMZN,AMZN
2006-07-17,32.79,33.93,32.79,33.67,7233541,AMZN,AMZN
2006-07-18,33.65,34.29,32.96,33.49,5219272,AMZN,AMZN
2006-07-19,33.5,34.77,33.39,34.48,8866617,AMZN,AMZN
2006-07-20,34.39,34.81,33.83,34.18,5836931,AMZN,AMZN
2006-07-21,33.85,33.97,32.92,33.19,7136581,AMZN,AMZN
2006-07-24,33.35,34.68,33.34,34.31,7386482,AMZN,AMZN
2006-07-25,34.0,34.16,33.39,33.59,17997789,AMZN,AMZN
2006-07-26,28.76,29.0,25.96,26.26,76989454,AMZN,AMZN
2006-07-27,26.45,26.8,26.0,26.56,26393831,AMZN,AMZN
2006-07-28,26.8,27.18,26.57,27.17,12422847,AMZN,AMZN
2006-07-31,27.02,27.29,26.74,26.89,8076258,AMZN,AMZN
2006-08-01,26.55,26.64,25.84,26.32,13562592,AMZN,AMZN
2006-08-02,26.15,26.3,25.89,26.09,7813074,AMZN,AMZN
2006-08-03,26.09,26.9,25.9,26.69,6943928,AMZN,AMZN
2006-08-04,26.94,27.59,26.8,27.29,10252675,AMZN,AMZN
2006-08-07,27.19,27.29,26.59,26.78,5476963,AMZN,AMZN
2006-08-08,26.8,27.02,26.19,26.36,7266790,AMZN,AMZN
2006-08-09,26.54,26.7,26.0,26.21,6911202,AMZN,AMZN
2006-08-10,26.2,26.52,25.88,26.49,6405609,AMZN,AMZN
2006-08-11,26.43,26.43,25.76,26.07,5115908,AMZN,AMZN
2006-08-14,26.22,27.06,26.18,26.53,5128017,AMZN,AMZN
2006-08-15,26.97,27.86,26.62,27.77,8201687,AMZN,AMZN
2006-08-16,27.97,28.14,27.52,27.95,7636692,AMZN,AMZN
2006-08-17,27.96,29.75,27.83,29.09,9577536,AMZN,AMZN
2006-08-18,29.09,29.23,28.22,29.12,5998658,AMZN,AMZN
2006-08-21,28.7,28.98,27.97,28.13,5335129,AMZN,AMZN
2006-08-22,28.14,28.89,28.05,28.37,4587382,AMZN,AMZN
2006-08-23,28.56,28.89,27.77,28.14,4727021,AMZN,AMZN
2006-08-24,28.24,28.25,27.54,27.97,4517284,AMZN,AMZN
2006-08-25,27.79,28.23,27.62,28.03,3542541,AMZN,AMZN
2006-08-28,28.4,29.0,28.27,28.91,6067435,AMZN,AMZN
2006-08-29,28.97,29.72,28.75,29.52,7398633,AMZN,AMZN
2006-08-30,29.57,30.85,29.48,30.67,11306220,AMZN,AMZN
2006-08-31,30.75,30.99,30.47,30.83,5966833,AMZN,AMZN
2006-09-01,30.85,31.8,30.85,31.76,6563739,AMZN,AMZN
2006-09-05,31.61,32.3,31.24,32.23,7468441,AMZN,AMZN
2006-09-06,31.76,31.98,30.65,30.8,9115301,AMZN,AMZN
2006-09-07,30.57,30.64,29.68,29.73,8903002,AMZN,AMZN
2006-09-08,30.19,30.66,29.94,30.51,5227146,AMZN,AMZN
2006-09-11,30.23,31.13,29.72,30.79,7403880,AMZN,AMZN
2006-09-12,30.87,31.94,30.53,31.72,6533399,AMZN,AMZN
2006-09-13,31.73,31.96,31.37,31.67,4373204,AMZN,AMZN
2006-09-14,31.54,31.87,31.18,31.65,3705760,AMZN,AMZN
2006-09-15,31.9,32.74,31.58,32.52,10309521,AMZN,AMZN
2006-09-18,32.44,32.67,31.88,32.08,5123102,AMZN,AMZN
2006-09-19,32.24,32.3,30.82,31.58,8572558,AMZN,AMZN
2006-09-20,31.81,32.81,31.8,32.12,8548900,AMZN,AMZN
2006-09-21,32.24,32.56,30.07,30.22,15555067,AMZN,AMZN
2006-09-22,30.22,30.95,29.9,30.84,7249225,AMZN,AMZN
2006-09-25,31.05,31.97,30.74,31.79,6623616,AMZN,AMZN
2006-09-26,31.89,32.59,31.8,32.5,6602109,AMZN,AMZN
2006-09-27,32.28,32.46,31.93,32.33,5479812,AMZN,AMZN
2006-09-28,32.27,32.33,31.22,31.84,7499585,AMZN,AMZN
2006-09-29,32.01,32.34,31.54,32.12,5227352,AMZN,AMZN
2006-10-02,31.98,32.03,30.83,30.87,6817083,AMZN,AMZN
2006-10-03,30.9,32.0,30.58,31.7,8034079,AMZN,AMZN
2006-10-04,31.75,32.83,31.3,32.76,7066222,AMZN,AMZN
2006-10-05,32.68,33.4,32.4,33.32,8458629,AMZN,AMZN
2006-10-06,33.15,33.22,32.5,32.59,4219177,AMZN,AMZN
2006-10-09,32.49,33.48,32.45,33.38,5289313,AMZN,AMZN
2006-10-10,33.27,33.58,32.49,32.62,6346487,AMZN,AMZN
2006-10-11,32.61,33.15,32.27,32.91,6730040,AMZN,AMZN
2006-10-12,33.1,33.71,32.63,33.55,5991778,AMZN,AMZN
2006-10-13,33.35,33.58,33.08,33.32,4068324,AMZN,AMZN
2006-10-16,32.85,33.2,32.55,32.6,6770064,AMZN,AMZN
2006-10-17,32.2,32.61,31.75,32.47,6635707,AMZN,AMZN
2006-10-18,32.57,32.78,32.0,32.31,5349351,AMZN,AMZN
2006-10-19,32.17,32.84,32.1,32.54,4049219,AMZN,AMZN
2006-10-20,32.69,32.69,32.21,32.57,5839387,AMZN,AMZN
2006-10-23,32.47,32.91,32.14,32.88,8059332,AMZN,AMZN
2006-10-24,32.87,38.0,32.86,33.63,23433147,AMZN,AMZN
2006-10-25,37.3,37.98,36.04,37.68,46687033,AMZN,AMZN
2006-10-26,37.25,38.49,37.18,38.3,17085937,AMZN,AMZN
2006-10-27,38.15,38.38,37.66,38.24,9953364,AMZN,AMZN
2006-10-30,38.05,38.34,37.68,38.15,6882817,AMZN,AMZN
2006-10-31,38.22,38.59,37.8,38.09,6216172,AMZN,AMZN
2006-11-01,38.12,38.2,37.46,37.56,7066215,AMZN,AMZN
2006-11-02,37.33,37.77,37.11,37.45,5447319,AMZN,AMZN
2006-11-03,37.61,37.71,36.87,37.46,5124276,AMZN,AMZN
2006-11-06,37.64,38.35,37.53,38.21,4550217,AMZN,AMZN
2006-11-07,38.2,39.0,38.04,38.77,7747525,AMZN,AMZN
2006-11-08,38.58,39.48,38.46,39.47,8168793,AMZN,AMZN
2006-11-09,39.5,39.77,38.81,38.84,5810388,AMZN,AMZN
2006-11-10,38.79,39.36,38.76,39.26,4511140,AMZN,AMZN
2006-11-13,39.23,40.0,39.13,39.99,6948508,AMZN,AMZN
2006-11-14,40.11,41.67,39.62,41.51,10953592,AMZN,AMZN
2006-11-15,41.5,43.1,41.5,42.6,13559897,AMZN,AMZN
2006-11-16,42.44,42.95,42.4,42.84,10686985,AMZN,AMZN
2006-11-17,42.55,42.67,42.22,42.55,6539118,AMZN,AMZN
2006-11-20,42.35,42.55,41.94,42.44,5796486,AMZN,AMZN
2006-11-21,42.55,43.25,42.12,42.54,6984509,AMZN,AMZN
2006-11-22,42.5,42.98,42.18,42.96,4535758,AMZN,AMZN
2006-11-24,42.56,42.94,42.31,42.41,2244326,AMZN,AMZN
2006-11-27,42.18,42.8,40.72,40.85,8974367,AMZN,AMZN
2006-11-28,40.75,41.07,40.3,40.92,7106025,AMZN,AMZN
2006-11-29,40.48,41.1,40.0,40.63,7854837,AMZN,AMZN
2006-11-30,40.42,40.64,39.85,40.34,6346303,AMZN,AMZN
2006-12-01,40.26,40.54,39.09,39.41,8307165,AMZN,AMZN
2006-12-04,39.31,39.48,38.87,39.1,9724662,AMZN,AMZN
2006-12-05,39.13,39.3,38.72,38.98,5738721,AMZN,AMZN
2006-12-06,38.77,39.58,38.64,38.9,5779600,AMZN,AMZN
2006-12-07,38.93,39.09,38.05,38.12,6621942,AMZN,AMZN
2006-12-08,37.92,38.95,37.7,38.46,5143825,AMZN,AMZN
2006-12-11,38.22,39.15,38.08,38.69,4850399,AMZN,AMZN
2006-12-12,38.44,38.94,38.15,38.46,5112139,AMZN,AMZN
2006-12-13,38.61,39.19,38.19,38.5,4678110,AMZN,AMZN
2006-12-14,38.74,39.54,38.6,39.02,6303698,AMZN,AMZN
2006-12-15,39.38,40.19,39.23,40.01,8197261,AMZN,AMZN
2006-12-18,40.2,40.64,38.86,39.26,6487426,AMZN,AMZN
2006-12-19,38.78,39.72,38.23,39.42,7519984,AMZN,AMZN
2006-12-20,39.43,40.3,39.39,40.01,7884769,AMZN,AMZN
2006-12-21,39.87,40.34,39.65,39.89,6550244,AMZN,AMZN
2006-12-22,39.98,40.51,39.91,40.24,5585189,AMZN,AMZN
2006-12-26,40.13,40.13,39.42,39.8,4473707,AMZN,AMZN
2006-12-27,39.86,40.47,39.8,40.29,3538526,AMZN,AMZN
2006-12-28,40.38,40.63,39.92,40.21,4622714,AMZN,AMZN
2006-12-29,40.06,40.25,39.35,39.46,4198876,AMZN,AMZN
2007-01-03,38.68,39.06,38.05,38.7,12441282,AMZN,AMZN
2007-01-04,38.59,39.14,38.26,38.9,6328615,AMZN,AMZN
2007-01-05,38.72,38.79,37.6,38.37,6623820,AMZN,AMZN
2007-01-08,38.22,38.31,37.17,37.5,6784631,AMZN,AMZN
2007-01-09,37.6,38.06,37.34,37.78,5703051,AMZN,AMZN
2007-01-10,37.49,37.7,37.07,37.15,6531890,AMZN,AMZN
2007-01-11,37.17,38.0,37.17,37.4,6466519,AMZN,AMZN
2007-01-12,37.36,38.21,37.27,38.2,4466584,AMZN,AMZN
2007-01-16,38.4,38.89,37.97,38.66,5643793,AMZN,AMZN
2007-01-17,38.7,39.0,37.78,37.88,5052837,AMZN,AMZN
2007-01-18,37.5,37.65,36.72,36.98,9105053,AMZN,AMZN
2007-01-19,36.69,37.48,36.6,37.02,6097501,AMZN,AMZN
2007-01-22,37.65,37.9,36.8,36.95,8316927,AMZN,AMZN
2007-01-23,36.9,37.07,36.3,36.43,5316072,AMZN,AMZN
2007-01-24,36.51,37.36,36.5,37.26,5277263,AMZN,AMZN
2007-01-25,38.08,38.23,36.78,37.08,6758648,AMZN,AMZN
2007-01-26,37.26,37.26,36.3,36.85,4140051,AMZN,AMZN
2007-01-29,36.7,37.45,36.54,37.43,7396008,AMZN,AMZN
2007-01-30,37.29,37.42,36.63,37.05,4813874,AMZN,AMZN
2007-01-31,36.95,38.19,36.76,37.67,7279296,AMZN,AMZN
2007-02-01,37.95,39.3,37.85,38.7,26356712,AMZN,AMZN
2007-02-02,37.23,37.74,36.68,37.39,25876489,AMZN,AMZN
2007-02-05,37.25,37.42,36.77,37.16,6114490,AMZN,AMZN
2007-02-06,37.2,38.41,37.08,38.27,8612704,AMZN,AMZN
2007-02-07,38.49,39.52,38.4,38.98,10506579,AMZN,AMZN
2007-02-08,38.95,39.51,38.67,39.1,5485265,AMZN,AMZN
2007-02-09,39.19,39.31,38.66,38.72,5960132,AMZN,AMZN
2007-02-12,38.79,38.99,38.36,38.85,3836064,AMZN,AMZN
2007-02-13,38.85,39.61,38.85,39.31,4660639,AMZN,AMZN
2007-02-14,39.23,40.28,39.14,40.14,6815385,AMZN,AMZN
2007-02-15,40.14,40.32,39.86,40.06,5090382,AMZN,AMZN
2007-02-16,39.9,40.44,39.87,40.33,4681497,AMZN,AMZN
2007-02-20,40.13,41.74,40.0,41.51,8909809,AMZN,AMZN
2007-02-21,41.19,41.32,40.92,41.26,4508515,AMZN,AMZN
2007-02-22,41.4,42.0,40.89,41.0,4930195,AMZN,AMZN
2007-02-23,41.0,41.2,40.74,40.78,6155674,AMZN,AMZN
2007-02-26,40.86,41.2,40.4,40.88,4041247,AMZN,AMZN
2007-02-27,40.19,40.54,38.78,38.83,8873794,AMZN,AMZN
2007-02-28,38.91,39.58,38.08,39.14,7699344,AMZN,AMZN
2007-03-01,39.32,39.32,38.05,38.85,9255868,AMZN,AMZN
2007-03-02,38.32,38.87,37.69,37.69,7788002,AMZN,AMZN
2007-03-05,37.15,38.32,37.04,37.05,9572584,AMZN,AMZN
2007-03-06,37.69,38.66,37.41,38.58,12856567,AMZN,AMZN
2007-03-07,38.68,39.32,38.28,38.36,8644609,AMZN,AMZN
2007-03-08,38.77,39.22,37.98,38.1,7629786,AMZN,AMZN
2007-03-09,38.48,38.89,38.0,38.84,6202503,AMZN,AMZN
2007-03-12,38.64,39.05,38.38,38.81,4879546,AMZN,AMZN
2007-03-13,38.3,38.88,37.69,37.82,5204016,AMZN,AMZN
2007-03-14,37.76,38.22,37.26,38.08,8591814,AMZN,AMZN
2007-03-15,38.1,38.29,37.55,37.78,7265614,AMZN,AMZN
2007-03-16,37.72,38.08,37.52,37.85,6866246,AMZN,AMZN
2007-03-19,38.0,38.54,38.0,38.45,4226510,AMZN,AMZN
2007-03-20,38.53,38.69,38.23,38.58,3803209,AMZN,AMZN
2007-03-21,38.55,39.8,38.31,39.8,4998813,AMZN,AMZN
2007-03-22,39.48,39.72,38.91,39.49,5386403,AMZN,AMZN
2007-03-23,39.56,39.6,38.98,38.98,2941846,AMZN,AMZN
2007-03-26,38.98,39.05,38.43,39.01,3521180,AMZN,AMZN
2007-03-27,38.82,39.42,38.76,39.37,3994537,AMZN,AMZN
2007-03-28,39.09,39.51,38.74,39.34,6227918,AMZN,AMZN
2007-03-29,39.65,39.92,39.3,39.81,6406583,AMZN,AMZN
2007-03-30,39.75,40.24,39.42,39.79,5996823,AMZN,AMZN
2007-04-02,39.85,40.47,39.55,40.42,7091398,AMZN,AMZN
2007-04-03,40.42,41.38,40.4,41.19,5968492,AMZN,AMZN
2007-04-04,41.22,41.55,40.92,41.53,4066520,AMZN,AMZN
2007-04-05,41.57,41.76,41.44,41.68,3290494,AMZN,AMZN
2007-04-09,41.72,42.14,41.61,41.66,4182692,AMZN,AMZN
2007-04-10,41.57,41.96,41.46,41.86,3421874,AMZN,AMZN
2007-04-11,41.73,41.87,41.24,41.68,5124457,AMZN,AMZN
2007-04-12,41.73,42.37,41.4,42.27,4756085,AMZN,AMZN
2007-04-13,42.19,42.5,41.93,42.41,3610495,AMZN,AMZN
2007-04-16,43.77,45.3,43.67,45.2,13446410,AMZN,AMZN
2007-04-17,45.28,45.32,44.75,45.07,7416630,AMZN,AMZN
2007-04-18,44.8,45.15,44.63,44.99,4997302,AMZN,AMZN
2007-04-19,44.61,45.15,44.41,44.64,4810410,AMZN,AMZN
2007-04-20,45.09,45.17,44.52,44.95,6672286,AMZN,AMZN
2007-04-23,44.27,44.81,44.16,44.77,7118544,AMZN,AMZN
2007-04-24,44.75,45.0,44.43,44.75,21435247,AMZN,AMZN
2007-04-25,53.12,57.18,52.95,56.81,104404589,AMZN,AMZN
2007-04-26,56.5,63.04,56.07,62.78,62319560,AMZN,AMZN
2007-04-27,61.24,63.84,60.62,62.6,50763138,AMZN,AMZN
2007-04-30,61.91,62.44,61.18,61.33,24068486,AMZN,AMZN
2007-05-01,61.12,62.04,60.28,62.04,18536789,AMZN,AMZN
2007-05-02,61.68,62.25,60.9,61.18,14462141,AMZN,AMZN
2007-05-03,61.08,62.54,60.76,62.19,13511753,AMZN,AMZN
2007-05-04,62.39,63.75,62.35,63.23,14308890,AMZN,AMZN
2007-05-07,62.43,63.23,60.71,60.82,14814070,AMZN,AMZN
2007-05-08,60.54,61.84,59.7,61.83,13560994,AMZN,AMZN
2007-05-09,62.0,62.95,61.3,62.85,8881384,AMZN,AMZN
2007-05-10,62.44,62.65,60.85,60.92,10057149,AMZN,AMZN
2007-05-11,60.96,61.6,60.56,61.56,8010571,AMZN,AMZN
2007-05-14,61.68,61.74,60.6,61.7,7774512,AMZN,AMZN
2007-05-15,61.4,61.97,60.52,60.58,8705528,AMZN,AMZN
2007-05-16,61.02,63.34,60.1,63.22,14521211,AMZN,AMZN
2007-05-17,62.88,63.52,62.02,62.17,11883418,AMZN,AMZN
2007-05-18,62.48,63.3,62.28,63.3,9835752,AMZN,AMZN
2007-05-21,63.58,68.68,63.3,68.3,36536523,AMZN,AMZN
2007-05-22,68.48,69.07,67.21,68.88,17223428,AMZN,AMZN
2007-05-23,69.21,73.31,68.79,69.0,42645642,AMZN,AMZN
2007-05-24,69.04,70.42,67.71,69.35,23834226,AMZN,AMZN
2007-05-25,69.69,69.7,68.25,68.55,9987271,AMZN,AMZN
2007-05-29,68.43,69.78,67.72,69.63,11734474,AMZN,AMZN
2007-05-30,69.06,70.08,68.86,69.86,10590222,AMZN,AMZN
2007-05-31,70.68,70.74,68.57,69.14,9317737,AMZN,AMZN
2007-06-01,68.9,69.3,68.35,68.58,7015310,AMZN,AMZN
2007-06-04,68.25,70.65,67.65,70.42,11393575,AMZN,AMZN
2007-06-05,71.1,74.24,70.86,73.65,30510163,AMZN,AMZN
2007-06-06,73.14,73.75,71.86,72.29,15720867,AMZN,AMZN
2007-06-07,72.57,74.72,70.88,72.04,24165794,AMZN,AMZN
2007-06-08,72.47,73.24,71.05,73.24,10207933,AMZN,AMZN
2007-06-11,73.0,73.05,71.0,71.17,11168133,AMZN,AMZN
2007-06-12,70.44,70.76,69.42,70.07,11842611,AMZN,AMZN
2007-06-13,70.9,71.89,69.25,70.89,11937973,AMZN,AMZN
2007-06-14,70.9,72.12,70.8,71.94,8249183,AMZN,AMZN
2007-06-15,72.85,72.87,71.19,72.4,9899941,AMZN,AMZN
2007-06-18,72.34,72.64,71.4,71.83,7816426,AMZN,AMZN
2007-06-19,71.55,71.66,69.68,69.81,11913841,AMZN,AMZN
2007-06-20,70.25,70.5,69.05,69.1,9175391,AMZN,AMZN
2007-06-21,69.16,69.77,68.66,69.67,7610148,AMZN,AMZN
2007-06-22,69.55,69.88,68.42,68.86,8715175,AMZN,AMZN
2007-06-25,69.35,69.63,68.3,68.66,7596179,AMZN,AMZN
2007-06-26,68.53,68.63,67.38,67.48,11249450,AMZN,AMZN
2007-06-27,66.96,68.21,66.71,68.14,8244080,AMZN,AMZN
2007-06-28,68.46,70.23,68.15,68.89,9792599,AMZN,AMZN
2007-06-29,69.03,69.19,68.15,68.41,5317593,AMZN,AMZN
2007-07-02,68.81,69.71,68.2,69.61,4923762,AMZN,AMZN
2007-07-03,70.04,70.05,69.02,69.45,2223453,AMZN,AMZN
2007-07-05,69.36,69.65,68.06,68.73,4487996,AMZN,AMZN
2007-07-06,68.75,69.3,68.01,68.97,4616431,AMZN,AMZN
2007-07-09,69.38,72.35,69.02,72.07,14819543,AMZN,AMZN
2007-07-10,71.65,71.94,70.07,70.28,8885887,AMZN,AMZN
2007-07-11,70.58,71.65,70.15,70.73,6593554,AMZN,AMZN
2007-07-12,71.31,73.57,70.73,72.79,11452247,AMZN,AMZN
2007-07-13,73.08,75.35,72.97,75.1,12502158,AMZN,AMZN
2007-07-16,74.73,74.84,73.0,73.69,8334866,AMZN,AMZN
2007-07-17,74.39,74.52,73.59,73.79,6085873,AMZN,AMZN
2007-07-18,73.27,73.49,72.25,73.32,6291724,AMZN,AMZN
2007-07-19,74.24,74.32,73.12,73.35,5278241,AMZN,AMZN
2007-07-20,72.62,72.96,70.5,71.63,9134183,AMZN,AMZN
2007-07-23,71.78,72.67,70.85,71.74,9267706,AMZN,AMZN
2007-07-24,71.04,72.16,68.85,69.25,26343703,AMZN,AMZN
2007-07-25,84.66,88.8,83.65,86.18,60514277,AMZN,AMZN
2007-07-26,85.02,89.0,83.43,84.01,23459385,AMZN,AMZN
2007-07-27,84.27,85.33,82.48,84.04,13939690,AMZN,AMZN
2007-07-30,83.0,84.05,81.51,82.7,12880155,AMZN,AMZN
2007-07-31,83.7,83.73,78.0,78.54,14107020,AMZN,AMZN
2007-08-01,78.1,78.15,75.06,77.31,16921505,AMZN,AMZN
2007-08-02,77.86,79.76,76.12,79.71,10366601,AMZN,AMZN
2007-08-03,79.54,80.75,76.71,76.8,7987476,AMZN,AMZN
2007-08-06,77.06,79.0,76.6,79.0,9005183,AMZN,AMZN
2007-08-07,78.55,80.0,77.89,79.14,8067577,AMZN,AMZN
2007-08-08,79.77,79.88,76.56,77.78,8244747,AMZN,AMZN
2007-08-09,76.4,77.26,74.11,74.11,8349510,AMZN,AMZN
2007-08-10,73.15,76.5,72.37,74.78,9067161,AMZN,AMZN
2007-08-13,76.09,76.32,74.7,74.87,6069952,AMZN,AMZN
2007-08-14,74.79,74.79,72.92,73.45,5946273,AMZN,AMZN
2007-08-15,73.02,75.15,72.26,72.38,6375840,AMZN,AMZN
2007-08-16,72.0,73.24,70.05,72.79,10789226,AMZN,AMZN
2007-08-17,74.49,75.04,73.11,75.02,7242710,AMZN,AMZN
2007-08-20,74.98,75.28,73.8,74.7,5917172,AMZN,AMZN
2007-08-21,74.21,77.83,74.09,77.49,8432279,AMZN,AMZN
2007-08-22,78.24,79.49,77.84,78.5,6853563,AMZN,AMZN
2007-08-23,78.94,79.0,76.51,77.3,5667890,AMZN,AMZN
2007-08-24,76.8,79.4,76.69,79.25,5666404,AMZN,AMZN
2007-08-27,80.56,80.8,78.42,78.65,6952389,AMZN,AMZN
2007-08-28,77.86,78.65,76.08,76.22,5767522,AMZN,AMZN
2007-08-29,76.96,79.05,76.86,79.05,5079559,AMZN,AMZN
2007-08-30,78.4,80.11,78.3,78.68,4629047,AMZN,AMZN
2007-08-31,80.0,80.53,79.7,79.91,6158620,AMZN,AMZN
2007-09-04,79.9,83.53,79.73,82.7,8266031,AMZN,AMZN
2007-09-05,82.24,84.89,82.22,83.75,9064777,AMZN,AMZN
2007-09-06,84.5,86.46,82.85,86.21,8826809,AMZN,AMZN
2007-09-07,84.7,84.97,83.21,84.52,8231148,AMZN,AMZN
2007-09-10,84.93,85.16,82.51,83.34,5367574,AMZN,AMZN
2007-09-11,84.17,86.61,83.53,86.28,6863683,AMZN,AMZN
2007-09-12,86.07,88.89,85.97,87.3,9031611,AMZN,AMZN
2007-09-13,87.95,88.07,86.5,87.26,5987752,AMZN,AMZN
2007-09-14,86.41,88.09,86.31,87.77,3954857,AMZN,AMZN
2007-09-17,86.98,87.34,85.98,86.91,4486105,AMZN,AMZN
2007-09-18,87.38,91.6,86.71,88.75,8930712,AMZN,AMZN
2007-09-19,89.52,89.82,88.26,89.0,6459297,AMZN,AMZN
2007-09-20,88.9,90.42,88.82,89.65,5781835,AMZN,AMZN
2007-09-21,90.29,91.9,89.65,91.3,6527423,AMZN,AMZN
2007-09-24,91.3,93.75,90.81,92.59,5325621,AMZN,AMZN
2007-09-25,91.99,93.5,90.95,93.48,5801447,AMZN,AMZN
2007-09-26,94.04,94.26,92.29,93.43,5771674,AMZN,AMZN
2007-09-27,94.07,94.11,93.11,93.38,2814359,AMZN,AMZN
2007-09-28,92.77,93.6,91.7,93.15,4816413,AMZN,AMZN
2007-10-01,93.42,94.1,92.83,93.41,5398163,AMZN,AMZN
2007-10-02,93.86,93.9,91.4,92.36,4867150,AMZN,AMZN
2007-10-03,92.19,92.8,91.78,92.46,5054188,AMZN,AMZN
2007-10-04,92.55,92.57,91.45,92.26,3320497,AMZN,AMZN
2007-10-05,93.55,93.71,92.34,93.43,5523452,AMZN,AMZN
2007-10-08,94.22,95.85,94.0,95.85,7432365,AMZN,AMZN
2007-10-09,96.59,96.73,94.75,95.32,7146385,AMZN,AMZN
2007-10-10,95.5,95.75,94.37,94.66,5574168,AMZN,AMZN
2007-10-11,95.33,95.74,88.13,89.34,9823727,AMZN,AMZN
2007-10-12,89.42,92.39,88.92,92.37,8361146,AMZN,AMZN
2007-10-15,91.8,92.12,90.1,90.53,5613270,AMZN,AMZN
2007-10-16,88.69,90.05,88.5,89.53,8511478,AMZN,AMZN
2007-10-17,91.9,91.9,89.06,90.55,7678613,AMZN,AMZN
2007-10-18,89.37,90.43,89.15,89.85,5335379,AMZN,AMZN
2007-10-19,89.93,90.65,89.32,89.76,9129431,AMZN,AMZN
2007-10-22,89.25,91.69,89.02,91.29,9868359,AMZN,AMZN
2007-10-23,95.28,101.09,94.21,100.82,41761786,AMZN,AMZN
2007-10-24,90.87,90.88,83.27,88.73,41617368,AMZN,AMZN
2007-10-25,88.23,89.5,86.32,88.21,11637218,AMZN,AMZN
2007-10-26,89.0,90.88,87.7,90.0,8829701,AMZN,AMZN
2007-10-29,90.41,91.47,89.48,90.1,7097193,AMZN,AMZN
2007-10-30,89.67,90.65,88.05,88.24,5408392,AMZN,AMZN
2007-10-31,88.05,89.6,87.0,89.15,7049367,AMZN,AMZN
2007-11-01,87.75,89.58,86.5,87.65,8268364,AMZN,AMZN
2007-11-02,87.97,88.12,83.5,85.98,10231033,AMZN,AMZN
2007-11-05,84.35,86.02,82.76,84.37,7458553,AMZN,AMZN
2007-11-06,84.61,87.5,84.37,87.27,7934654,AMZN,AMZN
2007-11-07,86.41,89.16,86.16,87.04,8402054,AMZN,AMZN
2007-11-08,86.8,86.96,81.4,83.58,11804028,AMZN,AMZN
2007-11-09,82.42,82.42,78.84,78.89,11620362,AMZN,AMZN
2007-11-12,78.26,80.09,76.5,77.0,9400789,AMZN,AMZN
2007-11-13,77.91,80.05,77.8,79.86,9496472,AMZN,AMZN
2007-11-14,80.4,81.15,78.15,78.51,8429816,AMZN,AMZN
2007-11-15,79.43,79.73,76.7,77.85,7835723,AMZN,AMZN
2007-11-16,77.01,78.99,76.63,78.6,7114210,AMZN,AMZN
2007-11-19,78.83,79.75,77.94,79.18,8650372,AMZN,AMZN
2007-11-20,79.86,82.0,78.31,80.39,11609940,AMZN,AMZN
2007-11-21,79.24,80.86,78.65,79.76,6679431,AMZN,AMZN
2007-11-23,80.11,81.45,78.98,81.43,2783528,AMZN,AMZN
2007-11-26,82.3,84.49,81.14,81.3,8613028,AMZN,AMZN
2007-11-27,82.92,85.65,82.21,85.59,8635889,AMZN,AMZN
2007-11-28,87.55,90.57,86.75,90.3,11405889,AMZN,AMZN
2007-11-29,89.89,91.47,88.68,89.15,6978826,AMZN,AMZN
2007-11-30,90.56,91.08,88.31,90.56,6887323,AMZN,AMZN
2007-12-03,90.03,92.25,89.77,90.91,6000899,AMZN,AMZN
2007-12-04,90.04,94.56,90.04,94.41,7337858,AMZN,AMZN
2007-12-05,94.99,94.99,91.98,93.19,6609514,AMZN,AMZN
2007-12-06,93.28,95.0,92.83,94.21,5473204,AMZN,AMZN
2007-12-07,94.56,94.68,92.91,94.31,3935110,AMZN,AMZN
2007-12-10,94.31,94.35,92.3,93.02,5181121,AMZN,AMZN
2007-12-11,93.1,95.94,90.75,90.75,10271984,AMZN,AMZN
2007-12-12,92.84,93.75,89.32,91.28,7229677,AMZN,AMZN
2007-12-13,91.05,93.0,90.63,92.4,6149178,AMZN,AMZN
2007-12-14,90.77,91.24,88.93,89.08,6002369,AMZN,AMZN
2007-12-17,89.01,89.06,84.99,85.09,7698517,AMZN,AMZN
2007-12-18,85.83,87.46,83.86,86.89,7266260,AMZN,AMZN
2007-12-19,86.94,89.95,86.83,89.38,7619746,AMZN,AMZN
2007-12-20,90.14,90.75,89.09,90.58,5881674,AMZN,AMZN
2007-12-21,91.47,92.28,90.39,91.26,6618947,AMZN,AMZN
2007-12-24,91.05,91.56,90.3,91.01,2017170,AMZN,AMZN
2007-12-26,91.48,93.94,90.5,92.85,5444957,AMZN,AMZN
2007-12-27,92.67,95.29,92.5,94.25,7115884,AMZN,AMZN
2007-12-28,95.27,95.9,92.1,94.45,7587601,AMZN,AMZN
2007-12-31,93.81,94.37,92.45,92.64,5756991,AMZN,AMZN
2008-01-02,95.35,97.43,94.7,96.25,13866390,AMZN,AMZN
2008-01-03,96.06,97.25,94.52,95.21,9122767,AMZN,AMZN
2008-01-04,93.26,93.4,88.5,88.79,10271464,AMZN,AMZN
2008-01-07,88.62,90.57,85.47,88.82,9982305,AMZN,AMZN
2008-01-08,87.55,91.83,86.93,87.88,12285605,AMZN,AMZN
2008-01-09,87.56,87.8,80.24,85.22,16411968,AMZN,AMZN
2008-01-10,83.98,85.97,82.97,84.26,11609869,AMZN,AMZN
2008-01-11,84.03,84.03,80.29,81.08,10624484,AMZN,AMZN
2008-01-14,82.18,83.32,78.87,82.87,9058248,AMZN,AMZN
2008-01-15,80.48,81.01,78.51,80.24,9662411,AMZN,AMZN
2008-01-16,79.58,82.36,78.44,80.35,12410132,AMZN,AMZN
2008-01-17,80.16,82.25,79.54,80.12,9903010,AMZN,AMZN
2008-01-18,79.93,82.31,78.04,79.76,13363032,AMZN,AMZN
2008-01-22,73.58,79.72,72.22,78.48,12837490,AMZN,AMZN
2008-01-23,75.6,76.8,69.95,73.97,20419339,AMZN,AMZN
2008-01-24,74.53,77.88,74.19,77.67,9889106,AMZN,AMZN
2008-01-25,78.69,81.43,76.33,77.6,10027557,AMZN,AMZN
2008-01-28,76.91,77.4,74.34,75.82,8505254,AMZN,AMZN
2008-01-29,75.77,75.9,72.06,73.95,9961975,AMZN,AMZN
2008-01-30,73.54,77.42,73.25,74.21,25298658,AMZN,AMZN
2008-01-31,68.91,78.87,68.84,77.7,42885840,AMZN,AMZN
2008-02-01,79.02,79.4,73.37,74.63,16361192,AMZN,AMZN
2008-02-04,74.5,76.66,73.9,73.95,9155632,AMZN,AMZN
2008-02-05,72.8,74.21,72.0,72.09,9633883,AMZN,AMZN
2008-02-06,72.3,72.43,68.17,68.49,12406160,AMZN,AMZN
2008-02-07,67.37,72.71,67.22,70.91,14501841,AMZN,AMZN
2008-02-08,73.4,74.6,72.52,73.5,11700383,AMZN,AMZN
2008-02-11,73.14,75.96,72.77,75.19,7763657,AMZN,AMZN
2008-02-12,75.43,77.05,73.79,74.45,9450612,AMZN,AMZN
2008-02-13,74.99,78.85,73.27,77.73,11071222,AMZN,AMZN
2008-02-14,77.73,77.88,75.18,75.8,7498025,AMZN,AMZN
2008-02-15,75.0,75.19,71.94,72.96,11126493,AMZN,AMZN
2008-02-19,73.54,74.0,71.55,72.08,7110309,AMZN,AMZN
2008-02-20,71.9,73.88,71.1,73.64,6450726,AMZN,AMZN
2008-02-21,73.94,74.21,69.37,69.9,13157394,AMZN,AMZN
2008-02-22,70.54,72.21,69.86,72.08,12343148,AMZN,AMZN
2008-02-25,72.35,73.5,71.41,73.27,7861563,AMZN,AMZN
2008-02-26,71.91,73.5,70.28,71.69,9891203,AMZN,AMZN
2008-02-27,70.68,71.48,69.57,70.87,8930922,AMZN,AMZN
2008-02-28,70.3,70.6,67.11,67.85,13169346,AMZN,AMZN
2008-02-29,67.01,67.5,63.97,64.47,11664530,AMZN,AMZN
2008-03-03,63.59,64.49,61.2,62.43,13727086,AMZN,AMZN
2008-03-04,61.67,66.6,61.23,65.34,16707403,AMZN,AMZN
2008-03-05,65.66,66.34,63.82,64.99,11127333,AMZN,AMZN
2008-03-06,64.75,65.46,62.5,62.74,8343418,AMZN,AMZN
2008-03-07,62.2,64.87,62.01,64.09,10439060,AMZN,AMZN
2008-03-10,63.9,65.15,62.91,63.47,9324784,AMZN,AMZN
2008-03-11,65.95,67.17,63.71,67.15,9749458,AMZN,AMZN
2008-03-12,66.77,68.23,65.64,66.51,7749116,AMZN,AMZN
2008-03-13,65.11,69.55,64.37,68.32,10708250,AMZN,AMZN
2008-03-14,68.61,70.68,66.06,68.22,12421585,AMZN,AMZN
2008-03-17,65.72,67.79,64.92,66.53,9710523,AMZN,AMZN
2008-03-18,68.25,71.93,67.59,71.7,9553201,AMZN,AMZN
2008-03-19,71.1,74.0,70.17,70.17,11043084,AMZN,AMZN
2008-03-20,70.17,73.49,69.38,73.19,11412481,AMZN,AMZN
2008-03-24,73.82,76.93,72.75,75.95,9396333,AMZN,AMZN
2008-03-25,75.83,76.29,74.05,75.17,6352643,AMZN,AMZN
2008-03-26,74.14,75.12,73.24,73.8,6285159,AMZN,AMZN
2008-03-27,74.37,74.69,70.8,70.8,7943098,AMZN,AMZN
2008-03-28,71.0,72.21,69.26,69.76,5279038,AMZN,AMZN
2008-03-31,70.25,71.64,69.63,71.3,5471234,AMZN,AMZN
2008-04-01,72.99,77.09,72.76,76.7,9744952,AMZN,AMZN
2008-04-02,77.08,79.0,76.12,77.37,8593941,AMZN,AMZN
2008-04-03,75.15,76.01,73.81,74.94,8150027,AMZN,AMZN
2008-04-04,75.26,77.83,74.28,76.87,7153610,AMZN,AMZN
2008-04-07,77.36,78.43,76.0,76.9,6672452,AMZN,AMZN
2008-04-08,76.4,77.61,75.5,77.3,4968416,AMZN,AMZN
2008-04-09,76.56,76.67,73.66,74.39,6660865,AMZN,AMZN
2008-04-10,74.48,75.49,72.73,74.83,6256078,AMZN,AMZN
2008-04-11,73.84,74.3,71.62,71.99,6785060,AMZN,AMZN
2008-04-14,71.7,74.0,71.29,72.61,4354555,AMZN,AMZN
2008-04-15,72.97,73.98,70.65,72.5,6814498,AMZN,AMZN
2008-04-16,73.02,75.0,72.94,74.59,6747236,AMZN,AMZN
2008-04-17,74.18,75.02,73.61,74.04,6222165,AMZN,AMZN
2008-04-18,76.48,82.0,76.32,80.1,16791835,AMZN,AMZN
2008-04-21,80.03,81.34,79.06,80.18,9338698,AMZN,AMZN
2008-04-22,79.94,79.94,77.54,79.6,7248589,AMZN,AMZN
2008-04-23,80.3,82.64,78.74,81.0,19250373,AMZN,AMZN
2008-04-24,77.71,80.53,76.93,77.69,21077857,AMZN,AMZN
2008-04-25,77.81,81.32,77.26,80.86,9458202,AMZN,AMZN
2008-04-28,80.64,82.5,80.12,81.97,10993997,AMZN,AMZN
2008-04-29,81.42,81.77,79.86,80.74,6726476,AMZN,AMZN
2008-04-30,80.9,81.34,77.92,78.63,7877144,AMZN,AMZN
2008-05-01,78.4,80.01,77.97,79.36,7196991,AMZN,AMZN
2008-05-02,80.3,81.2,76.4,77.31,8155836,AMZN,AMZN
2008-05-05,77.27,77.77,75.87,75.92,5647857,AMZN,AMZN
2008-05-06,75.51,76.77,75.05,75.71,6545946,AMZN,AMZN
2008-05-07,75.26,76.64,73.09,73.18,8377491,AMZN,AMZN
2008-05-08,73.73,74.16,71.56,72.79,8132200,AMZN,AMZN
2008-05-09,72.2,73.34,71.66,72.41,4243462,AMZN,AMZN
2008-05-12,73.0,74.93,71.78,74.53,7215485,AMZN,AMZN
2008-05-13,74.57,74.96,73.31,74.56,5021002,AMZN,AMZN
2008-05-14,74.92,75.75,73.98,74.2,4589629,AMZN,AMZN
2008-05-15,73.89,76.32,73.55,76.12,6920952,AMZN,AMZN
2008-05-16,76.42,76.83,74.86,76.46,6206648,AMZN,AMZN
2008-05-19,79.01,84.75,78.86,82.29,18692373,AMZN,AMZN
2008-05-20,82.17,82.7,80.03,80.72,7912217,AMZN,AMZN
2008-05-21,80.37,81.15,77.5,78.3,7070523,AMZN,AMZN
2008-05-22,78.68,79.69,78.0,79.26,5390548,AMZN,AMZN
2008-05-23,78.55,78.87,77.43,78.35,6331846,AMZN,AMZN
2008-05-27,78.26,80.9,77.97,80.62,10109477,AMZN,AMZN
2008-05-28,80.73,80.79,78.99,80.08,6700776,AMZN,AMZN
2008-05-29,80.61,81.96,80.17,80.35,6858043,AMZN,AMZN
2008-05-30,80.58,81.77,80.3,81.62,5271248,AMZN,AMZN
2008-06-02,81.15,81.57,80.05,80.23,6215132,AMZN,AMZN
2008-06-03,80.71,81.89,79.26,80.11,6264949,AMZN,AMZN
2008-06-04,80.11,81.82,79.72,81.5,6460396,AMZN,AMZN
2008-06-05,82.11,84.88,81.8,84.51,8939839,AMZN,AMZN
2008-06-06,83.24,83.64,80.56,80.63,7845053,AMZN,AMZN
2008-06-09,81.19,81.53,78.12,79.43,6537631,AMZN,AMZN
2008-06-10,78.2,81.04,78.2,79.62,6066976,AMZN,AMZN
2008-06-11,79.35,80.0,77.03,77.28,5874686,AMZN,AMZN
2008-06-12,78.02,79.05,75.01,76.15,6204552,AMZN,AMZN
2008-06-13,76.7,80.0,76.7,79.17,5974415,AMZN,AMZN
2008-06-16,78.42,82.53,78.41,81.7,5756040,AMZN,AMZN
2008-06-17,83.15,84.3,82.8,82.97,8803635,AMZN,AMZN
2008-06-18,82.0,83.17,81.32,82.52,6848052,AMZN,AMZN
2008-06-19,82.21,84.47,81.5,84.26,6717784,AMZN,AMZN
2008-06-20,83.1,83.46,80.51,81.1,6588878,AMZN,AMZN
2008-06-23,81.3,82.15,79.55,80.68,7426219,AMZN,AMZN
2008-06-24,79.55,80.79,77.63,79.64,7140465,AMZN,AMZN
2008-06-25,80.45,82.15,79.52,80.51,7394465,AMZN,AMZN
2008-06-26,79.1,79.89,76.0,76.3,11311932,AMZN,AMZN
2008-06-27,75.59,76.07,72.62,74.66,11840488,AMZN,AMZN
2008-06-30,74.27,76.12,73.21,73.33,7104248,AMZN,AMZN
2008-07-01,72.24,74.23,70.52,73.62,10292491,AMZN,AMZN
2008-07-02,74.16,74.41,71.38,71.44,7044906,AMZN,AMZN
2008-07-03,72.51,73.84,70.52,72.0,4248152,AMZN,AMZN
2008-07-07,72.37,74.4,70.76,72.49,7363285,AMZN,AMZN
2008-07-08,72.38,75.49,71.75,75.04,7916771,AMZN,AMZN
2008-07-09,74.56,74.9,70.48,70.61,6912651,AMZN,AMZN
2008-07-10,70.7,71.77,67.99,70.63,9942589,AMZN,AMZN
2008-07-11,69.4,69.99,66.74,68.54,7930518,AMZN,AMZN
2008-07-14,69.31,69.5,65.59,66.28,9021609,AMZN,AMZN
2008-07-15,65.87,68.62,62.99,67.03,11347196,AMZN,AMZN
2008-07-16,66.94,72.75,66.84,71.84,12039213,AMZN,AMZN
2008-07-17,71.2,72.38,67.74,72.11,9597360,AMZN,AMZN
2008-07-18,69.94,70.84,68.4,69.12,8299459,AMZN,AMZN
2008-07-21,69.52,69.8,66.3,68.48,6896948,AMZN,AMZN
2008-07-22,67.09,69.14,65.88,67.97,8796096,AMZN,AMZN
2008-07-23,67.46,72.07,67.46,70.54,17916106,AMZN,AMZN
2008-07-24,76.3,82.38,76.29,78.72,31000420,AMZN,AMZN
2008-07-25,79.63,80.94,78.12,78.31,9091785,AMZN,AMZN
2008-07-28,77.09,78.31,74.86,75.98,10480266,AMZN,AMZN
2008-07-29,76.49,78.8,76.16,78.21,6775513,AMZN,AMZN
2008-07-30,78.36,79.85,76.42,78.21,7569919,AMZN,AMZN
2008-07-31,76.75,78.17,76.1,76.34,5301278,AMZN,AMZN
2008-08-01,76.36,76.49,74.05,75.75,4774981,AMZN,AMZN
2008-08-04,75.99,77.3,75.01,75.71,4498765,AMZN,AMZN
2008-08-05,76.92,79.52,76.52,79.11,7796042,AMZN,AMZN
2008-08-06,78.55,78.63,76.73,78.09,6406263,AMZN,AMZN
2008-08-07,77.01,78.05,76.0,76.95,5445269,AMZN,AMZN
2008-08-08,76.78,81.21,76.29,80.51,9162668,AMZN,AMZN
2008-08-11,80.18,91.75,79.78,88.09,25072217,AMZN,AMZN
2008-08-12,87.32,88.48,86.1,87.25,8028888,AMZN,AMZN
2008-08-13,86.28,88.25,84.54,86.69,7208944,AMZN,AMZN
2008-08-14,85.71,88.75,85.22,88.03,6901940,AMZN,AMZN
2008-08-15,88.28,89.53,86.26,86.4,6871533,AMZN,AMZN
2008-08-18,86.09,86.28,83.04,83.11,6547411,AMZN,AMZN
2008-08-19,83.09,83.51,81.06,81.29,6630696,AMZN,AMZN
2008-08-20,82.0,83.25,81.2,82.13,5950884,AMZN,AMZN
2008-08-21,81.41,83.77,80.98,83.26,6158890,AMZN,AMZN
2008-08-22,84.27,85.46,83.93,85.26,4678033,AMZN,AMZN
2008-08-25,84.63,84.64,82.45,82.85,4357060,AMZN,AMZN
2008-08-26,82.74,83.12,81.25,81.76,4375446,AMZN,AMZN
2008-08-27,81.44,82.74,81.0,81.73,5635315,AMZN,AMZN
2008-08-28,82.21,83.65,81.8,83.42,7834271,AMZN,AMZN
2008-08-29,82.9,82.9,80.5,80.81,4728763,AMZN,AMZN
2008-09-02,83.16,84.5,81.21,81.41,6000730,AMZN,AMZN
2008-09-03,81.4,82.0,80.02,80.77,5742509,AMZN,AMZN
2008-09-04,80.6,80.81,78.02,78.03,8316868,AMZN,AMZN
2008-09-05,77.34,80.72,77.08,79.19,8071381,AMZN,AMZN
2008-09-08,82.25,83.75,78.85,81.16,9490558,AMZN,AMZN
2008-09-09,80.76,81.96,78.99,79.04,5821866,AMZN,AMZN
2008-09-10,80.01,80.22,76.15,76.74,9444635,AMZN,AMZN
2008-09-11,75.27,79.8,75.1,79.51,7813602,AMZN,AMZN
2008-09-12,78.81,79.6,76.62,78.3,6480318,AMZN,AMZN
2008-09-15,76.86,79.88,76.3,77.34,8981098,AMZN,AMZN
2008-09-16,76.8,79.63,76.67,78.73,13096941,AMZN,AMZN
2008-09-17,77.68,78.24,71.24,71.54,13171054,AMZN,AMZN
2008-09-18,73.08,77.5,70.08,76.5,12399779,AMZN,AMZN
2008-09-19,80.12,86.77,76.5,81.0,14787482,AMZN,AMZN
2008-09-22,81.13,81.63,74.32,74.93,7039010,AMZN,AMZN
2008-09-23,75.79,76.29,70.77,71.76,8596842,AMZN,AMZN
2008-09-24,72.3,73.65,68.94,69.96,9404979,AMZN,AMZN
2008-09-25,70.66,72.75,70.01,72.08,6073563,AMZN,AMZN
2008-09-26,69.52,71.05,68.08,70.7,6747026,AMZN,AMZN
2008-09-29,68.41,69.37,61.32,63.35,12007527,AMZN,AMZN
2008-09-30,65.84,73.12,65.32,72.76,13056006,AMZN,AMZN
2008-10-01,71.78,71.99,68.41,69.58,9624012,AMZN,AMZN
2008-10-02,67.63,68.96,65.41,67.36,8727473,AMZN,AMZN
2008-10-03,69.42,70.95,66.59,67.0,11252031,AMZN,AMZN
2008-10-06,64.06,65.89,60.47,65.23,13386107,AMZN,AMZN
2008-10-07,65.79,66.43,58.5,58.52,12756859,AMZN,AMZN
2008-10-08,55.64,62.75,55.35,61.02,14325578,AMZN,AMZN
2008-10-09,61.97,63.5,56.0,56.0,13932391,AMZN,AMZN
2008-10-10,52.99,59.75,51.05,56.25,18029891,AMZN,AMZN
2008-10-13,58.96,62.21,57.37,62.02,11201497,AMZN,AMZN
2008-10-14,63.5,64.0,54.8,55.86,17309351,AMZN,AMZN
2008-10-15,54.46,54.69,48.35,48.72,16260513,AMZN,AMZN
2008-10-16,46.4,50.7,43.39,50.29,22084990,AMZN,AMZN
2008-10-17,48.83,62.33,48.41,50.65,12951344,AMZN,AMZN
2008-10-20,52.17,53.1,49.91,52.97,8452414,AMZN,AMZN
2008-10-21,51.86,52.95,49.92,50.23,8676681,AMZN,AMZN
2008-10-22,50.05,52.47,47.9,49.99,19513189,AMZN,AMZN
2008-10-23,43.37,50.91,43.31,50.32,32606479,AMZN,AMZN
2008-10-24,44.75,52.32,44.5,48.96,19607411,AMZN,AMZN
2008-10-27,49.0,52.59,48.43,49.58,11766609,AMZN,AMZN
2008-10-28,51.5,56.3,49.07,56.04,14843415,AMZN,AMZN
2008-10-29,55.53,59.79,54.52,56.89,15211941,AMZN,AMZN
2008-10-30,58.76,59.89,55.08,56.71,11128565,AMZN,AMZN
2008-10-31,56.01,57.25,55.01,57.24,8536177,AMZN,AMZN
2008-11-03,56.35,57.25,55.02,55.77,7170076,AMZN,AMZN
2008-11-04,57.16,58.73,55.22,58.45,7663995,AMZN,AMZN
2008-11-05,57.47,58.0,51.62,51.98,11501261,AMZN,AMZN
2008-11-06,49.8,51.04,46.3,47.22,15491598,AMZN,AMZN
2008-11-07,47.76,49.79,47.01,49.21,7439842,AMZN,AMZN
2008-11-10,49.98,50.68,46.86,48.46,8986388,AMZN,AMZN
2008-11-11,47.1,48.06,44.81,46.3,9940491,AMZN,AMZN
2008-11-12,43.99,45.44,40.9,41.56,14773108,AMZN,AMZN
2008-11-13,41.4,45.0,38.48,44.93,16938605,AMZN,AMZN
2008-11-14,43.61,44.5,41.5,41.75,11949631,AMZN,AMZN
2008-11-17,39.91,41.26,39.07,39.69,10713611,AMZN,AMZN
2008-11-18,39.73,40.66,36.08,38.44,15055101,AMZN,AMZN
2008-11-19,37.97,39.0,35.75,35.84,12522743,AMZN,AMZN
2008-11-20,35.29,39.72,34.68,35.03,18425739,AMZN,AMZN
2008-11-21,36.39,39.0,35.72,37.87,15045084,AMZN,AMZN
2008-11-24,38.79,43.44,38.7,42.5,14552647,AMZN,AMZN
2008-11-25,42.09,42.89,39.61,42.19,13015730,AMZN,AMZN
2008-11-26,40.87,44.0,40.29,43.96,13444906,AMZN,AMZN
2008-11-28,44.03,44.1,42.22,42.7,3687472,AMZN,AMZN
2008-12-01,42.0,43.26,40.38,40.47,11180495,AMZN,AMZN
2008-12-02,41.39,41.71,38.82,41.19,8726257,AMZN,AMZN
2008-12-03,40.16,45.88,40.05,45.21,15678965,AMZN,AMZN
2008-12-04,45.94,50.5,45.75,47.32,19790396,AMZN,AMZN
2008-12-05,45.89,48.49,43.3,48.26,14610584,AMZN,AMZN
2008-12-08,49.15,52.14,47.36,51.41,10943820,AMZN,AMZN
2008-12-09,49.81,54.48,49.7,51.25,13321434,AMZN,AMZN
2008-12-10,51.46,51.5,48.34,49.7,7755032,AMZN,AMZN
2008-12-11,49.33,50.49,48.17,48.25,7586764,AMZN,AMZN
2008-12-12,47.52,51.38,47.52,51.25,8667005,AMZN,AMZN
2008-12-15,50.65,50.95,48.15,48.85,7286552,AMZN,AMZN
2008-12-16,49.62,52.96,49.29,52.63,8864253,AMZN,AMZN
2008-12-17,52.26,54.77,51.53,53.18,9187364,AMZN,AMZN
2008-12-18,53.0,54.85,51.2,52.08,7518601,AMZN,AMZN
2008-12-19,51.59,52.99,50.92,51.56,11058816,AMZN,AMZN
2008-12-22,51.6,52.15,48.47,49.84,8926146,AMZN,AMZN
2008-12-23,50.12,51.61,50.12,51.08,5847245,AMZN,AMZN
2008-12-24,51.66,51.95,51.01,51.44,1649848,AMZN,AMZN
2008-12-26,53.79,53.95,51.55,51.78,6850793,AMZN,AMZN
2008-12-29,51.43,51.77,48.56,49.4,6508845,AMZN,AMZN
2008-12-30,49.51,51.21,48.74,50.76,6601901,AMZN,AMZN
2008-12-31,50.74,51.69,49.91,51.28,7792434,AMZN,AMZN
2009-01-02,51.35,54.53,51.07,54.36,7296667,AMZN,AMZN
2009-01-05,55.73,55.74,53.03,54.06,9511716,AMZN,AMZN
2009-01-06,54.55,58.22,53.75,57.36,11084415,AMZN,AMZN
2009-01-07,56.29,56.95,55.35,56.2,7942750,AMZN,AMZN
2009-01-08,54.99,57.32,54.58,57.16,6580585,AMZN,AMZN
2009-01-09,56.92,57.0,54.7,55.51,6685301,AMZN,AMZN
2009-01-12,54.12,54.3,50.87,51.92,9557314,AMZN,AMZN
2009-01-13,50.96,53.29,50.75,51.45,7884933,AMZN,AMZN
2009-01-14,50.1,50.1,48.14,48.49,10452769,AMZN,AMZN
2009-01-15,48.56,52.23,47.63,51.44,11620849,AMZN,AMZN
2009-01-16,51.8,52.33,49.53,51.59,8259583,AMZN,AMZN
2009-01-20,50.75,51.7,48.27,48.44,6767347,AMZN,AMZN
2009-01-21,49.31,50.69,48.25,50.54,5831711,AMZN,AMZN
2009-01-22,49.42,50.88,48.26,49.94,7133910,AMZN,AMZN
2009-01-23,48.9,51.42,48.45,50.63,5801524,AMZN,AMZN
2009-01-26,50.18,50.89,48.52,49.63,7156982,AMZN,AMZN
2009-01-27,49.3,50.42,47.72,48.44,8740421,AMZN,AMZN
2009-01-28,49.72,51.49,48.97,50.36,8060898,AMZN,AMZN
2009-01-29,49.96,51.85,49.14,50.0,18147983,AMZN,AMZN
2009-01-30,57.36,59.74,57.24,58.82,39799962,AMZN,AMZN
2009-02-02,58.57,62.0,58.13,61.15,19326536,AMZN,AMZN
2009-02-03,60.87,64.2,60.0,63.59,14696983,AMZN,AMZN
2009-02-04,63.38,63.44,60.83,61.06,13730438,AMZN,AMZN
2009-02-05,61.15,63.81,60.63,63.18,10172002,AMZN,AMZN
2009-02-06,63.18,67.0,63.18,66.55,12051276,AMZN,AMZN
2009-02-09,66.56,67.36,65.38,66.71,9445965,AMZN,AMZN
2009-02-10,66.15,67.23,63.07,63.31,10702601,AMZN,AMZN
2009-02-11,63.1,64.9,62.25,64.35,8350896,AMZN,AMZN
2009-02-12,63.25,64.25,61.71,63.96,8098434,AMZN,AMZN
2009-02-13,63.97,64.68,62.87,63.26,4131523,AMZN,AMZN
2009-02-17,61.67,62.65,61.18,61.67,7126838,AMZN,AMZN
2009-02-18,62.27,62.78,60.52,62.35,7367266,AMZN,AMZN
2009-02-19,62.84,64.18,61.67,61.95,6771257,AMZN,AMZN
2009-02-20,61.07,64.15,60.84,63.86,9354863,AMZN,AMZN
2009-02-23,64.16,64.91,61.52,61.71,7336458,AMZN,AMZN
2009-02-24,61.97,66.1,61.89,65.6,10273856,AMZN,AMZN
2009-02-25,64.9,65.75,62.82,63.71,9122419,AMZN,AMZN
2009-02-26,64.12,64.73,62.34,62.34,7276619,AMZN,AMZN
2009-02-27,61.26,65.08,60.94,64.79,11494196,AMZN,AMZN
2009-03-02,63.94,65.52,61.51,61.99,10513858,AMZN,AMZN
2009-03-03,62.75,63.29,61.3,61.7,9697477,AMZN,AMZN
2009-03-04,62.8,65.79,62.4,64.81,11960837,AMZN,AMZN
2009-03-05,64.12,65.8,63.6,64.77,11771989,AMZN,AMZN
2009-03-06,65.2,65.5,59.82,61.69,15094727,AMZN,AMZN
2009-03-09,62.2,64.03,60.15,60.49,13564557,AMZN,AMZN
2009-03-10,62.49,65.9,61.78,65.71,15437461,AMZN,AMZN
2009-03-11,66.24,69.37,65.27,68.54,13889182,AMZN,AMZN
2009-03-12,68.35,69.87,67.25,69.58,11351809,AMZN,AMZN
2009-03-13,69.64,69.74,67.53,68.63,8903580,AMZN,AMZN
2009-03-16,68.56,69.3,66.68,66.98,9437238,AMZN,AMZN
2009-03-17,67.37,71.7,67.0,71.35,11910404,AMZN,AMZN
2009-03-18,70.97,73.91,70.13,71.25,10404576,AMZN,AMZN
2009-03-19,71.4,71.91,69.24,70.1,8819453,AMZN,AMZN
2009-03-20,70.39,70.89,69.08,69.96,8469588,AMZN,AMZN
2009-03-23,71.36,75.61,70.7,75.58,8613864,AMZN,AMZN
2009-03-24,74.85,75.0,72.31,72.81,7459484,AMZN,AMZN
2009-03-25,73.09,73.95,69.84,72.4,7897334,AMZN,AMZN
2009-03-26,73.47,74.98,72.64,73.69,6659748,AMZN,AMZN
2009-03-27,71.61,72.29,70.1,70.52,8571349,AMZN,AMZN
2009-03-30,70.4,71.67,69.75,71.44,8378604,AMZN,AMZN
2009-03-31,72.61,74.5,72.12,73.44,8923797,AMZN,AMZN
2009-04-01,73.02,75.09,71.71,73.5,7048900,AMZN,AMZN
2009-04-02,73.63,77.24,73.44,76.34,11069015,AMZN,AMZN
2009-04-03,76.42,78.32,75.5,78.17,5810612,AMZN,AMZN
2009-04-06,77.26,78.36,76.0,77.99,5758168,AMZN,AMZN
2009-04-07,76.97,77.08,74.88,75.51,5751060,AMZN,AMZN
2009-04-08,75.93,77.11,74.57,76.98,5653014,AMZN,AMZN
2009-04-09,77.51,80.0,77.26,79.77,7082960,AMZN,AMZN
2009-04-13,79.84,79.97,77.85,78.94,6214392,AMZN,AMZN
2009-04-14,78.0,79.46,76.94,77.22,6165530,AMZN,AMZN
2009-04-15,75.5,75.81,73.51,74.71,9414387,AMZN,AMZN
2009-04-16,75.33,77.48,75.16,77.25,7469329,AMZN,AMZN
2009-04-17,76.78,78.72,75.88,78.05,7428739,AMZN,AMZN
2009-04-20,78.44,79.79,76.83,77.57,8690862,AMZN,AMZN
2009-04-21,77.33,79.1,77.29,78.74,7163121,AMZN,AMZN
2009-04-22,78.17,82.18,77.81,79.2,8775429,AMZN,AMZN
2009-04-23,81.33,82.06,79.08,80.61,16187647,AMZN,AMZN
2009-04-24,82.03,86.68,80.73,84.46,23485530,AMZN,AMZN
2009-04-27,83.88,84.98,82.21,83.12,9708383,AMZN,AMZN
2009-04-28,82.68,85.35,82.4,82.4,7926273,AMZN,AMZN
2009-04-29,82.99,82.99,79.26,79.79,9735101,AMZN,AMZN
2009-04-30,80.93,82.67,79.89,80.52,8542850,AMZN,AMZN
2009-05-01,80.38,80.38,77.85,78.96,6122810,AMZN,AMZN
2009-05-04,80.26,81.35,78.85,79.77,7027040,AMZN,AMZN
2009-05-05,81.01,82.0,80.19,81.9,5874620,AMZN,AMZN
2009-05-06,82.88,83.6,79.66,81.99,8604502,AMZN,AMZN
2009-05-07,82.73,82.75,77.88,79.28,9634072,AMZN,AMZN
2009-05-08,79.69,80.23,76.31,77.95,8194521,AMZN,AMZN
2009-05-11,76.8,79.85,76.01,78.61,6874522,AMZN,AMZN
2009-05-12,78.7,78.97,76.53,77.93,5551172,AMZN,AMZN
2009-05-13,76.25,76.65,74.01,74.19,8773677,AMZN,AMZN
2009-05-14,73.79,76.06,73.31,75.11,9344465,AMZN,AMZN
2009-05-15,74.54,76.21,73.42,73.6,8011614,AMZN,AMZN
2009-05-18,73.96,75.96,73.1,75.95,6829332,AMZN,AMZN
2009-05-19,75.43,78.96,75.12,77.87,8028819,AMZN,AMZN
2009-05-20,78.5,81.11,77.42,77.97,7351038,AMZN,AMZN
2009-05-21,76.75,77.97,75.4,75.96,5641004,AMZN,AMZN
2009-05-22,76.1,77.04,75.02,75.64,3485111,AMZN,AMZN
2009-05-26,75.03,78.48,74.55,78.39,6705208,AMZN,AMZN
2009-05-27,78.51,79.5,76.75,77.1,5568781,AMZN,AMZN
2009-05-28,77.7,79.1,75.88,77.65,4943146,AMZN,AMZN
2009-05-29,77.72,78.01,76.4,77.99,5073328,AMZN,AMZN
2009-06-01,78.21,84.8,77.49,83.05,10799647,AMZN,AMZN
2009-06-02,82.42,85.45,82.1,84.93,9397696,AMZN,AMZN
2009-06-03,83.31,85.71,83.13,85.68,7604819,AMZN,AMZN
2009-06-04,85.42,86.4,84.57,85.52,5465857,AMZN,AMZN
2009-06-05,86.29,87.95,85.3,87.56,8263699,AMZN,AMZN
2009-06-08,86.75,87.18,85.11,86.36,5602729,AMZN,AMZN
2009-06-09,86.93,87.67,86.17,87.08,4476843,AMZN,AMZN
2009-06-10,87.58,88.56,84.83,86.59,6073764,AMZN,AMZN
2009-06-11,86.3,87.49,85.05,85.69,5013239,AMZN,AMZN
2009-06-12,85.03,85.2,82.01,84.08,6223054,AMZN,AMZN
2009-06-15,82.83,83.3,81.0,83.18,5401783,AMZN,AMZN
2009-06-16,83.7,83.95,81.28,82.15,5466890,AMZN,AMZN
2009-06-17,82.5,84.3,80.64,82.65,7785114,AMZN,AMZN
2009-06-18,82.81,82.95,81.0,81.6,5453159,AMZN,AMZN
2009-06-19,82.15,83.46,81.5,82.96,5441504,AMZN,AMZN
2009-06-22,82.41,82.43,78.56,79.15,9745956,AMZN,AMZN
2009-06-23,78.97,79.1,76.25,77.68,7415651,AMZN,AMZN
2009-06-24,78.0,80.53,77.8,79.27,6081398,AMZN,AMZN
2009-06-25,79.1,82.23,79.03,82.2,7361783,AMZN,AMZN
2009-06-26,81.9,84.14,81.13,83.88,8775789,AMZN,AMZN
2009-06-29,83.87,84.2,82.41,83.03,6271127,AMZN,AMZN
2009-06-30,83.62,84.92,82.47,83.66,7985047,AMZN,AMZN
2009-07-01,84.42,84.5,81.37,81.6,6981982,AMZN,AMZN
2009-07-02,81.11,81.37,78.51,79.32,7219034,AMZN,AMZN
2009-07-06,78.45,78.89,76.54,78.1,7369682,AMZN,AMZN
2009-07-07,78.53,78.69,75.41,75.63,6491924,AMZN,AMZN
2009-07-08,76.46,77.93,75.7,77.36,8541112,AMZN,AMZN
2009-07-09,78.25,78.54,76.82,78.1,6359553,AMZN,AMZN
2009-07-10,77.52,78.82,76.17,77.63,5976111,AMZN,AMZN
2009-07-13,78.07,81.65,78.01,81.47,8051114,AMZN,AMZN
2009-07-14,81.48,82.42,80.42,81.95,4550911,AMZN,AMZN
2009-07-15,83.0,84.64,82.78,84.55,6340817,AMZN,AMZN
2009-07-16,84.42,86.24,83.72,86.11,5362602,AMZN,AMZN
2009-07-17,85.8,86.5,85.2,85.85,5061142,AMZN,AMZN
2009-07-20,86.27,88.88,86.26,88.23,6059709,AMZN,AMZN
2009-07-21,88.52,89.01,87.4,89.01,7728517,AMZN,AMZN
2009-07-22,88.65,89.23,87.78,88.79,5329527,AMZN,AMZN
2009-07-23,89.84,94.4,89.59,93.87,19162086,AMZN,AMZN
2009-07-24,87.6,88.9,85.5,86.49,19213472,AMZN,AMZN
2009-07-27,86.24,86.49,83.56,84.24,11282175,AMZN,AMZN
2009-07-28,83.84,85.64,82.6,84.98,8774874,AMZN,AMZN
2009-07-29,84.47,85.5,83.52,84.34,6504208,AMZN,AMZN
2009-07-30,85.64,87.25,85.17,86.09,7257205,AMZN,AMZN
2009-07-31,85.76,86.75,84.62,85.76,5887769,AMZN,AMZN
2009-08-03,86.56,88.2,86.56,87.44,6665594,AMZN,AMZN
2009-08-04,87.48,87.48,84.93,85.8,6180160,AMZN,AMZN
2009-08-05,85.64,85.75,83.02,84.29,7281546,AMZN,AMZN
2009-08-06,84.31,84.84,83.05,84.47,4693999,AMZN,AMZN
2009-08-07,84.1,85.96,84.1,85.32,5628191,AMZN,AMZN
2009-08-10,85.01,85.47,83.27,84.44,4440909,AMZN,AMZN
2009-08-11,83.64,84.4,82.45,83.56,5026345,AMZN,AMZN
2009-08-12,83.42,86.6,83.38,85.96,5619570,AMZN,AMZN
2009-08-13,85.72,86.37,84.07,84.6,5714438,AMZN,AMZN
2009-08-14,84.11,84.17,82.78,83.58,4925497,AMZN,AMZN
2009-08-17,81.16,81.78,80.25,81.06,6890795,AMZN,AMZN
2009-08-18,81.41,82.69,80.79,82.12,5884830,AMZN,AMZN
2009-08-19,80.91,83.0,80.49,83.0,5173178,AMZN,AMZN
2009-08-20,82.98,84.35,82.66,84.09,5375542,AMZN,AMZN
2009-08-21,84.78,85.06,83.54,85.0,6131243,AMZN,AMZN
2009-08-24,85.17,85.59,84.24,84.5,4723379,AMZN,AMZN
2009-08-25,84.66,86.34,83.95,84.19,4794573,AMZN,AMZN
2009-08-26,84.1,84.76,83.38,84.0,3613748,AMZN,AMZN
2009-08-27,84.01,84.85,83.14,84.31,3998522,AMZN,AMZN
2009-08-28,84.78,84.99,82.57,82.76,4620727,AMZN,AMZN
2009-08-31,81.93,81.95,80.35,81.19,5263745,AMZN,AMZN
2009-09-01,80.74,82.42,79.0,79.16,6246458,AMZN,AMZN
2009-09-02,79.04,80.15,77.8,78.14,6521511,AMZN,AMZN
2009-09-03,78.39,78.96,77.51,78.46,4140403,AMZN,AMZN
2009-09-04,78.27,79.78,77.63,78.87,4672738,AMZN,AMZN
2009-09-08,79.86,81.04,78.87,80.9,7037954,AMZN,AMZN
2009-09-09,80.6,82.63,80.5,82.24,6776288,AMZN,AMZN
2009-09-10,82.33,84.07,82.3,83.85,7024878,AMZN,AMZN
2009-09-11,84.44,84.9,83.76,84.54,6008763,AMZN,AMZN
2009-09-14,83.81,84.57,83.46,83.86,3572198,AMZN,AMZN
2009-09-15,84.17,84.41,82.79,83.55,4453318,AMZN,AMZN
2009-09-16,85.91,90.98,85.9,90.7,13114218,AMZN,AMZN
2009-09-17,90.75,91.19,89.0,90.44,7873925,AMZN,AMZN
2009-09-18,90.74,91.0,89.47,90.28,6770503,AMZN,AMZN
2009-09-21,89.69,90.76,88.48,90.56,4211826,AMZN,AMZN
2009-09-22,91.46,94.19,91.1,93.75,8268508,AMZN,AMZN
2009-09-23,92.82,94.5,92.22,92.38,5685737,AMZN,AMZN
2009-09-24,92.0,92.71,90.77,92.11,5078653,AMZN,AMZN
2009-09-25,91.44,92.25,89.75,90.52,4257438,AMZN,AMZN
2009-09-28,91.04,92.81,90.6,92.21,3508883,AMZN,AMZN
2009-09-29,91.96,92.33,90.1,91.72,4395119,AMZN,AMZN
2009-09-30,92.26,94.17,91.43,93.36,8539171,AMZN,AMZN
2009-10-01,92.5,92.9,90.37,91.04,6645100,AMZN,AMZN
2009-10-02,90.05,91.14,89.58,89.85,5040763,AMZN,AMZN
2009-10-05,90.25,90.93,88.27,88.67,7030859,AMZN,AMZN
2009-10-06,89.33,91.08,88.4,90.91,6964194,AMZN,AMZN
2009-10-07,91.5,94.48,91.15,93.97,7446537,AMZN,AMZN
2009-10-08,94.8,96.72,94.23,95.22,9679473,AMZN,AMZN
2009-10-09,95.0,95.95,94.26,95.71,4696040,AMZN,AMZN
2009-10-12,96.17,96.25,93.07,93.6,5592819,AMZN,AMZN
2009-10-13,93.83,95.25,93.68,94.83,4721887,AMZN,AMZN
2009-10-14,96.22,97.82,96.02,97.46,5556728,AMZN,AMZN
2009-10-15,95.13,97.06,95.08,96.01,6247458,AMZN,AMZN
2009-10-16,95.3,96.12,93.61,95.32,7040171,AMZN,AMZN
2009-10-19,95.35,96.28,94.25,94.68,6019074,AMZN,AMZN
2009-10-20,95.91,96.1,94.27,94.98,7779453,AMZN,AMZN
2009-10-21,95.27,96.63,92.91,93.42,7761183,AMZN,AMZN
2009-10-22,93.66,94.1,91.7,93.45,16518488,AMZN,AMZN
2009-10-23,111.05,119.65,110.62,118.49,58305777,AMZN,AMZN
2009-10-26,119.21,125.68,118.49,124.64,32271172,AMZN,AMZN
2009-10-27,122.93,124.26,119.42,122.07,20304181,AMZN,AMZN
2009-10-28,121.57,125.12,120.76,121.64,16887612,AMZN,AMZN
2009-10-29,123.9,124.3,120.12,122.58,12820836,AMZN,AMZN
2009-10-30,121.97,122.9,118.21,118.81,13316374,AMZN,AMZN
2009-11-02,118.66,119.5,116.71,118.84,11281917,AMZN,AMZN
2009-11-03,117.67,118.88,116.63,118.37,9481397,AMZN,AMZN
2009-11-04,119.0,119.25,116.76,117.1,7617909,AMZN,AMZN
2009-11-05,117.46,120.95,116.25,120.61,9091150,AMZN,AMZN
2009-11-06,123.0,126.98,122.67,126.2,13229961,AMZN,AMZN
2009-11-09,127.11,128.32,125.59,126.67,8633579,AMZN,AMZN
2009-11-10,126.8,130.61,126.0,130.15,10532558,AMZN,AMZN
2009-11-11,131.08,131.31,128.33,129.91,7435623,AMZN,AMZN
2009-11-12,129.98,132.15,129.98,130.53,7212653,AMZN,AMZN
2009-11-13,131.16,132.99,129.75,132.97,7383213,AMZN,AMZN
2009-11-16,132.12,134.56,130.98,131.59,9018242,AMZN,AMZN
2009-11-17,131.4,131.85,129.32,131.25,7750892,AMZN,AMZN
2009-11-18,130.9,131.41,129.53,131.29,5217567,AMZN,AMZN
2009-11-19,130.54,130.54,128.48,128.99,6000582,AMZN,AMZN
2009-11-20,127.76,129.99,127.41,129.66,6655545,AMZN,AMZN
2009-11-23,131.05,133.0,131.0,133.0,6878046,AMZN,AMZN
2009-11-24,133.57,134.33,132.22,132.94,7319683,AMZN,AMZN
2009-11-25,133.31,134.2,132.4,134.03,5076447,AMZN,AMZN
2009-11-27,130.3,133.0,129.88,131.74,4422567,AMZN,AMZN
2009-11-30,132.19,136.08,132.16,135.91,10127170,AMZN,AMZN
2009-12-01,136.94,139.35,135.75,138.5,9657579,AMZN,AMZN
2009-12-02,139.15,142.67,138.96,142.25,11797944,AMZN,AMZN
2009-12-03,143.62,145.91,140.77,141.17,16523480,AMZN,AMZN
2009-12-04,143.42,143.45,135.11,137.58,14830864,AMZN,AMZN
2009-12-07,138.0,139.0,133.84,134.21,7842080,AMZN,AMZN
2009-12-08,134.3,136.08,132.87,134.11,8006894,AMZN,AMZN
2009-12-09,134.6,134.71,129.82,131.31,12632819,AMZN,AMZN
2009-12-10,132.41,136.19,132.4,135.38,11349588,AMZN,AMZN
2009-12-11,136.07,136.29,133.2,134.15,8051364,AMZN,AMZN
2009-12-14,132.5,132.61,129.35,131.38,10022856,AMZN,AMZN
2009-12-15,130.76,132.46,129.59,130.23,7434131,AMZN,AMZN
2009-12-16,130.93,131.45,127.65,128.36,10261207,AMZN,AMZN
2009-12-17,129.36,130.08,126.9,126.91,8482959,AMZN,AMZN
2009-12-18,127.91,128.79,125.65,128.48,9605358,AMZN,AMZN
2009-12-21,130.48,133.2,130.19,132.79,9480258,AMZN,AMZN
2006-01-03,51.7,52.58,51.05,52.58,7825700,AXP,AXP
2006-01-04,52.44,52.57,51.81,51.95,5729400,AXP,AXP
2006-01-05,51.9,52.51,51.9,52.5,3926000,AXP,AXP
2006-01-06,52.64,52.87,52.28,52.68,4137800,AXP,AXP
2006-01-09,52.82,53.99,52.82,53.99,6093300,AXP,AXP
2006-01-10,53.58,53.91,53.51,53.83,4894100,AXP,AXP
2006-01-11,53.7,53.82,53.42,53.54,4611800,AXP,AXP
2006-01-12,53.58,53.7,53.25,53.55,2995000,AXP,AXP
2006-01-13,53.7,53.92,53.4,53.44,7639300,AXP,AXP
2006-01-17,53.08,53.25,52.83,52.96,4915200,AXP,AXP
2006-01-18,52.65,53.07,52.6,52.86,5606100,AXP,AXP
2006-01-19,53.06,53.1,52.48,52.59,4638700,AXP,AXP
2006-01-20,52.59,52.59,51.28,51.4,11886200,AXP,AXP
2006-01-23,51.5,52.35,51.38,51.44,10460600,AXP,AXP
2006-01-24,51.9,52.97,51.81,52.82,8565200,AXP,AXP
2006-01-25,52.5,53.25,52.5,52.9,7591100,AXP,AXP
2006-01-26,53.15,53.48,52.95,53.32,5302200,AXP,AXP
2006-01-27,53.22,53.49,53.05,53.3,6928900,AXP,AXP
2006-01-30,53.15,53.22,52.52,52.68,6335800,AXP,AXP
2006-01-31,52.51,52.91,52.25,52.45,5701300,AXP,AXP
2006-02-01,52.45,52.82,52.32,52.62,3847400,AXP,AXP
2006-02-02,52.6,52.86,52.32,52.56,5521200,AXP,AXP
2006-02-03,52.57,52.88,52.28,52.33,4008900,AXP,AXP
2006-02-06,52.22,52.4,51.8,52.22,2948400,AXP,AXP
2006-02-07,52.1,52.45,52.02,52.07,3506400,AXP,AXP
2006-02-08,51.97,52.86,51.65,52.73,5284600,AXP,AXP
2006-02-09,52.95,53.74,52.77,53.04,4959000,AXP,AXP
2006-02-10,53.14,53.44,52.72,53.0,3741400,AXP,AXP
2006-02-13,53.0,53.49,52.94,53.02,3812100,AXP,AXP
2006-02-14,53.3,53.95,53.15,53.51,4900700,AXP,AXP
2006-02-15,53.68,54.24,53.56,54.19,4576100,AXP,AXP
2006-02-16,54.05,54.48,53.82,54.48,4240600,AXP,AXP
2006-02-17,54.48,54.49,54.1,54.45,4385800,AXP,AXP
2006-02-21,54.5,54.57,53.83,53.86,3990900,AXP,AXP
2006-02-22,53.97,54.95,53.95,54.84,6256200,AXP,AXP
2006-02-23,54.28,55.0,54.18,54.57,4328300,AXP,AXP
2006-02-24,54.59,54.95,54.51,54.87,2890200,AXP,AXP
2006-02-27,54.87,54.94,54.6,54.74,2582500,AXP,AXP
2006-02-28,54.3,54.49,53.88,53.88,8026700,AXP,AXP
2006-03-01,53.95,54.2,53.77,54.12,2956800,AXP,AXP
2006-03-02,54.11,54.29,53.75,53.78,4595300,AXP,AXP
2006-03-03,53.6,54.35,53.55,53.75,3756200,AXP,AXP
2006-03-06,53.73,54.13,53.64,53.75,3676400,AXP,AXP
2006-03-07,53.55,54.0,53.43,53.59,4394200,AXP,AXP
2006-03-08,53.59,54.05,53.42,53.84,5726400,AXP,AXP
2006-03-09,53.81,53.92,53.09,53.2,5611500,AXP,AXP
2006-03-10,53.25,54.31,53.1,54.23,4243400,AXP,AXP
2006-03-13,54.45,54.49,53.55,53.84,4301900,AXP,AXP
2006-03-14,53.77,54.06,53.73,53.96,4237100,AXP,AXP
2006-03-15,53.96,54.14,53.8,54.02,2821700,AXP,AXP
2006-03-16,54.0,54.35,53.95,54.12,3365000,AXP,AXP
2006-03-17,54.41,54.66,54.28,54.65,5720300,AXP,AXP
2006-03-20,55.0,55.0,54.08,54.12,2893000,AXP,AXP
2006-03-21,53.96,54.02,53.48,53.59,5350200,AXP,AXP
2006-03-22,52.09,53.7,53.28,53.55,3542700,AXP,AXP
2006-03-23,53.55,53.55,52.75,53.1,4385800,AXP,AXP
2006-03-24,53.1,53.28,52.69,53.18,2686400,AXP,AXP
2006-03-27,53.18,53.46,52.93,53.36,3811900,AXP,AXP
2006-03-28,53.4,53.47,52.54,52.57,4858300,AXP,AXP
2006-03-29,52.85,52.91,52.46,52.5,5282100,AXP,AXP
2006-03-30,52.4,52.55,51.96,52.13,6197400,AXP,AXP
2006-03-31,51.76,52.78,51.76,52.55,5182300,AXP,AXP
2006-04-03,52.81,53.1,52.35,52.43,4105800,AXP,AXP
2006-04-04,52.42,53.23,52.19,53.23,2896500,AXP,AXP
2006-04-05,53.45,53.45,52.86,52.9,4224200,AXP,AXP
2006-04-06,52.8,52.84,52.03,52.27,4898900,AXP,AXP
2006-04-07,52.44,52.58,51.65,51.7,4555000,AXP,AXP
2006-04-10,51.68,52.14,51.53,51.85,2273600,AXP,AXP
2006-04-11,51.77,51.93,51.11,51.25,3458200,AXP,AXP
2006-04-12,51.25,51.49,51.1,51.19,2333700,AXP,AXP
2006-04-13,51.2,51.28,51.0,51.21,2534700,AXP,AXP
2006-04-17,51.09,51.41,50.92,51.0,4037300,AXP,AXP
2006-04-18,51.1,52.34,50.92,52.3,5551200,AXP,AXP
2006-04-19,52.3,52.33,51.76,51.87,3198000,AXP,AXP
2006-04-20,51.88,52.63,51.86,52.44,3651300,AXP,AXP
2006-04-21,52.73,52.98,52.17,52.25,7002500,AXP,AXP
2006-04-24,52.2,52.63,51.5,51.78,6387700,AXP,AXP
2006-04-25,51.77,51.85,51.18,51.31,4538500,AXP,AXP
2006-04-26,51.5,51.95,51.48,51.9,5061100,AXP,AXP
2006-04-27,52.0,53.7,51.93,53.7,9230100,AXP,AXP
2006-04-28,53.63,54.14,53.61,53.81,6648500,AXP,AXP
2006-05-01,53.88,53.96,52.68,52.81,6330100,AXP,AXP
2006-05-02,52.9,53.13,52.46,52.53,4540500,AXP,AXP
2006-05-03,52.45,52.58,52.24,52.38,4844900,AXP,AXP
2006-05-04,52.25,52.92,52.18,52.75,4708000,AXP,AXP
2006-05-05,53.0,53.92,52.96,53.75,5817900,AXP,AXP
2006-05-08,53.65,54.02,53.56,53.6,3875500,AXP,AXP
2006-05-09,53.6,53.76,53.43,53.57,3794700,AXP,AXP
2006-05-10,53.42,53.84,53.35,53.62,3788300,AXP,AXP
2006-05-11,53.57,53.58,52.57,52.71,5587900,AXP,AXP
2006-05-12,52.6,53.17,52.41,52.89,6944600,AXP,AXP
2006-05-15,52.7,53.25,52.7,53.13,5496500,AXP,AXP
2006-05-16,53.2,53.23,52.85,52.98,2821000,AXP,AXP
2006-05-17,52.6,52.75,51.9,52.0,8041400,AXP,AXP
2006-05-18,52.07,52.4,51.9,51.91,5911200,AXP,AXP
2006-05-19,52.01,52.34,52.0,52.23,6901200,AXP,AXP
2006-05-22,51.88,52.57,51.33,51.9,7965500,AXP,AXP
2006-05-23,52.3,52.54,52.15,52.22,6307400,AXP,AXP
2006-05-24,52.33,53.64,52.3,53.41,10394600,AXP,AXP
2006-05-25,53.42,54.25,53.42,54.09,6457200,AXP,AXP
2006-05-26,54.22,54.52,54.16,54.41,5528300,AXP,AXP
2006-05-30,54.41,54.41,53.68,53.8,5608900,AXP,AXP
2006-05-31,54.0,54.41,53.74,54.36,5184700,AXP,AXP
2006-06-01,54.5,54.81,54.18,54.78,4275500,AXP,AXP
2006-06-02,54.78,54.91,54.24,54.72,4667400,AXP,AXP
2006-06-05,54.55,54.7,53.49,53.6,5099500,AXP,AXP
2006-06-06,53.83,53.96,52.84,53.26,5753300,AXP,AXP
2006-06-07,53.4,54.17,53.29,53.48,4898000,AXP,AXP
2006-06-08,53.25,53.96,52.61,53.39,6428100,AXP,AXP
2006-06-09,53.4,53.77,52.99,53.46,3600900,AXP,AXP
2006-06-12,53.49,53.74,52.72,52.83,4075900,AXP,AXP
2006-06-13,52.84,53.55,52.18,52.22,6325700,AXP,AXP
2006-06-14,52.18,52.76,52.1,52.74,7001100,AXP,AXP
2006-06-15,53.0,53.65,52.78,53.57,5592600,AXP,AXP
2006-06-16,53.57,53.57,52.75,52.92,7422600,AXP,AXP
2006-06-19,52.91,52.97,52.12,52.22,4987100,AXP,AXP
2006-06-20,52.38,53.45,52.18,52.73,5069000,AXP,AXP
2006-06-21,52.73,53.47,52.64,53.13,4931300,AXP,AXP
2006-06-22,52.78,52.99,52.5,52.75,3205600,AXP,AXP
2006-06-23,52.5,53.02,52.4,52.59,2674300,AXP,AXP
2006-06-26,52.63,53.0,52.6,52.99,2430600,AXP,AXP
2006-06-27,52.96,53.0,52.3,52.31,2730300,AXP,AXP
2006-06-28,52.5,52.78,52.0,52.18,3676800,AXP,AXP
2006-06-29,52.43,53.92,52.41,53.89,4487700,AXP,AXP
2006-06-30,54.0,54.29,53.22,53.22,4178300,AXP,AXP
2006-07-03,53.24,53.87,53.24,53.66,1806000,AXP,AXP
2006-07-05,53.05,53.2,52.35,52.5,5450800,AXP,AXP
2006-07-06,52.55,52.9,52.42,52.54,2505200,AXP,AXP
2006-07-07,52.5,52.55,51.82,51.98,3861400,AXP,AXP
2006-07-10,52.2,52.48,52.09,52.1,2356900,AXP,AXP
2006-07-11,52.11,52.59,51.9,52.49,3274500,AXP,AXP
2006-07-12,52.54,52.87,52.1,52.2,2811200,AXP,AXP
2006-07-13,51.98,52.06,51.2,51.25,5819900,AXP,AXP
2006-07-14,51.15,51.43,50.67,51.27,5789200,AXP,AXP
2006-07-17,51.4,51.56,51.2,51.25,4016800,AXP,AXP
2006-07-18,51.2,51.36,50.4,50.95,3882800,AXP,AXP
2006-07-19,51.2,52.34,50.91,52.1,4795900,AXP,AXP
2006-07-20,51.95,52.15,51.79,51.79,4676300,AXP,AXP
2006-07-21,51.74,51.75,50.4,50.62,7237800,AXP,AXP
2006-07-24,51.0,51.68,49.73,50.66,13633300,AXP,AXP
2006-07-25,51.65,51.65,50.32,50.84,7248500,AXP,AXP
2006-07-26,50.9,51.95,50.9,51.75,8034000,AXP,AXP
2006-07-27,51.95,52.07,51.26,51.29,4184700,AXP,AXP
2006-07-28,51.75,52.37,51.64,52.19,6001500,AXP,AXP
2006-07-31,51.9,52.19,51.87,52.06,4275500,AXP,AXP
2006-08-01,51.92,52.18,51.5,52.11,3867600,AXP,AXP
2006-08-02,52.0,52.15,51.57,51.77,4676700,AXP,AXP
2006-08-03,51.4,52.23,51.4,52.13,3620300,AXP,AXP
2006-08-04,52.38,52.93,52.0,52.21,4442900,AXP,AXP
2006-08-07,51.97,52.51,51.91,52.1,3376500,AXP,AXP
2006-08-08,52.3,53.0,51.97,52.27,5170300,AXP,AXP
2006-08-09,52.32,52.53,52.02,52.06,5089100,AXP,AXP
2006-08-10,52.06,52.07,51.62,51.98,3912800,AXP,AXP
2006-08-11,51.65,51.89,51.19,51.8,4287200,AXP,AXP
2006-08-14,52.15,52.2,51.74,51.8,3283400,AXP,AXP
2006-08-15,52.42,52.97,52.12,52.81,3744800,AXP,AXP
2006-08-16,52.81,53.14,52.75,53.03,3564200,AXP,AXP
2006-08-17,53.03,53.72,52.75,53.51,3483000,AXP,AXP
2006-08-18,53.53,53.53,53.11,53.26,2821400,AXP,AXP
2006-08-21,53.26,53.41,52.83,53.3,3725500,AXP,AXP
2006-08-22,53.1,53.43,52.88,53.09,2543400,AXP,AXP
2006-08-23,53.0,53.22,52.95,53.0,3847800,AXP,AXP
2006-08-24,53.22,53.3,53.0,53.13,2403800,AXP,AXP
2006-08-25,53.0,53.0,52.68,52.92,3007000,AXP,AXP
2006-08-28,52.83,53.12,52.79,52.94,2569300,AXP,AXP
2006-08-29,53.0,53.03,52.3,52.55,4245000,AXP,AXP
2006-08-30,52.68,52.69,52.38,52.47,4115500,AXP,AXP
2006-08-31,52.3,52.66,52.3,52.54,3240400,AXP,AXP
2006-09-01,52.56,52.73,52.47,52.55,3069200,AXP,AXP
2006-09-05,52.15,52.86,52.1,52.65,3389300,AXP,AXP
2006-09-06,52.4,52.54,52.24,52.32,3771200,AXP,AXP
2006-09-07,52.08,52.69,52.07,52.3,4356400,AXP,AXP
2006-09-08,51.51,52.87,51.49,52.62,5856400,AXP,AXP
2006-09-11,52.5,52.63,52.35,52.48,5150500,AXP,AXP
2006-09-12,52.58,52.83,52.41,52.61,3942300,AXP,AXP
2006-09-13,52.69,53.53,52.6,53.41,4410300,AXP,AXP
2006-09-14,53.42,53.64,53.25,53.48,3340800,AXP,AXP
2006-09-15,53.88,54.0,53.48,53.75,6493300,AXP,AXP
2006-09-18,53.52,53.82,53.22,53.49,3041200,AXP,AXP
2006-09-19,53.41,53.6,53.19,53.41,3562900,AXP,AXP
2006-09-20,53.68,54.34,53.5,54.26,4226800,AXP,AXP
2006-09-21,54.12,55.07,54.01,54.24,7782300,AXP,AXP
2006-09-22,54.12,54.49,54.0,54.11,2753200,AXP,AXP
2006-09-25,54.49,55.16,53.86,54.94,6268600,AXP,AXP
2006-09-26,54.85,56.11,54.66,55.96,9483400,AXP,AXP
2006-09-27,55.84,56.04,55.48,56.03,6461100,AXP,AXP
2006-09-28,55.88,56.19,55.62,55.99,4293600,AXP,AXP
2006-09-29,55.8,56.1,55.55,56.08,4969800,AXP,AXP
2006-10-02,56.08,56.08,55.0,55.18,5109000,AXP,AXP
2006-10-03,55.19,56.0,55.19,55.99,5701500,AXP,AXP
2006-10-04,56.0,56.62,55.66,56.56,5254200,AXP,AXP
2006-10-05,56.28,56.65,56.12,56.65,3137500,AXP,AXP
2006-10-06,56.25,56.6,56.19,56.59,4127600,AXP,AXP
2006-10-09,56.45,56.67,56.14,56.52,4114300,AXP,AXP
2006-10-10,56.8,57.66,56.74,57.66,12038600,AXP,AXP
2006-10-11,57.6,57.72,57.09,57.45,7349600,AXP,AXP
2006-10-12,57.55,57.95,57.42,57.89,6303900,AXP,AXP
2006-10-13,57.9,58.02,57.64,58.02,6883200,AXP,AXP
2006-10-16,57.98,58.0,57.63,57.64,4099600,AXP,AXP
2006-10-17,57.64,58.16,57.47,58.1,5585500,AXP,AXP
2006-10-18,58.22,58.43,57.7,57.93,6771000,AXP,AXP
2006-10-19,57.93,58.11,57.58,57.97,4808800,AXP,AXP
2006-10-20,58.2,58.24,57.68,58.04,4734400,AXP,AXP
2006-10-23,57.76,58.34,56.28,56.65,19388100,AXP,AXP
2006-10-24,56.65,57.11,56.52,56.7,8771100,AXP,AXP
2006-10-25,56.71,57.09,56.71,56.86,7068100,AXP,AXP
2006-10-26,56.86,57.98,56.85,57.82,5784000,AXP,AXP
2006-10-27,57.76,57.8,57.09,57.27,5271500,AXP,AXP
2006-10-30,57.28,57.48,57.23,57.31,3907500,AXP,AXP
2006-10-31,57.54,57.81,57.46,57.81,5618200,AXP,AXP
2006-11-01,58.0,58.36,57.6,57.65,8255100,AXP,AXP
2006-11-02,57.55,57.55,57.2,57.46,3838500,AXP,AXP
2006-11-03,57.51,57.7,57.0,57.06,3384300,AXP,AXP
2006-11-06,57.3,58.24,57.26,58.16,5294700,AXP,AXP
2006-11-07,58.2,58.65,58.16,58.45,4595300,AXP,AXP
2006-11-08,58.65,59.5,58.6,59.07,7860600,AXP,AXP
2006-11-09,59.05,59.13,58.75,58.91,5556200,AXP,AXP
2006-11-10,58.91,58.95,58.67,58.86,3590800,AXP,AXP
2006-11-13,58.88,59.06,58.83,58.97,5049400,AXP,AXP
2006-11-14,58.94,59.43,58.79,59.34,5505800,AXP,AXP
2006-11-15,59.3,59.64,59.28,59.48,4461000,AXP,AXP
2006-11-16,59.54,59.7,59.29,59.57,5205400,AXP,AXP
2006-11-17,59.57,59.9,59.44,59.84,4844100,AXP,AXP
2006-11-20,59.84,59.86,59.35,59.58,4134500,AXP,AXP
2006-11-21,59.4,59.88,59.25,59.41,3578000,AXP,AXP
2006-11-22,59.4,59.9,59.35,59.89,3646000,AXP,AXP
2006-11-24,59.55,59.93,59.55,59.9,1679900,AXP,AXP
2006-11-27,59.7,59.9,58.62,58.82,6097800,AXP,AXP
2006-11-28,58.65,59.03,58.44,58.9,5238500,AXP,AXP
2006-11-29,58.95,59.08,58.5,58.77,4393700,AXP,AXP
2006-11-30,58.77,59.03,58.21,58.72,6792200,AXP,AXP
2006-12-01,58.8,58.87,58.0,58.55,4838300,AXP,AXP
2006-12-04,58.8,59.98,58.7,59.89,5513300,AXP,AXP
2006-12-05,59.42,59.98,59.28,59.85,4365600,AXP,AXP
2006-12-06,59.85,59.92,59.26,59.67,3104000,AXP,AXP
2006-12-07,59.8,60.05,59.05,59.17,5015800,AXP,AXP
2006-12-08,59.06,59.85,59.04,59.83,3517600,AXP,AXP
2006-12-11,59.77,59.99,59.04,59.31,5031300,AXP,AXP
2006-12-12,59.15,59.25,58.59,59.12,5468000,AXP,AXP
2006-12-13,59.68,60.05,58.88,59.97,5874800,AXP,AXP
2006-12-14,59.97,62.05,59.94,61.9,11181400,AXP,AXP
2006-12-15,61.92,62.3,61.6,61.64,7634100,AXP,AXP
2006-12-18,61.7,62.5,61.7,61.77,4803000,AXP,AXP
2006-12-19,61.45,62.0,61.2,61.55,4299400,AXP,AXP
2006-12-20,61.5,61.69,61.11,61.33,3606800,AXP,AXP
2006-12-21,61.34,61.6,60.82,60.86,3647900,AXP,AXP
2006-12-22,60.69,61.09,60.56,60.85,2102700,AXP,AXP
2006-12-26,60.88,61.24,60.82,61.16,1554800,AXP,AXP
2006-12-27,61.55,61.81,61.19,61.57,2478400,AXP,AXP
2006-12-28,61.64,61.93,61.05,61.14,2369500,AXP,AXP
2006-12-29,61.05,61.31,60.58,60.67,2239500,AXP,AXP
2007-01-03,61.18,61.9,60.05,60.36,6143300,AXP,AXP
2007-01-04,60.23,60.57,59.79,59.92,5672900,AXP,AXP
2007-01-05,59.65,59.87,58.9,59.13,6818100,AXP,AXP
2007-01-08,59.03,59.76,58.35,59.69,5000600,AXP,AXP
2007-01-09,59.9,59.95,59.0,59.31,5064100,AXP,AXP
2007-01-10,59.24,59.37,58.71,59.27,4366800,AXP,AXP
2007-01-11,59.25,59.57,59.06,59.45,4204900,AXP,AXP
2007-01-12,59.35,59.41,58.76,59.01,5002900,AXP,AXP
2007-01-16,58.85,59.18,58.68,59.13,5354200,AXP,AXP
2007-01-17,59.16,59.5,59.0,59.22,4898000,AXP,AXP
2007-01-18,58.5,59.43,58.5,59.0,4606600,AXP,AXP
2007-01-19,59.23,59.23,58.04,58.09,8192600,AXP,AXP
2007-01-22,58.3,58.63,57.14,58.06,13233300,AXP,AXP
2007-01-23,58.0,58.15,57.15,57.54,6572200,AXP,AXP
2007-01-24,57.7,58.93,57.65,58.93,5497800,AXP,AXP
2007-01-25,58.78,58.93,57.69,57.77,5103700,AXP,AXP
2007-01-26,57.81,58.05,57.45,57.85,5477000,AXP,AXP
2007-01-29,57.75,57.96,57.5,57.64,4714500,AXP,AXP
2007-01-30,57.68,58.03,57.65,58.01,5177700,AXP,AXP
2007-01-31,58.02,58.45,57.75,58.22,6323900,AXP,AXP
2007-02-01,58.3,58.67,57.91,58.07,4115900,AXP,AXP
2007-02-02,58.3,58.5,58.0,58.16,5033400,AXP,AXP
2007-02-05,58.17,58.48,57.91,58.2,3220000,AXP,AXP
2007-02-06,58.4,58.5,57.59,58.06,4491800,AXP,AXP
2007-02-07,58.23,58.85,58.06,58.68,4487000,AXP,AXP
2007-02-08,58.68,58.68,58.06,58.49,2913600,AXP,AXP
2007-02-09,58.65,58.97,57.31,57.53,4704900,AXP,AXP
2007-02-12,57.69,57.69,56.21,57.0,12378681,AXP,AXP
2007-02-13,57.23,57.78,56.82,57.6,4979522,AXP,AXP
2007-02-14,57.6,59.05,57.35,58.69,7739374,AXP,AXP
2007-02-15,58.52,59.12,58.52,58.85,7609300,AXP,AXP
2007-02-16,59.0,59.15,58.54,59.02,4928100,AXP,AXP
2007-02-20,58.75,59.01,58.08,58.71,4483200,AXP,AXP
2007-02-21,58.26,58.8,58.25,58.53,2681100,AXP,AXP
2007-02-22,58.42,58.77,57.94,58.15,3855300,AXP,AXP
2007-02-23,58.0,58.3,57.77,58.02,3575400,AXP,AXP
2007-02-26,58.02,58.48,57.1,57.14,4242715,AXP,AXP
2007-02-27,57.0,57.03,54.5,55.59,11259700,AXP,AXP
2007-02-28,55.59,57.46,55.75,56.87,11590800,AXP,AXP
2007-03-01,56.2,57.0,55.15,56.55,8759784,AXP,AXP
2007-03-02,56.1,56.45,55.33,55.44,7281000,AXP,AXP
2007-03-05,55.44,55.97,54.9,54.9,6491800,AXP,AXP
2007-03-06,54.9,56.46,55.21,56.37,8311400,AXP,AXP
2007-03-07,56.37,56.27,55.33,55.86,5464100,AXP,AXP
2007-03-08,56.34,57.0,56.12,56.82,5424500,AXP,AXP
2007-03-09,57.07,57.35,56.55,56.9,3819800,AXP,AXP
2007-03-12,56.11,56.96,55.64,56.71,3702294,AXP,AXP
2007-03-13,56.3,56.6,54.71,54.75,7980226,AXP,AXP
2007-03-14,56.71,56.14,53.91,55.71,10665564,AXP,AXP
2007-03-15,55.71,56.24,55.5,56.11,8899200,AXP,AXP
2007-03-16,56.4,56.56,54.95,55.55,7967573,AXP,AXP
2007-03-19,56.26,56.3,55.61,56.04,6295000,AXP,AXP
2007-03-20,56.04,56.41,55.92,56.26,3857400,AXP,AXP
2007-03-21,56.27,57.75,55.66,57.49,7200015,AXP,AXP
2007-03-22,57.4,57.6,56.84,57.44,5546073,AXP,AXP
2007-03-23,57.58,57.91,57.27,57.43,3505600,AXP,AXP
2007-03-26,57.4,57.57,56.69,57.2,3708770,AXP,AXP
2007-03-27,56.95,57.05,56.38,56.43,5419500,AXP,AXP
2007-03-28,56.3,56.36,55.61,55.86,7592740,AXP,AXP
2007-03-29,56.65,56.68,55.84,56.46,4587975,AXP,AXP
2007-03-30,56.65,56.94,55.73,56.4,4139043,AXP,AXP
2007-04-02,56.4,56.69,55.34,55.86,6908060,AXP,AXP
2007-04-03,55.8,56.46,55.72,55.92,7565074,AXP,AXP
2007-04-04,56.0,56.48,55.99,56.31,3600167,AXP,AXP
2007-04-05,56.08,56.18,55.73,55.96,4643565,AXP,AXP
2007-04-09,56.02,56.46,55.67,56.36,3592481,AXP,AXP
2007-04-10,56.2,56.8,56.1,56.41,4464552,AXP,AXP
2007-04-11,56.32,56.8,55.99,56.05,4523239,AXP,AXP
2007-04-12,56.09,56.58,55.55,56.51,5294969,AXP,AXP
2007-04-13,57.0,57.5,56.61,57.36,7326000,AXP,AXP
2007-04-16,57.48,58.72,57.47,58.56,6472205,AXP,AXP
2007-04-17,58.5,58.5,57.87,58.24,5115700,AXP,AXP
2007-04-18,58.3,58.53,58.04,58.44,8385919,AXP,AXP
2007-04-19,58.5,59.1,57.89,58.95,7124373,AXP,AXP
2007-04-20,60.53,61.16,59.7,61.0,14274223,AXP,AXP
2007-04-23,61.5,61.74,60.7,61.15,7559336,AXP,AXP
2007-04-24,61.15,61.31,60.55,60.91,8817622,AXP,AXP
2007-04-25,61.1,62.5,60.52,62.32,10412293,AXP,AXP
2007-04-26,62.15,62.74,61.4,62.14,9451203,AXP,AXP
2007-04-27,61.82,62.5,61.72,62.14,5486866,AXP,AXP
2007-04-30,62.07,62.48,60.63,60.67,9399742,AXP,AXP
2007-05-01,60.68,61.36,60.4,61.32,10964650,AXP,AXP
2007-05-02,61.51,62.78,61.41,62.74,8619421,AXP,AXP
2007-05-03,62.78,63.46,62.5,63.46,8395143,AXP,AXP
2007-05-04,63.47,63.67,63.11,63.39,3754208,AXP,AXP
2007-05-07,63.39,63.5,62.96,63.27,2837200,AXP,AXP
2007-05-08,63.28,63.3,62.65,63.27,3190000,AXP,AXP
2007-05-09,63.28,63.45,62.82,63.28,3213400,AXP,AXP
2007-05-10,63.0,63.22,62.24,62.75,5553147,AXP,AXP
2007-05-11,62.75,63.12,62.3,62.97,3434320,AXP,AXP
2007-05-14,62.92,63.14,62.35,62.42,4400466,AXP,AXP
2007-05-15,62.65,63.5,62.42,63.02,5757193,AXP,AXP
2007-05-16,63.42,64.0,63.22,63.98,5614370,AXP,AXP
2007-05-17,63.91,64.05,63.4,63.56,3041240,AXP,AXP
2007-05-18,63.57,64.28,63.75,63.96,4855250,AXP,AXP
2007-05-21,63.96,64.45,63.86,64.27,4986460,AXP,AXP
2007-05-22,64.24,64.5,63.94,64.27,3237231,AXP,AXP
2007-05-23,64.22,64.66,63.69,63.99,4596678,AXP,AXP
2007-05-24,64.0,64.79,63.93,64.02,6676152,AXP,AXP
2007-05-25,63.95,64.16,63.55,63.63,3606650,AXP,AXP
2007-05-29,63.8,64.38,63.75,64.34,3269120,AXP,AXP
2007-05-30,64.35,65.0,63.8,65.0,5704501,AXP,AXP
2007-05-31,64.96,65.1,64.66,64.98,4768120,AXP,AXP
2007-06-01,65.0,65.11,64.67,65.07,5078813,AXP,AXP
2007-06-04,65.07,65.24,64.73,65.02,3748404,AXP,AXP
2007-06-05,65.0,65.11,64.57,64.79,5707738,AXP,AXP
2007-06-06,64.8,64.79,63.51,63.74,5384661,AXP,AXP
2007-06-07,63.6,64.0,62.61,62.74,6424863,AXP,AXP
2007-06-08,62.74,63.07,62.02,63.04,4290978,AXP,AXP
2007-06-11,63.04,63.42,62.42,63.06,4451030,AXP,AXP
2007-06-12,63.06,63.25,62.06,62.12,4649544,AXP,AXP
2007-06-13,62.5,63.19,62.19,63.15,4263925,AXP,AXP
2007-06-14,63.15,64.01,62.8,63.14,4570300,AXP,AXP
2007-06-15,63.77,63.9,63.29,63.77,7128287,AXP,AXP
2007-06-18,63.98,64.65,63.03,63.14,3807524,AXP,AXP
2007-06-19,63.14,63.38,62.79,63.15,4853100,AXP,AXP
2007-06-20,63.15,63.56,62.04,62.05,4035051,AXP,AXP
2007-06-21,62.05,62.85,60.7,62.66,6375839,AXP,AXP
2007-06-22,62.43,62.66,61.67,61.79,8427200,AXP,AXP
2007-06-25,62.17,62.72,61.35,61.8,5426175,AXP,AXP
2007-06-26,61.8,62.63,61.29,61.33,5585077,AXP,AXP
2007-06-27,61.33,61.62,60.58,61.53,4573455,AXP,AXP
2007-06-28,61.26,61.97,60.75,61.22,6978556,AXP,AXP
2007-06-29,61.65,61.76,60.37,61.18,6528539,AXP,AXP
2007-07-02,61.18,61.93,60.96,61.79,6016933,AXP,AXP
2007-07-03,61.8,62.63,61.59,62.42,2958300,AXP,AXP
2007-07-05,62.18,62.52,61.33,61.38,3458000,AXP,AXP
2007-07-06,61.02,61.8,60.88,61.51,3401520,AXP,AXP
2007-07-09,61.7,62.49,61.39,62.44,4884750,AXP,AXP
2007-07-10,62.49,62.49,60.24,60.3,9896163,AXP,AXP
2007-07-11,60.15,60.83,59.73,60.28,7928200,AXP,AXP
2007-07-12,60.53,63.39,60.28,63.33,9537100,AXP,AXP
2007-07-13,63.3,63.39,62.15,62.83,6013100,AXP,AXP
2007-07-16,62.53,62.72,61.86,61.88,4823957,AXP,AXP
2007-07-17,63.2,64.95,63.1,64.74,10397103,AXP,AXP
2007-07-18,64.1,65.27,64.03,65.05,9492952,AXP,AXP
2007-07-19,65.18,65.89,65.18,65.55,6084851,AXP,AXP
2007-07-20,65.62,65.67,64.31,64.51,7313882,AXP,AXP
2007-07-23,65.22,65.49,64.31,64.66,7266752,AXP,AXP
2007-07-24,63.0,63.5,60.9,61.17,12173169,AXP,AXP
2007-07-25,61.68,61.77,60.68,61.73,8240072,AXP,AXP
2007-07-26,61.15,61.84,58.89,60.26,14111433,AXP,AXP
2007-07-27,60.26,60.75,58.54,58.55,13403800,AXP,AXP
2007-07-30,58.77,60.35,58.5,60.14,9060600,AXP,AXP
2007-07-31,60.97,62.65,58.38,58.54,12150800,AXP,AXP
2007-08-01,58.45,59.76,57.88,59.63,10756149,AXP,AXP
2007-08-02,59.67,61.07,59.61,60.91,8367300,AXP,AXP
2007-08-03,60.9,60.91,57.47,57.49,14938256,AXP,AXP
2007-08-06,57.88,60.3,55.5,60.23,17552100,AXP,AXP
2007-08-07,60.23,60.92,58.95,60.43,13139000,AXP,AXP
2007-08-08,60.7,63.88,60.56,62.96,13356000,AXP,AXP
2007-08-09,62.96,62.54,59.94,60.65,17310300,AXP,AXP
2007-08-10,60.0,61.2,58.44,60.78,16210100,AXP,AXP
2007-08-13,61.02,61.45,59.3,59.45,9661250,AXP,AXP
2007-08-14,59.5,59.79,57.21,57.3,11376800,AXP,AXP
2007-08-15,57.2,58.36,56.72,56.74,10352233,AXP,AXP
2007-08-16,56.74,58.81,55.59,58.17,17405800,AXP,AXP
2007-08-17,59.68,60.18,57.61,58.89,13244900,AXP,AXP
2007-08-20,59.1,59.9,57.99,58.68,6323900,AXP,AXP
2007-08-21,58.68,59.56,58.44,59.14,6913300,AXP,AXP
2007-08-22,59.73,60.17,58.32,60.13,8487600,AXP,AXP
2007-08-23,60.88,60.89,59.62,60.03,5901300,AXP,AXP
2007-08-24,59.9,60.98,59.72,60.89,4784997,AXP,AXP
2007-08-27,60.88,60.89,59.9,59.96,4405334,AXP,AXP
2007-08-28,59.49,59.71,57.35,57.35,10827200,AXP,AXP
2007-08-29,57.87,58.19,57.01,58.14,9129000,AXP,AXP
2007-08-30,57.79,58.3,57.18,57.72,7822900,AXP,AXP
2007-08-31,58.7,59.17,57.73,58.62,6146400,AXP,AXP
2007-09-04,58.73,61.43,58.18,60.77,8269863,AXP,AXP
2007-09-05,60.0,60.17,59.02,59.32,6854600,AXP,AXP
2007-09-06,59.17,59.99,58.61,59.4,4407300,AXP,AXP
2007-09-07,58.49,58.9,57.43,57.75,8603300,AXP,AXP
2007-09-10,57.78,59.35,57.32,58.71,6174900,AXP,AXP
2007-09-11,58.88,59.5,58.43,59.37,4355900,AXP,AXP
2007-09-12,58.92,59.75,58.92,59.48,5698300,AXP,AXP
2007-09-13,59.98,60.75,59.51,60.6,8098900,AXP,AXP
2007-09-14,58.4,59.37,58.0,58.94,8821100,AXP,AXP
2007-09-17,58.9,58.92,57.53,58.2,7563334,AXP,AXP
2007-09-18,58.6,61.28,58.0,60.8,10324432,AXP,AXP
2007-09-19,61.33,62.27,60.39,60.95,8102706,AXP,AXP
2007-09-20,61.02,61.25,59.79,60.12,8866800,AXP,AXP
2007-09-21,60.36,60.57,58.87,59.28,11867500,AXP,AXP
2007-09-24,59.35,59.74,58.25,58.39,6434968,AXP,AXP
2007-09-25,58.18,58.96,57.9,58.83,6697700,AXP,AXP
2007-09-26,59.22,59.53,58.63,59.01,6371539,AXP,AXP
2007-09-27,59.48,59.76,58.9,59.57,4683140,AXP,AXP
2007-09-28,59.7,59.99,59.05,59.37,4368000,AXP,AXP
2007-10-01,59.15,61.32,58.98,60.63,6364461,AXP,AXP
2007-10-02,60.75,61.43,60.31,60.62,5350720,AXP,AXP
2007-10-03,60.11,60.4,59.71,59.86,8577400,AXP,AXP
2007-10-04,59.92,60.67,59.62,59.76,4062885,AXP,AXP
2007-10-05,60.25,62.34,60.2,61.1,6846517,AXP,AXP
2007-10-08,61.11,61.41,60.57,60.69,3533600,AXP,AXP
2007-10-09,60.95,62.91,60.5,62.52,8783700,AXP,AXP
2007-10-10,62.5,62.51,61.36,61.89,6626381,AXP,AXP
2007-10-11,62.32,63.63,61.9,62.45,7308592,AXP,AXP
2007-10-12,62.65,63.36,61.76,63.23,5580194,AXP,AXP
2007-10-15,63.21,63.5,60.92,61.8,11470368,AXP,AXP
2007-10-16,61.64,61.94,59.99,60.23,9367100,AXP,AXP
2007-10-17,60.84,61.23,59.08,60.08,8003922,AXP,AXP
2007-10-18,59.37,59.45,58.38,58.66,7926086,AXP,AXP
2007-10-19,58.65,58.65,57.06,57.11,13624600,AXP,AXP
2007-10-22,56.0,57.13,55.6,56.87,17462479,AXP,AXP
2007-10-23,58.55,58.95,57.35,58.66,11212800,AXP,AXP
2007-10-24,58.64,58.95,56.78,58.94,10623800,AXP,AXP
2007-10-25,59.03,60.2,57.97,59.76,11858719,AXP,AXP
2007-10-26,60.41,61.0,59.45,60.67,8457680,AXP,AXP
2007-10-29,60.75,61.15,60.01,60.51,4744600,AXP,AXP
2007-10-30,60.35,60.96,60.22,60.3,4085464,AXP,AXP
2007-10-31,61.35,61.55,59.39,60.95,8590079,AXP,AXP
2007-11-01,60.33,60.49,58.21,58.39,9596200,AXP,AXP
2007-11-02,58.62,58.9,56.75,58.42,9617050,AXP,AXP
2007-11-05,56.78,58.67,56.78,58.17,7017277,AXP,AXP
2007-11-06,58.22,58.8,57.12,58.57,6741398,AXP,AXP
2007-11-07,57.31,57.87,55.24,55.37,13784075,AXP,AXP
2007-11-08,56.0,56.9,54.07,56.1,14768403,AXP,AXP
2007-11-09,55.25,58.28,55.06,56.49,13740851,AXP,AXP
2007-11-12,56.28,57.75,56.0,56.09,10770521,AXP,AXP
2007-11-13,56.64,59.38,56.35,59.16,10496451,AXP,AXP
2007-11-14,59.43,60.0,58.76,59.1,8479007,AXP,AXP
2007-11-15,58.98,59.34,57.72,58.24,8275670,AXP,AXP
2007-11-16,58.52,59.19,57.92,58.67,12302872,AXP,AXP
2007-11-19,58.18,58.35,56.61,57.37,9430667,AXP,AXP
2007-11-20,57.35,57.95,54.81,57.0,15794023,AXP,AXP
2007-11-21,56.42,56.55,54.22,54.34,13980734,AXP,AXP
2007-11-23,54.59,55.74,54.59,55.63,4450264,AXP,AXP
2007-11-26,55.74,55.89,53.53,53.54,9650956,AXP,AXP
2007-11-27,53.93,55.88,53.36,55.62,12608733,AXP,AXP
2007-11-28,56.05,58.04,56.01,57.41,11814249,AXP,AXP
2007-11-29,57.3,57.37,55.7,56.89,7566820,AXP,AXP
2007-11-30,57.86,59.3,57.86,58.98,11113100,AXP,AXP
2007-12-03,58.49,59.23,57.74,58.6,9793859,AXP,AXP
2007-12-04,58.37,58.37,56.95,57.11,8001250,AXP,AXP
2007-12-05,57.75,58.03,56.6,57.93,6944393,AXP,AXP
2007-12-06,57.91,59.79,57.54,59.53,6898000,AXP,AXP
2007-12-07,57.9,58.13,56.21,56.96,13486136,AXP,AXP
2007-12-10,57.0,57.8,56.78,57.58,6887602,AXP,AXP
2007-12-11,57.55,57.55,54.41,54.56,14313235,AXP,AXP
2007-12-12,55.67,56.5,52.94,54.08,13739708,AXP,AXP
2007-12-13,53.7,54.04,51.62,53.84,14128479,AXP,AXP
2007-12-14,52.93,54.2,51.96,52.29,11098594,AXP,AXP
2007-12-17,52.17,53.04,51.62,52.18,10501417,AXP,AXP
2007-12-18,52.46,52.74,51.57,51.78,9968448,AXP,AXP
2007-12-19,51.89,52.49,50.85,51.91,7927712,AXP,AXP
2007-12-20,52.19,52.5,50.37,51.03,11066200,AXP,AXP
2007-12-21,51.2,52.49,51.2,51.95,11772041,AXP,AXP
2007-12-24,51.91,53.3,51.91,53.24,4108718,AXP,AXP
2007-12-26,53.45,53.45,52.72,52.9,5221440,AXP,AXP
2007-12-27,52.38,52.74,51.02,51.1,7887002,AXP,AXP
2007-12-28,51.71,51.85,50.73,50.84,6574494,AXP,AXP
2007-12-31,50.85,52.57,50.62,52.02,8381294,AXP,AXP
2008-01-02,52.09,52.32,50.79,51.04,8053636,AXP,AXP
2008-01-03,51.2,51.5,50.2,50.41,7753487,AXP,AXP
2008-01-04,49.99,49.99,48.71,49.14,8501487,AXP,AXP
2008-01-07,49.53,50.1,48.59,49.36,14031022,AXP,AXP
2008-01-08,49.7,49.7,47.76,47.95,11721738,AXP,AXP
2008-01-09,47.94,49.09,47.33,49.08,10971923,AXP,AXP
2008-01-10,47.86,49.73,46.57,48.92,18732265,AXP,AXP
2008-01-11,44.62,44.87,42.9,44.0,57228713,AXP,AXP
2008-01-14,44.1,44.87,43.45,44.5,18554976,AXP,AXP
2008-01-15,43.86,44.42,42.52,42.77,16956777,AXP,AXP
2008-01-16,42.61,44.82,42.27,44.24,17365210,AXP,AXP
2008-01-17,44.3,45.25,42.41,42.67,16980920,AXP,AXP
2008-01-18,43.0,44.71,42.51,43.61,18525384,AXP,AXP
2008-01-22,41.15,45.2,41.15,43.34,19895128,AXP,AXP
2008-01-23,42.33,46.6,41.63,46.21,19735615,AXP,AXP
2008-01-24,46.4,48.66,46.4,47.11,15543303,AXP,AXP
2008-01-25,47.66,48.23,45.03,45.44,12691370,AXP,AXP
2008-01-28,46.1,47.44,45.03,47.4,9410140,AXP,AXP
2008-01-29,47.67,48.19,46.37,47.8,12617272,AXP,AXP
2008-01-30,47.69,49.1,47.0,47.34,12646051,AXP,AXP
2008-01-31,46.69,50.1,46.31,49.13,16152085,AXP,AXP
2008-02-01,48.88,50.04,48.75,49.6,10495258,AXP,AXP
2008-02-04,48.61,49.0,47.56,47.66,9420473,AXP,AXP
2008-02-05,46.82,47.08,45.65,45.7,11305128,AXP,AXP
2008-02-06,46.11,47.23,45.67,45.87,9448012,AXP,AXP
2008-02-07,45.3,47.16,45.29,46.45,15578863,AXP,AXP
2008-02-08,45.9,45.94,43.9,44.98,16275058,AXP,AXP
2008-02-11,44.51,44.94,44.07,44.63,10733949,AXP,AXP
2008-02-12,45.32,46.2,44.6,45.08,8276200,AXP,AXP
2008-02-13,45.5,47.0,45.29,46.85,10825442,AXP,AXP
2008-02-14,46.96,47.0,45.66,45.69,6217617,AXP,AXP
2008-02-15,45.48,46.12,44.81,45.11,11127197,AXP,AXP
2008-02-19,45.54,46.03,44.28,44.55,8030730,AXP,AXP
2008-02-20,44.23,45.43,43.93,45.3,6338645,AXP,AXP
2008-02-21,45.54,45.77,44.32,44.68,10633364,AXP,AXP
2008-02-22,44.32,45.14,43.73,45.06,7695176,AXP,AXP
2008-02-25,45.1,45.42,43.9,45.21,8155826,AXP,AXP
2008-02-26,45.01,46.27,44.4,45.81,9715791,AXP,AXP
2008-02-27,45.31,46.81,45.22,46.07,6636478,AXP,AXP
2008-02-28,45.42,45.5,44.36,44.42,8205512,AXP,AXP
2008-02-29,44.02,44.09,42.14,42.3,14317767,AXP,AXP
2008-03-03,42.2,42.67,41.53,42.08,10682070,AXP,AXP
2008-03-04,41.77,42.79,41.0,42.65,12459043,AXP,AXP
2008-03-05,43.05,43.37,41.83,42.23,8616892,AXP,AXP
2008-03-06,42.11,42.11,41.0,41.29,11074754,AXP,AXP
2008-03-07,40.88,42.57,40.55,41.53,9754833,AXP,AXP
2008-03-10,41.56,41.56,40.0,40.04,10032478,AXP,AXP
2008-03-11,41.61,43.93,41.1,43.83,14474147,AXP,AXP
2008-03-12,43.84,44.99,42.6,42.74,11260635,AXP,AXP
2008-03-13,42.07,43.31,41.05,42.7,12274923,AXP,AXP
2008-03-14,43.13,43.13,40.53,41.01,10974755,AXP,AXP
2008-03-17,39.69,42.3,39.5,41.71,15240439,AXP,AXP
2008-03-18,42.67,43.71,41.8,43.71,12815842,AXP,AXP
2008-03-19,44.2,44.48,41.92,42.0,14098296,AXP,AXP
2008-03-20,42.21,46.13,42.0,45.98,17558786,AXP,AXP
2008-03-24,46.26,48.75,46.25,47.41,13441269,AXP,AXP
2008-03-25,47.35,48.33,46.81,47.51,9942132,AXP,AXP
2008-03-26,47.36,47.36,45.26,45.36,11113376,AXP,AXP
2008-03-27,45.45,46.18,44.47,44.83,8396692,AXP,AXP
2008-03-28,44.98,45.4,43.05,43.15,9102751,AXP,AXP
2008-03-31,43.21,44.4,42.89,43.72,8371701,AXP,AXP
2008-04-01,44.9,47.22,44.9,47.09,14236934,AXP,AXP
2008-04-02,47.48,47.73,46.25,46.65,8346938,AXP,AXP
2008-04-03,46.0,46.91,45.84,46.68,6052954,AXP,AXP
2008-04-04,46.66,46.95,45.8,46.11,5830040,AXP,AXP
2008-04-07,46.54,47.38,46.3,46.55,6904061,AXP,AXP
2008-04-08,46.8,47.25,46.0,46.47,7293525,AXP,AXP
2008-04-09,46.59,46.75,45.03,45.08,9020656,AXP,AXP
2008-04-10,45.0,45.91,44.18,45.06,8369633,AXP,AXP
2008-04-11,44.4,44.6,43.24,43.39,8960354,AXP,AXP
2008-04-14,43.34,43.35,42.11,42.72,8764193,AXP,AXP
2008-04-15,43.08,44.03,42.65,43.15,7057575,AXP,AXP
2008-04-16,43.89,44.1,42.9,43.75,7715501,AXP,AXP
2008-04-17,43.39,45.0,43.18,44.7,6868278,AXP,AXP
2008-04-18,45.55,46.9,45.2,45.53,12285911,AXP,AXP
2008-04-21,45.12,46.01,44.93,45.7,6825130,AXP,AXP
2008-04-22,45.57,45.57,43.84,43.97,10700158,AXP,AXP
2008-04-23,44.14,44.88,43.86,44.38,8347421,AXP,AXP
2008-04-24,44.52,45.5,43.6,45.18,11118075,AXP,AXP
2008-04-25,46.84,48.0,45.78,47.77,15835751,AXP,AXP
2008-04-28,47.9,48.55,47.29,47.89,9013847,AXP,AXP
2008-04-29,48.08,48.47,47.47,48.01,7715889,AXP,AXP
2008-04-30,48.52,48.97,47.64,48.02,11022550,AXP,AXP
2008-05-01,48.33,51.5,48.22,51.33,16207008,AXP,AXP
2008-05-02,52.19,52.63,50.01,50.4,13647605,AXP,AXP
2008-05-05,50.33,51.44,50.06,50.42,9378019,AXP,AXP
2008-05-06,49.9,51.02,49.2,50.96,11286961,AXP,AXP
2008-05-07,50.89,51.1,48.42,48.7,12677129,AXP,AXP
2008-05-08,48.95,49.22,47.72,48.85,7996554,AXP,AXP
2008-05-09,48.4,50.08,47.8,48.96,9690354,AXP,AXP
2008-05-12,49.28,50.09,48.9,49.95,7024063,AXP,AXP
2008-05-13,50.0,50.08,48.62,49.01,8943992,AXP,AXP
2008-05-14,49.33,50.02,49.01,49.5,7760295,AXP,AXP
2008-05-15,49.51,50.25,48.86,49.86,11201837,AXP,AXP
2008-05-16,49.99,49.99,48.25,48.68,9615665,AXP,AXP
2008-05-19,48.84,49.68,48.31,48.56,9107948,AXP,AXP
2008-05-20,47.93,48.19,46.93,47.31,10335628,AXP,AXP
2008-05-21,47.4,47.44,45.21,45.48,13497827,AXP,AXP
2008-05-22,45.52,46.81,45.41,46.36,9043078,AXP,AXP
2008-05-23,46.09,46.22,45.05,45.45,8456140,AXP,AXP
2008-05-27,45.56,46.7,45.19,45.9,5678689,AXP,AXP
2008-05-28,46.3,46.38,45.29,46.15,7755320,AXP,AXP
2008-05-29,46.28,47.26,45.77,46.75,8146826,AXP,AXP
2008-05-30,47.07,47.32,46.19,46.35,7377061,AXP,AXP
2008-06-02,46.25,46.25,44.35,45.25,10649777,AXP,AXP
2008-06-03,45.34,45.66,43.77,44.31,15719904,AXP,AXP
2008-06-04,45.2,47.05,44.83,45.64,21045982,AXP,AXP
2008-06-05,45.9,47.47,45.75,47.43,13046937,AXP,AXP
2008-06-06,46.6,46.8,44.52,44.65,13926672,AXP,AXP
2008-06-09,45.14,45.73,43.66,44.11,12490432,AXP,AXP
2008-06-10,43.87,45.2,43.55,44.35,9560312,AXP,AXP
2008-06-11,44.5,44.5,42.5,42.59,10970608,AXP,AXP
2008-06-12,42.89,44.49,42.77,43.42,10414461,AXP,AXP
2008-06-13,43.84,44.78,43.31,44.66,7645316,AXP,AXP
2008-06-16,44.37,45.82,43.85,44.68,13745354,AXP,AXP
2008-06-17,45.04,45.17,42.7,42.76,13701972,AXP,AXP
2008-06-18,42.45,43.12,41.59,42.42,13333114,AXP,AXP
2008-06-19,42.31,42.79,41.22,42.63,12893589,AXP,AXP
2008-06-20,42.22,42.3,41.11,41.18,14219995,AXP,AXP
2008-06-23,41.28,41.71,40.56,40.88,10234666,AXP,AXP
2008-06-24,40.65,42.49,40.57,42.1,12375902,AXP,AXP
2008-06-25,41.49,42.28,40.72,40.94,20927630,AXP,AXP
2008-06-26,40.42,40.45,38.8,38.89,25421897,AXP,AXP
2008-06-27,39.01,39.6,37.94,38.04,22203115,AXP,AXP
2008-06-30,38.17,38.68,37.61,37.67,15451940,AXP,AXP
2008-07-01,37.95,40.14,37.77,40.02,23788978,AXP,AXP
2008-07-02,40.11,40.9,39.5,39.62,16654117,AXP,AXP
2008-07-03,39.97,40.89,39.62,40.24,10761354,AXP,AXP
2008-07-07,40.48,41.45,38.4,39.59,15778017,AXP,AXP
2008-07-08,39.61,41.8,39.03,41.55,15838756,AXP,AXP
2008-07-09,41.59,41.59,38.67,39.01,13857375,AXP,AXP
2008-07-10,39.08,39.68,38.06,39.04,13120897,AXP,AXP
2008-07-11,38.51,40.4,37.34,39.21,19191748,AXP,AXP
2008-07-14,39.77,40.0,37.4,37.51,15879340,AXP,AXP
2008-07-15,36.75,38.88,35.55,37.02,25454705,AXP,AXP
2008-07-16,37.53,39.67,36.97,39.67,19666674,AXP,AXP
2008-07-17,40.44,42.25,39.36,41.79,23203429,AXP,AXP
2008-07-18,41.97,42.35,40.5,42.19,16856319,AXP,AXP
2008-07-21,42.31,42.5,40.53,40.9,16198576,AXP,AXP
2008-07-22,36.38,38.55,36.0,37.99,48554243,AXP,AXP
2008-07-23,38.35,39.8,37.29,39.34,29412162,AXP,AXP
2008-07-24,39.54,39.66,36.1,36.41,22297419,AXP,AXP
2008-07-25,36.73,38.09,36.2,36.62,19238164,AXP,AXP
2008-07-28,36.51,37.04,35.15,35.37,16145758,AXP,AXP
2008-07-29,35.65,37.56,35.1,37.52,17865629,AXP,AXP
2008-07-30,37.95,38.4,36.62,37.54,14827882,AXP,AXP
2008-07-31,37.05,38.0,36.7,37.12,12855969,AXP,AXP
2008-08-01,37.18,37.43,36.0,37.19,9724353,AXP,AXP
2008-08-04,37.09,37.3,36.13,36.85,10245606,AXP,AXP
2008-08-05,37.3,38.81,36.99,38.72,14763621,AXP,AXP
2008-08-06,38.39,38.48,37.5,37.99,13702154,AXP,AXP
2008-08-07,37.49,38.27,35.93,36.4,18416628,AXP,AXP
2008-08-08,36.33,38.31,36.06,37.81,15760575,AXP,AXP
2008-08-11,37.76,40.17,37.5,39.17,11970188,AXP,AXP
2008-08-12,38.89,39.04,37.68,38.05,13758061,AXP,AXP
2008-08-13,37.87,37.87,36.26,36.89,13990082,AXP,AXP
2008-08-14,36.66,38.4,36.51,38.2,11987082,AXP,AXP
2008-08-15,38.6,39.71,38.46,39.07,15295068,AXP,AXP
2008-08-18,39.2,39.34,37.58,37.99,12374739,AXP,AXP
2008-08-19,37.29,37.29,36.18,36.73,13365277,AXP,AXP
2008-08-20,36.83,38.25,36.36,37.43,13004067,AXP,AXP
2008-08-21,36.84,37.54,36.5,37.01,9544861,AXP,AXP
2008-08-22,38.19,38.95,37.65,38.79,13721319,AXP,AXP
2008-08-25,38.35,38.49,37.62,37.81,10408819,AXP,AXP
2008-08-26,37.85,38.34,37.5,38.05,6985153,AXP,AXP
2008-08-27,37.91,38.9,37.59,38.82,8549141,AXP,AXP
2008-08-28,39.36,40.47,39.21,40.39,12814165,AXP,AXP
2008-08-29,39.92,40.14,39.39,39.68,9396069,AXP,AXP
2008-09-02,40.75,41.78,39.8,40.63,11079623,AXP,AXP
2008-09-03,40.5,41.0,39.8,40.91,11751935,AXP,AXP
2008-09-04,40.0,40.1,38.33,38.75,19473366,AXP,AXP
2008-09-05,38.2,39.47,37.72,39.4,14007331,AXP,AXP
2008-09-08,41.29,41.8,39.5,40.52,24922221,AXP,AXP
2008-09-09,40.36,40.85,38.13,38.24,16838661,AXP,AXP
2008-09-10,38.79,39.46,37.68,38.16,13705180,AXP,AXP
2008-09-11,37.46,38.9,36.94,38.76,19227452,AXP,AXP
2008-09-12,38.04,39.35,37.64,38.95,12977388,AXP,AXP
2008-09-15,36.99,38.75,35.45,35.48,31574248,AXP,AXP
2008-09-16,34.2,36.15,34.16,36.07,27760903,AXP,AXP
2008-09-17,35.35,35.88,31.68,33.04,37409553,AXP,AXP
2008-09-18,34.1,38.25,32.95,37.72,43084339,AXP,AXP
2008-09-19,39.93,41.1,37.54,40.4,32935479,AXP,AXP
2008-09-22,39.92,40.5,36.42,37.29,14951824,AXP,AXP
2008-09-23,36.98,38.5,36.36,38.28,10276631,AXP,AXP
2008-09-24,38.44,38.72,36.61,37.5,7097993,AXP,AXP
2008-09-25,37.66,39.35,37.42,37.83,7670662,AXP,AXP
2008-09-26,36.62,39.58,35.35,39.5,16334429,AXP,AXP
2008-09-29,38.16,38.16,32.55,32.55,20234828,AXP,AXP
2008-09-30,34.44,35.68,32.99,35.43,13026440,AXP,AXP
2008-10-01,34.91,35.8,34.13,35.34,8652242,AXP,AXP
2008-10-02,35.3,35.3,32.0,32.14,15439085,AXP,AXP
2008-10-03,33.35,33.5,30.5,30.87,14320774,AXP,AXP
2008-10-06,29.83,31.34,27.36,30.07,24571328,AXP,AXP
2008-10-07,30.73,32.5,27.89,28.25,20967001,AXP,AXP
2008-10-08,27.0,30.35,27.0,27.12,20356421,AXP,AXP
2008-10-09,27.95,28.54,23.33,24.0,29128167,AXP,AXP
2008-10-10,22.47,25.0,20.5,23.15,45642847,AXP,AXP
2008-10-13,24.74,28.23,23.69,27.3,22811991,AXP,AXP
2008-10-14,29.05,31.64,26.7,28.19,23749636,AXP,AXP
2008-10-15,27.1,27.34,24.01,24.41,18979437,AXP,AXP
2008-10-16,24.85,24.88,22.01,23.64,23470102,AXP,AXP
2008-10-17,22.92,25.44,22.61,23.33,21527954,AXP,AXP
2008-10-20,23.95,24.41,22.87,24.35,18306601,AXP,AXP
2008-10-21,25.28,27.08,23.75,26.39,30238986,AXP,AXP
2008-10-22,25.15,26.17,24.22,25.02,20121762,AXP,AXP
2008-10-23,25.16,25.2,22.93,24.53,16650192,AXP,AXP
2008-10-24,22.58,24.74,22.07,24.05,18336839,AXP,AXP
2008-10-27,23.8,24.79,22.97,23.08,10521558,AXP,AXP
2008-10-28,24.26,25.68,22.34,25.47,17115553,AXP,AXP
2008-10-29,25.29,26.73,24.75,25.21,17726854,AXP,AXP
2008-10-30,25.57,26.77,25.5,26.06,15866293,AXP,AXP
2008-10-31,25.74,27.93,25.6,27.5,15999787,AXP,AXP
2008-11-03,27.31,28.66,27.16,28.32,12515452,AXP,AXP
2008-11-04,29.26,30.26,28.61,29.82,15614209,AXP,AXP
2008-11-05,29.0,29.83,27.58,27.83,12890562,AXP,AXP
2008-11-06,27.5,27.81,24.55,24.92,21927990,AXP,AXP
2008-11-07,25.14,25.58,24.3,25.31,13491286,AXP,AXP
2008-11-10,25.92,26.04,23.5,23.98,12084639,AXP,AXP
2008-11-11,23.31,23.5,22.0,22.4,19975841,AXP,AXP
2008-11-12,20.96,21.25,19.75,20.05,35779720,AXP,AXP
2008-11-13,19.85,21.64,16.55,20.78,47723213,AXP,AXP
2008-11-14,20.0,21.5,19.66,19.99,21674918,AXP,AXP
2008-11-17,19.47,20.53,19.18,19.37,16401201,AXP,AXP
2008-11-18,18.95,20.18,18.49,19.38,21003940,AXP,AXP
2008-11-19,18.96,19.63,18.5,18.74,23076009,AXP,AXP
2008-11-20,18.49,19.14,16.93,17.23,25406770,AXP,AXP
2008-11-21,18.42,19.03,16.55,18.69,32512949,AXP,AXP
2008-11-24,19.19,21.82,18.48,21.18,24873686,AXP,AXP
2008-11-25,21.72,22.45,20.3,21.37,24395370,AXP,AXP
2008-11-26,20.91,22.53,20.65,22.3,12390491,AXP,AXP
2008-11-28,22.22,23.36,21.79,23.31,7156854,AXP,AXP
2008-12-01,22.39,22.72,19.37,19.64,19847069,AXP,AXP
2008-12-02,20.15,20.88,19.44,20.76,16046564,AXP,AXP
2008-12-03,20.04,22.19,19.96,21.87,14341312,AXP,AXP
2008-12-04,21.26,22.42,20.55,20.84,15229459,AXP,AXP
2008-12-05,20.53,22.26,20.18,21.78,17112197,AXP,AXP
2008-12-08,22.57,24.86,22.37,24.44,20394617,AXP,AXP
2008-12-09,24.04,24.39,23.08,23.29,14661899,AXP,AXP
2008-12-10,22.27,22.55,20.46,21.56,18279048,AXP,AXP
2008-12-11,21.01,21.44,19.95,20.13,16301526,AXP,AXP
2008-12-12,19.36,20.64,18.33,20.34,15861747,AXP,AXP
2008-12-15,20.4,20.68,19.06,19.34,14855442,AXP,AXP
2008-12-16,19.64,20.2,19.0,20.06,22217517,AXP,AXP
2008-12-17,19.41,20.43,19.2,19.81,13256130,AXP,AXP
2008-12-18,19.99,20.19,18.5,18.9,17510590,AXP,AXP
2008-12-19,19.14,19.87,18.59,19.43,19990871,AXP,AXP
2008-12-22,19.33,19.49,18.14,18.42,10756733,AXP,AXP
2008-12-23,18.69,18.84,17.84,17.96,10256581,AXP,AXP
2008-12-24,18.0,18.15,17.92,17.97,4194046,AXP,AXP
2008-12-26,18.08,18.15,17.62,17.91,4599770,AXP,AXP
2008-12-29,17.96,18.1,17.51,17.7,8034718,AXP,AXP
2008-12-30,17.82,18.13,17.7,18.0,11777232,AXP,AXP
2008-12-31,17.97,18.75,17.91,18.55,9625550,AXP,AXP
2009-01-02,18.57,19.52,18.4,19.33,10955618,AXP,AXP
2009-01-05,19.2,20.24,19.0,19.95,16019627,AXP,AXP
2009-01-06,20.3,21.38,20.01,21.07,13821950,AXP,AXP
2009-01-07,20.53,20.72,19.83,20.01,15700023,AXP,AXP
2009-01-08,19.8,20.17,19.4,20.04,12255469,AXP,AXP
2009-01-09,20.16,20.3,19.17,19.23,12592110,AXP,AXP
2009-01-12,19.01,19.43,18.55,18.83,12253584,AXP,AXP
2009-01-13,18.64,19.39,18.41,18.99,11872057,AXP,AXP
2009-01-14,18.43,18.67,17.7,17.83,17041297,AXP,AXP
2009-01-15,18.18,18.39,16.74,17.32,25799872,AXP,AXP
2009-01-16,17.87,17.98,16.33,17.01,20619332,AXP,AXP
2009-01-20,16.84,17.15,15.58,15.6,23403484,AXP,AXP
2009-01-21,16.35,16.98,15.74,16.87,23124824,AXP,AXP
2009-01-22,16.33,16.8,15.75,16.06,16473677,AXP,AXP
2009-01-23,15.2,16.31,14.72,16.0,24323726,AXP,AXP
2009-01-26,15.57,16.35,15.01,15.2,26711968,AXP,AXP
2009-01-27,16.09,16.83,15.56,16.68,28133209,AXP,AXP
2009-01-28,17.8,18.1,17.31,17.85,20977412,AXP,AXP
2009-01-29,17.26,17.85,16.63,16.71,17477089,AXP,AXP
2009-01-30,16.94,17.7,16.29,16.73,16426812,AXP,AXP
2009-02-02,16.35,17.12,16.07,16.98,14544582,AXP,AXP
2009-02-03,17.07,17.08,15.91,16.09,17112080,AXP,AXP
2009-02-04,16.19,17.07,16.17,16.36,14288713,AXP,AXP
2009-02-05,16.4,17.78,15.37,17.03,27256436,AXP,AXP
2009-02-06,17.35,18.27,17.12,17.93,18975836,AXP,AXP
2009-02-09,17.91,17.94,17.32,17.75,10952801,AXP,AXP
2009-02-10,17.5,17.8,15.81,15.97,25787674,AXP,AXP
2009-02-11,16.3,16.65,15.83,16.36,13390261,AXP,AXP
2009-02-12,15.91,16.27,15.03,16.19,23439105,AXP,AXP
2009-02-13,16.05,16.33,15.58,15.74,12738722,AXP,AXP
2009-02-17,14.93,15.4,13.95,13.96,29449810,AXP,AXP
2009-02-18,14.11,14.24,13.4,14.1,26264835,AXP,AXP
2009-02-19,14.26,14.51,12.74,12.87,29659441,AXP,AXP
2009-02-20,12.59,13.2,12.17,12.97,32554072,AXP,AXP
2009-02-23,13.27,13.35,12.09,12.15,23531131,AXP,AXP
2009-02-24,12.3,13.77,11.44,13.62,40857184,AXP,AXP
2009-02-25,13.44,13.7,12.33,13.07,29850616,AXP,AXP
2009-02-26,13.62,13.9,12.37,12.57,26212217,AXP,AXP
2009-02-27,12.15,12.93,12.02,12.06,22410559,AXP,AXP
2009-03-02,11.68,12.08,11.0,11.06,25370697,AXP,AXP
2009-03-03,11.27,12.5,10.99,11.82,33865020,AXP,AXP
2009-03-04,12.13,12.23,11.08,11.71,27086957,AXP,AXP
2009-03-05,11.27,11.47,10.14,10.33,31034426,AXP,AXP
2009-03-06,10.66,10.66,9.71,10.26,29229443,AXP,AXP
2009-03-09,9.99,11.2,9.86,10.64,28224811,AXP,AXP
2009-03-10,11.14,12.2,10.81,12.17,33397570,AXP,AXP
2009-03-11,11.58,12.15,11.18,11.93,30542045,AXP,AXP
2009-03-12,11.76,13.38,11.09,13.15,39576709,AXP,AXP
2009-03-13,13.14,13.39,11.93,13.09,39342814,AXP,AXP
2009-03-16,13.36,14.15,12.6,12.66,38413431,AXP,AXP
2009-03-17,12.37,12.92,12.09,12.92,28927073,AXP,AXP
2009-03-18,12.83,14.17,12.51,14.09,30394127,AXP,AXP
2009-03-19,14.31,14.57,12.95,13.07,33342470,AXP,AXP
2009-03-20,13.19,13.19,12.12,12.26,31088837,AXP,AXP
2009-03-23,13.0,14.72,12.86,14.56,35362219,AXP,AXP
2009-03-24,13.82,14.8,13.34,13.9,24283518,AXP,AXP
2009-03-25,13.55,14.37,13.23,14.11,25580855,AXP,AXP
2009-03-26,14.11,15.24,13.82,15.13,31917204,AXP,AXP
2009-03-27,14.51,14.72,14.14,14.45,22857014,AXP,AXP
2009-03-30,13.78,13.86,12.74,12.81,21751922,AXP,AXP
2009-03-31,13.17,13.84,13.0,13.63,21751803,AXP,AXP
2009-04-01,13.34,14.64,13.08,14.44,27703620,AXP,AXP
2009-04-02,15.26,15.3,14.59,14.98,27298370,AXP,AXP
2009-04-03,14.8,15.33,14.52,15.33,19196445,AXP,AXP
2009-04-06,15.08,15.27,14.65,15.16,16065012,AXP,AXP
2009-04-07,15.12,15.38,14.85,15.01,18546724,AXP,AXP
2009-04-08,15.14,16.08,15.03,15.72,22080631,AXP,AXP
2009-04-09,16.49,18.9,16.34,18.83,39544452,AXP,AXP
2009-04-13,19.18,20.73,19.01,20.46,46332233,AXP,AXP
2009-04-14,19.93,20.47,18.27,18.43,40389740,AXP,AXP
2009-04-15,17.85,20.7,17.5,20.62,50554912,AXP,AXP
2009-04-16,20.38,21.01,19.66,20.69,33021555,AXP,AXP
2009-04-17,20.67,22.32,20.21,21.81,34422828,AXP,AXP
2009-04-20,20.75,20.75,18.8,18.98,40438886,AXP,AXP
2009-04-21,18.03,19.62,17.8,19.57,43652992,AXP,AXP
2009-04-22,18.75,20.67,18.51,19.43,34936192,AXP,AXP
2009-04-23,19.93,21.3,19.35,20.97,37007791,AXP,AXP
2009-04-24,22.69,25.61,22.63,25.3,90336814,AXP,AXP
2009-04-27,24.24,25.11,23.85,24.23,39797604,AXP,AXP
2009-04-28,23.62,24.89,23.51,24.15,28366266,AXP,AXP
2009-04-29,24.37,25.47,24.29,24.95,25653714,AXP,AXP
2009-04-30,25.72,26.33,24.91,25.22,38295369,AXP,AXP
2009-05-01,24.94,25.4,23.58,24.29,28751320,AXP,AXP
2009-05-04,24.56,27.39,24.35,27.28,37126373,AXP,AXP
2009-05-05,26.9,27.23,26.42,26.57,25500982,AXP,AXP
2009-05-06,27.27,28.45,26.18,27.14,48304695,AXP,AXP
2009-05-07,28.27,28.29,25.73,25.97,38950527,AXP,AXP
2009-05-08,26.16,28.43,25.75,28.4,36211248,AXP,AXP
2009-05-11,27.27,27.34,26.0,26.04,27944450,AXP,AXP
2009-05-12,26.33,26.44,24.51,25.45,29020484,AXP,AXP
2009-05-13,24.69,24.79,24.0,24.09,26146384,AXP,AXP
2009-05-14,24.01,24.92,23.58,24.72,19866950,AXP,AXP
2009-05-15,24.71,25.32,23.9,24.23,18760996,AXP,AXP
2009-05-18,24.79,26.32,24.28,26.13,23570459,AXP,AXP
2009-05-19,26.01,26.29,24.79,24.79,21028164,AXP,AXP
2009-05-20,25.32,25.74,23.82,23.98,24701647,AXP,AXP
2009-05-21,23.66,24.27,23.21,24.15,22307467,AXP,AXP
2009-05-22,24.0,24.18,23.3,23.4,13163347,AXP,AXP
2009-05-26,23.21,24.66,23.05,24.57,19750302,AXP,AXP
2009-05-27,24.75,24.85,23.43,23.5,16990776,AXP,AXP
2009-05-28,23.86,24.31,23.26,24.3,16007929,AXP,AXP
2009-05-29,24.48,25.3,24.0,24.85,19596151,AXP,AXP
2009-06-01,25.55,26.56,25.35,25.99,21602766,AXP,AXP
2009-06-02,24.8,25.22,24.27,24.71,33819174,AXP,AXP
2009-06-03,24.72,24.99,24.16,24.48,18407578,AXP,AXP
2009-06-04,24.63,25.5,24.54,25.25,18641670,AXP,AXP
2009-06-05,25.6,26.02,24.87,24.95,16961431,AXP,AXP
2009-06-08,24.59,25.87,24.55,25.65,15199825,AXP,AXP
2009-06-09,26.05,27.02,25.95,26.93,26164038,AXP,AXP
2009-06-10,27.15,27.4,26.12,26.69,18016776,AXP,AXP
2009-06-11,26.64,26.92,25.25,25.63,25370502,AXP,AXP
2009-06-12,25.39,25.69,24.83,25.16,14797428,AXP,AXP
2009-06-15,24.96,25.58,24.5,25.23,19169822,AXP,AXP
2009-06-16,25.37,25.54,24.59,24.69,13682868,AXP,AXP
2009-06-17,24.55,24.8,23.61,23.95,17765929,AXP,AXP
2009-06-18,24.06,24.35,23.68,24.1,16191912,AXP,AXP
2009-06-19,24.42,24.89,24.07,24.64,17321358,AXP,AXP
2009-06-22,24.32,24.52,23.21,23.23,17859702,AXP,AXP
2009-06-23,23.23,23.54,22.41,23.39,24299942,AXP,AXP
2009-06-24,23.58,23.72,22.59,22.93,18356365,AXP,AXP
2009-06-25,22.61,24.56,22.5,24.44,25839622,AXP,AXP
2009-06-26,24.33,24.4,23.53,23.76,29107665,AXP,AXP
2009-06-29,23.9,24.47,23.61,24.0,13293616,AXP,AXP
2009-06-30,23.99,24.33,23.08,23.24,19826110,AXP,AXP
2009-07-01,23.49,23.55,22.97,23.0,13524147,AXP,AXP
2009-07-02,22.74,22.8,22.27,22.27,13541142,AXP,AXP
2009-07-06,22.19,23.55,22.16,23.52,20575224,AXP,AXP
2009-07-07,23.45,23.55,22.56,22.63,15937198,AXP,AXP
2009-07-08,22.53,23.16,22.0,22.72,25294767,AXP,AXP
2009-07-09,23.06,23.23,22.66,22.8,13269024,AXP,AXP
2009-07-10,22.6,23.38,22.6,23.22,14680941,AXP,AXP
2009-07-13,23.55,24.54,23.41,24.52,18450207,AXP,AXP
2009-07-14,24.4,24.62,24.01,24.46,10535294,AXP,AXP
2009-07-15,24.82,27.75,24.81,27.22,38339205,AXP,AXP
2009-07-16,26.97,28.56,26.66,28.28,21573005,AXP,AXP
2009-07-17,28.04,28.32,27.23,28.03,17895835,AXP,AXP
2009-07-20,28.28,28.98,28.18,28.89,16320426,AXP,AXP
2009-07-21,29.02,29.54,28.64,29.38,16997511,AXP,AXP
2009-07-22,28.91,29.15,28.52,28.76,12679435,AXP,AXP
2009-07-23,28.99,30.0,28.62,29.45,21426763,AXP,AXP
2009-07-24,28.6,29.86,28.09,29.51,32292195,AXP,AXP
2009-07-27,29.49,29.6,28.11,28.38,23220371,AXP,AXP
2009-07-28,28.0,28.03,27.1,27.68,19579524,AXP,AXP
2009-07-29,27.38,28.1,27.38,27.75,13533870,AXP,AXP
2009-07-30,28.27,28.8,27.94,28.23,14023439,AXP,AXP
2009-07-31,28.04,28.39,27.8,28.33,11846532,AXP,AXP
2009-08-03,28.9,29.09,28.35,28.65,13532947,AXP,AXP
2009-08-04,28.49,29.04,28.24,28.71,12708730,AXP,AXP
2009-08-05,28.85,30.66,28.13,30.36,23262790,AXP,AXP
2009-08-06,31.6,32.24,30.92,31.31,28332772,AXP,AXP
2009-08-07,32.06,33.7,31.98,32.69,26254590,AXP,AXP
2009-08-10,32.51,32.97,31.97,32.34,11883103,AXP,AXP
2009-08-11,32.27,32.48,31.15,31.51,13629764,AXP,AXP
2009-08-12,31.23,32.15,31.17,31.8,9058000,AXP,AXP
2009-08-13,31.89,32.06,31.3,31.98,8777105,AXP,AXP
2009-08-14,31.97,32.09,31.16,31.72,7636078,AXP,AXP
2009-08-17,30.74,30.89,30.09,30.39,14289091,AXP,AXP
2009-08-18,30.89,31.95,30.77,31.69,12025215,AXP,AXP
2009-08-19,31.29,31.76,31.14,31.7,7726426,AXP,AXP
2009-08-20,31.83,32.62,31.66,32.52,9193498,AXP,AXP
2009-08-21,32.96,33.07,32.5,32.85,12277206,AXP,AXP
2009-08-24,33.7,33.93,32.6,32.67,14363025,AXP,AXP
2009-08-25,33.09,33.33,32.5,32.82,11389591,AXP,AXP
2009-08-26,32.57,33.2,32.48,33.14,9340382,AXP,AXP
2009-08-27,33.06,34.23,32.92,33.96,13219098,AXP,AXP
2009-08-28,34.36,34.5,33.8,34.24,10719999,AXP,AXP
2009-08-31,33.82,33.97,33.47,33.82,9760266,AXP,AXP
2009-09-01,33.58,33.9,31.89,31.98,16863215,AXP,AXP
2009-09-02,31.86,32.53,31.68,31.95,11438149,AXP,AXP
2009-09-03,32.23,32.5,31.78,32.46,10184993,AXP,AXP
2009-09-04,32.55,32.86,32.11,32.84,6575941,AXP,AXP
2009-09-08,33.43,33.63,32.75,33.49,9290067,AXP,AXP
2009-09-09,33.53,34.29,33.27,34.09,10337200,AXP,AXP
2009-09-10,33.97,34.5,33.4,34.4,10060250,AXP,AXP
2009-09-11,34.41,34.56,33.75,34.17,8438042,AXP,AXP
2009-09-14,33.75,34.15,33.66,33.92,9060637,AXP,AXP
2009-09-15,33.96,34.87,33.48,34.65,15605520,AXP,AXP
2009-09-16,34.9,36.39,34.69,35.84,15184794,AXP,AXP
2009-09-17,35.83,36.5,34.92,35.0,12232567,AXP,AXP
2009-09-18,35.09,35.18,34.43,34.77,17531052,AXP,AXP
2009-09-21,34.4,34.5,33.66,33.76,10267190,AXP,AXP
2009-09-22,34.2,34.36,33.85,33.97,12146297,AXP,AXP
2009-09-23,34.07,34.33,33.42,33.6,10455316,AXP,AXP
2009-09-24,33.73,34.0,32.84,33.85,14497008,AXP,AXP
2009-09-25,33.6,34.03,32.6,33.07,15160714,AXP,AXP
2009-09-28,33.19,34.51,32.93,34.41,10510908,AXP,AXP
2009-09-29,34.57,34.89,33.95,33.99,9345065,AXP,AXP
2009-09-30,34.06,34.85,33.14,33.9,15042334,AXP,AXP
2009-10-01,33.85,33.89,32.42,32.46,15168392,AXP,AXP
2009-10-02,31.95,33.23,31.69,32.49,12215416,AXP,AXP
2009-10-05,32.76,33.5,32.64,33.22,9479077,AXP,AXP
2009-10-06,33.54,33.75,32.88,33.52,12523752,AXP,AXP
2009-10-07,33.26,34.05,33.22,33.99,8741983,AXP,AXP
2009-10-08,34.21,35.07,34.06,34.98,11992055,AXP,AXP
2009-10-09,34.96,35.1,34.34,34.94,7107527,AXP,AXP
2009-10-12,35.06,35.44,34.89,35.08,6449084,AXP,AXP
2009-10-13,34.91,35.68,34.76,34.84,10274667,AXP,AXP
2009-10-14,35.27,35.31,34.57,35.09,15334664,AXP,AXP
2009-10-15,34.56,35.59,34.2,35.54,21649657,AXP,AXP
2009-10-16,35.14,35.41,34.52,34.95,14585698,AXP,AXP
2009-10-19,35.13,35.91,34.98,35.74,8045687,AXP,AXP
2009-10-20,35.68,36.2,35.26,35.42,8300781,AXP,AXP
2009-10-21,35.61,36.36,35.07,35.1,13553177,AXP,AXP
2009-10-22,35.09,36.44,34.76,36.44,14040010,AXP,AXP
2009-10-23,36.19,37.17,34.26,34.58,21570117,AXP,AXP
2009-10-26,34.99,35.9,34.68,34.88,17922395,AXP,AXP
2009-10-27,34.94,36.16,34.79,35.95,18261739,AXP,AXP
2009-10-28,35.72,35.94,34.42,34.67,13700635,AXP,AXP
2009-10-29,35.12,36.47,35.03,36.44,13562374,AXP,AXP
2009-10-30,36.13,36.25,34.58,34.84,13368822,AXP,AXP
2009-11-02,34.95,35.88,34.63,35.68,12571651,AXP,AXP
2009-11-03,35.24,36.15,34.8,36.04,11253032,AXP,AXP
2009-11-04,36.35,36.72,35.8,35.96,12036898,AXP,AXP
2009-11-05,36.25,37.83,36.02,37.74,14870349,AXP,AXP
2009-11-06,37.28,37.98,36.91,37.21,12060017,AXP,AXP
2009-11-09,37.67,39.16,37.5,39.05,16659453,AXP,AXP
2009-11-10,38.94,39.86,38.77,39.68,13621195,AXP,AXP
2009-11-11,39.95,40.6,39.75,40.05,13392560,AXP,AXP
2009-11-12,40.05,40.3,39.36,39.5,9884212,AXP,AXP
2009-11-13,39.62,40.41,39.31,40.35,15483603,AXP,AXP
2009-11-16,40.66,41.98,40.3,41.44,20280975,AXP,AXP
2009-11-17,41.28,41.41,40.65,41.36,10115174,AXP,AXP
2009-11-18,41.3,41.62,40.95,41.57,8570498,AXP,AXP
2009-11-19,41.3,41.5,40.57,41.14,12312400,AXP,AXP
2009-11-20,40.84,41.09,40.49,40.93,10664619,AXP,AXP
2009-11-23,41.81,42.2,41.29,41.63,11753935,AXP,AXP
2009-11-24,41.57,41.65,41.01,41.44,7229449,AXP,AXP
2009-11-25,41.77,41.91,41.45,41.72,7082069,AXP,AXP
2009-11-27,40.71,41.4,40.45,40.84,6005391,AXP,AXP
2009-11-30,40.89,41.89,40.77,41.83,14374838,AXP,AXP
2009-12-01,42.21,42.25,40.97,41.3,11655569,AXP,AXP
2009-12-02,40.92,41.25,40.53,41.04,11509654,AXP,AXP
2009-12-03,41.03,41.03,38.81,38.87,19943074,AXP,AXP
2009-12-04,39.68,40.6,38.79,39.3,20182301,AXP,AXP
2009-12-07,39.88,40.14,39.11,39.41,9353576,AXP,AXP
2009-12-08,39.21,39.61,39.02,39.13,7921658,AXP,AXP
2009-12-09,39.01,39.98,39.0,39.88,8852339,AXP,AXP
2009-12-10,40.01,40.29,39.88,40.23,9670392,AXP,AXP
2009-12-11,40.34,40.78,40.2,40.73,8121341,AXP,AXP
2009-12-14,40.74,41.64,40.59,41.28,9743934,AXP,AXP
2009-12-15,40.74,41.47,40.51,40.96,10840780,AXP,AXP
2009-12-16,41.32,41.86,40.89,41.27,9687213,AXP,AXP
2009-12-17,40.93,41.08,40.27,40.45,8148422,AXP,AXP
2009-12-18,40.7,40.75,39.97,40.51,10902496,AXP,AXP
2009-12-21,40.66,41.17,40.52,41.02,5424191,AXP,AXP
2006-01-03,70.4,70.6,69.33,70.44,4943100,BA,BA
2006-01-04,70.08,71.27,69.86,71.17,3165000,BA,BA
2006-01-05,70.55,70.55,69.58,70.33,4598300,BA,BA
2006-01-06,70.34,70.5,69.05,69.35,4820200,BA,BA
2006-01-09,69.28,69.4,68.66,68.77,4567700,BA,BA
2006-01-10,68.8,69.24,68.57,69.1,3869000,BA,BA
2006-01-11,69.97,70.3,69.11,70.1,5011900,BA,BA
2006-01-12,70.25,70.45,69.54,69.69,2347000,BA,BA
2006-01-13,69.64,70.2,68.79,69.48,2963700,BA,BA
2006-01-17,69.07,69.4,68.66,68.69,2712900,BA,BA
2006-01-18,68.55,68.92,68.05,68.41,2659400,BA,BA
2006-01-19,68.16,68.49,67.72,68.17,2642700,BA,BA
2006-01-20,68.1,68.16,66.49,66.5,6436700,BA,BA
2006-01-23,65.9,67.34,65.9,67.02,4067400,BA,BA
2006-01-24,67.41,67.88,67.13,67.66,3581900,BA,BA
2006-01-25,67.71,67.91,66.91,66.91,3722700,BA,BA
2006-01-26,67.44,68.75,67.32,68.72,4768400,BA,BA
2006-01-27,68.39,69.25,67.99,68.56,3954700,BA,BA
2006-01-30,68.52,69.05,68.2,69.03,2048100,BA,BA
2006-01-31,69.0,69.05,68.31,68.31,4095000,BA,BA
2006-02-01,70.0,72.17,70.0,71.62,11806100,BA,BA
2006-02-02,71.35,72.3,71.3,71.7,6603100,BA,BA
2006-02-03,71.7,72.09,70.86,70.87,3786900,BA,BA
2006-02-06,70.65,71.64,70.3,71.14,3163000,BA,BA
2006-02-07,71.3,72.05,71.16,71.55,4247000,BA,BA
2006-02-08,71.25,71.93,71.0,71.76,2891100,BA,BA
2006-02-09,71.77,72.76,71.37,72.01,4149200,BA,BA
2006-02-10,72.1,72.7,72.03,72.53,2813100,BA,BA
2006-02-13,71.95,72.64,71.82,72.11,3294600,BA,BA
2006-02-14,72.35,72.86,71.93,72.71,4160400,BA,BA
2006-02-15,72.37,72.74,72.05,72.45,2797800,BA,BA
2006-02-16,72.65,72.93,72.2,72.55,2216800,BA,BA
2006-02-17,72.55,73.0,72.28,72.96,2670700,BA,BA
2006-02-21,73.15,73.4,72.65,73.05,3333000,BA,BA
2006-02-22,73.06,74.61,73.06,74.39,5008400,BA,BA
2006-02-23,73.95,74.2,73.78,73.9,2574300,BA,BA
2006-02-24,73.65,74.59,73.31,74.31,2657100,BA,BA
2006-02-27,74.05,74.89,74.0,74.13,1974100,BA,BA
2006-02-28,73.9,74.0,72.36,72.69,3903600,BA,BA
2006-03-01,72.56,73.08,72.25,72.95,2047500,BA,BA
2006-03-02,72.75,73.35,72.34,72.8,1781000,BA,BA
2006-03-03,72.81,74.4,72.51,73.39,2707900,BA,BA
2006-03-06,73.7,73.71,72.3,72.63,2347000,BA,BA
2006-03-07,72.66,73.23,72.37,73.16,1919500,BA,BA
2006-03-08,72.85,72.86,71.9,72.82,3173300,BA,BA
2006-03-09,72.75,74.25,72.5,73.76,3000800,BA,BA
2006-03-10,73.77,74.9,73.2,74.79,3029200,BA,BA
2006-03-13,75.21,75.9,74.5,74.84,3658300,BA,BA
2006-03-14,74.84,75.63,74.72,75.45,2617900,BA,BA
2006-03-15,75.4,76.3,75.27,76.05,2623300,BA,BA
2006-03-16,76.25,77.05,76.1,76.73,2633500,BA,BA
2006-03-17,77.2,78.08,77.05,77.85,4535500,BA,BA
2006-03-20,78.5,78.86,77.83,78.18,3363500,BA,BA
2006-03-21,78.8,79.2,78.25,78.26,4118800,BA,BA
2006-03-22,77.45,78.8,78.0,78.61,2525300,BA,BA
2006-03-23,78.61,78.62,77.51,77.9,2285900,BA,BA
2006-03-24,78.05,79.11,78.05,78.73,2947500,BA,BA
2006-03-27,78.73,78.75,77.82,78.39,3140100,BA,BA
2006-03-28,78.5,79.0,77.37,77.51,2902200,BA,BA
2006-03-29,77.95,79.48,77.86,79.18,4044400,BA,BA
2006-03-30,78.95,79.5,78.06,78.42,3004100,BA,BA
2006-03-31,78.6,78.92,77.81,77.93,2294800,BA,BA
2006-04-03,78.25,79.13,78.01,78.01,3303500,BA,BA
2006-04-04,78.58,78.85,77.5,78.6,2601000,BA,BA
2006-04-05,78.85,79.19,77.82,79.11,3085800,BA,BA
2006-04-06,79.22,80.13,79.22,79.82,2910700,BA,BA
2006-04-07,79.99,80.37,78.72,79.57,2710000,BA,BA
2006-04-10,79.62,80.92,79.61,80.79,2810700,BA,BA
2006-04-11,80.63,80.71,79.71,80.57,2748100,BA,BA
2006-04-12,81.12,84.23,81.11,83.21,6519900,BA,BA
2006-04-13,83.7,83.7,82.81,82.93,3230700,BA,BA
2006-04-17,83.2,83.99,81.95,82.35,3318000,BA,BA
2006-04-18,82.42,83.37,81.88,83.3,4340700,BA,BA
2006-04-19,83.75,84.99,83.7,84.96,3360600,BA,BA
2006-04-20,84.71,86.26,84.71,85.5,4445900,BA,BA
2006-04-21,86.2,86.58,85.86,86.46,4203000,BA,BA
2006-04-24,86.66,87.25,86.1,86.1,3624300,BA,BA
2006-04-25,86.35,86.48,84.9,85.11,4649400,BA,BA
2006-04-26,84.16,86.1,83.2,84.91,6190800,BA,BA
2006-04-27,84.54,84.7,83.1,84.1,3906500,BA,BA
2006-04-28,84.28,84.66,83.01,83.45,3863800,BA,BA
2006-05-01,83.45,84.12,82.82,83.86,3928200,BA,BA
2006-05-02,84.26,85.82,83.86,85.33,3012300,BA,BA
2006-05-03,85.4,86.03,85.22,85.87,3040800,BA,BA
2006-05-04,85.89,87.15,85.81,86.64,3319700,BA,BA
2006-05-05,87.47,88.55,87.3,88.47,3349100,BA,BA
2006-05-08,88.48,89.3,87.36,87.59,3334800,BA,BA
2006-05-09,87.61,88.0,87.1,87.99,2231900,BA,BA
2006-05-10,88.0,89.58,87.65,88.94,3784500,BA,BA
2006-05-11,89.45,89.55,87.9,88.21,2652900,BA,BA
2006-05-12,88.21,89.01,86.94,87.01,2932300,BA,BA
2006-05-15,85.76,86.47,84.57,85.86,4171300,BA,BA
2006-05-16,85.89,86.98,85.35,86.4,3057000,BA,BA
2006-05-17,86.4,86.4,83.28,83.77,5267100,BA,BA
2006-05-18,84.25,84.84,82.6,82.73,3616900,BA,BA
2006-05-19,83.0,85.3,82.06,84.61,5508200,BA,BA
2006-05-22,84.46,86.03,84.02,85.71,4535300,BA,BA
2006-05-23,86.04,86.7,85.15,85.15,4044100,BA,BA
2006-05-24,84.97,85.15,81.63,82.38,6731600,BA,BA
2006-05-25,82.8,83.8,82.29,82.99,3295700,BA,BA
2006-05-26,83.6,83.81,83.05,83.5,2354600,BA,BA
2006-05-30,83.5,83.5,81.57,82.13,3935800,BA,BA
2006-05-31,81.21,83.44,81.21,83.25,3953600,BA,BA
2006-06-01,83.6,83.72,82.55,83.64,2373600,BA,BA
2006-06-02,84.0,84.58,83.17,83.8,3231000,BA,BA
2006-06-05,83.79,83.97,82.06,82.13,3422900,BA,BA
2006-06-06,82.0,82.34,79.47,80.65,6325400,BA,BA
2006-06-07,80.83,81.92,80.29,81.46,5014700,BA,BA
2006-06-08,81.46,81.84,79.01,81.19,7561900,BA,BA
2006-06-09,81.95,81.99,80.0,80.5,3927800,BA,BA
2006-06-12,80.6,80.75,77.47,77.88,5244400,BA,BA
2006-06-13,77.77,77.88,76.4,76.98,5184600,BA,BA
2006-06-14,79.4,82.01,79.2,82.01,9858900,BA,BA
2006-06-15,82.01,85.13,82.01,84.81,8058300,BA,BA
2006-06-16,85.1,85.85,84.75,85.54,6020000,BA,BA
2006-06-19,85.65,86.23,84.31,84.76,4342200,BA,BA
2006-06-20,85.25,85.48,84.05,84.85,3105800,BA,BA
2006-06-21,84.9,86.08,84.9,85.85,3589600,BA,BA
2006-06-22,85.55,85.68,83.88,84.06,3634000,BA,BA
2006-06-23,84.06,84.48,83.16,83.39,3066100,BA,BA
2006-06-26,83.48,84.28,82.8,83.89,1930000,BA,BA
2006-06-27,83.85,84.2,81.76,81.93,3214200,BA,BA
2006-06-28,81.94,82.69,80.83,82.64,3171800,BA,BA
2006-06-29,82.64,83.5,81.28,83.0,5237200,BA,BA
2006-06-30,82.99,83.0,81.57,81.91,4477900,BA,BA
2006-07-03,81.35,81.67,80.94,81.3,1629300,BA,BA
2006-07-05,81.28,81.29,79.26,80.17,5663000,BA,BA
2006-07-06,80.27,80.98,80.0,80.81,3196000,BA,BA
2006-07-07,80.4,81.29,79.53,79.99,2586600,BA,BA
2006-07-10,80.03,81.25,80.03,80.35,2665800,BA,BA
2006-07-11,80.1,81.81,78.86,81.63,3823300,BA,BA
2006-07-12,81.45,81.95,80.37,80.92,2659500,BA,BA
2006-07-13,80.7,81.04,79.47,79.59,3610200,BA,BA
2006-07-14,79.59,79.6,76.89,77.25,5436900,BA,BA
2006-07-17,78.11,79.77,77.8,78.95,4515600,BA,BA
2006-07-18,79.5,80.26,77.97,79.17,4307600,BA,BA
2006-07-19,79.32,82.57,78.36,82.29,5068100,BA,BA
2006-07-20,82.9,83.0,80.62,80.69,4606700,BA,BA
2006-07-21,80.69,80.69,78.56,79.08,4032200,BA,BA
2006-07-24,79.45,81.61,79.43,81.44,4024500,BA,BA
2006-07-25,80.75,84.06,80.7,83.75,4557500,BA,BA
2006-07-26,82.18,82.36,79.6,79.9,6635100,BA,BA
2006-07-27,80.0,80.29,78.15,78.71,5202500,BA,BA
2006-07-28,79.4,80.1,78.7,78.91,4317100,BA,BA
2006-07-31,78.46,78.52,77.3,77.42,5525700,BA,BA
2006-08-01,77.42,78.28,76.52,78.17,4507100,BA,BA
2006-08-02,78.7,79.65,78.4,78.62,3784600,BA,BA
2006-08-03,77.88,79.89,77.42,79.4,3681200,BA,BA
2006-08-04,80.16,80.7,79.15,79.49,3598400,BA,BA
2006-08-07,79.1,79.95,78.62,79.75,3233500,BA,BA
2006-08-08,79.55,80.83,77.84,78.15,5676700,BA,BA
2006-08-09,78.25,79.02,76.71,77.16,4175500,BA,BA
2006-08-10,76.8,76.8,75.07,76.2,5609200,BA,BA
2006-08-11,76.22,76.76,75.66,75.96,3274000,BA,BA
2006-08-14,76.65,77.19,75.15,75.39,3772400,BA,BA
2006-08-15,76.0,76.7,75.69,76.58,3516300,BA,BA
2006-08-16,77.2,78.95,76.86,78.83,4181600,BA,BA
2006-08-17,78.83,79.43,77.88,78.59,2893300,BA,BA
2006-08-18,78.68,78.68,77.16,77.62,3426400,BA,BA
2006-08-21,77.62,77.62,76.51,76.63,2537700,BA,BA
2006-08-22,77.0,77.85,76.25,76.95,2632800,BA,BA
2006-08-23,77.0,77.55,76.07,76.36,2495300,BA,BA
2006-08-24,76.85,77.04,75.0,75.24,3308000,BA,BA
2006-08-25,75.24,75.6,73.55,73.93,4604300,BA,BA
2006-08-28,74.04,75.02,73.05,74.72,4746300,BA,BA
2006-08-29,75.96,75.99,72.9,73.78,7186100,BA,BA
2006-08-30,74.0,75.3,73.64,75.02,3851200,BA,BA
2006-08-31,74.75,75.58,74.75,74.9,3057800,BA,BA
2006-09-01,75.0,75.91,74.46,75.43,3275600,BA,BA
2006-09-05,75.75,76.3,75.05,75.36,2675400,BA,BA
2006-09-06,75.36,75.55,74.2,74.44,3042800,BA,BA
2006-09-07,74.44,74.44,72.76,72.87,4273000,BA,BA
2006-09-08,73.3,73.62,72.17,72.8,4956300,BA,BA
2006-09-11,72.13,74.13,72.13,73.82,3537000,BA,BA
2006-09-12,73.79,74.38,73.61,74.26,3314800,BA,BA
2006-09-13,74.36,76.49,74.36,76.32,4886400,BA,BA
2006-09-14,75.07,75.64,74.65,75.01,5230800,BA,BA
2006-09-15,75.56,76.0,74.73,75.01,4173200,BA,BA
2006-09-18,75.1,75.64,74.8,75.21,2407300,BA,BA
2006-09-19,75.35,75.5,74.15,74.87,2351900,BA,BA
2006-09-20,75.51,76.4,75.51,76.19,4003800,BA,BA
2006-09-21,77.05,77.27,75.75,76.11,4436400,BA,BA
2006-09-22,76.2,77.77,75.74,77.25,4682300,BA,BA
2006-09-25,77.7,78.55,77.37,77.71,4622200,BA,BA
2006-09-26,78.15,79.29,77.37,79.0,4247600,BA,BA
2006-09-27,79.17,79.96,79.17,79.41,4288800,BA,BA
2006-09-28,79.57,80.35,79.25,79.28,4450200,BA,BA
2006-09-29,79.5,79.75,78.79,78.85,4042100,BA,BA
2006-10-02,79.35,80.28,78.84,79.97,5728000,BA,BA
2006-10-03,79.98,82.09,79.98,81.78,5902600,BA,BA
2006-10-04,82.5,83.98,82.01,83.96,7234200,BA,BA
2006-10-05,83.97,84.12,83.06,83.62,3688300,BA,BA
2006-10-06,83.62,84.39,83.14,83.68,3649900,BA,BA
2006-10-09,83.69,83.87,82.47,82.65,4452400,BA,BA
2006-10-10,82.5,82.67,81.8,82.13,4005500,BA,BA
2006-10-11,81.95,82.0,80.89,81.64,3258000,BA,BA
2006-10-12,82.2,83.86,82.1,83.64,4129800,BA,BA
2006-10-13,83.25,83.35,81.82,82.39,4005400,BA,BA
2006-10-16,82.39,82.85,81.64,82.66,2474100,BA,BA
2006-10-17,82.45,82.45,81.5,82.29,2918200,BA,BA
2006-10-18,82.52,83.46,81.95,82.74,3796200,BA,BA
2006-10-19,82.74,82.96,81.77,82.41,2425200,BA,BA
2006-10-20,82.9,82.9,81.7,81.74,3017200,BA,BA
2006-10-23,81.73,82.84,81.5,82.8,2819400,BA,BA
2006-10-24,83.1,83.89,82.72,83.59,3815400,BA,BA
2006-10-25,82.6,82.6,80.6,80.86,7074100,BA,BA
2006-10-26,80.75,80.75,77.77,79.14,10621700,BA,BA
2006-10-27,79.17,80.4,78.52,79.74,6880500,BA,BA
2006-10-30,80.25,81.04,80.01,80.22,3739800,BA,BA
2006-10-31,80.6,80.6,79.31,79.86,3943800,BA,BA
2006-11-01,80.01,80.75,79.72,80.06,3180100,BA,BA
2006-11-02,80.06,80.4,79.11,79.2,4044600,BA,BA
2006-11-03,79.47,80.35,79.39,79.97,2706700,BA,BA
2006-11-06,79.98,80.87,79.98,80.48,3082700,BA,BA
2006-11-07,80.73,84.98,80.6,84.85,11849700,BA,BA
2006-11-08,84.25,85.87,83.53,85.45,8497300,BA,BA
2006-11-09,85.75,86.5,85.05,85.11,6155900,BA,BA
2006-11-10,86.4,86.98,85.44,85.62,5496600,BA,BA
2006-11-13,85.7,86.34,85.29,85.69,3360100,BA,BA
2006-11-14,85.69,86.09,84.76,85.74,3463100,BA,BA
2006-11-15,86.4,87.58,86.35,87.08,5850900,BA,BA
2006-11-16,87.92,89.43,87.5,88.71,6967000,BA,BA
2006-11-17,89.05,89.63,88.57,89.52,5748800,BA,BA
2006-11-20,89.05,89.22,88.62,89.12,5571500,BA,BA
2006-11-21,89.85,92.05,89.57,91.1,8516600,BA,BA
2006-11-22,91.1,91.59,89.78,90.1,4481300,BA,BA
2006-11-24,89.25,90.08,89.15,89.77,1213700,BA,BA
2006-11-27,90.0,90.03,86.95,87.37,6282400,BA,BA
2006-11-28,88.15,88.74,87.05,87.94,4950700,BA,BA
2006-11-29,88.24,89.45,87.93,88.89,4428500,BA,BA
2006-11-30,89.1,89.44,87.1,88.53,4194000,BA,BA
2006-12-01,89.6,90.05,88.65,89.55,5154400,BA,BA
2006-12-04,89.55,90.6,89.42,89.58,3494300,BA,BA
2006-12-05,89.59,91.1,89.17,90.73,4386100,BA,BA
2006-12-06,91.6,91.85,90.76,90.83,4216500,BA,BA
2006-12-07,91.3,91.65,89.75,90.01,3784600,BA,BA
2006-12-08,90.07,90.72,89.53,90.13,2796300,BA,BA
2006-12-11,89.77,90.2,89.52,89.78,2374600,BA,BA
2006-12-12,90.03,90.75,89.75,90.31,3639300,BA,BA
2006-12-13,90.82,90.99,89.39,89.6,3695100,BA,BA
2006-12-14,89.3,90.13,89.08,89.93,3512000,BA,BA
2006-12-15,90.17,90.9,90.17,90.7,5305200,BA,BA
2006-12-18,90.75,90.9,89.41,89.56,2627400,BA,BA
2006-12-19,89.0,90.44,88.97,90.17,2628900,BA,BA
2006-12-20,90.18,90.6,89.18,90.1,3296000,BA,BA
2006-12-21,89.8,90.4,89.46,89.94,2879600,BA,BA
2006-12-22,89.65,89.67,88.35,88.76,2511700,BA,BA
2006-12-26,88.95,89.0,88.35,88.79,1566200,BA,BA
2006-12-27,89.15,89.45,88.74,88.88,2007500,BA,BA
2006-12-28,88.85,89.2,88.41,89.0,1274600,BA,BA
2006-12-29,89.25,89.46,88.75,88.84,1780300,BA,BA
2007-01-03,88.9,90.3,88.45,89.17,4871900,BA,BA
2007-01-04,88.34,89.83,87.01,89.53,2720200,BA,BA
2007-01-05,89.78,90.0,88.5,89.15,3285900,BA,BA
2007-01-08,88.61,89.41,87.56,88.94,2989000,BA,BA
2007-01-09,88.93,89.71,87.56,88.0,4203800,BA,BA
2007-01-10,88.04,89.34,88.0,89.27,3955300,BA,BA
2007-01-11,88.97,89.27,88.32,88.84,4048600,BA,BA
2007-01-12,88.54,88.85,87.5,88.13,3891600,BA,BA
2007-01-16,88.25,88.51,87.3,88.0,5537800,BA,BA
2007-01-17,88.02,89.54,87.22,88.83,4501400,BA,BA
2007-01-18,89.13,89.38,87.76,88.0,3349100,BA,BA
2007-01-19,88.45,89.1,87.8,88.63,4369000,BA,BA
2007-01-22,87.51,87.86,84.82,85.6,8427300,BA,BA
2007-01-23,85.01,88.18,85.0,87.36,6559700,BA,BA
2007-01-24,87.35,87.76,86.52,87.6,3368900,BA,BA
2007-01-25,87.3,87.46,86.0,86.16,2850300,BA,BA
2007-01-26,86.0,86.25,84.6,85.43,5149400,BA,BA
2007-01-29,85.05,86.0,85.0,85.5,3116500,BA,BA
2007-01-30,85.75,86.6,85.55,86.0,3151400,BA,BA
2007-01-31,89.3,90.34,89.0,89.56,11573600,BA,BA
2007-02-01,89.95,92.24,89.73,91.05,6622300,BA,BA
2007-02-02,91.05,91.48,89.95,90.05,5098700,BA,BA
2007-02-05,90.45,91.42,90.31,90.72,3028600,BA,BA
2007-02-06,91.0,91.0,89.9,90.98,3521700,BA,BA
2007-02-07,90.59,91.2,89.7,90.35,2814100,BA,BA
2007-02-08,200.0,90.36,88.55,89.52,5155700,BA,BA
2007-02-09,89.35,90.3,89.03,90.0,4282800,BA,BA
2007-02-12,89.55,89.89,88.78,89.2,3449201,BA,BA
2007-02-13,89.2,89.37,88.3,89.29,3045961,BA,BA
2007-02-14,89.29,90.17,89.27,89.94,3866056,BA,BA
2007-02-15,90.02,91.8,89.86,91.71,5702200,BA,BA
2007-02-16,91.98,92.0,90.73,90.94,4546100,BA,BA
2007-02-20,91.5,91.69,89.84,91.03,3940500,BA,BA
2007-02-21,91.03,92.0,90.05,90.96,4971700,BA,BA
2007-02-22,91.1,91.93,90.27,90.58,3176500,BA,BA
2007-02-23,90.21,90.85,90.0,90.28,2342400,BA,BA
2007-02-26,90.48,90.73,88.56,88.93,4537877,BA,BA
2007-02-27,88.0,88.7,85.24,87.2,5981100,BA,BA
2007-02-28,87.2,88.41,86.05,87.26,6063900,BA,BA
2007-03-01,86.6,88.8,85.91,87.85,5151841,BA,BA
2007-03-02,87.87,88.54,87.01,87.03,4307500,BA,BA
2007-03-05,86.96,88.19,86.39,87.02,3794000,BA,BA
2007-03-06,88.03,88.03,87.05,87.82,3322000,BA,BA
2007-03-07,87.82,89.25,87.82,88.71,5205900,BA,BA
2007-03-08,88.98,89.67,88.61,88.89,2811500,BA,BA
2007-03-09,89.7,90.09,89.14,89.51,2820600,BA,BA
2007-03-12,89.0,91.87,89.0,91.2,5964300,BA,BA
2007-03-13,90.9,91.1,89.45,89.45,5247900,BA,BA
2007-03-14,89.45,90.3,88.53,89.98,4027900,BA,BA
2007-03-15,89.98,91.06,89.57,91.04,3513885,BA,BA
2007-03-16,91.04,91.04,89.68,90.0,5815100,BA,BA
2007-03-19,90.5,90.95,89.9,90.32,3568338,BA,BA
2007-03-20,90.32,90.93,90.02,90.16,3485800,BA,BA
2007-03-21,90.16,90.95,89.45,90.8,4230099,BA,BA
2007-03-22,90.4,90.8,89.88,90.57,3708100,BA,BA
2007-03-23,89.79,91.31,89.79,90.98,2304666,BA,BA
2007-03-26,90.88,90.94,89.84,90.83,3272982,BA,BA
2007-03-27,90.6,91.0,90.0,90.52,2687815,BA,BA
2007-03-28,90.28,90.41,89.01,89.45,4497400,BA,BA
2007-03-29,90.11,90.54,89.16,89.76,3521450,BA,BA
2007-03-30,89.62,90.07,88.65,88.91,4588206,BA,BA
2007-04-02,88.9,89.01,88.08,88.83,3440800,BA,BA
2007-04-03,89.32,90.24,89.09,89.9,3931000,BA,BA
2007-04-04,89.91,90.61,89.8,90.27,2555455,BA,BA
2007-04-05,90.2,90.74,90.2,90.5,2997900,BA,BA
2007-04-09,90.97,90.97,90.02,90.03,3155323,BA,BA
2007-04-10,89.95,90.87,89.95,90.84,2861717,BA,BA
2007-04-11,90.9,90.99,89.65,89.97,3464565,BA,BA
2007-04-12,89.98,90.86,89.4,90.85,2635296,BA,BA
2007-04-13,90.85,91.1,90.18,91.03,3035644,BA,BA
2007-04-16,91.0,91.28,89.93,90.31,3747770,BA,BA
2007-04-17,90.3,91.14,90.05,90.45,3926710,BA,BA
2007-04-18,90.45,94.17,90.34,93.88,9490622,BA,BA
2007-04-19,93.49,94.75,92.76,92.99,6192269,BA,BA
2007-04-20,93.77,94.12,93.06,93.29,6036817,BA,BA
2007-04-23,94.1,94.24,93.31,93.64,4900720,BA,BA
2007-04-24,94.9,94.96,93.37,93.67,5762255,BA,BA
2007-04-25,94.64,94.75,92.75,94.69,7746459,BA,BA
2007-04-26,94.54,95.58,94.04,94.26,4840610,BA,BA
2007-04-27,94.25,94.35,93.28,94.02,3526724,BA,BA
2007-04-30,94.02,94.11,92.85,93.0,3751392,BA,BA
2007-05-01,93.15,93.65,92.5,93.23,3241600,BA,BA
2007-05-02,93.08,94.46,92.84,93.83,3476250,BA,BA
2007-05-03,94.08,94.49,93.5,93.85,3090107,BA,BA
2007-05-04,94.35,94.38,93.12,93.61,3055905,BA,BA
2007-05-07,93.8,95.0,93.65,94.56,4018314,BA,BA
2007-05-08,94.41,94.41,93.7,94.21,4427700,BA,BA
2007-05-09,93.87,94.27,93.35,94.08,3009722,BA,BA
2007-05-10,93.75,94.16,92.7,92.8,2664099,BA,BA
2007-05-11,92.81,94.23,92.38,93.4,2702148,BA,BA
2007-05-14,93.4,94.14,93.32,93.56,2076797,BA,BA
2007-05-15,93.98,95.45,93.79,94.34,5005872,BA,BA
2007-05-16,94.5,95.46,94.5,95.34,4113648,BA,BA
2007-05-17,95.34,97.18,95.23,96.79,4858820,BA,BA
2007-05-18,97.07,97.5,96.27,96.63,4234571,BA,BA
2007-05-21,96.42,97.74,96.25,96.9,4525340,BA,BA
2007-05-22,97.24,97.6,96.36,96.48,3783880,BA,BA
2007-05-23,95.95,96.45,95.36,95.57,4571083,BA,BA
2007-05-24,95.9,98.84,95.75,97.42,7450420,BA,BA
2007-05-25,98.3,98.64,97.38,98.25,3249200,BA,BA
2007-05-29,98.52,99.2,97.96,98.5,3298148,BA,BA
2007-05-30,98.47,100.64,98.3,100.55,5803806,BA,BA
2007-05-31,100.69,100.96,100.47,100.59,4239062,BA,BA
2007-06-01,100.59,101.45,99.45,99.83,4056950,BA,BA
2007-06-04,101.0,101.0,99.5,99.98,2718885,BA,BA
2007-06-05,99.94,99.96,98.84,99.5,3276650,BA,BA
2007-06-06,98.97,99.2,97.69,98.29,3430670,BA,BA
2007-06-07,98.29,99.09,96.81,96.84,4713903,BA,BA
2007-06-08,96.7,98.22,95.91,98.19,3951918,BA,BA
2007-06-11,98.25,98.79,97.42,97.55,3345700,BA,BA
2007-06-12,97.55,97.59,96.12,96.48,5023422,BA,BA
2007-06-13,97.12,98.55,96.92,98.47,5334000,BA,BA
2007-06-14,99.0,99.5,98.73,98.97,3435911,BA,BA
2007-06-15,99.52,100.0,97.93,98.15,7178349,BA,BA
2007-06-18,98.03,98.58,97.29,97.4,4109394,BA,BA
2007-06-19,97.4,98.24,96.51,96.92,5120300,BA,BA
2007-06-20,96.92,97.72,96.01,96.08,4734000,BA,BA
2007-06-21,96.08,97.2,95.17,97.2,6300457,BA,BA
2007-06-22,96.64,96.9,95.6,95.92,5359189,BA,BA
2007-06-25,96.0,96.57,94.8,95.57,4334799,BA,BA
2007-06-26,95.4,96.47,94.87,94.98,4364095,BA,BA
2007-06-27,94.31,94.9,93.58,94.65,4492500,BA,BA
2007-06-28,95.0,95.59,94.26,95.16,3507800,BA,BA
2007-06-29,95.36,96.34,95.25,96.16,5786300,BA,BA
2007-07-02,96.16,97.05,96.27,96.77,2818431,BA,BA
2007-07-03,96.8,98.06,96.8,97.65,2131926,BA,BA
2007-07-05,97.52,98.48,97.23,98.36,2569600,BA,BA
2007-07-06,98.13,99.22,98.02,98.88,2591555,BA,BA
2007-07-09,100.99,101.32,99.6,99.9,5717478,BA,BA
2007-07-10,100.6,100.66,99.63,100.25,6683300,BA,BA
2007-07-11,100.48,100.83,99.56,100.12,4608300,BA,BA
2007-07-12,100.12,100.82,99.76,100.78,4571360,BA,BA
2007-07-13,100.78,102.43,100.6,101.88,4250100,BA,BA
2007-07-16,102.0,102.17,101.0,102.07,3406801,BA,BA
2007-07-17,102.07,102.73,101.4,102.05,3357600,BA,BA
2007-07-18,101.85,102.75,100.89,101.82,4331029,BA,BA
2007-07-19,101.82,102.82,101.63,102.48,2603190,BA,BA
2007-07-20,102.8,104.42,102.35,103.86,6652004,BA,BA
2007-07-23,104.48,104.55,103.22,104.04,4041800,BA,BA
2007-07-24,103.45,105.67,103.34,103.8,5535397,BA,BA
2007-07-25,106.98,107.83,106.38,107.23,10403624,BA,BA
2007-07-26,106.06,106.8,102.23,103.7,10512882,BA,BA
2007-07-27,103.6,106.39,103.6,103.71,7756700,BA,BA
2007-07-30,104.6,106.15,104.0,105.54,6301326,BA,BA
2007-07-31,106.54,106.54,103.31,103.43,6896479,BA,BA
2007-08-01,103.03,104.84,103.0,104.53,6943860,BA,BA
2007-08-02,105.02,106.0,104.51,105.93,4759079,BA,BA
2007-08-03,105.5,106.35,104.22,104.24,5466800,BA,BA
2007-08-06,104.49,104.85,102.09,104.34,6308181,BA,BA
2007-08-07,103.7,104.12,102.3,103.22,5307532,BA,BA
2007-08-08,103.1,104.19,100.71,102.72,5820873,BA,BA
2007-08-09,100.79,102.23,98.02,98.3,8725750,BA,BA
2007-08-10,96.95,98.51,94.0,98.44,11406193,BA,BA
2007-08-13,99.46,100.91,99.25,100.05,6144700,BA,BA
2007-08-14,100.33,100.72,97.4,97.63,4854417,BA,BA
2007-08-15,97.0,98.8,95.21,95.51,5328791,BA,BA
2007-08-16,95.51,95.2,90.08,92.74,14713536,BA,BA
2007-08-17,94.79,97.73,94.64,95.93,8419319,BA,BA
2007-08-20,96.26,97.54,94.75,97.21,4813500,BA,BA
2007-08-21,96.83,97.24,96.07,96.95,3254621,BA,BA
2007-08-22,97.5,98.85,97.0,97.99,4185700,BA,BA
2007-08-23,98.95,98.95,96.22,96.74,4377100,BA,BA
2007-08-24,96.78,98.6,96.63,98.47,4350304,BA,BA
2007-08-27,98.07,98.95,97.13,98.54,3270605,BA,BA
2007-08-28,97.99,98.38,95.44,95.65,5336400,BA,BA
2007-08-29,96.5,97.55,95.84,96.9,5131700,BA,BA
2007-08-30,96.74,97.67,95.93,96.85,4113700,BA,BA
2007-08-31,98.0,98.58,96.7,96.7,3964900,BA,BA
2007-09-04,96.1,96.31,94.9,95.92,6772600,BA,BA
2007-09-05,95.2,97.74,94.02,95.84,10775135,BA,BA
2007-09-06,95.54,96.24,94.5,96.2,6660002,BA,BA
2007-09-07,95.2,96.1,94.66,94.84,5669362,BA,BA
2007-09-10,95.01,95.94,94.05,95.33,4745900,BA,BA
2007-09-11,95.98,97.87,95.52,97.44,4806725,BA,BA
2007-09-12,97.21,98.73,97.0,98.32,4407500,BA,BA
2007-09-13,98.6,99.37,98.35,98.95,3993500,BA,BA
2007-09-14,98.4,99.58,98.02,99.35,4217800,BA,BA
2007-09-17,98.8,99.73,98.07,98.64,3788250,BA,BA
2007-09-18,98.6,98.82,96.44,98.47,9981614,BA,BA
2007-09-19,99.4,100.71,99.05,100.02,6918000,BA,BA
2007-09-20,99.94,101.35,99.94,101.25,4727900,BA,BA
2007-09-21,102.35,103.23,101.25,102.59,6631200,BA,BA
2007-09-24,103.0,103.76,102.4,103.05,4912900,BA,BA
2007-09-25,102.74,105.02,102.54,104.93,5031200,BA,BA
2007-09-26,105.3,105.98,103.25,104.45,5037800,BA,BA
2007-09-27,104.45,106.15,104.0,105.46,3984800,BA,BA
2007-09-28,105.2,105.96,104.23,104.99,4549500,BA,BA
2007-10-01,105.45,107.0,105.22,106.65,3675700,BA,BA
2007-10-02,106.62,107.15,105.27,105.93,4595600,BA,BA
2007-10-03,105.33,105.73,104.25,104.72,3655700,BA,BA
2007-10-04,105.15,105.7,104.45,104.5,3451301,BA,BA
2007-10-05,105.4,105.5,101.09,102.25,8306000,BA,BA
2007-10-08,103.26,103.26,100.09,101.07,5320000,BA,BA
2007-10-09,101.32,101.76,99.66,101.45,5564946,BA,BA
2007-10-10,100.89,102.4,97.04,98.68,25305300,BA,BA
2007-10-11,99.5,99.58,94.96,96.26,13196246,BA,BA
2007-10-12,96.11,97.59,95.42,96.69,9506466,BA,BA
2007-10-15,95.98,96.5,94.45,94.83,8073577,BA,BA
2007-10-16,94.5,96.34,93.03,95.94,9846550,BA,BA
2007-10-17,96.52,97.05,94.63,95.59,8107100,BA,BA
2007-10-18,95.36,97.15,94.8,96.94,6762400,BA,BA
2007-10-19,96.54,97.0,93.79,93.9,9209650,BA,BA
2007-10-22,93.16,95.04,92.6,94.93,7939459,BA,BA
2007-10-23,95.76,95.96,94.16,94.95,6110100,BA,BA
2007-10-24,95.69,96.08,93.02,94.26,9716739,BA,BA
2007-10-25,94.88,98.97,92.0,96.0,8169170,BA,BA
2007-10-26,96.25,96.55,95.05,96.02,5185302,BA,BA
2007-10-29,95.78,97.6,95.24,96.99,8935000,BA,BA
2007-10-30,97.25,98.6,97.0,97.33,7547300,BA,BA
2007-10-31,98.15,98.71,97.33,98.59,5940400,BA,BA
2007-11-01,98.3,98.49,96.5,96.6,6409700,BA,BA
2007-11-02,96.62,97.88,96.34,97.76,5610700,BA,BA
2007-11-05,97.59,98.67,96.51,97.97,4459525,BA,BA
2007-11-06,98.0,98.43,96.94,97.7,4091070,BA,BA
2007-11-07,97.0,97.99,96.11,96.89,5731930,BA,BA
2007-11-08,96.97,97.25,94.9,96.28,6991941,BA,BA
2007-11-09,95.08,95.75,94.07,94.21,6133443,BA,BA
2007-11-12,94.25,94.41,92.7,92.86,6382677,BA,BA
2007-11-13,93.83,94.15,92.87,93.7,6512217,BA,BA
2007-11-14,94.14,94.25,92.5,92.79,6536731,BA,BA
2007-11-15,91.46,92.86,90.97,91.34,6701161,BA,BA
2007-11-16,92.0,92.05,89.45,89.99,9249011,BA,BA
2007-11-19,89.6,89.92,88.12,88.27,9345265,BA,BA
2007-11-20,88.31,88.95,86.92,87.86,8744399,BA,BA
2007-11-21,86.78,88.5,86.75,87.41,7088341,BA,BA
2007-11-23,88.5,89.66,88.07,89.54,3317377,BA,BA
2007-11-26,90.5,92.39,89.86,89.93,7088723,BA,BA
2007-11-27,90.57,92.55,90.52,91.73,7092621,BA,BA
2007-11-28,92.61,93.83,91.76,93.61,6938117,BA,BA
2007-11-29,93.61,94.27,92.61,93.21,4692398,BA,BA
2007-11-30,94.6,94.6,91.72,92.54,10111260,BA,BA
2007-12-03,92.5,93.2,91.66,91.79,5423352,BA,BA
2007-12-04,91.43,91.79,89.85,89.99,7080859,BA,BA
2007-12-05,90.9,92.16,90.36,90.7,9175940,BA,BA
2007-12-06,91.5,92.44,90.83,91.78,5817510,BA,BA
2007-12-07,92.36,93.64,92.0,93.16,5363783,BA,BA
2007-12-10,93.25,93.25,91.79,92.64,5971821,BA,BA
2007-12-11,92.64,93.0,88.12,88.7,10330025,BA,BA
2007-12-12,88.0,89.53,85.55,86.92,18703921,BA,BA
2007-12-13,86.67,88.91,86.4,88.55,7522181,BA,BA
2007-12-14,88.54,89.99,88.03,88.42,4989164,BA,BA
2007-12-17,88.21,88.9,87.2,87.4,4945949,BA,BA
2007-12-18,87.87,87.87,86.2,87.17,5731978,BA,BA
2007-12-19,87.75,88.17,86.47,86.62,8622820,BA,BA
2007-12-20,87.08,87.41,86.48,87.19,3333457,BA,BA
2007-12-21,88.04,89.34,87.8,89.07,7691208,BA,BA
2007-12-24,89.55,90.38,89.55,90.02,1946805,BA,BA
2007-12-26,90.0,90.13,89.28,90.0,2734366,BA,BA
2007-12-27,89.99,89.99,88.33,88.88,2891556,BA,BA
2007-12-28,89.0,89.11,87.48,88.25,2934782,BA,BA
2007-12-31,88.14,88.28,87.24,87.46,3184158,BA,BA
2008-01-02,87.57,87.84,86.0,86.62,4304034,BA,BA
2008-01-03,87.07,87.64,86.74,86.98,3428184,BA,BA
2008-01-04,86.32,87.16,85.69,85.82,5394090,BA,BA
2008-01-07,86.25,86.3,82.17,82.87,9969655,BA,BA
2008-01-08,83.11,83.37,79.65,79.91,9811821,BA,BA
2008-01-09,79.7,80.43,77.81,80.3,10309129,BA,BA
2008-01-10,79.86,83.19,79.86,82.36,9411846,BA,BA
2008-01-11,81.77,81.78,80.0,80.52,6556549,BA,BA
2008-01-14,81.33,82.37,80.15,81.67,7732556,BA,BA
2008-01-15,81.47,81.8,76.0,77.86,16468828,BA,BA
2008-01-16,77.81,81.31,76.5,79.87,13492573,BA,BA
2008-01-17,81.2,82.49,79.02,79.52,9303746,BA,BA
2008-01-18,80.25,80.82,77.76,78.4,7686788,BA,BA
2008-01-22,74.53,78.74,74.4,77.6,8503272,BA,BA
2008-01-23,75.5,77.19,74.12,76.57,13027509,BA,BA
2008-01-24,77.56,78.34,76.48,77.62,7449523,BA,BA
2008-01-25,78.65,79.67,76.97,77.03,7849409,BA,BA
2008-01-28,77.15,77.72,76.48,77.6,4864514,BA,BA
2008-01-29,78.57,81.06,78.27,80.96,9025746,BA,BA
2008-01-30,79.7,84.87,79.69,82.87,11334770,BA,BA
2008-01-31,81.78,83.84,80.8,83.18,7888626,BA,BA
2008-02-01,83.37,83.99,81.85,82.76,6686233,BA,BA
2008-02-04,82.78,83.36,81.91,82.9,3106294,BA,BA
2008-02-05,81.61,82.78,81.35,81.69,4691531,BA,BA
2008-02-06,81.9,81.95,79.6,79.91,5333374,BA,BA
2008-02-07,78.71,80.24,78.71,79.75,6779167,BA,BA
2008-02-08,79.48,80.14,78.81,79.33,4343264,BA,BA
2008-02-11,79.46,81.39,78.85,81.13,4898426,BA,BA
2008-02-12,81.8,84.53,81.44,83.56,7980233,BA,BA
2008-02-13,84.35,85.63,84.01,85.48,6405158,BA,BA
2008-02-14,85.67,86.06,84.9,85.22,6631564,BA,BA
2008-02-15,85.06,85.42,84.17,85.18,5749266,BA,BA
2008-02-19,86.11,86.88,84.83,85.37,4158479,BA,BA
2008-02-20,84.47,84.69,82.95,84.0,7526413,BA,BA
2008-02-21,84.12,84.96,81.87,82.01,6688237,BA,BA
2008-02-22,82.51,83.21,81.75,83.04,5229090,BA,BA
2008-02-25,83.26,84.74,83.12,84.66,5450910,BA,BA
2008-02-26,85.12,85.12,83.9,84.57,5171694,BA,BA
2008-02-27,84.22,85.19,83.4,83.95,4675029,BA,BA
2008-02-28,83.51,85.0,82.73,84.8,5727330,BA,BA
2008-02-29,84.03,84.5,82.4,82.79,7670578,BA,BA
2008-03-03,79.32,80.89,79.25,80.67,9576472,BA,BA
2008-03-04,79.78,79.99,78.34,79.62,8209208,BA,BA
2008-03-05,79.82,81.32,79.67,80.71,5669610,BA,BA
2008-03-06,80.55,80.72,79.38,79.51,4503435,BA,BA
2008-03-07,78.99,79.0,76.37,76.6,9657176,BA,BA
2008-03-10,76.53,76.71,74.38,74.38,9930441,BA,BA
2008-03-11,74.78,75.75,72.39,73.4,14137430,BA,BA
2008-03-12,73.71,74.75,72.13,72.45,8966769,BA,BA
2008-03-13,71.81,74.42,71.58,74.18,10850643,BA,BA
2008-03-14,75.79,77.19,75.13,76.23,13225367,BA,BA
2008-03-17,74.46,76.2,74.14,75.49,5658058,BA,BA
2008-03-18,77.0,77.0,75.26,76.53,5644516,BA,BA
2008-03-19,76.98,77.0,73.45,73.45,9195792,BA,BA
2008-03-20,73.55,75.0,72.72,74.8,8085919,BA,BA
2008-03-24,75.25,76.48,74.79,76.29,4853711,BA,BA
2008-03-25,76.88,76.88,75.14,75.9,5969529,BA,BA
2008-03-26,75.66,76.5,75.6,76.3,4350608,BA,BA
2008-03-27,75.86,76.36,74.14,74.22,7709666,BA,BA
2008-03-28,74.44,74.63,73.08,73.47,4616976,BA,BA
2008-03-31,74.0,74.58,73.4,74.37,7394756,BA,BA
2008-04-01,75.02,75.89,74.8,75.88,5958674,BA,BA
2008-04-02,76.1,77.19,75.73,76.85,6121543,BA,BA
2008-04-03,76.55,77.22,75.9,76.14,5597660,BA,BA
2008-04-04,76.04,76.63,75.33,75.65,5086538,BA,BA
2008-04-07,76.53,76.53,74.88,74.98,5389647,BA,BA
2008-04-08,74.51,75.39,74.04,75.02,5597134,BA,BA
2008-04-09,76.72,79.9,76.31,78.6,19513938,BA,BA
2008-04-10,78.45,79.05,77.79,78.43,7873708,BA,BA
2008-04-11,77.65,78.41,76.72,76.86,5428239,BA,BA
2008-04-14,76.68,77.64,76.67,77.22,4926493,BA,BA
2008-04-15,77.56,77.67,75.6,75.7,6338220,BA,BA
2008-04-16,76.31,76.92,75.64,76.67,4895660,BA,BA
2008-04-17,76.4,77.26,76.4,76.91,3466913,BA,BA
2008-04-18,77.5,79.1,77.5,78.66,6742961,BA,BA
2008-04-21,78.71,79.37,78.17,79.09,4744106,BA,BA
2008-04-22,79.32,79.99,77.75,78.56,7615894,BA,BA
2008-04-23,80.65,83.36,79.57,82.09,15488993,BA,BA
2008-04-24,82.49,83.37,81.65,83.0,5755425,BA,BA
2008-04-25,83.38,85.25,83.38,84.84,8354941,BA,BA
2008-04-28,85.01,85.64,84.28,84.98,5379511,BA,BA
2008-04-29,84.54,86.45,84.54,85.53,4485349,BA,BA
2008-04-30,85.83,86.18,84.63,84.86,5221702,BA,BA
2008-05-01,84.86,85.48,84.57,85.41,5083228,BA,BA
2008-05-02,86.32,86.5,84.98,85.69,3784429,BA,BA
2008-05-05,85.32,86.07,85.0,85.92,3886400,BA,BA
2008-05-06,85.59,86.21,85.13,86.15,5079288,BA,BA
2008-05-07,86.03,86.1,84.42,84.55,5060257,BA,BA
2008-05-08,84.71,85.2,84.0,84.76,3671532,BA,BA
2008-05-09,84.43,84.75,83.75,84.06,3328044,BA,BA
2008-05-12,84.4,85.0,83.28,84.8,5367342,BA,BA
2008-05-13,84.99,85.29,84.11,85.08,4292336,BA,BA
2008-05-14,85.3,86.67,85.08,85.69,4909829,BA,BA
2008-05-15,85.71,86.14,85.0,85.55,6006264,BA,BA
2008-05-16,85.84,85.84,84.74,85.17,7131726,BA,BA
2008-05-19,85.56,88.29,85.0,87.07,7176583,BA,BA
2008-05-20,87.05,87.05,84.61,85.14,5697971,BA,BA
2008-05-21,85.41,85.6,80.78,81.19,10849421,BA,BA
2008-05-22,81.05,81.72,80.55,81.41,6333276,BA,BA
2008-05-23,81.21,82.09,80.85,81.48,4476576,BA,BA
2008-05-27,81.6,83.3,81.6,82.87,4529087,BA,BA
2008-05-28,83.25,83.25,81.08,82.13,4135451,BA,BA
2008-05-29,81.82,83.0,81.05,82.11,3465143,BA,BA
2008-05-30,82.4,82.94,81.01,82.77,4660175,BA,BA
2008-06-02,82.61,82.61,80.47,81.15,4492085,BA,BA
2008-06-03,81.5,81.8,77.3,78.12,10435003,BA,BA
2008-06-04,77.54,78.82,77.48,78.02,6750436,BA,BA
2008-06-05,78.19,78.2,76.8,77.31,5789353,BA,BA
2008-06-06,76.54,76.57,73.0,73.16,12786574,BA,BA
2008-06-09,73.4,74.12,73.14,73.95,6630610,BA,BA
2008-06-10,73.46,74.11,72.76,73.67,5674926,BA,BA
2008-06-11,73.44,73.77,72.93,73.31,6544851,BA,BA
2008-06-12,74.01,77.05,73.79,74.12,9795378,BA,BA
2008-06-13,74.76,75.49,74.38,75.12,6087287,BA,BA
2008-06-16,74.77,75.45,74.03,75.02,3481088,BA,BA
2008-06-17,75.38,75.5,73.81,74.38,6503682,BA,BA
2008-06-18,73.37,76.34,73.37,74.65,11540211,BA,BA
2008-06-19,75.05,77.21,74.68,76.95,7540094,BA,BA
2008-06-20,77.8,77.8,75.66,75.83,8868649,BA,BA
2008-06-23,76.23,76.48,75.12,75.59,4036578,BA,BA
2008-06-24,75.24,75.61,74.13,74.79,4949718,BA,BA
2008-06-25,72.28,72.79,69.16,69.64,21124588,BA,BA
2008-06-26,68.75,70.39,68.05,68.21,10986277,BA,BA
2008-06-27,67.74,67.93,66.38,66.92,10370237,BA,BA
2008-06-30,66.63,66.75,65.55,65.72,8567570,BA,BA
2008-07-01,64.95,66.22,64.56,65.45,9758495,BA,BA
2008-07-02,65.82,65.99,63.9,63.9,10136724,BA,BA
2008-07-03,64.01,64.6,63.54,64.47,4059219,BA,BA
2008-07-07,64.66,65.69,63.57,64.29,6175392,BA,BA
2008-07-08,64.43,66.0,64.21,65.92,6690099,BA,BA
2008-07-09,66.06,67.23,65.32,65.59,9616729,BA,BA
2008-07-10,65.95,66.5,65.01,65.99,7304958,BA,BA
2008-07-11,65.35,65.35,62.86,63.28,9787743,BA,BA
2008-07-14,64.4,64.4,62.63,63.19,5545722,BA,BA
2008-07-15,62.06,64.36,62.02,63.88,7925125,BA,BA
2008-07-16,63.91,65.68,63.5,65.58,5644323,BA,BA
2008-07-17,66.05,67.22,65.05,66.92,7105292,BA,BA
2008-07-18,67.11,68.34,66.54,68.14,8452021,BA,BA
2008-07-21,68.5,68.91,67.3,68.24,5025653,BA,BA
2008-07-22,68.58,69.5,67.76,69.26,6168495,BA,BA
2008-07-23,67.32,68.01,65.62,66.72,11053592,BA,BA
2008-07-24,65.6,66.09,62.05,62.53,14072894,BA,BA
2008-07-25,63.0,64.14,62.34,63.83,9172951,BA,BA
2008-07-28,63.82,64.06,62.26,62.34,6253049,BA,BA
2008-07-29,62.64,63.5,62.32,63.21,5620682,BA,BA
2008-07-30,63.59,63.93,63.0,63.82,6010935,BA,BA
2008-07-31,63.0,63.0,61.01,61.11,10585294,BA,BA
2008-08-01,61.39,62.28,60.77,62.01,7016872,BA,BA
2008-08-04,62.08,62.33,61.13,61.36,6074779,BA,BA
2008-08-05,61.87,65.68,61.86,65.2,8941622,BA,BA
2008-08-06,64.9,66.02,64.0,65.4,6239960,BA,BA
2008-08-07,65.06,66.18,64.65,64.69,7389219,BA,BA
2008-08-08,64.87,68.75,64.31,67.86,10088656,BA,BA
2008-08-11,67.89,67.9,66.21,66.62,6875140,BA,BA
2008-08-12,66.89,66.95,65.57,65.93,6422255,BA,BA
2008-08-13,66.07,66.23,64.0,64.26,8990058,BA,BA
2008-08-14,63.74,65.43,63.45,64.77,9356509,BA,BA
2008-08-15,64.77,65.33,63.82,64.45,7672772,BA,BA
2008-08-18,64.5,65.22,63.18,63.64,4909823,BA,BA
2008-08-19,63.48,64.19,62.62,62.95,8101324,BA,BA
2008-08-20,62.99,63.97,62.21,63.21,3964335,BA,BA
2008-08-21,62.97,63.79,62.21,63.55,4048422,BA,BA
2008-08-22,63.94,65.71,63.51,65.55,5490752,BA,BA
2008-08-25,64.91,65.49,63.58,64.07,4578292,BA,BA
2008-08-26,64.09,64.39,62.87,63.46,4488872,BA,BA
2008-08-27,63.57,65.2,63.2,64.52,4032353,BA,BA
2008-08-28,64.78,66.98,64.26,66.34,4449031,BA,BA
2008-08-29,66.25,66.43,65.1,65.56,3912976,BA,BA
2008-09-02,67.0,68.47,65.43,65.87,6464150,BA,BA
2008-09-03,65.69,67.08,64.14,66.07,5253233,BA,BA
2008-09-04,65.01,65.3,62.04,63.03,11231893,BA,BA
2008-09-05,62.52,63.49,61.89,62.89,5610256,BA,BA
2008-09-08,62.47,64.07,61.86,63.91,8310831,BA,BA
2008-09-09,63.92,65.22,63.92,64.02,7753009,BA,BA
2008-09-10,63.58,63.81,61.58,61.71,9138784,BA,BA
2008-09-11,61.13,62.71,61.13,62.57,6101068,BA,BA
2008-09-12,62.38,63.42,61.7,63.3,5084443,BA,BA
2008-09-15,61.81,62.8,61.0,62.25,9834038,BA,BA
2008-09-16,61.02,63.0,60.16,61.72,8591014,BA,BA
2008-09-17,60.88,61.0,56.43,57.0,14830175,BA,BA
2008-09-18,57.69,58.66,54.2,58.11,14031559,BA,BA
2008-09-19,60.74,61.0,57.6,59.76,10882409,BA,BA
2008-09-22,59.33,60.41,58.26,58.81,6033384,BA,BA
2008-09-23,58.91,60.39,57.19,57.31,6634936,BA,BA
2008-09-24,57.54,58.87,56.93,57.36,5484255,BA,BA
2008-09-25,57.67,58.2,56.8,57.42,6383755,BA,BA
2008-09-26,56.74,58.5,56.01,58.32,5866403,BA,BA
2008-09-29,57.5,57.95,54.75,55.47,9604847,BA,BA
2008-09-30,56.29,57.65,55.62,57.35,6412562,BA,BA
2008-10-01,56.76,58.0,55.37,56.62,6221790,BA,BA
2008-10-02,56.33,56.97,53.34,53.58,8128117,BA,BA
2008-10-03,54.0,56.4,53.76,53.83,9312607,BA,BA
2008-10-06,51.77,53.0,47.88,51.29,12428591,BA,BA
2008-10-07,51.79,52.56,48.71,49.28,10928894,BA,BA
2008-10-08,48.41,50.0,47.18,47.7,11889234,BA,BA
2008-10-09,47.83,48.94,44.41,44.41,12241749,BA,BA
2008-10-10,40.13,44.25,40.0,41.8,20325801,BA,BA
2008-10-13,43.57,47.31,42.5,47.08,14292775,BA,BA
2008-10-14,48.63,49.47,43.61,45.07,12494289,BA,BA
2008-10-15,44.18,45.48,41.54,42.33,10147827,BA,BA
2008-10-16,42.64,45.0,39.99,44.79,11751977,BA,BA
2008-10-17,43.95,46.82,43.21,44.55,10046059,BA,BA
2008-10-20,44.74,46.77,43.72,46.71,7809171,BA,BA
2008-10-21,46.32,47.69,45.53,46.4,7357119,BA,BA
2008-10-22,44.16,44.9,41.8,42.91,10097263,BA,BA
2008-10-23,43.2,46.81,42.81,46.52,13973230,BA,BA
2008-10-24,42.5,47.24,41.75,45.24,9792458,BA,BA
2008-10-27,45.7,46.13,42.26,42.36,9239727,BA,BA
2008-10-28,46.45,49.05,43.63,48.91,14392560,BA,BA
2008-10-29,48.81,52.82,48.81,49.8,12836082,BA,BA
2008-10-30,52.28,52.8,48.58,50.7,9559118,BA,BA
2008-10-31,50.62,52.61,49.28,52.42,8421757,BA,BA
2008-11-03,51.9,53.18,50.82,52.85,8412360,BA,BA
2008-11-04,54.41,54.65,52.72,53.62,9289138,BA,BA
2008-11-05,52.5,52.59,49.0,49.55,10002417,BA,BA
2008-11-06,48.97,50.23,45.35,45.72,13722618,BA,BA
2008-11-07,46.58,47.3,45.35,46.58,7150739,BA,BA
2008-11-10,47.3,48.31,45.59,46.14,5393268,BA,BA
2008-11-11,44.6,45.5,42.75,43.97,7928518,BA,BA
2008-11-12,43.23,44.09,42.0,42.52,7739698,BA,BA
2008-11-13,42.03,43.32,39.07,43.16,13998148,BA,BA
2008-11-14,42.01,43.76,40.8,41.04,8909613,BA,BA
2008-11-17,40.61,42.8,40.5,41.18,7050161,BA,BA
2008-11-18,40.6,40.76,38.05,39.56,12209287,BA,BA
2008-11-19,39.28,40.13,37.45,37.48,10614563,BA,BA
2008-11-20,36.98,39.74,36.72,37.11,13406408,BA,BA
2008-11-21,37.18,39.93,36.17,39.58,13259691,BA,BA
2008-11-24,40.05,41.25,38.89,40.75,9682999,BA,BA
2008-11-25,40.55,40.8,39.54,40.18,9618669,BA,BA
2008-11-26,39.35,41.34,39.02,41.28,6256444,BA,BA
2008-11-28,41.17,42.8,41.1,42.63,2609116,BA,BA
2008-12-01,41.64,42.0,39.74,39.88,7902844,BA,BA
2008-12-02,40.54,41.0,39.25,40.7,6029450,BA,BA
2008-12-03,40.23,41.1,39.15,40.47,8007510,BA,BA
2008-12-04,39.84,41.33,38.5,39.19,7247221,BA,BA
2008-12-05,38.0,39.57,36.28,39.53,10564791,BA,BA
2008-12-08,40.35,43.69,40.04,42.85,13096694,BA,BA
2008-12-09,41.57,42.44,40.65,40.82,8311791,BA,BA
2008-12-10,41.49,42.69,40.94,41.68,5181450,BA,BA
2008-12-11,40.65,42.01,40.02,40.27,7693498,BA,BA
2008-12-12,39.56,39.74,38.2,39.2,10339591,BA,BA
2008-12-15,39.6,39.88,38.2,38.74,8227911,BA,BA
2008-12-16,39.21,42.0,38.2,41.9,11043685,BA,BA
2008-12-17,41.16,41.5,40.15,41.02,7334814,BA,BA
2008-12-18,41.31,41.75,40.69,41.07,8653023,BA,BA
2008-12-19,41.32,42.39,41.0,41.24,9903824,BA,BA
2008-12-22,40.65,41.56,40.0,41.12,5397178,BA,BA
2008-12-23,41.25,41.5,39.83,40.15,5278971,BA,BA
2008-12-24,40.24,40.79,40.04,40.12,1758134,BA,BA
2008-12-26,39.76,40.69,39.76,40.53,2803350,BA,BA
2008-12-29,40.38,40.55,39.5,39.99,3876953,BA,BA
2008-12-30,40.08,41.34,39.81,41.25,4550017,BA,BA
2008-12-31,41.59,43.05,41.5,42.67,5443052,BA,BA
2009-01-02,42.8,45.56,42.78,45.25,7015401,BA,BA
2009-01-05,45.5,46.81,44.8,46.17,6917353,BA,BA
2009-01-06,46.85,47.0,45.5,46.31,7180978,BA,BA
2009-01-07,45.1,45.61,44.17,44.76,6586569,BA,BA
2009-01-08,44.5,44.9,43.88,44.79,5476976,BA,BA
2009-01-09,44.8,45.15,43.93,44.45,5645042,BA,BA
2009-01-12,44.28,44.45,43.19,43.74,4989247,BA,BA
2009-01-13,43.38,43.62,41.8,42.46,6359304,BA,BA
2009-01-14,41.88,41.98,40.87,41.2,7354895,BA,BA
2009-01-15,41.07,41.6,39.51,40.96,8471265,BA,BA
2009-01-16,41.45,43.05,41.04,42.46,9310704,BA,BA
2009-01-20,42.08,42.74,40.2,40.36,9637118,BA,BA
2009-01-21,40.75,42.4,40.0,42.27,6933013,BA,BA
2009-01-22,41.73,42.75,41.17,42.26,6590741,BA,BA
2009-01-23,40.91,42.84,40.91,41.98,5755506,BA,BA
2009-01-26,42.46,43.77,42.06,43.01,4659614,BA,BA
2009-01-27,43.29,43.96,42.88,43.22,5219049,BA,BA
2009-01-28,43.47,44.4,42.76,43.24,8071591,BA,BA
2009-01-29,42.76,42.76,40.37,40.71,8446964,BA,BA
2009-01-30,40.76,42.49,40.63,42.31,9098244,BA,BA
2009-02-02,41.73,41.73,40.11,40.8,8108969,BA,BA
2009-02-03,41.45,42.43,40.76,42.09,7221234,BA,BA
2009-02-04,42.12,42.97,41.69,41.97,6729377,BA,BA
2009-02-05,41.75,43.11,40.62,42.72,9021007,BA,BA
2009-02-06,42.52,43.67,42.25,42.92,6334157,BA,BA
2009-02-09,42.8,43.42,42.44,42.8,5091901,BA,BA
2009-02-10,41.29,42.23,40.02,40.21,9999165,BA,BA
2009-02-11,40.51,40.76,39.86,40.33,6519292,BA,BA
2009-02-12,39.58,39.99,38.58,39.86,6028812,BA,BA
2009-02-13,39.89,41.19,39.89,40.48,5483456,BA,BA
2009-02-17,39.49,39.74,38.3,38.43,6949373,BA,BA
2009-02-18,38.77,38.77,37.76,37.98,6324425,BA,BA
2009-02-19,38.24,38.7,37.42,37.57,5467493,BA,BA
2009-02-20,36.73,37.2,35.32,36.31,10598817,BA,BA
2009-02-23,36.73,36.79,34.35,34.46,9519748,BA,BA
2009-02-24,34.44,35.83,33.89,35.44,10815805,BA,BA
2009-02-25,35.27,35.27,33.22,33.91,11684407,BA,BA
2009-02-26,34.5,34.62,32.64,32.71,8772639,BA,BA
2009-02-27,32.3,32.37,31.4,31.44,11791144,BA,BA
2009-03-02,30.96,31.0,29.32,29.51,13957450,BA,BA
2009-03-03,29.7,30.11,29.05,29.36,10434638,BA,BA
2009-03-04,29.86,30.78,29.11,30.31,11627491,BA,BA
2009-03-05,29.22,30.02,29.07,29.39,11677478,BA,BA
2009-03-06,29.61,30.2,29.39,30.1,13134932,BA,BA
2009-03-09,29.98,31.46,29.96,31.0,12407248,BA,BA
2009-03-10,31.42,33.02,31.32,33.01,11503739,BA,BA
2009-03-11,32.59,33.7,32.39,33.27,10823124,BA,BA
2009-03-12,33.01,33.75,32.39,33.63,6133118,BA,BA
2009-03-13,33.72,34.1,32.93,33.4,7433920,BA,BA
2009-03-16,33.74,34.96,33.38,33.83,7157179,BA,BA
2009-03-17,33.92,34.44,33.26,34.44,5270819,BA,BA
2009-03-18,34.29,34.75,32.5,33.75,15880435,BA,BA
2009-03-19,33.86,34.12,32.97,33.19,10427238,BA,BA
2009-03-20,33.22,33.5,32.54,32.55,11323372,BA,BA
2009-03-23,33.2,35.5,33.05,35.5,8224801,BA,BA
2009-03-24,34.88,36.72,34.82,36.1,8468464,BA,BA
2009-03-25,36.03,37.79,35.97,37.06,12446132,BA,BA
2009-03-26,37.32,38.68,36.91,38.66,9545245,BA,BA
2009-03-27,38.23,38.47,37.07,37.53,7329928,BA,BA
2009-03-30,36.63,36.98,35.11,35.52,10833746,BA,BA
2009-03-31,35.9,36.24,35.05,35.58,11554622,BA,BA
2009-04-01,34.52,35.6,34.21,35.44,9288960,BA,BA
2009-04-02,36.16,37.98,36.16,37.2,9449239,BA,BA
2009-04-03,37.23,38.12,36.39,37.69,8591254,BA,BA
2009-04-06,37.48,38.22,36.54,38.16,7390249,BA,BA
2009-04-07,37.51,37.69,36.51,36.64,6017902,BA,BA
2009-04-08,36.5,37.16,36.24,36.87,4477215,BA,BA
2009-04-09,37.68,39.18,37.68,39.15,9069452,BA,BA
2009-04-13,36.97,37.48,35.81,37.15,9531345,BA,BA
2009-04-14,36.51,37.5,36.3,37.04,5845448,BA,BA
2009-04-15,36.63,38.04,36.61,37.57,5452170,BA,BA
2009-04-16,37.62,38.75,37.0,38.39,6424207,BA,BA
2009-04-17,38.55,38.78,38.18,38.32,6152358,BA,BA
2009-04-20,37.65,37.86,36.36,36.48,7016920,BA,BA
2009-04-21,36.66,36.66,35.94,36.65,7354022,BA,BA
2009-04-22,37.85,38.32,36.54,37.3,11625938,BA,BA
2009-04-23,37.29,38.12,36.6,37.93,6400647,BA,BA
2009-04-24,38.1,39.01,37.75,38.72,8351452,BA,BA
2009-04-27,37.99,39.85,37.72,39.47,8546412,BA,BA
2009-04-28,39.11,39.42,38.32,38.85,6628144,BA,BA
2009-04-29,39.09,40.73,39.02,40.55,7776238,BA,BA
2009-04-30,41.07,41.74,39.9,40.05,7034295,BA,BA
2009-05-01,40.31,41.37,40.09,41.21,5508746,BA,BA
2009-05-04,41.9,42.18,41.51,42.18,5269978,BA,BA
2009-05-05,41.92,43.25,41.92,43.15,7684469,BA,BA
2009-05-06,43.3,44.21,43.08,44.2,7930736,BA,BA
2009-05-07,44.47,44.62,42.75,43.53,7106644,BA,BA
2009-05-08,43.96,45.84,43.77,45.83,7492282,BA,BA
2009-05-11,45.26,45.6,44.53,44.72,9595953,BA,BA
2009-05-12,44.54,45.07,43.29,44.1,7068690,BA,BA
2009-05-13,43.18,43.42,42.38,42.95,6324439,BA,BA
2009-05-14,42.94,43.81,42.72,43.44,5251582,BA,BA
2009-05-15,43.27,43.99,42.71,43.0,5189274,BA,BA
2009-05-18,44.25,44.53,43.81,44.37,7287980,BA,BA
2009-05-19,44.36,45.06,43.9,44.62,4792104,BA,BA
2009-05-20,45.05,45.74,44.54,44.58,4734105,BA,BA
2009-05-21,43.99,44.0,42.7,43.29,5784926,BA,BA
2009-05-22,43.47,43.61,42.86,42.94,2951530,BA,BA
2009-05-26,42.61,44.33,42.52,44.16,4718494,BA,BA
2009-05-27,43.89,44.33,43.45,43.57,4622463,BA,BA
2009-05-28,43.99,44.45,43.19,44.32,4559692,BA,BA
2009-05-29,44.61,45.08,43.95,44.85,5417382,BA,BA
2009-06-01,45.54,47.81,45.54,47.7,6920442,BA,BA
2009-06-02,47.7,49.43,47.31,49.2,7453324,BA,BA
2009-06-03,48.71,49.2,47.79,48.37,4700000,BA,BA
2009-06-04,48.63,50.91,48.57,50.57,7324587,BA,BA
2009-06-05,52.16,53.26,52.16,52.65,13724165,BA,BA
2009-06-08,52.49,53.33,51.13,52.83,7961110,BA,BA
2009-06-09,53.39,53.39,51.31,52.35,7729036,BA,BA
2009-06-10,52.82,53.2,51.1,52.3,6556551,BA,BA
2009-06-11,51.83,52.57,50.48,50.66,11854971,BA,BA
2009-06-12,50.76,51.56,50.11,51.44,5476628,BA,BA
2009-06-15,50.9,51.09,49.02,49.52,6363736,BA,BA
2009-06-16,49.57,50.15,48.7,48.83,5725789,BA,BA
2009-06-17,48.55,49.16,48.05,48.55,4870801,BA,BA
2009-06-18,48.43,49.28,48.15,48.96,3099818,BA,BA
2009-06-19,49.18,49.53,48.11,48.44,7033003,BA,BA
2009-06-22,47.83,48.03,46.53,46.9,5200331,BA,BA
2009-06-23,44.39,44.5,42.52,43.87,27281935,BA,BA
2009-06-24,43.14,43.55,41.09,41.32,21288390,BA,BA
2009-06-25,41.4,42.6,41.11,42.53,14006479,BA,BA
2009-06-26,42.11,42.78,41.5,41.88,15579315,BA,BA
2009-06-29,42.15,43.02,42.08,42.65,5515509,BA,BA
2009-06-30,43.63,43.79,42.1,42.5,8323070,BA,BA
2009-07-01,42.63,42.95,42.15,42.23,6349337,BA,BA
2009-07-02,41.81,41.81,40.62,40.83,7202073,BA,BA
2009-07-06,40.38,40.76,39.92,40.56,7132705,BA,BA
2009-07-07,40.5,40.69,38.94,39.04,7704977,BA,BA
2009-07-08,39.12,39.83,38.92,39.55,8800410,BA,BA
2009-07-09,39.75,40.0,39.02,39.3,5432882,BA,BA
2009-07-10,39.2,39.71,38.92,39.65,5833519,BA,BA
2009-07-13,39.68,40.83,39.26,40.44,6548930,BA,BA
2009-07-14,40.39,40.9,40.11,40.41,5748486,BA,BA
2009-07-15,40.77,41.46,40.51,41.36,7867386,BA,BA
2009-07-16,41.01,42.22,41.01,42.05,5357378,BA,BA
2009-07-17,42.25,42.4,41.1,41.36,5691633,BA,BA
2009-07-20,41.71,42.26,41.16,42.2,5535128,BA,BA
2009-07-21,42.82,43.71,42.5,43.02,9170568,BA,BA
2009-07-22,42.4,43.46,41.95,42.0,12054670,BA,BA
2009-07-23,42.0,42.19,40.78,41.95,13620201,BA,BA
2009-07-24,41.95,42.49,41.72,42.37,5068137,BA,BA
2009-07-27,42.0,42.37,41.43,42.24,5674196,BA,BA
2009-07-28,41.99,43.35,41.8,43.25,7831218,BA,BA
2009-07-29,43.0,43.5,42.64,43.37,5078235,BA,BA
2009-07-30,43.94,44.5,43.13,43.24,8281103,BA,BA
2009-07-31,43.32,43.49,42.8,42.91,6029316,BA,BA
2009-08-03,43.18,44.02,42.51,43.79,6070774,BA,BA
2009-08-04,43.64,44.44,43.35,44.16,5964801,BA,BA
2009-08-05,43.63,44.21,43.4,44.03,7129795,BA,BA
2009-08-06,44.29,45.73,44.03,45.52,10206967,BA,BA
2009-08-07,45.89,47.21,45.38,46.69,6689010,BA,BA
2009-08-10,46.41,46.41,45.19,45.77,5620504,BA,BA
2009-08-11,45.56,45.83,44.84,45.39,5121721,BA,BA
2009-08-12,45.33,46.78,45.31,46.34,4682233,BA,BA
2009-08-13,46.45,46.87,45.75,46.62,3485707,BA,BA
2009-08-14,45.82,46.24,44.21,44.87,10507286,BA,BA
2009-08-17,44.16,44.28,43.7,44.16,5211546,BA,BA
2009-08-18,44.0,44.53,43.69,43.78,5444211,BA,BA
2009-08-19,43.5,43.91,43.1,43.52,6578869,BA,BA
2009-08-20,43.54,44.83,43.49,44.74,5192085,BA,BA
2009-08-21,45.18,46.02,44.92,45.87,5529898,BA,BA
2009-08-24,46.51,47.79,45.97,47.13,6157981,BA,BA
2009-08-25,47.5,48.77,47.28,48.25,8248067,BA,BA
2009-08-26,48.07,48.38,47.44,47.82,3955909,BA,BA
2009-08-27,51.37,52.38,51.0,51.82,17791897,BA,BA
2009-08-28,51.68,52.53,50.7,51.04,11456903,BA,BA
2009-08-31,50.17,50.25,49.02,49.67,9298034,BA,BA
2009-09-01,49.21,50.38,48.47,48.77,8242544,BA,BA
2009-09-02,48.59,48.98,48.16,48.4,3835813,BA,BA
2009-09-03,48.67,48.83,47.76,48.46,5466474,BA,BA
2009-09-04,48.74,49.26,48.05,49.15,5711551,BA,BA
2009-09-08,49.73,49.88,48.81,49.5,4583854,BA,BA
2009-09-09,49.7,51.15,49.7,50.53,5895878,BA,BA
2009-09-10,50.42,50.72,49.79,50.49,3847196,BA,BA
2009-09-11,50.64,51.44,50.48,51.35,5880487,BA,BA
2009-09-14,50.99,51.26,50.44,50.97,4392690,BA,BA
2009-09-15,51.26,52.34,50.88,52.07,6584383,BA,BA
2009-09-16,52.44,52.76,51.79,52.36,5108533,BA,BA
2009-09-17,52.25,53.16,52.2,52.88,4676793,BA,BA
2009-09-18,53.02,53.29,52.1,53.02,6532987,BA,BA
2009-09-21,52.6,53.36,52.42,52.86,3076162,BA,BA
2009-09-22,52.96,53.31,52.13,53.14,3898295,BA,BA
2009-09-23,53.35,53.4,52.26,52.37,4609448,BA,BA
2009-09-24,52.23,52.52,51.52,51.79,5351955,BA,BA
2009-09-25,51.86,52.4,51.3,51.52,3638503,BA,BA
2009-09-28,51.82,53.34,51.76,53.07,4925406,BA,BA
2009-09-29,53.28,55.48,53.28,54.62,7267767,BA,BA
2009-09-30,54.86,55.25,53.46,54.15,5939577,BA,BA
2009-10-01,53.85,53.9,52.03,52.11,6605905,BA,BA
2009-10-02,51.19,51.76,50.1,51.4,6042924,BA,BA
2009-10-05,51.75,52.52,51.38,52.28,3083033,BA,BA
2009-10-06,51.54,52.57,51.15,52.29,6244477,BA,BA
2009-10-07,52.18,52.25,51.25,51.79,3659513,BA,BA
2009-10-08,52.3,52.6,51.86,52.3,3190520,BA,BA
2009-10-09,52.49,52.75,51.96,52.69,2591224,BA,BA
2009-10-12,52.66,52.73,51.38,51.66,3974463,BA,BA
2009-10-13,51.64,51.98,51.36,51.9,3024957,BA,BA
2009-10-14,52.31,52.55,51.57,52.51,4646221,BA,BA
2009-10-15,52.03,52.53,50.94,51.76,5686783,BA,BA
2009-10-16,51.19,53.72,50.85,53.19,7432893,BA,BA
2009-10-19,53.32,53.75,52.59,53.45,3841793,BA,BA
2009-10-20,51.71,52.3,51.07,51.89,8191000,BA,BA
2009-10-21,51.07,52.0,50.5,50.63,8115466,BA,BA
2009-10-22,50.33,51.23,49.75,51.07,6375233,BA,BA
2009-10-23,51.06,51.06,49.5,49.89,5856650,BA,BA
2009-10-26,49.85,49.98,48.0,48.29,7428684,BA,BA
2009-10-27,48.3,48.53,47.55,47.75,7044833,BA,BA
2009-10-28,47.72,47.8,47.18,47.22,6909973,BA,BA
2009-10-29,48.31,49.13,47.81,48.81,8299363,BA,BA
2009-10-30,48.7,48.81,47.66,47.8,8702778,BA,BA
2009-11-02,47.82,48.41,47.33,48.27,5932576,BA,BA
2009-11-03,48.17,48.35,47.46,48.1,4900945,BA,BA
2009-11-04,48.28,48.9,47.8,48.07,5081941,BA,BA
2009-11-05,48.49,49.86,48.32,49.77,4915994,BA,BA
2009-11-06,49.71,49.98,49.31,49.68,3212559,BA,BA
2009-11-09,50.01,51.48,49.89,51.35,4444626,BA,BA
2009-11-10,51.07,51.07,50.13,50.32,4736870,BA,BA
2009-11-11,50.78,51.42,50.54,50.68,3546240,BA,BA
2009-11-12,50.62,50.92,50.09,50.28,3324346,BA,BA
2009-11-13,49.98,50.94,49.72,50.68,3546788,BA,BA
2009-11-16,51.0,52.52,50.88,52.48,5704942,BA,BA
2009-11-17,52.42,52.69,51.7,52.53,3945816,BA,BA
2009-11-18,52.59,52.64,51.45,52.02,4377563,BA,BA
2009-11-19,51.54,51.8,50.75,51.43,3183390,BA,BA
2009-11-20,51.12,51.89,51.07,51.7,4697176,BA,BA
2009-11-23,52.5,53.0,52.32,52.63,3255277,BA,BA
2009-11-24,52.08,52.63,50.95,51.97,3288144,BA,BA
2009-11-25,51.97,52.95,51.83,52.93,3021455,BA,BA
2009-11-27,51.35,52.81,51.0,52.45,3281352,BA,BA
2009-11-30,52.43,52.69,51.78,52.41,5434683,BA,BA
2009-12-01,52.75,54.22,52.75,53.72,6360088,BA,BA
2009-12-02,54.04,54.57,53.26,53.78,5980717,BA,BA
2009-12-03,53.99,54.41,53.51,53.77,3997708,BA,BA
2009-12-04,54.75,55.45,53.62,54.68,5451771,BA,BA
2009-12-07,55.2,55.95,54.9,55.82,4950745,BA,BA
2009-12-08,55.99,56.22,55.06,55.66,4658965,BA,BA
2009-12-09,55.75,55.8,55.11,55.47,3900359,BA,BA
2009-12-10,55.65,56.39,54.72,55.01,5755566,BA,BA
2009-12-11,55.47,55.8,55.12,55.6,7398009,BA,BA
2009-12-14,56.02,56.56,55.82,56.05,4830871,BA,BA
2009-12-15,56.37,56.37,55.33,55.67,7365555,BA,BA
2009-12-16,56.11,56.14,54.45,55.13,7804646,BA,BA
2009-12-17,54.9,55.4,54.41,54.47,5825441,BA,BA
2009-12-18,54.7,54.74,53.1,53.44,8922372,BA,BA
2009-12-21,53.36,54.5,53.36,54.3,3655720,BA,BA
