suspect_id,crime_id,suspect_name
S1,111981,Suspect_1
S2,467491,Suspect_2
S3,499074,Suspect_3
S4,316485,Suspect_4
S5,83986,Suspect_5
S6,69526,Suspect_6
S7,442280,Suspect_7
S8,277032,Suspect_8
S9,33000,Suspect_9
S10,449389,Suspect_10
S11,302220,Suspect_11
S12,92636,Suspect_12
S13,3713,Suspect_13
S14,62975,Suspect_14
S15,392630,Suspect_15
S16,166517,Suspect_16
S17,465160,Suspect_17
S18,189107,Suspect_18
S19,222528,Suspect_19
S20,491457,Suspect_20
S21,162445,Suspect_21
S22,144226,Suspect_22
S23,370104,Suspect_23
S24,99713,Suspect_24
S25,347799,Suspect_25
S26,282081,Suspect_26
S27,67315,Suspect_27
S28,45867,Suspect_28
S29,120845,Suspect_29
S30,483627,Suspect_30
S31,117550,Suspect_31
S32,134208,Suspect_32
S33,431477,Suspect_33
S34,13427,Suspect_34
S35,417310,Suspect_35
S36,156356,Suspect_36
S37,118994,Suspect_37
S38,369931,Suspect_38
S39,352884,Suspect_39
S40,221976,Suspect_40
S41,390385,Suspect_41
S42,438907,Suspect_42
S43,258211,Suspect_43
S44,261081,Suspect_44
S45,263599,Suspect_45
S46,338869,Suspect_46
S47,286341,Suspect_47
S48,478562,Suspect_48
S49,145146,Suspect_49
S50,99357,Suspect_50
S51,178934,Suspect_51
S52,316510,Suspect_52
S53,413929,Suspect_53
S54,60895,Suspect_54
S55,299505,Suspect_55
S56,136728,Suspect_56
S57,317933,Suspect_57
S58,379836,Suspect_58
S59,203710,Suspect_59
S60,129072,Suspect_60
S61,495177,Suspect_61
S62,146926,Suspect_62
S63,89879,Suspect_63
S64,240201,Suspect_64
S65,282904,Suspect_65
S66,251283,Suspect_66
S67,278921,Suspect_67
S68,79842,Suspect_68
S69,174671,Suspect_69
S70,218574,Suspect_70
S71,42795,Suspect_71
S72,375772,Suspect_72
S73,64781,Suspect_73
S74,295922,Suspect_74
S75,358019,Suspect_75
S76,205471,Suspect_76
S77,486644,Suspect_77
S78,319726,Suspect_78
S79,77112,Suspect_79
S80,316932,Suspect_80
S81,123078,Suspect_81
S82,453104,Suspect_82
S83,227082,Suspect_83
S84,363790,Suspect_84
S85,213711,Suspect_85
S86,257605,Suspect_86
S87,387302,Suspect_87
S88,7922,Suspect_88
S89,382384,Suspect_89
S90,283485,Suspect_90
S91,160298,Suspect_91
S92,93146,Suspect_92
S93,417635,Suspect_93
S94,377599,Suspect_94
S95,415397,Suspect_95
S96,457545,Suspect_96
S97,120394,Suspect_97
S98,39462,Suspect_98
S99,42977,Suspect_99
S100,144430,Suspect_100
S101,469228,Suspect_101
S102,426155,Suspect_102
S103,203994,Suspect_103
S104,326384,Suspect_104
S105,125465,Suspect_105
S106,324632,Suspect_106
S107,272326,Suspect_107
S108,346497,Suspect_108
S109,70283,Suspect_109
S110,320088,Suspect_110
S111,100131,Suspect_111
S112,229332,Suspect_112
S113,279973,Suspect_113
S114,130672,Suspect_114
S115,457275,Suspect_115
S116,306635,Suspect_116
S117,91691,Suspect_117
S118,26166,Suspect_118
S119,196047,Suspect_119
S120,381955,Suspect_120
S121,12770,Suspect_121
S122,248531,Suspect_122
S123,165491,Suspect_123
S124,278696,Suspect_124
S125,267401,Suspect_125
S126,390836,Suspect_126
S127,84084,Suspect_127
S128,159843,Suspect_128
S129,99051,Suspect_129
S130,188823,Suspect_130
S131,232968,Suspect_131
S132,392623,Suspect_132
S133,217452,Suspect_133
S134,328516,Suspect_134
S135,281646,Suspect_135
S136,466597,Suspect_136
S137,19369,Suspect_137
S138,67519,Suspect_138
S139,140040,Suspect_139
S140,220412,Suspect_140
S141,305417,Suspect_141
S142,85088,Suspect_142
S143,33428,Suspect_143
S144,168631,Suspect_144
S145,417680,Suspect_145
S146,471043,Suspect_146
S147,322260,Suspect_147
S148,454677,Suspect_148
S149,264638,Suspect_149
S150,182212,Suspect_150
S151,211683,Suspect_151
S152,499962,Suspect_152
S153,445523,Suspect_153
S154,422313,Suspect_154
S155,257070,Suspect_155
S156,415942,Suspect_156
S157,399149,Suspect_157
S158,79876,Suspect_158
S159,55630,Suspect_159
S160,119106,Suspect_160
S161,176976,Suspect_161
S162,152545,Suspect_162
S163,148853,Suspect_163
S164,106814,Suspect_164
S165,200692,Suspect_165
S166,325699,Suspect_166
S167,273830,Suspect_167
S168,214862,Suspect_168
S169,90892,Suspect_169
S170,15272,Suspect_170
S171,361768,Suspect_171
S172,422821,Suspect_172
S173,219551,Suspect_173
S174,373198,Suspect_174
S175,388579,Suspect_175
S176,219248,Suspect_176
S177,411319,Suspect_177
S178,291991,Suspect_178
S179,262067,Suspect_179
S180,27082,Suspect_180
S181,319152,Suspect_181
S182,226499,Suspect_182
S183,194361,Suspect_183
S184,420816,Suspect_184
S185,474294,Suspect_185
S186,378195,Suspect_186
S187,409859,Suspect_187
S188,153837,Suspect_188
S189,137477,Suspect_189
S190,366516,Suspect_190
S191,417036,Suspect_191
S192,137657,Suspect_192
S193,162678,Suspect_193
S194,494688,Suspect_194
S195,32262,Suspect_195
S196,345221,Suspect_196
S197,221065,Suspect_197
S198,107799,Suspect_198
S199,322549,Suspect_199
S200,194932,Suspect_200
S201,409363,Suspect_201
S202,317107,Suspect_202
S203,185604,Suspect_203
S204,393083,Suspect_204
S205,266361,Suspect_205
S206,486123,Suspect_206
S207,496495,Suspect_207
S208,298846,Suspect_208
S209,367728,Suspect_209
S210,83416,Suspect_210
S211,159679,Suspect_211
S212,308187,Suspect_212
S213,59328,Suspect_213
S214,110603,Suspect_214
S215,153464,Suspect_215
S216,261791,Suspect_216
S217,222206,Suspect_217
S218,76459,Suspect_218
S219,58133,Suspect_219
S220,13390,Suspect_220
S221,357170,Suspect_221
S222,201983,Suspect_222
S223,423192,Suspect_223
S224,470404,Suspect_224
S225,330177,Suspect_225
S226,55631,Suspect_226
S227,205319,Suspect_227
S228,52724,Suspect_228
S229,418639,Suspect_229
S230,245563,Suspect_230
S231,207412,Suspect_231
S232,30289,Suspect_232
S233,5569,Suspect_233
S234,349819,Suspect_234
S235,276967,Suspect_235
S236,454357,Suspect_236
S237,154275,Suspect_237
S238,37059,Suspect_238
S239,180218,Suspect_239
S240,489664,Suspect_240
S241,195793,Suspect_241
S242,397235,Suspect_242
S243,305141,Suspect_243
S244,325159,Suspect_244
S245,414208,Suspect_245
S246,255278,Suspect_246
S247,404730,Suspect_247
S248,353031,Suspect_248
S249,221500,Suspect_249
S250,371330,Suspect_250
S251,302672,Suspect_251
S252,229581,Suspect_252
S253,461847,Suspect_253
S254,332826,Suspect_254
S255,264147,Suspect_255
S256,296334,Suspect_256
S257,154514,Suspect_257
S258,31642,Suspect_258
S259,369922,Suspect_259
S260,71308,Suspect_260
S261,258903,Suspect_261
S262,177839,Suspect_262
S263,249723,Suspect_263
S264,371748,Suspect_264
S265,472609,Suspect_265
S266,33245,Suspect_266
S267,317396,Suspect_267
S268,261024,Suspect_268
S269,182759,Suspect_269
S270,178373,Suspect_270
S271,411057,Suspect_271
S272,246474,Suspect_272
S273,100331,Suspect_273
S274,267907,Suspect_274
S275,403719,Suspect_275
S276,130260,Suspect_276
S277,199747,Suspect_277
S278,170319,Suspect_278
S279,237847,Suspect_279
S280,303853,Suspect_280
S281,111,Suspect_281
S282,58184,Suspect_282
S283,188189,Suspect_283
S284,382420,Suspect_284
S285,377726,Suspect_285
S286,111791,Suspect_286
S287,459560,Suspect_287
S288,224106,Suspect_288
S289,498979,Suspect_289
S290,45537,Suspect_290
S291,430338,Suspect_291
S292,73719,Suspect_292
S293,347123,Suspect_293
S294,353701,Suspect_294
S295,74667,Suspect_295
S296,87541,Suspect_296
S297,246226,Suspect_297
S298,202120,Suspect_298
S299,314837,Suspect_299
S300,164809,Suspect_300
S301,396836,Suspect_301
S302,219908,Suspect_302
S303,437955,Suspect_303
S304,275567,Suspect_304
S305,362409,Suspect_305
S306,315775,Suspect_306
S307,183573,Suspect_307
S308,428174,Suspect_308
S309,475693,Suspect_309
S310,211556,Suspect_310
S311,187820,Suspect_311
S312,266598,Suspect_312
S313,435154,Suspect_313
S314,497386,Suspect_314
S315,444453,Suspect_315
S316,141988,Suspect_316
S317,145872,Suspect_317
S318,54812,Suspect_318
S319,192841,Suspect_319
S320,92276,Suspect_320
S321,57115,Suspect_321
S322,288387,Suspect_322
S323,392338,Suspect_323
S324,66369,Suspect_324
S325,176938,Suspect_325
S326,366180,Suspect_326
S327,189816,Suspect_327
S328,35242,Suspect_328
S329,257395,Suspect_329
S330,447067,Suspect_330
S331,350290,Suspect_331
S332,224158,Suspect_332
S333,287285,Suspect_333
S334,418734,Suspect_334
S335,37007,Suspect_335
S336,356035,Suspect_336
S337,427947,Suspect_337
S338,82946,Suspect_338
S339,308656,Suspect_339
S340,97397,Suspect_340
S341,20381,Suspect_341
S342,131675,Suspect_342
S343,41214,Suspect_343
S344,357535,Suspect_344
S345,136874,Suspect_345
S346,37470,Suspect_346
S347,308576,Suspect_347
S348,333325,Suspect_348
S349,429927,Suspect_349
S350,262159,Suspect_350
S351,87956,Suspect_351
S352,167162,Suspect_352
S353,328267,Suspect_353
S354,229330,Suspect_354
S355,198929,Suspect_355
S356,98749,Suspect_356
S357,117278,Suspect_357
S358,385108,Suspect_358
S359,73746,Suspect_359
S360,199951,Suspect_360
S361,96335,Suspect_361
S362,338752,Suspect_362
S363,219536,Suspect_363
S364,262454,Suspect_364
S365,360471,Suspect_365
S366,399674,Suspect_366
S367,285719,Suspect_367
S368,156270,Suspect_368
S369,22947,Suspect_369
S370,445548,Suspect_370
S371,462373,Suspect_371
S372,130472,Suspect_372
S373,165372,Suspect_373
S374,61550,Suspect_374
S375,271629,Suspect_375
S376,121424,Suspect_376
S377,180959,Suspect_377
S378,22693,Suspect_378
S379,227695,Suspect_379
S380,468241,Suspect_380
S381,445586,Suspect_381
S382,231812,Suspect_382
S383,161575,Suspect_383
S384,115960,Suspect_384
S385,93418,Suspect_385
S386,263200,Suspect_386
S387,263381,Suspect_387
S388,166631,Suspect_388
S389,215149,Suspect_389
S390,309845,Suspect_390
S391,251096,Suspect_391
S392,425518,Suspect_392
S393,428292,Suspect_393
S394,254977,Suspect_394
S395,68635,Suspect_395
S396,295508,Suspect_396
S397,190344,Suspect_397
S398,298595,Suspect_398
S399,97392,Suspect_399
S400,255849,Suspect_400
S401,492787,Suspect_401
S402,19149,Suspect_402
S403,237006,Suspect_403
S404,263946,Suspect_404
S405,429383,Suspect_405
S406,54132,Suspect_406
S407,378401,Suspect_407
S408,312142,Suspect_408
S409,477031,Suspect_409
S410,284614,Suspect_410
S411,30967,Suspect_411
S412,306005,Suspect_412
S413,260326,Suspect_413
S414,366181,Suspect_414
S415,192719,Suspect_415
S416,466751,Suspect_416
S417,372316,Suspect_417
S418,327853,Suspect_418
S419,57705,Suspect_419
S420,393365,Suspect_420
S421,179628,Suspect_421
S422,350930,Suspect_422
S423,7470,Suspect_423
S424,460168,Suspect_424
S425,265124,Suspect_425
S426,329276,Suspect_426
S427,7184,Suspect_427
S428,339293,Suspect_428
S429,235675,Suspect_429
S430,492500,Suspect_430
S431,418566,Suspect_431
S432,208380,Suspect_432
S433,104415,Suspect_433
S434,485395,Suspect_434
S435,457317,Suspect_435
S436,280345,Suspect_436
S437,361264,Suspect_437
S438,378655,Suspect_438
S439,456410,Suspect_439
S440,297685,Suspect_440
S441,118612,Suspect_441
S442,37818,Suspect_442
S443,299865,Suspect_443
S444,223764,Suspect_444
S445,32229,Suspect_445
S446,487262,Suspect_446
S447,306873,Suspect_447
S448,467080,Suspect_448
S449,424101,Suspect_449
S450,411312,Suspect_450
S451,123742,Suspect_451
S452,239046,Suspect_452
S453,27069,Suspect_453
S454,88773,Suspect_454
S455,346809,Suspect_455
S456,259128,Suspect_456
S457,282546,Suspect_457
S458,39937,Suspect_458
S459,335391,Suspect_459
S460,301930,Suspect_460
S461,12969,Suspect_461
S462,121996,Suspect_462
S463,179562,Suspect_463
S464,110767,Suspect_464
S465,241324,Suspect_465
S466,379909,Suspect_466
S467,249725,Suspect_467
S468,79164,Suspect_468
S469,452516,Suspect_469
S470,129696,Suspect_470
S471,250898,Suspect_471
S472,490667,Suspect_472
S473,151966,Suspect_473
S474,476528,Suspect_474
S475,374397,Suspect_475
S476,164106,Suspect_476
S477,283759,Suspect_477
S478,347738,Suspect_478
S479,351646,Suspect_479
S480,112615,Suspect_480
S481,220253,Suspect_481
S482,443266,Suspect_482
S483,190363,Suspect_483
S484,84783,Suspect_484
S485,440843,Suspect_485
S486,474849,Suspect_486
S487,347334,Suspect_487
S488,318668,Suspect_488
S489,136209,Suspect_489
S490,141508,Suspect_490
S491,309504,Suspect_491
S492,141401,Suspect_492
S493,455606,Suspect_493
S494,63013,Suspect_494
S495,487784,Suspect_495
S496,23320,Suspect_496
S497,237268,Suspect_497
S498,148513,Suspect_498
S499,465643,Suspect_499
S500,310844,Suspect_500
S501,252529,Suspect_501
S502,311394,Suspect_502
S503,42734,Suspect_503
S504,35174,Suspect_504
S505,13785,Suspect_505
S506,130197,Suspect_506
S507,440242,Suspect_507
S508,296522,Suspect_508
S509,438467,Suspect_509
S510,353644,Suspect_510
S511,319444,Suspect_511
S512,263507,Suspect_512
S513,313333,Suspect_513
S514,341202,Suspect_514
S515,361907,Suspect_515
S516,464507,Suspect_516
S517,129096,Suspect_517
S518,98820,Suspect_518
S519,232913,Suspect_519
S520,317035,Suspect_520
S521,310174,Suspect_521
S522,173852,Suspect_522
S523,2678,Suspect_523
S524,437608,Suspect_524
S525,405964,Suspect_525
S526,353965,Suspect_526
S527,250364,Suspect_527
S528,7966,Suspect_528
S529,433132,Suspect_529
S530,405533,Suspect_530
S531,124751,Suspect_531
S532,424586,Suspect_532
S533,314649,Suspect_533
S534,229956,Suspect_534
S535,191128,Suspect_535
S536,340136,Suspect_536
S537,220591,Suspect_537
S538,234494,Suspect_538
S539,59029,Suspect_539
S540,392415,Suspect_540
S541,431095,Suspect_541
S542,442557,Suspect_542
S543,67314,Suspect_543
S544,63518,Suspect_544
S545,406377,Suspect_545
S546,356661,Suspect_546
S547,478748,Suspect_547
S548,180078,Suspect_548
S549,408932,Suspect_549
S550,69508,Suspect_550
S551,64615,Suspect_551
S552,342647,Suspect_552
S553,229734,Suspect_553
S554,232555,Suspect_554
S555,124866,Suspect_555
S556,275640,Suspect_556
S557,455090,Suspect_557
S558,477135,Suspect_558
S559,144696,Suspect_559
S560,359848,Suspect_560
S561,6422,Suspect_561
S562,273846,Suspect_562
S563,415279,Suspect_563
S564,119820,Suspect_564
S565,438934,Suspect_565
S566,444476,Suspect_566
S567,152939,Suspect_567
S568,233583,Suspect_568
S569,166698,Suspect_569
S570,421713,Suspect_570
S571,87268,Suspect_571
S572,39981,Suspect_572
S573,361441,Suspect_573
S574,459020,Suspect_574
S575,137903,Suspect_575
S576,11584,Suspect_576
S577,466104,Suspect_577
S578,45129,Suspect_578
S579,176466,Suspect_579
S580,300716,Suspect_580
S581,372114,Suspect_581
S582,47324,Suspect_582
S583,273490,Suspect_583
S584,79589,Suspect_584
S585,108724,Suspect_585
S586,149414,Suspect_586
S587,13988,Suspect_587
S588,446084,Suspect_588
S589,480897,Suspect_589
S590,470990,Suspect_590
S591,439578,Suspect_591
S592,350368,Suspect_592
S593,94423,Suspect_593
S594,75038,Suspect_594
S595,175105,Suspect_595
S596,447451,Suspect_596
S597,93848,Suspect_597
S598,475440,Suspect_598
S599,33803,Suspect_599
S600,482569,Suspect_600
S601,74727,Suspect_601
S602,340661,Suspect_602
S603,254600,Suspect_603
S604,441929,Suspect_604
S605,344199,Suspect_605
S606,345320,Suspect_606
S607,45966,Suspect_607
S608,101232,Suspect_608
S609,81121,Suspect_609
S610,370668,Suspect_610
S611,79658,Suspect_611
S612,277423,Suspect_612
S613,338022,Suspect_613
S614,279268,Suspect_614
S615,369089,Suspect_615
S616,291167,Suspect_616
S617,121874,Suspect_617
S618,57407,Suspect_618
S619,236154,Suspect_619
S620,388698,Suspect_620
S621,265334,Suspect_621
S622,169018,Suspect_622
S623,285784,Suspect_623
S624,492568,Suspect_624
S625,72942,Suspect_625
S626,467901,Suspect_626
S627,145637,Suspect_627
S628,484016,Suspect_628
S629,123139,Suspect_629
S630,205138,Suspect_630
S631,171209,Suspect_631
S632,277481,Suspect_632
S633,204406,Suspect_633
S634,325167,Suspect_634
S635,193843,Suspect_635
S636,127178,Suspect_636
S637,387030,Suspect_637
S638,213971,Suspect_638
S639,388291,Suspect_639
S640,13468,Suspect_640
S641,468485,Suspect_641
S642,430391,Suspect_642
S643,378975,Suspect_643
S644,351461,Suspect_644
S645,185395,Suspect_645
S646,480422,Suspect_646
S647,31537,Suspect_647
S648,182866,Suspect_648
S649,446836,Suspect_649
S650,375805,Suspect_650
S651,73032,Suspect_651
S652,228512,Suspect_652
S653,143640,Suspect_653
S654,220646,Suspect_654
S655,233168,Suspect_655
S656,368526,Suspect_656
S657,464385,Suspect_657
S658,244636,Suspect_658
S659,94530,Suspect_659
S660,236074,Suspect_660
S661,462104,Suspect_661
S662,318380,Suspect_662
S663,90405,Suspect_663
S664,323712,Suspect_664
S665,105018,Suspect_665
S666,356737,Suspect_666
S667,81697,Suspect_667
S668,162004,Suspect_668
S669,263034,Suspect_669
S670,233959,Suspect_670
S671,161022,Suspect_671
S672,139779,Suspect_672
S673,352517,Suspect_673
S674,77465,Suspect_674
S675,324328,Suspect_675
S676,21625,Suspect_676
S677,43274,Suspect_677
S678,26728,Suspect_678
S679,484141,Suspect_679
S680,162296,Suspect_680
S681,387416,Suspect_681
S682,320967,Suspect_682
S683,108072,Suspect_683
S684,163008,Suspect_684
S685,314755,Suspect_685
S686,480808,Suspect_686
S687,340387,Suspect_687
S688,499799,Suspect_688
S689,121193,Suspect_689
S690,389370,Suspect_690
S691,76370,Suspect_691
S692,243543,Suspect_692
S693,365689,Suspect_693
S694,171650,Suspect_694
S695,138067,Suspect_695
S696,246682,Suspect_696
S697,323207,Suspect_697
S698,419164,Suspect_698
S699,178957,Suspect_699
S700,7307,Suspect_700
S701,242814,Suspect_701
S702,66113,Suspect_702
S703,250430,Suspect_703
S704,87917,Suspect_704
S705,112703,Suspect_705
S706,334274,Suspect_706
S707,251009,Suspect_707
S708,208066,Suspect_708
S709,128221,Suspect_709
S710,112567,Suspect_710
S711,393136,Suspect_711
S712,223568,Suspect_712
S713,364615,Suspect_713
S714,383087,Suspect_714
S715,130209,Suspect_715
S716,451305,Suspect_716
S717,72189,Suspect_717
S718,331841,Suspect_718
S719,191449,Suspect_719
S720,237024,Suspect_720
S721,96482,Suspect_721
S722,324611,Suspect_722
S723,442729,Suspect_723
S724,381710,Suspect_724
S725,450109,Suspect_725
S726,140166,Suspect_726
S727,333576,Suspect_727
S728,182189,Suspect_728
S729,5161,Suspect_729
S730,25810,Suspect_730
S731,320578,Suspect_731
S732,459809,Suspect_732
S733,417530,Suspect_733
S734,447,Suspect_734
S735,142541,Suspect_735
S736,308050,Suspect_736
S737,223961,Suspect_737
S738,427449,Suspect_738
S739,360628,Suspect_739
S740,373862,Suspect_740
S741,99905,Suspect_741
S742,309574,Suspect_742
S743,404356,Suspect_743
S744,302396,Suspect_744
S745,103607,Suspect_745
S746,412015,Suspect_746
S747,264583,Suspect_747
S748,210647,Suspect_748
S749,430306,Suspect_749
S750,21834,Suspect_750
S751,198005,Suspect_751
S752,224698,Suspect_752
S753,139721,Suspect_753
S754,201338,Suspect_754
S755,269664,Suspect_755
S756,283689,Suspect_756
S757,172104,Suspect_757
S758,314639,Suspect_758
S759,224934,Suspect_759
S760,222804,Suspect_760
S761,171896,Suspect_761
S762,458391,Suspect_762
S763,408220,Suspect_763
S764,199802,Suspect_764
S765,224903,Suspect_765
S766,389042,Suspect_766
S767,66846,Suspect_767
S768,180144,Suspect_768
S769,436306,Suspect_769
S770,84420,Suspect_770
S771,151593,Suspect_771
S772,194753,Suspect_772
S773,351943,Suspect_773
S774,18095,Suspect_774
S775,420378,Suspect_775
S776,197586,Suspect_776
S777,496008,Suspect_777
S778,290669,Suspect_778
S779,57565,Suspect_779
S780,249302,Suspect_780
S781,103934,Suspect_781
S782,402002,Suspect_782
S783,425830,Suspect_783
S784,91791,Suspect_784
S785,40693,Suspect_785
S786,460036,Suspect_786
S787,440373,Suspect_787
S788,278716,Suspect_788
S789,82941,Suspect_789
S790,225391,Suspect_790
S791,271799,Suspect_791
S792,321506,Suspect_792
S793,172705,Suspect_793
S794,941,Suspect_794
S795,107654,Suspect_795
S796,215671,Suspect_796
S797,406496,Suspect_797
S798,50362,Suspect_798
S799,312860,Suspect_799
S800,446079,Suspect_800
S801,107136,Suspect_801
S802,176096,Suspect_802
S803,234529,Suspect_803
S804,81029,Suspect_804
S805,478521,Suspect_805
S806,322357,Suspect_806
S807,267700,Suspect_807
S808,479191,Suspect_808
S809,233303,Suspect_809
S810,327546,Suspect_810
S811,401016,Suspect_811
S812,262876,Suspect_812
S813,109159,Suspect_813
S814,114467,Suspect_814
S815,328584,Suspect_815
S816,125081,Suspect_816
S817,300317,Suspect_817
S818,429382,Suspect_818
S819,349884,Suspect_819
S820,54150,Suspect_820
S821,142325,Suspect_821
S822,24912,Suspect_822
S823,179836,Suspect_823
S824,244227,Suspect_824
S825,55416,Suspect_825
S826,44674,Suspect_826
S827,253367,Suspect_827
S828,138508,Suspect_828
S829,127211,Suspect_829
S830,245966,Suspect_830
S831,428910,Suspect_831
S832,252614,Suspect_832
S833,280106,Suspect_833
S834,210052,Suspect_834
S835,22946,Suspect_835
S836,454518,Suspect_836
S837,88,Suspect_837
S838,361614,Suspect_838
S839,130522,Suspect_839
S840,488994,Suspect_840
S841,90771,Suspect_841
S842,293629,Suspect_842
S843,354900,Suspect_843
S844,447155,Suspect_844
S845,415790,Suspect_845
S846,114260,Suspect_846
S847,207104,Suspect_847
S848,246946,Suspect_848
S849,289222,Suspect_849
S850,106053,Suspect_850
S851,364991,Suspect_851
S852,23884,Suspect_852
S853,15367,Suspect_853
S854,398410,Suspect_854
S855,254246,Suspect_855
S856,62495,Suspect_856
S857,89393,Suspect_857
S858,345034,Suspect_858
S859,298187,Suspect_859
S860,134083,Suspect_860
S861,344324,Suspect_861
S862,453437,Suspect_862
S863,160225,Suspect_863
S864,371783,Suspect_864
S865,226034,Suspect_865
S866,325061,Suspect_866
S867,400377,Suspect_867
S868,53073,Suspect_868
S869,56534,Suspect_869
S870,99027,Suspect_870
S871,375589,Suspect_871
S872,420834,Suspect_872
S873,360413,Suspect_873
S874,391011,Suspect_874
S875,312338,Suspect_875
S876,201895,Suspect_876
S877,484759,Suspect_877
S878,399342,Suspect_878
S879,80969,Suspect_879
S880,24577,Suspect_880
S881,15566,Suspect_881
S882,368459,Suspect_882
S883,139268,Suspect_883
S884,396091,Suspect_884
S885,92251,Suspect_885
S886,441468,Suspect_886
S887,295278,Suspect_887
S888,351722,Suspect_888
S889,312402,Suspect_889
S890,19960,Suspect_890
S891,497415,Suspect_891
S892,259726,Suspect_892
S893,387146,Suspect_893
S894,318223,Suspect_894
S895,79061,Suspect_895
S896,109742,Suspect_896
S897,102677,Suspect_897
S898,147011,Suspect_898
S899,10816,Suspect_899
S900,195092,Suspect_900
S901,369952,Suspect_901
S902,55868,Suspect_902
S903,67472,Suspect_903
S904,354012,Suspect_904
S905,256606,Suspect_905
S906,356911,Suspect_906
S907,127937,Suspect_907
S908,92656,Suspect_908
S909,393843,Suspect_909
S910,135773,Suspect_910
S911,370090,Suspect_911
S912,474104,Suspect_912
S913,241366,Suspect_913
S914,331588,Suspect_914
S915,246821,Suspect_915
S916,243142,Suspect_916
S917,78948,Suspect_917
S918,423018,Suspect_918
S919,383763,Suspect_919
S920,33012,Suspect_920
S921,476781,Suspect_921
S922,404149,Suspect_922
S923,257168,Suspect_923
S924,476374,Suspect_924
S925,397441,Suspect_925
S926,261813,Suspect_926
S927,214571,Suspect_927
S928,151334,Suspect_928
S929,431364,Suspect_929
S930,334109,Suspect_930
S931,273840,Suspect_931
S932,243609,Suspect_932
S933,123359,Suspect_933
S934,38255,Suspect_934
S935,219208,Suspect_935
S936,280407,Suspect_936
S937,380581,Suspect_937
S938,238383,Suspect_938
S939,280940,Suspect_939
S940,102893,Suspect_940
S941,72666,Suspect_941
S942,161919,Suspect_942
S943,238195,Suspect_943
S944,167240,Suspect_944
S945,134624,Suspect_945
S946,327894,Suspect_946
S947,463721,Suspect_947
S948,365195,Suspect_948
S949,212174,Suspect_949
S950,256184,Suspect_950
S951,220276,Suspect_951
S952,471460,Suspect_952
S953,425726,Suspect_953
S954,149511,Suspect_954
S955,483440,Suspect_955
S956,408523,Suspect_956
S957,495850,Suspect_957
S958,441032,Suspect_958
S959,210285,Suspect_959
S960,62499,Suspect_960
S961,488793,Suspect_961
S962,420886,Suspect_962
S963,179350,Suspect_963
S964,44565,Suspect_964
S965,120238,Suspect_965
S966,193701,Suspect_966
S967,397452,Suspect_967
S968,415755,Suspect_968
S969,339304,Suspect_969
S970,451964,Suspect_970
S971,384159,Suspect_971
S972,28958,Suspect_972
S973,17897,Suspect_973
S974,193955,Suspect_974
S975,223603,Suspect_975
S976,41500,Suspect_976
S977,469028,Suspect_977
S978,425143,Suspect_978
S979,390226,Suspect_979
S980,235577,Suspect_980
S981,366828,Suspect_981
S982,155199,Suspect_982
S983,454589,Suspect_983
S984,464439,Suspect_984
S985,330775,Suspect_985
S986,351754,Suspect_986
S987,108799,Suspect_987
S988,147110,Suspect_988
S989,392387,Suspect_989
S990,499630,Suspect_990
S991,386601,Suspect_991
S992,86040,Suspect_992
S993,150251,Suspect_993
S994,145419,Suspect_994
S995,219884,Suspect_995
S996,93039,Suspect_996
S997,291234,Suspect_997
S998,489489,Suspect_998
S999,37962,Suspect_999
S1000,216591,Suspect_1000
S1001,89783,Suspect_1001
S1002,386590,Suspect_1002
S1003,485374,Suspect_1003
S1004,496969,Suspect_1004
S1005,328252,Suspect_1005
S1006,425310,Suspect_1006
S1007,213921,Suspect_1007
S1008,362474,Suspect_1008
S1009,255512,Suspect_1009
S1010,280346,Suspect_1010
S1011,453266,Suspect_1011
S1012,291797,Suspect_1012
S1013,442608,Suspect_1013
S1014,311287,Suspect_1014
S1015,411728,Suspect_1015
S1016,346877,Suspect_1016
S1017,159573,Suspect_1017
S1018,3196,Suspect_1018
S1019,410002,Suspect_1019
S1020,334658,Suspect_1020
S1021,461272,Suspect_1021
S1022,78795,Suspect_1022
S1023,208814,Suspect_1023
S1024,181982,Suspect_1024
S1025,123222,Suspect_1025
S1026,205415,Suspect_1026
S1027,99452,Suspect_1027
S1028,365576,Suspect_1028
S1029,399396,Suspect_1029
S1030,205919,Suspect_1030
S1031,296821,Suspect_1031
S1032,57271,Suspect_1032
S1033,63959,Suspect_1033
S1034,47173,Suspect_1034
S1035,314292,Suspect_1035
S1036,479764,Suspect_1036
S1037,126829,Suspect_1037
S1038,316123,Suspect_1038
S1039,248739,Suspect_1039
S1040,486968,Suspect_1040
S1041,48493,Suspect_1041
S1042,401064,Suspect_1042
S1043,22455,Suspect_1043
S1044,64727,Suspect_1044
S1045,285623,Suspect_1045
S1046,198985,Suspect_1046
S1047,486754,Suspect_1047
S1048,407111,Suspect_1048
S1049,320857,Suspect_1049
S1050,173516,Suspect_1050
S1051,109195,Suspect_1051
S1052,312941,Suspect_1052
S1053,415974,Suspect_1053
S1054,22826,Suspect_1054
S1055,235160,Suspect_1055
S1056,385337,Suspect_1056
S1057,424362,Suspect_1057
S1058,366456,Suspect_1058
S1059,408130,Suspect_1059
S1060,370118,Suspect_1060
S1061,213700,Suspect_1061
S1062,499027,Suspect_1062
S1063,37839,Suspect_1063
S1064,96182,Suspect_1064
S1065,154672,Suspect_1065
S1066,400164,Suspect_1066
S1067,25397,Suspect_1067
S1068,110791,Suspect_1068
S1069,413356,Suspect_1069
S1070,247830,Suspect_1070
S1071,417142,Suspect_1071
S1072,255671,Suspect_1072
S1073,376849,Suspect_1073
S1074,422675,Suspect_1074
S1075,1937,Suspect_1075
S1076,85084,Suspect_1076
S1077,258253,Suspect_1077
S1078,362124,Suspect_1078
S1079,83495,Suspect_1079
S1080,169492,Suspect_1080
S1081,425092,Suspect_1081
S1082,175182,Suspect_1082
S1083,242083,Suspect_1083
S1084,150968,Suspect_1084
S1085,357570,Suspect_1085
S1086,205718,Suspect_1086
S1087,248362,Suspect_1087
S1088,47486,Suspect_1088
S1089,483506,Suspect_1089
S1090,236788,Suspect_1090
S1091,155589,Suspect_1091
S1092,27137,Suspect_1092
S1093,464114,Suspect_1093
S1094,493094,Suspect_1094
S1095,323355,Suspect_1095
S1096,153838,Suspect_1096
S1097,116304,Suspect_1097
S1098,75200,Suspect_1098
S1099,250278,Suspect_1099
S1100,282721,Suspect_1100
S1101,489782,Suspect_1101
S1102,189817,Suspect_1102
S1103,355294,Suspect_1103
S1104,492106,Suspect_1104
S1105,208309,Suspect_1105
S1106,268629,Suspect_1106
S1107,411772,Suspect_1107
S1108,165072,Suspect_1108
S1109,175811,Suspect_1109
S1110,495858,Suspect_1110
S1111,197597,Suspect_1111
S1112,111735,Suspect_1112
S1113,325149,Suspect_1113
S1114,307740,Suspect_1114
S1115,494863,Suspect_1115
S1116,104397,Suspect_1116
S1117,330303,Suspect_1117
S1118,272465,Suspect_1118
S1119,319002,Suspect_1119
S1120,92880,Suspect_1120
S1121,396464,Suspect_1121
S1122,314328,Suspect_1122
S1123,127765,Suspect_1123
S1124,334475,Suspect_1124
S1125,292927,Suspect_1125
S1126,286007,Suspect_1126
S1127,437935,Suspect_1127
S1128,85552,Suspect_1128
S1129,177806,Suspect_1129
S1130,393196,Suspect_1130
S1131,167942,Suspect_1131
S1132,478188,Suspect_1132
S1133,258840,Suspect_1133
S1134,330577,Suspect_1134
S1135,281077,Suspect_1135
S1136,291539,Suspect_1136
S1137,354475,Suspect_1137
S1138,302372,Suspect_1138
S1139,289445,Suspect_1139
S1140,201417,Suspect_1140
S1141,72502,Suspect_1141
S1142,201495,Suspect_1142
S1143,323890,Suspect_1143
S1144,322018,Suspect_1144
S1145,403973,Suspect_1145
S1146,229081,Suspect_1146
S1147,132916,Suspect_1147
S1148,253100,Suspect_1148
S1149,245076,Suspect_1149
S1150,395065,Suspect_1150
S1151,400940,Suspect_1151
S1152,179613,Suspect_1152
S1153,395560,Suspect_1153
S1154,33986,Suspect_1154
S1155,4999,Suspect_1155
S1156,227128,Suspect_1156
S1157,192486,Suspect_1157
S1158,148789,Suspect_1158
S1159,247021,Suspect_1159
S1160,240214,Suspect_1160
S1161,295086,Suspect_1161
S1162,62965,Suspect_1162
S1163,460201,Suspect_1163
S1164,213593,Suspect_1164
S1165,56813,Suspect_1165
S1166,13946,Suspect_1166
S1167,487685,Suspect_1167
S1168,219683,Suspect_1168
S1169,339185,Suspect_1169
S1170,461726,Suspect_1170
S1171,130149,Suspect_1171
S1172,71022,Suspect_1172
S1173,40852,Suspect_1173
S1174,146797,Suspect_1174
S1175,383230,Suspect_1175
S1176,477653,Suspect_1176
S1177,128814,Suspect_1177
S1178,370008,Suspect_1178
S1179,176409,Suspect_1179
S1180,280501,Suspect_1180
S1181,125572,Suspect_1181
S1182,450303,Suspect_1182
S1183,135303,Suspect_1183
S1184,78811,Suspect_1184
S1185,147939,Suspect_1185
S1186,367451,Suspect_1186
S1187,441532,Suspect_1187
S1188,54827,Suspect_1188
S1189,321619,Suspect_1189
S1190,399082,Suspect_1190
S1191,188016,Suspect_1191
S1192,80461,Suspect_1192
S1193,307254,Suspect_1193
S1194,80771,Suspect_1194
S1195,218787,Suspect_1195
S1196,217847,Suspect_1196
S1197,305602,Suspect_1197
S1198,14554,Suspect_1198
S1199,357018,Suspect_1199
S1200,486778,Suspect_1200
S1201,412794,Suspect_1201
S1202,489055,Suspect_1202
S1203,158718,Suspect_1203
S1204,462383,Suspect_1204
S1205,64113,Suspect_1205
S1206,143621,Suspect_1206
S1207,387030,Suspect_1207
S1208,261518,Suspect_1208
S1209,368729,Suspect_1209
S1210,333437,Suspect_1210
S1211,383778,Suspect_1211
S1212,411385,Suspect_1212
S1213,167703,Suspect_1213
S1214,254995,Suspect_1214
S1215,60308,Suspect_1215
S1216,171862,Suspect_1216
S1217,416409,Suspect_1217
S1218,32000,Suspect_1218
S1219,446391,Suspect_1219
S1220,185742,Suspect_1220
S1221,178239,Suspect_1221
S1222,332457,Suspect_1222
S1223,31417,Suspect_1223
S1224,367433,Suspect_1224
S1225,144076,Suspect_1225
S1226,388055,Suspect_1226
S1227,414184,Suspect_1227
S1228,30844,Suspect_1228
S1229,103291,Suspect_1229
S1230,272394,Suspect_1230
S1231,347740,Suspect_1231
S1232,67780,Suspect_1232
S1233,276252,Suspect_1233
S1234,75577,Suspect_1234
S1235,315605,Suspect_1235
S1236,221595,Suspect_1236
S1237,222370,Suspect_1237
S1238,164567,Suspect_1238
S1239,31097,Suspect_1239
S1240,463050,Suspect_1240
S1241,195833,Suspect_1241
S1242,244067,Suspect_1242
S1243,8394,Suspect_1243
S1244,103133,Suspect_1244
S1245,1212,Suspect_1245
S1246,493452,Suspect_1246
S1247,397047,Suspect_1247
S1248,408933,Suspect_1248
S1249,21515,Suspect_1249
S1250,337760,Suspect_1250
S1251,306430,Suspect_1251
S1252,476473,Suspect_1252
S1253,340099,Suspect_1253
S1254,363217,Suspect_1254
S1255,55628,Suspect_1255
S1256,306131,Suspect_1256
S1257,302690,Suspect_1257
S1258,132916,Suspect_1258
S1259,4367,Suspect_1259
S1260,43248,Suspect_1260
S1261,54248,Suspect_1261
S1262,392865,Suspect_1262
S1263,383820,Suspect_1263
S1264,498572,Suspect_1264
S1265,125637,Suspect_1265
S1266,453180,Suspect_1266
S1267,164573,Suspect_1267
S1268,110561,Suspect_1268
S1269,186143,Suspect_1269
S1270,431089,Suspect_1270
S1271,44742,Suspect_1271
S1272,199998,Suspect_1272
S1273,416527,Suspect_1273
S1274,55347,Suspect_1274
S1275,344305,Suspect_1275
S1276,379339,Suspect_1276
S1277,489491,Suspect_1277
S1278,70116,Suspect_1278
S1279,66428,Suspect_1279
S1280,390051,Suspect_1280
S1281,162754,Suspect_1281
S1282,472711,Suspect_1282
S1283,18632,Suspect_1283
S1284,274911,Suspect_1284
S1285,112220,Suspect_1285
S1286,376343,Suspect_1286
S1287,237617,Suspect_1287
S1288,142035,Suspect_1288
S1289,259287,Suspect_1289
S1290,11221,Suspect_1290
S1291,379772,Suspect_1291
S1292,323428,Suspect_1292
S1293,20923,Suspect_1293
S1294,141282,Suspect_1294
S1295,170805,Suspect_1295
S1296,311107,Suspect_1296
S1297,191597,Suspect_1297
S1298,414725,Suspect_1298
S1299,176899,Suspect_1299
S1300,492098,Suspect_1300
S1301,416529,Suspect_1301
S1302,175230,Suspect_1302
S1303,485637,Suspect_1303
S1304,263152,Suspect_1304
S1305,267730,Suspect_1305
S1306,27104,Suspect_1306
S1307,473082,Suspect_1307
S1308,417176,Suspect_1308
S1309,368583,Suspect_1309
S1310,266525,Suspect_1310
S1311,415558,Suspect_1311
S1312,227608,Suspect_1312
S1313,395496,Suspect_1313
S1314,382871,Suspect_1314
S1315,392816,Suspect_1315
S1316,381143,Suspect_1316
S1317,48544,Suspect_1317
S1318,286201,Suspect_1318
S1319,244404,Suspect_1319
S1320,57926,Suspect_1320
S1321,122634,Suspect_1321
S1322,240624,Suspect_1322
S1323,106675,Suspect_1323
S1324,428568,Suspect_1324
S1325,462938,Suspect_1325
S1326,440391,Suspect_1326
S1327,24280,Suspect_1327
S1328,190735,Suspect_1328
S1329,340028,Suspect_1329
S1330,173554,Suspect_1330
S1331,480017,Suspect_1331
S1332,305254,Suspect_1332
S1333,474718,Suspect_1333
S1334,65367,Suspect_1334
S1335,489756,Suspect_1335
S1336,485241,Suspect_1336
S1337,375201,Suspect_1337
S1338,170969,Suspect_1338
S1339,209232,Suspect_1339
S1340,385491,Suspect_1340
S1341,251333,Suspect_1341
S1342,476819,Suspect_1342
S1343,282130,Suspect_1343
S1344,485365,Suspect_1344
S1345,231424,Suspect_1345
S1346,48165,Suspect_1346
S1347,181055,Suspect_1347
S1348,437928,Suspect_1348
S1349,25630,Suspect_1349
S1350,134800,Suspect_1350
S1351,60577,Suspect_1351
S1352,498527,Suspect_1352
S1353,405365,Suspect_1353
S1354,448845,Suspect_1354
S1355,83575,Suspect_1355
S1356,351436,Suspect_1356
S1357,148516,Suspect_1357
S1358,354799,Suspect_1358
S1359,469270,Suspect_1359
S1360,192700,Suspect_1360
S1361,94464,Suspect_1361
S1362,352210,Suspect_1362
S1363,125550,Suspect_1363
S1364,294163,Suspect_1364
S1365,437817,Suspect_1365
S1366,105920,Suspect_1366
S1367,112494,Suspect_1367
S1368,197545,Suspect_1368
S1369,357331,Suspect_1369
S1370,488294,Suspect_1370
S1371,433413,Suspect_1371
S1372,43804,Suspect_1372
S1373,103522,Suspect_1373
S1374,488089,Suspect_1374
S1375,11091,Suspect_1375
S1376,96072,Suspect_1376
S1377,263137,Suspect_1377
S1378,114714,Suspect_1378
S1379,137120,Suspect_1379
S1380,413748,Suspect_1380
S1381,76303,Suspect_1381
S1382,469826,Suspect_1382
S1383,261447,Suspect_1383
S1384,4011,Suspect_1384
S1385,16604,Suspect_1385
S1386,331283,Suspect_1386
S1387,26622,Suspect_1387
S1388,84277,Suspect_1388
S1389,318542,Suspect_1389
S1390,372099,Suspect_1390
S1391,194337,Suspect_1391
S1392,225755,Suspect_1392
S1393,42075,Suspect_1393
S1394,186775,Suspect_1394
S1395,470195,Suspect_1395
S1396,256338,Suspect_1396
S1397,297318,Suspect_1397
S1398,406259,Suspect_1398
S1399,116619,Suspect_1399
S1400,43601,Suspect_1400
S1401,110978,Suspect_1401
S1402,413331,Suspect_1402
S1403,152252,Suspect_1403
S1404,404509,Suspect_1404
S1405,223005,Suspect_1405
S1406,299271,Suspect_1406
S1407,40824,Suspect_1407
S1408,89766,Suspect_1408
S1409,2319,Suspect_1409
S1410,402701,Suspect_1410
S1411,21340,Suspect_1411
S1412,317382,Suspect_1412
S1413,25078,Suspect_1413
S1414,118986,Suspect_1414
S1415,269282,Suspect_1415
S1416,179491,Suspect_1416
S1417,235172,Suspect_1417
S1418,31610,Suspect_1418
S1419,184659,Suspect_1419
S1420,122977,Suspect_1420
S1421,436553,Suspect_1421
S1422,109663,Suspect_1422
S1423,357469,Suspect_1423
S1424,480319,Suspect_1424
S1425,40767,Suspect_1425
S1426,194092,Suspect_1426
S1427,49368,Suspect_1427
S1428,69113,Suspect_1428
S1429,189160,Suspect_1429
S1430,308970,Suspect_1430
S1431,373576,Suspect_1431
S1432,41804,Suspect_1432
S1433,324240,Suspect_1433
S1434,273751,Suspect_1434
S1435,355884,Suspect_1435
S1436,431353,Suspect_1436
S1437,299579,Suspect_1437
S1438,193272,Suspect_1438
S1439,70790,Suspect_1439
S1440,439888,Suspect_1440
S1441,16270,Suspect_1441
S1442,101834,Suspect_1442
S1443,345832,Suspect_1443
S1444,152252,Suspect_1444
S1445,468416,Suspect_1445
S1446,359903,Suspect_1446
S1447,267637,Suspect_1447
S1448,372530,Suspect_1448
S1449,169279,Suspect_1449
S1450,16278,Suspect_1450
S1451,401034,Suspect_1451
S1452,396923,Suspect_1452
S1453,176593,Suspect_1453
S1454,146974,Suspect_1454
S1455,150621,Suspect_1455
S1456,251777,Suspect_1456
S1457,304833,Suspect_1457
S1458,350836,Suspect_1458
S1459,59488,Suspect_1459
S1460,354486,Suspect_1460
S1461,24236,Suspect_1461
S1462,316026,Suspect_1462
S1463,244346,Suspect_1463
S1464,124710,Suspect_1464
S1465,96682,Suspect_1465
S1466,333766,Suspect_1466
S1467,422223,Suspect_1467
S1468,333025,Suspect_1468
S1469,407396,Suspect_1469
S1470,187483,Suspect_1470
S1471,172360,Suspect_1471
S1472,416287,Suspect_1472
S1473,393987,Suspect_1473
S1474,175835,Suspect_1474
S1475,441738,Suspect_1475
S1476,169554,Suspect_1476
S1477,153639,Suspect_1477
S1478,469968,Suspect_1478
S1479,127861,Suspect_1479
S1480,490399,Suspect_1480
S1481,359568,Suspect_1481
S1482,85499,Suspect_1482
S1483,281480,Suspect_1483
S1484,69623,Suspect_1484
S1485,406284,Suspect_1485
S1486,227867,Suspect_1486
S1487,11986,Suspect_1487
S1488,190199,Suspect_1488
S1489,59701,Suspect_1489
S1490,327732,Suspect_1490
S1491,4530,Suspect_1491
S1492,93968,Suspect_1492
S1493,24769,Suspect_1493
S1494,454425,Suspect_1494
S1495,130186,Suspect_1495
S1496,93553,Suspect_1496
S1497,456747,Suspect_1497
S1498,291116,Suspect_1498
S1499,399904,Suspect_1499
S1500,255882,Suspect_1500
S1501,60752,Suspect_1501
S1502,390509,Suspect_1502
S1503,287757,Suspect_1503
S1504,30870,Suspect_1504
S1505,66251,Suspect_1505
S1506,229788,Suspect_1506
S1507,107235,Suspect_1507
S1508,126009,Suspect_1508
S1509,491451,Suspect_1509
S1510,49661,Suspect_1510
S1511,357554,Suspect_1511
S1512,304811,Suspect_1512
S1513,398266,Suspect_1513
S1514,119757,Suspect_1514
S1515,300996,Suspect_1515
S1516,170770,Suspect_1516
S1517,223103,Suspect_1517
S1518,268860,Suspect_1518
S1519,40193,Suspect_1519
S1520,274426,Suspect_1520
S1521,74180,Suspect_1521
S1522,471038,Suspect_1522
S1523,171478,Suspect_1523
S1524,131962,Suspect_1524
S1525,425935,Suspect_1525
S1526,97102,Suspect_1526
S1527,472926,Suspect_1527
S1528,9895,Suspect_1528
S1529,156674,Suspect_1529
S1530,335394,Suspect_1530
S1531,261637,Suspect_1531
S1532,147268,Suspect_1532
S1533,202140,Suspect_1533
S1534,68462,Suspect_1534
S1535,254723,Suspect_1535
S1536,5887,Suspect_1536
S1537,236982,Suspect_1537
S1538,56229,Suspect_1538
S1539,15164,Suspect_1539
S1540,418953,Suspect_1540
S1541,19694,Suspect_1541
S1542,184475,Suspect_1542
S1543,108269,Suspect_1543
S1544,22187,Suspect_1544
S1545,70274,Suspect_1545
S1546,68809,Suspect_1546
S1547,47392,Suspect_1547
S1548,316346,Suspect_1548
S1549,140031,Suspect_1549
S1550,426569,Suspect_1550
S1551,425851,Suspect_1551
S1552,484290,Suspect_1552
S1553,69765,Suspect_1553
S1554,465984,Suspect_1554
S1555,217770,Suspect_1555
S1556,77651,Suspect_1556
S1557,230846,Suspect_1557
S1558,112269,Suspect_1558
S1559,8855,Suspect_1559
S1560,15211,Suspect_1560
S1561,166611,Suspect_1561
S1562,294371,Suspect_1562
S1563,212445,Suspect_1563
S1564,75191,Suspect_1564
S1565,147642,Suspect_1565
S1566,250318,Suspect_1566
S1567,379491,Suspect_1567
S1568,320410,Suspect_1568
S1569,55512,Suspect_1569
S1570,10411,Suspect_1570
S1571,466940,Suspect_1571
S1572,253593,Suspect_1572
S1573,157306,Suspect_1573
S1574,232789,Suspect_1574
S1575,402131,Suspect_1575
S1576,376489,Suspect_1576
S1577,260733,Suspect_1577
S1578,318901,Suspect_1578
S1579,337230,Suspect_1579
S1580,177402,Suspect_1580
S1581,488826,Suspect_1581
S1582,9248,Suspect_1582
S1583,64897,Suspect_1583
S1584,235806,Suspect_1584
S1585,392710,Suspect_1585
S1586,123239,Suspect_1586
S1587,204343,Suspect_1587
S1588,309779,Suspect_1588
S1589,326878,Suspect_1589
S1590,64777,Suspect_1590
S1591,441558,Suspect_1591
S1592,80146,Suspect_1592
S1593,426068,Suspect_1593
S1594,315597,Suspect_1594
S1595,295708,Suspect_1595
S1596,63029,Suspect_1596
S1597,191782,Suspect_1597
S1598,1136,Suspect_1598
S1599,312656,Suspect_1599
S1600,209482,Suspect_1600
S1601,211096,Suspect_1601
S1602,323750,Suspect_1602
S1603,269380,Suspect_1603
S1604,79375,Suspect_1604
S1605,309014,Suspect_1605
S1606,193101,Suspect_1606
S1607,71074,Suspect_1607
S1608,301665,Suspect_1608
S1609,212034,Suspect_1609
S1610,206312,Suspect_1610
S1611,103730,Suspect_1611
S1612,432975,Suspect_1612
S1613,43316,Suspect_1613
S1614,208362,Suspect_1614
S1615,311853,Suspect_1615
S1616,396731,Suspect_1616
S1617,178469,Suspect_1617
S1618,318178,Suspect_1618
S1619,437144,Suspect_1619
S1620,183623,Suspect_1620
S1621,248810,Suspect_1621
S1622,69388,Suspect_1622
S1623,387517,Suspect_1623
S1624,448305,Suspect_1624
S1625,172617,Suspect_1625
S1626,253243,Suspect_1626
S1627,61515,Suspect_1627
S1628,269902,Suspect_1628
S1629,53549,Suspect_1629
S1630,217641,Suspect_1630
S1631,355475,Suspect_1631
S1632,181142,Suspect_1632
S1633,320353,Suspect_1633
S1634,389711,Suspect_1634
S1635,237290,Suspect_1635
S1636,44054,Suspect_1636
S1637,381620,Suspect_1637
S1638,202525,Suspect_1638
S1639,250945,Suspect_1639
S1640,461570,Suspect_1640
S1641,69812,Suspect_1641
S1642,446882,Suspect_1642
S1643,79694,Suspect_1643
S1644,153913,Suspect_1644
S1645,7020,Suspect_1645
S1646,197622,Suspect_1646
S1647,66685,Suspect_1647
S1648,344719,Suspect_1648
S1649,493741,Suspect_1649
S1650,394498,Suspect_1650
S1651,335832,Suspect_1651
S1652,257063,Suspect_1652
S1653,411244,Suspect_1653
S1654,417571,Suspect_1654
S1655,85620,Suspect_1655
S1656,160984,Suspect_1656
S1657,235970,Suspect_1657
S1658,447985,Suspect_1658
S1659,493024,Suspect_1659
S1660,247892,Suspect_1660
S1661,277523,Suspect_1661
S1662,451411,Suspect_1662
S1663,279242,Suspect_1663
S1664,48477,Suspect_1664
S1665,63531,Suspect_1665
S1666,4528,Suspect_1666
S1667,163764,Suspect_1667
S1668,423781,Suspect_1668
S1669,43244,Suspect_1669
S1670,491380,Suspect_1670
S1671,78191,Suspect_1671
S1672,131196,Suspect_1672
S1673,400703,Suspect_1673
S1674,212477,Suspect_1674
S1675,350950,Suspect_1675
S1676,374997,Suspect_1676
S1677,360372,Suspect_1677
S1678,174790,Suspect_1678
S1679,83696,Suspect_1679
S1680,164542,Suspect_1680
S1681,449359,Suspect_1681
S1682,82764,Suspect_1682
S1683,281318,Suspect_1683
S1684,184622,Suspect_1684
S1685,266646,Suspect_1685
S1686,177519,Suspect_1686
S1687,14796,Suspect_1687
S1688,130004,Suspect_1688
S1689,368257,Suspect_1689
S1690,333341,Suspect_1690
S1691,283703,Suspect_1691
S1692,377015,Suspect_1692
S1693,250802,Suspect_1693
S1694,160472,Suspect_1694
S1695,356598,Suspect_1695
S1696,44825,Suspect_1696
S1697,129477,Suspect_1697
S1698,384897,Suspect_1698
S1699,212677,Suspect_1699
S1700,425172,Suspect_1700
S1701,215953,Suspect_1701
S1702,231115,Suspect_1702
S1703,281873,Suspect_1703
S1704,353966,Suspect_1704
S1705,24741,Suspect_1705
S1706,447229,Suspect_1706
S1707,47440,Suspect_1707
S1708,273332,Suspect_1708
S1709,268289,Suspect_1709
S1710,215731,Suspect_1710
S1711,109162,Suspect_1711
S1712,140438,Suspect_1712
S1713,446600,Suspect_1713
S1714,375317,Suspect_1714
S1715,223250,Suspect_1715
S1716,72979,Suspect_1716
S1717,25210,Suspect_1717
S1718,227760,Suspect_1718
S1719,2939,Suspect_1719
S1720,75224,Suspect_1720
S1721,96057,Suspect_1721
S1722,451230,Suspect_1722
S1723,111123,Suspect_1723
S1724,474591,Suspect_1724
S1725,440661,Suspect_1725
S1726,487945,Suspect_1726
S1727,328480,Suspect_1727
S1728,162720,Suspect_1728
S1729,372946,Suspect_1729
S1730,76496,Suspect_1730
S1731,285242,Suspect_1731
S1732,253541,Suspect_1732
S1733,351967,Suspect_1733
S1734,271531,Suspect_1734
S1735,350738,Suspect_1735
S1736,298531,Suspect_1736
S1737,350307,Suspect_1737
S1738,128327,Suspect_1738
S1739,417073,Suspect_1739
S1740,162644,Suspect_1740
S1741,380675,Suspect_1741
S1742,375589,Suspect_1742
S1743,81763,Suspect_1743
S1744,321121,Suspect_1744
S1745,143425,Suspect_1745
S1746,421994,Suspect_1746
S1747,474338,Suspect_1747
S1748,179936,Suspect_1748
S1749,382510,Suspect_1749
S1750,131261,Suspect_1750
S1751,493641,Suspect_1751
S1752,279102,Suspect_1752
S1753,31599,Suspect_1753
S1754,368901,Suspect_1754
S1755,40106,Suspect_1755
S1756,422038,Suspect_1756
S1757,123113,Suspect_1757
S1758,215222,Suspect_1758
S1759,73312,Suspect_1759
S1760,132454,Suspect_1760
S1761,193455,Suspect_1761
S1762,315111,Suspect_1762
S1763,19878,Suspect_1763
S1764,36936,Suspect_1764
S1765,379359,Suspect_1765
S1766,193242,Suspect_1766
S1767,180416,Suspect_1767
S1768,144359,Suspect_1768
S1769,199878,Suspect_1769
S1770,379147,Suspect_1770
S1771,67963,Suspect_1771
S1772,227999,Suspect_1772
S1773,227286,Suspect_1773
S1774,163661,Suspect_1774
S1775,246639,Suspect_1775
S1776,467802,Suspect_1776
S1777,57983,Suspect_1777
S1778,183768,Suspect_1778
S1779,284363,Suspect_1779
S1780,156002,Suspect_1780
S1781,326664,Suspect_1781
S1782,401469,Suspect_1782
S1783,80243,Suspect_1783
S1784,63649,Suspect_1784
S1785,283065,Suspect_1785
S1786,418588,Suspect_1786
S1787,203849,Suspect_1787
S1788,354160,Suspect_1788
S1789,25089,Suspect_1789
S1790,339024,Suspect_1790
S1791,153427,Suspect_1791
S1792,49136,Suspect_1792
S1793,424867,Suspect_1793
S1794,223571,Suspect_1794
S1795,493705,Suspect_1795
S1796,162067,Suspect_1796
S1797,129995,Suspect_1797
S1798,282971,Suspect_1798
S1799,174962,Suspect_1799
S1800,95586,Suspect_1800
S1801,77637,Suspect_1801
S1802,46881,Suspect_1802
S1803,345593,Suspect_1803
S1804,372399,Suspect_1804
S1805,495886,Suspect_1805
S1806,481059,Suspect_1806
S1807,402271,Suspect_1807
S1808,452229,Suspect_1808
S1809,486627,Suspect_1809
S1810,14034,Suspect_1810
S1811,472768,Suspect_1811
S1812,263645,Suspect_1812
S1813,496375,Suspect_1813
S1814,38898,Suspect_1814
S1815,66234,Suspect_1815
S1816,443797,Suspect_1816
S1817,478075,Suspect_1817
S1818,318480,Suspect_1818
S1819,88344,Suspect_1819
S1820,239576,Suspect_1820
S1821,421932,Suspect_1821
S1822,343772,Suspect_1822
S1823,321022,Suspect_1823
S1824,260482,Suspect_1824
S1825,406565,Suspect_1825
S1826,162635,Suspect_1826
S1827,168828,Suspect_1827
S1828,251106,Suspect_1828
S1829,426100,Suspect_1829
S1830,343572,Suspect_1830
S1831,442567,Suspect_1831
S1832,299965,Suspect_1832
S1833,410082,Suspect_1833
S1834,480487,Suspect_1834
S1835,459768,Suspect_1835
S1836,304862,Suspect_1836
S1837,220388,Suspect_1837
S1838,413226,Suspect_1838
S1839,297672,Suspect_1839
S1840,81620,Suspect_1840
S1841,168168,Suspect_1841
S1842,83323,Suspect_1842
S1843,133743,Suspect_1843
S1844,273799,Suspect_1844
S1845,142736,Suspect_1845
S1846,187468,Suspect_1846
S1847,123971,Suspect_1847
S1848,174705,Suspect_1848
S1849,422987,Suspect_1849
S1850,313005,Suspect_1850
S1851,464379,Suspect_1851
S1852,125811,Suspect_1852
S1853,37210,Suspect_1853
S1854,396711,Suspect_1854
S1855,185434,Suspect_1855
S1856,149032,Suspect_1856
S1857,372406,Suspect_1857
S1858,16630,Suspect_1858
S1859,394533,Suspect_1859
S1860,249686,Suspect_1860
S1861,300133,Suspect_1861
S1862,3876,Suspect_1862
S1863,28320,Suspect_1863
S1864,167572,Suspect_1864
S1865,240676,Suspect_1865
S1866,200690,Suspect_1866
S1867,111914,Suspect_1867
S1868,312638,Suspect_1868
S1869,119705,Suspect_1869
S1870,435261,Suspect_1870
S1871,426165,Suspect_1871
S1872,139149,Suspect_1872
S1873,139537,Suspect_1873
S1874,271685,Suspect_1874
S1875,271717,Suspect_1875
S1876,412549,Suspect_1876
S1877,136904,Suspect_1877
S1878,274430,Suspect_1878
S1879,423978,Suspect_1879
S1880,89199,Suspect_1880
S1881,407933,Suspect_1881
S1882,363383,Suspect_1882
S1883,206264,Suspect_1883
S1884,273925,Suspect_1884
S1885,117673,Suspect_1885
S1886,497971,Suspect_1886
S1887,372677,Suspect_1887
S1888,427199,Suspect_1888
S1889,337569,Suspect_1889
S1890,491759,Suspect_1890
S1891,250158,Suspect_1891
S1892,101242,Suspect_1892
S1893,171795,Suspect_1893
S1894,163335,Suspect_1894
S1895,284545,Suspect_1895
S1896,347493,Suspect_1896
S1897,448730,Suspect_1897
S1898,301668,Suspect_1898
S1899,316066,Suspect_1899
S1900,167416,Suspect_1900
S1901,352399,Suspect_1901
S1902,484728,Suspect_1902
S1903,247215,Suspect_1903
S1904,217642,Suspect_1904
S1905,269014,Suspect_1905
S1906,450043,Suspect_1906
S1907,336051,Suspect_1907
S1908,477264,Suspect_1908
S1909,158204,Suspect_1909
S1910,388856,Suspect_1910
S1911,255678,Suspect_1911
S1912,121575,Suspect_1912
S1913,101260,Suspect_1913
S1914,136764,Suspect_1914
S1915,489745,Suspect_1915
S1916,213332,Suspect_1916
S1917,367103,Suspect_1917
S1918,227636,Suspect_1918
S1919,37151,Suspect_1919
S1920,236475,Suspect_1920
S1921,93499,Suspect_1921
S1922,287546,Suspect_1922
S1923,19296,Suspect_1923
S1924,375472,Suspect_1924
S1925,170856,Suspect_1925
S1926,493372,Suspect_1926
S1927,173222,Suspect_1927
S1928,215468,Suspect_1928
S1929,399750,Suspect_1929
S1930,326648,Suspect_1930
S1931,154300,Suspect_1931
S1932,480917,Suspect_1932
S1933,122706,Suspect_1933
S1934,360400,Suspect_1934
S1935,458727,Suspect_1935
S1936,48523,Suspect_1936
S1937,18243,Suspect_1937
S1938,54325,Suspect_1938
S1939,118104,Suspect_1939
S1940,42508,Suspect_1940
S1941,340440,Suspect_1941
S1942,213317,Suspect_1942
S1943,66754,Suspect_1943
S1944,148892,Suspect_1944
S1945,59719,Suspect_1945
S1946,300453,Suspect_1946
S1947,155640,Suspect_1947
S1948,367541,Suspect_1948
S1949,158758,Suspect_1949
S1950,495171,Suspect_1950
S1951,485606,Suspect_1951
S1952,205433,Suspect_1952
S1953,497242,Suspect_1953
S1954,146255,Suspect_1954
S1955,473649,Suspect_1955
S1956,54664,Suspect_1956
S1957,326024,Suspect_1957
S1958,226305,Suspect_1958
S1959,4047,Suspect_1959
S1960,437356,Suspect_1960
S1961,247555,Suspect_1961
S1962,396688,Suspect_1962
S1963,386814,Suspect_1963
S1964,364653,Suspect_1964
S1965,236702,Suspect_1965
S1966,326629,Suspect_1966
S1967,65513,Suspect_1967
S1968,300241,Suspect_1968
S1969,162256,Suspect_1969
S1970,175329,Suspect_1970
S1971,51976,Suspect_1971
S1972,32751,Suspect_1972
S1973,208908,Suspect_1973
S1974,480152,Suspect_1974
S1975,102633,Suspect_1975
S1976,286104,Suspect_1976
S1977,159425,Suspect_1977
S1978,263677,Suspect_1978
S1979,104892,Suspect_1979
S1980,498984,Suspect_1980
S1981,137242,Suspect_1981
S1982,110978,Suspect_1982
S1983,224199,Suspect_1983
S1984,354657,Suspect_1984
S1985,437592,Suspect_1985
S1986,228044,Suspect_1986
S1987,207843,Suspect_1987
S1988,490195,Suspect_1988
S1989,114425,Suspect_1989
S1990,288504,Suspect_1990
S1991,425316,Suspect_1991
S1992,174881,Suspect_1992
S1993,439569,Suspect_1993
S1994,110539,Suspect_1994
S1995,127339,Suspect_1995
S1996,490177,Suspect_1996
S1997,423869,Suspect_1997
S1998,104893,Suspect_1998
S1999,26412,Suspect_1999
S2000,289568,Suspect_2000
S2001,129788,Suspect_2001
S2002,311879,Suspect_2002
S2003,422080,Suspect_2003
S2004,295960,Suspect_2004
S2005,278088,Suspect_2005
S2006,418570,Suspect_2006
S2007,250467,Suspect_2007
S2008,80719,Suspect_2008
S2009,298199,Suspect_2009
S2010,425370,Suspect_2010
S2011,339609,Suspect_2011
S2012,484888,Suspect_2012
S2013,451210,Suspect_2013
S2014,229034,Suspect_2014
S2015,139886,Suspect_2015
S2016,375126,Suspect_2016
S2017,259096,Suspect_2017
S2018,284308,Suspect_2018
S2019,472365,Suspect_2019
S2020,311629,Suspect_2020
S2021,185956,Suspect_2021
S2022,304847,Suspect_2022
S2023,369639,Suspect_2023
S2024,11960,Suspect_2024
S2025,439159,Suspect_2025
S2026,14751,Suspect_2026
S2027,173566,Suspect_2027
S2028,399666,Suspect_2028
S2029,112805,Suspect_2029
S2030,267934,Suspect_2030
S2031,484364,Suspect_2031
S2032,367961,Suspect_2032
S2033,303610,Suspect_2033
S2034,140576,Suspect_2034
S2035,373692,Suspect_2035
S2036,50677,Suspect_2036
S2037,258008,Suspect_2037
S2038,52174,Suspect_2038
S2039,370335,Suspect_2039
S2040,417280,Suspect_2040
S2041,454524,Suspect_2041
S2042,276022,Suspect_2042
S2043,491652,Suspect_2043
S2044,239405,Suspect_2044
S2045,339106,Suspect_2045
S2046,77816,Suspect_2046
S2047,295341,Suspect_2047
S2048,246581,Suspect_2048
S2049,107567,Suspect_2049
S2050,226061,Suspect_2050
S2051,281715,Suspect_2051
S2052,66945,Suspect_2052
S2053,261766,Suspect_2053
S2054,384878,Suspect_2054
S2055,253784,Suspect_2055
S2056,90764,Suspect_2056
S2057,147538,Suspect_2057
S2058,9648,Suspect_2058
S2059,128159,Suspect_2059
S2060,81013,Suspect_2060
S2061,39051,Suspect_2061
S2062,138081,Suspect_2062
S2063,99212,Suspect_2063
S2064,349730,Suspect_2064
S2065,365293,Suspect_2065
S2066,200057,Suspect_2066
S2067,124998,Suspect_2067
S2068,219511,Suspect_2068
S2069,445088,Suspect_2069
S2070,270671,Suspect_2070
S2071,432142,Suspect_2071
S2072,472654,Suspect_2072
S2073,198788,Suspect_2073
S2074,320976,Suspect_2074
S2075,309489,Suspect_2075
S2076,336479,Suspect_2076
S2077,342302,Suspect_2077
S2078,194027,Suspect_2078
S2079,82626,Suspect_2079
S2080,20085,Suspect_2080
S2081,189600,Suspect_2081
S2082,191648,Suspect_2082
S2083,84260,Suspect_2083
S2084,180262,Suspect_2084
S2085,163146,Suspect_2085
S2086,77842,Suspect_2086
S2087,173270,Suspect_2087
S2088,367801,Suspect_2088
S2089,124609,Suspect_2089
S2090,453032,Suspect_2090
S2091,74262,Suspect_2091
S2092,27941,Suspect_2092
S2093,271115,Suspect_2093
S2094,110120,Suspect_2094
S2095,306943,Suspect_2095
S2096,396931,Suspect_2096
S2097,154175,Suspect_2097
S2098,11066,Suspect_2098
S2099,356950,Suspect_2099
S2100,186716,Suspect_2100
S2101,254805,Suspect_2101
S2102,353591,Suspect_2102
S2103,59947,Suspect_2103
S2104,350576,Suspect_2104
S2105,234845,Suspect_2105
S2106,316828,Suspect_2106
S2107,8565,Suspect_2107
S2108,148411,Suspect_2108
S2109,410525,Suspect_2109
S2110,85374,Suspect_2110
S2111,483606,Suspect_2111
S2112,182141,Suspect_2112
S2113,183848,Suspect_2113
S2114,316076,Suspect_2114
S2115,246157,Suspect_2115
S2116,102036,Suspect_2116
S2117,167111,Suspect_2117
S2118,109436,Suspect_2118
S2119,30832,Suspect_2119
S2120,369581,Suspect_2120
S2121,452517,Suspect_2121
S2122,455716,Suspect_2122
S2123,356530,Suspect_2123
S2124,485347,Suspect_2124
S2125,76981,Suspect_2125
S2126,232890,Suspect_2126
S2127,97086,Suspect_2127
S2128,490828,Suspect_2128
S2129,33244,Suspect_2129
S2130,292224,Suspect_2130
S2131,112750,Suspect_2131
S2132,407761,Suspect_2132
S2133,383078,Suspect_2133
S2134,224989,Suspect_2134
S2135,412899,Suspect_2135
S2136,159209,Suspect_2136
S2137,294668,Suspect_2137
S2138,234325,Suspect_2138
S2139,53725,Suspect_2139
S2140,322948,Suspect_2140
S2141,99160,Suspect_2141
S2142,154496,Suspect_2142
S2143,496267,Suspect_2143
S2144,182202,Suspect_2144
S2145,85839,Suspect_2145
S2146,301327,Suspect_2146
S2147,387013,Suspect_2147
S2148,65863,Suspect_2148
S2149,439495,Suspect_2149
S2150,126301,Suspect_2150
S2151,144874,Suspect_2151
S2152,82990,Suspect_2152
S2153,318912,Suspect_2153
S2154,193079,Suspect_2154
S2155,24916,Suspect_2155
S2156,277338,Suspect_2156
S2157,96791,Suspect_2157
S2158,433145,Suspect_2158
S2159,464440,Suspect_2159
S2160,2024,Suspect_2160
S2161,104804,Suspect_2161
S2162,251738,Suspect_2162
S2163,239099,Suspect_2163
S2164,3345,Suspect_2164
S2165,276846,Suspect_2165
S2166,18026,Suspect_2166
S2167,349223,Suspect_2167
S2168,496630,Suspect_2168
S2169,143279,Suspect_2169
S2170,457089,Suspect_2170
S2171,149978,Suspect_2171
S2172,454783,Suspect_2172
S2173,367784,Suspect_2173
S2174,250287,Suspect_2174
S2175,289960,Suspect_2175
S2176,131332,Suspect_2176
S2177,493572,Suspect_2177
S2178,421166,Suspect_2178
S2179,96037,Suspect_2179
S2180,234557,Suspect_2180
S2181,451185,Suspect_2181
S2182,406483,Suspect_2182
S2183,78050,Suspect_2183
S2184,150806,Suspect_2184
S2185,307830,Suspect_2185
S2186,41093,Suspect_2186
S2187,483405,Suspect_2187
S2188,197597,Suspect_2188
S2189,109146,Suspect_2189
S2190,264499,Suspect_2190
S2191,436540,Suspect_2191
S2192,439644,Suspect_2192
S2193,298487,Suspect_2193
S2194,38129,Suspect_2194
S2195,437550,Suspect_2195
S2196,349867,Suspect_2196
S2197,459100,Suspect_2197
S2198,38742,Suspect_2198
S2199,7682,Suspect_2199
S2200,147467,Suspect_2200
S2201,95954,Suspect_2201
S2202,326868,Suspect_2202
S2203,251977,Suspect_2203
S2204,59,Suspect_2204
S2205,174661,Suspect_2205
S2206,374914,Suspect_2206
S2207,290438,Suspect_2207
S2208,352347,Suspect_2208
S2209,398625,Suspect_2209
S2210,109754,Suspect_2210
S2211,136454,Suspect_2211
S2212,407,Suspect_2212
S2213,150463,Suspect_2213
S2214,393669,Suspect_2214
S2215,234483,Suspect_2215
S2216,498449,Suspect_2216
S2217,438744,Suspect_2217
S2218,377863,Suspect_2218
S2219,203451,Suspect_2219
S2220,207240,Suspect_2220
S2221,89284,Suspect_2221
S2222,432068,Suspect_2222
S2223,155660,Suspect_2223
S2224,53692,Suspect_2224
S2225,306475,Suspect_2225
S2226,192905,Suspect_2226
S2227,136974,Suspect_2227
S2228,350737,Suspect_2228
S2229,57937,Suspect_2229
S2230,176242,Suspect_2230
S2231,308889,Suspect_2231
S2232,147533,Suspect_2232
S2233,145128,Suspect_2233
S2234,416915,Suspect_2234
S2235,182723,Suspect_2235
S2236,197303,Suspect_2236
S2237,396564,Suspect_2237
S2238,425727,Suspect_2238
S2239,204568,Suspect_2239
S2240,261221,Suspect_2240
S2241,312654,Suspect_2241
S2242,396354,Suspect_2242
S2243,53190,Suspect_2243
S2244,396240,Suspect_2244
S2245,14056,Suspect_2245
S2246,349559,Suspect_2246
S2247,10510,Suspect_2247
S2248,454140,Suspect_2248
S2249,404370,Suspect_2249
S2250,213155,Suspect_2250
S2251,458285,Suspect_2251
S2252,470860,Suspect_2252
S2253,111354,Suspect_2253
S2254,268385,Suspect_2254
S2255,491031,Suspect_2255
S2256,194872,Suspect_2256
S2257,349038,Suspect_2257
S2258,494012,Suspect_2258
S2259,107033,Suspect_2259
S2260,351876,Suspect_2260
S2261,293527,Suspect_2261
S2262,484155,Suspect_2262
S2263,25448,Suspect_2263
S2264,392340,Suspect_2264
S2265,53127,Suspect_2265
S2266,372314,Suspect_2266
S2267,483039,Suspect_2267
S2268,18104,Suspect_2268
S2269,37033,Suspect_2269
S2270,291796,Suspect_2270
S2271,402174,Suspect_2271
S2272,402628,Suspect_2272
S2273,322893,Suspect_2273
S2274,144250,Suspect_2274
S2275,239324,Suspect_2275
S2276,482162,Suspect_2276
S2277,76812,Suspect_2277
S2278,443595,Suspect_2278
S2279,131541,Suspect_2279
S2280,478698,Suspect_2280
S2281,398652,Suspect_2281
S2282,467696,Suspect_2282
S2283,467692,Suspect_2283
S2284,14068,Suspect_2284
S2285,406896,Suspect_2285
S2286,90258,Suspect_2286
S2287,94430,Suspect_2287
S2288,63177,Suspect_2288
S2289,494179,Suspect_2289
S2290,259339,Suspect_2290
S2291,331057,Suspect_2291
S2292,152138,Suspect_2292
S2293,50261,Suspect_2293
S2294,443614,Suspect_2294
S2295,238679,Suspect_2295
S2296,247072,Suspect_2296
S2297,376780,Suspect_2297
S2298,430143,Suspect_2298
S2299,226075,Suspect_2299
S2300,125527,Suspect_2300
S2301,218120,Suspect_2301
S2302,153399,Suspect_2302
S2303,194620,Suspect_2303
S2304,72977,Suspect_2304
S2305,44105,Suspect_2305
S2306,268411,Suspect_2306
S2307,435451,Suspect_2307
S2308,466573,Suspect_2308
S2309,373999,Suspect_2309
S2310,331918,Suspect_2310
S2311,238451,Suspect_2311
S2312,180246,Suspect_2312
S2313,181528,Suspect_2313
S2314,175830,Suspect_2314
S2315,491331,Suspect_2315
S2316,302562,Suspect_2316
S2317,240774,Suspect_2317
S2318,31442,Suspect_2318
S2319,195460,Suspect_2319
S2320,321557,Suspect_2320
S2321,467568,Suspect_2321
S2322,208367,Suspect_2322
S2323,406075,Suspect_2323
S2324,127007,Suspect_2324
S2325,477217,Suspect_2325
S2326,119614,Suspect_2326
S2327,274698,Suspect_2327
S2328,265627,Suspect_2328
S2329,366530,Suspect_2329
S2330,65772,Suspect_2330
S2331,146053,Suspect_2331
S2332,452956,Suspect_2332
S2333,317437,Suspect_2333
S2334,224607,Suspect_2334
S2335,300111,Suspect_2335
S2336,443394,Suspect_2336
S2337,348287,Suspect_2337
S2338,76332,Suspect_2338
S2339,262199,Suspect_2339
S2340,210099,Suspect_2340
S2341,422141,Suspect_2341
S2342,213019,Suspect_2342
S2343,404424,Suspect_2343
S2344,279514,Suspect_2344
S2345,119985,Suspect_2345
S2346,67219,Suspect_2346
S2347,353622,Suspect_2347
S2348,157553,Suspect_2348
S2349,430702,Suspect_2349
S2350,476285,Suspect_2350
S2351,432851,Suspect_2351
S2352,140144,Suspect_2352
S2353,231208,Suspect_2353
S2354,188397,Suspect_2354
S2355,28705,Suspect_2355
S2356,378885,Suspect_2356
S2357,303120,Suspect_2357
S2358,350405,Suspect_2358
S2359,182796,Suspect_2359
S2360,385631,Suspect_2360
S2361,143843,Suspect_2361
S2362,26149,Suspect_2362
S2363,359090,Suspect_2363
S2364,229063,Suspect_2364
S2365,128759,Suspect_2365
S2366,177175,Suspect_2366
S2367,224308,Suspect_2367
S2368,378165,Suspect_2368
S2369,427605,Suspect_2369
S2370,99392,Suspect_2370
S2371,128131,Suspect_2371
S2372,76367,Suspect_2372
S2373,16748,Suspect_2373
S2374,33046,Suspect_2374
S2375,299404,Suspect_2375
S2376,6088,Suspect_2376
S2377,258609,Suspect_2377
S2378,443452,Suspect_2378
S2379,211985,Suspect_2379
S2380,61322,Suspect_2380
S2381,138808,Suspect_2381
S2382,477052,Suspect_2382
S2383,232773,Suspect_2383
S2384,139577,Suspect_2384
S2385,239821,Suspect_2385
S2386,485225,Suspect_2386
S2387,163635,Suspect_2387
S2388,195761,Suspect_2388
S2389,434150,Suspect_2389
S2390,151537,Suspect_2390
S2391,323659,Suspect_2391
S2392,132779,Suspect_2392
S2393,406417,Suspect_2393
S2394,321665,Suspect_2394
S2395,197878,Suspect_2395
S2396,23839,Suspect_2396
S2397,270689,Suspect_2397
S2398,214877,Suspect_2398
S2399,138542,Suspect_2399
S2400,106597,Suspect_2400
S2401,62184,Suspect_2401
S2402,422547,Suspect_2402
S2403,106390,Suspect_2403
S2404,317504,Suspect_2404
S2405,377764,Suspect_2405
S2406,89128,Suspect_2406
S2407,145119,Suspect_2407
S2408,134369,Suspect_2408
S2409,63894,Suspect_2409
S2410,80261,Suspect_2410
S2411,46153,Suspect_2411
S2412,306187,Suspect_2412
S2413,107128,Suspect_2413
S2414,215439,Suspect_2414
S2415,46450,Suspect_2415
S2416,147138,Suspect_2416
S2417,39167,Suspect_2417
S2418,487211,Suspect_2418
S2419,189164,Suspect_2419
S2420,186627,Suspect_2420
S2421,207865,Suspect_2421
S2422,215113,Suspect_2422
S2423,454059,Suspect_2423
S2424,418541,Suspect_2424
S2425,414138,Suspect_2425
S2426,65849,Suspect_2426
S2427,459791,Suspect_2427
S2428,351962,Suspect_2428
S2429,43564,Suspect_2429
S2430,374105,Suspect_2430
S2431,57599,Suspect_2431
S2432,351954,Suspect_2432
S2433,225210,Suspect_2433
S2434,174425,Suspect_2434
S2435,246198,Suspect_2435
S2436,233133,Suspect_2436
S2437,49801,Suspect_2437
S2438,319198,Suspect_2438
S2439,286889,Suspect_2439
S2440,324807,Suspect_2440
S2441,89406,Suspect_2441
S2442,326403,Suspect_2442
S2443,248773,Suspect_2443
S2444,49905,Suspect_2444
S2445,467589,Suspect_2445
S2446,234072,Suspect_2446
S2447,338217,Suspect_2447
S2448,178643,Suspect_2448
S2449,311047,Suspect_2449
S2450,193168,Suspect_2450
S2451,327122,Suspect_2451
S2452,40017,Suspect_2452
S2453,298741,Suspect_2453
S2454,393093,Suspect_2454
S2455,339931,Suspect_2455
S2456,102470,Suspect_2456
S2457,225315,Suspect_2457
S2458,410405,Suspect_2458
S2459,231756,Suspect_2459
S2460,2914,Suspect_2460
S2461,60038,Suspect_2461
S2462,188282,Suspect_2462
S2463,34099,Suspect_2463
S2464,264301,Suspect_2464
S2465,331334,Suspect_2465
S2466,267635,Suspect_2466
S2467,154752,Suspect_2467
S2468,243592,Suspect_2468
S2469,382297,Suspect_2469
S2470,360125,Suspect_2470
S2471,359737,Suspect_2471
S2472,316956,Suspect_2472
S2473,410647,Suspect_2473
S2474,360068,Suspect_2474
S2475,335571,Suspect_2475
S2476,462479,Suspect_2476
S2477,466200,Suspect_2477
S2478,100603,Suspect_2478
S2479,64428,Suspect_2479
S2480,98533,Suspect_2480
S2481,272441,Suspect_2481
S2482,92674,Suspect_2482
S2483,59730,Suspect_2483
S2484,449715,Suspect_2484
S2485,322102,Suspect_2485
S2486,66900,Suspect_2486
S2487,486281,Suspect_2487
S2488,316476,Suspect_2488
S2489,32949,Suspect_2489
S2490,491780,Suspect_2490
S2491,309264,Suspect_2491
S2492,188514,Suspect_2492
S2493,326048,Suspect_2493
S2494,476528,Suspect_2494
S2495,440832,Suspect_2495
S2496,175767,Suspect_2496
S2497,254496,Suspect_2497
S2498,37992,Suspect_2498
S2499,364633,Suspect_2499
S2500,96050,Suspect_2500
S2501,402276,Suspect_2501
S2502,376897,Suspect_2502
S2503,122490,Suspect_2503
S2504,215607,Suspect_2504
S2505,121353,Suspect_2505
S2506,402810,Suspect_2506
S2507,129046,Suspect_2507
S2508,278459,Suspect_2508
S2509,290995,Suspect_2509
S2510,268998,Suspect_2510
S2511,264684,Suspect_2511
S2512,154215,Suspect_2512
S2513,284577,Suspect_2513
S2514,22397,Suspect_2514
S2515,115361,Suspect_2515
S2516,9433,Suspect_2516
S2517,361232,Suspect_2517
S2518,152248,Suspect_2518
S2519,338508,Suspect_2519
S2520,306565,Suspect_2520
S2521,327163,Suspect_2521
S2522,395065,Suspect_2522
S2523,470221,Suspect_2523
S2524,200578,Suspect_2524
S2525,297532,Suspect_2525
S2526,65592,Suspect_2526
S2527,149528,Suspect_2527
S2528,319054,Suspect_2528
S2529,191232,Suspect_2529
S2530,373597,Suspect_2530
S2531,232143,Suspect_2531
S2532,361488,Suspect_2532
S2533,490368,Suspect_2533
S2534,431854,Suspect_2534
S2535,476267,Suspect_2535
S2536,436288,Suspect_2536
S2537,158793,Suspect_2537
S2538,362850,Suspect_2538
S2539,440253,Suspect_2539
S2540,186901,Suspect_2540
S2541,141666,Suspect_2541
S2542,369766,Suspect_2542
S2543,384250,Suspect_2543
S2544,323591,Suspect_2544
S2545,30107,Suspect_2545
S2546,258896,Suspect_2546
S2547,400474,Suspect_2547
S2548,99767,Suspect_2548
S2549,231653,Suspect_2549
S2550,409762,Suspect_2550
S2551,221798,Suspect_2551
S2552,421504,Suspect_2552
S2553,422281,Suspect_2553
S2554,13664,Suspect_2554
S2555,26027,Suspect_2555
S2556,59220,Suspect_2556
S2557,381335,Suspect_2557
S2558,451665,Suspect_2558
S2559,240269,Suspect_2559
S2560,175106,Suspect_2560
S2561,51138,Suspect_2561
S2562,346851,Suspect_2562
S2563,59464,Suspect_2563
S2564,110478,Suspect_2564
S2565,228292,Suspect_2565
S2566,1834,Suspect_2566
S2567,99080,Suspect_2567
S2568,99420,Suspect_2568
S2569,1938,Suspect_2569
S2570,434224,Suspect_2570
S2571,171898,Suspect_2571
S2572,212173,Suspect_2572
S2573,474684,Suspect_2573
S2574,251215,Suspect_2574
S2575,272650,Suspect_2575
S2576,43064,Suspect_2576
S2577,67307,Suspect_2577
S2578,181930,Suspect_2578
S2579,37418,Suspect_2579
S2580,414682,Suspect_2580
S2581,384050,Suspect_2581
S2582,367235,Suspect_2582
S2583,405835,Suspect_2583
S2584,385600,Suspect_2584
S2585,160010,Suspect_2585
S2586,432784,Suspect_2586
S2587,105941,Suspect_2587
S2588,300406,Suspect_2588
S2589,342803,Suspect_2589
S2590,145902,Suspect_2590
S2591,24725,Suspect_2591
S2592,296449,Suspect_2592
S2593,433462,Suspect_2593
S2594,68285,Suspect_2594
S2595,300446,Suspect_2595
S2596,253316,Suspect_2596
S2597,281946,Suspect_2597
S2598,455937,Suspect_2598
S2599,73684,Suspect_2599
S2600,68751,Suspect_2600
S2601,245299,Suspect_2601
S2602,276129,Suspect_2602
S2603,50924,Suspect_2603
S2604,327000,Suspect_2604
S2605,193214,Suspect_2605
S2606,414046,Suspect_2606
S2607,172764,Suspect_2607
S2608,333518,Suspect_2608
S2609,108459,Suspect_2609
S2610,261377,Suspect_2610
S2611,286649,Suspect_2611
S2612,2535,Suspect_2612
S2613,417278,Suspect_2613
S2614,430678,Suspect_2614
S2615,447921,Suspect_2615
S2616,9131,Suspect_2616
S2617,393791,Suspect_2617
S2618,462002,Suspect_2618
S2619,217828,Suspect_2619
S2620,309693,Suspect_2620
S2621,57696,Suspect_2621
S2622,461393,Suspect_2622
S2623,9790,Suspect_2623
S2624,256787,Suspect_2624
S2625,416331,Suspect_2625
S2626,287328,Suspect_2626
S2627,226219,Suspect_2627
S2628,364685,Suspect_2628
S2629,346618,Suspect_2629
S2630,38622,Suspect_2630
S2631,104879,Suspect_2631
S2632,320392,Suspect_2632
S2633,396305,Suspect_2633
S2634,447125,Suspect_2634
S2635,470054,Suspect_2635
S2636,452061,Suspect_2636
S2637,63826,Suspect_2637
S2638,4987,Suspect_2638
S2639,178379,Suspect_2639
S2640,153919,Suspect_2640
S2641,455274,Suspect_2641
S2642,338727,Suspect_2642
S2643,91862,Suspect_2643
S2644,369484,Suspect_2644
S2645,48814,Suspect_2645
S2646,331693,Suspect_2646
S2647,413722,Suspect_2647
S2648,172851,Suspect_2648
S2649,351783,Suspect_2649
S2650,320199,Suspect_2650
S2651,410823,Suspect_2651
S2652,152506,Suspect_2652
S2653,152115,Suspect_2653
S2654,275265,Suspect_2654
S2655,143494,Suspect_2655
S2656,340870,Suspect_2656
S2657,186685,Suspect_2657
S2658,445257,Suspect_2658
S2659,266257,Suspect_2659
S2660,225341,Suspect_2660
S2661,320596,Suspect_2661
S2662,343538,Suspect_2662
S2663,61975,Suspect_2663
S2664,256122,Suspect_2664
S2665,94311,Suspect_2665
S2666,18862,Suspect_2666
S2667,409699,Suspect_2667
S2668,42399,Suspect_2668
S2669,114802,Suspect_2669
S2670,35125,Suspect_2670
S2671,315933,Suspect_2671
S2672,427820,Suspect_2672
S2673,385217,Suspect_2673
S2674,87247,Suspect_2674
S2675,301066,Suspect_2675
S2676,264836,Suspect_2676
S2677,169768,Suspect_2677
S2678,182729,Suspect_2678
S2679,260445,Suspect_2679
S2680,59686,Suspect_2680
S2681,390414,Suspect_2681
S2682,431902,Suspect_2682
S2683,238790,Suspect_2683
S2684,405862,Suspect_2684
S2685,332174,Suspect_2685
S2686,330215,Suspect_2686
S2687,45452,Suspect_2687
S2688,159664,Suspect_2688
S2689,377017,Suspect_2689
S2690,475940,Suspect_2690
S2691,279625,Suspect_2691
S2692,426257,Suspect_2692
S2693,279467,Suspect_2693
S2694,156615,Suspect_2694
S2695,183451,Suspect_2695
S2696,43685,Suspect_2696
S2697,407623,Suspect_2697
S2698,117768,Suspect_2698
S2699,410627,Suspect_2699
S2700,420223,Suspect_2700
S2701,198586,Suspect_2701
S2702,26547,Suspect_2702
S2703,238109,Suspect_2703
S2704,470252,Suspect_2704
S2705,187118,Suspect_2705
S2706,257065,Suspect_2706
S2707,490466,Suspect_2707
S2708,331826,Suspect_2708
S2709,31144,Suspect_2709
S2710,406660,Suspect_2710
S2711,207114,Suspect_2711
S2712,255599,Suspect_2712
S2713,293875,Suspect_2713
S2714,325640,Suspect_2714
S2715,425638,Suspect_2715
S2716,362778,Suspect_2716
S2717,122041,Suspect_2717
S2718,277244,Suspect_2718
S2719,460819,Suspect_2719
S2720,451166,Suspect_2720
S2721,229398,Suspect_2721
S2722,80870,Suspect_2722
S2723,305123,Suspect_2723
S2724,421868,Suspect_2724
S2725,391239,Suspect_2725
S2726,111195,Suspect_2726
S2727,287358,Suspect_2727
S2728,86714,Suspect_2728
S2729,347520,Suspect_2729
S2730,400852,Suspect_2730
S2731,238986,Suspect_2731
S2732,107105,Suspect_2732
S2733,339829,Suspect_2733
S2734,469592,Suspect_2734
S2735,197379,Suspect_2735
S2736,275076,Suspect_2736
S2737,15334,Suspect_2737
S2738,209660,Suspect_2738
S2739,204543,Suspect_2739
S2740,473185,Suspect_2740
S2741,426903,Suspect_2741
S2742,483677,Suspect_2742
S2743,27345,Suspect_2743
S2744,197882,Suspect_2744
S2745,206189,Suspect_2745
S2746,336908,Suspect_2746
S2747,27975,Suspect_2747
S2748,442678,Suspect_2748
S2749,303454,Suspect_2749
S2750,304643,Suspect_2750
S2751,315898,Suspect_2751
S2752,318204,Suspect_2752
S2753,329153,Suspect_2753
S2754,64943,Suspect_2754
S2755,84947,Suspect_2755
S2756,93480,Suspect_2756
S2757,155035,Suspect_2757
S2758,400929,Suspect_2758
S2759,167500,Suspect_2759
S2760,140979,Suspect_2760
S2761,223871,Suspect_2761
S2762,432580,Suspect_2762
S2763,363696,Suspect_2763
S2764,67682,Suspect_2764
S2765,487332,Suspect_2765
S2766,25229,Suspect_2766
S2767,72589,Suspect_2767
S2768,105772,Suspect_2768
S2769,152094,Suspect_2769
S2770,249603,Suspect_2770
S2771,253737,Suspect_2771
S2772,111408,Suspect_2772
S2773,159539,Suspect_2773
S2774,92124,Suspect_2774
S2775,383605,Suspect_2775
S2776,77391,Suspect_2776
S2777,241756,Suspect_2777
S2778,194580,Suspect_2778
S2779,21770,Suspect_2779
S2780,340948,Suspect_2780
S2781,307637,Suspect_2781
S2782,174111,Suspect_2782
S2783,440921,Suspect_2783
S2784,419141,Suspect_2784
S2785,357231,Suspect_2785
S2786,340699,Suspect_2786
S2787,106679,Suspect_2787
S2788,352150,Suspect_2788
S2789,5795,Suspect_2789
S2790,419325,Suspect_2790
S2791,81841,Suspect_2791
S2792,356515,Suspect_2792
S2793,452947,Suspect_2793
S2794,186550,Suspect_2794
S2795,404516,Suspect_2795
S2796,480821,Suspect_2796
S2797,54521,Suspect_2797
S2798,123601,Suspect_2798
S2799,146064,Suspect_2799
S2800,141249,Suspect_2800
S2801,213688,Suspect_2801
S2802,332808,Suspect_2802
S2803,342992,Suspect_2803
S2804,252730,Suspect_2804
S2805,418836,Suspect_2805
S2806,428666,Suspect_2806
S2807,481697,Suspect_2807
S2808,231637,Suspect_2808
S2809,198234,Suspect_2809
S2810,100055,Suspect_2810
S2811,70053,Suspect_2811
S2812,453655,Suspect_2812
S2813,37385,Suspect_2813
S2814,468448,Suspect_2814
S2815,62902,Suspect_2815
S2816,158693,Suspect_2816
S2817,166822,Suspect_2817
S2818,372550,Suspect_2818
S2819,70262,Suspect_2819
S2820,499480,Suspect_2820
S2821,306735,Suspect_2821
S2822,288730,Suspect_2822
S2823,333064,Suspect_2823
S2824,92412,Suspect_2824
S2825,269078,Suspect_2825
S2826,105692,Suspect_2826
S2827,1106,Suspect_2827
S2828,98903,Suspect_2828
S2829,149178,Suspect_2829
S2830,417707,Suspect_2830
S2831,496448,Suspect_2831
S2832,354322,Suspect_2832
S2833,15432,Suspect_2833
S2834,367794,Suspect_2834
S2835,182797,Suspect_2835
S2836,447239,Suspect_2836
S2837,247692,Suspect_2837
S2838,242877,Suspect_2838
S2839,228047,Suspect_2839
S2840,305934,Suspect_2840
S2841,390956,Suspect_2841
S2842,38911,Suspect_2842
S2843,82695,Suspect_2843
S2844,333090,Suspect_2844
S2845,219213,Suspect_2845
S2846,241873,Suspect_2846
S2847,258287,Suspect_2847
S2848,72275,Suspect_2848
S2849,186492,Suspect_2849
S2850,428809,Suspect_2850
S2851,467820,Suspect_2851
S2852,444900,Suspect_2852
S2853,233888,Suspect_2853
S2854,124992,Suspect_2854
S2855,427473,Suspect_2855
S2856,370240,Suspect_2856
S2857,273132,Suspect_2857
S2858,271178,Suspect_2858
S2859,389557,Suspect_2859
S2860,430181,Suspect_2860
S2861,47131,Suspect_2861
S2862,387881,Suspect_2862
S2863,491037,Suspect_2863
S2864,328928,Suspect_2864
S2865,91647,Suspect_2865
S2866,340894,Suspect_2866
S2867,286355,Suspect_2867
S2868,330763,Suspect_2868
S2869,363931,Suspect_2869
S2870,111932,Suspect_2870
S2871,459753,Suspect_2871
S2872,20159,Suspect_2872
S2873,73930,Suspect_2873
S2874,247007,Suspect_2874
S2875,91933,Suspect_2875
S2876,497633,Suspect_2876
S2877,450105,Suspect_2877
S2878,456904,Suspect_2878
S2879,219028,Suspect_2879
S2880,268113,Suspect_2880
S2881,409701,Suspect_2881
S2882,154720,Suspect_2882
S2883,33385,Suspect_2883
S2884,68364,Suspect_2884
S2885,239440,Suspect_2885
S2886,405983,Suspect_2886
S2887,125727,Suspect_2887
S2888,237101,Suspect_2888
S2889,462872,Suspect_2889
S2890,13853,Suspect_2890
S2891,149049,Suspect_2891
S2892,156553,Suspect_2892
S2893,390452,Suspect_2893
S2894,181847,Suspect_2894
S2895,427023,Suspect_2895
S2896,219686,Suspect_2896
S2897,285459,Suspect_2897
S2898,473976,Suspect_2898
S2899,188314,Suspect_2899
S2900,141832,Suspect_2900
S2901,373214,Suspect_2901
S2902,247897,Suspect_2902
S2903,82520,Suspect_2903
S2904,72164,Suspect_2904
S2905,188810,Suspect_2905
S2906,359092,Suspect_2906
S2907,239422,Suspect_2907
S2908,294858,Suspect_2908
S2909,31939,Suspect_2909
S2910,265680,Suspect_2910
S2911,333732,Suspect_2911
S2912,389366,Suspect_2912
S2913,435100,Suspect_2913
S2914,418096,Suspect_2914
S2915,181920,Suspect_2915
S2916,497486,Suspect_2916
S2917,9273,Suspect_2917
S2918,219429,Suspect_2918
S2919,191181,Suspect_2919
S2920,362414,Suspect_2920
S2921,381502,Suspect_2921
S2922,313871,Suspect_2922
S2923,438610,Suspect_2923
S2924,471675,Suspect_2924
S2925,212857,Suspect_2925
S2926,457676,Suspect_2926
S2927,290283,Suspect_2927
S2928,302507,Suspect_2928
S2929,268406,Suspect_2929
S2930,135901,Suspect_2930
S2931,346984,Suspect_2931
S2932,348775,Suspect_2932
S2933,496023,Suspect_2933
S2934,444009,Suspect_2934
S2935,90131,Suspect_2935
S2936,353895,Suspect_2936
S2937,41939,Suspect_2937
S2938,21933,Suspect_2938
S2939,316144,Suspect_2939
S2940,491959,Suspect_2940
S2941,438135,Suspect_2941
S2942,147297,Suspect_2942
S2943,180218,Suspect_2943
S2944,158713,Suspect_2944
S2945,194017,Suspect_2945
S2946,51428,Suspect_2946
S2947,395856,Suspect_2947
S2948,312381,Suspect_2948
S2949,185467,Suspect_2949
S2950,185726,Suspect_2950
S2951,424003,Suspect_2951
S2952,440683,Suspect_2952
S2953,481997,Suspect_2953
S2954,94323,Suspect_2954
S2955,442653,Suspect_2955
S2956,52222,Suspect_2956
S2957,387282,Suspect_2957
S2958,212402,Suspect_2958
S2959,357794,Suspect_2959
S2960,182271,Suspect_2960
S2961,10551,Suspect_2961
S2962,459042,Suspect_2962
S2963,419664,Suspect_2963
S2964,454296,Suspect_2964
S2965,311923,Suspect_2965
S2966,365447,Suspect_2966
S2967,149404,Suspect_2967
S2968,158843,Suspect_2968
S2969,490596,Suspect_2969
S2970,494716,Suspect_2970
S2971,385129,Suspect_2971
S2972,19165,Suspect_2972
S2973,291358,Suspect_2973
S2974,124323,Suspect_2974
S2975,383817,Suspect_2975
S2976,135564,Suspect_2976
S2977,294452,Suspect_2977
S2978,120785,Suspect_2978
S2979,302115,Suspect_2979
S2980,182964,Suspect_2980
S2981,22001,Suspect_2981
S2982,241669,Suspect_2982
S2983,382032,Suspect_2983
S2984,353954,Suspect_2984
S2985,98254,Suspect_2985
S2986,459601,Suspect_2986
S2987,58870,Suspect_2987
S2988,465843,Suspect_2988
S2989,438755,Suspect_2989
S2990,222865,Suspect_2990
S2991,233887,Suspect_2991
S2992,394311,Suspect_2992
S2993,257340,Suspect_2993
S2994,201611,Suspect_2994
S2995,23876,Suspect_2995
S2996,46938,Suspect_2996
S2997,339138,Suspect_2997
S2998,436612,Suspect_2998
S2999,36157,Suspect_2999
S3000,13684,Suspect_3000
S3001,273373,Suspect_3001
S3002,363673,Suspect_3002
S3003,318040,Suspect_3003
S3004,483687,Suspect_3004
S3005,280856,Suspect_3005
S3006,249377,Suspect_3006
S3007,389223,Suspect_3007
S3008,82308,Suspect_3008
S3009,332082,Suspect_3009
S3010,495859,Suspect_3010
S3011,81882,Suspect_3011
S3012,137990,Suspect_3012
S3013,333339,Suspect_3013
S3014,488651,Suspect_3014
S3015,369025,Suspect_3015
S3016,234797,Suspect_3016
S3017,365090,Suspect_3017
S3018,289796,Suspect_3018
S3019,204321,Suspect_3019
S3020,497700,Suspect_3020
S3021,487677,Suspect_3021
S3022,388341,Suspect_3022
S3023,299433,Suspect_3023
S3024,388219,Suspect_3024
S3025,186500,Suspect_3025
S3026,275867,Suspect_3026
S3027,378537,Suspect_3027
S3028,14603,Suspect_3028
S3029,306309,Suspect_3029
S3030,149917,Suspect_3030
S3031,363913,Suspect_3031
S3032,495055,Suspect_3032
S3033,380347,Suspect_3033
S3034,341288,Suspect_3034
S3035,331138,Suspect_3035
S3036,137161,Suspect_3036
S3037,225867,Suspect_3037
S3038,417518,Suspect_3038
S3039,464307,Suspect_3039
S3040,82759,Suspect_3040
S3041,418602,Suspect_3041
S3042,316932,Suspect_3042
S3043,188984,Suspect_3043
S3044,132610,Suspect_3044
S3045,268664,Suspect_3045
S3046,69578,Suspect_3046
S3047,378123,Suspect_3047
S3048,200506,Suspect_3048
S3049,406361,Suspect_3049
S3050,236268,Suspect_3050
S3051,113776,Suspect_3051
S3052,327608,Suspect_3052
S3053,483129,Suspect_3053
S3054,481463,Suspect_3054
S3055,326474,Suspect_3055
S3056,91416,Suspect_3056
S3057,236307,Suspect_3057
S3058,409617,Suspect_3058
S3059,55123,Suspect_3059
S3060,303271,Suspect_3060
S3061,19256,Suspect_3061
S3062,486641,Suspect_3062
S3063,234423,Suspect_3063
S3064,320701,Suspect_3064
S3065,188015,Suspect_3065
S3066,21059,Suspect_3066
S3067,106988,Suspect_3067
S3068,378788,Suspect_3068
S3069,389128,Suspect_3069
S3070,307359,Suspect_3070
S3071,166642,Suspect_3071
S3072,207557,Suspect_3072
S3073,424494,Suspect_3073
S3074,262968,Suspect_3074
S3075,488949,Suspect_3075
S3076,286277,Suspect_3076
S3077,115522,Suspect_3077
S3078,444258,Suspect_3078
S3079,427653,Suspect_3079
S3080,28066,Suspect_3080
S3081,86648,Suspect_3081
S3082,257112,Suspect_3082
S3083,223645,Suspect_3083
S3084,147877,Suspect_3084
S3085,360575,Suspect_3085
S3086,447997,Suspect_3086
S3087,270713,Suspect_3087
S3088,189976,Suspect_3088
S3089,82439,Suspect_3089
S3090,191743,Suspect_3090
S3091,476575,Suspect_3091
S3092,187021,Suspect_3092
S3093,201961,Suspect_3093
S3094,33600,Suspect_3094
S3095,169033,Suspect_3095
S3096,362819,Suspect_3096
S3097,133369,Suspect_3097
S3098,77600,Suspect_3098
S3099,463474,Suspect_3099
S3100,497915,Suspect_3100
S3101,264347,Suspect_3101
S3102,240252,Suspect_3102
S3103,482641,Suspect_3103
S3104,181440,Suspect_3104
S3105,163502,Suspect_3105
S3106,408281,Suspect_3106
S3107,57449,Suspect_3107
S3108,215342,Suspect_3108
S3109,320874,Suspect_3109
S3110,41587,Suspect_3110
S3111,184464,Suspect_3111
S3112,427577,Suspect_3112
S3113,13645,Suspect_3113
S3114,333796,Suspect_3114
S3115,147261,Suspect_3115
S3116,409022,Suspect_3116
S3117,430670,Suspect_3117
S3118,427323,Suspect_3118
S3119,119488,Suspect_3119
S3120,143479,Suspect_3120
S3121,220925,Suspect_3121
S3122,96194,Suspect_3122
S3123,29499,Suspect_3123
S3124,130603,Suspect_3124
S3125,249016,Suspect_3125
S3126,108798,Suspect_3126
S3127,240634,Suspect_3127
S3128,387496,Suspect_3128
S3129,319379,Suspect_3129
S3130,474586,Suspect_3130
S3131,459853,Suspect_3131
S3132,411182,Suspect_3132
S3133,440734,Suspect_3133
S3134,89868,Suspect_3134
S3135,415257,Suspect_3135
S3136,447315,Suspect_3136
S3137,320619,Suspect_3137
S3138,310839,Suspect_3138
S3139,42638,Suspect_3139
S3140,300747,Suspect_3140
S3141,223891,Suspect_3141
S3142,494872,Suspect_3142
S3143,132197,Suspect_3143
S3144,33803,Suspect_3144
S3145,270805,Suspect_3145
S3146,105379,Suspect_3146
S3147,37724,Suspect_3147
S3148,351324,Suspect_3148
S3149,305893,Suspect_3149
S3150,326638,Suspect_3150
S3151,252621,Suspect_3151
S3152,313020,Suspect_3152
S3153,94909,Suspect_3153
S3154,19809,Suspect_3154
S3155,178461,Suspect_3155
S3156,369735,Suspect_3156
S3157,224681,Suspect_3157
S3158,283271,Suspect_3158
S3159,35217,Suspect_3159
S3160,346885,Suspect_3160
S3161,22846,Suspect_3161
S3162,262913,Suspect_3162
S3163,156555,Suspect_3163
S3164,481,Suspect_3164
S3165,325624,Suspect_3165
S3166,350276,Suspect_3166
S3167,260641,Suspect_3167
S3168,412092,Suspect_3168
S3169,340247,Suspect_3169
S3170,164647,Suspect_3170
S3171,389435,Suspect_3171
S3172,402163,Suspect_3172
S3173,189217,Suspect_3173
S3174,443351,Suspect_3174
S3175,106261,Suspect_3175
S3176,79920,Suspect_3176
S3177,369848,Suspect_3177
S3178,250184,Suspect_3178
S3179,212973,Suspect_3179
S3180,462853,Suspect_3180
S3181,322582,Suspect_3181
S3182,400532,Suspect_3182
S3183,106679,Suspect_3183
S3184,371474,Suspect_3184
S3185,19712,Suspect_3185
S3186,144442,Suspect_3186
S3187,458424,Suspect_3187
S3188,323460,Suspect_3188
S3189,82927,Suspect_3189
S3190,15500,Suspect_3190
S3191,204531,Suspect_3191
S3192,142427,Suspect_3192
S3193,147265,Suspect_3193
S3194,357748,Suspect_3194
S3195,54900,Suspect_3195
S3196,467246,Suspect_3196
S3197,336344,Suspect_3197
S3198,74948,Suspect_3198
S3199,125721,Suspect_3199
S3200,1728,Suspect_3200
S3201,396823,Suspect_3201
S3202,192435,Suspect_3202
S3203,246646,Suspect_3203
S3204,414586,Suspect_3204
S3205,335328,Suspect_3205
S3206,324713,Suspect_3206
S3207,373507,Suspect_3207
S3208,80264,Suspect_3208
S3209,98827,Suspect_3209
S3210,304837,Suspect_3210
S3211,233742,Suspect_3211
S3212,250067,Suspect_3212
S3213,239777,Suspect_3213
S3214,466639,Suspect_3214
S3215,491265,Suspect_3215
S3216,82814,Suspect_3216
S3217,45534,Suspect_3217
S3218,367900,Suspect_3218
S3219,238318,Suspect_3219
S3220,205671,Suspect_3220
S3221,39582,Suspect_3221
S3222,228201,Suspect_3222
S3223,198186,Suspect_3223
S3224,153596,Suspect_3224
S3225,414776,Suspect_3225
S3226,68867,Suspect_3226
S3227,374025,Suspect_3227
S3228,207930,Suspect_3228
S3229,160250,Suspect_3229
S3230,243798,Suspect_3230
S3231,250017,Suspect_3231
S3232,49080,Suspect_3232
S3233,74986,Suspect_3233
S3234,241840,Suspect_3234
S3235,351511,Suspect_3235
S3236,335530,Suspect_3236
S3237,114423,Suspect_3237
S3238,456114,Suspect_3238
S3239,470270,Suspect_3239
S3240,420387,Suspect_3240
S3241,169300,Suspect_3241
S3242,145181,Suspect_3242
S3243,192769,Suspect_3243
S3244,261944,Suspect_3244
S3245,298141,Suspect_3245
S3246,159959,Suspect_3246
S3247,42989,Suspect_3247
S3248,466632,Suspect_3248
S3249,10445,Suspect_3249
S3250,270087,Suspect_3250
S3251,390605,Suspect_3251
S3252,91252,Suspect_3252
S3253,338892,Suspect_3253
S3254,267798,Suspect_3254
S3255,346959,Suspect_3255
S3256,59178,Suspect_3256
S3257,54895,Suspect_3257
S3258,402868,Suspect_3258
S3259,381559,Suspect_3259
S3260,228112,Suspect_3260
S3261,401195,Suspect_3261
S3262,380548,Suspect_3262
S3263,462993,Suspect_3263
S3264,430341,Suspect_3264
S3265,297312,Suspect_3265
S3266,62982,Suspect_3266
S3267,172800,Suspect_3267
S3268,79669,Suspect_3268
S3269,193300,Suspect_3269
S3270,449673,Suspect_3270
S3271,27211,Suspect_3271
S3272,65889,Suspect_3272
S3273,97708,Suspect_3273
S3274,71626,Suspect_3274
S3275,164074,Suspect_3275
S3276,81545,Suspect_3276
S3277,53244,Suspect_3277
S3278,421635,Suspect_3278
S3279,56840,Suspect_3279
S3280,35712,Suspect_3280
S3281,387678,Suspect_3281
S3282,221666,Suspect_3282
S3283,242667,Suspect_3283
S3284,58103,Suspect_3284
S3285,36702,Suspect_3285
S3286,156233,Suspect_3286
S3287,115496,Suspect_3287
S3288,255137,Suspect_3288
S3289,374053,Suspect_3289
S3290,145770,Suspect_3290
S3291,32356,Suspect_3291
S3292,451248,Suspect_3292
S3293,22029,Suspect_3293
S3294,405117,Suspect_3294
S3295,389953,Suspect_3295
S3296,473220,Suspect_3296
S3297,59933,Suspect_3297
S3298,52999,Suspect_3298
S3299,394339,Suspect_3299
S3300,5220,Suspect_3300
S3301,107241,Suspect_3301
S3302,349884,Suspect_3302
S3303,338630,Suspect_3303
S3304,87656,Suspect_3304
S3305,252822,Suspect_3305
S3306,265932,Suspect_3306
S3307,143061,Suspect_3307
S3308,355806,Suspect_3308
S3309,488305,Suspect_3309
S3310,334809,Suspect_3310
S3311,213435,Suspect_3311
S3312,17586,Suspect_3312
S3313,116229,Suspect_3313
S3314,411745,Suspect_3314
S3315,184936,Suspect_3315
S3316,189288,Suspect_3316
S3317,494767,Suspect_3317
S3318,373643,Suspect_3318
S3319,121553,Suspect_3319
S3320,229699,Suspect_3320
S3321,443978,Suspect_3321
S3322,447615,Suspect_3322
S3323,234713,Suspect_3323
S3324,463866,Suspect_3324
S3325,249042,Suspect_3325
S3326,419267,Suspect_3326
S3327,227693,Suspect_3327
S3328,156251,Suspect_3328
S3329,212603,Suspect_3329
S3330,484947,Suspect_3330
S3331,284904,Suspect_3331
S3332,203054,Suspect_3332
S3333,490500,Suspect_3333
S3334,188306,Suspect_3334
S3335,188202,Suspect_3335
S3336,482611,Suspect_3336
S3337,499742,Suspect_3337
S3338,387806,Suspect_3338
S3339,145611,Suspect_3339
S3340,427315,Suspect_3340
S3341,93404,Suspect_3341
S3342,276777,Suspect_3342
S3343,28812,Suspect_3343
S3344,7139,Suspect_3344
S3345,406440,Suspect_3345
S3346,431661,Suspect_3346
S3347,181793,Suspect_3347
S3348,224570,Suspect_3348
S3349,390729,Suspect_3349
S3350,228613,Suspect_3350
S3351,226711,Suspect_3351
S3352,250367,Suspect_3352
S3353,246207,Suspect_3353
S3354,663,Suspect_3354
S3355,13564,Suspect_3355
S3356,317532,Suspect_3356
S3357,287714,Suspect_3357
S3358,171791,Suspect_3358
S3359,316169,Suspect_3359
S3360,485055,Suspect_3360
S3361,369301,Suspect_3361
S3362,301191,Suspect_3362
S3363,199720,Suspect_3363
S3364,421147,Suspect_3364
S3365,296843,Suspect_3365
S3366,123605,Suspect_3366
S3367,496961,Suspect_3367
S3368,268837,Suspect_3368
S3369,374302,Suspect_3369
S3370,428131,Suspect_3370
S3371,179231,Suspect_3371
S3372,123936,Suspect_3372
S3373,335394,Suspect_3373
S3374,406401,Suspect_3374
S3375,2321,Suspect_3375
S3376,313999,Suspect_3376
S3377,345896,Suspect_3377
S3378,93902,Suspect_3378
S3379,368360,Suspect_3379
S3380,205174,Suspect_3380
S3381,146910,Suspect_3381
S3382,149248,Suspect_3382
S3383,10328,Suspect_3383
S3384,179407,Suspect_3384
S3385,187757,Suspect_3385
S3386,479841,Suspect_3386
S3387,273836,Suspect_3387
S3388,292678,Suspect_3388
S3389,477187,Suspect_3389
S3390,64405,Suspect_3390
S3391,397662,Suspect_3391
S3392,140209,Suspect_3392
S3393,2899,Suspect_3393
S3394,104033,Suspect_3394
S3395,381882,Suspect_3395
S3396,179889,Suspect_3396
S3397,428399,Suspect_3397
S3398,439052,Suspect_3398
S3399,293266,Suspect_3399
S3400,23335,Suspect_3400
S3401,221705,Suspect_3401
S3402,366597,Suspect_3402
S3403,34122,Suspect_3403
S3404,102912,Suspect_3404
S3405,393040,Suspect_3405
S3406,375571,Suspect_3406
S3407,217233,Suspect_3407
S3408,230978,Suspect_3408
S3409,381054,Suspect_3409
S3410,24862,Suspect_3410
S3411,460515,Suspect_3411
S3412,3279,Suspect_3412
S3413,86573,Suspect_3413
S3414,215531,Suspect_3414
S3415,294959,Suspect_3415
S3416,314013,Suspect_3416
S3417,364891,Suspect_3417
S3418,418606,Suspect_3418
S3419,373581,Suspect_3419
S3420,275058,Suspect_3420
S3421,286252,Suspect_3421
S3422,429361,Suspect_3422
S3423,95791,Suspect_3423
S3424,374259,Suspect_3424
S3425,165886,Suspect_3425
S3426,377285,Suspect_3426
S3427,343121,Suspect_3427
S3428,42461,Suspect_3428
S3429,188933,Suspect_3429
S3430,312746,Suspect_3430
S3431,232988,Suspect_3431
S3432,213256,Suspect_3432
S3433,30570,Suspect_3433
S3434,355456,Suspect_3434
S3435,447613,Suspect_3435
S3436,446653,Suspect_3436
S3437,102123,Suspect_3437
S3438,324533,Suspect_3438
S3439,196309,Suspect_3439
S3440,6982,Suspect_3440
S3441,80031,Suspect_3441
S3442,345871,Suspect_3442
S3443,22366,Suspect_3443
S3444,327977,Suspect_3444
S3445,170039,Suspect_3445
S3446,204322,Suspect_3446
S3447,239236,Suspect_3447
S3448,415976,Suspect_3448
S3449,1957,Suspect_3449
S3450,175944,Suspect_3450
S3451,430331,Suspect_3451
S3452,400900,Suspect_3452
S3453,293965,Suspect_3453
S3454,138145,Suspect_3454
S3455,442879,Suspect_3455
S3456,1701,Suspect_3456
S3457,397290,Suspect_3457
S3458,82324,Suspect_3458
S3459,34403,Suspect_3459
S3460,54867,Suspect_3460
S3461,78941,Suspect_3461
S3462,303346,Suspect_3462
S3463,10916,Suspect_3463
S3464,139704,Suspect_3464
S3465,119159,Suspect_3465
S3466,30423,Suspect_3466
S3467,114207,Suspect_3467
S3468,129814,Suspect_3468
S3469,357040,Suspect_3469
S3470,447366,Suspect_3470
S3471,85671,Suspect_3471
S3472,400708,Suspect_3472
S3473,155155,Suspect_3473
S3474,330653,Suspect_3474
S3475,492335,Suspect_3475
S3476,478302,Suspect_3476
S3477,14677,Suspect_3477
S3478,417425,Suspect_3478
S3479,438067,Suspect_3479
S3480,479007,Suspect_3480
S3481,308061,Suspect_3481
S3482,170195,Suspect_3482
S3483,70751,Suspect_3483
S3484,464009,Suspect_3484
S3485,113229,Suspect_3485
S3486,286833,Suspect_3486
S3487,241074,Suspect_3487
S3488,325465,Suspect_3488
S3489,392840,Suspect_3489
S3490,90216,Suspect_3490
S3491,310197,Suspect_3491
S3492,272953,Suspect_3492
S3493,219016,Suspect_3493
S3494,373342,Suspect_3494
S3495,90364,Suspect_3495
S3496,258149,Suspect_3496
S3497,409771,Suspect_3497
S3498,11293,Suspect_3498
S3499,408539,Suspect_3499
S3500,161207,Suspect_3500
S3501,204063,Suspect_3501
S3502,212141,Suspect_3502
S3503,75992,Suspect_3503
S3504,210114,Suspect_3504
S3505,405438,Suspect_3505
S3506,264499,Suspect_3506
S3507,217041,Suspect_3507
S3508,494731,Suspect_3508
S3509,442732,Suspect_3509
S3510,179947,Suspect_3510
S3511,117149,Suspect_3511
S3512,170418,Suspect_3512
S3513,186664,Suspect_3513
S3514,448890,Suspect_3514
S3515,408163,Suspect_3515
S3516,47486,Suspect_3516
S3517,348643,Suspect_3517
S3518,444068,Suspect_3518
S3519,352391,Suspect_3519
S3520,465270,Suspect_3520
S3521,435572,Suspect_3521
S3522,475136,Suspect_3522
S3523,442142,Suspect_3523
S3524,396562,Suspect_3524
S3525,315682,Suspect_3525
S3526,171565,Suspect_3526
S3527,432389,Suspect_3527
S3528,482632,Suspect_3528
S3529,248287,Suspect_3529
S3530,231162,Suspect_3530
S3531,215250,Suspect_3531
S3532,312854,Suspect_3532
S3533,105076,Suspect_3533
S3534,182807,Suspect_3534
S3535,116926,Suspect_3535
S3536,172438,Suspect_3536
S3537,136922,Suspect_3537
S3538,156694,Suspect_3538
S3539,319662,Suspect_3539
S3540,236042,Suspect_3540
S3541,315741,Suspect_3541
S3542,185884,Suspect_3542
S3543,398767,Suspect_3543
S3544,169558,Suspect_3544
S3545,200260,Suspect_3545
S3546,449252,Suspect_3546
S3547,370998,Suspect_3547
S3548,187930,Suspect_3548
S3549,148592,Suspect_3549
S3550,266927,Suspect_3550
S3551,51111,Suspect_3551
S3552,248503,Suspect_3552
S3553,229716,Suspect_3553
S3554,172250,Suspect_3554
S3555,349784,Suspect_3555
S3556,411643,Suspect_3556
S3557,318662,Suspect_3557
S3558,207971,Suspect_3558
S3559,335980,Suspect_3559
S3560,112797,Suspect_3560
S3561,82089,Suspect_3561
S3562,216213,Suspect_3562
S3563,129027,Suspect_3563
S3564,466735,Suspect_3564
S3565,442021,Suspect_3565
S3566,181825,Suspect_3566
S3567,61588,Suspect_3567
S3568,4551,Suspect_3568
S3569,272079,Suspect_3569
S3570,44307,Suspect_3570
S3571,366857,Suspect_3571
S3572,200561,Suspect_3572
S3573,81271,Suspect_3573
S3574,470897,Suspect_3574
S3575,82659,Suspect_3575
S3576,80112,Suspect_3576
S3577,323594,Suspect_3577
S3578,449183,Suspect_3578
S3579,342168,Suspect_3579
S3580,250344,Suspect_3580
S3581,121411,Suspect_3581
S3582,112886,Suspect_3582
S3583,424622,Suspect_3583
S3584,259596,Suspect_3584
S3585,213928,Suspect_3585
S3586,476593,Suspect_3586
S3587,158186,Suspect_3587
S3588,450199,Suspect_3588
S3589,195138,Suspect_3589
S3590,189802,Suspect_3590
S3591,471093,Suspect_3591
S3592,414346,Suspect_3592
S3593,293326,Suspect_3593
S3594,431958,Suspect_3594
S3595,442261,Suspect_3595
S3596,74039,Suspect_3596
S3597,473638,Suspect_3597
S3598,345559,Suspect_3598
S3599,49576,Suspect_3599
S3600,211042,Suspect_3600
S3601,19397,Suspect_3601
S3602,132394,Suspect_3602
S3603,39288,Suspect_3603
S3604,340317,Suspect_3604
S3605,260878,Suspect_3605
S3606,353319,Suspect_3606
S3607,96239,Suspect_3607
S3608,148746,Suspect_3608
S3609,336720,Suspect_3609
S3610,400946,Suspect_3610
S3611,361380,Suspect_3611
S3612,17350,Suspect_3612
S3613,362527,Suspect_3613
S3614,304825,Suspect_3614
S3615,378756,Suspect_3615
S3616,394139,Suspect_3616
S3617,135357,Suspect_3617
S3618,374777,Suspect_3618
S3619,359051,Suspect_3619
S3620,1425,Suspect_3620
S3621,250464,Suspect_3621
S3622,2782,Suspect_3622
S3623,412275,Suspect_3623
S3624,470846,Suspect_3624
S3625,419130,Suspect_3625
S3626,17242,Suspect_3626
S3627,288930,Suspect_3627
S3628,468532,Suspect_3628
S3629,182674,Suspect_3629
S3630,316693,Suspect_3630
S3631,355783,Suspect_3631
S3632,341922,Suspect_3632
S3633,346728,Suspect_3633
S3634,398331,Suspect_3634
S3635,290071,Suspect_3635
S3636,453969,Suspect_3636
S3637,80360,Suspect_3637
S3638,184998,Suspect_3638
S3639,135151,Suspect_3639
S3640,85212,Suspect_3640
S3641,80367,Suspect_3641
S3642,236233,Suspect_3642
S3643,2111,Suspect_3643
S3644,200139,Suspect_3644
S3645,335115,Suspect_3645
S3646,170372,Suspect_3646
S3647,165851,Suspect_3647
S3648,29171,Suspect_3648
S3649,442893,Suspect_3649
S3650,379897,Suspect_3650
S3651,3163,Suspect_3651
S3652,160119,Suspect_3652
S3653,325310,Suspect_3653
S3654,199305,Suspect_3654
S3655,257707,Suspect_3655
S3656,5250,Suspect_3656
S3657,260968,Suspect_3657
S3658,91528,Suspect_3658
S3659,470832,Suspect_3659
S3660,112123,Suspect_3660
S3661,83079,Suspect_3661
S3662,65613,Suspect_3662
S3663,225678,Suspect_3663
S3664,303309,Suspect_3664
S3665,316817,Suspect_3665
S3666,172499,Suspect_3666
S3667,450638,Suspect_3667
S3668,250187,Suspect_3668
S3669,137090,Suspect_3669
S3670,243263,Suspect_3670
S3671,227379,Suspect_3671
S3672,365371,Suspect_3672
S3673,50717,Suspect_3673
S3674,278402,Suspect_3674
S3675,97722,Suspect_3675
S3676,74330,Suspect_3676
S3677,5529,Suspect_3677
S3678,182062,Suspect_3678
S3679,381649,Suspect_3679
S3680,270438,Suspect_3680
S3681,263760,Suspect_3681
S3682,226253,Suspect_3682
S3683,368099,Suspect_3683
S3684,413040,Suspect_3684
S3685,11082,Suspect_3685
S3686,216578,Suspect_3686
S3687,255919,Suspect_3687
S3688,336244,Suspect_3688
S3689,277320,Suspect_3689
S3690,397411,Suspect_3690
S3691,360337,Suspect_3691
S3692,109474,Suspect_3692
S3693,115210,Suspect_3693
S3694,241195,Suspect_3694
S3695,5189,Suspect_3695
S3696,454306,Suspect_3696
S3697,390508,Suspect_3697
S3698,412437,Suspect_3698
S3699,366941,Suspect_3699
S3700,289999,Suspect_3700
S3701,135878,Suspect_3701
S3702,316704,Suspect_3702
S3703,282197,Suspect_3703
S3704,276304,Suspect_3704
S3705,371523,Suspect_3705
S3706,82259,Suspect_3706
S3707,396528,Suspect_3707
S3708,304937,Suspect_3708
S3709,23469,Suspect_3709
S3710,228264,Suspect_3710
S3711,91598,Suspect_3711
S3712,282591,Suspect_3712
S3713,128665,Suspect_3713
S3714,146138,Suspect_3714
S3715,379553,Suspect_3715
S3716,207869,Suspect_3716
S3717,379539,Suspect_3717
S3718,308044,Suspect_3718
S3719,159536,Suspect_3719
S3720,297967,Suspect_3720
S3721,246529,Suspect_3721
S3722,116883,Suspect_3722
S3723,348820,Suspect_3723
S3724,393224,Suspect_3724
S3725,235457,Suspect_3725
S3726,5722,Suspect_3726
S3727,439152,Suspect_3727
S3728,353886,Suspect_3728
S3729,193767,Suspect_3729
S3730,165859,Suspect_3730
S3731,234178,Suspect_3731
S3732,274872,Suspect_3732
S3733,169266,Suspect_3733
S3734,24401,Suspect_3734
S3735,360857,Suspect_3735
S3736,222283,Suspect_3736
S3737,241830,Suspect_3737
S3738,152276,Suspect_3738
S3739,412405,Suspect_3739
S3740,258589,Suspect_3740
S3741,17087,Suspect_3741
S3742,219908,Suspect_3742
S3743,305530,Suspect_3743
S3744,300835,Suspect_3744
S3745,289101,Suspect_3745
S3746,327134,Suspect_3746
S3747,229527,Suspect_3747
S3748,148774,Suspect_3748
S3749,357042,Suspect_3749
S3750,493604,Suspect_3750
S3751,36517,Suspect_3751
S3752,62493,Suspect_3752
S3753,58214,Suspect_3753
S3754,28707,Suspect_3754
S3755,296421,Suspect_3755
S3756,122107,Suspect_3756
S3757,72995,Suspect_3757
S3758,399865,Suspect_3758
S3759,328909,Suspect_3759
S3760,210764,Suspect_3760
S3761,445055,Suspect_3761
S3762,66458,Suspect_3762
S3763,278900,Suspect_3763
S3764,113283,Suspect_3764
S3765,145701,Suspect_3765
S3766,352163,Suspect_3766
S3767,481461,Suspect_3767
S3768,78302,Suspect_3768
S3769,8024,Suspect_3769
S3770,432840,Suspect_3770
S3771,103456,Suspect_3771
S3772,431460,Suspect_3772
S3773,431157,Suspect_3773
S3774,223318,Suspect_3774
S3775,359981,Suspect_3775
S3776,102483,Suspect_3776
S3777,176300,Suspect_3777
S3778,268709,Suspect_3778
S3779,211153,Suspect_3779
S3780,111744,Suspect_3780
S3781,253092,Suspect_3781
S3782,478042,Suspect_3782
S3783,48927,Suspect_3783
S3784,53009,Suspect_3784
S3785,392371,Suspect_3785
S3786,66164,Suspect_3786
S3787,361206,Suspect_3787
S3788,54330,Suspect_3788
S3789,137442,Suspect_3789
S3790,444858,Suspect_3790
S3791,170625,Suspect_3791
S3792,294744,Suspect_3792
S3793,21739,Suspect_3793
S3794,252556,Suspect_3794
S3795,10151,Suspect_3795
S3796,242444,Suspect_3796
S3797,289434,Suspect_3797
S3798,87972,Suspect_3798
S3799,182191,Suspect_3799
S3800,252841,Suspect_3800
S3801,441339,Suspect_3801
S3802,71474,Suspect_3802
S3803,260357,Suspect_3803
S3804,386568,Suspect_3804
S3805,197559,Suspect_3805
S3806,43882,Suspect_3806
S3807,418611,Suspect_3807
S3808,343761,Suspect_3808
S3809,153106,Suspect_3809
S3810,280066,Suspect_3810
S3811,471003,Suspect_3811
S3812,148281,Suspect_3812
S3813,179352,Suspect_3813
S3814,226163,Suspect_3814
S3815,430417,Suspect_3815
S3816,125084,Suspect_3816
S3817,289100,Suspect_3817
S3818,173041,Suspect_3818
S3819,495571,Suspect_3819
S3820,95903,Suspect_3820
S3821,317603,Suspect_3821
S3822,475782,Suspect_3822
S3823,394654,Suspect_3823
S3824,256955,Suspect_3824
S3825,132616,Suspect_3825
S3826,365844,Suspect_3826
S3827,209422,Suspect_3827
S3828,334290,Suspect_3828
S3829,280610,Suspect_3829
S3830,4388,Suspect_3830
S3831,463056,Suspect_3831
S3832,276605,Suspect_3832
S3833,228725,Suspect_3833
S3834,417378,Suspect_3834
S3835,71437,Suspect_3835
S3836,465332,Suspect_3836
S3837,493433,Suspect_3837
S3838,59011,Suspect_3838
S3839,406098,Suspect_3839
S3840,255470,Suspect_3840
S3841,234953,Suspect_3841
S3842,370847,Suspect_3842
S3843,371168,Suspect_3843
S3844,47376,Suspect_3844
S3845,471370,Suspect_3845
S3846,185442,Suspect_3846
S3847,260531,Suspect_3847
S3848,373211,Suspect_3848
S3849,404035,Suspect_3849
S3850,495892,Suspect_3850
S3851,401397,Suspect_3851
S3852,104366,Suspect_3852
S3853,9968,Suspect_3853
S3854,192359,Suspect_3854
S3855,54842,Suspect_3855
S3856,293455,Suspect_3856
S3857,385304,Suspect_3857
S3858,349964,Suspect_3858
S3859,411785,Suspect_3859
S3860,416127,Suspect_3860
S3861,8341,Suspect_3861
S3862,297019,Suspect_3862
S3863,97777,Suspect_3863
S3864,346734,Suspect_3864
S3865,432699,Suspect_3865
S3866,126549,Suspect_3866
S3867,82433,Suspect_3867
S3868,22094,Suspect_3868
S3869,273408,Suspect_3869
S3870,185410,Suspect_3870
S3871,3848,Suspect_3871
S3872,408247,Suspect_3872
S3873,156664,Suspect_3873
S3874,208450,Suspect_3874
S3875,141880,Suspect_3875
S3876,288958,Suspect_3876
S3877,437245,Suspect_3877
S3878,280317,Suspect_3878
S3879,496316,Suspect_3879
S3880,432121,Suspect_3880
S3881,429629,Suspect_3881
S3882,243716,Suspect_3882
S3883,416612,Suspect_3883
S3884,496326,Suspect_3884
S3885,438368,Suspect_3885
S3886,121362,Suspect_3886
S3887,396941,Suspect_3887
S3888,439694,Suspect_3888
S3889,260017,Suspect_3889
S3890,308545,Suspect_3890
S3891,24839,Suspect_3891
S3892,226528,Suspect_3892
S3893,15463,Suspect_3893
S3894,311326,Suspect_3894
S3895,346591,Suspect_3895
S3896,83616,Suspect_3896
S3897,188914,Suspect_3897
S3898,403874,Suspect_3898
S3899,155105,Suspect_3899
S3900,263906,Suspect_3900
S3901,325291,Suspect_3901
S3902,449177,Suspect_3902
S3903,191127,Suspect_3903
S3904,497221,Suspect_3904
S3905,481890,Suspect_3905
S3906,275379,Suspect_3906
S3907,393649,Suspect_3907
S3908,138615,Suspect_3908
S3909,424689,Suspect_3909
S3910,390250,Suspect_3910
S3911,342958,Suspect_3911
S3912,110436,Suspect_3912
S3913,280691,Suspect_3913
S3914,146715,Suspect_3914
S3915,452081,Suspect_3915
S3916,130226,Suspect_3916
S3917,215855,Suspect_3917
S3918,31789,Suspect_3918
S3919,439372,Suspect_3919
S3920,203524,Suspect_3920
S3921,32755,Suspect_3921
S3922,325672,Suspect_3922
S3923,200059,Suspect_3923
S3924,49430,Suspect_3924
S3925,12102,Suspect_3925
S3926,282405,Suspect_3926
S3927,460651,Suspect_3927
S3928,37337,Suspect_3928
S3929,137312,Suspect_3929
S3930,309374,Suspect_3930
S3931,315988,Suspect_3931
S3932,228986,Suspect_3932
S3933,281269,Suspect_3933
S3934,409687,Suspect_3934
S3935,336013,Suspect_3935
S3936,7618,Suspect_3936
S3937,112851,Suspect_3937
S3938,417600,Suspect_3938
S3939,217193,Suspect_3939
S3940,112844,Suspect_3940
S3941,371189,Suspect_3941
S3942,180065,Suspect_3942
S3943,25031,Suspect_3943
S3944,268978,Suspect_3944
S3945,282318,Suspect_3945
S3946,75261,Suspect_3946
S3947,488298,Suspect_3947
S3948,451988,Suspect_3948
S3949,406165,Suspect_3949
S3950,179650,Suspect_3950
S3951,46815,Suspect_3951
S3952,51379,Suspect_3952
S3953,351868,Suspect_3953
S3954,102484,Suspect_3954
S3955,16402,Suspect_3955
S3956,71419,Suspect_3956
S3957,409920,Suspect_3957
S3958,21483,Suspect_3958
S3959,51818,Suspect_3959
S3960,368639,Suspect_3960
S3961,83646,Suspect_3961
S3962,159294,Suspect_3962
S3963,219895,Suspect_3963
S3964,200300,Suspect_3964
S3965,171976,Suspect_3965
S3966,283420,Suspect_3966
S3967,473493,Suspect_3967
S3968,157277,Suspect_3968
S3969,260830,Suspect_3969
S3970,320098,Suspect_3970
S3971,362327,Suspect_3971
S3972,496092,Suspect_3972
S3973,416017,Suspect_3973
S3974,181193,Suspect_3974
S3975,86702,Suspect_3975
S3976,370102,Suspect_3976
S3977,4085,Suspect_3977
S3978,425685,Suspect_3978
S3979,75089,Suspect_3979
S3980,494025,Suspect_3980
S3981,446340,Suspect_3981
S3982,124026,Suspect_3982
S3983,447605,Suspect_3983
S3984,190484,Suspect_3984
S3985,244978,Suspect_3985
S3986,173741,Suspect_3986
S3987,90944,Suspect_3987
S3988,297145,Suspect_3988
S3989,422754,Suspect_3989
S3990,88426,Suspect_3990
S3991,204146,Suspect_3991
S3992,219320,Suspect_3992
S3993,497182,Suspect_3993
S3994,197930,Suspect_3994
S3995,279944,Suspect_3995
S3996,34017,Suspect_3996
S3997,445765,Suspect_3997
S3998,385146,Suspect_3998
S3999,374117,Suspect_3999
S4000,291736,Suspect_4000
S4001,207886,Suspect_4001
S4002,234064,Suspect_4002
S4003,428969,Suspect_4003
S4004,30707,Suspect_4004
S4005,303828,Suspect_4005
S4006,265395,Suspect_4006
S4007,295037,Suspect_4007
S4008,48164,Suspect_4008
S4009,27983,Suspect_4009
S4010,134031,Suspect_4010
S4011,464426,Suspect_4011
S4012,38629,Suspect_4012
S4013,270280,Suspect_4013
S4014,308488,Suspect_4014
S4015,366926,Suspect_4015
S4016,339310,Suspect_4016
S4017,474623,Suspect_4017
S4018,492994,Suspect_4018
S4019,310126,Suspect_4019
S4020,363179,Suspect_4020
S4021,485260,Suspect_4021
S4022,186934,Suspect_4022
S4023,270324,Suspect_4023
S4024,132350,Suspect_4024
S4025,203354,Suspect_4025
S4026,78480,Suspect_4026
S4027,351336,Suspect_4027
S4028,302919,Suspect_4028
S4029,446607,Suspect_4029
S4030,253105,Suspect_4030
S4031,381782,Suspect_4031
S4032,456298,Suspect_4032
S4033,200754,Suspect_4033
S4034,197243,Suspect_4034
S4035,305889,Suspect_4035
S4036,185053,Suspect_4036
S4037,41985,Suspect_4037
S4038,407821,Suspect_4038
S4039,415480,Suspect_4039
S4040,378046,Suspect_4040
S4041,157461,Suspect_4041
S4042,99208,Suspect_4042
S4043,480988,Suspect_4043
S4044,122102,Suspect_4044
S4045,442017,Suspect_4045
S4046,199376,Suspect_4046
S4047,465986,Suspect_4047
S4048,307327,Suspect_4048
S4049,25368,Suspect_4049
S4050,92311,Suspect_4050
S4051,366274,Suspect_4051
S4052,424163,Suspect_4052
S4053,492566,Suspect_4053
S4054,449460,Suspect_4054
S4055,376316,Suspect_4055
S4056,261907,Suspect_4056
S4057,101927,Suspect_4057
S4058,221221,Suspect_4058
S4059,249760,Suspect_4059
S4060,24375,Suspect_4060
S4061,184803,Suspect_4061
S4062,375906,Suspect_4062
S4063,440127,Suspect_4063
S4064,492360,Suspect_4064
S4065,195724,Suspect_4065
S4066,426294,Suspect_4066
S4067,11399,Suspect_4067
S4068,160649,Suspect_4068
S4069,157801,Suspect_4069
S4070,142652,Suspect_4070
S4071,385846,Suspect_4071
S4072,14503,Suspect_4072
S4073,293316,Suspect_4073
S4074,267131,Suspect_4074
S4075,332417,Suspect_4075
S4076,278856,Suspect_4076
S4077,87888,Suspect_4077
S4078,358837,Suspect_4078
S4079,278666,Suspect_4079
S4080,253455,Suspect_4080
S4081,221563,Suspect_4081
S4082,148047,Suspect_4082
S4083,322725,Suspect_4083
S4084,110253,Suspect_4084
S4085,43585,Suspect_4085
S4086,418905,Suspect_4086
S4087,56470,Suspect_4087
S4088,12072,Suspect_4088
S4089,231202,Suspect_4089
S4090,163905,Suspect_4090
S4091,418947,Suspect_4091
S4092,311426,Suspect_4092
S4093,244003,Suspect_4093
S4094,213714,Suspect_4094
S4095,210698,Suspect_4095
S4096,368704,Suspect_4096
S4097,342213,Suspect_4097
S4098,325810,Suspect_4098
S4099,91744,Suspect_4099
S4100,226144,Suspect_4100
S4101,172967,Suspect_4101
S4102,173515,Suspect_4102
S4103,430376,Suspect_4103
S4104,223516,Suspect_4104
S4105,290815,Suspect_4105
S4106,186155,Suspect_4106
S4107,354369,Suspect_4107
S4108,466784,Suspect_4108
S4109,37634,Suspect_4109
S4110,82020,Suspect_4110
S4111,200656,Suspect_4111
S4112,152313,Suspect_4112
S4113,5294,Suspect_4113
S4114,26833,Suspect_4114
S4115,432990,Suspect_4115
S4116,185734,Suspect_4116
S4117,319719,Suspect_4117
S4118,158327,Suspect_4118
S4119,348122,Suspect_4119
S4120,51976,Suspect_4120
S4121,376765,Suspect_4121
S4122,167709,Suspect_4122
S4123,223989,Suspect_4123
S4124,371198,Suspect_4124
S4125,418820,Suspect_4125
S4126,380384,Suspect_4126
S4127,334927,Suspect_4127
S4128,119202,Suspect_4128
S4129,331213,Suspect_4129
S4130,363471,Suspect_4130
S4131,2863,Suspect_4131
S4132,256033,Suspect_4132
S4133,360802,Suspect_4133
S4134,93387,Suspect_4134
S4135,269334,Suspect_4135
S4136,489337,Suspect_4136
S4137,302735,Suspect_4137
S4138,384619,Suspect_4138
S4139,396595,Suspect_4139
S4140,161067,Suspect_4140
S4141,92956,Suspect_4141
S4142,57529,Suspect_4142
S4143,84669,Suspect_4143
S4144,411297,Suspect_4144
S4145,257892,Suspect_4145
S4146,450907,Suspect_4146
S4147,446293,Suspect_4147
S4148,415772,Suspect_4148
S4149,419648,Suspect_4149
S4150,85505,Suspect_4150
S4151,146417,Suspect_4151
S4152,133600,Suspect_4152
S4153,266379,Suspect_4153
S4154,202436,Suspect_4154
S4155,75699,Suspect_4155
S4156,236961,Suspect_4156
S4157,385010,Suspect_4157
S4158,71215,Suspect_4158
S4159,323357,Suspect_4159
S4160,239448,Suspect_4160
S4161,149462,Suspect_4161
S4162,85371,Suspect_4162
S4163,443570,Suspect_4163
S4164,330006,Suspect_4164
S4165,352210,Suspect_4165
S4166,109245,Suspect_4166
S4167,169628,Suspect_4167
S4168,159954,Suspect_4168
S4169,159457,Suspect_4169
S4170,170688,Suspect_4170
S4171,181563,Suspect_4171
S4172,357932,Suspect_4172
S4173,259712,Suspect_4173
S4174,354605,Suspect_4174
S4175,286930,Suspect_4175
S4176,38921,Suspect_4176
S4177,456567,Suspect_4177
S4178,417509,Suspect_4178
S4179,9037,Suspect_4179
S4180,110800,Suspect_4180
S4181,222347,Suspect_4181
S4182,269873,Suspect_4182
S4183,354679,Suspect_4183
S4184,391574,Suspect_4184
S4185,69146,Suspect_4185
S4186,467080,Suspect_4186
S4187,279272,Suspect_4187
S4188,373165,Suspect_4188
S4189,66880,Suspect_4189
S4190,62938,Suspect_4190
S4191,464773,Suspect_4191
S4192,1871,Suspect_4192
S4193,207749,Suspect_4193
S4194,285878,Suspect_4194
S4195,157818,Suspect_4195
S4196,487741,Suspect_4196
S4197,344371,Suspect_4197
S4198,172887,Suspect_4198
S4199,317547,Suspect_4199
S4200,171696,Suspect_4200
S4201,415494,Suspect_4201
S4202,36686,Suspect_4202
S4203,375433,Suspect_4203
S4204,433314,Suspect_4204
S4205,281125,Suspect_4205
S4206,147376,Suspect_4206
S4207,18911,Suspect_4207
S4208,332913,Suspect_4208
S4209,379280,Suspect_4209
S4210,80062,Suspect_4210
S4211,14777,Suspect_4211
S4212,265501,Suspect_4212
S4213,172164,Suspect_4213
S4214,179853,Suspect_4214
S4215,1377,Suspect_4215
S4216,58834,Suspect_4216
S4217,444029,Suspect_4217
S4218,33606,Suspect_4218
S4219,2350,Suspect_4219
S4220,414170,Suspect_4220
S4221,188058,Suspect_4221
S4222,83658,Suspect_4222
S4223,462356,Suspect_4223
S4224,420726,Suspect_4224
S4225,320396,Suspect_4225
S4226,5609,Suspect_4226
S4227,290899,Suspect_4227
S4228,231345,Suspect_4228
S4229,427122,Suspect_4229
S4230,415681,Suspect_4230
S4231,482064,Suspect_4231
S4232,294556,Suspect_4232
S4233,13160,Suspect_4233
S4234,439649,Suspect_4234
S4235,441656,Suspect_4235
S4236,110092,Suspect_4236
S4237,475479,Suspect_4237
S4238,492286,Suspect_4238
S4239,176889,Suspect_4239
S4240,7562,Suspect_4240
S4241,51664,Suspect_4241
S4242,283873,Suspect_4242
S4243,436844,Suspect_4243
S4244,65959,Suspect_4244
S4245,263947,Suspect_4245
S4246,418546,Suspect_4246
S4247,4473,Suspect_4247
S4248,439146,Suspect_4248
S4249,211064,Suspect_4249
S4250,368975,Suspect_4250
S4251,304515,Suspect_4251
S4252,328941,Suspect_4252
S4253,491533,Suspect_4253
S4254,110043,Suspect_4254
S4255,93836,Suspect_4255
S4256,393403,Suspect_4256
S4257,54041,Suspect_4257
S4258,228708,Suspect_4258
S4259,497177,Suspect_4259
S4260,98059,Suspect_4260
S4261,129012,Suspect_4261
S4262,168927,Suspect_4262
S4263,76776,Suspect_4263
S4264,15122,Suspect_4264
S4265,274723,Suspect_4265
S4266,300384,Suspect_4266
S4267,438439,Suspect_4267
S4268,309297,Suspect_4268
S4269,292140,Suspect_4269
S4270,288235,Suspect_4270
S4271,148576,Suspect_4271
S4272,87448,Suspect_4272
S4273,272836,Suspect_4273
S4274,386563,Suspect_4274
S4275,174276,Suspect_4275
S4276,246230,Suspect_4276
S4277,449028,Suspect_4277
S4278,489020,Suspect_4278
S4279,123047,Suspect_4279
S4280,68666,Suspect_4280
S4281,325353,Suspect_4281
S4282,277347,Suspect_4282
S4283,60786,Suspect_4283
S4284,55133,Suspect_4284
S4285,197588,Suspect_4285
S4286,309204,Suspect_4286
S4287,356799,Suspect_4287
S4288,260548,Suspect_4288
S4289,120118,Suspect_4289
S4290,20290,Suspect_4290
S4291,146456,Suspect_4291
S4292,183702,Suspect_4292
S4293,239363,Suspect_4293
S4294,215487,Suspect_4294
S4295,40029,Suspect_4295
S4296,260378,Suspect_4296
S4297,419104,Suspect_4297
S4298,278650,Suspect_4298
S4299,445848,Suspect_4299
S4300,460068,Suspect_4300
S4301,51353,Suspect_4301
S4302,463849,Suspect_4302
S4303,398673,Suspect_4303
S4304,380530,Suspect_4304
S4305,370114,Suspect_4305
S4306,484662,Suspect_4306
S4307,399117,Suspect_4307
S4308,402614,Suspect_4308
S4309,250353,Suspect_4309
S4310,178212,Suspect_4310
S4311,95701,Suspect_4311
S4312,125073,Suspect_4312
S4313,216803,Suspect_4313
S4314,23987,Suspect_4314
S4315,59055,Suspect_4315
S4316,116247,Suspect_4316
S4317,273170,Suspect_4317
S4318,86861,Suspect_4318
S4319,114792,Suspect_4319
S4320,128083,Suspect_4320
S4321,470597,Suspect_4321
S4322,475864,Suspect_4322
S4323,353852,Suspect_4323
S4324,399679,Suspect_4324
S4325,314186,Suspect_4325
S4326,275774,Suspect_4326
S4327,420375,Suspect_4327
S4328,67676,Suspect_4328
S4329,198240,Suspect_4329
S4330,377944,Suspect_4330
S4331,143802,Suspect_4331
S4332,307012,Suspect_4332
S4333,425268,Suspect_4333
S4334,274024,Suspect_4334
S4335,59243,Suspect_4335
S4336,16949,Suspect_4336
S4337,317554,Suspect_4337
S4338,24275,Suspect_4338
S4339,81903,Suspect_4339
S4340,288768,Suspect_4340
S4341,225748,Suspect_4341
S4342,380013,Suspect_4342
S4343,172868,Suspect_4343
S4344,445997,Suspect_4344
S4345,65789,Suspect_4345
S4346,336724,Suspect_4346
S4347,14594,Suspect_4347
S4348,325570,Suspect_4348
S4349,463496,Suspect_4349
S4350,279433,Suspect_4350
S4351,213372,Suspect_4351
S4352,241092,Suspect_4352
S4353,355854,Suspect_4353
S4354,270935,Suspect_4354
S4355,28102,Suspect_4355
S4356,116046,Suspect_4356
S4357,339794,Suspect_4357
S4358,264211,Suspect_4358
S4359,145151,Suspect_4359
S4360,63336,Suspect_4360
S4361,289247,Suspect_4361
S4362,388030,Suspect_4362
S4363,385643,Suspect_4363
S4364,456588,Suspect_4364
S4365,498459,Suspect_4365
S4366,158584,Suspect_4366
S4367,86639,Suspect_4367
S4368,243565,Suspect_4368
S4369,402958,Suspect_4369
S4370,332230,Suspect_4370
S4371,346508,Suspect_4371
S4372,238079,Suspect_4372
S4373,218369,Suspect_4373
S4374,158247,Suspect_4374
S4375,182442,Suspect_4375
S4376,241874,Suspect_4376
S4377,455863,Suspect_4377
S4378,347543,Suspect_4378
S4379,94320,Suspect_4379
S4380,140576,Suspect_4380
S4381,463818,Suspect_4381
S4382,243074,Suspect_4382
S4383,411293,Suspect_4383
S4384,76169,Suspect_4384
S4385,151861,Suspect_4385
S4386,228556,Suspect_4386
S4387,116673,Suspect_4387
S4388,55265,Suspect_4388
S4389,362218,Suspect_4389
S4390,137128,Suspect_4390
S4391,186325,Suspect_4391
S4392,192034,Suspect_4392
S4393,1032,Suspect_4393
S4394,391992,Suspect_4394
S4395,443544,Suspect_4395
S4396,56907,Suspect_4396
S4397,374562,Suspect_4397
S4398,230961,Suspect_4398
S4399,7490,Suspect_4399
S4400,317342,Suspect_4400
S4401,167709,Suspect_4401
S4402,343302,Suspect_4402
S4403,73460,Suspect_4403
S4404,63393,Suspect_4404
S4405,466356,Suspect_4405
S4406,403698,Suspect_4406
S4407,456083,Suspect_4407
S4408,398168,Suspect_4408
S4409,124625,Suspect_4409
S4410,468330,Suspect_4410
S4411,192350,Suspect_4411
S4412,155602,Suspect_4412
S4413,322411,Suspect_4413
S4414,271421,Suspect_4414
S4415,343048,Suspect_4415
S4416,324351,Suspect_4416
S4417,115516,Suspect_4417
S4418,266955,Suspect_4418
S4419,485156,Suspect_4419
S4420,278255,Suspect_4420
S4421,231335,Suspect_4421
S4422,487355,Suspect_4422
S4423,310898,Suspect_4423
S4424,47055,Suspect_4424
S4425,106858,Suspect_4425
S4426,274044,Suspect_4426
S4427,83162,Suspect_4427
S4428,215754,Suspect_4428
S4429,350553,Suspect_4429
S4430,2639,Suspect_4430
S4431,404055,Suspect_4431
S4432,130254,Suspect_4432
S4433,135690,Suspect_4433
S4434,115909,Suspect_4434
S4435,395588,Suspect_4435
S4436,346274,Suspect_4436
S4437,43413,Suspect_4437
S4438,306751,Suspect_4438
S4439,429321,Suspect_4439
S4440,16703,Suspect_4440
S4441,336577,Suspect_4441
S4442,453477,Suspect_4442
S4443,377025,Suspect_4443
S4444,213945,Suspect_4444
S4445,318691,Suspect_4445
S4446,265762,Suspect_4446
S4447,125942,Suspect_4447
S4448,327421,Suspect_4448
S4449,238098,Suspect_4449
S4450,447778,Suspect_4450
S4451,347123,Suspect_4451
S4452,275236,Suspect_4452
S4453,195145,Suspect_4453
S4454,356441,Suspect_4454
S4455,80421,Suspect_4455
S4456,93923,Suspect_4456
S4457,24033,Suspect_4457
S4458,456355,Suspect_4458
S4459,279643,Suspect_4459
S4460,258328,Suspect_4460
S4461,173265,Suspect_4461
S4462,421154,Suspect_4462
S4463,228797,Suspect_4463
S4464,307068,Suspect_4464
S4465,471189,Suspect_4465
S4466,167373,Suspect_4466
S4467,40234,Suspect_4467
S4468,204542,Suspect_4468
S4469,335151,Suspect_4469
S4470,32625,Suspect_4470
S4471,475335,Suspect_4471
S4472,292499,Suspect_4472
S4473,379447,Suspect_4473
S4474,401322,Suspect_4474
S4475,336980,Suspect_4475
S4476,200069,Suspect_4476
S4477,147736,Suspect_4477
S4478,219725,Suspect_4478
S4479,153402,Suspect_4479
S4480,145898,Suspect_4480
S4481,405733,Suspect_4481
S4482,399998,Suspect_4482
S4483,88326,Suspect_4483
S4484,157,Suspect_4484
S4485,224588,Suspect_4485
S4486,471654,Suspect_4486
S4487,95735,Suspect_4487
S4488,58044,Suspect_4488
S4489,157193,Suspect_4489
S4490,136423,Suspect_4490
S4491,316752,Suspect_4491
S4492,268032,Suspect_4492
S4493,297000,Suspect_4493
S4494,400682,Suspect_4494
S4495,360881,Suspect_4495
S4496,438562,Suspect_4496
S4497,164689,Suspect_4497
S4498,416602,Suspect_4498
S4499,308385,Suspect_4499
S4500,231529,Suspect_4500
S4501,372293,Suspect_4501
S4502,60153,Suspect_4502
S4503,56652,Suspect_4503
S4504,377730,Suspect_4504
S4505,220177,Suspect_4505
S4506,488306,Suspect_4506
S4507,293897,Suspect_4507
S4508,292227,Suspect_4508
S4509,287693,Suspect_4509
S4510,334554,Suspect_4510
S4511,344566,Suspect_4511
S4512,483792,Suspect_4512
S4513,91469,Suspect_4513
S4514,328323,Suspect_4514
S4515,237162,Suspect_4515
S4516,178199,Suspect_4516
S4517,248266,Suspect_4517
S4518,29624,Suspect_4518
S4519,31014,Suspect_4519
S4520,373374,Suspect_4520
S4521,186320,Suspect_4521
S4522,172892,Suspect_4522
S4523,362639,Suspect_4523
S4524,389040,Suspect_4524
S4525,120993,Suspect_4525
S4526,272191,Suspect_4526
S4527,83320,Suspect_4527
S4528,196067,Suspect_4528
S4529,402857,Suspect_4529
S4530,172090,Suspect_4530
S4531,129622,Suspect_4531
S4532,458255,Suspect_4532
S4533,411262,Suspect_4533
S4534,130587,Suspect_4534
S4535,110449,Suspect_4535
S4536,11457,Suspect_4536
S4537,484120,Suspect_4537
S4538,469431,Suspect_4538
S4539,183134,Suspect_4539
S4540,427764,Suspect_4540
S4541,203865,Suspect_4541
S4542,105617,Suspect_4542
S4543,133003,Suspect_4543
S4544,338265,Suspect_4544
S4545,19195,Suspect_4545
S4546,248989,Suspect_4546
S4547,153969,Suspect_4547
S4548,68555,Suspect_4548
S4549,121119,Suspect_4549
S4550,193343,Suspect_4550
S4551,195632,Suspect_4551
S4552,87334,Suspect_4552
S4553,471276,Suspect_4553
S4554,401846,Suspect_4554
S4555,318400,Suspect_4555
S4556,197809,Suspect_4556
S4557,432915,Suspect_4557
S4558,302555,Suspect_4558
S4559,471777,Suspect_4559
S4560,409091,Suspect_4560
S4561,178472,Suspect_4561
S4562,460941,Suspect_4562
S4563,346185,Suspect_4563
S4564,312904,Suspect_4564
S4565,83878,Suspect_4565
S4566,85691,Suspect_4566
S4567,113630,Suspect_4567
S4568,244174,Suspect_4568
S4569,76387,Suspect_4569
S4570,31297,Suspect_4570
S4571,68274,Suspect_4571
S4572,296633,Suspect_4572
S4573,462310,Suspect_4573
S4574,208534,Suspect_4574
S4575,234187,Suspect_4575
S4576,142754,Suspect_4576
S4577,287138,Suspect_4577
S4578,427627,Suspect_4578
S4579,281387,Suspect_4579
S4580,201249,Suspect_4580
S4581,45419,Suspect_4581
S4582,26356,Suspect_4582
S4583,356056,Suspect_4583
S4584,344856,Suspect_4584
S4585,439280,Suspect_4585
S4586,359644,Suspect_4586
S4587,140295,Suspect_4587
S4588,412125,Suspect_4588
S4589,305236,Suspect_4589
S4590,313519,Suspect_4590
S4591,38027,Suspect_4591
S4592,36978,Suspect_4592
S4593,493081,Suspect_4593
S4594,374274,Suspect_4594
S4595,197331,Suspect_4595
S4596,115717,Suspect_4596
S4597,360904,Suspect_4597
S4598,247794,Suspect_4598
S4599,351873,Suspect_4599
S4600,443492,Suspect_4600
S4601,125210,Suspect_4601
S4602,481122,Suspect_4602
S4603,363692,Suspect_4603
S4604,1255,Suspect_4604
S4605,277563,Suspect_4605
S4606,409071,Suspect_4606
S4607,50003,Suspect_4607
S4608,430830,Suspect_4608
S4609,250682,Suspect_4609
S4610,269485,Suspect_4610
S4611,210761,Suspect_4611
S4612,9138,Suspect_4612
S4613,428274,Suspect_4613
S4614,425870,Suspect_4614
S4615,212709,Suspect_4615
S4616,121953,Suspect_4616
S4617,270154,Suspect_4617
S4618,60132,Suspect_4618
S4619,20671,Suspect_4619
S4620,365641,Suspect_4620
S4621,335172,Suspect_4621
S4622,37154,Suspect_4622
S4623,301776,Suspect_4623
S4624,218949,Suspect_4624
S4625,404625,Suspect_4625
S4626,225085,Suspect_4626
S4627,156794,Suspect_4627
S4628,439236,Suspect_4628
S4629,494714,Suspect_4629
S4630,126284,Suspect_4630
S4631,376290,Suspect_4631
S4632,193556,Suspect_4632
S4633,427238,Suspect_4633
S4634,45164,Suspect_4634
S4635,365130,Suspect_4635
S4636,482798,Suspect_4636
S4637,202713,Suspect_4637
S4638,305995,Suspect_4638
S4639,156257,Suspect_4639
S4640,227566,Suspect_4640
S4641,371215,Suspect_4641
S4642,414986,Suspect_4642
S4643,267820,Suspect_4643
S4644,4039,Suspect_4644
S4645,115619,Suspect_4645
S4646,12954,Suspect_4646
S4647,58608,Suspect_4647
S4648,56780,Suspect_4648
S4649,480261,Suspect_4649
S4650,260550,Suspect_4650
S4651,93668,Suspect_4651
S4652,412278,Suspect_4652
S4653,109310,Suspect_4653
S4654,430645,Suspect_4654
S4655,422531,Suspect_4655
S4656,249548,Suspect_4656
S4657,61888,Suspect_4657
S4658,407025,Suspect_4658
S4659,288915,Suspect_4659
S4660,330707,Suspect_4660
S4661,322223,Suspect_4661
S4662,223213,Suspect_4662
S4663,256956,Suspect_4663
S4664,291449,Suspect_4664
S4665,366079,Suspect_4665
S4666,255769,Suspect_4666
S4667,1755,Suspect_4667
S4668,372386,Suspect_4668
S4669,89084,Suspect_4669
S4670,253830,Suspect_4670
S4671,221146,Suspect_4671
S4672,203533,Suspect_4672
S4673,103004,Suspect_4673
S4674,430562,Suspect_4674
S4675,44963,Suspect_4675
S4676,319164,Suspect_4676
S4677,297583,Suspect_4677
S4678,438548,Suspect_4678
S4679,342164,Suspect_4679
S4680,162338,Suspect_4680
S4681,10768,Suspect_4681
S4682,214146,Suspect_4682
S4683,307645,Suspect_4683
S4684,70936,Suspect_4684
S4685,495145,Suspect_4685
S4686,324037,Suspect_4686
S4687,133512,Suspect_4687
S4688,226662,Suspect_4688
S4689,147550,Suspect_4689
S4690,59580,Suspect_4690
S4691,9674,Suspect_4691
S4692,295832,Suspect_4692
S4693,438995,Suspect_4693
S4694,393062,Suspect_4694
S4695,52450,Suspect_4695
S4696,266618,Suspect_4696
S4697,424352,Suspect_4697
S4698,427105,Suspect_4698
S4699,490677,Suspect_4699
S4700,263642,Suspect_4700
S4701,311875,Suspect_4701
S4702,387047,Suspect_4702
S4703,7338,Suspect_4703
S4704,16488,Suspect_4704
S4705,219775,Suspect_4705
S4706,219734,Suspect_4706
S4707,302572,Suspect_4707
S4708,297276,Suspect_4708
S4709,27449,Suspect_4709
S4710,120502,Suspect_4710
S4711,263716,Suspect_4711
S4712,454559,Suspect_4712
S4713,468620,Suspect_4713
S4714,383300,Suspect_4714
S4715,77964,Suspect_4715
S4716,319948,Suspect_4716
S4717,287202,Suspect_4717
S4718,29676,Suspect_4718
S4719,148160,Suspect_4719
S4720,339727,Suspect_4720
S4721,371680,Suspect_4721
S4722,399917,Suspect_4722
S4723,157847,Suspect_4723
S4724,431959,Suspect_4724
S4725,182702,Suspect_4725
S4726,1959,Suspect_4726
S4727,144361,Suspect_4727
S4728,262077,Suspect_4728
S4729,24631,Suspect_4729
S4730,20686,Suspect_4730
S4731,293073,Suspect_4731
S4732,434681,Suspect_4732
S4733,230293,Suspect_4733
S4734,36024,Suspect_4734
S4735,481542,Suspect_4735
S4736,427491,Suspect_4736
S4737,274332,Suspect_4737
S4738,211156,Suspect_4738
S4739,151136,Suspect_4739
S4740,333586,Suspect_4740
S4741,280329,Suspect_4741
S4742,260668,Suspect_4742
S4743,4053,Suspect_4743
S4744,409956,Suspect_4744
S4745,391767,Suspect_4745
S4746,287870,Suspect_4746
S4747,346813,Suspect_4747
S4748,480291,Suspect_4748
S4749,196591,Suspect_4749
S4750,382827,Suspect_4750
S4751,365699,Suspect_4751
S4752,114025,Suspect_4752
S4753,124241,Suspect_4753
S4754,117918,Suspect_4754
S4755,410555,Suspect_4755
S4756,342265,Suspect_4756
S4757,366571,Suspect_4757
S4758,475722,Suspect_4758
S4759,365413,Suspect_4759
S4760,29337,Suspect_4760
S4761,361882,Suspect_4761
S4762,102498,Suspect_4762
S4763,15777,Suspect_4763
S4764,305853,Suspect_4764
S4765,197025,Suspect_4765
S4766,115243,Suspect_4766
S4767,240064,Suspect_4767
S4768,362874,Suspect_4768
S4769,289132,Suspect_4769
S4770,414151,Suspect_4770
S4771,325567,Suspect_4771
S4772,465109,Suspect_4772
S4773,155485,Suspect_4773
S4774,318693,Suspect_4774
S4775,161957,Suspect_4775
S4776,191897,Suspect_4776
S4777,355085,Suspect_4777
S4778,6799,Suspect_4778
S4779,134498,Suspect_4779
S4780,289916,Suspect_4780
S4781,203755,Suspect_4781
S4782,191703,Suspect_4782
S4783,179057,Suspect_4783
S4784,59919,Suspect_4784
S4785,437666,Suspect_4785
S4786,51894,Suspect_4786
S4787,206189,Suspect_4787
S4788,199120,Suspect_4788
S4789,209305,Suspect_4789
S4790,67852,Suspect_4790
S4791,19338,Suspect_4791
S4792,229985,Suspect_4792
S4793,356042,Suspect_4793
S4794,468561,Suspect_4794
S4795,353444,Suspect_4795
S4796,362177,Suspect_4796
S4797,91607,Suspect_4797
S4798,420906,Suspect_4798
S4799,434684,Suspect_4799
S4800,1738,Suspect_4800
S4801,314634,Suspect_4801
S4802,493462,Suspect_4802
S4803,499368,Suspect_4803
S4804,112014,Suspect_4804
S4805,191318,Suspect_4805
S4806,413626,Suspect_4806
S4807,259077,Suspect_4807
S4808,120511,Suspect_4808
S4809,165864,Suspect_4809
S4810,227707,Suspect_4810
S4811,212498,Suspect_4811
S4812,246156,Suspect_4812
S4813,164044,Suspect_4813
S4814,426505,Suspect_4814
S4815,289797,Suspect_4815
S4816,422450,Suspect_4816
S4817,46780,Suspect_4817
S4818,132477,Suspect_4818
S4819,462274,Suspect_4819
S4820,269270,Suspect_4820
S4821,264053,Suspect_4821
S4822,489389,Suspect_4822
S4823,396746,Suspect_4823
S4824,121781,Suspect_4824
S4825,259696,Suspect_4825
S4826,470007,Suspect_4826
S4827,456358,Suspect_4827
S4828,21984,Suspect_4828
S4829,425950,Suspect_4829
S4830,230075,Suspect_4830
S4831,172699,Suspect_4831
S4832,342314,Suspect_4832
S4833,425015,Suspect_4833
S4834,193671,Suspect_4834
S4835,309737,Suspect_4835
S4836,406511,Suspect_4836
S4837,239697,Suspect_4837
S4838,346547,Suspect_4838
S4839,50493,Suspect_4839
S4840,496849,Suspect_4840
S4841,482219,Suspect_4841
S4842,398108,Suspect_4842
S4843,265764,Suspect_4843
S4844,232121,Suspect_4844
S4845,243688,Suspect_4845
S4846,74930,Suspect_4846
S4847,77717,Suspect_4847
S4848,154819,Suspect_4848
S4849,174911,Suspect_4849
S4850,145852,Suspect_4850
S4851,233850,Suspect_4851
S4852,86521,Suspect_4852
S4853,308879,Suspect_4853
S4854,200876,Suspect_4854
S4855,259566,Suspect_4855
S4856,49478,Suspect_4856
S4857,1773,Suspect_4857
S4858,88661,Suspect_4858
S4859,290226,Suspect_4859
S4860,17866,Suspect_4860
S4861,235096,Suspect_4861
S4862,187930,Suspect_4862
S4863,13776,Suspect_4863
S4864,495388,Suspect_4864
S4865,37482,Suspect_4865
S4866,59933,Suspect_4866
S4867,436386,Suspect_4867
S4868,263670,Suspect_4868
S4869,106617,Suspect_4869
S4870,378356,Suspect_4870
S4871,481427,Suspect_4871
S4872,246249,Suspect_4872
S4873,463036,Suspect_4873
S4874,613,Suspect_4874
S4875,295636,Suspect_4875
S4876,8477,Suspect_4876
S4877,451493,Suspect_4877
S4878,222415,Suspect_4878
S4879,346081,Suspect_4879
S4880,245472,Suspect_4880
S4881,138930,Suspect_4881
S4882,406540,Suspect_4882
S4883,498922,Suspect_4883
S4884,308772,Suspect_4884
S4885,462737,Suspect_4885
S4886,428879,Suspect_4886
S4887,108713,Suspect_4887
S4888,152627,Suspect_4888
S4889,471332,Suspect_4889
S4890,260899,Suspect_4890
S4891,488720,Suspect_4891
S4892,63706,Suspect_4892
S4893,447599,Suspect_4893
S4894,105878,Suspect_4894
S4895,65479,Suspect_4895
S4896,73596,Suspect_4896
S4897,409564,Suspect_4897
S4898,168464,Suspect_4898
S4899,241433,Suspect_4899
S4900,188077,Suspect_4900
S4901,49805,Suspect_4901
S4902,95511,Suspect_4902
S4903,198467,Suspect_4903
S4904,220939,Suspect_4904
S4905,361665,Suspect_4905
S4906,72728,Suspect_4906
S4907,55692,Suspect_4907
S4908,83741,Suspect_4908
S4909,414504,Suspect_4909
S4910,409329,Suspect_4910
S4911,110366,Suspect_4911
S4912,152294,Suspect_4912
S4913,11968,Suspect_4913
S4914,18958,Suspect_4914
S4915,279657,Suspect_4915
S4916,72517,Suspect_4916
S4917,270639,Suspect_4917
S4918,102077,Suspect_4918
S4919,484745,Suspect_4919
S4920,132485,Suspect_4920
S4921,130120,Suspect_4921
S4922,182686,Suspect_4922
S4923,318429,Suspect_4923
S4924,445261,Suspect_4924
S4925,198579,Suspect_4925
S4926,345656,Suspect_4926
S4927,137155,Suspect_4927
S4928,422785,Suspect_4928
S4929,435257,Suspect_4929
S4930,138895,Suspect_4930
S4931,92515,Suspect_4931
S4932,491070,Suspect_4932
S4933,315209,Suspect_4933
S4934,391878,Suspect_4934
S4935,43129,Suspect_4935
S4936,48791,Suspect_4936
S4937,79790,Suspect_4937
S4938,268628,Suspect_4938
S4939,125018,Suspect_4939
S4940,267255,Suspect_4940
S4941,491224,Suspect_4941
S4942,191222,Suspect_4942
S4943,35323,Suspect_4943
S4944,40328,Suspect_4944
S4945,250771,Suspect_4945
S4946,454250,Suspect_4946
S4947,54383,Suspect_4947
S4948,484046,Suspect_4948
S4949,351892,Suspect_4949
S4950,90969,Suspect_4950
S4951,161293,Suspect_4951
S4952,384407,Suspect_4952
S4953,416795,Suspect_4953
S4954,72124,Suspect_4954
S4955,62389,Suspect_4955
S4956,21287,Suspect_4956
S4957,369814,Suspect_4957
S4958,95975,Suspect_4958
S4959,359989,Suspect_4959
S4960,383532,Suspect_4960
S4961,136320,Suspect_4961
S4962,171139,Suspect_4962
S4963,74892,Suspect_4963
S4964,182135,Suspect_4964
S4965,121961,Suspect_4965
S4966,157927,Suspect_4966
S4967,16644,Suspect_4967
S4968,379350,Suspect_4968
S4969,402104,Suspect_4969
S4970,252080,Suspect_4970
S4971,494540,Suspect_4971
S4972,475834,Suspect_4972
S4973,182965,Suspect_4973
S4974,334390,Suspect_4974
S4975,94234,Suspect_4975
S4976,120702,Suspect_4976
S4977,73001,Suspect_4977
S4978,148283,Suspect_4978
S4979,369943,Suspect_4979
S4980,41486,Suspect_4980
S4981,478921,Suspect_4981
S4982,166895,Suspect_4982
S4983,144080,Suspect_4983
S4984,182262,Suspect_4984
S4985,498102,Suspect_4985
S4986,63259,Suspect_4986
S4987,442040,Suspect_4987
S4988,416836,Suspect_4988
S4989,12319,Suspect_4989
S4990,9062,Suspect_4990
S4991,439979,Suspect_4991
S4992,266965,Suspect_4992
S4993,402131,Suspect_4993
S4994,499711,Suspect_4994
S4995,190066,Suspect_4995
S4996,471414,Suspect_4996
S4997,201965,Suspect_4997
S4998,441366,Suspect_4998
S4999,314600,Suspect_4999
S5000,235415,Suspect_5000
S5001,379172,Suspect_5001
S5002,88908,Suspect_5002
S5003,462339,Suspect_5003
S5004,499982,Suspect_5004
S5005,151096,Suspect_5005
S5006,438222,Suspect_5006
S5007,414618,Suspect_5007
S5008,197808,Suspect_5008
S5009,79363,Suspect_5009
S5010,254421,Suspect_5010
S5011,474658,Suspect_5011
S5012,163974,Suspect_5012
S5013,66450,Suspect_5013
S5014,246645,Suspect_5014
S5015,155915,Suspect_5015
S5016,495046,Suspect_5016
S5017,100244,Suspect_5017
S5018,120667,Suspect_5018
S5019,141789,Suspect_5019
S5020,117622,Suspect_5020
S5021,77935,Suspect_5021
S5022,256493,Suspect_5022
S5023,101746,Suspect_5023
S5024,40392,Suspect_5024
S5025,345142,Suspect_5025
S5026,153465,Suspect_5026
S5027,244006,Suspect_5027
S5028,487738,Suspect_5028
S5029,368536,Suspect_5029
S5030,448185,Suspect_5030
S5031,54201,Suspect_5031
S5032,368458,Suspect_5032
S5033,281140,Suspect_5033
S5034,341206,Suspect_5034
S5035,124342,Suspect_5035
S5036,125643,Suspect_5036
S5037,40175,Suspect_5037
S5038,352874,Suspect_5038
S5039,99537,Suspect_5039
S5040,142893,Suspect_5040
S5041,246939,Suspect_5041
S5042,118634,Suspect_5042
S5043,438191,Suspect_5043
S5044,362785,Suspect_5044
S5045,166852,Suspect_5045
S5046,486647,Suspect_5046
S5047,489986,Suspect_5047
S5048,1032,Suspect_5048
S5049,244884,Suspect_5049
S5050,281103,Suspect_5050
S5051,198941,Suspect_5051
S5052,260126,Suspect_5052
S5053,402459,Suspect_5053
S5054,304851,Suspect_5054
S5055,497393,Suspect_5055
S5056,150792,Suspect_5056
S5057,498152,Suspect_5057
S5058,117237,Suspect_5058
S5059,243130,Suspect_5059
S5060,101630,Suspect_5060
S5061,54577,Suspect_5061
S5062,322173,Suspect_5062
S5063,78339,Suspect_5063
S5064,451959,Suspect_5064
S5065,287895,Suspect_5065
S5066,452369,Suspect_5066
S5067,234339,Suspect_5067
S5068,353150,Suspect_5068
S5069,103985,Suspect_5069
S5070,112272,Suspect_5070
S5071,83561,Suspect_5071
S5072,396981,Suspect_5072
S5073,186809,Suspect_5073
S5074,443265,Suspect_5074
S5075,454656,Suspect_5075
S5076,332990,Suspect_5076
S5077,98257,Suspect_5077
S5078,145868,Suspect_5078
S5079,136562,Suspect_5079
S5080,172870,Suspect_5080
S5081,431594,Suspect_5081
S5082,209985,Suspect_5082
S5083,382819,Suspect_5083
S5084,356227,Suspect_5084
S5085,223041,Suspect_5085
S5086,194125,Suspect_5086
S5087,284103,Suspect_5087
S5088,220750,Suspect_5088
S5089,276632,Suspect_5089
S5090,419647,Suspect_5090
S5091,453935,Suspect_5091
S5092,174230,Suspect_5092
S5093,250584,Suspect_5093
S5094,308379,Suspect_5094
S5095,457176,Suspect_5095
S5096,116309,Suspect_5096
S5097,80452,Suspect_5097
S5098,418029,Suspect_5098
S5099,201280,Suspect_5099
S5100,445525,Suspect_5100
S5101,186363,Suspect_5101
S5102,239796,Suspect_5102
S5103,422552,Suspect_5103
S5104,386020,Suspect_5104
S5105,106188,Suspect_5105
S5106,338250,Suspect_5106
S5107,255649,Suspect_5107
S5108,176882,Suspect_5108
S5109,357728,Suspect_5109
S5110,408540,Suspect_5110
S5111,262922,Suspect_5111
S5112,499045,Suspect_5112
S5113,71040,Suspect_5113
S5114,363503,Suspect_5114
S5115,99765,Suspect_5115
S5116,159326,Suspect_5116
S5117,19459,Suspect_5117
S5118,483455,Suspect_5118
S5119,145400,Suspect_5119
S5120,293466,Suspect_5120
S5121,268819,Suspect_5121
S5122,470421,Suspect_5122
S5123,12705,Suspect_5123
S5124,188922,Suspect_5124
S5125,332026,Suspect_5125
S5126,268149,Suspect_5126
S5127,442191,Suspect_5127
S5128,332718,Suspect_5128
S5129,389324,Suspect_5129
S5130,94377,Suspect_5130
S5131,36238,Suspect_5131
S5132,483750,Suspect_5132
S5133,179334,Suspect_5133
S5134,240844,Suspect_5134
S5135,413048,Suspect_5135
S5136,67096,Suspect_5136
S5137,239735,Suspect_5137
S5138,344429,Suspect_5138
S5139,162592,Suspect_5139
S5140,213503,Suspect_5140
S5141,63714,Suspect_5141
S5142,33965,Suspect_5142
S5143,467566,Suspect_5143
S5144,338720,Suspect_5144
S5145,254942,Suspect_5145
S5146,259481,Suspect_5146
S5147,190086,Suspect_5147
S5148,169124,Suspect_5148
S5149,238852,Suspect_5149
S5150,461996,Suspect_5150
S5151,94665,Suspect_5151
S5152,73131,Suspect_5152
S5153,28869,Suspect_5153
S5154,21386,Suspect_5154
S5155,180503,Suspect_5155
S5156,332529,Suspect_5156
S5157,207969,Suspect_5157
S5158,424220,Suspect_5158
S5159,245782,Suspect_5159
S5160,227250,Suspect_5160
S5161,325090,Suspect_5161
S5162,251972,Suspect_5162
S5163,444380,Suspect_5163
S5164,109171,Suspect_5164
S5165,472614,Suspect_5165
S5166,263340,Suspect_5166
S5167,473819,Suspect_5167
S5168,263312,Suspect_5168
S5169,294885,Suspect_5169
S5170,393319,Suspect_5170
S5171,165166,Suspect_5171
S5172,463484,Suspect_5172
S5173,264640,Suspect_5173
S5174,221754,Suspect_5174
S5175,333149,Suspect_5175
S5176,207663,Suspect_5176
S5177,474787,Suspect_5177
S5178,1548,Suspect_5178
S5179,477170,Suspect_5179
S5180,281614,Suspect_5180
S5181,254272,Suspect_5181
S5182,196142,Suspect_5182
S5183,483730,Suspect_5183
S5184,64808,Suspect_5184
S5185,296430,Suspect_5185
S5186,225773,Suspect_5186
S5187,141794,Suspect_5187
S5188,108629,Suspect_5188
S5189,259082,Suspect_5189
S5190,338592,Suspect_5190
S5191,92741,Suspect_5191
S5192,330475,Suspect_5192
S5193,304380,Suspect_5193
S5194,425821,Suspect_5194
S5195,450747,Suspect_5195
S5196,88668,Suspect_5196
S5197,465221,Suspect_5197
S5198,412144,Suspect_5198
S5199,460100,Suspect_5199
S5200,12226,Suspect_5200
S5201,378707,Suspect_5201
S5202,47237,Suspect_5202
S5203,231021,Suspect_5203
S5204,430525,Suspect_5204
S5205,138857,Suspect_5205
S5206,399032,Suspect_5206
S5207,232329,Suspect_5207
S5208,48155,Suspect_5208
S5209,264402,Suspect_5209
S5210,335303,Suspect_5210
S5211,221919,Suspect_5211
S5212,63847,Suspect_5212
S5213,231544,Suspect_5213
S5214,357018,Suspect_5214
S5215,112358,Suspect_5215
S5216,483371,Suspect_5216
S5217,61207,Suspect_5217
S5218,403777,Suspect_5218
S5219,144969,Suspect_5219
S5220,326286,Suspect_5220
S5221,240688,Suspect_5221
S5222,373717,Suspect_5222
S5223,27753,Suspect_5223
S5224,491166,Suspect_5224
S5225,151228,Suspect_5225
S5226,379362,Suspect_5226
S5227,452930,Suspect_5227
S5228,21220,Suspect_5228
S5229,22859,Suspect_5229
S5230,366423,Suspect_5230
S5231,266270,Suspect_5231
S5232,82382,Suspect_5232
S5233,155391,Suspect_5233
S5234,173668,Suspect_5234
S5235,322652,Suspect_5235
S5236,183601,Suspect_5236
S5237,100521,Suspect_5237
S5238,166357,Suspect_5238
S5239,327242,Suspect_5239
S5240,392257,Suspect_5240
S5241,6205,Suspect_5241
S5242,216276,Suspect_5242
S5243,208362,Suspect_5243
S5244,293779,Suspect_5244
S5245,476856,Suspect_5245
S5246,346568,Suspect_5246
S5247,422498,Suspect_5247
S5248,105573,Suspect_5248
S5249,263410,Suspect_5249
S5250,466508,Suspect_5250
S5251,337190,Suspect_5251
S5252,298188,Suspect_5252
S5253,184708,Suspect_5253
S5254,96467,Suspect_5254
S5255,446634,Suspect_5255
S5256,164872,Suspect_5256
S5257,493891,Suspect_5257
S5258,462916,Suspect_5258
S5259,423485,Suspect_5259
S5260,324048,Suspect_5260
S5261,106518,Suspect_5261
S5262,422874,Suspect_5262
S5263,328635,Suspect_5263
S5264,289023,Suspect_5264
S5265,428484,Suspect_5265
S5266,278057,Suspect_5266
S5267,243197,Suspect_5267
S5268,282319,Suspect_5268
S5269,351040,Suspect_5269
S5270,498615,Suspect_5270
S5271,488220,Suspect_5271
S5272,389936,Suspect_5272
S5273,216288,Suspect_5273
S5274,201769,Suspect_5274
S5275,459941,Suspect_5275
S5276,473625,Suspect_5276
S5277,83426,Suspect_5277
S5278,64157,Suspect_5278
S5279,12417,Suspect_5279
S5280,246862,Suspect_5280
S5281,365669,Suspect_5281
S5282,174028,Suspect_5282
S5283,119036,Suspect_5283
S5284,455088,Suspect_5284
S5285,235356,Suspect_5285
S5286,113006,Suspect_5286
S5287,359599,Suspect_5287
S5288,347690,Suspect_5288
S5289,330888,Suspect_5289
S5290,257705,Suspect_5290
S5291,275759,Suspect_5291
S5292,245219,Suspect_5292
S5293,230793,Suspect_5293
S5294,66568,Suspect_5294
S5295,104733,Suspect_5295
S5296,480474,Suspect_5296
S5297,136350,Suspect_5297
S5298,305159,Suspect_5298
S5299,399457,Suspect_5299
S5300,413731,Suspect_5300
S5301,347930,Suspect_5301
S5302,458424,Suspect_5302
S5303,468548,Suspect_5303
S5304,12532,Suspect_5304
S5305,359607,Suspect_5305
S5306,191075,Suspect_5306
S5307,5083,Suspect_5307
S5308,448851,Suspect_5308
S5309,281732,Suspect_5309
S5310,191378,Suspect_5310
S5311,461179,Suspect_5311
S5312,232891,Suspect_5312
S5313,87382,Suspect_5313
S5314,77728,Suspect_5314
S5315,167976,Suspect_5315
S5316,454622,Suspect_5316
S5317,483794,Suspect_5317
S5318,357728,Suspect_5318
S5319,481258,Suspect_5319
S5320,217479,Suspect_5320
S5321,62575,Suspect_5321
S5322,8839,Suspect_5322
S5323,227694,Suspect_5323
S5324,192432,Suspect_5324
S5325,247509,Suspect_5325
S5326,256361,Suspect_5326
S5327,70965,Suspect_5327
S5328,391990,Suspect_5328
S5329,427080,Suspect_5329
S5330,288915,Suspect_5330
S5331,282703,Suspect_5331
S5332,287238,Suspect_5332
S5333,498550,Suspect_5333
S5334,414358,Suspect_5334
S5335,420579,Suspect_5335
S5336,108705,Suspect_5336
S5337,13201,Suspect_5337
S5338,306927,Suspect_5338
S5339,164494,Suspect_5339
S5340,195309,Suspect_5340
S5341,337895,Suspect_5341
S5342,260893,Suspect_5342
S5343,203928,Suspect_5343
S5344,169747,Suspect_5344
S5345,318213,Suspect_5345
S5346,318283,Suspect_5346
S5347,316658,Suspect_5347
S5348,336772,Suspect_5348
S5349,322425,Suspect_5349
S5350,19446,Suspect_5350
S5351,328232,Suspect_5351
S5352,271429,Suspect_5352
S5353,193226,Suspect_5353
S5354,434104,Suspect_5354
S5355,119854,Suspect_5355
S5356,416005,Suspect_5356
S5357,374613,Suspect_5357
S5358,283099,Suspect_5358
S5359,473911,Suspect_5359
S5360,137247,Suspect_5360
S5361,260745,Suspect_5361
S5362,299049,Suspect_5362
S5363,99477,Suspect_5363
S5364,218876,Suspect_5364
S5365,149225,Suspect_5365
S5366,162241,Suspect_5366
S5367,397466,Suspect_5367
S5368,216930,Suspect_5368
S5369,326582,Suspect_5369
S5370,470906,Suspect_5370
S5371,328913,Suspect_5371
S5372,56912,Suspect_5372
S5373,81760,Suspect_5373
S5374,426915,Suspect_5374
S5375,219445,Suspect_5375
S5376,260302,Suspect_5376
S5377,291027,Suspect_5377
S5378,441315,Suspect_5378
S5379,349192,Suspect_5379
S5380,251251,Suspect_5380
S5381,267302,Suspect_5381
S5382,338126,Suspect_5382
S5383,46525,Suspect_5383
S5384,406224,Suspect_5384
S5385,35662,Suspect_5385
S5386,250010,Suspect_5386
S5387,254619,Suspect_5387
S5388,353102,Suspect_5388
S5389,330660,Suspect_5389
S5390,330270,Suspect_5390
S5391,323620,Suspect_5391
S5392,158606,Suspect_5392
S5393,18987,Suspect_5393
S5394,278833,Suspect_5394
S5395,131974,Suspect_5395
S5396,473458,Suspect_5396
S5397,212614,Suspect_5397
S5398,466170,Suspect_5398
S5399,375340,Suspect_5399
S5400,182876,Suspect_5400
S5401,369831,Suspect_5401
S5402,349158,Suspect_5402
S5403,422042,Suspect_5403
S5404,452012,Suspect_5404
S5405,62426,Suspect_5405
S5406,62336,Suspect_5406
S5407,241187,Suspect_5407
S5408,104032,Suspect_5408
S5409,449558,Suspect_5409
S5410,200996,Suspect_5410
S5411,167937,Suspect_5411
S5412,141801,Suspect_5412
S5413,238517,Suspect_5413
S5414,287007,Suspect_5414
S5415,217838,Suspect_5415
S5416,106056,Suspect_5416
S5417,173265,Suspect_5417
S5418,286248,Suspect_5418
S5419,243042,Suspect_5419
S5420,36430,Suspect_5420
S5421,418361,Suspect_5421
S5422,344125,Suspect_5422
S5423,487459,Suspect_5423
S5424,473055,Suspect_5424
S5425,217479,Suspect_5425
S5426,330337,Suspect_5426
S5427,55616,Suspect_5427
S5428,262228,Suspect_5428
S5429,299801,Suspect_5429
S5430,208194,Suspect_5430
S5431,332315,Suspect_5431
S5432,18764,Suspect_5432
S5433,4921,Suspect_5433
S5434,266000,Suspect_5434
S5435,155322,Suspect_5435
S5436,427010,Suspect_5436
S5437,418598,Suspect_5437
S5438,92590,Suspect_5438
S5439,367127,Suspect_5439
S5440,209386,Suspect_5440
S5441,303214,Suspect_5441
S5442,331969,Suspect_5442
S5443,342058,Suspect_5443
S5444,119570,Suspect_5444
S5445,140427,Suspect_5445
S5446,208888,Suspect_5446
S5447,447721,Suspect_5447
S5448,57725,Suspect_5448
S5449,380232,Suspect_5449
S5450,368013,Suspect_5450
S5451,217305,Suspect_5451
S5452,153456,Suspect_5452
S5453,119354,Suspect_5453
S5454,105772,Suspect_5454
S5455,356890,Suspect_5455
S5456,329175,Suspect_5456
S5457,212608,Suspect_5457
S5458,444580,Suspect_5458
S5459,373345,Suspect_5459
S5460,218529,Suspect_5460
S5461,224737,Suspect_5461
S5462,463769,Suspect_5462
S5463,104817,Suspect_5463
S5464,89302,Suspect_5464
S5465,356627,Suspect_5465
S5466,279514,Suspect_5466
S5467,76946,Suspect_5467
S5468,454764,Suspect_5468
S5469,357893,Suspect_5469
S5470,338761,Suspect_5470
S5471,82963,Suspect_5471
S5472,391818,Suspect_5472
S5473,354640,Suspect_5473
S5474,177076,Suspect_5474
S5475,223539,Suspect_5475
S5476,386701,Suspect_5476
S5477,362417,Suspect_5477
S5478,87050,Suspect_5478
S5479,107174,Suspect_5479
S5480,85246,Suspect_5480
S5481,396090,Suspect_5481
S5482,400224,Suspect_5482
S5483,222084,Suspect_5483
S5484,129661,Suspect_5484
S5485,273662,Suspect_5485
S5486,34039,Suspect_5486
S5487,371555,Suspect_5487
S5488,282972,Suspect_5488
S5489,214572,Suspect_5489
S5490,309827,Suspect_5490
S5491,171318,Suspect_5491
S5492,52789,Suspect_5492
S5493,460002,Suspect_5493
S5494,466379,Suspect_5494
S5495,118398,Suspect_5495
S5496,171168,Suspect_5496
S5497,479382,Suspect_5497
S5498,361687,Suspect_5498
S5499,323032,Suspect_5499
S5500,259864,Suspect_5500
S5501,485830,Suspect_5501
S5502,493842,Suspect_5502
S5503,256349,Suspect_5503
S5504,280196,Suspect_5504
S5505,457114,Suspect_5505
S5506,309466,Suspect_5506
S5507,148840,Suspect_5507
S5508,22130,Suspect_5508
S5509,428051,Suspect_5509
S5510,154578,Suspect_5510
S5511,435435,Suspect_5511
S5512,7763,Suspect_5512
S5513,228935,Suspect_5513
S5514,105532,Suspect_5514
S5515,252739,Suspect_5515
S5516,219064,Suspect_5516
S5517,13921,Suspect_5517
S5518,248244,Suspect_5518
S5519,414674,Suspect_5519
S5520,138950,Suspect_5520
S5521,475024,Suspect_5521
S5522,169667,Suspect_5522
S5523,484254,Suspect_5523
S5524,228413,Suspect_5524
S5525,396649,Suspect_5525
S5526,343010,Suspect_5526
S5527,22152,Suspect_5527
S5528,463713,Suspect_5528
S5529,342871,Suspect_5529
S5530,318225,Suspect_5530
S5531,125267,Suspect_5531
S5532,43364,Suspect_5532
S5533,392995,Suspect_5533
S5534,20866,Suspect_5534
S5535,427088,Suspect_5535
S5536,425891,Suspect_5536
S5537,409934,Suspect_5537
S5538,409285,Suspect_5538
S5539,406359,Suspect_5539
S5540,33260,Suspect_5540
S5541,306876,Suspect_5541
S5542,408033,Suspect_5542
S5543,348477,Suspect_5543
S5544,440138,Suspect_5544
S5545,194385,Suspect_5545
S5546,318643,Suspect_5546
S5547,408435,Suspect_5547
S5548,93323,Suspect_5548
S5549,341842,Suspect_5549
S5550,223625,Suspect_5550
S5551,209189,Suspect_5551
S5552,447376,Suspect_5552
S5553,16890,Suspect_5553
S5554,193457,Suspect_5554
S5555,305490,Suspect_5555
S5556,206372,Suspect_5556
S5557,47681,Suspect_5557
S5558,35880,Suspect_5558
S5559,343142,Suspect_5559
S5560,464666,Suspect_5560
S5561,124007,Suspect_5561
S5562,60943,Suspect_5562
S5563,146441,Suspect_5563
S5564,346918,Suspect_5564
S5565,334267,Suspect_5565
S5566,73421,Suspect_5566
S5567,42985,Suspect_5567
S5568,87008,Suspect_5568
S5569,471334,Suspect_5569
S5570,384662,Suspect_5570
S5571,28413,Suspect_5571
S5572,187843,Suspect_5572
S5573,23690,Suspect_5573
S5574,52722,Suspect_5574
S5575,16600,Suspect_5575
S5576,302522,Suspect_5576
S5577,235841,Suspect_5577
S5578,40725,Suspect_5578
S5579,311796,Suspect_5579
S5580,411893,Suspect_5580
S5581,90458,Suspect_5581
S5582,466968,Suspect_5582
S5583,25471,Suspect_5583
S5584,156491,Suspect_5584
S5585,209020,Suspect_5585
S5586,435659,Suspect_5586
S5587,270922,Suspect_5587
S5588,242630,Suspect_5588
S5589,429873,Suspect_5589
S5590,132319,Suspect_5590
S5591,498076,Suspect_5591
S5592,462894,Suspect_5592
S5593,367014,Suspect_5593
S5594,450892,Suspect_5594
S5595,112748,Suspect_5595
S5596,272236,Suspect_5596
S5597,185929,Suspect_5597
S5598,378434,Suspect_5598
S5599,160486,Suspect_5599
S5600,382192,Suspect_5600
S5601,182854,Suspect_5601
S5602,283651,Suspect_5602
S5603,487576,Suspect_5603
S5604,464847,Suspect_5604
S5605,266845,Suspect_5605
S5606,53924,Suspect_5606
S5607,79134,Suspect_5607
S5608,374368,Suspect_5608
S5609,248188,Suspect_5609
S5610,491001,Suspect_5610
S5611,154221,Suspect_5611
S5612,118486,Suspect_5612
S5613,127352,Suspect_5613
S5614,30622,Suspect_5614
S5615,462946,Suspect_5615
S5616,177243,Suspect_5616
S5617,129473,Suspect_5617
S5618,398826,Suspect_5618
S5619,181655,Suspect_5619
S5620,113801,Suspect_5620
S5621,417605,Suspect_5621
S5622,140516,Suspect_5622
S5623,85221,Suspect_5623
S5624,484506,Suspect_5624
S5625,148362,Suspect_5625
S5626,87509,Suspect_5626
S5627,411450,Suspect_5627
S5628,314890,Suspect_5628
S5629,200597,Suspect_5629
S5630,290444,Suspect_5630
S5631,279494,Suspect_5631
S5632,188689,Suspect_5632
S5633,33293,Suspect_5633
S5634,160663,Suspect_5634
S5635,219564,Suspect_5635
S5636,264538,Suspect_5636
S5637,372378,Suspect_5637
S5638,449784,Suspect_5638
S5639,227336,Suspect_5639
S5640,181751,Suspect_5640
S5641,480563,Suspect_5641
S5642,206701,Suspect_5642
S5643,344672,Suspect_5643
S5644,367509,Suspect_5644
S5645,100905,Suspect_5645
S5646,151361,Suspect_5646
S5647,368624,Suspect_5647
S5648,142976,Suspect_5648
S5649,44057,Suspect_5649
S5650,99108,Suspect_5650
S5651,330186,Suspect_5651
S5652,301725,Suspect_5652
S5653,280771,Suspect_5653
S5654,415672,Suspect_5654
S5655,100067,Suspect_5655
S5656,167283,Suspect_5656
S5657,228535,Suspect_5657
S5658,74437,Suspect_5658
S5659,232079,Suspect_5659
S5660,106900,Suspect_5660
S5661,44707,Suspect_5661
S5662,335998,Suspect_5662
S5663,443049,Suspect_5663
S5664,373045,Suspect_5664
S5665,162286,Suspect_5665
S5666,199324,Suspect_5666
S5667,106537,Suspect_5667
S5668,64741,Suspect_5668
S5669,262693,Suspect_5669
S5670,294873,Suspect_5670
S5671,97643,Suspect_5671
S5672,118591,Suspect_5672
S5673,271763,Suspect_5673
S5674,347560,Suspect_5674
S5675,194643,Suspect_5675
S5676,221335,Suspect_5676
S5677,189371,Suspect_5677
S5678,370352,Suspect_5678
S5679,446048,Suspect_5679
S5680,119755,Suspect_5680
S5681,6833,Suspect_5681
S5682,83173,Suspect_5682
S5683,131507,Suspect_5683
S5684,47196,Suspect_5684
S5685,245268,Suspect_5685
S5686,78589,Suspect_5686
S5687,293733,Suspect_5687
S5688,1020,Suspect_5688
S5689,312220,Suspect_5689
S5690,421913,Suspect_5690
S5691,188314,Suspect_5691
S5692,225314,Suspect_5692
S5693,117270,Suspect_5693
S5694,151023,Suspect_5694
S5695,7114,Suspect_5695
S5696,193510,Suspect_5696
S5697,475173,Suspect_5697
S5698,51169,Suspect_5698
S5699,99865,Suspect_5699
S5700,79649,Suspect_5700
S5701,62817,Suspect_5701
S5702,330944,Suspect_5702
S5703,311155,Suspect_5703
S5704,155670,Suspect_5704
S5705,260951,Suspect_5705
S5706,452330,Suspect_5706
S5707,372514,Suspect_5707
S5708,342436,Suspect_5708
S5709,229218,Suspect_5709
S5710,321708,Suspect_5710
S5711,148804,Suspect_5711
S5712,455474,Suspect_5712
S5713,398033,Suspect_5713
S5714,476839,Suspect_5714
S5715,216011,Suspect_5715
S5716,240177,Suspect_5716
S5717,428897,Suspect_5717
S5718,214534,Suspect_5718
S5719,242384,Suspect_5719
S5720,295235,Suspect_5720
S5721,234872,Suspect_5721
S5722,235330,Suspect_5722
S5723,448593,Suspect_5723
S5724,136809,Suspect_5724
S5725,191013,Suspect_5725
S5726,52365,Suspect_5726
S5727,306137,Suspect_5727
S5728,220821,Suspect_5728
S5729,272834,Suspect_5729
S5730,422249,Suspect_5730
S5731,279352,Suspect_5731
S5732,465503,Suspect_5732
S5733,115396,Suspect_5733
S5734,139524,Suspect_5734
S5735,453047,Suspect_5735
S5736,324532,Suspect_5736
S5737,463233,Suspect_5737
S5738,117544,Suspect_5738
S5739,62498,Suspect_5739
S5740,166988,Suspect_5740
S5741,29145,Suspect_5741
S5742,220038,Suspect_5742
S5743,47848,Suspect_5743
S5744,340812,Suspect_5744
S5745,458339,Suspect_5745
S5746,54740,Suspect_5746
S5747,465381,Suspect_5747
S5748,279800,Suspect_5748
S5749,321625,Suspect_5749
S5750,325441,Suspect_5750
S5751,366588,Suspect_5751
S5752,297033,Suspect_5752
S5753,262707,Suspect_5753
S5754,404141,Suspect_5754
S5755,168914,Suspect_5755
S5756,428096,Suspect_5756
S5757,20975,Suspect_5757
S5758,227451,Suspect_5758
S5759,458822,Suspect_5759
S5760,422835,Suspect_5760
S5761,123846,Suspect_5761
S5762,435796,Suspect_5762
S5763,177049,Suspect_5763
S5764,262847,Suspect_5764
S5765,225374,Suspect_5765
S5766,6165,Suspect_5766
S5767,411372,Suspect_5767
S5768,111260,Suspect_5768
S5769,127751,Suspect_5769
S5770,347255,Suspect_5770
S5771,274213,Suspect_5771
S5772,97562,Suspect_5772
S5773,485212,Suspect_5773
S5774,382897,Suspect_5774
S5775,163977,Suspect_5775
S5776,82566,Suspect_5776
S5777,115871,Suspect_5777
S5778,113583,Suspect_5778
S5779,56669,Suspect_5779
S5780,144900,Suspect_5780
S5781,435495,Suspect_5781
S5782,62770,Suspect_5782
S5783,246673,Suspect_5783
S5784,444987,Suspect_5784
S5785,164334,Suspect_5785
S5786,11049,Suspect_5786
S5787,310926,Suspect_5787
S5788,331689,Suspect_5788
S5789,438300,Suspect_5789
S5790,430781,Suspect_5790
S5791,9329,Suspect_5791
S5792,365823,Suspect_5792
S5793,19105,Suspect_5793
S5794,29997,Suspect_5794
S5795,334100,Suspect_5795
S5796,181228,Suspect_5796
S5797,97614,Suspect_5797
S5798,115277,Suspect_5798
S5799,217213,Suspect_5799
S5800,310240,Suspect_5800
S5801,14365,Suspect_5801
S5802,44933,Suspect_5802
S5803,299180,Suspect_5803
S5804,499942,Suspect_5804
S5805,244221,Suspect_5805
S5806,462767,Suspect_5806
S5807,343444,Suspect_5807
S5808,177639,Suspect_5808
S5809,278189,Suspect_5809
S5810,271119,Suspect_5810
S5811,304141,Suspect_5811
S5812,225424,Suspect_5812
S5813,58872,Suspect_5813
S5814,454590,Suspect_5814
S5815,241463,Suspect_5815
S5816,442910,Suspect_5816
S5817,70321,Suspect_5817
S5818,107226,Suspect_5818
S5819,206739,Suspect_5819
S5820,427695,Suspect_5820
S5821,235241,Suspect_5821
S5822,103307,Suspect_5822
S5823,246895,Suspect_5823
S5824,211657,Suspect_5824
S5825,106384,Suspect_5825
S5826,166718,Suspect_5826
S5827,471679,Suspect_5827
S5828,305400,Suspect_5828
S5829,218237,Suspect_5829
S5830,74850,Suspect_5830
S5831,106265,Suspect_5831
S5832,239321,Suspect_5832
S5833,300190,Suspect_5833
S5834,459925,Suspect_5834
S5835,296315,Suspect_5835
S5836,301424,Suspect_5836
S5837,162579,Suspect_5837
S5838,227116,Suspect_5838
S5839,300310,Suspect_5839
S5840,404443,Suspect_5840
S5841,34201,Suspect_5841
S5842,335833,Suspect_5842
S5843,448499,Suspect_5843
S5844,87801,Suspect_5844
S5845,83449,Suspect_5845
S5846,83350,Suspect_5846
S5847,312402,Suspect_5847
S5848,401814,Suspect_5848
S5849,83322,Suspect_5849
S5850,36785,Suspect_5850
S5851,6714,Suspect_5851
S5852,181670,Suspect_5852
S5853,68180,Suspect_5853
S5854,131485,Suspect_5854
S5855,151975,Suspect_5855
S5856,304767,Suspect_5856
S5857,2083,Suspect_5857
S5858,163705,Suspect_5858
S5859,204386,Suspect_5859
S5860,461751,Suspect_5860
S5861,294966,Suspect_5861
S5862,138805,Suspect_5862
S5863,231690,Suspect_5863
S5864,18466,Suspect_5864
S5865,2300,Suspect_5865
S5866,449737,Suspect_5866
S5867,59181,Suspect_5867
S5868,311504,Suspect_5868
S5869,198278,Suspect_5869
S5870,448160,Suspect_5870
S5871,45107,Suspect_5871
S5872,184547,Suspect_5872
S5873,70521,Suspect_5873
S5874,471333,Suspect_5874
S5875,263045,Suspect_5875
S5876,437306,Suspect_5876
S5877,352842,Suspect_5877
S5878,368023,Suspect_5878
S5879,318817,Suspect_5879
S5880,71454,Suspect_5880
S5881,442877,Suspect_5881
S5882,71364,Suspect_5882
S5883,60176,Suspect_5883
S5884,341239,Suspect_5884
S5885,79802,Suspect_5885
S5886,180144,Suspect_5886
S5887,289644,Suspect_5887
S5888,458123,Suspect_5888
S5889,382259,Suspect_5889
S5890,34939,Suspect_5890
S5891,299447,Suspect_5891
S5892,353362,Suspect_5892
S5893,373971,Suspect_5893
S5894,412664,Suspect_5894
S5895,295159,Suspect_5895
S5896,458390,Suspect_5896
S5897,78483,Suspect_5897
S5898,190042,Suspect_5898
S5899,54768,Suspect_5899
S5900,305253,Suspect_5900
S5901,15903,Suspect_5901
S5902,457601,Suspect_5902
S5903,491439,Suspect_5903
S5904,488814,Suspect_5904
S5905,72283,Suspect_5905
S5906,473545,Suspect_5906
S5907,272462,Suspect_5907
S5908,265225,Suspect_5908
S5909,213667,Suspect_5909
S5910,324402,Suspect_5910
S5911,490780,Suspect_5911
S5912,19985,Suspect_5912
S5913,238891,Suspect_5913
S5914,476973,Suspect_5914
S5915,312246,Suspect_5915
S5916,20234,Suspect_5916
S5917,349698,Suspect_5917
S5918,165855,Suspect_5918
S5919,9379,Suspect_5919
S5920,87606,Suspect_5920
S5921,280777,Suspect_5921
S5922,67420,Suspect_5922
S5923,206067,Suspect_5923
S5924,405046,Suspect_5924
S5925,240585,Suspect_5925
S5926,358847,Suspect_5926
S5927,378141,Suspect_5927
S5928,113569,Suspect_5928
S5929,244717,Suspect_5929
S5930,407354,Suspect_5930
S5931,306730,Suspect_5931
S5932,130018,Suspect_5932
S5933,408287,Suspect_5933
S5934,326846,Suspect_5934
S5935,367475,Suspect_5935
S5936,469339,Suspect_5936
S5937,126725,Suspect_5937
S5938,140047,Suspect_5938
S5939,153150,Suspect_5939
S5940,127715,Suspect_5940
S5941,469441,Suspect_5941
S5942,362151,Suspect_5942
S5943,183058,Suspect_5943
S5944,297309,Suspect_5944
S5945,498831,Suspect_5945
S5946,45555,Suspect_5946
S5947,409603,Suspect_5947
S5948,61389,Suspect_5948
S5949,121744,Suspect_5949
S5950,337251,Suspect_5950
S5951,211888,Suspect_5951
S5952,447562,Suspect_5952
S5953,135662,Suspect_5953
S5954,479125,Suspect_5954
S5955,228411,Suspect_5955
S5956,120668,Suspect_5956
S5957,99896,Suspect_5957
S5958,492351,Suspect_5958
S5959,243156,Suspect_5959
S5960,123827,Suspect_5960
S5961,278009,Suspect_5961
S5962,196562,Suspect_5962
S5963,135817,Suspect_5963
S5964,153027,Suspect_5964
S5965,383503,Suspect_5965
S5966,32961,Suspect_5966
S5967,354919,Suspect_5967
S5968,413522,Suspect_5968
S5969,478167,Suspect_5969
S5970,133192,Suspect_5970
S5971,245954,Suspect_5971
S5972,431803,Suspect_5972
S5973,68395,Suspect_5973
S5974,271600,Suspect_5974
S5975,188086,Suspect_5975
S5976,415644,Suspect_5976
S5977,107456,Suspect_5977
S5978,43386,Suspect_5978
S5979,497574,Suspect_5979
S5980,150413,Suspect_5980
S5981,243948,Suspect_5981
S5982,296632,Suspect_5982
S5983,96384,Suspect_5983
S5984,288852,Suspect_5984
S5985,169801,Suspect_5985
S5986,163773,Suspect_5986
S5987,443886,Suspect_5987
S5988,132277,Suspect_5988
S5989,246904,Suspect_5989
S5990,224311,Suspect_5990
S5991,123640,Suspect_5991
S5992,133928,Suspect_5992
S5993,67853,Suspect_5993
S5994,124430,Suspect_5994
S5995,420512,Suspect_5995
S5996,55360,Suspect_5996
S5997,82229,Suspect_5997
S5998,83017,Suspect_5998
S5999,112541,Suspect_5999
S6000,403226,Suspect_6000
S6001,411442,Suspect_6001
S6002,54481,Suspect_6002
S6003,400637,Suspect_6003
S6004,492431,Suspect_6004
S6005,78069,Suspect_6005
S6006,366995,Suspect_6006
S6007,329117,Suspect_6007
S6008,340015,Suspect_6008
S6009,399165,Suspect_6009
S6010,371187,Suspect_6010
S6011,188871,Suspect_6011
S6012,17769,Suspect_6012
S6013,280592,Suspect_6013
S6014,231305,Suspect_6014
S6015,348797,Suspect_6015
S6016,164402,Suspect_6016
S6017,54494,Suspect_6017
S6018,439270,Suspect_6018
S6019,460391,Suspect_6019
S6020,493435,Suspect_6020
S6021,75530,Suspect_6021
S6022,64886,Suspect_6022
S6023,148019,Suspect_6023
S6024,329039,Suspect_6024
S6025,79779,Suspect_6025
S6026,330884,Suspect_6026
S6027,334263,Suspect_6027
S6028,480696,Suspect_6028
S6029,454500,Suspect_6029
S6030,461684,Suspect_6030
S6031,273184,Suspect_6031
S6032,91860,Suspect_6032
S6033,236162,Suspect_6033
S6034,361688,Suspect_6034
S6035,44116,Suspect_6035
S6036,170641,Suspect_6036
S6037,273690,Suspect_6037
S6038,458216,Suspect_6038
S6039,78594,Suspect_6039
S6040,342541,Suspect_6040
S6041,491324,Suspect_6041
S6042,360028,Suspect_6042
S6043,236751,Suspect_6043
S6044,94361,Suspect_6044
S6045,395823,Suspect_6045
S6046,441646,Suspect_6046
S6047,251120,Suspect_6047
S6048,64785,Suspect_6048
S6049,208557,Suspect_6049
S6050,263563,Suspect_6050
S6051,452542,Suspect_6051
S6052,464094,Suspect_6052
S6053,428658,Suspect_6053
S6054,325835,Suspect_6054
S6055,416858,Suspect_6055
S6056,409777,Suspect_6056
S6057,220045,Suspect_6057
S6058,7000,Suspect_6058
S6059,162250,Suspect_6059
S6060,130123,Suspect_6060
S6061,179611,Suspect_6061
S6062,46903,Suspect_6062
S6063,1843,Suspect_6063
S6064,261194,Suspect_6064
S6065,287749,Suspect_6065
S6066,24006,Suspect_6066
S6067,128107,Suspect_6067
S6068,139506,Suspect_6068
S6069,65139,Suspect_6069
S6070,374830,Suspect_6070
S6071,218449,Suspect_6071
S6072,421109,Suspect_6072
S6073,95753,Suspect_6073
S6074,8178,Suspect_6074
S6075,41457,Suspect_6075
S6076,370579,Suspect_6076
S6077,236787,Suspect_6077
S6078,145982,Suspect_6078
S6079,399553,Suspect_6079
S6080,110839,Suspect_6080
S6081,115734,Suspect_6081
S6082,409556,Suspect_6082
S6083,168143,Suspect_6083
S6084,172937,Suspect_6084
S6085,223076,Suspect_6085
S6086,207588,Suspect_6086
S6087,230448,Suspect_6087
S6088,210243,Suspect_6088
S6089,102676,Suspect_6089
S6090,313286,Suspect_6090
S6091,294409,Suspect_6091
S6092,184400,Suspect_6092
S6093,493170,Suspect_6093
S6094,70036,Suspect_6094
S6095,111333,Suspect_6095
S6096,347599,Suspect_6096
S6097,3819,Suspect_6097
S6098,491462,Suspect_6098
S6099,185876,Suspect_6099
S6100,218611,Suspect_6100
S6101,443482,Suspect_6101
S6102,450956,Suspect_6102
S6103,449178,Suspect_6103
S6104,137183,Suspect_6104
S6105,327622,Suspect_6105
S6106,82974,Suspect_6106
S6107,493072,Suspect_6107
S6108,236211,Suspect_6108
S6109,343936,Suspect_6109
S6110,155514,Suspect_6110
S6111,98018,Suspect_6111
S6112,114309,Suspect_6112
S6113,439105,Suspect_6113
S6114,71592,Suspect_6114
S6115,438488,Suspect_6115
S6116,63518,Suspect_6116
S6117,389702,Suspect_6117
S6118,147801,Suspect_6118
S6119,160401,Suspect_6119
S6120,94986,Suspect_6120
S6121,118353,Suspect_6121
S6122,432955,Suspect_6122
S6123,190910,Suspect_6123
S6124,208785,Suspect_6124
S6125,245055,Suspect_6125
S6126,236432,Suspect_6126
S6127,97439,Suspect_6127
S6128,99738,Suspect_6128
S6129,275192,Suspect_6129
S6130,286770,Suspect_6130
S6131,196205,Suspect_6131
S6132,334556,Suspect_6132
S6133,483743,Suspect_6133
S6134,282025,Suspect_6134
S6135,479816,Suspect_6135
S6136,247080,Suspect_6136
S6137,466971,Suspect_6137
S6138,306431,Suspect_6138
S6139,159611,Suspect_6139
S6140,428412,Suspect_6140
S6141,280050,Suspect_6141
S6142,156903,Suspect_6142
S6143,149657,Suspect_6143
S6144,186387,Suspect_6144
S6145,400826,Suspect_6145
S6146,14726,Suspect_6146
S6147,293600,Suspect_6147
S6148,264175,Suspect_6148
S6149,73489,Suspect_6149
S6150,270154,Suspect_6150
S6151,303004,Suspect_6151
S6152,121320,Suspect_6152
S6153,219750,Suspect_6153
S6154,387614,Suspect_6154
S6155,247193,Suspect_6155
S6156,237138,Suspect_6156
S6157,413560,Suspect_6157
S6158,184540,Suspect_6158
S6159,403194,Suspect_6159
S6160,495228,Suspect_6160
S6161,405552,Suspect_6161
S6162,448042,Suspect_6162
S6163,57739,Suspect_6163
S6164,340825,Suspect_6164
S6165,78085,Suspect_6165
S6166,149883,Suspect_6166
S6167,325033,Suspect_6167
S6168,109666,Suspect_6168
S6169,382590,Suspect_6169
S6170,102843,Suspect_6170
S6171,139319,Suspect_6171
S6172,61470,Suspect_6172
S6173,183199,Suspect_6173
S6174,392446,Suspect_6174
S6175,19938,Suspect_6175
S6176,39797,Suspect_6176
S6177,127600,Suspect_6177
S6178,293948,Suspect_6178
S6179,187330,Suspect_6179
S6180,66394,Suspect_6180
S6181,24239,Suspect_6181
S6182,38142,Suspect_6182
S6183,354855,Suspect_6183
S6184,444014,Suspect_6184
S6185,138664,Suspect_6185
S6186,21080,Suspect_6186
S6187,326504,Suspect_6187
S6188,144255,Suspect_6188
S6189,152540,Suspect_6189
S6190,197887,Suspect_6190
S6191,393224,Suspect_6191
S6192,482944,Suspect_6192
S6193,295544,Suspect_6193
S6194,254022,Suspect_6194
S6195,324128,Suspect_6195
S6196,27543,Suspect_6196
S6197,126799,Suspect_6197
S6198,459103,Suspect_6198
S6199,480956,Suspect_6199
S6200,366339,Suspect_6200
S6201,347996,Suspect_6201
S6202,16409,Suspect_6202
S6203,152642,Suspect_6203
S6204,246252,Suspect_6204
S6205,176227,Suspect_6205
S6206,314846,Suspect_6206
S6207,146634,Suspect_6207
S6208,280835,Suspect_6208
S6209,18529,Suspect_6209
S6210,42296,Suspect_6210
S6211,90182,Suspect_6211
S6212,209781,Suspect_6212
S6213,285976,Suspect_6213
S6214,274752,Suspect_6214
S6215,241759,Suspect_6215
S6216,255155,Suspect_6216
S6217,10262,Suspect_6217
S6218,97708,Suspect_6218
S6219,224032,Suspect_6219
S6220,307024,Suspect_6220
S6221,454041,Suspect_6221
S6222,447965,Suspect_6222
S6223,343395,Suspect_6223
S6224,15638,Suspect_6224
S6225,268048,Suspect_6225
S6226,293836,Suspect_6226
S6227,408729,Suspect_6227
S6228,38771,Suspect_6228
S6229,187352,Suspect_6229
S6230,474689,Suspect_6230
S6231,34213,Suspect_6231
S6232,318565,Suspect_6232
S6233,255845,Suspect_6233
S6234,469561,Suspect_6234
S6235,225259,Suspect_6235
S6236,472128,Suspect_6236
S6237,297193,Suspect_6237
S6238,19385,Suspect_6238
S6239,3632,Suspect_6239
S6240,54240,Suspect_6240
S6241,366130,Suspect_6241
S6242,171042,Suspect_6242
S6243,359742,Suspect_6243
S6244,67032,Suspect_6244
S6245,377598,Suspect_6245
S6246,22910,Suspect_6246
S6247,111205,Suspect_6247
S6248,360696,Suspect_6248
S6249,126228,Suspect_6249
S6250,55827,Suspect_6250
S6251,497411,Suspect_6251
S6252,97162,Suspect_6252
S6253,31087,Suspect_6253
S6254,55620,Suspect_6254
S6255,287349,Suspect_6255
S6256,423997,Suspect_6256
S6257,162017,Suspect_6257
S6258,81717,Suspect_6258
S6259,134505,Suspect_6259
S6260,125392,Suspect_6260
S6261,285378,Suspect_6261
S6262,242428,Suspect_6262
S6263,424803,Suspect_6263
S6264,266462,Suspect_6264
S6265,410805,Suspect_6265
S6266,78984,Suspect_6266
S6267,8200,Suspect_6267
S6268,139190,Suspect_6268
S6269,106363,Suspect_6269
S6270,56689,Suspect_6270
S6271,330931,Suspect_6271
S6272,98786,Suspect_6272
S6273,414475,Suspect_6273
S6274,54377,Suspect_6274
S6275,448714,Suspect_6275
S6276,181372,Suspect_6276
S6277,290642,Suspect_6277
S6278,385185,Suspect_6278
S6279,276748,Suspect_6279
S6280,411979,Suspect_6280
S6281,71357,Suspect_6281
S6282,136955,Suspect_6282
S6283,221885,Suspect_6283
S6284,350035,Suspect_6284
S6285,277312,Suspect_6285
S6286,34089,Suspect_6286
S6287,487321,Suspect_6287
S6288,210207,Suspect_6288
S6289,31037,Suspect_6289
S6290,381083,Suspect_6290
S6291,90829,Suspect_6291
S6292,98364,Suspect_6292
S6293,453117,Suspect_6293
S6294,273123,Suspect_6294
S6295,407199,Suspect_6295
S6296,408032,Suspect_6296
S6297,445793,Suspect_6297
S6298,267190,Suspect_6298
S6299,281018,Suspect_6299
S6300,182258,Suspect_6300
S6301,265232,Suspect_6301
S6302,191451,Suspect_6302
S6303,339578,Suspect_6303
S6304,395004,Suspect_6304
S6305,416240,Suspect_6305
S6306,347484,Suspect_6306
S6307,346443,Suspect_6307
S6308,324012,Suspect_6308
S6309,173673,Suspect_6309
S6310,96416,Suspect_6310
S6311,255421,Suspect_6311
S6312,163539,Suspect_6312
S6313,216148,Suspect_6313
S6314,177212,Suspect_6314
S6315,485135,Suspect_6315
S6316,473484,Suspect_6316
S6317,482643,Suspect_6317
S6318,145061,Suspect_6318
S6319,27457,Suspect_6319
S6320,277881,Suspect_6320
S6321,73360,Suspect_6321
S6322,389336,Suspect_6322
S6323,334796,Suspect_6323
S6324,167744,Suspect_6324
S6325,106467,Suspect_6325
S6326,135685,Suspect_6326
S6327,339461,Suspect_6327
S6328,44201,Suspect_6328
S6329,293398,Suspect_6329
S6330,311595,Suspect_6330
S6331,21030,Suspect_6331
S6332,420183,Suspect_6332
S6333,3673,Suspect_6333
S6334,372175,Suspect_6334
S6335,452838,Suspect_6335
S6336,111511,Suspect_6336
S6337,155970,Suspect_6337
S6338,189550,Suspect_6338
S6339,456280,Suspect_6339
S6340,145388,Suspect_6340
S6341,89162,Suspect_6341
S6342,27190,Suspect_6342
S6343,11855,Suspect_6343
S6344,52909,Suspect_6344
S6345,441685,Suspect_6345
S6346,194088,Suspect_6346
S6347,399600,Suspect_6347
S6348,126043,Suspect_6348
S6349,407933,Suspect_6349
S6350,78597,Suspect_6350
S6351,157325,Suspect_6351
S6352,427242,Suspect_6352
S6353,150786,Suspect_6353
S6354,481316,Suspect_6354
S6355,386512,Suspect_6355
S6356,175827,Suspect_6356
S6357,83409,Suspect_6357
S6358,316178,Suspect_6358
S6359,197675,Suspect_6359
S6360,446831,Suspect_6360
S6361,14104,Suspect_6361
S6362,402729,Suspect_6362
S6363,447188,Suspect_6363
S6364,103900,Suspect_6364
S6365,495716,Suspect_6365
S6366,100170,Suspect_6366
S6367,67177,Suspect_6367
S6368,65643,Suspect_6368
S6369,162873,Suspect_6369
S6370,425650,Suspect_6370
S6371,110975,Suspect_6371
S6372,480131,Suspect_6372
S6373,470717,Suspect_6373
S6374,247963,Suspect_6374
S6375,301815,Suspect_6375
S6376,293927,Suspect_6376
S6377,16448,Suspect_6377
S6378,397185,Suspect_6378
S6379,444107,Suspect_6379
S6380,347364,Suspect_6380
S6381,107559,Suspect_6381
S6382,269499,Suspect_6382
S6383,181852,Suspect_6383
S6384,73438,Suspect_6384
S6385,130360,Suspect_6385
S6386,306668,Suspect_6386
S6387,337063,Suspect_6387
S6388,487268,Suspect_6388
S6389,72707,Suspect_6389
S6390,421145,Suspect_6390
S6391,23291,Suspect_6391
S6392,465811,Suspect_6392
S6393,275192,Suspect_6393
S6394,302693,Suspect_6394
S6395,378504,Suspect_6395
S6396,415022,Suspect_6396
S6397,48849,Suspect_6397
S6398,441162,Suspect_6398
S6399,328382,Suspect_6399
S6400,351867,Suspect_6400
S6401,269772,Suspect_6401
S6402,313598,Suspect_6402
S6403,335736,Suspect_6403
S6404,146552,Suspect_6404
S6405,16099,Suspect_6405
S6406,388481,Suspect_6406
S6407,400281,Suspect_6407
S6408,498174,Suspect_6408
S6409,39082,Suspect_6409
S6410,96275,Suspect_6410
S6411,215574,Suspect_6411
S6412,112995,Suspect_6412
S6413,211591,Suspect_6413
S6414,336328,Suspect_6414
S6415,248880,Suspect_6415
S6416,242848,Suspect_6416
S6417,382678,Suspect_6417
S6418,233984,Suspect_6418
S6419,16321,Suspect_6419
S6420,317485,Suspect_6420
S6421,424082,Suspect_6421
S6422,137722,Suspect_6422
S6423,404211,Suspect_6423
S6424,221317,Suspect_6424
S6425,279144,Suspect_6425
S6426,257499,Suspect_6426
S6427,284927,Suspect_6427
S6428,121323,Suspect_6428
S6429,499409,Suspect_6429
S6430,462282,Suspect_6430
S6431,359196,Suspect_6431
S6432,323434,Suspect_6432
S6433,215203,Suspect_6433
S6434,319059,Suspect_6434
S6435,88697,Suspect_6435
S6436,350338,Suspect_6436
S6437,450276,Suspect_6437
S6438,172621,Suspect_6438
S6439,344810,Suspect_6439
S6440,428478,Suspect_6440
S6441,463682,Suspect_6441
S6442,483625,Suspect_6442
S6443,355937,Suspect_6443
S6444,325414,Suspect_6444
S6445,222030,Suspect_6445
S6446,262996,Suspect_6446
S6447,300982,Suspect_6447
S6448,404941,Suspect_6448
S6449,63452,Suspect_6449
S6450,26452,Suspect_6450
S6451,226231,Suspect_6451
S6452,140430,Suspect_6452
S6453,332984,Suspect_6453
S6454,445089,Suspect_6454
S6455,147514,Suspect_6455
S6456,35723,Suspect_6456
S6457,437406,Suspect_6457
S6458,186779,Suspect_6458
S6459,470766,Suspect_6459
S6460,183916,Suspect_6460
S6461,194180,Suspect_6461
S6462,333314,Suspect_6462
S6463,293443,Suspect_6463
S6464,362040,Suspect_6464
S6465,179900,Suspect_6465
S6466,244876,Suspect_6466
S6467,420959,Suspect_6467
S6468,93349,Suspect_6468
S6469,477838,Suspect_6469
S6470,429716,Suspect_6470
S6471,17383,Suspect_6471
S6472,73856,Suspect_6472
S6473,208947,Suspect_6473
S6474,112623,Suspect_6474
S6475,257149,Suspect_6475
S6476,313858,Suspect_6476
S6477,396444,Suspect_6477
S6478,17127,Suspect_6478
S6479,81650,Suspect_6479
S6480,448310,Suspect_6480
S6481,357472,Suspect_6481
S6482,95867,Suspect_6482
S6483,181483,Suspect_6483
S6484,487783,Suspect_6484
S6485,345587,Suspect_6485
S6486,290394,Suspect_6486
S6487,105536,Suspect_6487
S6488,202626,Suspect_6488
S6489,74944,Suspect_6489
S6490,315743,Suspect_6490
S6491,148099,Suspect_6491
S6492,54765,Suspect_6492
S6493,124918,Suspect_6493
S6494,466355,Suspect_6494
S6495,321907,Suspect_6495
S6496,293536,Suspect_6496
S6497,38497,Suspect_6497
S6498,192046,Suspect_6498
S6499,237230,Suspect_6499
S6500,378735,Suspect_6500
S6501,458761,Suspect_6501
S6502,347514,Suspect_6502
S6503,345939,Suspect_6503
S6504,38969,Suspect_6504
S6505,442444,Suspect_6505
S6506,308934,Suspect_6506
S6507,257130,Suspect_6507
S6508,67225,Suspect_6508
S6509,425682,Suspect_6509
S6510,341610,Suspect_6510
S6511,184467,Suspect_6511
S6512,80065,Suspect_6512
S6513,171993,Suspect_6513
S6514,96570,Suspect_6514
S6515,472950,Suspect_6515
S6516,253221,Suspect_6516
S6517,473101,Suspect_6517
S6518,485274,Suspect_6518
S6519,227215,Suspect_6519
S6520,130275,Suspect_6520
S6521,23461,Suspect_6521
S6522,289466,Suspect_6522
S6523,85131,Suspect_6523
S6524,154021,Suspect_6524
S6525,381302,Suspect_6525
S6526,139413,Suspect_6526
S6527,452346,Suspect_6527
S6528,138814,Suspect_6528
S6529,378169,Suspect_6529
S6530,41523,Suspect_6530
S6531,479923,Suspect_6531
S6532,459419,Suspect_6532
S6533,394257,Suspect_6533
S6534,356926,Suspect_6534
S6535,284717,Suspect_6535
S6536,269947,Suspect_6536
S6537,8894,Suspect_6537
S6538,74011,Suspect_6538
S6539,297657,Suspect_6539
S6540,276852,Suspect_6540
S6541,84890,Suspect_6541
S6542,229073,Suspect_6542
S6543,328816,Suspect_6543
S6544,461902,Suspect_6544
S6545,214819,Suspect_6545
S6546,325244,Suspect_6546
S6547,90430,Suspect_6547
S6548,445889,Suspect_6548
S6549,128305,Suspect_6549
S6550,207976,Suspect_6550
S6551,463296,Suspect_6551
S6552,102730,Suspect_6552
S6553,257195,Suspect_6553
S6554,197183,Suspect_6554
S6555,34380,Suspect_6555
S6556,53214,Suspect_6556
S6557,64705,Suspect_6557
S6558,310931,Suspect_6558
S6559,448810,Suspect_6559
S6560,74960,Suspect_6560
S6561,136292,Suspect_6561
S6562,135923,Suspect_6562
S6563,271311,Suspect_6563
S6564,299722,Suspect_6564
S6565,69507,Suspect_6565
S6566,147645,Suspect_6566
S6567,410639,Suspect_6567
S6568,423073,Suspect_6568
S6569,121620,Suspect_6569
S6570,422874,Suspect_6570
S6571,81450,Suspect_6571
S6572,464357,Suspect_6572
S6573,162417,Suspect_6573
S6574,384224,Suspect_6574
S6575,18807,Suspect_6575
S6576,104485,Suspect_6576
S6577,365041,Suspect_6577
S6578,203935,Suspect_6578
S6579,335721,Suspect_6579
S6580,383225,Suspect_6580
S6581,61978,Suspect_6581
S6582,287212,Suspect_6582
S6583,23865,Suspect_6583
S6584,329984,Suspect_6584
S6585,197422,Suspect_6585
S6586,377665,Suspect_6586
S6587,10231,Suspect_6587
S6588,388771,Suspect_6588
S6589,224196,Suspect_6589
S6590,266478,Suspect_6590
S6591,219511,Suspect_6591
S6592,188591,Suspect_6592
S6593,169011,Suspect_6593
S6594,481490,Suspect_6594
S6595,197791,Suspect_6595
S6596,56763,Suspect_6596
S6597,137961,Suspect_6597
S6598,271211,Suspect_6598
S6599,248874,Suspect_6599
S6600,330049,Suspect_6600
S6601,280714,Suspect_6601
S6602,426124,Suspect_6602
S6603,147219,Suspect_6603
S6604,4050,Suspect_6604
S6605,375051,Suspect_6605
S6606,491750,Suspect_6606
S6607,254266,Suspect_6607
S6608,307470,Suspect_6608
S6609,390693,Suspect_6609
S6610,252147,Suspect_6610
S6611,197362,Suspect_6611
S6612,488426,Suspect_6612
S6613,189779,Suspect_6613
S6614,222861,Suspect_6614
S6615,108006,Suspect_6615
S6616,237874,Suspect_6616
S6617,144272,Suspect_6617
S6618,75564,Suspect_6618
S6619,3690,Suspect_6619
S6620,119220,Suspect_6620
S6621,15179,Suspect_6621
S6622,436293,Suspect_6622
S6623,192343,Suspect_6623
S6624,198659,Suspect_6624
S6625,24085,Suspect_6625
S6626,397580,Suspect_6626
S6627,237787,Suspect_6627
S6628,66038,Suspect_6628
S6629,379974,Suspect_6629
S6630,236636,Suspect_6630
S6631,61124,Suspect_6631
S6632,123810,Suspect_6632
S6633,473824,Suspect_6633
S6634,82170,Suspect_6634
S6635,95715,Suspect_6635
S6636,460483,Suspect_6636
S6637,120593,Suspect_6637
S6638,221441,Suspect_6638
S6639,21213,Suspect_6639
S6640,322107,Suspect_6640
S6641,323279,Suspect_6641
S6642,398619,Suspect_6642
S6643,156699,Suspect_6643
S6644,105216,Suspect_6644
S6645,314359,Suspect_6645
S6646,463046,Suspect_6646
S6647,479707,Suspect_6647
S6648,454708,Suspect_6648
S6649,390681,Suspect_6649
S6650,34542,Suspect_6650
S6651,311472,Suspect_6651
S6652,143594,Suspect_6652
S6653,35902,Suspect_6653
S6654,7922,Suspect_6654
S6655,291115,Suspect_6655
S6656,12210,Suspect_6656
S6657,464834,Suspect_6657
S6658,294394,Suspect_6658
S6659,221470,Suspect_6659
S6660,110775,Suspect_6660
S6661,66241,Suspect_6661
S6662,130935,Suspect_6662
S6663,112570,Suspect_6663
S6664,455477,Suspect_6664
S6665,362860,Suspect_6665
S6666,43107,Suspect_6666
S6667,443662,Suspect_6667
S6668,413251,Suspect_6668
S6669,481363,Suspect_6669
S6670,317522,Suspect_6670
S6671,99964,Suspect_6671
S6672,469647,Suspect_6672
S6673,489294,Suspect_6673
S6674,8984,Suspect_6674
S6675,91850,Suspect_6675
S6676,487133,Suspect_6676
S6677,35505,Suspect_6677
S6678,370475,Suspect_6678
S6679,363073,Suspect_6679
S6680,83403,Suspect_6680
S6681,437733,Suspect_6681
S6682,370496,Suspect_6682
S6683,308207,Suspect_6683
S6684,91355,Suspect_6684
S6685,354726,Suspect_6685
S6686,269244,Suspect_6686
S6687,375586,Suspect_6687
S6688,72152,Suspect_6688
S6689,439575,Suspect_6689
S6690,481339,Suspect_6690
S6691,444278,Suspect_6691
S6692,15779,Suspect_6692
S6693,412050,Suspect_6693
S6694,241560,Suspect_6694
S6695,229291,Suspect_6695
S6696,300659,Suspect_6696
S6697,132252,Suspect_6697
S6698,95515,Suspect_6698
S6699,364224,Suspect_6699
S6700,137815,Suspect_6700
S6701,406442,Suspect_6701
S6702,70866,Suspect_6702
S6703,420175,Suspect_6703
S6704,89872,Suspect_6704
S6705,308569,Suspect_6705
S6706,305118,Suspect_6706
S6707,88772,Suspect_6707
S6708,227214,Suspect_6708
S6709,462145,Suspect_6709
S6710,33003,Suspect_6710
S6711,442633,Suspect_6711
S6712,329991,Suspect_6712
S6713,413223,Suspect_6713
S6714,263385,Suspect_6714
S6715,320115,Suspect_6715
S6716,274355,Suspect_6716
S6717,91194,Suspect_6717
S6718,72704,Suspect_6718
S6719,322274,Suspect_6719
S6720,342804,Suspect_6720
S6721,415194,Suspect_6721
S6722,420454,Suspect_6722
S6723,34967,Suspect_6723
S6724,286423,Suspect_6724
S6725,290443,Suspect_6725
S6726,349199,Suspect_6726
S6727,272690,Suspect_6727
S6728,365981,Suspect_6728
S6729,239046,Suspect_6729
S6730,362776,Suspect_6730
S6731,323208,Suspect_6731
S6732,434045,Suspect_6732
S6733,310,Suspect_6733
S6734,61421,Suspect_6734
S6735,428786,Suspect_6735
S6736,196593,Suspect_6736
S6737,113592,Suspect_6737
S6738,51732,Suspect_6738
S6739,439616,Suspect_6739
S6740,377894,Suspect_6740
S6741,375779,Suspect_6741
S6742,244201,Suspect_6742
S6743,106860,Suspect_6743
S6744,423755,Suspect_6744
S6745,386793,Suspect_6745
S6746,460657,Suspect_6746
S6747,403910,Suspect_6747
S6748,401152,Suspect_6748
S6749,121719,Suspect_6749
S6750,235514,Suspect_6750
S6751,91330,Suspect_6751
S6752,262324,Suspect_6752
S6753,59423,Suspect_6753
S6754,493371,Suspect_6754
S6755,6379,Suspect_6755
S6756,93239,Suspect_6756
S6757,74164,Suspect_6757
S6758,125025,Suspect_6758
S6759,480718,Suspect_6759
S6760,11376,Suspect_6760
S6761,257681,Suspect_6761
S6762,25311,Suspect_6762
S6763,406810,Suspect_6763
S6764,285707,Suspect_6764
S6765,20656,Suspect_6765
S6766,82449,Suspect_6766
S6767,276977,Suspect_6767
S6768,435617,Suspect_6768
S6769,27216,Suspect_6769
S6770,314653,Suspect_6770
S6771,318049,Suspect_6771
S6772,115084,Suspect_6772
S6773,150123,Suspect_6773
S6774,411893,Suspect_6774
S6775,397547,Suspect_6775
S6776,263978,Suspect_6776
S6777,453243,Suspect_6777
S6778,287856,Suspect_6778
S6779,269043,Suspect_6779
S6780,258205,Suspect_6780
S6781,32197,Suspect_6781
S6782,78204,Suspect_6782
S6783,279895,Suspect_6783
S6784,402389,Suspect_6784
S6785,339384,Suspect_6785
S6786,434787,Suspect_6786
S6787,171978,Suspect_6787
S6788,461791,Suspect_6788
S6789,191647,Suspect_6789
S6790,123305,Suspect_6790
S6791,16392,Suspect_6791
S6792,41496,Suspect_6792
S6793,35689,Suspect_6793
S6794,62733,Suspect_6794
S6795,444867,Suspect_6795
S6796,461961,Suspect_6796
S6797,432585,Suspect_6797
S6798,272126,Suspect_6798
S6799,267635,Suspect_6799
S6800,32865,Suspect_6800
S6801,341257,Suspect_6801
S6802,150144,Suspect_6802
S6803,326514,Suspect_6803
S6804,384299,Suspect_6804
S6805,107263,Suspect_6805
S6806,481149,Suspect_6806
S6807,356542,Suspect_6807
S6808,112307,Suspect_6808
S6809,224512,Suspect_6809
S6810,458973,Suspect_6810
S6811,472559,Suspect_6811
S6812,225491,Suspect_6812
S6813,241730,Suspect_6813
S6814,240879,Suspect_6814
S6815,443909,Suspect_6815
S6816,62373,Suspect_6816
S6817,82581,Suspect_6817
S6818,444011,Suspect_6818
S6819,328571,Suspect_6819
S6820,499258,Suspect_6820
S6821,9862,Suspect_6821
S6822,90696,Suspect_6822
S6823,386351,Suspect_6823
S6824,267721,Suspect_6824
S6825,7462,Suspect_6825
S6826,190618,Suspect_6826
S6827,470781,Suspect_6827
S6828,88563,Suspect_6828
S6829,347038,Suspect_6829
S6830,190249,Suspect_6830
S6831,63398,Suspect_6831
S6832,203010,Suspect_6832
S6833,210415,Suspect_6833
S6834,408734,Suspect_6834
S6835,64563,Suspect_6835
S6836,420240,Suspect_6836
S6837,360723,Suspect_6837
S6838,207996,Suspect_6838
S6839,334834,Suspect_6839
S6840,140982,Suspect_6840
S6841,365481,Suspect_6841
S6842,201487,Suspect_6842
S6843,47738,Suspect_6843
S6844,401552,Suspect_6844
S6845,95848,Suspect_6845
S6846,301994,Suspect_6846
S6847,62537,Suspect_6847
S6848,42310,Suspect_6848
S6849,26817,Suspect_6849
S6850,247737,Suspect_6850
S6851,78360,Suspect_6851
S6852,214751,Suspect_6852
S6853,108519,Suspect_6853
S6854,200932,Suspect_6854
S6855,24773,Suspect_6855
S6856,278663,Suspect_6856
S6857,436574,Suspect_6857
S6858,126258,Suspect_6858
S6859,294633,Suspect_6859
S6860,152623,Suspect_6860
S6861,498850,Suspect_6861
S6862,70475,Suspect_6862
S6863,155621,Suspect_6863
S6864,139966,Suspect_6864
S6865,374781,Suspect_6865
S6866,482237,Suspect_6866
S6867,421032,Suspect_6867
S6868,343715,Suspect_6868
S6869,338550,Suspect_6869
S6870,61246,Suspect_6870
S6871,73720,Suspect_6871
S6872,342190,Suspect_6872
S6873,246834,Suspect_6873
S6874,258483,Suspect_6874
S6875,175321,Suspect_6875
S6876,170710,Suspect_6876
S6877,308446,Suspect_6877
S6878,71148,Suspect_6878
S6879,214154,Suspect_6879
S6880,481046,Suspect_6880
S6881,108654,Suspect_6881
S6882,79234,Suspect_6882
S6883,492088,Suspect_6883
S6884,418685,Suspect_6884
S6885,160749,Suspect_6885
S6886,101355,Suspect_6886
S6887,498368,Suspect_6887
S6888,349704,Suspect_6888
S6889,459697,Suspect_6889
S6890,141700,Suspect_6890
S6891,157785,Suspect_6891
S6892,321991,Suspect_6892
S6893,62542,Suspect_6893
S6894,338756,Suspect_6894
S6895,45093,Suspect_6895
S6896,78701,Suspect_6896
S6897,141773,Suspect_6897
S6898,341872,Suspect_6898
S6899,255524,Suspect_6899
S6900,498880,Suspect_6900
S6901,119625,Suspect_6901
S6902,144763,Suspect_6902
S6903,346780,Suspect_6903
S6904,221324,Suspect_6904
S6905,377582,Suspect_6905
S6906,340174,Suspect_6906
S6907,216262,Suspect_6907
S6908,203521,Suspect_6908
S6909,16687,Suspect_6909
S6910,149313,Suspect_6910
S6911,252877,Suspect_6911
S6912,208069,Suspect_6912
S6913,241488,Suspect_6913
S6914,171889,Suspect_6914
S6915,1321,Suspect_6915
S6916,45812,Suspect_6916
S6917,408918,Suspect_6917
S6918,234,Suspect_6918
S6919,346877,Suspect_6919
S6920,122757,Suspect_6920
S6921,381235,Suspect_6921
S6922,60424,Suspect_6922
S6923,12818,Suspect_6923
S6924,103578,Suspect_6924
S6925,484627,Suspect_6925
S6926,285575,Suspect_6926
S6927,33924,Suspect_6927
S6928,277298,Suspect_6928
S6929,74340,Suspect_6929
S6930,159417,Suspect_6930
S6931,495857,Suspect_6931
S6932,221136,Suspect_6932
S6933,97795,Suspect_6933
S6934,264048,Suspect_6934
S6935,491437,Suspect_6935
S6936,195756,Suspect_6936
S6937,162174,Suspect_6937
S6938,370506,Suspect_6938
S6939,272539,Suspect_6939
S6940,434828,Suspect_6940
S6941,306385,Suspect_6941
S6942,401715,Suspect_6942
S6943,479958,Suspect_6943
S6944,80367,Suspect_6944
S6945,195212,Suspect_6945
S6946,209272,Suspect_6946
S6947,489686,Suspect_6947
S6948,30507,Suspect_6948
S6949,268646,Suspect_6949
S6950,57777,Suspect_6950
S6951,343415,Suspect_6951
S6952,156404,Suspect_6952
S6953,344326,Suspect_6953
S6954,170678,Suspect_6954
S6955,257015,Suspect_6955
S6956,274605,Suspect_6956
S6957,476506,Suspect_6957
S6958,64775,Suspect_6958
S6959,204884,Suspect_6959
S6960,186413,Suspect_6960
S6961,7895,Suspect_6961
S6962,431680,Suspect_6962
S6963,442220,Suspect_6963
S6964,436214,Suspect_6964
S6965,387941,Suspect_6965
S6966,351485,Suspect_6966
S6967,61490,Suspect_6967
S6968,159218,Suspect_6968
S6969,182233,Suspect_6969
S6970,77627,Suspect_6970
S6971,492467,Suspect_6971
S6972,494822,Suspect_6972
S6973,158720,Suspect_6973
S6974,177687,Suspect_6974
S6975,470907,Suspect_6975
S6976,411150,Suspect_6976
S6977,122555,Suspect_6977
S6978,399341,Suspect_6978
S6979,185531,Suspect_6979
S6980,440534,Suspect_6980
S6981,25579,Suspect_6981
S6982,431216,Suspect_6982
S6983,150990,Suspect_6983
S6984,281023,Suspect_6984
S6985,64131,Suspect_6985
S6986,23107,Suspect_6986
S6987,499215,Suspect_6987
S6988,383929,Suspect_6988
S6989,160510,Suspect_6989
S6990,82467,Suspect_6990
S6991,425718,Suspect_6991
S6992,284744,Suspect_6992
S6993,437293,Suspect_6993
S6994,40111,Suspect_6994
S6995,237550,Suspect_6995
S6996,290053,Suspect_6996
S6997,82305,Suspect_6997
S6998,399196,Suspect_6998
S6999,70065,Suspect_6999
S7000,389558,Suspect_7000
S7001,90943,Suspect_7001
S7002,84985,Suspect_7002
S7003,162339,Suspect_7003
S7004,372655,Suspect_7004
S7005,444319,Suspect_7005
S7006,301639,Suspect_7006
S7007,27598,Suspect_7007
S7008,258077,Suspect_7008
S7009,411895,Suspect_7009
S7010,342792,Suspect_7010
S7011,279675,Suspect_7011
S7012,325317,Suspect_7012
S7013,48307,Suspect_7013
S7014,469225,Suspect_7014
S7015,106174,Suspect_7015
S7016,383924,Suspect_7016
S7017,109725,Suspect_7017
S7018,209013,Suspect_7018
S7019,28066,Suspect_7019
S7020,460209,Suspect_7020
S7021,334061,Suspect_7021
S7022,115989,Suspect_7022
S7023,1679,Suspect_7023
S7024,363780,Suspect_7024
S7025,381655,Suspect_7025
S7026,63419,Suspect_7026
S7027,38374,Suspect_7027
S7028,99554,Suspect_7028
S7029,495080,Suspect_7029
S7030,69002,Suspect_7030
S7031,465192,Suspect_7031
S7032,75488,Suspect_7032
S7033,180803,Suspect_7033
S7034,294965,Suspect_7034
S7035,123221,Suspect_7035
S7036,223394,Suspect_7036
S7037,435864,Suspect_7037
S7038,361220,Suspect_7038
S7039,65569,Suspect_7039
S7040,277242,Suspect_7040
S7041,462738,Suspect_7041
S7042,474312,Suspect_7042
S7043,212493,Suspect_7043
S7044,329016,Suspect_7044
S7045,148389,Suspect_7045
S7046,393283,Suspect_7046
S7047,98409,Suspect_7047
S7048,32155,Suspect_7048
S7049,37129,Suspect_7049
S7050,478664,Suspect_7050
S7051,431169,Suspect_7051
S7052,281596,Suspect_7052
S7053,3056,Suspect_7053
S7054,328079,Suspect_7054
S7055,228574,Suspect_7055
S7056,147573,Suspect_7056
S7057,499706,Suspect_7057
S7058,355873,Suspect_7058
S7059,186413,Suspect_7059
S7060,276316,Suspect_7060
S7061,88936,Suspect_7061
S7062,136445,Suspect_7062
S7063,8013,Suspect_7063
S7064,164523,Suspect_7064
S7065,342426,Suspect_7065
S7066,201786,Suspect_7066
S7067,390160,Suspect_7067
S7068,478496,Suspect_7068
S7069,132905,Suspect_7069
S7070,195610,Suspect_7070
S7071,132660,Suspect_7071
S7072,411051,Suspect_7072
S7073,355876,Suspect_7073
S7074,104702,Suspect_7074
S7075,279985,Suspect_7075
S7076,289678,Suspect_7076
S7077,202584,Suspect_7077
S7078,429037,Suspect_7078
S7079,52776,Suspect_7079
S7080,433143,Suspect_7080
S7081,26207,Suspect_7081
S7082,237274,Suspect_7082
S7083,40021,Suspect_7083
S7084,136506,Suspect_7084
S7085,404005,Suspect_7085
S7086,458906,Suspect_7086
S7087,483367,Suspect_7087
S7088,417913,Suspect_7088
S7089,301911,Suspect_7089
S7090,420552,Suspect_7090
S7091,195627,Suspect_7091
S7092,366819,Suspect_7092
S7093,368053,Suspect_7093
S7094,204237,Suspect_7094
S7095,267338,Suspect_7095
S7096,442554,Suspect_7096
S7097,361154,Suspect_7097
S7098,122627,Suspect_7098
S7099,336607,Suspect_7099
S7100,25430,Suspect_7100
S7101,417019,Suspect_7101
S7102,442362,Suspect_7102
S7103,219918,Suspect_7103
S7104,263345,Suspect_7104
S7105,30447,Suspect_7105
S7106,384315,Suspect_7106
S7107,458610,Suspect_7107
S7108,266928,Suspect_7108
S7109,300809,Suspect_7109
S7110,29895,Suspect_7110
S7111,455322,Suspect_7111
S7112,142960,Suspect_7112
S7113,462295,Suspect_7113
S7114,314244,Suspect_7114
S7115,489890,Suspect_7115
S7116,326833,Suspect_7116
S7117,290378,Suspect_7117
S7118,147433,Suspect_7118
S7119,199891,Suspect_7119
S7120,482573,Suspect_7120
S7121,107790,Suspect_7121
S7122,204443,Suspect_7122
S7123,248565,Suspect_7123
S7124,447371,Suspect_7124
S7125,183314,Suspect_7125
S7126,333680,Suspect_7126
S7127,145334,Suspect_7127
S7128,387221,Suspect_7128
S7129,139640,Suspect_7129
S7130,307356,Suspect_7130
S7131,222727,Suspect_7131
S7132,162401,Suspect_7132
S7133,280873,Suspect_7133
S7134,178245,Suspect_7134
S7135,214865,Suspect_7135
S7136,382869,Suspect_7136
S7137,449859,Suspect_7137
S7138,469902,Suspect_7138
S7139,361792,Suspect_7139
S7140,406829,Suspect_7140
S7141,414058,Suspect_7141
S7142,444560,Suspect_7142
S7143,113649,Suspect_7143
S7144,231160,Suspect_7144
S7145,424359,Suspect_7145
S7146,155208,Suspect_7146
S7147,346840,Suspect_7147
S7148,341552,Suspect_7148
S7149,194434,Suspect_7149
S7150,413591,Suspect_7150
S7151,481934,Suspect_7151
S7152,69183,Suspect_7152
S7153,467557,Suspect_7153
S7154,461248,Suspect_7154
S7155,427894,Suspect_7155
S7156,434474,Suspect_7156
S7157,11399,Suspect_7157
S7158,305812,Suspect_7158
S7159,9867,Suspect_7159
S7160,23468,Suspect_7160
S7161,31449,Suspect_7161
S7162,391932,Suspect_7162
S7163,239893,Suspect_7163
S7164,74389,Suspect_7164
S7165,327488,Suspect_7165
S7166,446394,Suspect_7166
S7167,71588,Suspect_7167
S7168,447154,Suspect_7168
S7169,480473,Suspect_7169
S7170,414544,Suspect_7170
S7171,20298,Suspect_7171
S7172,353313,Suspect_7172
S7173,267355,Suspect_7173
S7174,416306,Suspect_7174
S7175,230883,Suspect_7175
S7176,112008,Suspect_7176
S7177,275044,Suspect_7177
S7178,250311,Suspect_7178
S7179,100043,Suspect_7179
S7180,157853,Suspect_7180
S7181,194925,Suspect_7181
S7182,438376,Suspect_7182
S7183,468186,Suspect_7183
S7184,247472,Suspect_7184
S7185,401953,Suspect_7185
S7186,386277,Suspect_7186
S7187,480080,Suspect_7187
S7188,176579,Suspect_7188
S7189,288585,Suspect_7189
S7190,44230,Suspect_7190
S7191,277391,Suspect_7191
S7192,25392,Suspect_7192
S7193,161474,Suspect_7193
S7194,359730,Suspect_7194
S7195,412029,Suspect_7195
S7196,242133,Suspect_7196
S7197,126434,Suspect_7197
S7198,456507,Suspect_7198
S7199,440996,Suspect_7199
S7200,497037,Suspect_7200
S7201,117659,Suspect_7201
S7202,463134,Suspect_7202
S7203,201543,Suspect_7203
S7204,438498,Suspect_7204
S7205,179442,Suspect_7205
S7206,101117,Suspect_7206
S7207,462179,Suspect_7207
S7208,76403,Suspect_7208
S7209,24040,Suspect_7209
S7210,141752,Suspect_7210
S7211,133756,Suspect_7211
S7212,205039,Suspect_7212
S7213,463153,Suspect_7213
S7214,261177,Suspect_7214
S7215,410130,Suspect_7215
S7216,44451,Suspect_7216
S7217,232213,Suspect_7217
S7218,465143,Suspect_7218
S7219,439022,Suspect_7219
S7220,388820,Suspect_7220
S7221,92571,Suspect_7221
S7222,159587,Suspect_7222
S7223,421177,Suspect_7223
S7224,412750,Suspect_7224
S7225,227004,Suspect_7225
S7226,33467,Suspect_7226
S7227,5308,Suspect_7227
S7228,415061,Suspect_7228
S7229,255394,Suspect_7229
S7230,28669,Suspect_7230
S7231,487249,Suspect_7231
S7232,356103,Suspect_7232
S7233,99953,Suspect_7233
S7234,285169,Suspect_7234
S7235,193257,Suspect_7235
S7236,34194,Suspect_7236
S7237,177614,Suspect_7237
S7238,282393,Suspect_7238
S7239,217669,Suspect_7239
S7240,208040,Suspect_7240
S7241,288312,Suspect_7241
S7242,12369,Suspect_7242
S7243,6403,Suspect_7243
S7244,212914,Suspect_7244
S7245,105645,Suspect_7245
S7246,257888,Suspect_7246
S7247,124224,Suspect_7247
S7248,246189,Suspect_7248
S7249,332389,Suspect_7249
S7250,458274,Suspect_7250
S7251,448075,Suspect_7251
S7252,75722,Suspect_7252
S7253,422204,Suspect_7253
S7254,322722,Suspect_7254
S7255,74911,Suspect_7255
S7256,28025,Suspect_7256
S7257,71309,Suspect_7257
S7258,9203,Suspect_7258
S7259,77622,Suspect_7259
S7260,429185,Suspect_7260
S7261,101738,Suspect_7261
S7262,403910,Suspect_7262
S7263,34356,Suspect_7263
S7264,317927,Suspect_7264
S7265,211421,Suspect_7265
S7266,99965,Suspect_7266
S7267,33179,Suspect_7267
S7268,258310,Suspect_7268
S7269,424525,Suspect_7269
S7270,195900,Suspect_7270
S7271,61961,Suspect_7271
S7272,83778,Suspect_7272
S7273,343573,Suspect_7273
S7274,97804,Suspect_7274
S7275,11332,Suspect_7275
S7276,217315,Suspect_7276
S7277,241897,Suspect_7277
S7278,265279,Suspect_7278
S7279,484277,Suspect_7279
S7280,383289,Suspect_7280
S7281,410391,Suspect_7281
S7282,414664,Suspect_7282
S7283,224027,Suspect_7283
S7284,248915,Suspect_7284
S7285,405215,Suspect_7285
S7286,31568,Suspect_7286
S7287,65783,Suspect_7287
S7288,90315,Suspect_7288
S7289,151698,Suspect_7289
S7290,5778,Suspect_7290
S7291,431516,Suspect_7291
S7292,223925,Suspect_7292
S7293,294915,Suspect_7293
S7294,136964,Suspect_7294
S7295,314529,Suspect_7295
S7296,285496,Suspect_7296
S7297,381720,Suspect_7297
S7298,152306,Suspect_7298
S7299,411896,Suspect_7299
S7300,89098,Suspect_7300
S7301,276062,Suspect_7301
S7302,428095,Suspect_7302
S7303,22667,Suspect_7303
S7304,450525,Suspect_7304
S7305,270577,Suspect_7305
S7306,18201,Suspect_7306
S7307,157350,Suspect_7307
S7308,292332,Suspect_7308
S7309,409609,Suspect_7309
S7310,352634,Suspect_7310
S7311,418239,Suspect_7311
S7312,2437,Suspect_7312
S7313,200157,Suspect_7313
S7314,75921,Suspect_7314
S7315,249557,Suspect_7315
S7316,481268,Suspect_7316
S7317,179599,Suspect_7317
S7318,47480,Suspect_7318
S7319,141278,Suspect_7319
S7320,397760,Suspect_7320
S7321,156069,Suspect_7321
S7322,443706,Suspect_7322
S7323,232363,Suspect_7323
S7324,356028,Suspect_7324
S7325,9526,Suspect_7325
S7326,410690,Suspect_7326
S7327,104741,Suspect_7327
S7328,303618,Suspect_7328
S7329,54161,Suspect_7329
S7330,290458,Suspect_7330
S7331,200390,Suspect_7331
S7332,170617,Suspect_7332
S7333,266756,Suspect_7333
S7334,25514,Suspect_7334
S7335,63511,Suspect_7335
S7336,339492,Suspect_7336
S7337,244980,Suspect_7337
S7338,388762,Suspect_7338
S7339,428497,Suspect_7339
S7340,126372,Suspect_7340
S7341,493399,Suspect_7341
S7342,472751,Suspect_7342
S7343,157181,Suspect_7343
S7344,217461,Suspect_7344
S7345,414276,Suspect_7345
S7346,202676,Suspect_7346
S7347,316609,Suspect_7347
S7348,169017,Suspect_7348
S7349,174654,Suspect_7349
S7350,384749,Suspect_7350
S7351,307180,Suspect_7351
S7352,292337,Suspect_7352
S7353,174255,Suspect_7353
S7354,145464,Suspect_7354
S7355,241596,Suspect_7355
S7356,473930,Suspect_7356
S7357,472939,Suspect_7357
S7358,272612,Suspect_7358
S7359,401702,Suspect_7359
S7360,439465,Suspect_7360
S7361,126654,Suspect_7361
S7362,85811,Suspect_7362
S7363,3622,Suspect_7363
S7364,398220,Suspect_7364
S7365,106345,Suspect_7365
S7366,220031,Suspect_7366
S7367,191337,Suspect_7367
S7368,197435,Suspect_7368
S7369,41551,Suspect_7369
S7370,315157,Suspect_7370
S7371,486463,Suspect_7371
S7372,219272,Suspect_7372
S7373,454384,Suspect_7373
S7374,72754,Suspect_7374
S7375,44049,Suspect_7375
S7376,14005,Suspect_7376
S7377,92207,Suspect_7377
S7378,158128,Suspect_7378
S7379,466872,Suspect_7379
S7380,41198,Suspect_7380
S7381,365228,Suspect_7381
S7382,160482,Suspect_7382
S7383,342763,Suspect_7383
S7384,291183,Suspect_7384
S7385,253475,Suspect_7385
S7386,480456,Suspect_7386
S7387,23620,Suspect_7387
S7388,250194,Suspect_7388
S7389,220556,Suspect_7389
S7390,15808,Suspect_7390
S7391,359020,Suspect_7391
S7392,270335,Suspect_7392
S7393,446426,Suspect_7393
S7394,192428,Suspect_7394
S7395,209479,Suspect_7395
S7396,119906,Suspect_7396
S7397,350204,Suspect_7397
S7398,33995,Suspect_7398
S7399,59339,Suspect_7399
S7400,107665,Suspect_7400
S7401,371856,Suspect_7401
S7402,10615,Suspect_7402
S7403,481054,Suspect_7403
S7404,64350,Suspect_7404
S7405,206632,Suspect_7405
S7406,187743,Suspect_7406
S7407,13907,Suspect_7407
S7408,204325,Suspect_7408
S7409,429523,Suspect_7409
S7410,138874,Suspect_7410
S7411,16499,Suspect_7411
S7412,16231,Suspect_7412
S7413,487205,Suspect_7413
S7414,27292,Suspect_7414
S7415,6958,Suspect_7415
S7416,318323,Suspect_7416
S7417,382025,Suspect_7417
S7418,330293,Suspect_7418
S7419,124978,Suspect_7419
S7420,494004,Suspect_7420
S7421,48721,Suspect_7421
S7422,412300,Suspect_7422
S7423,227741,Suspect_7423
S7424,375948,Suspect_7424
S7425,381885,Suspect_7425
S7426,350128,Suspect_7426
S7427,387308,Suspect_7427
S7428,386814,Suspect_7428
S7429,48825,Suspect_7429
S7430,174599,Suspect_7430
S7431,191819,Suspect_7431
S7432,159886,Suspect_7432
S7433,221946,Suspect_7433
S7434,200111,Suspect_7434
S7435,295378,Suspect_7435
S7436,64793,Suspect_7436
S7437,348706,Suspect_7437
S7438,121583,Suspect_7438
S7439,402961,Suspect_7439
S7440,44674,Suspect_7440
S7441,183684,Suspect_7441
S7442,371813,Suspect_7442
S7443,177222,Suspect_7443
S7444,382638,Suspect_7444
S7445,53882,Suspect_7445
S7446,310321,Suspect_7446
S7447,116820,Suspect_7447
S7448,245033,Suspect_7448
S7449,449438,Suspect_7449
S7450,289990,Suspect_7450
S7451,203161,Suspect_7451
S7452,225777,Suspect_7452
S7453,373378,Suspect_7453
S7454,413176,Suspect_7454
S7455,128663,Suspect_7455
S7456,220139,Suspect_7456
S7457,497970,Suspect_7457
S7458,31747,Suspect_7458
S7459,478518,Suspect_7459
S7460,28394,Suspect_7460
S7461,166445,Suspect_7461
S7462,476042,Suspect_7462
S7463,331464,Suspect_7463
S7464,494577,Suspect_7464
S7465,356796,Suspect_7465
S7466,364582,Suspect_7466
S7467,419621,Suspect_7467
S7468,145300,Suspect_7468
S7469,386980,Suspect_7469
S7470,486340,Suspect_7470
S7471,64126,Suspect_7471
S7472,65064,Suspect_7472
S7473,55329,Suspect_7473
S7474,87254,Suspect_7474
S7475,306810,Suspect_7475
S7476,383239,Suspect_7476
S7477,36944,Suspect_7477
S7478,384157,Suspect_7478
S7479,317405,Suspect_7479
S7480,151876,Suspect_7480
S7481,47798,Suspect_7481
S7482,477834,Suspect_7482
S7483,63021,Suspect_7483
S7484,439301,Suspect_7484
S7485,399561,Suspect_7485
S7486,37909,Suspect_7486
S7487,1698,Suspect_7487
S7488,382330,Suspect_7488
S7489,219570,Suspect_7489
S7490,64712,Suspect_7490
S7491,465921,Suspect_7491
S7492,136064,Suspect_7492
S7493,279522,Suspect_7493
S7494,415901,Suspect_7494
S7495,437555,Suspect_7495
S7496,137281,Suspect_7496
S7497,190509,Suspect_7497
S7498,94078,Suspect_7498
S7499,295905,Suspect_7499
S7500,322914,Suspect_7500
S7501,245448,Suspect_7501
S7502,258735,Suspect_7502
S7503,268592,Suspect_7503
S7504,311186,Suspect_7504
S7505,188486,Suspect_7505
S7506,259181,Suspect_7506
S7507,107668,Suspect_7507
S7508,198694,Suspect_7508
S7509,91866,Suspect_7509
S7510,429318,Suspect_7510
S7511,434955,Suspect_7511
S7512,482957,Suspect_7512
S7513,473394,Suspect_7513
S7514,259153,Suspect_7514
S7515,325196,Suspect_7515
S7516,275467,Suspect_7516
S7517,135538,Suspect_7517
S7518,172088,Suspect_7518
S7519,47423,Suspect_7519
S7520,94293,Suspect_7520
S7521,256797,Suspect_7521
S7522,213441,Suspect_7522
S7523,329787,Suspect_7523
S7524,78219,Suspect_7524
S7525,346818,Suspect_7525
S7526,158798,Suspect_7526
S7527,158240,Suspect_7527
S7528,33944,Suspect_7528
S7529,37757,Suspect_7529
S7530,69692,Suspect_7530
S7531,354037,Suspect_7531
S7532,301568,Suspect_7532
S7533,347898,Suspect_7533
S7534,142356,Suspect_7534
S7535,174267,Suspect_7535
S7536,292427,Suspect_7536
S7537,235634,Suspect_7537
S7538,130123,Suspect_7538
S7539,69777,Suspect_7539
S7540,21595,Suspect_7540
S7541,133140,Suspect_7541
S7542,60952,Suspect_7542
S7543,491967,Suspect_7543
S7544,329460,Suspect_7544
S7545,161867,Suspect_7545
S7546,86171,Suspect_7546
S7547,81237,Suspect_7547
S7548,137865,Suspect_7548
S7549,228573,Suspect_7549
S7550,330095,Suspect_7550
S7551,409299,Suspect_7551
S7552,404206,Suspect_7552
S7553,23777,Suspect_7553
S7554,457814,Suspect_7554
S7555,352428,Suspect_7555
S7556,399790,Suspect_7556
S7557,329188,Suspect_7557
S7558,212120,Suspect_7558
S7559,269288,Suspect_7559
S7560,450537,Suspect_7560
S7561,135130,Suspect_7561
S7562,106736,Suspect_7562
S7563,38277,Suspect_7563
S7564,135079,Suspect_7564
S7565,261854,Suspect_7565
S7566,94758,Suspect_7566
S7567,463684,Suspect_7567
S7568,82009,Suspect_7568
S7569,466873,Suspect_7569
S7570,269703,Suspect_7570
S7571,58359,Suspect_7571
S7572,487612,Suspect_7572
S7573,175504,Suspect_7573
S7574,305876,Suspect_7574
S7575,57251,Suspect_7575
S7576,348487,Suspect_7576
S7577,245698,Suspect_7577
S7578,230805,Suspect_7578
S7579,64145,Suspect_7579
S7580,363776,Suspect_7580
S7581,317455,Suspect_7581
S7582,240951,Suspect_7582
S7583,453406,Suspect_7583
S7584,45905,Suspect_7584
S7585,214831,Suspect_7585
S7586,64184,Suspect_7586
S7587,426328,Suspect_7587
S7588,217220,Suspect_7588
S7589,109610,Suspect_7589
S7590,377393,Suspect_7590
S7591,330215,Suspect_7591
S7592,481966,Suspect_7592
S7593,458074,Suspect_7593
S7594,158595,Suspect_7594
S7595,427278,Suspect_7595
S7596,487991,Suspect_7596
S7597,493831,Suspect_7597
S7598,470885,Suspect_7598
S7599,186735,Suspect_7599
S7600,451967,Suspect_7600
S7601,430760,Suspect_7601
S7602,377865,Suspect_7602
S7603,451567,Suspect_7603
S7604,21213,Suspect_7604
S7605,296752,Suspect_7605
S7606,260871,Suspect_7606
S7607,411268,Suspect_7607
S7608,347283,Suspect_7608
S7609,38789,Suspect_7609
S7610,72495,Suspect_7610
S7611,83461,Suspect_7611
S7612,370921,Suspect_7612
S7613,222704,Suspect_7613
S7614,154806,Suspect_7614
S7615,346274,Suspect_7615
S7616,155987,Suspect_7616
S7617,177964,Suspect_7617
S7618,53960,Suspect_7618
S7619,107029,Suspect_7619
S7620,144860,Suspect_7620
S7621,420989,Suspect_7621
S7622,91299,Suspect_7622
S7623,398074,Suspect_7623
S7624,174129,Suspect_7624
S7625,46876,Suspect_7625
S7626,3197,Suspect_7626
S7627,463005,Suspect_7627
S7628,228664,Suspect_7628
S7629,479787,Suspect_7629
S7630,410574,Suspect_7630
S7631,172844,Suspect_7631
S7632,56772,Suspect_7632
S7633,380579,Suspect_7633
S7634,419373,Suspect_7634
S7635,446907,Suspect_7635
S7636,32770,Suspect_7636
S7637,233027,Suspect_7637
S7638,369429,Suspect_7638
S7639,127765,Suspect_7639
S7640,221313,Suspect_7640
S7641,332644,Suspect_7641
S7642,368794,Suspect_7642
S7643,30151,Suspect_7643
S7644,379396,Suspect_7644
S7645,366683,Suspect_7645
S7646,56410,Suspect_7646
S7647,325167,Suspect_7647
S7648,186855,Suspect_7648
S7649,184973,Suspect_7649
S7650,212568,Suspect_7650
S7651,21987,Suspect_7651
S7652,233509,Suspect_7652
S7653,258278,Suspect_7653
S7654,158858,Suspect_7654
S7655,256863,Suspect_7655
S7656,188197,Suspect_7656
S7657,128128,Suspect_7657
S7658,6233,Suspect_7658
S7659,486834,Suspect_7659
S7660,142575,Suspect_7660
S7661,348521,Suspect_7661
S7662,261153,Suspect_7662
S7663,494970,Suspect_7663
S7664,113534,Suspect_7664
S7665,5098,Suspect_7665
S7666,124619,Suspect_7666
S7667,407092,Suspect_7667
S7668,422311,Suspect_7668
S7669,273668,Suspect_7669
S7670,295855,Suspect_7670
S7671,155875,Suspect_7671
S7672,170416,Suspect_7672
S7673,154058,Suspect_7673
S7674,267086,Suspect_7674
S7675,226136,Suspect_7675
S7676,460345,Suspect_7676
S7677,345443,Suspect_7677
S7678,209868,Suspect_7678
S7679,90943,Suspect_7679
S7680,369759,Suspect_7680
S7681,359533,Suspect_7681
S7682,86237,Suspect_7682
S7683,189263,Suspect_7683
S7684,252211,Suspect_7684
S7685,3284,Suspect_7685
S7686,398603,Suspect_7686
S7687,172312,Suspect_7687
S7688,86165,Suspect_7688
S7689,377531,Suspect_7689
S7690,442941,Suspect_7690
S7691,120204,Suspect_7691
S7692,239561,Suspect_7692
S7693,129776,Suspect_7693
S7694,272068,Suspect_7694
S7695,369194,Suspect_7695
S7696,354957,Suspect_7696
S7697,463109,Suspect_7697
S7698,127169,Suspect_7698
S7699,446773,Suspect_7699
S7700,176212,Suspect_7700
S7701,383219,Suspect_7701
S7702,443666,Suspect_7702
S7703,378657,Suspect_7703
S7704,494888,Suspect_7704
S7705,375088,Suspect_7705
S7706,435962,Suspect_7706
S7707,102057,Suspect_7707
S7708,165384,Suspect_7708
S7709,129582,Suspect_7709
S7710,233756,Suspect_7710
S7711,366736,Suspect_7711
S7712,283367,Suspect_7712
S7713,294518,Suspect_7713
S7714,2169,Suspect_7714
S7715,489030,Suspect_7715
S7716,283190,Suspect_7716
S7717,1054,Suspect_7717
S7718,376947,Suspect_7718
S7719,97983,Suspect_7719
S7720,364083,Suspect_7720
S7721,393593,Suspect_7721
S7722,241966,Suspect_7722
S7723,400611,Suspect_7723
S7724,138138,Suspect_7724
S7725,158795,Suspect_7725
S7726,291540,Suspect_7726
S7727,419105,Suspect_7727
S7728,43065,Suspect_7728
S7729,16005,Suspect_7729
S7730,393787,Suspect_7730
S7731,440894,Suspect_7731
S7732,400825,Suspect_7732
S7733,393528,Suspect_7733
S7734,327092,Suspect_7734
S7735,243080,Suspect_7735
S7736,154016,Suspect_7736
S7737,213765,Suspect_7737
S7738,11539,Suspect_7738
S7739,275843,Suspect_7739
S7740,102084,Suspect_7740
S7741,441154,Suspect_7741
S7742,52321,Suspect_7742
S7743,311075,Suspect_7743
S7744,285531,Suspect_7744
S7745,205592,Suspect_7745
S7746,213980,Suspect_7746
S7747,372001,Suspect_7747
S7748,174779,Suspect_7748
S7749,399580,Suspect_7749
S7750,204060,Suspect_7750
S7751,139894,Suspect_7751
S7752,349339,Suspect_7752
S7753,249951,Suspect_7753
S7754,273382,Suspect_7754
S7755,66585,Suspect_7755
S7756,365309,Suspect_7756
S7757,344678,Suspect_7757
S7758,320711,Suspect_7758
S7759,49103,Suspect_7759
S7760,484916,Suspect_7760
S7761,81302,Suspect_7761
S7762,44266,Suspect_7762
S7763,185827,Suspect_7763
S7764,275397,Suspect_7764
S7765,227859,Suspect_7765
S7766,204765,Suspect_7766
S7767,171488,Suspect_7767
S7768,206955,Suspect_7768
S7769,41696,Suspect_7769
S7770,90644,Suspect_7770
S7771,288022,Suspect_7771
S7772,369110,Suspect_7772
S7773,325034,Suspect_7773
S7774,25867,Suspect_7774
S7775,282844,Suspect_7775
S7776,160872,Suspect_7776
S7777,108541,Suspect_7777
S7778,426492,Suspect_7778
S7779,344735,Suspect_7779
S7780,495125,Suspect_7780
S7781,40035,Suspect_7781
S7782,241939,Suspect_7782
S7783,273380,Suspect_7783
S7784,163647,Suspect_7784
S7785,421109,Suspect_7785
S7786,169540,Suspect_7786
S7787,317797,Suspect_7787
S7788,377043,Suspect_7788
S7789,147946,Suspect_7789
S7790,147349,Suspect_7790
S7791,212466,Suspect_7791
S7792,292394,Suspect_7792
S7793,386071,Suspect_7793
S7794,494212,Suspect_7794
S7795,349852,Suspect_7795
S7796,219144,Suspect_7796
S7797,369279,Suspect_7797
S7798,451714,Suspect_7798
S7799,159872,Suspect_7799
S7800,22416,Suspect_7800
S7801,405220,Suspect_7801
S7802,280361,Suspect_7802
S7803,306451,Suspect_7803
S7804,36999,Suspect_7804
S7805,402386,Suspect_7805
S7806,328565,Suspect_7806
S7807,260634,Suspect_7807
S7808,54793,Suspect_7808
S7809,144788,Suspect_7809
S7810,372323,Suspect_7810
S7811,56293,Suspect_7811
S7812,447870,Suspect_7812
S7813,72180,Suspect_7813
S7814,293894,Suspect_7814
S7815,388728,Suspect_7815
S7816,190320,Suspect_7816
S7817,205248,Suspect_7817
S7818,298632,Suspect_7818
S7819,164276,Suspect_7819
S7820,426562,Suspect_7820
S7821,477962,Suspect_7821
S7822,471890,Suspect_7822
S7823,345780,Suspect_7823
S7824,114786,Suspect_7824
S7825,38915,Suspect_7825
S7826,337088,Suspect_7826
S7827,127482,Suspect_7827
S7828,359457,Suspect_7828
S7829,71164,Suspect_7829
S7830,93567,Suspect_7830
S7831,370244,Suspect_7831
S7832,37353,Suspect_7832
S7833,73583,Suspect_7833
S7834,261399,Suspect_7834
S7835,244434,Suspect_7835
S7836,28241,Suspect_7836
S7837,327305,Suspect_7837
S7838,60727,Suspect_7838
S7839,307157,Suspect_7839
S7840,23818,Suspect_7840
S7841,288347,Suspect_7841
S7842,492744,Suspect_7842
S7843,144892,Suspect_7843
S7844,264397,Suspect_7844
S7845,373397,Suspect_7845
S7846,128140,Suspect_7846
S7847,10898,Suspect_7847
S7848,142085,Suspect_7848
S7849,131168,Suspect_7849
S7850,197596,Suspect_7850
S7851,43650,Suspect_7851
S7852,154700,Suspect_7852
S7853,422363,Suspect_7853
S7854,219049,Suspect_7854
S7855,60434,Suspect_7855
S7856,403169,Suspect_7856
S7857,156575,Suspect_7857
S7858,388058,Suspect_7858
S7859,281421,Suspect_7859
S7860,292095,Suspect_7860
S7861,396680,Suspect_7861
S7862,381314,Suspect_7862
S7863,214120,Suspect_7863
S7864,353698,Suspect_7864
S7865,453060,Suspect_7865
S7866,438581,Suspect_7866
S7867,50996,Suspect_7867
S7868,319693,Suspect_7868
S7869,467007,Suspect_7869
S7870,465653,Suspect_7870
S7871,4189,Suspect_7871
S7872,26970,Suspect_7872
S7873,106179,Suspect_7873
S7874,489585,Suspect_7874
S7875,87578,Suspect_7875
S7876,58238,Suspect_7876
S7877,157818,Suspect_7877
S7878,88156,Suspect_7878
S7879,308321,Suspect_7879
S7880,169845,Suspect_7880
S7881,321972,Suspect_7881
S7882,95906,Suspect_7882
S7883,412226,Suspect_7883
S7884,421145,Suspect_7884
S7885,477034,Suspect_7885
S7886,248447,Suspect_7886
S7887,482953,Suspect_7887
S7888,402273,Suspect_7888
S7889,314432,Suspect_7889
S7890,453291,Suspect_7890
S7891,454876,Suspect_7891
S7892,492528,Suspect_7892
S7893,220150,Suspect_7893
S7894,303537,Suspect_7894
S7895,261261,Suspect_7895
S7896,24305,Suspect_7896
S7897,215269,Suspect_7897
S7898,177265,Suspect_7898
S7899,266607,Suspect_7899
S7900,291832,Suspect_7900
S7901,478929,Suspect_7901
S7902,261753,Suspect_7902
S7903,172526,Suspect_7903
S7904,177751,Suspect_7904
S7905,358454,Suspect_7905
S7906,6190,Suspect_7906
S7907,9518,Suspect_7907
S7908,232332,Suspect_7908
S7909,366196,Suspect_7909
S7910,470461,Suspect_7910
S7911,315484,Suspect_7911
S7912,312828,Suspect_7912
S7913,129978,Suspect_7913
S7914,133354,Suspect_7914
S7915,253710,Suspect_7915
S7916,62511,Suspect_7916
S7917,342599,Suspect_7917
S7918,21890,Suspect_7918
S7919,5382,Suspect_7919
S7920,176191,Suspect_7920
S7921,55634,Suspect_7921
S7922,132145,Suspect_7922
S7923,263707,Suspect_7923
S7924,66779,Suspect_7924
S7925,420543,Suspect_7925
S7926,234904,Suspect_7926
S7927,284464,Suspect_7927
S7928,133883,Suspect_7928
S7929,273715,Suspect_7929
S7930,389399,Suspect_7930
S7931,11753,Suspect_7931
S7932,440052,Suspect_7932
S7933,283228,Suspect_7933
S7934,428497,Suspect_7934
S7935,214556,Suspect_7935
S7936,135676,Suspect_7936
S7937,187453,Suspect_7937
S7938,296612,Suspect_7938
S7939,449697,Suspect_7939
S7940,341835,Suspect_7940
S7941,431335,Suspect_7941
S7942,353811,Suspect_7942
S7943,123933,Suspect_7943
S7944,21976,Suspect_7944
S7945,471547,Suspect_7945
S7946,271864,Suspect_7946
S7947,106894,Suspect_7947
S7948,275903,Suspect_7948
S7949,95561,Suspect_7949
S7950,143070,Suspect_7950
S7951,92232,Suspect_7951
S7952,81609,Suspect_7952
S7953,128003,Suspect_7953
S7954,304307,Suspect_7954
S7955,351022,Suspect_7955
S7956,214880,Suspect_7956
S7957,264398,Suspect_7957
S7958,253534,Suspect_7958
S7959,24498,Suspect_7959
S7960,473444,Suspect_7960
S7961,154021,Suspect_7961
S7962,311934,Suspect_7962
S7963,114917,Suspect_7963
S7964,119944,Suspect_7964
S7965,174291,Suspect_7965
S7966,201726,Suspect_7966
S7967,359994,Suspect_7967
S7968,260186,Suspect_7968
S7969,147253,Suspect_7969
S7970,63086,Suspect_7970
S7971,124577,Suspect_7971
S7972,487653,Suspect_7972
S7973,328238,Suspect_7973
S7974,219167,Suspect_7974
S7975,254251,Suspect_7975
S7976,497358,Suspect_7976
S7977,294282,Suspect_7977
S7978,450017,Suspect_7978
S7979,174505,Suspect_7979
S7980,140254,Suspect_7980
S7981,42057,Suspect_7981
S7982,50412,Suspect_7982
S7983,49246,Suspect_7983
S7984,378565,Suspect_7984
S7985,68208,Suspect_7985
S7986,482472,Suspect_7986
S7987,112379,Suspect_7987
S7988,58336,Suspect_7988
S7989,299338,Suspect_7989
S7990,486386,Suspect_7990
S7991,33245,Suspect_7991
S7992,472993,Suspect_7992
S7993,107998,Suspect_7993
S7994,50019,Suspect_7994
S7995,146168,Suspect_7995
S7996,76262,Suspect_7996
S7997,189630,Suspect_7997
S7998,185373,Suspect_7998
S7999,295837,Suspect_7999
S8000,147954,Suspect_8000
S8001,20710,Suspect_8001
S8002,9003,Suspect_8002
S8003,319661,Suspect_8003
S8004,64648,Suspect_8004
S8005,273345,Suspect_8005
S8006,416476,Suspect_8006
S8007,342119,Suspect_8007
S8008,31018,Suspect_8008
S8009,85694,Suspect_8009
S8010,413685,Suspect_8010
S8011,322308,Suspect_8011
S8012,95679,Suspect_8012
S8013,321029,Suspect_8013
S8014,447271,Suspect_8014
S8015,296506,Suspect_8015
S8016,225878,Suspect_8016
S8017,148908,Suspect_8017
S8018,381999,Suspect_8018
S8019,148553,Suspect_8019
S8020,186002,Suspect_8020
S8021,4199,Suspect_8021
S8022,366161,Suspect_8022
S8023,61014,Suspect_8023
S8024,113067,Suspect_8024
S8025,288118,Suspect_8025
S8026,117239,Suspect_8026
S8027,178809,Suspect_8027
S8028,46243,Suspect_8028
S8029,22890,Suspect_8029
S8030,280733,Suspect_8030
S8031,78979,Suspect_8031
S8032,104460,Suspect_8032
S8033,491112,Suspect_8033
S8034,235985,Suspect_8034
S8035,172560,Suspect_8035
S8036,96076,Suspect_8036
S8037,96437,Suspect_8037
S8038,323240,Suspect_8038
S8039,328811,Suspect_8039
S8040,258975,Suspect_8040
S8041,258793,Suspect_8041
S8042,125122,Suspect_8042
S8043,201065,Suspect_8043
S8044,352613,Suspect_8044
S8045,149077,Suspect_8045
S8046,350713,Suspect_8046
S8047,373826,Suspect_8047
S8048,180445,Suspect_8048
S8049,467613,Suspect_8049
S8050,112173,Suspect_8050
S8051,410113,Suspect_8051
S8052,404298,Suspect_8052
S8053,320413,Suspect_8053
S8054,435928,Suspect_8054
S8055,442434,Suspect_8055
S8056,278202,Suspect_8056
S8057,166803,Suspect_8057
S8058,388283,Suspect_8058
S8059,32421,Suspect_8059
S8060,186982,Suspect_8060
S8061,432313,Suspect_8061
S8062,370372,Suspect_8062
S8063,394088,Suspect_8063
S8064,119113,Suspect_8064
S8065,330219,Suspect_8065
S8066,343388,Suspect_8066
S8067,64415,Suspect_8067
S8068,261990,Suspect_8068
S8069,79396,Suspect_8069
S8070,398661,Suspect_8070
S8071,215598,Suspect_8071
S8072,199406,Suspect_8072
S8073,401517,Suspect_8073
S8074,337904,Suspect_8074
S8075,469089,Suspect_8075
S8076,128214,Suspect_8076
S8077,286389,Suspect_8077
S8078,109048,Suspect_8078
S8079,74156,Suspect_8079
S8080,89648,Suspect_8080
S8081,150436,Suspect_8081
S8082,152521,Suspect_8082
S8083,314393,Suspect_8083
S8084,50102,Suspect_8084
S8085,324283,Suspect_8085
S8086,389089,Suspect_8086
S8087,397872,Suspect_8087
S8088,356544,Suspect_8088
S8089,456281,Suspect_8089
S8090,72077,Suspect_8090
S8091,175925,Suspect_8091
S8092,139130,Suspect_8092
S8093,203767,Suspect_8093
S8094,464626,Suspect_8094
S8095,52574,Suspect_8095
S8096,228989,Suspect_8096
S8097,2435,Suspect_8097
S8098,476724,Suspect_8098
S8099,383499,Suspect_8099
S8100,86613,Suspect_8100
S8101,357251,Suspect_8101
S8102,322322,Suspect_8102
S8103,458971,Suspect_8103
S8104,211747,Suspect_8104
S8105,17254,Suspect_8105
S8106,124465,Suspect_8106
S8107,232912,Suspect_8107
S8108,118007,Suspect_8108
S8109,319306,Suspect_8109
S8110,99339,Suspect_8110
S8111,177872,Suspect_8111
S8112,88145,Suspect_8112
S8113,379478,Suspect_8113
S8114,289539,Suspect_8114
S8115,295091,Suspect_8115
S8116,478317,Suspect_8116
S8117,147355,Suspect_8117
S8118,29305,Suspect_8118
S8119,391792,Suspect_8119
S8120,258501,Suspect_8120
S8121,247498,Suspect_8121
S8122,266537,Suspect_8122
S8123,224857,Suspect_8123
S8124,21919,Suspect_8124
S8125,975,Suspect_8125
S8126,244116,Suspect_8126
S8127,182609,Suspect_8127
S8128,69281,Suspect_8128
S8129,63732,Suspect_8129
S8130,232598,Suspect_8130
S8131,163708,Suspect_8131
S8132,208252,Suspect_8132
S8133,300388,Suspect_8133
S8134,333302,Suspect_8134
S8135,420224,Suspect_8135
S8136,319008,Suspect_8136
S8137,468446,Suspect_8137
S8138,150921,Suspect_8138
S8139,451914,Suspect_8139
S8140,316460,Suspect_8140
S8141,119794,Suspect_8141
S8142,118985,Suspect_8142
S8143,292430,Suspect_8143
S8144,132567,Suspect_8144
S8145,11227,Suspect_8145
S8146,445905,Suspect_8146
S8147,440674,Suspect_8147
S8148,153436,Suspect_8148
S8149,440828,Suspect_8149
S8150,250459,Suspect_8150
S8151,177068,Suspect_8151
S8152,65684,Suspect_8152
S8153,69001,Suspect_8153
S8154,351084,Suspect_8154
S8155,203549,Suspect_8155
S8156,102644,Suspect_8156
S8157,305576,Suspect_8157
S8158,71258,Suspect_8158
S8159,316485,Suspect_8159
S8160,90354,Suspect_8160
S8161,205541,Suspect_8161
S8162,461727,Suspect_8162
S8163,72943,Suspect_8163
S8164,327150,Suspect_8164
S8165,5316,Suspect_8165
S8166,125419,Suspect_8166
S8167,350852,Suspect_8167
S8168,28821,Suspect_8168
S8169,79270,Suspect_8169
S8170,330933,Suspect_8170
S8171,413332,Suspect_8171
S8172,194428,Suspect_8172
S8173,472722,Suspect_8173
S8174,222317,Suspect_8174
S8175,472824,Suspect_8175
S8176,299473,Suspect_8176
S8177,419877,Suspect_8177
S8178,54547,Suspect_8178
S8179,12118,Suspect_8179
S8180,341279,Suspect_8180
S8181,139720,Suspect_8181
S8182,270841,Suspect_8182
S8183,73481,Suspect_8183
S8184,291305,Suspect_8184
S8185,231448,Suspect_8185
S8186,163057,Suspect_8186
S8187,144705,Suspect_8187
S8188,57114,Suspect_8188
S8189,148291,Suspect_8189
S8190,90997,Suspect_8190
S8191,230038,Suspect_8191
S8192,52369,Suspect_8192
S8193,19790,Suspect_8193
S8194,48468,Suspect_8194
S8195,420449,Suspect_8195
S8196,230746,Suspect_8196
S8197,200846,Suspect_8197
S8198,247851,Suspect_8198
S8199,13411,Suspect_8199
S8200,338013,Suspect_8200
S8201,170263,Suspect_8201
S8202,84076,Suspect_8202
S8203,186752,Suspect_8203
S8204,414484,Suspect_8204
S8205,474587,Suspect_8205
S8206,423024,Suspect_8206
S8207,293577,Suspect_8207
S8208,462283,Suspect_8208
S8209,284957,Suspect_8209
S8210,437640,Suspect_8210
S8211,279834,Suspect_8211
S8212,26617,Suspect_8212
S8213,252804,Suspect_8213
S8214,61121,Suspect_8214
S8215,64444,Suspect_8215
S8216,451919,Suspect_8216
S8217,340653,Suspect_8217
S8218,116032,Suspect_8218
S8219,256097,Suspect_8219
S8220,49611,Suspect_8220
S8221,384116,Suspect_8221
S8222,133317,Suspect_8222
S8223,340688,Suspect_8223
S8224,2558,Suspect_8224
S8225,85118,Suspect_8225
S8226,71288,Suspect_8226
S8227,19946,Suspect_8227
S8228,333463,Suspect_8228
S8229,383347,Suspect_8229
S8230,98840,Suspect_8230
S8231,105778,Suspect_8231
S8232,407172,Suspect_8232
S8233,42865,Suspect_8233
S8234,34433,Suspect_8234
S8235,176975,Suspect_8235
S8236,33985,Suspect_8236
S8237,326156,Suspect_8237
S8238,99149,Suspect_8238
S8239,138233,Suspect_8239
S8240,15340,Suspect_8240
S8241,220817,Suspect_8241
S8242,383266,Suspect_8242
S8243,316453,Suspect_8243
S8244,131043,Suspect_8244
S8245,401669,Suspect_8245
S8246,147037,Suspect_8246
S8247,397010,Suspect_8247
S8248,63706,Suspect_8248
S8249,177395,Suspect_8249
S8250,25147,Suspect_8250
S8251,245656,Suspect_8251
S8252,265333,Suspect_8252
S8253,49171,Suspect_8253
S8254,353124,Suspect_8254
S8255,5380,Suspect_8255
S8256,153985,Suspect_8256
S8257,64410,Suspect_8257
S8258,220063,Suspect_8258
S8259,293976,Suspect_8259
S8260,492559,Suspect_8260
S8261,499697,Suspect_8261
S8262,233396,Suspect_8262
S8263,179463,Suspect_8263
S8264,292411,Suspect_8264
S8265,324806,Suspect_8265
S8266,300396,Suspect_8266
S8267,390226,Suspect_8267
S8268,328485,Suspect_8268
S8269,268507,Suspect_8269
S8270,40101,Suspect_8270
S8271,423173,Suspect_8271
S8272,449796,Suspect_8272
S8273,139109,Suspect_8273
S8274,57787,Suspect_8274
S8275,47519,Suspect_8275
S8276,362174,Suspect_8276
S8277,495948,Suspect_8277
S8278,429817,Suspect_8278
S8279,365520,Suspect_8279
S8280,282428,Suspect_8280
S8281,272698,Suspect_8281
S8282,148894,Suspect_8282
S8283,96682,Suspect_8283
S8284,251576,Suspect_8284
S8285,27229,Suspect_8285
S8286,323295,Suspect_8286
S8287,330786,Suspect_8287
S8288,280567,Suspect_8288
S8289,320727,Suspect_8289
S8290,186308,Suspect_8290
S8291,85606,Suspect_8291
S8292,446401,Suspect_8292
S8293,158978,Suspect_8293
S8294,98972,Suspect_8294
S8295,446775,Suspect_8295
S8296,99332,Suspect_8296
S8297,64161,Suspect_8297
S8298,202477,Suspect_8298
S8299,365600,Suspect_8299
S8300,276231,Suspect_8300
S8301,36915,Suspect_8301
S8302,458694,Suspect_8302
S8303,343835,Suspect_8303
S8304,414632,Suspect_8304
S8305,326025,Suspect_8305
S8306,268550,Suspect_8306
S8307,169145,Suspect_8307
S8308,432280,Suspect_8308
S8309,240799,Suspect_8309
S8310,90958,Suspect_8310
S8311,376950,Suspect_8311
S8312,53639,Suspect_8312
S8313,261128,Suspect_8313
S8314,203484,Suspect_8314
S8315,39795,Suspect_8315
S8316,389802,Suspect_8316
S8317,335979,Suspect_8317
S8318,174689,Suspect_8318
S8319,199485,Suspect_8319
S8320,65206,Suspect_8320
S8321,36623,Suspect_8321
S8322,373664,Suspect_8322
S8323,137228,Suspect_8323
S8324,289046,Suspect_8324
S8325,156523,Suspect_8325
S8326,164914,Suspect_8326
S8327,357827,Suspect_8327
S8328,433228,Suspect_8328
S8329,437437,Suspect_8329
S8330,214612,Suspect_8330
S8331,141579,Suspect_8331
S8332,364034,Suspect_8332
S8333,459581,Suspect_8333
S8334,185944,Suspect_8334
S8335,329125,Suspect_8335
S8336,73766,Suspect_8336
S8337,271901,Suspect_8337
S8338,364300,Suspect_8338
S8339,353195,Suspect_8339
S8340,416068,Suspect_8340
S8341,192947,Suspect_8341
S8342,409479,Suspect_8342
S8343,218025,Suspect_8343
S8344,171346,Suspect_8344
S8345,133849,Suspect_8345
S8346,432495,Suspect_8346
S8347,183150,Suspect_8347
S8348,63204,Suspect_8348
S8349,482330,Suspect_8349
S8350,231761,Suspect_8350
S8351,343831,Suspect_8351
S8352,6885,Suspect_8352
S8353,310466,Suspect_8353
S8354,131153,Suspect_8354
S8355,317410,Suspect_8355
S8356,386405,Suspect_8356
S8357,131978,Suspect_8357
S8358,210525,Suspect_8358
S8359,427291,Suspect_8359
S8360,241561,Suspect_8360
S8361,71416,Suspect_8361
S8362,373116,Suspect_8362
S8363,347805,Suspect_8363
S8364,474521,Suspect_8364
S8365,57528,Suspect_8365
S8366,326623,Suspect_8366
S8367,139659,Suspect_8367
S8368,259263,Suspect_8368
S8369,242310,Suspect_8369
S8370,22116,Suspect_8370
S8371,189134,Suspect_8371
S8372,117104,Suspect_8372
S8373,61311,Suspect_8373
S8374,242797,Suspect_8374
S8375,55083,Suspect_8375
S8376,304917,Suspect_8376
S8377,296202,Suspect_8377
S8378,306489,Suspect_8378
S8379,302247,Suspect_8379
S8380,349598,Suspect_8380
S8381,333798,Suspect_8381
S8382,426324,Suspect_8382
S8383,152729,Suspect_8383
S8384,284973,Suspect_8384
S8385,72254,Suspect_8385
S8386,472614,Suspect_8386
S8387,265707,Suspect_8387
S8388,384019,Suspect_8388
S8389,23163,Suspect_8389
S8390,334938,Suspect_8390
S8391,64569,Suspect_8391
S8392,271608,Suspect_8392
S8393,27118,Suspect_8393
S8394,418520,Suspect_8394
S8395,211371,Suspect_8395
S8396,46221,Suspect_8396
S8397,220007,Suspect_8397
S8398,8071,Suspect_8398
S8399,259283,Suspect_8399
S8400,384010,Suspect_8400
S8401,343600,Suspect_8401
S8402,78791,Suspect_8402
S8403,139543,Suspect_8403
S8404,44487,Suspect_8404
S8405,281099,Suspect_8405
S8406,491269,Suspect_8406
S8407,111210,Suspect_8407
S8408,386973,Suspect_8408
S8409,259471,Suspect_8409
S8410,212861,Suspect_8410
S8411,52132,Suspect_8411
S8412,304964,Suspect_8412
S8413,66165,Suspect_8413
S8414,321965,Suspect_8414
S8415,327415,Suspect_8415
S8416,365132,Suspect_8416
S8417,20730,Suspect_8417
S8418,208824,Suspect_8418
S8419,246712,Suspect_8419
S8420,53628,Suspect_8420
S8421,181990,Suspect_8421
S8422,409356,Suspect_8422
S8423,303073,Suspect_8423
S8424,201126,Suspect_8424
S8425,130133,Suspect_8425
S8426,472876,Suspect_8426
S8427,391907,Suspect_8427
S8428,117901,Suspect_8428
S8429,248409,Suspect_8429
S8430,193510,Suspect_8430
S8431,251092,Suspect_8431
S8432,453103,Suspect_8432
S8433,138472,Suspect_8433
S8434,112682,Suspect_8434
S8435,486178,Suspect_8435
S8436,370886,Suspect_8436
S8437,76114,Suspect_8437
S8438,96087,Suspect_8438
S8439,465813,Suspect_8439
S8440,476276,Suspect_8440
S8441,198727,Suspect_8441
S8442,7394,Suspect_8442
S8443,154755,Suspect_8443
S8444,402685,Suspect_8444
S8445,467638,Suspect_8445
S8446,386028,Suspect_8446
S8447,235771,Suspect_8447
S8448,363488,Suspect_8448
S8449,147598,Suspect_8449
S8450,28105,Suspect_8450
S8451,354921,Suspect_8451
S8452,446687,Suspect_8452
S8453,214449,Suspect_8453
S8454,46518,Suspect_8454
S8455,206513,Suspect_8455
S8456,58799,Suspect_8456
S8457,237116,Suspect_8457
S8458,214440,Suspect_8458
S8459,285215,Suspect_8459
S8460,252463,Suspect_8460
S8461,142885,Suspect_8461
S8462,411225,Suspect_8462
S8463,397510,Suspect_8463
S8464,299998,Suspect_8464
S8465,430993,Suspect_8465
S8466,456543,Suspect_8466
S8467,131982,Suspect_8467
S8468,300176,Suspect_8468
S8469,17553,Suspect_8469
S8470,415462,Suspect_8470
S8471,16013,Suspect_8471
S8472,294085,Suspect_8472
S8473,201579,Suspect_8473
S8474,196314,Suspect_8474
S8475,207808,Suspect_8475
S8476,224328,Suspect_8476
S8477,225801,Suspect_8477
S8478,265196,Suspect_8478
S8479,462378,Suspect_8479
S8480,191606,Suspect_8480
S8481,170667,Suspect_8481
S8482,290231,Suspect_8482
S8483,77668,Suspect_8483
S8484,18855,Suspect_8484
S8485,402019,Suspect_8485
S8486,113088,Suspect_8486
S8487,212155,Suspect_8487
S8488,245372,Suspect_8488
S8489,448128,Suspect_8489
S8490,494813,Suspect_8490
S8491,201305,Suspect_8491
S8492,62628,Suspect_8492
S8493,411305,Suspect_8493
S8494,400544,Suspect_8494
S8495,233973,Suspect_8495
S8496,91201,Suspect_8496
S8497,328786,Suspect_8497
S8498,39828,Suspect_8498
S8499,13153,Suspect_8499
S8500,476186,Suspect_8500
S8501,55182,Suspect_8501
S8502,280629,Suspect_8502
S8503,398385,Suspect_8503
S8504,189275,Suspect_8504
S8505,84457,Suspect_8505
S8506,420298,Suspect_8506
S8507,317780,Suspect_8507
S8508,477901,Suspect_8508
S8509,175216,Suspect_8509
S8510,401775,Suspect_8510
S8511,456276,Suspect_8511
S8512,499180,Suspect_8512
S8513,434704,Suspect_8513
S8514,387852,Suspect_8514
S8515,429185,Suspect_8515
S8516,388294,Suspect_8516
S8517,87341,Suspect_8517
S8518,247331,Suspect_8518
S8519,244113,Suspect_8519
S8520,185449,Suspect_8520
S8521,86668,Suspect_8521
S8522,425334,Suspect_8522
S8523,306253,Suspect_8523
S8524,472086,Suspect_8524
S8525,92082,Suspect_8525
S8526,221265,Suspect_8526
S8527,470612,Suspect_8527
S8528,346500,Suspect_8528
S8529,347263,Suspect_8529
S8530,129756,Suspect_8530
S8531,241529,Suspect_8531
S8532,55766,Suspect_8532
S8533,355414,Suspect_8533
S8534,228662,Suspect_8534
S8535,224190,Suspect_8535
S8536,194963,Suspect_8536
S8537,467238,Suspect_8537
S8538,131493,Suspect_8538
S8539,82342,Suspect_8539
S8540,215544,Suspect_8540
S8541,147373,Suspect_8541
S8542,204510,Suspect_8542
S8543,453274,Suspect_8543
S8544,135187,Suspect_8544
S8545,87284,Suspect_8545
S8546,307076,Suspect_8546
S8547,378127,Suspect_8547
S8548,178764,Suspect_8548
S8549,367713,Suspect_8549
S8550,88471,Suspect_8550
S8551,197602,Suspect_8551
S8552,117790,Suspect_8552
S8553,143346,Suspect_8553
S8554,472957,Suspect_8554
S8555,28906,Suspect_8555
S8556,417727,Suspect_8556
S8557,139657,Suspect_8557
S8558,487453,Suspect_8558
S8559,352862,Suspect_8559
S8560,74126,Suspect_8560
S8561,56846,Suspect_8561
S8562,179237,Suspect_8562
S8563,452214,Suspect_8563
S8564,144891,Suspect_8564
S8565,144478,Suspect_8565
S8566,231402,Suspect_8566
S8567,260787,Suspect_8567
S8568,499599,Suspect_8568
S8569,2135,Suspect_8569
S8570,20145,Suspect_8570
S8571,113921,Suspect_8571
S8572,188581,Suspect_8572
S8573,435346,Suspect_8573
S8574,84061,Suspect_8574
S8575,411461,Suspect_8575
S8576,67880,Suspect_8576
S8577,97812,Suspect_8577
S8578,344065,Suspect_8578
S8579,19782,Suspect_8579
S8580,353708,Suspect_8580
S8581,436265,Suspect_8581
S8582,406970,Suspect_8582
S8583,292927,Suspect_8583
S8584,70183,Suspect_8584
S8585,450765,Suspect_8585
S8586,66160,Suspect_8586
S8587,49131,Suspect_8587
S8588,97944,Suspect_8588
S8589,467175,Suspect_8589
S8590,149705,Suspect_8590
S8591,347736,Suspect_8591
S8592,174312,Suspect_8592
S8593,238235,Suspect_8593
S8594,206432,Suspect_8594
S8595,164749,Suspect_8595
S8596,145482,Suspect_8596
S8597,218675,Suspect_8597
S8598,267623,Suspect_8598
S8599,42072,Suspect_8599
S8600,154999,Suspect_8600
S8601,133826,Suspect_8601
S8602,13101,Suspect_8602
S8603,352113,Suspect_8603
S8604,172434,Suspect_8604
S8605,408050,Suspect_8605
S8606,454739,Suspect_8606
S8607,347530,Suspect_8607
S8608,219428,Suspect_8608
S8609,142762,Suspect_8609
S8610,68214,Suspect_8610
S8611,143223,Suspect_8611
S8612,163679,Suspect_8612
S8613,214544,Suspect_8613
S8614,397974,Suspect_8614
S8615,323247,Suspect_8615
S8616,390068,Suspect_8616
S8617,298506,Suspect_8617
S8618,489805,Suspect_8618
S8619,326292,Suspect_8619
S8620,155382,Suspect_8620
S8621,255958,Suspect_8621
S8622,200868,Suspect_8622
S8623,336128,Suspect_8623
S8624,12497,Suspect_8624
S8625,304080,Suspect_8625
S8626,221820,Suspect_8626
S8627,75940,Suspect_8627
S8628,148238,Suspect_8628
S8629,436612,Suspect_8629
S8630,355604,Suspect_8630
S8631,81141,Suspect_8631
S8632,240155,Suspect_8632
S8633,80436,Suspect_8633
S8634,292179,Suspect_8634
S8635,176082,Suspect_8635
S8636,163233,Suspect_8636
S8637,315829,Suspect_8637
S8638,354057,Suspect_8638
S8639,287518,Suspect_8639
S8640,123799,Suspect_8640
S8641,139503,Suspect_8641
S8642,409707,Suspect_8642
S8643,438112,Suspect_8643
S8644,205216,Suspect_8644
S8645,125205,Suspect_8645
S8646,175923,Suspect_8646
S8647,61111,Suspect_8647
S8648,118449,Suspect_8648
S8649,162656,Suspect_8649
S8650,364523,Suspect_8650
S8651,452541,Suspect_8651
S8652,183374,Suspect_8652
S8653,319742,Suspect_8653
S8654,294739,Suspect_8654
S8655,289291,Suspect_8655
S8656,134799,Suspect_8656
S8657,180680,Suspect_8657
S8658,188045,Suspect_8658
S8659,426556,Suspect_8659
S8660,424640,Suspect_8660
S8661,191045,Suspect_8661
S8662,87448,Suspect_8662
S8663,422481,Suspect_8663
S8664,158202,Suspect_8664
S8665,109975,Suspect_8665
S8666,156817,Suspect_8666
S8667,166754,Suspect_8667
S8668,142634,Suspect_8668
S8669,388742,Suspect_8669
S8670,77682,Suspect_8670
S8671,197984,Suspect_8671
S8672,313027,Suspect_8672
S8673,51580,Suspect_8673
S8674,199451,Suspect_8674
S8675,416029,Suspect_8675
S8676,356835,Suspect_8676
S8677,388493,Suspect_8677
S8678,465565,Suspect_8678
S8679,8856,Suspect_8679
S8680,472633,Suspect_8680
S8681,225996,Suspect_8681
S8682,468186,Suspect_8682
S8683,62169,Suspect_8683
S8684,61327,Suspect_8684
S8685,363572,Suspect_8685
S8686,163398,Suspect_8686
S8687,95346,Suspect_8687
S8688,420338,Suspect_8688
S8689,393718,Suspect_8689
S8690,349707,Suspect_8690
S8691,373693,Suspect_8691
S8692,207093,Suspect_8692
S8693,415136,Suspect_8693
S8694,170524,Suspect_8694
S8695,395701,Suspect_8695
S8696,237130,Suspect_8696
S8697,213709,Suspect_8697
S8698,461527,Suspect_8698
S8699,452898,Suspect_8699
S8700,370290,Suspect_8700
S8701,211425,Suspect_8701
S8702,4137,Suspect_8702
S8703,44765,Suspect_8703
S8704,51588,Suspect_8704
S8705,367616,Suspect_8705
S8706,85825,Suspect_8706
S8707,180452,Suspect_8707
S8708,297562,Suspect_8708
S8709,72446,Suspect_8709
S8710,470502,Suspect_8710
S8711,156906,Suspect_8711
S8712,141398,Suspect_8712
S8713,3676,Suspect_8713
S8714,200734,Suspect_8714
S8715,74151,Suspect_8715
S8716,14108,Suspect_8716
S8717,19222,Suspect_8717
S8718,153571,Suspect_8718
S8719,480577,Suspect_8719
S8720,368402,Suspect_8720
S8721,249615,Suspect_8721
S8722,102951,Suspect_8722
S8723,262137,Suspect_8723
S8724,425844,Suspect_8724
S8725,116980,Suspect_8725
S8726,421961,Suspect_8726
S8727,482743,Suspect_8727
S8728,169834,Suspect_8728
S8729,71842,Suspect_8729
S8730,238238,Suspect_8730
S8731,437561,Suspect_8731
S8732,116464,Suspect_8732
S8733,316279,Suspect_8733
S8734,372515,Suspect_8734
S8735,410271,Suspect_8735
S8736,451656,Suspect_8736
S8737,388898,Suspect_8737
S8738,39895,Suspect_8738
S8739,383872,Suspect_8739
S8740,48836,Suspect_8740
S8741,492857,Suspect_8741
S8742,71095,Suspect_8742
S8743,454463,Suspect_8743
S8744,215025,Suspect_8744
S8745,285548,Suspect_8745
S8746,488960,Suspect_8746
S8747,120894,Suspect_8747
S8748,335844,Suspect_8748
S8749,317967,Suspect_8749
S8750,183779,Suspect_8750
S8751,118834,Suspect_8751
S8752,90844,Suspect_8752
S8753,342187,Suspect_8753
S8754,287834,Suspect_8754
S8755,374222,Suspect_8755
S8756,416105,Suspect_8756
S8757,287055,Suspect_8757
S8758,15296,Suspect_8758
S8759,150538,Suspect_8759
S8760,244067,Suspect_8760
S8761,50067,Suspect_8761
S8762,110510,Suspect_8762
S8763,187903,Suspect_8763
S8764,190213,Suspect_8764
S8765,236452,Suspect_8765
S8766,411355,Suspect_8766
S8767,41391,Suspect_8767
S8768,194163,Suspect_8768
S8769,121025,Suspect_8769
S8770,214885,Suspect_8770
S8771,138204,Suspect_8771
S8772,423583,Suspect_8772
S8773,352897,Suspect_8773
S8774,297964,Suspect_8774
S8775,339377,Suspect_8775
S8776,468303,Suspect_8776
S8777,13231,Suspect_8777
S8778,145846,Suspect_8778
S8779,174930,Suspect_8779
S8780,351515,Suspect_8780
S8781,326247,Suspect_8781
S8782,348986,Suspect_8782
S8783,324023,Suspect_8783
S8784,423471,Suspect_8784
S8785,265043,Suspect_8785
S8786,280397,Suspect_8786
S8787,257393,Suspect_8787
S8788,143462,Suspect_8788
S8789,444589,Suspect_8789
S8790,103257,Suspect_8790
S8791,397364,Suspect_8791
S8792,192401,Suspect_8792
S8793,42174,Suspect_8793
S8794,318994,Suspect_8794
S8795,401345,Suspect_8795
S8796,182545,Suspect_8796
S8797,241016,Suspect_8797
S8798,442356,Suspect_8798
S8799,166705,Suspect_8799
S8800,40893,Suspect_8800
S8801,468437,Suspect_8801
S8802,50241,Suspect_8802
S8803,358035,Suspect_8803
S8804,380801,Suspect_8804
S8805,341448,Suspect_8805
S8806,167235,Suspect_8806
S8807,58006,Suspect_8807
S8808,239981,Suspect_8808
S8809,9659,Suspect_8809
S8810,100909,Suspect_8810
S8811,170786,Suspect_8811
S8812,169233,Suspect_8812
S8813,328628,Suspect_8813
S8814,58997,Suspect_8814
S8815,351768,Suspect_8815
S8816,217438,Suspect_8816
S8817,224717,Suspect_8817
S8818,201070,Suspect_8818
S8819,239259,Suspect_8819
S8820,323860,Suspect_8820
S8821,309469,Suspect_8821
S8822,8490,Suspect_8822
S8823,372092,Suspect_8823
S8824,117207,Suspect_8824
S8825,467226,Suspect_8825
S8826,102467,Suspect_8826
S8827,374438,Suspect_8827
S8828,410850,Suspect_8828
S8829,87360,Suspect_8829
S8830,474658,Suspect_8830
S8831,436894,Suspect_8831
S8832,70683,Suspect_8832
S8833,440897,Suspect_8833
S8834,360200,Suspect_8834
S8835,377300,Suspect_8835
S8836,147978,Suspect_8836
S8837,85531,Suspect_8837
S8838,232743,Suspect_8838
S8839,230100,Suspect_8839
S8840,219600,Suspect_8840
S8841,208639,Suspect_8841
S8842,171318,Suspect_8842
S8843,435360,Suspect_8843
S8844,410110,Suspect_8844
S8845,20988,Suspect_8845
S8846,108254,Suspect_8846
S8847,349671,Suspect_8847
S8848,180955,Suspect_8848
S8849,420233,Suspect_8849
S8850,62814,Suspect_8850
S8851,351493,Suspect_8851
S8852,143715,Suspect_8852
S8853,205079,Suspect_8853
S8854,427546,Suspect_8854
S8855,100322,Suspect_8855
S8856,36422,Suspect_8856
S8857,385472,Suspect_8857
S8858,43419,Suspect_8858
S8859,273983,Suspect_8859
S8860,178471,Suspect_8860
S8861,322777,Suspect_8861
S8862,79245,Suspect_8862
S8863,371457,Suspect_8863
S8864,129759,Suspect_8864
S8865,78128,Suspect_8865
S8866,266343,Suspect_8866
S8867,334840,Suspect_8867
S8868,159796,Suspect_8868
S8869,47065,Suspect_8869
S8870,472427,Suspect_8870
S8871,267893,Suspect_8871
S8872,422801,Suspect_8872
S8873,222068,Suspect_8873
S8874,97498,Suspect_8874
S8875,457888,Suspect_8875
S8876,479237,Suspect_8876
S8877,487796,Suspect_8877
S8878,389782,Suspect_8878
S8879,186485,Suspect_8879
S8880,186989,Suspect_8880
S8881,367850,Suspect_8881
S8882,273132,Suspect_8882
S8883,448205,Suspect_8883
S8884,171660,Suspect_8884
S8885,425980,Suspect_8885
S8886,370745,Suspect_8886
S8887,341734,Suspect_8887
S8888,298504,Suspect_8888
S8889,273938,Suspect_8889
S8890,68471,Suspect_8890
S8891,230838,Suspect_8891
S8892,417922,Suspect_8892
S8893,378243,Suspect_8893
S8894,411975,Suspect_8894
S8895,352956,Suspect_8895
S8896,157215,Suspect_8896
S8897,363349,Suspect_8897
S8898,63155,Suspect_8898
S8899,348441,Suspect_8899
S8900,227527,Suspect_8900
S8901,419593,Suspect_8901
S8902,221510,Suspect_8902
S8903,465546,Suspect_8903
S8904,92363,Suspect_8904
S8905,485824,Suspect_8905
S8906,191013,Suspect_8906
S8907,253614,Suspect_8907
S8908,291430,Suspect_8908
S8909,148165,Suspect_8909
S8910,41491,Suspect_8910
S8911,202288,Suspect_8911
S8912,346669,Suspect_8912
S8913,9649,Suspect_8913
S8914,322757,Suspect_8914
S8915,489739,Suspect_8915
S8916,338433,Suspect_8916
S8917,478196,Suspect_8917
S8918,233859,Suspect_8918
S8919,413085,Suspect_8919
S8920,120430,Suspect_8920
S8921,326525,Suspect_8921
S8922,381009,Suspect_8922
S8923,258001,Suspect_8923
S8924,126548,Suspect_8924
S8925,416763,Suspect_8925
S8926,434840,Suspect_8926
S8927,361757,Suspect_8927
S8928,121625,Suspect_8928
S8929,335552,Suspect_8929
S8930,451952,Suspect_8930
S8931,58580,Suspect_8931
S8932,210080,Suspect_8932
S8933,282354,Suspect_8933
S8934,78633,Suspect_8934
S8935,354892,Suspect_8935
S8936,176448,Suspect_8936
S8937,495469,Suspect_8937
S8938,211011,Suspect_8938
S8939,339256,Suspect_8939
S8940,125218,Suspect_8940
S8941,475765,Suspect_8941
S8942,169542,Suspect_8942
S8943,236216,Suspect_8943
S8944,309624,Suspect_8944
S8945,375184,Suspect_8945
S8946,21067,Suspect_8946
S8947,266323,Suspect_8947
S8948,305199,Suspect_8948
S8949,48564,Suspect_8949
S8950,395321,Suspect_8950
S8951,249770,Suspect_8951
S8952,133541,Suspect_8952
S8953,59237,Suspect_8953
S8954,38360,Suspect_8954
S8955,441486,Suspect_8955
S8956,450721,Suspect_8956
S8957,442273,Suspect_8957
S8958,163566,Suspect_8958
S8959,268800,Suspect_8959
S8960,33127,Suspect_8960
S8961,407719,Suspect_8961
S8962,89915,Suspect_8962
S8963,51386,Suspect_8963
S8964,444113,Suspect_8964
S8965,328224,Suspect_8965
S8966,185823,Suspect_8966
S8967,32365,Suspect_8967
S8968,39774,Suspect_8968
S8969,480305,Suspect_8969
S8970,424040,Suspect_8970
S8971,335913,Suspect_8971
S8972,109949,Suspect_8972
S8973,386624,Suspect_8973
S8974,344939,Suspect_8974
S8975,287078,Suspect_8975
S8976,320460,Suspect_8976
S8977,95508,Suspect_8977
S8978,497023,Suspect_8978
S8979,230311,Suspect_8979
S8980,252859,Suspect_8980
S8981,375571,Suspect_8981
S8982,133942,Suspect_8982
S8983,338230,Suspect_8983
S8984,427665,Suspect_8984
S8985,165918,Suspect_8985
S8986,59000,Suspect_8986
S8987,288854,Suspect_8987
S8988,2828,Suspect_8988
S8989,331661,Suspect_8989
S8990,173168,Suspect_8990
S8991,436625,Suspect_8991
S8992,342499,Suspect_8992
S8993,429052,Suspect_8993
S8994,109125,Suspect_8994
S8995,395685,Suspect_8995
S8996,255585,Suspect_8996
S8997,12655,Suspect_8997
S8998,188685,Suspect_8998
S8999,377846,Suspect_8999
S9000,205828,Suspect_9000
S9001,72377,Suspect_9001
S9002,107275,Suspect_9002
S9003,453507,Suspect_9003
S9004,215093,Suspect_9004
S9005,221312,Suspect_9005
S9006,120648,Suspect_9006
S9007,475780,Suspect_9007
S9008,329635,Suspect_9008
S9009,336363,Suspect_9009
S9010,490694,Suspect_9010
S9011,351501,Suspect_9011
S9012,407029,Suspect_9012
S9013,402371,Suspect_9013
S9014,361280,Suspect_9014
S9015,146482,Suspect_9015
S9016,118177,Suspect_9016
S9017,239089,Suspect_9017
S9018,202112,Suspect_9018
S9019,144958,Suspect_9019
S9020,7599,Suspect_9020
S9021,38306,Suspect_9021
S9022,377188,Suspect_9022
S9023,208528,Suspect_9023
S9024,386713,Suspect_9024
S9025,189523,Suspect_9025
S9026,281826,Suspect_9026
S9027,24009,Suspect_9027
S9028,190389,Suspect_9028
S9029,365062,Suspect_9029
S9030,283424,Suspect_9030
S9031,103745,Suspect_9031
S9032,406515,Suspect_9032
S9033,282560,Suspect_9033
S9034,322125,Suspect_9034
S9035,294272,Suspect_9035
S9036,411018,Suspect_9036
S9037,23522,Suspect_9037
S9038,459280,Suspect_9038
S9039,202597,Suspect_9039
S9040,58070,Suspect_9040
S9041,82743,Suspect_9041
S9042,338197,Suspect_9042
S9043,386748,Suspect_9043
S9044,96487,Suspect_9044
S9045,409427,Suspect_9045
S9046,336261,Suspect_9046
S9047,37338,Suspect_9047
S9048,163604,Suspect_9048
S9049,170830,Suspect_9049
S9050,443116,Suspect_9050
S9051,440423,Suspect_9051
S9052,301242,Suspect_9052
S9053,214076,Suspect_9053
S9054,259909,Suspect_9054
S9055,341339,Suspect_9055
S9056,260931,Suspect_9056
S9057,319664,Suspect_9057
S9058,103133,Suspect_9058
S9059,496914,Suspect_9059
S9060,10757,Suspect_9060
S9061,263598,Suspect_9061
S9062,391036,Suspect_9062
S9063,329956,Suspect_9063
S9064,464812,Suspect_9064
S9065,450120,Suspect_9065
S9066,323368,Suspect_9066
S9067,393478,Suspect_9067
S9068,284645,Suspect_9068
S9069,77809,Suspect_9069
S9070,94473,Suspect_9070
S9071,224829,Suspect_9071
S9072,213624,Suspect_9072
S9073,147927,Suspect_9073
S9074,470358,Suspect_9074
S9075,447498,Suspect_9075
S9076,173170,Suspect_9076
S9077,320502,Suspect_9077
S9078,339155,Suspect_9078
S9079,98808,Suspect_9079
S9080,404844,Suspect_9080
S9081,264874,Suspect_9081
S9082,405750,Suspect_9082
S9083,60671,Suspect_9083
S9084,106864,Suspect_9084
S9085,175882,Suspect_9085
S9086,77923,Suspect_9086
S9087,495349,Suspect_9087
S9088,319528,Suspect_9088
S9089,115677,Suspect_9089
S9090,371553,Suspect_9090
S9091,440371,Suspect_9091
S9092,470578,Suspect_9092
S9093,474091,Suspect_9093
S9094,212641,Suspect_9094
S9095,155397,Suspect_9095
S9096,25264,Suspect_9096
S9097,176202,Suspect_9097
S9098,2876,Suspect_9098
S9099,101415,Suspect_9099
S9100,221579,Suspect_9100
S9101,240699,Suspect_9101
S9102,110749,Suspect_9102
S9103,190978,Suspect_9103
S9104,281158,Suspect_9104
S9105,183029,Suspect_9105
S9106,331924,Suspect_9106
S9107,409524,Suspect_9107
S9108,499746,Suspect_9108
S9109,17287,Suspect_9109
S9110,120891,Suspect_9110
S9111,230809,Suspect_9111
S9112,305436,Suspect_9112
S9113,340527,Suspect_9113
S9114,462484,Suspect_9114
S9115,100092,Suspect_9115
S9116,498274,Suspect_9116
S9117,266958,Suspect_9117
S9118,193001,Suspect_9118
S9119,69986,Suspect_9119
S9120,386627,Suspect_9120
S9121,191346,Suspect_9121
S9122,320734,Suspect_9122
S9123,462584,Suspect_9123
S9124,223025,Suspect_9124
S9125,70217,Suspect_9125
S9126,310642,Suspect_9126
S9127,477869,Suspect_9127
S9128,300672,Suspect_9128
S9129,429462,Suspect_9129
S9130,235262,Suspect_9130
S9131,375554,Suspect_9131
S9132,95681,Suspect_9132
S9133,291927,Suspect_9133
S9134,32345,Suspect_9134
S9135,188393,Suspect_9135
S9136,91087,Suspect_9136
S9137,18725,Suspect_9137
S9138,281607,Suspect_9138
S9139,54584,Suspect_9139
S9140,69412,Suspect_9140
S9141,254366,Suspect_9141
S9142,373226,Suspect_9142
S9143,29507,Suspect_9143
S9144,331775,Suspect_9144
S9145,452223,Suspect_9145
S9146,5370,Suspect_9146
S9147,384815,Suspect_9147
S9148,328043,Suspect_9148
S9149,401403,Suspect_9149
S9150,80200,Suspect_9150
S9151,205076,Suspect_9151
S9152,455876,Suspect_9152
S9153,155751,Suspect_9153
S9154,491097,Suspect_9154
S9155,230678,Suspect_9155
S9156,322428,Suspect_9156
S9157,300108,Suspect_9157
S9158,203694,Suspect_9158
S9159,387747,Suspect_9159
S9160,195135,Suspect_9160
S9161,207551,Suspect_9161
S9162,339098,Suspect_9162
S9163,464950,Suspect_9163
S9164,265410,Suspect_9164
S9165,440244,Suspect_9165
S9166,26407,Suspect_9166
S9167,357062,Suspect_9167
S9168,162926,Suspect_9168
S9169,335867,Suspect_9169
S9170,349943,Suspect_9170
S9171,472662,Suspect_9171
S9172,59056,Suspect_9172
S9173,129457,Suspect_9173
S9174,354595,Suspect_9174
S9175,381388,Suspect_9175
S9176,72824,Suspect_9176
S9177,363843,Suspect_9177
S9178,114961,Suspect_9178
S9179,232968,Suspect_9179
S9180,250054,Suspect_9180
S9181,337581,Suspect_9181
S9182,432141,Suspect_9182
S9183,337126,Suspect_9183
S9184,152736,Suspect_9184
S9185,218158,Suspect_9185
S9186,294337,Suspect_9186
S9187,496080,Suspect_9187
S9188,181812,Suspect_9188
S9189,182373,Suspect_9189
S9190,244700,Suspect_9190
S9191,149450,Suspect_9191
S9192,457861,Suspect_9192
S9193,132030,Suspect_9193
S9194,202623,Suspect_9194
S9195,259274,Suspect_9195
S9196,35095,Suspect_9196
S9197,292757,Suspect_9197
S9198,315661,Suspect_9198
S9199,493011,Suspect_9199
S9200,197035,Suspect_9200
S9201,156986,Suspect_9201
S9202,260420,Suspect_9202
S9203,42164,Suspect_9203
S9204,345124,Suspect_9204
S9205,209536,Suspect_9205
S9206,180380,Suspect_9206
S9207,303476,Suspect_9207
S9208,71702,Suspect_9208
S9209,132957,Suspect_9209
S9210,427693,Suspect_9210
S9211,90599,Suspect_9211
S9212,463661,Suspect_9212
S9213,110055,Suspect_9213
S9214,169063,Suspect_9214
S9215,9573,Suspect_9215
S9216,383964,Suspect_9216
S9217,456611,Suspect_9217
S9218,310255,Suspect_9218
S9219,356044,Suspect_9219
S9220,429299,Suspect_9220
S9221,327224,Suspect_9221
S9222,247215,Suspect_9222
S9223,380714,Suspect_9223
S9224,181736,Suspect_9224
S9225,225718,Suspect_9225
S9226,391879,Suspect_9226
S9227,56331,Suspect_9227
S9228,85241,Suspect_9228
S9229,499146,Suspect_9229
S9230,72031,Suspect_9230
S9231,104131,Suspect_9231
S9232,463170,Suspect_9232
S9233,474994,Suspect_9233
S9234,126841,Suspect_9234
S9235,37937,Suspect_9235
S9236,445721,Suspect_9236
S9237,425964,Suspect_9237
S9238,360691,Suspect_9238
S9239,456145,Suspect_9239
S9240,411151,Suspect_9240
S9241,299557,Suspect_9241
S9242,373864,Suspect_9242
S9243,70610,Suspect_9243
S9244,372593,Suspect_9244
S9245,464137,Suspect_9245
S9246,367724,Suspect_9246
S9247,108933,Suspect_9247
S9248,3897,Suspect_9248
S9249,346929,Suspect_9249
S9250,488393,Suspect_9250
S9251,283688,Suspect_9251
S9252,178013,Suspect_9252
S9253,200588,Suspect_9253
S9254,88664,Suspect_9254
S9255,65227,Suspect_9255
S9256,245516,Suspect_9256
S9257,263223,Suspect_9257
S9258,90021,Suspect_9258
S9259,256098,Suspect_9259
S9260,337094,Suspect_9260
S9261,312005,Suspect_9261
S9262,365820,Suspect_9262
S9263,327191,Suspect_9263
S9264,351717,Suspect_9264
S9265,220124,Suspect_9265
S9266,306724,Suspect_9266
S9267,123167,Suspect_9267
S9268,28601,Suspect_9268
S9269,281401,Suspect_9269
S9270,43400,Suspect_9270
S9271,272113,Suspect_9271
S9272,334136,Suspect_9272
S9273,496539,Suspect_9273
S9274,299519,Suspect_9274
S9275,183631,Suspect_9275
S9276,401182,Suspect_9276
S9277,149305,Suspect_9277
S9278,409121,Suspect_9278
S9279,283020,Suspect_9279
S9280,431384,Suspect_9280
S9281,210034,Suspect_9281
S9282,255735,Suspect_9282
S9283,106949,Suspect_9283
S9284,39387,Suspect_9284
S9285,297255,Suspect_9285
S9286,102877,Suspect_9286
S9287,215265,Suspect_9287
S9288,234329,Suspect_9288
S9289,2758,Suspect_9289
S9290,472496,Suspect_9290
S9291,102329,Suspect_9291
S9292,421973,Suspect_9292
S9293,153486,Suspect_9293
S9294,46102,Suspect_9294
S9295,415524,Suspect_9295
S9296,177411,Suspect_9296
S9297,88781,Suspect_9297
S9298,28884,Suspect_9298
S9299,387163,Suspect_9299
S9300,340466,Suspect_9300
S9301,427466,Suspect_9301
S9302,19220,Suspect_9302
S9303,44920,Suspect_9303
S9304,334247,Suspect_9304
S9305,373428,Suspect_9305
S9306,343924,Suspect_9306
S9307,33767,Suspect_9307
S9308,119025,Suspect_9308
S9309,298982,Suspect_9309
S9310,123888,Suspect_9310
S9311,59503,Suspect_9311
S9312,181791,Suspect_9312
S9313,148902,Suspect_9313
S9314,121260,Suspect_9314
S9315,95597,Suspect_9315
S9316,429452,Suspect_9316
S9317,159355,Suspect_9317
S9318,366514,Suspect_9318
S9319,414876,Suspect_9319
S9320,398590,Suspect_9320
S9321,27048,Suspect_9321
S9322,421023,Suspect_9322
S9323,336443,Suspect_9323
S9324,60333,Suspect_9324
S9325,18265,Suspect_9325
S9326,43438,Suspect_9326
S9327,106868,Suspect_9327
S9328,393043,Suspect_9328
S9329,61411,Suspect_9329
S9330,9142,Suspect_9330
S9331,289190,Suspect_9331
S9332,417817,Suspect_9332
S9333,434503,Suspect_9333
S9334,379051,Suspect_9334
S9335,95322,Suspect_9335
S9336,382109,Suspect_9336
S9337,488414,Suspect_9337
S9338,155676,Suspect_9338
S9339,415994,Suspect_9339
S9340,28972,Suspect_9340
S9341,173696,Suspect_9341
S9342,432798,Suspect_9342
S9343,336850,Suspect_9343
S9344,15611,Suspect_9344
S9345,457936,Suspect_9345
S9346,364896,Suspect_9346
S9347,483041,Suspect_9347
S9348,42455,Suspect_9348
S9349,341522,Suspect_9349
S9350,76880,Suspect_9350
S9351,399538,Suspect_9351
S9352,271986,Suspect_9352
S9353,55647,Suspect_9353
S9354,15712,Suspect_9354
S9355,149882,Suspect_9355
S9356,329441,Suspect_9356
S9357,297460,Suspect_9357
S9358,268177,Suspect_9358
S9359,263150,Suspect_9359
S9360,183852,Suspect_9360
S9361,482668,Suspect_9361
S9362,160798,Suspect_9362
S9363,277042,Suspect_9363
S9364,124497,Suspect_9364
S9365,340540,Suspect_9365
S9366,275572,Suspect_9366
S9367,499735,Suspect_9367
S9368,103332,Suspect_9368
S9369,484485,Suspect_9369
S9370,87976,Suspect_9370
S9371,416440,Suspect_9371
S9372,279337,Suspect_9372
S9373,363438,Suspect_9373
S9374,418177,Suspect_9374
S9375,440163,Suspect_9375
S9376,345586,Suspect_9376
S9377,144380,Suspect_9377
S9378,443185,Suspect_9378
S9379,256167,Suspect_9379
S9380,463087,Suspect_9380
S9381,369922,Suspect_9381
S9382,381874,Suspect_9382
S9383,44660,Suspect_9383
S9384,264043,Suspect_9384
S9385,301620,Suspect_9385
S9386,210477,Suspect_9386
S9387,250456,Suspect_9387
S9388,6370,Suspect_9388
S9389,454962,Suspect_9389
S9390,429903,Suspect_9390
S9391,142496,Suspect_9391
S9392,177271,Suspect_9392
S9393,450403,Suspect_9393
S9394,369042,Suspect_9394
S9395,295740,Suspect_9395
S9396,340542,Suspect_9396
S9397,309369,Suspect_9397
S9398,246815,Suspect_9398
S9399,72488,Suspect_9399
S9400,432025,Suspect_9400
S9401,218324,Suspect_9401
S9402,94784,Suspect_9402
S9403,396157,Suspect_9403
S9404,113042,Suspect_9404
S9405,68054,Suspect_9405
S9406,199221,Suspect_9406
S9407,192312,Suspect_9407
S9408,359209,Suspect_9408
S9409,296796,Suspect_9409
S9410,344549,Suspect_9410
S9411,109407,Suspect_9411
S9412,273280,Suspect_9412
S9413,105968,Suspect_9413
S9414,188378,Suspect_9414
S9415,191043,Suspect_9415
S9416,135992,Suspect_9416
S9417,358535,Suspect_9417
S9418,253883,Suspect_9418
S9419,438960,Suspect_9419
S9420,492047,Suspect_9420
S9421,160776,Suspect_9421
S9422,16166,Suspect_9422
S9423,384195,Suspect_9423
S9424,102126,Suspect_9424
S9425,463085,Suspect_9425
S9426,149182,Suspect_9426
S9427,395428,Suspect_9427
S9428,221331,Suspect_9428
S9429,51878,Suspect_9429
S9430,281900,Suspect_9430
S9431,318762,Suspect_9431
S9432,361840,Suspect_9432
S9433,4055,Suspect_9433
S9434,475296,Suspect_9434
S9435,144099,Suspect_9435
S9436,296611,Suspect_9436
S9437,325832,Suspect_9437
S9438,175758,Suspect_9438
S9439,413076,Suspect_9439
S9440,440255,Suspect_9440
S9441,230110,Suspect_9441
S9442,252293,Suspect_9442
S9443,32457,Suspect_9443
S9444,236211,Suspect_9444
S9445,173498,Suspect_9445
S9446,117742,Suspect_9446
S9447,333585,Suspect_9447
S9448,200564,Suspect_9448
S9449,275497,Suspect_9449
S9450,416983,Suspect_9450
S9451,254614,Suspect_9451
S9452,14509,Suspect_9452
S9453,407794,Suspect_9453
S9454,305128,Suspect_9454
S9455,273765,Suspect_9455
S9456,188210,Suspect_9456
S9457,314904,Suspect_9457
S9458,285642,Suspect_9458
S9459,438000,Suspect_9459
S9460,354045,Suspect_9460
S9461,275509,Suspect_9461
S9462,487258,Suspect_9462
S9463,125943,Suspect_9463
S9464,214383,Suspect_9464
S9465,136786,Suspect_9465
S9466,492552,Suspect_9466
S9467,96014,Suspect_9467
S9468,179232,Suspect_9468
S9469,328751,Suspect_9469
S9470,46168,Suspect_9470
S9471,208154,Suspect_9471
S9472,295232,Suspect_9472
S9473,247093,Suspect_9473
S9474,228000,Suspect_9474
S9475,267632,Suspect_9475
S9476,82799,Suspect_9476
S9477,393228,Suspect_9477
S9478,260755,Suspect_9478
S9479,291083,Suspect_9479
S9480,45527,Suspect_9480
S9481,407859,Suspect_9481
S9482,162414,Suspect_9482
S9483,348192,Suspect_9483
S9484,91486,Suspect_9484
S9485,172589,Suspect_9485
S9486,263068,Suspect_9486
S9487,301180,Suspect_9487
S9488,277749,Suspect_9488
S9489,6810,Suspect_9489
S9490,226076,Suspect_9490
S9491,161933,Suspect_9491
S9492,15092,Suspect_9492
S9493,26277,Suspect_9493
S9494,432643,Suspect_9494
S9495,20706,Suspect_9495
S9496,78361,Suspect_9496
S9497,318365,Suspect_9497
S9498,352515,Suspect_9498
S9499,134450,Suspect_9499
S9500,172135,Suspect_9500
S9501,495562,Suspect_9501
S9502,403616,Suspect_9502
S9503,210156,Suspect_9503
S9504,280900,Suspect_9504
S9505,317855,Suspect_9505
S9506,218912,Suspect_9506
S9507,446314,Suspect_9507
S9508,408727,Suspect_9508
S9509,271936,Suspect_9509
S9510,369339,Suspect_9510
S9511,56380,Suspect_9511
S9512,7270,Suspect_9512
S9513,335580,Suspect_9513
S9514,468657,Suspect_9514
S9515,333560,Suspect_9515
S9516,294764,Suspect_9516
S9517,151340,Suspect_9517
S9518,93055,Suspect_9518
S9519,85294,Suspect_9519
S9520,393404,Suspect_9520
S9521,60561,Suspect_9521
S9522,423294,Suspect_9522
S9523,349157,Suspect_9523
S9524,469825,Suspect_9524
S9525,108664,Suspect_9525
S9526,374791,Suspect_9526
S9527,63311,Suspect_9527
S9528,345730,Suspect_9528
S9529,428160,Suspect_9529
S9530,60656,Suspect_9530
S9531,175033,Suspect_9531
S9532,495354,Suspect_9532
S9533,399287,Suspect_9533
S9534,448267,Suspect_9534
S9535,392529,Suspect_9535
S9536,417062,Suspect_9536
S9537,248059,Suspect_9537
S9538,456141,Suspect_9538
S9539,127863,Suspect_9539
S9540,53270,Suspect_9540
S9541,78165,Suspect_9541
S9542,487556,Suspect_9542
S9543,198412,Suspect_9543
S9544,123415,Suspect_9544
S9545,356160,Suspect_9545
S9546,83159,Suspect_9546
S9547,465028,Suspect_9547
S9548,196568,Suspect_9548
S9549,285538,Suspect_9549
S9550,316031,Suspect_9550
S9551,16755,Suspect_9551
S9552,333769,Suspect_9552
S9553,39663,Suspect_9553
S9554,444943,Suspect_9554
S9555,488859,Suspect_9555
S9556,171799,Suspect_9556
S9557,68364,Suspect_9557
S9558,241741,Suspect_9558
S9559,85376,Suspect_9559
S9560,457956,Suspect_9560
S9561,188022,Suspect_9561
S9562,208985,Suspect_9562
S9563,359765,Suspect_9563
S9564,414297,Suspect_9564
S9565,420159,Suspect_9565
S9566,348239,Suspect_9566
S9567,164849,Suspect_9567
S9568,307033,Suspect_9568
S9569,77170,Suspect_9569
S9570,83408,Suspect_9570
S9571,454429,Suspect_9571
S9572,106943,Suspect_9572
S9573,357183,Suspect_9573
S9574,187651,Suspect_9574
S9575,403424,Suspect_9575
S9576,163510,Suspect_9576
S9577,114056,Suspect_9577
S9578,432934,Suspect_9578
S9579,132195,Suspect_9579
S9580,449703,Suspect_9580
S9581,371073,Suspect_9581
S9582,71349,Suspect_9582
S9583,365957,Suspect_9583
S9584,192628,Suspect_9584
S9585,282424,Suspect_9585
S9586,311939,Suspect_9586
S9587,461689,Suspect_9587
S9588,234437,Suspect_9588
S9589,391652,Suspect_9589
S9590,213505,Suspect_9590
S9591,159922,Suspect_9591
S9592,186344,Suspect_9592
S9593,449126,Suspect_9593
S9594,278555,Suspect_9594
S9595,165099,Suspect_9595
S9596,192248,Suspect_9596
S9597,460941,Suspect_9597
S9598,239128,Suspect_9598
S9599,110654,Suspect_9599
S9600,265699,Suspect_9600
S9601,435090,Suspect_9601
S9602,115220,Suspect_9602
S9603,394857,Suspect_9603
S9604,257732,Suspect_9604
S9605,339651,Suspect_9605
S9606,495988,Suspect_9606
S9607,392530,Suspect_9607
S9608,253971,Suspect_9608
S9609,369160,Suspect_9609
S9610,75224,Suspect_9610
S9611,431788,Suspect_9611
S9612,81819,Suspect_9612
S9613,317969,Suspect_9613
S9614,228680,Suspect_9614
S9615,94421,Suspect_9615
S9616,357351,Suspect_9616
S9617,434357,Suspect_9617
S9618,281245,Suspect_9618
S9619,68612,Suspect_9619
S9620,45414,Suspect_9620
S9621,46135,Suspect_9621
S9622,203740,Suspect_9622
S9623,237009,Suspect_9623
S9624,336853,Suspect_9624
S9625,147841,Suspect_9625
S9626,164977,Suspect_9626
S9627,148048,Suspect_9627
S9628,476445,Suspect_9628
S9629,430641,Suspect_9629
S9630,294064,Suspect_9630
S9631,434363,Suspect_9631
S9632,100244,Suspect_9632
S9633,188692,Suspect_9633
S9634,241087,Suspect_9634
S9635,290025,Suspect_9635
S9636,43754,Suspect_9636
S9637,442387,Suspect_9637
S9638,190705,Suspect_9638
S9639,484432,Suspect_9639
S9640,182619,Suspect_9640
S9641,44806,Suspect_9641
S9642,227487,Suspect_9642
S9643,54486,Suspect_9643
S9644,444665,Suspect_9644
S9645,253421,Suspect_9645
S9646,274697,Suspect_9646
S9647,272908,Suspect_9647
S9648,154887,Suspect_9648
S9649,327522,Suspect_9649
S9650,476859,Suspect_9650
S9651,498652,Suspect_9651
S9652,345419,Suspect_9652
S9653,62547,Suspect_9653
S9654,14985,Suspect_9654
S9655,121695,Suspect_9655
S9656,449124,Suspect_9656
S9657,248366,Suspect_9657
S9658,423758,Suspect_9658
S9659,412016,Suspect_9659
S9660,366995,Suspect_9660
S9661,193933,Suspect_9661
S9662,118682,Suspect_9662
S9663,260026,Suspect_9663
S9664,220443,Suspect_9664
S9665,292292,Suspect_9665
S9666,285683,Suspect_9666
S9667,2242,Suspect_9667
S9668,263377,Suspect_9668
S9669,131348,Suspect_9669
S9670,139912,Suspect_9670
S9671,185435,Suspect_9671
S9672,51213,Suspect_9672
S9673,305316,Suspect_9673
S9674,80302,Suspect_9674
S9675,29940,Suspect_9675
S9676,421326,Suspect_9676
S9677,395483,Suspect_9677
S9678,40817,Suspect_9678
S9679,340156,Suspect_9679
S9680,253798,Suspect_9680
S9681,416975,Suspect_9681
S9682,237679,Suspect_9682
S9683,388343,Suspect_9683
S9684,48821,Suspect_9684
S9685,4522,Suspect_9685
S9686,99803,Suspect_9686
S9687,138806,Suspect_9687
S9688,135606,Suspect_9688
S9689,17545,Suspect_9689
S9690,155146,Suspect_9690
S9691,403213,Suspect_9691
S9692,359160,Suspect_9692
S9693,436955,Suspect_9693
S9694,163372,Suspect_9694
S9695,445205,Suspect_9695
S9696,380241,Suspect_9696
S9697,454601,Suspect_9697
S9698,454650,Suspect_9698
S9699,18321,Suspect_9699
S9700,157607,Suspect_9700
S9701,432190,Suspect_9701
S9702,456611,Suspect_9702
S9703,133791,Suspect_9703
S9704,158234,Suspect_9704
S9705,461123,Suspect_9705
S9706,49270,Suspect_9706
S9707,143168,Suspect_9707
S9708,256496,Suspect_9708
S9709,95018,Suspect_9709
S9710,185153,Suspect_9710
S9711,281950,Suspect_9711
S9712,402405,Suspect_9712
S9713,399863,Suspect_9713
S9714,317902,Suspect_9714
S9715,225687,Suspect_9715
S9716,140853,Suspect_9716
S9717,292196,Suspect_9717
S9718,482971,Suspect_9718
S9719,128098,Suspect_9719
S9720,208223,Suspect_9720
S9721,121803,Suspect_9721
S9722,1200,Suspect_9722
S9723,294935,Suspect_9723
S9724,173335,Suspect_9724
S9725,157569,Suspect_9725
S9726,471022,Suspect_9726
S9727,283716,Suspect_9727
S9728,140613,Suspect_9728
S9729,109203,Suspect_9729
S9730,260768,Suspect_9730
S9731,83897,Suspect_9731
S9732,252683,Suspect_9732
S9733,289674,Suspect_9733
S9734,199896,Suspect_9734
S9735,47367,Suspect_9735
S9736,36347,Suspect_9736
S9737,337083,Suspect_9737
S9738,358164,Suspect_9738
S9739,255484,Suspect_9739
S9740,313932,Suspect_9740
S9741,152673,Suspect_9741
S9742,352411,Suspect_9742
S9743,13402,Suspect_9743
S9744,184275,Suspect_9744
S9745,342578,Suspect_9745
S9746,150396,Suspect_9746
S9747,103415,Suspect_9747
S9748,59497,Suspect_9748
S9749,497734,Suspect_9749
S9750,238435,Suspect_9750
S9751,280935,Suspect_9751
S9752,136190,Suspect_9752
S9753,250514,Suspect_9753
S9754,305047,Suspect_9754
S9755,407304,Suspect_9755
S9756,25783,Suspect_9756
S9757,356035,Suspect_9757
S9758,43989,Suspect_9758
S9759,351848,Suspect_9759
S9760,196046,Suspect_9760
S9761,53055,Suspect_9761
S9762,63273,Suspect_9762
S9763,139987,Suspect_9763
S9764,169146,Suspect_9764
S9765,67892,Suspect_9765
S9766,459302,Suspect_9766
S9767,457670,Suspect_9767
S9768,66937,Suspect_9768
S9769,417615,Suspect_9769
S9770,304085,Suspect_9770
S9771,291951,Suspect_9771
S9772,28637,Suspect_9772
S9773,220886,Suspect_9773
S9774,216222,Suspect_9774
S9775,216424,Suspect_9775
S9776,22965,Suspect_9776
S9777,300761,Suspect_9777
S9778,42914,Suspect_9778
S9779,454038,Suspect_9779
S9780,301217,Suspect_9780
S9781,155728,Suspect_9781
S9782,240740,Suspect_9782
S9783,449928,Suspect_9783
S9784,176654,Suspect_9784
S9785,119640,Suspect_9785
S9786,91921,Suspect_9786
S9787,167587,Suspect_9787
S9788,332815,Suspect_9788
S9789,164878,Suspect_9789
S9790,89943,Suspect_9790
S9791,454789,Suspect_9791
S9792,430666,Suspect_9792
S9793,14403,Suspect_9793
S9794,258033,Suspect_9794
S9795,271512,Suspect_9795
S9796,293443,Suspect_9796
S9797,130479,Suspect_9797
S9798,133626,Suspect_9798
S9799,324636,Suspect_9799
S9800,363406,Suspect_9800
S9801,21797,Suspect_9801
S9802,227702,Suspect_9802
S9803,18351,Suspect_9803
S9804,242703,Suspect_9804
S9805,387277,Suspect_9805
S9806,165864,Suspect_9806
S9807,412431,Suspect_9807
S9808,298701,Suspect_9808
S9809,285747,Suspect_9809
S9810,38582,Suspect_9810
S9811,46326,Suspect_9811
S9812,443789,Suspect_9812
S9813,221816,Suspect_9813
S9814,374448,Suspect_9814
S9815,326868,Suspect_9815
S9816,475694,Suspect_9816
S9817,220314,Suspect_9817
S9818,235343,Suspect_9818
S9819,327402,Suspect_9819
S9820,289597,Suspect_9820
S9821,376361,Suspect_9821
S9822,349947,Suspect_9822
S9823,182855,Suspect_9823
S9824,176301,Suspect_9824
S9825,337000,Suspect_9825
S9826,353061,Suspect_9826
S9827,313307,Suspect_9827
S9828,153107,Suspect_9828
S9829,63748,Suspect_9829
S9830,151177,Suspect_9830
S9831,321780,Suspect_9831
S9832,447273,Suspect_9832
S9833,133027,Suspect_9833
S9834,28026,Suspect_9834
S9835,482305,Suspect_9835
S9836,194924,Suspect_9836
S9837,477718,Suspect_9837
S9838,217057,Suspect_9838
S9839,390827,Suspect_9839
S9840,274851,Suspect_9840
S9841,167351,Suspect_9841
S9842,276251,Suspect_9842
S9843,189832,Suspect_9843
S9844,27232,Suspect_9844
S9845,455448,Suspect_9845
S9846,211566,Suspect_9846
S9847,419588,Suspect_9847
S9848,443782,Suspect_9848
S9849,46607,Suspect_9849
S9850,394856,Suspect_9850
S9851,429597,Suspect_9851
S9852,135119,Suspect_9852
S9853,191930,Suspect_9853
S9854,10671,Suspect_9854
S9855,21563,Suspect_9855
S9856,125946,Suspect_9856
S9857,195076,Suspect_9857
S9858,191272,Suspect_9858
S9859,300050,Suspect_9859
S9860,415417,Suspect_9860
S9861,419984,Suspect_9861
S9862,22629,Suspect_9862
S9863,12026,Suspect_9863
S9864,330678,Suspect_9864
S9865,265427,Suspect_9865
S9866,68975,Suspect_9866
S9867,430548,Suspect_9867
S9868,391891,Suspect_9868
S9869,40791,Suspect_9869
S9870,145158,Suspect_9870
S9871,485510,Suspect_9871
S9872,394183,Suspect_9872
S9873,372851,Suspect_9873
S9874,199546,Suspect_9874
S9875,43504,Suspect_9875
S9876,58281,Suspect_9876
S9877,259367,Suspect_9877
S9878,325360,Suspect_9878
S9879,218050,Suspect_9879
S9880,120455,Suspect_9880
S9881,170531,Suspect_9881
S9882,58651,Suspect_9882
S9883,161286,Suspect_9883
S9884,196914,Suspect_9884
S9885,281584,Suspect_9885
S9886,205223,Suspect_9886
S9887,46912,Suspect_9887
S9888,153045,Suspect_9888
S9889,242208,Suspect_9889
S9890,45758,Suspect_9890
S9891,64934,Suspect_9891
S9892,91370,Suspect_9892
S9893,124333,Suspect_9893
S9894,104216,Suspect_9894
S9895,174721,Suspect_9895
S9896,313665,Suspect_9896
S9897,259421,Suspect_9897
S9898,250080,Suspect_9898
S9899,431472,Suspect_9899
S9900,445717,Suspect_9900
S9901,413381,Suspect_9901
S9902,244173,Suspect_9902
S9903,410115,Suspect_9903
S9904,264414,Suspect_9904
S9905,205043,Suspect_9905
S9906,403613,Suspect_9906
S9907,17307,Suspect_9907
S9908,222433,Suspect_9908
S9909,413581,Suspect_9909
S9910,90970,Suspect_9910
S9911,370122,Suspect_9911
S9912,465924,Suspect_9912
S9913,39854,Suspect_9913
S9914,61609,Suspect_9914
S9915,136602,Suspect_9915
S9916,465069,Suspect_9916
S9917,93877,Suspect_9917
S9918,161332,Suspect_9918
S9919,490782,Suspect_9919
S9920,483870,Suspect_9920
S9921,182749,Suspect_9921
S9922,170512,Suspect_9922
S9923,252665,Suspect_9923
S9924,13317,Suspect_9924
S9925,308953,Suspect_9925
S9926,349453,Suspect_9926
S9927,100668,Suspect_9927
S9928,273291,Suspect_9928
S9929,89987,Suspect_9929
S9930,452613,Suspect_9930
S9931,462264,Suspect_9931
S9932,286158,Suspect_9932
S9933,269511,Suspect_9933
S9934,495659,Suspect_9934
S9935,75413,Suspect_9935
S9936,463716,Suspect_9936
S9937,160192,Suspect_9937
S9938,283618,Suspect_9938
S9939,237716,Suspect_9939
S9940,331187,Suspect_9940
S9941,268905,Suspect_9941
S9942,370811,Suspect_9942
S9943,231967,Suspect_9943
S9944,257621,Suspect_9944
S9945,135089,Suspect_9945
S9946,61384,Suspect_9946
S9947,61833,Suspect_9947
S9948,449295,Suspect_9948
S9949,469087,Suspect_9949
S9950,249974,Suspect_9950
S9951,161558,Suspect_9951
S9952,143075,Suspect_9952
S9953,148864,Suspect_9953
S9954,32993,Suspect_9954
S9955,93190,Suspect_9955
S9956,412675,Suspect_9956
S9957,195117,Suspect_9957
S9958,308821,Suspect_9958
S9959,260080,Suspect_9959
S9960,165475,Suspect_9960
S9961,304811,Suspect_9961
S9962,440171,Suspect_9962
S9963,204911,Suspect_9963
S9964,410553,Suspect_9964
S9965,122596,Suspect_9965
S9966,219372,Suspect_9966
S9967,144464,Suspect_9967
S9968,395312,Suspect_9968
S9969,335575,Suspect_9969
S9970,406861,Suspect_9970
S9971,483162,Suspect_9971
S9972,49217,Suspect_9972
S9973,112105,Suspect_9973
S9974,11076,Suspect_9974
S9975,251764,Suspect_9975
S9976,387399,Suspect_9976
S9977,379762,Suspect_9977
S9978,195949,Suspect_9978
S9979,190484,Suspect_9979
S9980,423329,Suspect_9980
S9981,313694,Suspect_9981
S9982,373413,Suspect_9982
S9983,3397,Suspect_9983
S9984,11775,Suspect_9984
S9985,461077,Suspect_9985
S9986,120970,Suspect_9986
S9987,496009,Suspect_9987
S9988,379208,Suspect_9988
S9989,219173,Suspect_9989
S9990,336679,Suspect_9990
S9991,225424,Suspect_9991
S9992,55894,Suspect_9992
S9993,327247,Suspect_9993
S9994,283264,Suspect_9994
S9995,443654,Suspect_9995
S9996,53633,Suspect_9996
S9997,51303,Suspect_9997
S9998,183118,Suspect_9998
S9999,155252,Suspect_9999
S10000,259352,Suspect_10000
