tweet_id,user_id,created_at,text
TW1,U1,2023-09-04,Sample tweet #SQL
TW2,U2,2023-11-25,Sample tweet #AgriTech
TW3,U3,2023-10-01,Sample tweet #Analytics
TW4,U4,2023-04-18,Sample tweet #AgriTech
TW5,U5,2023-12-23,Sample tweet #AgriTech
TW6,U6,2023-11-18,Sample tweet #Analytics
TW7,U7,2023-08-17,Sample tweet #SQL
TW8,U8,2023-12-29,Sample tweet #Analytics
TW9,U9,2023-06-03,Sample tweet #DataSci
TW10,U10,2023-01-09,Sample tweet #SQL
TW11,U11,2023-11-27,Sample tweet #SQL
TW12,U12,2023-07-04,Sample tweet #DataSci
TW13,U13,2023-08-19,Sample tweet #SQL
TW14,U14,2023-08-06,Sample tweet #DataSci
TW15,U15,2023-12-22,Sample tweet #SQL
TW16,U16,2023-10-19,Sample tweet #Analytics
TW17,U17,2023-12-01,Sample tweet #Analytics
TW18,U18,2023-03-27,Sample tweet #AgriTech
TW19,U19,2023-05-23,Sample tweet #DataSci
TW20,U20,2023-08-05,Sample tweet #DataSci
TW21,U21,2023-01-25,Sample tweet #SQL
TW22,U22,2023-02-04,Sample tweet #AgriTech
TW23,U23,2023-01-11,Sample tweet #Analytics
TW24,U24,2023-06-21,Sample tweet #Analytics
TW25,U25,2023-05-05,Sample tweet #DataSci
TW26,U26,2023-05-27,Sample tweet #Analytics
TW27,U27,2023-04-07,Sample tweet #SQL
TW28,U28,2023-08-08,Sample tweet #SQL
TW29,U29,2023-12-17,Sample tweet #DataSci
TW30,U30,2023-02-12,Sample tweet #Analytics
TW31,U31,2023-08-28,Sample tweet #AgriTech
TW32,U32,2023-04-16,Sample tweet #Analytics
TW33,U33,2023-09-23,Sample tweet #SQL
TW34,U34,2023-10-15,Sample tweet #Analytics
TW35,U35,2023-09-11,Sample tweet #Analytics
TW36,U36,2023-05-23,Sample tweet #DataSci
TW37,U37,2023-07-21,Sample tweet #AgriTech
TW38,U38,2023-07-23,Sample tweet #DataSci
TW39,U39,2023-05-06,Sample tweet #DataSci
TW40,U40,2023-07-16,Sample tweet #AgriTech
TW41,U41,2023-04-30,Sample tweet #DataSci
TW42,U42,2023-07-26,Sample tweet #DataSci
TW43,U43,2023-04-25,Sample tweet #AgriTech
TW44,U44,2023-10-13,Sample tweet #AgriTech
TW45,U45,2023-05-15,Sample tweet #AgriTech
TW46,U46,2023-04-11,Sample tweet #SQL
TW47,U47,2023-07-10,Sample tweet #SQL
TW48,U48,2023-11-19,Sample tweet #AgriTech
TW49,U49,2023-01-25,Sample tweet #SQL
TW50,U50,2023-08-06,Sample tweet #DataSci
TW51,U51,2023-12-28,Sample tweet #SQL
TW52,U52,2023-05-23,Sample tweet #AgriTech
TW53,U53,2023-11-22,Sample tweet #AgriTech
TW54,U54,2023-11-09,Sample tweet #DataSci
TW55,U55,2023-11-10,Sample tweet #DataSci
TW56,U56,2023-03-05,Sample tweet #AgriTech
TW57,U57,2023-09-07,Sample tweet #SQL
TW58,U58,2023-09-10,Sample tweet #AgriTech
TW59,U59,2023-06-05,Sample tweet #SQL
TW60,U60,2023-05-18,Sample tweet #Analytics
TW61,U61,2023-09-28,Sample tweet #Analytics
TW62,U62,2023-04-04,Sample tweet #AgriTech
TW63,U63,2023-01-17,Sample tweet #SQL
TW64,U64,2023-03-16,Sample tweet #DataSci
TW65,U65,2023-12-21,Sample tweet #Analytics
TW66,U66,2023-05-13,Sample tweet #Analytics
TW67,U67,2023-07-14,Sample tweet #AgriTech
TW68,U68,2023-06-20,Sample tweet #SQL
TW69,U69,2023-06-13,Sample tweet #SQL
TW70,U70,2023-05-30,Sample tweet #AgriTech
TW71,U71,2023-09-07,Sample tweet #SQL
TW72,U72,2023-12-25,Sample tweet #Analytics
TW73,U73,2023-07-12,Sample tweet #AgriTech
TW74,U74,2023-01-14,Sample tweet #DataSci
TW75,U75,2023-12-13,Sample tweet #DataSci
TW76,U76,2023-06-01,Sample tweet #Analytics
TW77,U77,2023-11-15,Sample tweet #Analytics
TW78,U78,2023-12-24,Sample tweet #DataSci
TW79,U79,2023-09-03,Sample tweet #Analytics
TW80,U80,2023-12-20,Sample tweet #SQL
TW81,U81,2023-04-02,Sample tweet #SQL
TW82,U82,2023-11-03,Sample tweet #SQL
TW83,U83,2023-11-16,Sample tweet #DataSci
TW84,U84,2023-11-16,Sample tweet #SQL
TW85,U85,2023-07-09,Sample tweet #DataSci
TW86,U86,2023-03-26,Sample tweet #Analytics
TW87,U87,2023-05-17,Sample tweet #SQL
TW88,U88,2023-03-14,Sample tweet #Analytics
TW89,U89,2023-03-10,Sample tweet #AgriTech
TW90,U90,2023-03-06,Sample tweet #Analytics
TW91,U91,2023-01-13,Sample tweet #AgriTech
TW92,U92,2023-09-17,Sample tweet #SQL
TW93,U93,2023-09-24,Sample tweet #SQL
TW94,U94,2023-02-03,Sample tweet #AgriTech
TW95,U95,2023-03-16,Sample tweet #Analytics
TW96,U96,2023-09-28,Sample tweet #DataSci
TW97,U97,2023-09-05,Sample tweet #SQL
TW98,U98,2023-03-28,Sample tweet #AgriTech
TW99,U99,2023-07-12,Sample tweet #AgriTech
TW100,U100,2023-06-23,Sample tweet #SQL
TW101,U101,2023-04-10,Sample tweet #Analytics
TW102,U102,2023-08-08,Sample tweet #DataSci
TW103,U103,2023-09-28,Sample tweet #DataSci
TW104,U104,2023-02-05,Sample tweet #Analytics
TW105,U105,2023-10-05,Sample tweet #Analytics
TW106,U106,2023-02-07,Sample tweet #DataSci
TW107,U107,2023-10-12,Sample tweet #DataSci
TW108,U108,2023-08-25,Sample tweet #AgriTech
TW109,U109,2023-01-10,Sample tweet #SQL
TW110,U110,2023-06-09,Sample tweet #AgriTech
TW111,U111,2023-06-20,Sample tweet #DataSci
TW112,U112,2023-05-10,Sample tweet #SQL
TW113,U113,2023-11-07,Sample tweet #AgriTech
TW114,U114,2023-07-16,Sample tweet #SQL
TW115,U115,2023-06-27,Sample tweet #DataSci
TW116,U116,2023-08-13,Sample tweet #SQL
TW117,U117,2023-12-16,Sample tweet #Analytics
TW118,U118,2023-12-16,Sample tweet #AgriTech
TW119,U119,2023-11-08,Sample tweet #SQL
TW120,U120,2023-05-24,Sample tweet #SQL
TW121,U121,2023-05-22,Sample tweet #Analytics
TW122,U122,2023-08-22,Sample tweet #SQL
TW123,U123,2023-05-29,Sample tweet #AgriTech
TW124,U124,2023-06-29,Sample tweet #SQL
TW125,U125,2023-02-28,Sample tweet #DataSci
TW126,U126,2023-02-19,Sample tweet #Analytics
TW127,U127,2023-11-08,Sample tweet #DataSci
TW128,U128,2023-10-06,Sample tweet #DataSci
TW129,U129,2023-02-14,Sample tweet #AgriTech
TW130,U130,2023-10-19,Sample tweet #Analytics
TW131,U131,2023-03-22,Sample tweet #SQL
TW132,U132,2023-02-23,Sample tweet #Analytics
TW133,U133,2023-05-26,Sample tweet #AgriTech
TW134,U134,2023-04-22,Sample tweet #SQL
TW135,U135,2023-12-23,Sample tweet #Analytics
TW136,U136,2023-09-09,Sample tweet #Analytics
TW137,U137,2023-08-31,Sample tweet #Analytics
TW138,U138,2023-03-24,Sample tweet #AgriTech
TW139,U139,2023-04-14,Sample tweet #Analytics
TW140,U140,2023-08-07,Sample tweet #DataSci
TW141,U141,2023-03-09,Sample tweet #SQL
TW142,U142,2023-12-06,Sample tweet #Analytics
TW143,U143,2023-06-23,Sample tweet #SQL
TW144,U144,2023-05-03,Sample tweet #SQL
TW145,U145,2023-09-03,Sample tweet #AgriTech
TW146,U146,2023-11-27,Sample tweet #Analytics
TW147,U147,2023-01-09,Sample tweet #Analytics
TW148,U148,2023-05-25,Sample tweet #SQL
TW149,U149,2023-01-17,Sample tweet #SQL
TW150,U150,2023-09-15,Sample tweet #DataSci
TW151,U151,2023-02-16,Sample tweet #AgriTech
TW152,U152,2023-10-20,Sample tweet #AgriTech
TW153,U153,2023-05-03,Sample tweet #Analytics
TW154,U154,2023-05-17,Sample tweet #DataSci
TW155,U155,2023-08-12,Sample tweet #DataSci
TW156,U156,2023-03-28,Sample tweet #DataSci
TW157,U157,2023-04-18,Sample tweet #AgriTech
TW158,U158,2023-08-11,Sample tweet #SQL
TW159,U159,2023-10-20,Sample tweet #Analytics
TW160,U160,2023-05-30,Sample tweet #SQL
TW161,U161,2023-06-25,Sample tweet #AgriTech
TW162,U162,2023-06-28,Sample tweet #SQL
TW163,U163,2023-06-21,Sample tweet #SQL
TW164,U164,2023-11-28,Sample tweet #DataSci
TW165,U165,2023-10-13,Sample tweet #Analytics
TW166,U166,2023-01-11,Sample tweet #DataSci
TW167,U167,2023-02-20,Sample tweet #SQL
TW168,U168,2023-04-25,Sample tweet #AgriTech
TW169,U169,2023-08-13,Sample tweet #AgriTech
TW170,U170,2023-01-13,Sample tweet #AgriTech
TW171,U171,2023-02-08,Sample tweet #DataSci
TW172,U172,2023-04-05,Sample tweet #DataSci
TW173,U173,2023-05-02,Sample tweet #SQL
TW174,U174,2023-04-22,Sample tweet #SQL
TW175,U175,2023-01-12,Sample tweet #DataSci
TW176,U176,2023-11-13,Sample tweet #SQL
TW177,U177,2023-06-18,Sample tweet #DataSci
TW178,U178,2023-09-04,Sample tweet #Analytics
TW179,U179,2023-03-19,Sample tweet #SQL
TW180,U180,2023-12-24,Sample tweet #DataSci
TW181,U181,2023-08-29,Sample tweet #AgriTech
TW182,U182,2023-05-25,Sample tweet #SQL
TW183,U183,2023-06-30,Sample tweet #SQL
TW184,U184,2023-12-10,Sample tweet #Analytics
TW185,U185,2023-01-22,Sample tweet #AgriTech
TW186,U186,2023-01-16,Sample tweet #DataSci
TW187,U187,2023-07-18,Sample tweet #AgriTech
TW188,U188,2023-12-14,Sample tweet #AgriTech
TW189,U189,2023-03-24,Sample tweet #SQL
TW190,U190,2023-06-07,Sample tweet #AgriTech
TW191,U191,2023-01-24,Sample tweet #AgriTech
TW192,U192,2023-03-18,Sample tweet #DataSci
TW193,U193,2023-07-05,Sample tweet #SQL
TW194,U194,2023-01-09,Sample tweet #DataSci
TW195,U195,2023-03-01,Sample tweet #AgriTech
TW196,U196,2023-08-01,Sample tweet #Analytics
TW197,U197,2023-03-31,Sample tweet #SQL
TW198,U198,2023-08-20,Sample tweet #AgriTech
TW199,U199,2023-12-16,Sample tweet #SQL
TW200,U200,2023-06-04,Sample tweet #SQL
TW201,U201,2023-10-28,Sample tweet #DataSci
TW202,U202,2023-01-15,Sample tweet #Analytics
TW203,U203,2023-11-02,Sample tweet #DataSci
TW204,U204,2023-04-17,Sample tweet #AgriTech
TW205,U205,2023-07-20,Sample tweet #AgriTech
TW206,U206,2023-01-20,Sample tweet #AgriTech
TW207,U207,2023-09-08,Sample tweet #AgriTech
TW208,U208,2023-06-04,Sample tweet #AgriTech
TW209,U209,2023-07-06,Sample tweet #SQL
TW210,U210,2023-05-09,Sample tweet #Analytics
TW211,U211,2023-04-04,Sample tweet #DataSci
TW212,U212,2023-08-26,Sample tweet #DataSci
TW213,U213,2023-09-28,Sample tweet #DataSci
TW214,U214,2023-11-05,Sample tweet #AgriTech
TW215,U215,2023-08-13,Sample tweet #Analytics
TW216,U216,2023-08-30,Sample tweet #Analytics
TW217,U217,2023-09-25,Sample tweet #AgriTech
TW218,U218,2023-02-25,Sample tweet #SQL
TW219,U219,2023-08-14,Sample tweet #SQL
TW220,U220,2023-05-30,Sample tweet #Analytics
TW221,U221,2023-10-29,Sample tweet #AgriTech
TW222,U222,2023-03-02,Sample tweet #AgriTech
TW223,U223,2023-04-05,Sample tweet #SQL
TW224,U224,2023-10-15,Sample tweet #SQL
TW225,U225,2023-08-24,Sample tweet #DataSci
TW226,U226,2023-11-01,Sample tweet #AgriTech
TW227,U227,2023-06-22,Sample tweet #Analytics
TW228,U228,2023-03-31,Sample tweet #SQL
TW229,U229,2023-01-28,Sample tweet #AgriTech
TW230,U230,2023-09-13,Sample tweet #SQL
TW231,U231,2023-07-04,Sample tweet #Analytics
TW232,U232,2023-09-06,Sample tweet #SQL
TW233,U233,2023-03-02,Sample tweet #DataSci
TW234,U234,2023-06-02,Sample tweet #SQL
TW235,U235,2023-09-04,Sample tweet #SQL
TW236,U236,2023-05-26,Sample tweet #SQL
TW237,U237,2023-10-16,Sample tweet #AgriTech
TW238,U238,2023-11-19,Sample tweet #SQL
TW239,U239,2023-03-15,Sample tweet #SQL
TW240,U240,2023-11-14,Sample tweet #AgriTech
TW241,U241,2023-03-13,Sample tweet #AgriTech
TW242,U242,2023-12-19,Sample tweet #DataSci
TW243,U243,2023-05-14,Sample tweet #SQL
TW244,U244,2023-02-27,Sample tweet #SQL
TW245,U245,2023-05-11,Sample tweet #AgriTech
TW246,U246,2023-11-10,Sample tweet #AgriTech
TW247,U247,2023-06-24,Sample tweet #Analytics
TW248,U248,2023-05-14,Sample tweet #DataSci
TW249,U249,2023-12-20,Sample tweet #AgriTech
TW250,U250,2023-01-08,Sample tweet #SQL
TW251,U251,2023-05-20,Sample tweet #DataSci
TW252,U252,2023-06-30,Sample tweet #AgriTech
TW253,U253,2023-09-07,Sample tweet #DataSci
TW254,U254,2023-07-25,Sample tweet #DataSci
TW255,U255,2023-04-15,Sample tweet #SQL
TW256,U256,2023-01-18,Sample tweet #AgriTech
TW257,U257,2023-08-16,Sample tweet #AgriTech
TW258,U258,2023-01-05,Sample tweet #DataSci
TW259,U259,2023-04-16,Sample tweet #Analytics
TW260,U260,2023-07-23,Sample tweet #SQL
TW261,U261,2023-08-02,Sample tweet #Analytics
TW262,U262,2023-02-02,Sample tweet #AgriTech
TW263,U263,2023-04-25,Sample tweet #DataSci
TW264,U264,2023-01-09,Sample tweet #SQL
TW265,U265,2023-07-22,Sample tweet #Analytics
TW266,U266,2023-07-08,Sample tweet #SQL
TW267,U267,2023-08-05,Sample tweet #DataSci
TW268,U268,2023-05-12,Sample tweet #DataSci
TW269,U269,2023-09-18,Sample tweet #SQL
TW270,U270,2023-12-18,Sample tweet #SQL
TW271,U271,2023-02-21,Sample tweet #Analytics
TW272,U272,2023-02-10,Sample tweet #DataSci
TW273,U273,2023-08-25,Sample tweet #AgriTech
TW274,U274,2023-05-28,Sample tweet #AgriTech
TW275,U275,2023-12-25,Sample tweet #Analytics
TW276,U276,2023-11-10,Sample tweet #AgriTech
TW277,U277,2023-06-22,Sample tweet #DataSci
TW278,U278,2023-05-09,Sample tweet #Analytics
TW279,U279,2023-06-03,Sample tweet #DataSci
TW280,U280,2023-09-18,Sample tweet #DataSci
TW281,U281,2023-12-06,Sample tweet #DataSci
TW282,U282,2023-06-06,Sample tweet #SQL
TW283,U283,2023-03-17,Sample tweet #SQL
TW284,U284,2023-11-14,Sample tweet #DataSci
TW285,U285,2023-03-28,Sample tweet #SQL
TW286,U286,2023-07-26,Sample tweet #AgriTech
TW287,U287,2023-10-08,Sample tweet #DataSci
TW288,U288,2023-04-25,Sample tweet #SQL
TW289,U289,2023-07-05,Sample tweet #DataSci
TW290,U290,2023-10-14,Sample tweet #AgriTech
TW291,U291,2023-02-06,Sample tweet #AgriTech
TW292,U292,2023-12-02,Sample tweet #AgriTech
TW293,U293,2023-11-01,Sample tweet #Analytics
TW294,U294,2023-08-26,Sample tweet #AgriTech
TW295,U295,2023-03-05,Sample tweet #SQL
TW296,U296,2023-07-25,Sample tweet #DataSci
TW297,U297,2023-01-14,Sample tweet #DataSci
TW298,U298,2023-03-04,Sample tweet #SQL
TW299,U299,2023-02-21,Sample tweet #AgriTech
TW300,U300,2023-05-22,Sample tweet #Analytics
TW301,U301,2023-04-02,Sample tweet #SQL
TW302,U302,2023-03-28,Sample tweet #DataSci
TW303,U303,2023-05-19,Sample tweet #AgriTech
TW304,U304,2023-10-28,Sample tweet #DataSci
TW305,U305,2023-02-09,Sample tweet #DataSci
TW306,U306,2023-10-02,Sample tweet #DataSci
TW307,U307,2023-10-18,Sample tweet #Analytics
TW308,U308,2023-05-26,Sample tweet #SQL
TW309,U309,2023-02-15,Sample tweet #AgriTech
TW310,U310,2023-04-18,Sample tweet #DataSci
TW311,U311,2023-04-01,Sample tweet #AgriTech
TW312,U312,2023-01-02,Sample tweet #Analytics
TW313,U313,2023-06-16,Sample tweet #Analytics
TW314,U314,2023-12-24,Sample tweet #AgriTech
TW315,U315,2023-05-14,Sample tweet #AgriTech
TW316,U316,2023-09-17,Sample tweet #Analytics
TW317,U317,2023-03-26,Sample tweet #Analytics
TW318,U318,2023-02-18,Sample tweet #DataSci
TW319,U319,2023-08-11,Sample tweet #Analytics
TW320,U320,2023-01-08,Sample tweet #Analytics
TW321,U321,2023-12-08,Sample tweet #DataSci
TW322,U322,2023-01-24,Sample tweet #AgriTech
TW323,U323,2023-11-27,Sample tweet #AgriTech
TW324,U324,2023-02-26,Sample tweet #DataSci
TW325,U325,2023-10-10,Sample tweet #Analytics
TW326,U326,2023-02-17,Sample tweet #Analytics
TW327,U327,2023-12-21,Sample tweet #Analytics
TW328,U328,2023-03-09,Sample tweet #Analytics
TW329,U329,2023-02-24,Sample tweet #Analytics
TW330,U330,2023-08-14,Sample tweet #SQL
TW331,U331,2023-07-25,Sample tweet #SQL
TW332,U332,2023-12-21,Sample tweet #AgriTech
TW333,U333,2023-12-18,Sample tweet #AgriTech
TW334,U334,2023-01-25,Sample tweet #Analytics
TW335,U335,2023-06-17,Sample tweet #AgriTech
TW336,U336,2023-05-07,Sample tweet #AgriTech
TW337,U337,2023-07-05,Sample tweet #SQL
TW338,U338,2023-11-28,Sample tweet #AgriTech
TW339,U339,2023-03-24,Sample tweet #SQL
TW340,U340,2023-07-01,Sample tweet #SQL
TW341,U341,2023-09-19,Sample tweet #SQL
TW342,U342,2023-06-09,Sample tweet #DataSci
TW343,U343,2023-12-16,Sample tweet #AgriTech
TW344,U344,2023-01-03,Sample tweet #Analytics
TW345,U345,2023-12-03,Sample tweet #DataSci
TW346,U346,2023-07-27,Sample tweet #Analytics
TW347,U347,2023-09-14,Sample tweet #DataSci
TW348,U348,2023-10-01,Sample tweet #Analytics
TW349,U349,2023-10-02,Sample tweet #DataSci
TW350,U350,2023-02-11,Sample tweet #Analytics
TW351,U351,2023-11-17,Sample tweet #Analytics
TW352,U352,2023-09-27,Sample tweet #DataSci
TW353,U353,2023-06-17,Sample tweet #Analytics
TW354,U354,2023-02-19,Sample tweet #Analytics
TW355,U355,2023-06-20,Sample tweet #Analytics
TW356,U356,2023-03-18,Sample tweet #DataSci
TW357,U357,2023-10-16,Sample tweet #Analytics
TW358,U358,2023-09-30,Sample tweet #Analytics
TW359,U359,2023-12-21,Sample tweet #DataSci
TW360,U360,2023-12-10,Sample tweet #AgriTech
TW361,U361,2023-06-30,Sample tweet #SQL
TW362,U362,2023-10-10,Sample tweet #Analytics
TW363,U363,2023-06-09,Sample tweet #AgriTech
TW364,U364,2023-05-28,Sample tweet #SQL
TW365,U365,2023-12-21,Sample tweet #SQL
TW366,U366,2023-05-16,Sample tweet #DataSci
TW367,U367,2023-01-20,Sample tweet #DataSci
TW368,U368,2023-02-10,Sample tweet #AgriTech
TW369,U369,2023-02-28,Sample tweet #SQL
TW370,U370,2023-11-23,Sample tweet #Analytics
TW371,U371,2023-12-18,Sample tweet #Analytics
TW372,U372,2023-11-04,Sample tweet #DataSci
TW373,U373,2023-04-02,Sample tweet #SQL
TW374,U374,2023-09-06,Sample tweet #DataSci
TW375,U375,2023-09-02,Sample tweet #SQL
TW376,U376,2023-08-16,Sample tweet #AgriTech
TW377,U377,2023-05-21,Sample tweet #SQL
TW378,U378,2023-06-22,Sample tweet #Analytics
TW379,U379,2023-07-28,Sample tweet #SQL
TW380,U380,2023-01-12,Sample tweet #Analytics
TW381,U381,2023-09-23,Sample tweet #SQL
TW382,U382,2023-12-10,Sample tweet #DataSci
TW383,U383,2023-04-09,Sample tweet #AgriTech
TW384,U384,2023-11-05,Sample tweet #AgriTech
TW385,U385,2023-05-14,Sample tweet #DataSci
TW386,U386,2023-08-27,Sample tweet #SQL
TW387,U387,2023-05-22,Sample tweet #Analytics
TW388,U388,2023-12-03,Sample tweet #Analytics
TW389,U389,2023-10-29,Sample tweet #DataSci
TW390,U390,2023-10-30,Sample tweet #Analytics
TW391,U391,2023-09-06,Sample tweet #AgriTech
TW392,U392,2023-03-24,Sample tweet #DataSci
TW393,U393,2023-11-20,Sample tweet #AgriTech
TW394,U394,2023-05-17,Sample tweet #DataSci
TW395,U395,2023-08-28,Sample tweet #AgriTech
TW396,U396,2023-03-24,Sample tweet #DataSci
TW397,U397,2023-11-13,Sample tweet #SQL
TW398,U398,2023-03-19,Sample tweet #SQL
TW399,U399,2023-10-10,Sample tweet #SQL
TW400,U400,2023-07-13,Sample tweet #Analytics
TW401,U401,2023-08-30,Sample tweet #Analytics
TW402,U402,2023-04-25,Sample tweet #AgriTech
TW403,U403,2023-06-19,Sample tweet #AgriTech
TW404,U404,2023-07-22,Sample tweet #AgriTech
TW405,U405,2023-03-07,Sample tweet #DataSci
TW406,U406,2023-06-01,Sample tweet #SQL
TW407,U407,2023-12-26,Sample tweet #AgriTech
TW408,U408,2023-10-25,Sample tweet #SQL
TW409,U409,2023-11-25,Sample tweet #SQL
TW410,U410,2023-09-07,Sample tweet #DataSci
TW411,U411,2023-12-23,Sample tweet #SQL
TW412,U412,2023-09-24,Sample tweet #Analytics
TW413,U413,2023-10-31,Sample tweet #AgriTech
TW414,U414,2023-04-19,Sample tweet #DataSci
TW415,U415,2023-01-15,Sample tweet #Analytics
TW416,U416,2023-12-22,Sample tweet #Analytics
TW417,U417,2023-12-04,Sample tweet #DataSci
TW418,U418,2023-09-28,Sample tweet #Analytics
TW419,U419,2023-11-29,Sample tweet #DataSci
TW420,U420,2023-09-18,Sample tweet #DataSci
TW421,U421,2023-03-19,Sample tweet #DataSci
TW422,U422,2023-03-16,Sample tweet #DataSci
TW423,U423,2023-12-04,Sample tweet #Analytics
TW424,U424,2023-08-30,Sample tweet #Analytics
TW425,U425,2023-11-15,Sample tweet #AgriTech
TW426,U426,2023-03-29,Sample tweet #DataSci
TW427,U427,2023-04-07,Sample tweet #SQL
TW428,U428,2023-12-07,Sample tweet #DataSci
TW429,U429,2023-03-01,Sample tweet #DataSci
TW430,U430,2023-03-11,Sample tweet #Analytics
TW431,U431,2023-04-15,Sample tweet #Analytics
TW432,U432,2023-01-15,Sample tweet #SQL
TW433,U433,2023-01-21,Sample tweet #Analytics
TW434,U434,2023-01-20,Sample tweet #DataSci
TW435,U435,2023-05-31,Sample tweet #DataSci
TW436,U436,2023-03-27,Sample tweet #DataSci
TW437,U437,2023-05-06,Sample tweet #SQL
TW438,U438,2023-01-15,Sample tweet #Analytics
TW439,U439,2023-01-10,Sample tweet #DataSci
TW440,U440,2023-06-06,Sample tweet #SQL
TW441,U441,2023-10-28,Sample tweet #SQL
TW442,U442,2023-03-09,Sample tweet #AgriTech
TW443,U443,2023-05-04,Sample tweet #DataSci
TW444,U444,2023-07-10,Sample tweet #SQL
TW445,U445,2023-05-22,Sample tweet #DataSci
TW446,U446,2023-11-23,Sample tweet #Analytics
TW447,U447,2023-02-27,Sample tweet #DataSci
TW448,U448,2023-07-15,Sample tweet #SQL
TW449,U449,2023-07-29,Sample tweet #Analytics
TW450,U450,2023-07-21,Sample tweet #SQL
TW451,U451,2023-06-06,Sample tweet #AgriTech
TW452,U452,2023-12-18,Sample tweet #DataSci
TW453,U453,2023-08-12,Sample tweet #DataSci
TW454,U454,2023-10-26,Sample tweet #Analytics
TW455,U455,2023-08-27,Sample tweet #SQL
TW456,U456,2023-03-03,Sample tweet #AgriTech
TW457,U457,2023-12-03,Sample tweet #DataSci
TW458,U458,2023-06-27,Sample tweet #SQL
TW459,U459,2023-09-11,Sample tweet #Analytics
TW460,U460,2023-07-21,Sample tweet #AgriTech
TW461,U461,2023-06-27,Sample tweet #AgriTech
TW462,U462,2023-10-06,Sample tweet #SQL
TW463,U463,2023-06-09,Sample tweet #SQL
TW464,U464,2023-09-12,Sample tweet #SQL
TW465,U465,2023-12-24,Sample tweet #DataSci
TW466,U466,2023-02-10,Sample tweet #Analytics
TW467,U467,2023-04-01,Sample tweet #Analytics
TW468,U468,2023-09-14,Sample tweet #Analytics
TW469,U469,2023-05-01,Sample tweet #DataSci
TW470,U470,2023-09-02,Sample tweet #Analytics
TW471,U471,2023-01-22,Sample tweet #Analytics
TW472,U472,2023-09-26,Sample tweet #DataSci
TW473,U473,2023-04-04,Sample tweet #DataSci
TW474,U474,2023-01-24,Sample tweet #DataSci
TW475,U475,2023-10-22,Sample tweet #AgriTech
TW476,U476,2023-02-21,Sample tweet #AgriTech
TW477,U477,2023-03-14,Sample tweet #AgriTech
TW478,U478,2023-06-05,Sample tweet #AgriTech
TW479,U479,2023-03-05,Sample tweet #AgriTech
TW480,U480,2023-02-19,Sample tweet #AgriTech
TW481,U481,2023-05-10,Sample tweet #SQL
TW482,U482,2023-03-04,Sample tweet #AgriTech
TW483,U483,2023-12-21,Sample tweet #Analytics
TW484,U484,2023-08-03,Sample tweet #Analytics
TW485,U485,2023-07-14,Sample tweet #Analytics
TW486,U486,2023-07-09,Sample tweet #Analytics
TW487,U487,2023-07-25,Sample tweet #DataSci
TW488,U488,2023-01-09,Sample tweet #DataSci
TW489,U489,2023-06-03,Sample tweet #DataSci
TW490,U490,2023-08-31,Sample tweet #Analytics
TW491,U491,2023-10-10,Sample tweet #Analytics
TW492,U492,2023-02-09,Sample tweet #SQL
TW493,U493,2023-04-14,Sample tweet #Analytics
TW494,U494,2023-12-26,Sample tweet #DataSci
TW495,U495,2023-02-09,Sample tweet #Analytics
TW496,U496,2023-06-18,Sample tweet #AgriTech
TW497,U497,2023-01-04,Sample tweet #SQL
TW498,U498,2023-11-14,Sample tweet #AgriTech
TW499,U499,2023-02-15,Sample tweet #AgriTech
TW500,U500,2023-11-06,Sample tweet #DataSci
TW501,U501,2023-07-05,Sample tweet #Analytics
TW502,U502,2023-12-29,Sample tweet #SQL
TW503,U503,2023-04-01,Sample tweet #SQL
TW504,U504,2023-09-03,Sample tweet #Analytics
TW505,U505,2023-09-14,Sample tweet #SQL
TW506,U506,2023-05-10,Sample tweet #Analytics
TW507,U507,2023-12-24,Sample tweet #SQL
TW508,U508,2023-10-15,Sample tweet #DataSci
TW509,U509,2023-09-17,Sample tweet #AgriTech
TW510,U510,2023-04-02,Sample tweet #DataSci
TW511,U511,2023-05-09,Sample tweet #DataSci
TW512,U512,2023-01-05,Sample tweet #SQL
TW513,U513,2023-06-05,Sample tweet #DataSci
TW514,U514,2023-04-28,Sample tweet #AgriTech
TW515,U515,2023-10-08,Sample tweet #SQL
TW516,U516,2023-03-22,Sample tweet #Analytics
TW517,U517,2023-04-24,Sample tweet #Analytics
TW518,U518,2023-05-29,Sample tweet #DataSci
TW519,U519,2023-07-02,Sample tweet #SQL
TW520,U520,2023-01-07,Sample tweet #DataSci
TW521,U521,2023-05-14,Sample tweet #Analytics
TW522,U522,2023-11-19,Sample tweet #AgriTech
TW523,U523,2023-01-19,Sample tweet #Analytics
TW524,U524,2023-08-23,Sample tweet #AgriTech
TW525,U525,2023-12-04,Sample tweet #DataSci
TW526,U526,2023-11-27,Sample tweet #SQL
TW527,U527,2023-01-17,Sample tweet #SQL
TW528,U528,2023-08-27,Sample tweet #DataSci
TW529,U529,2023-06-17,Sample tweet #SQL
TW530,U530,2023-12-08,Sample tweet #Analytics
TW531,U531,2023-12-10,Sample tweet #AgriTech
TW532,U532,2023-04-08,Sample tweet #Analytics
TW533,U533,2023-06-03,Sample tweet #DataSci
TW534,U534,2023-03-13,Sample tweet #AgriTech
TW535,U535,2023-11-03,Sample tweet #AgriTech
TW536,U536,2023-01-14,Sample tweet #AgriTech
TW537,U537,2023-05-15,Sample tweet #SQL
TW538,U538,2023-11-23,Sample tweet #SQL
TW539,U539,2023-08-17,Sample tweet #DataSci
TW540,U540,2023-04-22,Sample tweet #AgriTech
TW541,U541,2023-07-31,Sample tweet #SQL
TW542,U542,2023-05-19,Sample tweet #SQL
TW543,U543,2023-11-12,Sample tweet #AgriTech
TW544,U544,2023-03-16,Sample tweet #AgriTech
TW545,U545,2023-06-13,Sample tweet #Analytics
TW546,U546,2023-10-25,Sample tweet #SQL
TW547,U547,2023-08-06,Sample tweet #SQL
TW548,U548,2023-07-11,Sample tweet #AgriTech
TW549,U549,2023-08-10,Sample tweet #AgriTech
TW550,U550,2023-03-24,Sample tweet #Analytics
TW551,U551,2023-08-29,Sample tweet #SQL
TW552,U552,2023-08-11,Sample tweet #Analytics
TW553,U553,2023-04-19,Sample tweet #SQL
TW554,U554,2023-08-07,Sample tweet #Analytics
TW555,U555,2023-08-01,Sample tweet #SQL
TW556,U556,2023-11-07,Sample tweet #AgriTech
TW557,U557,2023-12-01,Sample tweet #SQL
TW558,U558,2023-03-10,Sample tweet #AgriTech
TW559,U559,2023-12-29,Sample tweet #Analytics
TW560,U560,2023-09-18,Sample tweet #DataSci
TW561,U561,2023-11-27,Sample tweet #AgriTech
TW562,U562,2023-11-17,Sample tweet #DataSci
TW563,U563,2023-05-12,Sample tweet #Analytics
TW564,U564,2023-07-09,Sample tweet #Analytics
TW565,U565,2023-08-14,Sample tweet #Analytics
TW566,U566,2023-09-23,Sample tweet #SQL
TW567,U567,2023-03-22,Sample tweet #SQL
TW568,U568,2023-05-05,Sample tweet #DataSci
TW569,U569,2023-07-23,Sample tweet #DataSci
TW570,U570,2023-02-27,Sample tweet #Analytics
TW571,U571,2023-12-23,Sample tweet #SQL
TW572,U572,2023-03-13,Sample tweet #AgriTech
TW573,U573,2023-08-31,Sample tweet #DataSci
TW574,U574,2023-03-07,Sample tweet #DataSci
TW575,U575,2023-04-04,Sample tweet #AgriTech
TW576,U576,2023-04-19,Sample tweet #SQL
TW577,U577,2023-12-10,Sample tweet #Analytics
TW578,U578,2023-01-26,Sample tweet #DataSci
TW579,U579,2023-09-06,Sample tweet #Analytics
TW580,U580,2023-08-06,Sample tweet #SQL
TW581,U581,2023-02-22,Sample tweet #DataSci
TW582,U582,2023-06-11,Sample tweet #DataSci
TW583,U583,2023-08-12,Sample tweet #SQL
TW584,U584,2023-06-13,Sample tweet #Analytics
TW585,U585,2023-09-01,Sample tweet #Analytics
TW586,U586,2023-07-31,Sample tweet #DataSci
TW587,U587,2023-07-29,Sample tweet #SQL
TW588,U588,2023-07-08,Sample tweet #AgriTech
TW589,U589,2023-01-14,Sample tweet #AgriTech
TW590,U590,2023-03-05,Sample tweet #Analytics
TW591,U591,2023-02-15,Sample tweet #AgriTech
TW592,U592,2023-03-07,Sample tweet #AgriTech
TW593,U593,2023-03-29,Sample tweet #AgriTech
TW594,U594,2023-10-15,Sample tweet #SQL
TW595,U595,2023-10-23,Sample tweet #DataSci
TW596,U596,2023-09-04,Sample tweet #SQL
TW597,U597,2023-01-21,Sample tweet #Analytics
TW598,U598,2023-09-14,Sample tweet #DataSci
TW599,U599,2023-12-25,Sample tweet #SQL
TW600,U600,2023-06-08,Sample tweet #Analytics
TW601,U601,2023-09-11,Sample tweet #Analytics
TW602,U602,2023-07-18,Sample tweet #SQL
TW603,U603,2023-10-21,Sample tweet #DataSci
TW604,U604,2023-06-16,Sample tweet #Analytics
TW605,U605,2023-06-12,Sample tweet #DataSci
TW606,U606,2023-08-17,Sample tweet #Analytics
TW607,U607,2023-12-23,Sample tweet #Analytics
TW608,U608,2024-01-01,Sample tweet #SQL
TW609,U609,2023-03-21,Sample tweet #SQL
TW610,U610,2023-06-05,Sample tweet #SQL
TW611,U611,2023-08-21,Sample tweet #DataSci
TW612,U612,2023-03-27,Sample tweet #SQL
TW613,U613,2023-08-05,Sample tweet #SQL
TW614,U614,2023-04-13,Sample tweet #SQL
TW615,U615,2023-03-10,Sample tweet #Analytics
TW616,U616,2023-11-16,Sample tweet #DataSci
TW617,U617,2023-02-25,Sample tweet #SQL
TW618,U618,2023-10-15,Sample tweet #Analytics
TW619,U619,2023-10-24,Sample tweet #SQL
TW620,U620,2023-08-01,Sample tweet #DataSci
TW621,U621,2023-10-19,Sample tweet #SQL
TW622,U622,2023-01-27,Sample tweet #Analytics
TW623,U623,2023-06-11,Sample tweet #SQL
TW624,U624,2023-08-30,Sample tweet #DataSci
TW625,U625,2023-06-25,Sample tweet #SQL
TW626,U626,2023-02-04,Sample tweet #AgriTech
TW627,U627,2023-09-28,Sample tweet #DataSci
TW628,U628,2023-11-19,Sample tweet #SQL
TW629,U629,2023-12-04,Sample tweet #Analytics
TW630,U630,2023-06-16,Sample tweet #AgriTech
TW631,U631,2023-08-22,Sample tweet #DataSci
TW632,U632,2023-06-15,Sample tweet #SQL
TW633,U633,2024-01-01,Sample tweet #DataSci
TW634,U634,2023-02-18,Sample tweet #Analytics
TW635,U635,2023-03-21,Sample tweet #Analytics
TW636,U636,2023-08-14,Sample tweet #SQL
TW637,U637,2023-11-19,Sample tweet #AgriTech
TW638,U638,2023-04-27,Sample tweet #DataSci
TW639,U639,2023-02-14,Sample tweet #Analytics
TW640,U640,2023-06-09,Sample tweet #DataSci
TW641,U641,2023-10-04,Sample tweet #Analytics
TW642,U642,2023-07-23,Sample tweet #AgriTech
TW643,U643,2023-11-28,Sample tweet #DataSci
TW644,U644,2023-09-25,Sample tweet #AgriTech
TW645,U645,2023-10-05,Sample tweet #Analytics
TW646,U646,2023-04-11,Sample tweet #AgriTech
TW647,U647,2023-03-06,Sample tweet #DataSci
TW648,U648,2023-10-16,Sample tweet #Analytics
TW649,U649,2023-08-31,Sample tweet #AgriTech
TW650,U650,2023-05-27,Sample tweet #DataSci
TW651,U651,2023-10-03,Sample tweet #SQL
TW652,U652,2023-10-11,Sample tweet #Analytics
TW653,U653,2023-01-09,Sample tweet #DataSci
TW654,U654,2023-07-24,Sample tweet #Analytics
TW655,U655,2023-09-26,Sample tweet #Analytics
TW656,U656,2023-12-21,Sample tweet #Analytics
TW657,U657,2023-02-28,Sample tweet #SQL
TW658,U658,2023-07-07,Sample tweet #SQL
TW659,U659,2023-02-07,Sample tweet #SQL
TW660,U660,2023-02-21,Sample tweet #AgriTech
TW661,U661,2023-11-16,Sample tweet #SQL
TW662,U662,2023-01-23,Sample tweet #Analytics
TW663,U663,2024-01-01,Sample tweet #SQL
TW664,U664,2023-12-03,Sample tweet #Analytics
TW665,U665,2023-10-21,Sample tweet #DataSci
TW666,U666,2023-04-08,Sample tweet #SQL
TW667,U667,2023-09-01,Sample tweet #DataSci
TW668,U668,2023-02-17,Sample tweet #Analytics
TW669,U669,2023-09-27,Sample tweet #DataSci
TW670,U670,2023-08-16,Sample tweet #Analytics
TW671,U671,2023-04-16,Sample tweet #Analytics
TW672,U672,2023-07-05,Sample tweet #DataSci
TW673,U673,2023-02-06,Sample tweet #DataSci
TW674,U674,2023-10-07,Sample tweet #Analytics
TW675,U675,2023-02-22,Sample tweet #DataSci
TW676,U676,2023-12-19,Sample tweet #AgriTech
TW677,U677,2023-02-01,Sample tweet #AgriTech
TW678,U678,2023-12-28,Sample tweet #SQL
TW679,U679,2023-08-15,Sample tweet #Analytics
TW680,U680,2023-07-31,Sample tweet #AgriTech
TW681,U681,2024-01-01,Sample tweet #AgriTech
TW682,U682,2023-02-18,Sample tweet #SQL
TW683,U683,2023-10-06,Sample tweet #DataSci
TW684,U684,2023-02-22,Sample tweet #DataSci
TW685,U685,2023-05-17,Sample tweet #Analytics
TW686,U686,2023-08-23,Sample tweet #Analytics
TW687,U687,2023-11-06,Sample tweet #Analytics
TW688,U688,2023-06-12,Sample tweet #Analytics
TW689,U689,2023-06-01,Sample tweet #AgriTech
TW690,U690,2023-09-22,Sample tweet #AgriTech
TW691,U691,2023-09-24,Sample tweet #SQL
TW692,U692,2023-06-16,Sample tweet #Analytics
TW693,U693,2023-08-09,Sample tweet #AgriTech
TW694,U694,2023-10-03,Sample tweet #AgriTech
TW695,U695,2023-03-05,Sample tweet #DataSci
TW696,U696,2023-08-11,Sample tweet #SQL
TW697,U697,2023-06-09,Sample tweet #AgriTech
TW698,U698,2023-11-14,Sample tweet #AgriTech
TW699,U699,2023-06-20,Sample tweet #Analytics
TW700,U700,2023-03-11,Sample tweet #AgriTech
TW701,U701,2023-08-10,Sample tweet #AgriTech
TW702,U702,2023-10-05,Sample tweet #AgriTech
TW703,U703,2023-03-30,Sample tweet #Analytics
TW704,U704,2023-01-11,Sample tweet #AgriTech
TW705,U705,2023-09-02,Sample tweet #Analytics
TW706,U706,2023-08-06,Sample tweet #DataSci
TW707,U707,2023-03-03,Sample tweet #SQL
TW708,U708,2023-12-22,Sample tweet #SQL
TW709,U709,2023-09-29,Sample tweet #AgriTech
TW710,U710,2023-08-06,Sample tweet #AgriTech
TW711,U711,2023-10-07,Sample tweet #Analytics
TW712,U712,2023-03-02,Sample tweet #SQL
TW713,U713,2023-04-19,Sample tweet #Analytics
TW714,U714,2023-07-24,Sample tweet #SQL
TW715,U715,2023-02-11,Sample tweet #Analytics
TW716,U716,2023-01-27,Sample tweet #DataSci
TW717,U717,2023-07-30,Sample tweet #DataSci
TW718,U718,2023-07-13,Sample tweet #DataSci
TW719,U719,2023-05-17,Sample tweet #SQL
TW720,U720,2023-10-25,Sample tweet #AgriTech
TW721,U721,2023-06-13,Sample tweet #SQL
TW722,U722,2023-01-09,Sample tweet #AgriTech
TW723,U723,2023-12-14,Sample tweet #AgriTech
TW724,U724,2023-03-11,Sample tweet #SQL
TW725,U725,2023-06-22,Sample tweet #Analytics
TW726,U726,2023-08-17,Sample tweet #SQL
TW727,U727,2023-07-24,Sample tweet #SQL
TW728,U728,2023-04-30,Sample tweet #Analytics
TW729,U729,2023-05-20,Sample tweet #DataSci
TW730,U730,2023-05-08,Sample tweet #AgriTech
TW731,U731,2023-09-14,Sample tweet #AgriTech
TW732,U732,2023-11-04,Sample tweet #DataSci
TW733,U733,2023-04-15,Sample tweet #Analytics
TW734,U734,2023-01-05,Sample tweet #DataSci
TW735,U735,2023-02-13,Sample tweet #Analytics
TW736,U736,2023-11-17,Sample tweet #AgriTech
TW737,U737,2023-07-25,Sample tweet #DataSci
TW738,U738,2023-11-20,Sample tweet #DataSci
TW739,U739,2023-01-03,Sample tweet #Analytics
TW740,U740,2023-11-26,Sample tweet #SQL
TW741,U741,2023-09-17,Sample tweet #AgriTech
TW742,U742,2023-06-21,Sample tweet #Analytics
TW743,U743,2023-08-12,Sample tweet #Analytics
TW744,U744,2023-11-10,Sample tweet #DataSci
TW745,U745,2023-01-15,Sample tweet #DataSci
TW746,U746,2023-04-25,Sample tweet #AgriTech
TW747,U747,2023-08-13,Sample tweet #SQL
TW748,U748,2023-07-03,Sample tweet #DataSci
TW749,U749,2023-11-11,Sample tweet #Analytics
TW750,U750,2023-09-30,Sample tweet #Analytics
TW751,U751,2023-05-10,Sample tweet #AgriTech
TW752,U752,2023-11-21,Sample tweet #AgriTech
TW753,U753,2023-09-02,Sample tweet #Analytics
TW754,U754,2023-09-19,Sample tweet #SQL
TW755,U755,2023-12-27,Sample tweet #Analytics
TW756,U756,2023-04-14,Sample tweet #SQL
TW757,U757,2023-02-27,Sample tweet #AgriTech
TW758,U758,2023-10-03,Sample tweet #Analytics
TW759,U759,2023-11-08,Sample tweet #Analytics
TW760,U760,2023-02-22,Sample tweet #Analytics
TW761,U761,2023-01-16,Sample tweet #SQL
TW762,U762,2023-10-20,Sample tweet #DataSci
TW763,U763,2023-11-09,Sample tweet #AgriTech
TW764,U764,2023-11-23,Sample tweet #SQL
TW765,U765,2023-11-01,Sample tweet #Analytics
TW766,U766,2023-06-18,Sample tweet #AgriTech
TW767,U767,2023-11-15,Sample tweet #Analytics
TW768,U768,2023-11-21,Sample tweet #Analytics
TW769,U769,2023-10-28,Sample tweet #SQL
TW770,U770,2023-05-12,Sample tweet #SQL
TW771,U771,2023-09-17,Sample tweet #AgriTech
TW772,U772,2023-12-17,Sample tweet #AgriTech
TW773,U773,2023-05-12,Sample tweet #Analytics
TW774,U774,2023-08-10,Sample tweet #AgriTech
TW775,U775,2023-01-24,Sample tweet #AgriTech
TW776,U776,2023-03-06,Sample tweet #SQL
TW777,U777,2023-03-20,Sample tweet #AgriTech
TW778,U778,2023-08-12,Sample tweet #AgriTech
TW779,U779,2023-03-03,Sample tweet #Analytics
TW780,U780,2023-10-14,Sample tweet #Analytics
TW781,U781,2023-04-08,Sample tweet #DataSci
TW782,U782,2023-02-08,Sample tweet #AgriTech
TW783,U783,2023-07-11,Sample tweet #Analytics
TW784,U784,2023-04-07,Sample tweet #Analytics
TW785,U785,2023-01-23,Sample tweet #AgriTech
TW786,U786,2023-01-02,Sample tweet #SQL
TW787,U787,2023-11-27,Sample tweet #DataSci
TW788,U788,2023-12-16,Sample tweet #SQL
TW789,U789,2023-04-14,Sample tweet #Analytics
TW790,U790,2023-07-26,Sample tweet #SQL
TW791,U791,2023-06-26,Sample tweet #AgriTech
TW792,U792,2023-04-24,Sample tweet #Analytics
TW793,U793,2023-11-08,Sample tweet #Analytics
TW794,U794,2023-06-29,Sample tweet #DataSci
TW795,U795,2023-03-27,Sample tweet #Analytics
TW796,U796,2023-04-02,Sample tweet #Analytics
TW797,U797,2023-08-31,Sample tweet #DataSci
TW798,U798,2023-08-19,Sample tweet #SQL
TW799,U799,2023-03-18,Sample tweet #DataSci
TW800,U800,2023-07-23,Sample tweet #DataSci
TW801,U801,2023-01-19,Sample tweet #SQL
TW802,U802,2023-07-03,Sample tweet #SQL
TW803,U803,2023-09-14,Sample tweet #SQL
TW804,U804,2023-12-23,Sample tweet #AgriTech
TW805,U805,2023-03-18,Sample tweet #Analytics
TW806,U806,2023-11-29,Sample tweet #AgriTech
TW807,U807,2023-06-25,Sample tweet #Analytics
TW808,U808,2023-10-05,Sample tweet #AgriTech
TW809,U809,2023-05-18,Sample tweet #DataSci
TW810,U810,2023-11-02,Sample tweet #SQL
TW811,U811,2023-11-26,Sample tweet #SQL
TW812,U812,2023-04-05,Sample tweet #AgriTech
TW813,U813,2023-08-31,Sample tweet #SQL
TW814,U814,2023-02-15,Sample tweet #Analytics
TW815,U815,2023-08-03,Sample tweet #SQL
TW816,U816,2023-04-06,Sample tweet #DataSci
TW817,U817,2023-04-12,Sample tweet #DataSci
TW818,U818,2023-06-27,Sample tweet #SQL
TW819,U819,2023-09-24,Sample tweet #SQL
TW820,U820,2023-03-06,Sample tweet #AgriTech
TW821,U821,2023-03-24,Sample tweet #Analytics
TW822,U822,2023-10-23,Sample tweet #DataSci
TW823,U823,2023-06-17,Sample tweet #SQL
TW824,U824,2023-03-05,Sample tweet #Analytics
TW825,U825,2023-07-16,Sample tweet #AgriTech
TW826,U826,2023-10-10,Sample tweet #DataSci
TW827,U827,2023-07-24,Sample tweet #SQL
TW828,U828,2023-09-26,Sample tweet #AgriTech
TW829,U829,2023-02-17,Sample tweet #SQL
TW830,U830,2023-05-13,Sample tweet #AgriTech
TW831,U831,2023-09-03,Sample tweet #SQL
TW832,U832,2023-12-31,Sample tweet #AgriTech
TW833,U833,2023-10-26,Sample tweet #DataSci
TW834,U834,2023-01-21,Sample tweet #AgriTech
TW835,U835,2023-01-27,Sample tweet #Analytics
TW836,U836,2023-06-25,Sample tweet #SQL
TW837,U837,2023-02-14,Sample tweet #DataSci
TW838,U838,2023-10-23,Sample tweet #AgriTech
TW839,U839,2023-10-01,Sample tweet #AgriTech
TW840,U840,2023-09-20,Sample tweet #Analytics
TW841,U841,2023-10-30,Sample tweet #AgriTech
TW842,U842,2023-02-26,Sample tweet #AgriTech
TW843,U843,2023-07-23,Sample tweet #SQL
TW844,U844,2023-01-11,Sample tweet #Analytics
TW845,U845,2023-08-23,Sample tweet #DataSci
TW846,U846,2023-10-23,Sample tweet #DataSci
TW847,U847,2023-06-07,Sample tweet #AgriTech
TW848,U848,2023-02-17,Sample tweet #DataSci
TW849,U849,2023-06-26,Sample tweet #DataSci
TW850,U850,2023-02-20,Sample tweet #AgriTech
TW851,U851,2023-10-05,Sample tweet #AgriTech
TW852,U852,2023-01-02,Sample tweet #DataSci
TW853,U853,2023-09-16,Sample tweet #AgriTech
TW854,U854,2023-01-09,Sample tweet #Analytics
TW855,U855,2023-10-15,Sample tweet #AgriTech
TW856,U856,2023-09-09,Sample tweet #SQL
TW857,U857,2023-07-30,Sample tweet #AgriTech
TW858,U858,2023-05-02,Sample tweet #SQL
TW859,U859,2023-02-12,Sample tweet #Analytics
TW860,U860,2023-09-05,Sample tweet #DataSci
TW861,U861,2023-09-04,Sample tweet #Analytics
TW862,U862,2023-05-15,Sample tweet #AgriTech
TW863,U863,2023-10-31,Sample tweet #Analytics
TW864,U864,2023-01-22,Sample tweet #DataSci
TW865,U865,2023-08-19,Sample tweet #AgriTech
TW866,U866,2023-06-23,Sample tweet #AgriTech
TW867,U867,2023-12-09,Sample tweet #AgriTech
TW868,U868,2023-07-24,Sample tweet #SQL
TW869,U869,2023-03-15,Sample tweet #DataSci
TW870,U870,2023-01-09,Sample tweet #SQL
TW871,U871,2023-06-15,Sample tweet #AgriTech
TW872,U872,2023-06-23,Sample tweet #SQL
TW873,U873,2023-05-29,Sample tweet #DataSci
TW874,U874,2023-12-18,Sample tweet #DataSci
TW875,U875,2023-04-15,Sample tweet #Analytics
TW876,U876,2023-06-21,Sample tweet #DataSci
TW877,U877,2023-02-14,Sample tweet #AgriTech
TW878,U878,2023-11-14,Sample tweet #DataSci
TW879,U879,2023-01-23,Sample tweet #Analytics
TW880,U880,2023-09-03,Sample tweet #Analytics
TW881,U881,2023-05-09,Sample tweet #AgriTech
TW882,U882,2023-08-20,Sample tweet #AgriTech
TW883,U883,2023-02-22,Sample tweet #SQL
TW884,U884,2023-10-18,Sample tweet #AgriTech
TW885,U885,2023-02-10,Sample tweet #SQL
TW886,U886,2023-11-20,Sample tweet #AgriTech
TW887,U887,2023-03-29,Sample tweet #Analytics
TW888,U888,2023-05-02,Sample tweet #AgriTech
TW889,U889,2023-03-13,Sample tweet #AgriTech
TW890,U890,2023-05-27,Sample tweet #AgriTech
TW891,U891,2023-09-28,Sample tweet #DataSci
TW892,U892,2023-05-29,Sample tweet #SQL
TW893,U893,2023-07-31,Sample tweet #SQL
TW894,U894,2023-08-04,Sample tweet #SQL
TW895,U895,2023-03-06,Sample tweet #SQL
TW896,U896,2023-10-01,Sample tweet #DataSci
TW897,U897,2023-06-06,Sample tweet #SQL
TW898,U898,2023-06-17,Sample tweet #SQL
TW899,U899,2023-11-18,Sample tweet #Analytics
TW900,U900,2023-10-25,Sample tweet #Analytics
TW901,U901,2023-06-19,Sample tweet #Analytics
TW902,U902,2023-11-19,Sample tweet #DataSci
TW903,U903,2023-04-15,Sample tweet #SQL
TW904,U904,2023-06-15,Sample tweet #AgriTech
TW905,U905,2023-11-05,Sample tweet #AgriTech
TW906,U906,2023-03-08,Sample tweet #SQL
TW907,U907,2023-11-09,Sample tweet #SQL
TW908,U908,2023-07-25,Sample tweet #SQL
TW909,U909,2023-12-01,Sample tweet #Analytics
TW910,U910,2023-10-03,Sample tweet #Analytics
TW911,U911,2023-10-02,Sample tweet #Analytics
TW912,U912,2023-03-19,Sample tweet #DataSci
TW913,U913,2023-01-20,Sample tweet #SQL
TW914,U914,2023-10-28,Sample tweet #DataSci
TW915,U915,2023-10-05,Sample tweet #DataSci
TW916,U916,2023-11-09,Sample tweet #AgriTech
TW917,U917,2023-09-04,Sample tweet #DataSci
TW918,U918,2023-06-09,Sample tweet #SQL
TW919,U919,2023-11-04,Sample tweet #SQL
TW920,U920,2023-02-26,Sample tweet #Analytics
TW921,U921,2023-04-29,Sample tweet #AgriTech
TW922,U922,2023-01-12,Sample tweet #AgriTech
TW923,U923,2023-11-06,Sample tweet #DataSci
TW924,U924,2023-12-16,Sample tweet #SQL
TW925,U925,2023-04-28,Sample tweet #AgriTech
TW926,U926,2023-05-01,Sample tweet #Analytics
TW927,U927,2023-03-01,Sample tweet #AgriTech
TW928,U928,2023-07-24,Sample tweet #SQL
TW929,U929,2023-09-07,Sample tweet #Analytics
TW930,U930,2023-02-03,Sample tweet #AgriTech
TW931,U931,2023-09-26,Sample tweet #SQL
TW932,U932,2023-01-16,Sample tweet #Analytics
TW933,U933,2023-10-13,Sample tweet #SQL
TW934,U934,2023-02-24,Sample tweet #DataSci
TW935,U935,2023-02-10,Sample tweet #DataSci
TW936,U936,2023-07-16,Sample tweet #Analytics
TW937,U937,2023-02-06,Sample tweet #Analytics
TW938,U938,2023-11-12,Sample tweet #AgriTech
TW939,U939,2023-10-27,Sample tweet #AgriTech
TW940,U940,2023-08-30,Sample tweet #DataSci
TW941,U941,2023-03-29,Sample tweet #DataSci
TW942,U942,2023-12-29,Sample tweet #AgriTech
TW943,U943,2023-08-14,Sample tweet #DataSci
TW944,U944,2023-06-08,Sample tweet #AgriTech
TW945,U945,2023-07-27,Sample tweet #SQL
TW946,U946,2023-06-23,Sample tweet #AgriTech
TW947,U947,2023-01-29,Sample tweet #Analytics
TW948,U948,2023-05-04,Sample tweet #DataSci
TW949,U949,2023-07-08,Sample tweet #Analytics
TW950,U950,2023-05-23,Sample tweet #AgriTech
TW951,U951,2023-12-20,Sample tweet #SQL
TW952,U952,2023-10-23,Sample tweet #AgriTech
TW953,U953,2023-07-05,Sample tweet #AgriTech
TW954,U954,2023-12-13,Sample tweet #AgriTech
TW955,U955,2023-04-23,Sample tweet #SQL
TW956,U956,2023-02-10,Sample tweet #DataSci
TW957,U957,2023-10-24,Sample tweet #SQL
TW958,U958,2023-07-31,Sample tweet #Analytics
TW959,U959,2023-09-05,Sample tweet #AgriTech
TW960,U960,2023-10-20,Sample tweet #SQL
TW961,U961,2023-03-16,Sample tweet #Analytics
TW962,U962,2023-07-18,Sample tweet #Analytics
TW963,U963,2023-10-25,Sample tweet #AgriTech
TW964,U964,2023-12-16,Sample tweet #AgriTech
TW965,U965,2023-09-25,Sample tweet #DataSci
TW966,U966,2023-08-05,Sample tweet #DataSci
TW967,U967,2023-01-27,Sample tweet #SQL
TW968,U968,2023-08-20,Sample tweet #SQL
TW969,U969,2023-12-30,Sample tweet #SQL
TW970,U970,2023-03-04,Sample tweet #DataSci
TW971,U971,2023-05-09,Sample tweet #SQL
TW972,U972,2023-12-21,Sample tweet #DataSci
TW973,U973,2023-02-01,Sample tweet #SQL
TW974,U974,2023-06-09,Sample tweet #SQL
TW975,U975,2023-05-25,Sample tweet #AgriTech
TW976,U976,2023-02-16,Sample tweet #SQL
TW977,U977,2023-07-20,Sample tweet #SQL
TW978,U978,2023-07-05,Sample tweet #SQL
TW979,U979,2023-04-30,Sample tweet #Analytics
TW980,U980,2023-09-18,Sample tweet #AgriTech
TW981,U981,2023-10-08,Sample tweet #Analytics
TW982,U982,2023-10-11,Sample tweet #DataSci
TW983,U983,2023-05-12,Sample tweet #AgriTech
TW984,U984,2023-01-23,Sample tweet #SQL
TW985,U985,2023-06-15,Sample tweet #SQL
TW986,U986,2023-10-27,Sample tweet #AgriTech
TW987,U987,2023-01-15,Sample tweet #Analytics
TW988,U988,2023-11-21,Sample tweet #SQL
TW989,U989,2023-05-14,Sample tweet #Analytics
TW990,U990,2023-10-22,Sample tweet #AgriTech
TW991,U991,2023-04-05,Sample tweet #Analytics
TW992,U992,2023-11-21,Sample tweet #AgriTech
TW993,U993,2023-05-04,Sample tweet #SQL
TW994,U994,2023-05-17,Sample tweet #SQL
TW995,U995,2023-01-12,Sample tweet #Analytics
TW996,U996,2023-10-24,Sample tweet #SQL
TW997,U997,2023-06-14,Sample tweet #Analytics
TW998,U998,2023-11-06,Sample tweet #DataSci
TW999,U999,2023-06-22,Sample tweet #AgriTech
TW1000,U1000,2023-04-14,Sample tweet #SQL
TW1001,U1001,2023-04-25,Sample tweet #Analytics
TW1002,U1002,2023-09-13,Sample tweet #DataSci
TW1003,U1003,2023-10-20,Sample tweet #DataSci
TW1004,U1004,2023-09-13,Sample tweet #Analytics
TW1005,U1005,2023-07-10,Sample tweet #SQL
TW1006,U1006,2023-01-29,Sample tweet #SQL
TW1007,U1007,2023-03-29,Sample tweet #SQL
TW1008,U1008,2023-11-15,Sample tweet #Analytics
TW1009,U1009,2023-11-28,Sample tweet #AgriTech
TW1010,U1010,2023-10-29,Sample tweet #Analytics
TW1011,U1011,2023-05-15,Sample tweet #AgriTech
TW1012,U1012,2023-08-11,Sample tweet #SQL
TW1013,U1013,2023-08-17,Sample tweet #AgriTech
TW1014,U1014,2023-04-05,Sample tweet #AgriTech
TW1015,U1015,2023-07-09,Sample tweet #DataSci
TW1016,U1016,2023-08-29,Sample tweet #DataSci
TW1017,U1017,2023-12-10,Sample tweet #DataSci
TW1018,U1018,2023-11-24,Sample tweet #AgriTech
TW1019,U1019,2023-03-25,Sample tweet #SQL
TW1020,U1020,2023-03-22,Sample tweet #Analytics
TW1021,U1021,2023-10-26,Sample tweet #AgriTech
TW1022,U1022,2023-03-25,Sample tweet #Analytics
TW1023,U1023,2023-10-25,Sample tweet #DataSci
TW1024,U1024,2023-12-07,Sample tweet #SQL
TW1025,U1025,2023-11-13,Sample tweet #SQL
TW1026,U1026,2023-10-30,Sample tweet #AgriTech
TW1027,U1027,2023-03-01,Sample tweet #DataSci
TW1028,U1028,2023-11-16,Sample tweet #AgriTech
TW1029,U1029,2023-12-04,Sample tweet #SQL
TW1030,U1030,2023-09-14,Sample tweet #DataSci
TW1031,U1031,2023-02-23,Sample tweet #AgriTech
TW1032,U1032,2023-08-20,Sample tweet #SQL
TW1033,U1033,2023-11-10,Sample tweet #AgriTech
TW1034,U1034,2023-08-04,Sample tweet #SQL
TW1035,U1035,2023-03-21,Sample tweet #SQL
TW1036,U1036,2023-12-24,Sample tweet #SQL
TW1037,U1037,2023-01-28,Sample tweet #DataSci
TW1038,U1038,2023-10-25,Sample tweet #DataSci
TW1039,U1039,2023-07-15,Sample tweet #AgriTech
TW1040,U1040,2023-01-12,Sample tweet #AgriTech
TW1041,U1041,2023-07-05,Sample tweet #DataSci
TW1042,U1042,2023-12-31,Sample tweet #Analytics
TW1043,U1043,2023-06-30,Sample tweet #DataSci
TW1044,U1044,2023-10-08,Sample tweet #DataSci
TW1045,U1045,2023-06-09,Sample tweet #DataSci
TW1046,U1046,2023-11-14,Sample tweet #Analytics
TW1047,U1047,2023-07-07,Sample tweet #AgriTech
TW1048,U1048,2023-10-10,Sample tweet #DataSci
TW1049,U1049,2023-11-28,Sample tweet #AgriTech
TW1050,U1050,2023-03-03,Sample tweet #AgriTech
TW1051,U1051,2023-01-03,Sample tweet #DataSci
TW1052,U1052,2023-07-22,Sample tweet #Analytics
TW1053,U1053,2023-05-28,Sample tweet #SQL
TW1054,U1054,2023-03-06,Sample tweet #SQL
TW1055,U1055,2023-05-10,Sample tweet #Analytics
TW1056,U1056,2023-01-26,Sample tweet #Analytics
TW1057,U1057,2023-11-14,Sample tweet #DataSci
TW1058,U1058,2023-02-08,Sample tweet #AgriTech
TW1059,U1059,2023-09-04,Sample tweet #Analytics
TW1060,U1060,2023-01-09,Sample tweet #SQL
TW1061,U1061,2023-12-28,Sample tweet #SQL
TW1062,U1062,2023-06-03,Sample tweet #DataSci
TW1063,U1063,2023-12-28,Sample tweet #Analytics
TW1064,U1064,2023-07-10,Sample tweet #Analytics
TW1065,U1065,2023-01-24,Sample tweet #DataSci
TW1066,U1066,2023-01-28,Sample tweet #SQL
TW1067,U1067,2023-05-19,Sample tweet #AgriTech
TW1068,U1068,2023-04-09,Sample tweet #SQL
TW1069,U1069,2023-06-24,Sample tweet #DataSci
TW1070,U1070,2023-05-27,Sample tweet #AgriTech
TW1071,U1071,2023-07-14,Sample tweet #SQL
TW1072,U1072,2023-01-13,Sample tweet #DataSci
TW1073,U1073,2023-06-10,Sample tweet #Analytics
TW1074,U1074,2023-07-13,Sample tweet #AgriTech
TW1075,U1075,2023-08-25,Sample tweet #DataSci
TW1076,U1076,2023-02-17,Sample tweet #SQL
TW1077,U1077,2023-04-22,Sample tweet #AgriTech
TW1078,U1078,2023-04-21,Sample tweet #DataSci
TW1079,U1079,2023-01-26,Sample tweet #SQL
TW1080,U1080,2023-09-20,Sample tweet #SQL
TW1081,U1081,2023-12-07,Sample tweet #DataSci
TW1082,U1082,2023-12-30,Sample tweet #SQL
TW1083,U1083,2023-01-14,Sample tweet #DataSci
TW1084,U1084,2023-01-06,Sample tweet #SQL
TW1085,U1085,2023-01-23,Sample tweet #DataSci
TW1086,U1086,2023-12-24,Sample tweet #SQL
TW1087,U1087,2023-12-15,Sample tweet #Analytics
TW1088,U1088,2023-06-15,Sample tweet #DataSci
TW1089,U1089,2023-03-25,Sample tweet #DataSci
TW1090,U1090,2023-10-21,Sample tweet #DataSci
TW1091,U1091,2023-12-18,Sample tweet #DataSci
TW1092,U1092,2023-11-11,Sample tweet #DataSci
TW1093,U1093,2023-02-20,Sample tweet #AgriTech
TW1094,U1094,2023-06-13,Sample tweet #DataSci
TW1095,U1095,2023-03-25,Sample tweet #Analytics
TW1096,U1096,2023-11-27,Sample tweet #Analytics
TW1097,U1097,2023-10-19,Sample tweet #AgriTech
TW1098,U1098,2023-03-22,Sample tweet #Analytics
TW1099,U1099,2023-03-30,Sample tweet #Analytics
TW1100,U1100,2023-06-25,Sample tweet #SQL
TW1101,U1101,2023-10-16,Sample tweet #SQL
TW1102,U1102,2023-10-20,Sample tweet #AgriTech
TW1103,U1103,2023-11-22,Sample tweet #DataSci
TW1104,U1104,2023-03-10,Sample tweet #SQL
TW1105,U1105,2023-07-29,Sample tweet #SQL
TW1106,U1106,2023-05-05,Sample tweet #Analytics
TW1107,U1107,2023-09-29,Sample tweet #AgriTech
TW1108,U1108,2023-01-28,Sample tweet #AgriTech
TW1109,U1109,2023-06-05,Sample tweet #DataSci
TW1110,U1110,2023-09-19,Sample tweet #Analytics
TW1111,U1111,2023-03-26,Sample tweet #AgriTech
TW1112,U1112,2023-01-20,Sample tweet #Analytics
TW1113,U1113,2023-04-17,Sample tweet #AgriTech
TW1114,U1114,2023-01-12,Sample tweet #Analytics
TW1115,U1115,2023-04-11,Sample tweet #DataSci
TW1116,U1116,2023-07-06,Sample tweet #DataSci
TW1117,U1117,2023-01-03,Sample tweet #AgriTech
TW1118,U1118,2023-03-08,Sample tweet #AgriTech
TW1119,U1119,2023-11-03,Sample tweet #AgriTech
TW1120,U1120,2023-08-24,Sample tweet #SQL
TW1121,U1121,2023-03-18,Sample tweet #DataSci
TW1122,U1122,2023-09-28,Sample tweet #DataSci
TW1123,U1123,2023-02-04,Sample tweet #DataSci
TW1124,U1124,2023-06-06,Sample tweet #DataSci
TW1125,U1125,2023-05-02,Sample tweet #AgriTech
TW1126,U1126,2023-08-25,Sample tweet #DataSci
TW1127,U1127,2023-06-06,Sample tweet #SQL
TW1128,U1128,2023-03-16,Sample tweet #Analytics
TW1129,U1129,2023-09-02,Sample tweet #DataSci
TW1130,U1130,2023-07-19,Sample tweet #Analytics
TW1131,U1131,2023-04-17,Sample tweet #Analytics
TW1132,U1132,2023-02-04,Sample tweet #AgriTech
TW1133,U1133,2023-09-05,Sample tweet #Analytics
TW1134,U1134,2023-06-14,Sample tweet #Analytics
TW1135,U1135,2023-09-08,Sample tweet #AgriTech
TW1136,U1136,2023-02-07,Sample tweet #SQL
TW1137,U1137,2023-12-11,Sample tweet #AgriTech
TW1138,U1138,2023-07-22,Sample tweet #AgriTech
TW1139,U1139,2023-04-29,Sample tweet #DataSci
TW1140,U1140,2023-04-10,Sample tweet #AgriTech
TW1141,U1141,2023-08-21,Sample tweet #AgriTech
TW1142,U1142,2023-06-23,Sample tweet #AgriTech
TW1143,U1143,2023-04-13,Sample tweet #Analytics
TW1144,U1144,2023-02-04,Sample tweet #DataSci
TW1145,U1145,2023-12-22,Sample tweet #SQL
TW1146,U1146,2023-07-10,Sample tweet #AgriTech
TW1147,U1147,2023-12-06,Sample tweet #DataSci
TW1148,U1148,2023-09-27,Sample tweet #DataSci
TW1149,U1149,2023-08-10,Sample tweet #DataSci
TW1150,U1150,2023-07-03,Sample tweet #SQL
TW1151,U1151,2023-07-19,Sample tweet #DataSci
TW1152,U1152,2023-01-07,Sample tweet #AgriTech
TW1153,U1153,2023-04-17,Sample tweet #SQL
TW1154,U1154,2023-04-15,Sample tweet #AgriTech
TW1155,U1155,2023-04-20,Sample tweet #AgriTech
TW1156,U1156,2023-02-27,Sample tweet #Analytics
TW1157,U1157,2023-07-24,Sample tweet #SQL
TW1158,U1158,2023-09-08,Sample tweet #DataSci
TW1159,U1159,2023-11-23,Sample tweet #SQL
TW1160,U1160,2023-11-07,Sample tweet #Analytics
TW1161,U1161,2023-08-04,Sample tweet #Analytics
TW1162,U1162,2023-12-15,Sample tweet #DataSci
TW1163,U1163,2023-01-23,Sample tweet #DataSci
TW1164,U1164,2023-03-07,Sample tweet #Analytics
TW1165,U1165,2023-09-08,Sample tweet #Analytics
TW1166,U1166,2023-10-16,Sample tweet #SQL
TW1167,U1167,2023-02-17,Sample tweet #Analytics
TW1168,U1168,2023-03-12,Sample tweet #DataSci
TW1169,U1169,2023-01-21,Sample tweet #SQL
TW1170,U1170,2023-01-27,Sample tweet #AgriTech
TW1171,U1171,2023-05-20,Sample tweet #DataSci
TW1172,U1172,2023-03-04,Sample tweet #SQL
TW1173,U1173,2023-02-08,Sample tweet #Analytics
TW1174,U1174,2023-12-04,Sample tweet #SQL
TW1175,U1175,2023-07-13,Sample tweet #DataSci
TW1176,U1176,2023-04-29,Sample tweet #Analytics
TW1177,U1177,2023-08-14,Sample tweet #Analytics
TW1178,U1178,2023-07-05,Sample tweet #AgriTech
TW1179,U1179,2023-02-20,Sample tweet #AgriTech
TW1180,U1180,2023-07-12,Sample tweet #SQL
TW1181,U1181,2023-01-20,Sample tweet #DataSci
TW1182,U1182,2023-06-04,Sample tweet #Analytics
TW1183,U1183,2023-05-20,Sample tweet #Analytics
TW1184,U1184,2023-06-29,Sample tweet #SQL
TW1185,U1185,2023-04-15,Sample tweet #SQL
TW1186,U1186,2023-08-13,Sample tweet #Analytics
TW1187,U1187,2023-06-07,Sample tweet #DataSci
TW1188,U1188,2023-10-23,Sample tweet #DataSci
TW1189,U1189,2023-07-24,Sample tweet #Analytics
TW1190,U1190,2023-12-25,Sample tweet #Analytics
TW1191,U1191,2023-11-08,Sample tweet #Analytics
TW1192,U1192,2023-08-05,Sample tweet #AgriTech
TW1193,U1193,2023-09-24,Sample tweet #DataSci
TW1194,U1194,2023-12-02,Sample tweet #DataSci
TW1195,U1195,2023-09-07,Sample tweet #SQL
TW1196,U1196,2023-06-09,Sample tweet #DataSci
TW1197,U1197,2023-01-27,Sample tweet #SQL
TW1198,U1198,2023-12-31,Sample tweet #DataSci
TW1199,U1199,2023-12-28,Sample tweet #Analytics
TW1200,U1200,2023-01-10,Sample tweet #AgriTech
TW1201,U1201,2023-09-08,Sample tweet #Analytics
TW1202,U1202,2023-10-06,Sample tweet #Analytics
TW1203,U1203,2023-01-28,Sample tweet #DataSci
TW1204,U1204,2023-11-08,Sample tweet #DataSci
TW1205,U1205,2023-06-09,Sample tweet #Analytics
TW1206,U1206,2023-08-18,Sample tweet #AgriTech
TW1207,U1207,2023-01-17,Sample tweet #Analytics
TW1208,U1208,2023-11-30,Sample tweet #SQL
TW1209,U1209,2023-12-16,Sample tweet #Analytics
TW1210,U1210,2023-04-09,Sample tweet #DataSci
TW1211,U1211,2023-07-23,Sample tweet #SQL
TW1212,U1212,2023-11-11,Sample tweet #SQL
TW1213,U1213,2023-12-23,Sample tweet #AgriTech
TW1214,U1214,2023-12-10,Sample tweet #SQL
TW1215,U1215,2023-07-04,Sample tweet #DataSci
TW1216,U1216,2023-11-18,Sample tweet #AgriTech
TW1217,U1217,2023-03-01,Sample tweet #SQL
TW1218,U1218,2023-09-17,Sample tweet #AgriTech
TW1219,U1219,2023-04-29,Sample tweet #Analytics
TW1220,U1220,2023-12-25,Sample tweet #DataSci
TW1221,U1221,2023-12-12,Sample tweet #Analytics
TW1222,U1222,2023-06-01,Sample tweet #SQL
TW1223,U1223,2023-04-27,Sample tweet #SQL
TW1224,U1224,2023-02-23,Sample tweet #DataSci
TW1225,U1225,2023-11-06,Sample tweet #SQL
TW1226,U1226,2023-09-01,Sample tweet #DataSci
TW1227,U1227,2023-01-26,Sample tweet #SQL
TW1228,U1228,2023-10-04,Sample tweet #SQL
TW1229,U1229,2023-10-12,Sample tweet #AgriTech
TW1230,U1230,2023-01-05,Sample tweet #Analytics
TW1231,U1231,2023-03-27,Sample tweet #Analytics
TW1232,U1232,2023-11-20,Sample tweet #SQL
TW1233,U1233,2023-05-23,Sample tweet #Analytics
TW1234,U1234,2023-11-22,Sample tweet #SQL
TW1235,U1235,2023-08-26,Sample tweet #Analytics
TW1236,U1236,2023-02-07,Sample tweet #SQL
TW1237,U1237,2023-10-06,Sample tweet #AgriTech
TW1238,U1238,2023-07-09,Sample tweet #AgriTech
TW1239,U1239,2023-09-09,Sample tweet #DataSci
TW1240,U1240,2023-03-27,Sample tweet #AgriTech
TW1241,U1241,2023-08-13,Sample tweet #Analytics
TW1242,U1242,2023-02-12,Sample tweet #DataSci
TW1243,U1243,2023-03-18,Sample tweet #DataSci
TW1244,U1244,2023-10-06,Sample tweet #SQL
TW1245,U1245,2023-03-07,Sample tweet #DataSci
TW1246,U1246,2023-01-07,Sample tweet #AgriTech
TW1247,U1247,2023-04-15,Sample tweet #AgriTech
TW1248,U1248,2023-09-05,Sample tweet #DataSci
TW1249,U1249,2023-11-07,Sample tweet #DataSci
TW1250,U1250,2023-03-19,Sample tweet #DataSci
TW1251,U1251,2023-08-27,Sample tweet #SQL
TW1252,U1252,2023-05-24,Sample tweet #AgriTech
TW1253,U1253,2023-03-06,Sample tweet #AgriTech
TW1254,U1254,2023-09-28,Sample tweet #SQL
TW1255,U1255,2023-06-03,Sample tweet #DataSci
TW1256,U1256,2023-08-22,Sample tweet #AgriTech
TW1257,U1257,2023-08-26,Sample tweet #DataSci
TW1258,U1258,2023-02-16,Sample tweet #SQL
TW1259,U1259,2023-05-02,Sample tweet #Analytics
TW1260,U1260,2023-03-24,Sample tweet #SQL
TW1261,U1261,2023-07-05,Sample tweet #SQL
TW1262,U1262,2023-10-02,Sample tweet #SQL
TW1263,U1263,2023-10-04,Sample tweet #DataSci
TW1264,U1264,2023-07-27,Sample tweet #AgriTech
TW1265,U1265,2023-08-24,Sample tweet #DataSci
TW1266,U1266,2023-09-29,Sample tweet #DataSci
TW1267,U1267,2023-04-01,Sample tweet #SQL
TW1268,U1268,2023-12-25,Sample tweet #AgriTech
TW1269,U1269,2023-11-07,Sample tweet #SQL
TW1270,U1270,2023-08-01,Sample tweet #AgriTech
TW1271,U1271,2023-12-25,Sample tweet #AgriTech
TW1272,U1272,2023-09-26,Sample tweet #SQL
TW1273,U1273,2023-02-20,Sample tweet #SQL
TW1274,U1274,2023-12-29,Sample tweet #DataSci
TW1275,U1275,2023-05-30,Sample tweet #DataSci
TW1276,U1276,2023-06-26,Sample tweet #SQL
TW1277,U1277,2023-08-08,Sample tweet #Analytics
TW1278,U1278,2023-12-31,Sample tweet #Analytics
TW1279,U1279,2023-11-27,Sample tweet #Analytics
TW1280,U1280,2023-08-03,Sample tweet #Analytics
TW1281,U1281,2023-01-04,Sample tweet #DataSci
TW1282,U1282,2023-01-11,Sample tweet #DataSci
TW1283,U1283,2023-09-20,Sample tweet #DataSci
TW1284,U1284,2023-04-26,Sample tweet #Analytics
TW1285,U1285,2023-11-09,Sample tweet #AgriTech
TW1286,U1286,2023-03-11,Sample tweet #Analytics
TW1287,U1287,2023-08-24,Sample tweet #AgriTech
TW1288,U1288,2023-12-07,Sample tweet #SQL
TW1289,U1289,2023-05-27,Sample tweet #SQL
TW1290,U1290,2023-01-22,Sample tweet #SQL
TW1291,U1291,2023-03-06,Sample tweet #AgriTech
TW1292,U1292,2023-08-08,Sample tweet #Analytics
TW1293,U1293,2023-05-09,Sample tweet #AgriTech
TW1294,U1294,2023-07-10,Sample tweet #Analytics
TW1295,U1295,2023-10-27,Sample tweet #SQL
TW1296,U1296,2023-02-04,Sample tweet #SQL
TW1297,U1297,2023-11-22,Sample tweet #Analytics
TW1298,U1298,2023-09-08,Sample tweet #AgriTech
TW1299,U1299,2023-04-19,Sample tweet #DataSci
TW1300,U1300,2023-10-05,Sample tweet #SQL
TW1301,U1301,2023-12-11,Sample tweet #AgriTech
TW1302,U1302,2023-06-24,Sample tweet #DataSci
TW1303,U1303,2023-04-25,Sample tweet #DataSci
TW1304,U1304,2023-04-07,Sample tweet #AgriTech
TW1305,U1305,2023-03-06,Sample tweet #DataSci
TW1306,U1306,2023-03-11,Sample tweet #SQL
TW1307,U1307,2023-04-09,Sample tweet #AgriTech
TW1308,U1308,2023-05-16,Sample tweet #Analytics
TW1309,U1309,2023-12-20,Sample tweet #AgriTech
TW1310,U1310,2023-05-16,Sample tweet #Analytics
TW1311,U1311,2023-12-30,Sample tweet #DataSci
TW1312,U1312,2023-03-01,Sample tweet #SQL
TW1313,U1313,2023-12-27,Sample tweet #SQL
TW1314,U1314,2023-05-18,Sample tweet #DataSci
TW1315,U1315,2023-07-23,Sample tweet #Analytics
TW1316,U1316,2023-02-04,Sample tweet #SQL
TW1317,U1317,2023-10-30,Sample tweet #AgriTech
TW1318,U1318,2023-03-22,Sample tweet #Analytics
TW1319,U1319,2023-05-12,Sample tweet #SQL
TW1320,U1320,2023-08-24,Sample tweet #DataSci
TW1321,U1321,2023-02-05,Sample tweet #Analytics
TW1322,U1322,2023-02-09,Sample tweet #DataSci
TW1323,U1323,2023-01-23,Sample tweet #AgriTech
TW1324,U1324,2023-06-23,Sample tweet #SQL
TW1325,U1325,2023-01-18,Sample tweet #AgriTech
TW1326,U1326,2023-01-25,Sample tweet #AgriTech
TW1327,U1327,2023-06-24,Sample tweet #SQL
TW1328,U1328,2023-04-08,Sample tweet #Analytics
TW1329,U1329,2023-04-01,Sample tweet #DataSci
TW1330,U1330,2023-03-12,Sample tweet #SQL
TW1331,U1331,2023-06-14,Sample tweet #SQL
TW1332,U1332,2023-06-30,Sample tweet #DataSci
TW1333,U1333,2023-01-30,Sample tweet #DataSci
TW1334,U1334,2023-11-28,Sample tweet #SQL
TW1335,U1335,2023-10-16,Sample tweet #SQL
TW1336,U1336,2023-08-18,Sample tweet #DataSci
TW1337,U1337,2023-02-07,Sample tweet #Analytics
TW1338,U1338,2023-10-30,Sample tweet #AgriTech
TW1339,U1339,2023-07-26,Sample tweet #SQL
TW1340,U1340,2023-04-24,Sample tweet #Analytics
TW1341,U1341,2023-08-06,Sample tweet #AgriTech
TW1342,U1342,2023-12-03,Sample tweet #SQL
TW1343,U1343,2023-02-04,Sample tweet #DataSci
TW1344,U1344,2023-01-23,Sample tweet #DataSci
TW1345,U1345,2023-05-14,Sample tweet #Analytics
TW1346,U1346,2023-04-06,Sample tweet #AgriTech
TW1347,U1347,2023-04-03,Sample tweet #SQL
TW1348,U1348,2023-01-08,Sample tweet #Analytics
TW1349,U1349,2023-07-28,Sample tweet #DataSci
TW1350,U1350,2023-01-20,Sample tweet #SQL
TW1351,U1351,2023-07-14,Sample tweet #DataSci
TW1352,U1352,2023-02-17,Sample tweet #DataSci
TW1353,U1353,2023-10-30,Sample tweet #AgriTech
TW1354,U1354,2023-08-08,Sample tweet #DataSci
TW1355,U1355,2023-01-26,Sample tweet #Analytics
TW1356,U1356,2023-06-11,Sample tweet #AgriTech
TW1357,U1357,2023-03-29,Sample tweet #AgriTech
TW1358,U1358,2023-11-01,Sample tweet #AgriTech
TW1359,U1359,2023-02-24,Sample tweet #DataSci
TW1360,U1360,2023-06-14,Sample tweet #DataSci
TW1361,U1361,2023-03-11,Sample tweet #SQL
TW1362,U1362,2023-01-15,Sample tweet #Analytics
TW1363,U1363,2023-07-17,Sample tweet #DataSci
TW1364,U1364,2023-09-23,Sample tweet #AgriTech
TW1365,U1365,2023-01-16,Sample tweet #DataSci
TW1366,U1366,2023-03-30,Sample tweet #Analytics
TW1367,U1367,2023-08-09,Sample tweet #SQL
TW1368,U1368,2023-06-16,Sample tweet #DataSci
TW1369,U1369,2023-11-05,Sample tweet #Analytics
TW1370,U1370,2023-08-13,Sample tweet #Analytics
TW1371,U1371,2023-08-10,Sample tweet #SQL
TW1372,U1372,2023-01-25,Sample tweet #SQL
TW1373,U1373,2023-12-31,Sample tweet #SQL
TW1374,U1374,2023-05-17,Sample tweet #Analytics
TW1375,U1375,2023-06-16,Sample tweet #DataSci
TW1376,U1376,2023-07-20,Sample tweet #DataSci
TW1377,U1377,2023-08-30,Sample tweet #DataSci
TW1378,U1378,2023-12-07,Sample tweet #Analytics
TW1379,U1379,2023-01-21,Sample tweet #AgriTech
TW1380,U1380,2023-08-07,Sample tweet #Analytics
TW1381,U1381,2023-12-22,Sample tweet #AgriTech
TW1382,U1382,2023-12-04,Sample tweet #SQL
TW1383,U1383,2023-06-05,Sample tweet #AgriTech
TW1384,U1384,2023-08-30,Sample tweet #SQL
TW1385,U1385,2023-10-19,Sample tweet #DataSci
TW1386,U1386,2023-02-11,Sample tweet #Analytics
TW1387,U1387,2023-01-23,Sample tweet #Analytics
TW1388,U1388,2023-03-09,Sample tweet #SQL
TW1389,U1389,2023-11-26,Sample tweet #AgriTech
TW1390,U1390,2023-11-14,Sample tweet #AgriTech
TW1391,U1391,2023-12-30,Sample tweet #DataSci
TW1392,U1392,2023-11-10,Sample tweet #Analytics
TW1393,U1393,2023-09-16,Sample tweet #DataSci
TW1394,U1394,2023-05-20,Sample tweet #AgriTech
TW1395,U1395,2023-09-27,Sample tweet #DataSci
TW1396,U1396,2023-07-05,Sample tweet #DataSci
TW1397,U1397,2023-08-02,Sample tweet #Analytics
TW1398,U1398,2023-01-11,Sample tweet #AgriTech
TW1399,U1399,2023-02-03,Sample tweet #DataSci
TW1400,U1400,2023-12-05,Sample tweet #Analytics
TW1401,U1401,2023-02-25,Sample tweet #DataSci
TW1402,U1402,2023-01-19,Sample tweet #DataSci
TW1403,U1403,2023-09-26,Sample tweet #DataSci
TW1404,U1404,2023-03-07,Sample tweet #Analytics
TW1405,U1405,2023-06-08,Sample tweet #DataSci
TW1406,U1406,2023-02-08,Sample tweet #Analytics
TW1407,U1407,2023-01-03,Sample tweet #AgriTech
TW1408,U1408,2023-10-27,Sample tweet #DataSci
TW1409,U1409,2023-12-30,Sample tweet #AgriTech
TW1410,U1410,2023-02-24,Sample tweet #Analytics
TW1411,U1411,2023-12-12,Sample tweet #AgriTech
TW1412,U1412,2023-06-29,Sample tweet #AgriTech
TW1413,U1413,2023-01-05,Sample tweet #SQL
TW1414,U1414,2023-12-22,Sample tweet #Analytics
TW1415,U1415,2023-01-28,Sample tweet #DataSci
TW1416,U1416,2023-05-21,Sample tweet #AgriTech
TW1417,U1417,2023-08-26,Sample tweet #AgriTech
TW1418,U1418,2023-10-21,Sample tweet #SQL
TW1419,U1419,2023-11-25,Sample tweet #DataSci
TW1420,U1420,2023-12-24,Sample tweet #DataSci
TW1421,U1421,2023-07-20,Sample tweet #AgriTech
TW1422,U1422,2023-11-16,Sample tweet #Analytics
TW1423,U1423,2023-04-09,Sample tweet #SQL
TW1424,U1424,2023-03-03,Sample tweet #DataSci
TW1425,U1425,2023-05-30,Sample tweet #AgriTech
TW1426,U1426,2023-11-02,Sample tweet #Analytics
TW1427,U1427,2023-09-20,Sample tweet #DataSci
TW1428,U1428,2023-02-20,Sample tweet #AgriTech
TW1429,U1429,2023-03-03,Sample tweet #Analytics
TW1430,U1430,2023-01-09,Sample tweet #SQL
TW1431,U1431,2023-09-29,Sample tweet #AgriTech
TW1432,U1432,2023-10-09,Sample tweet #SQL
TW1433,U1433,2023-08-31,Sample tweet #DataSci
TW1434,U1434,2023-04-15,Sample tweet #DataSci
TW1435,U1435,2023-03-05,Sample tweet #AgriTech
TW1436,U1436,2023-12-09,Sample tweet #Analytics
TW1437,U1437,2023-10-23,Sample tweet #AgriTech
TW1438,U1438,2023-09-24,Sample tweet #Analytics
TW1439,U1439,2023-04-14,Sample tweet #Analytics
TW1440,U1440,2023-07-19,Sample tweet #DataSci
TW1441,U1441,2023-03-10,Sample tweet #SQL
TW1442,U1442,2023-02-07,Sample tweet #Analytics
TW1443,U1443,2023-01-25,Sample tweet #SQL
TW1444,U1444,2023-12-31,Sample tweet #DataSci
TW1445,U1445,2023-01-29,Sample tweet #SQL
TW1446,U1446,2023-10-16,Sample tweet #SQL
TW1447,U1447,2023-03-08,Sample tweet #SQL
TW1448,U1448,2023-10-29,Sample tweet #DataSci
TW1449,U1449,2023-04-13,Sample tweet #DataSci
TW1450,U1450,2023-09-29,Sample tweet #Analytics
TW1451,U1451,2023-12-21,Sample tweet #SQL
TW1452,U1452,2023-03-22,Sample tweet #DataSci
TW1453,U1453,2023-04-27,Sample tweet #AgriTech
TW1454,U1454,2023-11-07,Sample tweet #DataSci
TW1455,U1455,2023-11-09,Sample tweet #DataSci
TW1456,U1456,2023-04-21,Sample tweet #Analytics
TW1457,U1457,2023-11-29,Sample tweet #AgriTech
TW1458,U1458,2023-08-03,Sample tweet #DataSci
TW1459,U1459,2023-05-10,Sample tweet #Analytics
TW1460,U1460,2023-05-27,Sample tweet #Analytics
TW1461,U1461,2023-12-19,Sample tweet #SQL
TW1462,U1462,2023-06-17,Sample tweet #Analytics
TW1463,U1463,2023-06-02,Sample tweet #Analytics
TW1464,U1464,2023-12-14,Sample tweet #DataSci
TW1465,U1465,2023-12-31,Sample tweet #AgriTech
TW1466,U1466,2023-08-26,Sample tweet #AgriTech
TW1467,U1467,2023-03-13,Sample tweet #AgriTech
TW1468,U1468,2023-06-24,Sample tweet #DataSci
TW1469,U1469,2023-10-17,Sample tweet #DataSci
TW1470,U1470,2023-05-06,Sample tweet #Analytics
TW1471,U1471,2023-04-20,Sample tweet #AgriTech
TW1472,U1472,2023-02-06,Sample tweet #AgriTech
TW1473,U1473,2023-02-02,Sample tweet #DataSci
TW1474,U1474,2023-01-07,Sample tweet #SQL
TW1475,U1475,2023-06-06,Sample tweet #Analytics
TW1476,U1476,2023-03-31,Sample tweet #Analytics
TW1477,U1477,2023-02-23,Sample tweet #DataSci
TW1478,U1478,2023-07-22,Sample tweet #DataSci
TW1479,U1479,2023-03-07,Sample tweet #SQL
TW1480,U1480,2023-08-24,Sample tweet #Analytics
TW1481,U1481,2023-10-04,Sample tweet #SQL
TW1482,U1482,2023-02-02,Sample tweet #SQL
TW1483,U1483,2023-08-24,Sample tweet #Analytics
TW1484,U1484,2023-07-24,Sample tweet #AgriTech
TW1485,U1485,2023-03-04,Sample tweet #Analytics
TW1486,U1486,2023-08-30,Sample tweet #DataSci
TW1487,U1487,2023-08-04,Sample tweet #SQL
TW1488,U1488,2023-01-16,Sample tweet #DataSci
TW1489,U1489,2023-06-18,Sample tweet #Analytics
TW1490,U1490,2023-08-07,Sample tweet #SQL
TW1491,U1491,2023-05-21,Sample tweet #Analytics
TW1492,U1492,2023-01-06,Sample tweet #Analytics
TW1493,U1493,2023-11-09,Sample tweet #SQL
TW1494,U1494,2023-02-22,Sample tweet #AgriTech
TW1495,U1495,2023-02-16,Sample tweet #DataSci
TW1496,U1496,2023-12-07,Sample tweet #DataSci
TW1497,U1497,2023-06-21,Sample tweet #DataSci
TW1498,U1498,2023-03-22,Sample tweet #DataSci
TW1499,U1499,2023-12-30,Sample tweet #Analytics
TW1500,U1500,2023-03-24,Sample tweet #DataSci
TW1501,U1501,2023-10-20,Sample tweet #SQL
TW1502,U1502,2023-01-12,Sample tweet #SQL
TW1503,U1503,2023-07-07,Sample tweet #DataSci
TW1504,U1504,2023-01-26,Sample tweet #Analytics
TW1505,U1505,2023-03-05,Sample tweet #SQL
TW1506,U1506,2023-12-10,Sample tweet #DataSci
TW1507,U1507,2023-08-03,Sample tweet #DataSci
TW1508,U1508,2023-02-11,Sample tweet #SQL
TW1509,U1509,2023-10-18,Sample tweet #SQL
TW1510,U1510,2023-04-05,Sample tweet #Analytics
TW1511,U1511,2023-07-29,Sample tweet #SQL
TW1512,U1512,2023-10-08,Sample tweet #AgriTech
TW1513,U1513,2023-09-03,Sample tweet #AgriTech
TW1514,U1514,2023-10-21,Sample tweet #AgriTech
TW1515,U1515,2023-09-19,Sample tweet #DataSci
TW1516,U1516,2023-10-30,Sample tweet #Analytics
TW1517,U1517,2023-10-24,Sample tweet #Analytics
TW1518,U1518,2023-02-24,Sample tweet #Analytics
TW1519,U1519,2023-12-26,Sample tweet #Analytics
TW1520,U1520,2023-08-16,Sample tweet #DataSci
TW1521,U1521,2023-12-10,Sample tweet #AgriTech
TW1522,U1522,2023-08-15,Sample tweet #SQL
TW1523,U1523,2023-07-24,Sample tweet #DataSci
TW1524,U1524,2023-12-25,Sample tweet #DataSci
TW1525,U1525,2023-02-07,Sample tweet #SQL
TW1526,U1526,2023-05-15,Sample tweet #SQL
TW1527,U1527,2023-12-23,Sample tweet #AgriTech
TW1528,U1528,2023-09-05,Sample tweet #Analytics
TW1529,U1529,2023-10-08,Sample tweet #SQL
TW1530,U1530,2023-10-27,Sample tweet #DataSci
TW1531,U1531,2023-03-30,Sample tweet #Analytics
TW1532,U1532,2023-07-20,Sample tweet #Analytics
TW1533,U1533,2023-01-17,Sample tweet #DataSci
TW1534,U1534,2023-04-12,Sample tweet #DataSci
TW1535,U1535,2023-08-13,Sample tweet #AgriTech
TW1536,U1536,2023-08-26,Sample tweet #DataSci
TW1537,U1537,2023-03-04,Sample tweet #SQL
TW1538,U1538,2023-05-22,Sample tweet #AgriTech
TW1539,U1539,2023-05-16,Sample tweet #AgriTech
TW1540,U1540,2023-09-06,Sample tweet #SQL
TW1541,U1541,2023-05-06,Sample tweet #AgriTech
TW1542,U1542,2023-05-01,Sample tweet #Analytics
TW1543,U1543,2023-11-22,Sample tweet #DataSci
TW1544,U1544,2023-03-18,Sample tweet #Analytics
TW1545,U1545,2023-06-01,Sample tweet #DataSci
TW1546,U1546,2023-09-19,Sample tweet #AgriTech
TW1547,U1547,2023-06-17,Sample tweet #DataSci
TW1548,U1548,2023-08-02,Sample tweet #Analytics
TW1549,U1549,2023-06-08,Sample tweet #Analytics
TW1550,U1550,2023-06-14,Sample tweet #DataSci
TW1551,U1551,2023-02-17,Sample tweet #SQL
TW1552,U1552,2023-12-17,Sample tweet #DataSci
TW1553,U1553,2023-12-05,Sample tweet #AgriTech
TW1554,U1554,2023-07-02,Sample tweet #SQL
TW1555,U1555,2023-06-08,Sample tweet #AgriTech
TW1556,U1556,2023-06-24,Sample tweet #SQL
TW1557,U1557,2023-11-15,Sample tweet #AgriTech
TW1558,U1558,2023-08-17,Sample tweet #SQL
TW1559,U1559,2023-11-09,Sample tweet #SQL
TW1560,U1560,2023-09-04,Sample tweet #DataSci
TW1561,U1561,2023-02-22,Sample tweet #SQL
TW1562,U1562,2023-08-14,Sample tweet #Analytics
TW1563,U1563,2023-05-12,Sample tweet #DataSci
TW1564,U1564,2023-03-05,Sample tweet #DataSci
TW1565,U1565,2023-10-30,Sample tweet #AgriTech
TW1566,U1566,2023-02-20,Sample tweet #SQL
TW1567,U1567,2023-10-29,Sample tweet #SQL
TW1568,U1568,2023-01-24,Sample tweet #SQL
TW1569,U1569,2023-09-04,Sample tweet #DataSci
TW1570,U1570,2023-02-25,Sample tweet #DataSci
TW1571,U1571,2023-01-12,Sample tweet #DataSci
TW1572,U1572,2023-12-02,Sample tweet #AgriTech
TW1573,U1573,2023-12-19,Sample tweet #AgriTech
TW1574,U1574,2023-12-19,Sample tweet #SQL
TW1575,U1575,2023-02-20,Sample tweet #SQL
TW1576,U1576,2023-08-27,Sample tweet #DataSci
TW1577,U1577,2023-07-17,Sample tweet #AgriTech
TW1578,U1578,2023-01-08,Sample tweet #SQL
TW1579,U1579,2023-03-21,Sample tweet #AgriTech
TW1580,U1580,2023-06-14,Sample tweet #DataSci
TW1581,U1581,2023-08-28,Sample tweet #AgriTech
TW1582,U1582,2023-09-06,Sample tweet #DataSci
TW1583,U1583,2023-07-19,Sample tweet #AgriTech
TW1584,U1584,2023-06-24,Sample tweet #AgriTech
TW1585,U1585,2023-06-15,Sample tweet #AgriTech
TW1586,U1586,2023-07-09,Sample tweet #DataSci
TW1587,U1587,2023-10-01,Sample tweet #Analytics
TW1588,U1588,2023-04-27,Sample tweet #SQL
TW1589,U1589,2023-02-19,Sample tweet #Analytics
TW1590,U1590,2023-02-26,Sample tweet #AgriTech
TW1591,U1591,2023-10-03,Sample tweet #DataSci
TW1592,U1592,2023-05-14,Sample tweet #Analytics
TW1593,U1593,2023-08-30,Sample tweet #SQL
TW1594,U1594,2023-03-27,Sample tweet #SQL
TW1595,U1595,2023-08-22,Sample tweet #DataSci
TW1596,U1596,2023-09-08,Sample tweet #AgriTech
TW1597,U1597,2023-02-07,Sample tweet #SQL
TW1598,U1598,2023-03-21,Sample tweet #DataSci
TW1599,U1599,2023-05-14,Sample tweet #Analytics
TW1600,U1600,2023-10-20,Sample tweet #SQL
TW1601,U1601,2023-11-02,Sample tweet #Analytics
TW1602,U1602,2023-04-08,Sample tweet #SQL
TW1603,U1603,2023-06-26,Sample tweet #SQL
TW1604,U1604,2023-06-17,Sample tweet #AgriTech
TW1605,U1605,2023-06-15,Sample tweet #Analytics
TW1606,U1606,2023-02-24,Sample tweet #Analytics
TW1607,U1607,2023-10-09,Sample tweet #Analytics
TW1608,U1608,2023-05-16,Sample tweet #DataSci
TW1609,U1609,2023-01-21,Sample tweet #AgriTech
TW1610,U1610,2023-03-18,Sample tweet #SQL
TW1611,U1611,2023-05-21,Sample tweet #DataSci
TW1612,U1612,2023-03-30,Sample tweet #SQL
TW1613,U1613,2023-01-09,Sample tweet #SQL
TW1614,U1614,2023-10-25,Sample tweet #DataSci
TW1615,U1615,2023-04-03,Sample tweet #AgriTech
TW1616,U1616,2023-09-05,Sample tweet #SQL
TW1617,U1617,2023-10-30,Sample tweet #DataSci
TW1618,U1618,2023-11-23,Sample tweet #Analytics
TW1619,U1619,2023-12-05,Sample tweet #AgriTech
TW1620,U1620,2023-09-27,Sample tweet #SQL
TW1621,U1621,2023-02-04,Sample tweet #AgriTech
TW1622,U1622,2023-12-16,Sample tweet #Analytics
TW1623,U1623,2023-10-18,Sample tweet #AgriTech
TW1624,U1624,2023-10-15,Sample tweet #SQL
TW1625,U1625,2023-07-14,Sample tweet #AgriTech
TW1626,U1626,2023-05-31,Sample tweet #Analytics
TW1627,U1627,2023-04-19,Sample tweet #AgriTech
TW1628,U1628,2023-01-11,Sample tweet #Analytics
TW1629,U1629,2023-02-15,Sample tweet #AgriTech
TW1630,U1630,2023-06-05,Sample tweet #AgriTech
TW1631,U1631,2023-12-24,Sample tweet #SQL
TW1632,U1632,2023-05-28,Sample tweet #AgriTech
TW1633,U1633,2023-02-07,Sample tweet #DataSci
TW1634,U1634,2023-10-22,Sample tweet #SQL
TW1635,U1635,2023-07-06,Sample tweet #AgriTech
TW1636,U1636,2023-10-13,Sample tweet #DataSci
TW1637,U1637,2023-11-07,Sample tweet #SQL
TW1638,U1638,2023-05-05,Sample tweet #SQL
TW1639,U1639,2023-03-17,Sample tweet #SQL
TW1640,U1640,2023-09-26,Sample tweet #Analytics
TW1641,U1641,2023-09-21,Sample tweet #DataSci
TW1642,U1642,2023-11-08,Sample tweet #Analytics
TW1643,U1643,2023-01-13,Sample tweet #DataSci
TW1644,U1644,2023-10-22,Sample tweet #DataSci
TW1645,U1645,2023-09-07,Sample tweet #Analytics
TW1646,U1646,2023-04-28,Sample tweet #Analytics
TW1647,U1647,2023-08-22,Sample tweet #Analytics
TW1648,U1648,2023-01-31,Sample tweet #DataSci
TW1649,U1649,2023-12-28,Sample tweet #Analytics
TW1650,U1650,2023-10-14,Sample tweet #SQL
TW1651,U1651,2023-01-26,Sample tweet #DataSci
TW1652,U1652,2023-07-13,Sample tweet #SQL
TW1653,U1653,2023-11-25,Sample tweet #DataSci
TW1654,U1654,2023-03-22,Sample tweet #AgriTech
TW1655,U1655,2023-04-25,Sample tweet #DataSci
TW1656,U1656,2023-02-01,Sample tweet #AgriTech
TW1657,U1657,2023-09-04,Sample tweet #SQL
TW1658,U1658,2023-10-01,Sample tweet #SQL
TW1659,U1659,2023-12-24,Sample tweet #AgriTech
TW1660,U1660,2023-05-14,Sample tweet #DataSci
TW1661,U1661,2023-06-07,Sample tweet #SQL
TW1662,U1662,2023-11-28,Sample tweet #AgriTech
TW1663,U1663,2023-05-22,Sample tweet #DataSci
TW1664,U1664,2023-11-15,Sample tweet #DataSci
TW1665,U1665,2023-08-28,Sample tweet #DataSci
TW1666,U1666,2023-07-16,Sample tweet #AgriTech
TW1667,U1667,2023-09-20,Sample tweet #AgriTech
TW1668,U1668,2023-12-11,Sample tweet #DataSci
TW1669,U1669,2023-07-09,Sample tweet #Analytics
TW1670,U1670,2023-04-15,Sample tweet #DataSci
TW1671,U1671,2023-08-17,Sample tweet #SQL
TW1672,U1672,2023-02-27,Sample tweet #AgriTech
TW1673,U1673,2023-05-26,Sample tweet #SQL
TW1674,U1674,2023-09-29,Sample tweet #DataSci
TW1675,U1675,2023-09-02,Sample tweet #DataSci
TW1676,U1676,2023-01-26,Sample tweet #AgriTech
TW1677,U1677,2023-02-24,Sample tweet #Analytics
TW1678,U1678,2023-06-30,Sample tweet #AgriTech
TW1679,U1679,2023-01-03,Sample tweet #SQL
TW1680,U1680,2023-06-03,Sample tweet #AgriTech
TW1681,U1681,2023-05-24,Sample tweet #AgriTech
TW1682,U1682,2023-10-07,Sample tweet #SQL
TW1683,U1683,2023-11-17,Sample tweet #SQL
TW1684,U1684,2023-11-06,Sample tweet #AgriTech
TW1685,U1685,2023-09-29,Sample tweet #DataSci
TW1686,U1686,2023-12-05,Sample tweet #AgriTech
TW1687,U1687,2023-10-20,Sample tweet #Analytics
TW1688,U1688,2023-11-27,Sample tweet #Analytics
TW1689,U1689,2023-06-09,Sample tweet #DataSci
TW1690,U1690,2023-08-27,Sample tweet #AgriTech
TW1691,U1691,2023-09-11,Sample tweet #SQL
TW1692,U1692,2023-03-01,Sample tweet #Analytics
TW1693,U1693,2023-09-15,Sample tweet #DataSci
TW1694,U1694,2023-11-07,Sample tweet #SQL
TW1695,U1695,2023-06-04,Sample tweet #AgriTech
TW1696,U1696,2023-04-13,Sample tweet #AgriTech
TW1697,U1697,2023-04-29,Sample tweet #Analytics
TW1698,U1698,2023-01-06,Sample tweet #Analytics
TW1699,U1699,2023-10-17,Sample tweet #DataSci
TW1700,U1700,2023-12-07,Sample tweet #DataSci
TW1701,U1701,2023-06-02,Sample tweet #SQL
TW1702,U1702,2023-05-06,Sample tweet #DataSci
TW1703,U1703,2023-10-07,Sample tweet #Analytics
TW1704,U1704,2023-04-13,Sample tweet #SQL
TW1705,U1705,2023-08-04,Sample tweet #AgriTech
TW1706,U1706,2023-04-05,Sample tweet #Analytics
TW1707,U1707,2023-12-25,Sample tweet #SQL
TW1708,U1708,2023-10-18,Sample tweet #DataSci
TW1709,U1709,2023-08-29,Sample tweet #DataSci
TW1710,U1710,2023-09-13,Sample tweet #Analytics
TW1711,U1711,2023-03-25,Sample tweet #AgriTech
TW1712,U1712,2023-08-19,Sample tweet #AgriTech
TW1713,U1713,2023-02-16,Sample tweet #Analytics
TW1714,U1714,2023-04-26,Sample tweet #DataSci
TW1715,U1715,2023-04-24,Sample tweet #AgriTech
TW1716,U1716,2023-06-03,Sample tweet #DataSci
TW1717,U1717,2023-07-10,Sample tweet #Analytics
TW1718,U1718,2023-01-19,Sample tweet #AgriTech
TW1719,U1719,2023-01-15,Sample tweet #Analytics
TW1720,U1720,2023-12-12,Sample tweet #Analytics
TW1721,U1721,2023-04-27,Sample tweet #SQL
TW1722,U1722,2023-04-30,Sample tweet #SQL
TW1723,U1723,2023-10-19,Sample tweet #DataSci
TW1724,U1724,2023-11-18,Sample tweet #SQL
TW1725,U1725,2023-09-23,Sample tweet #DataSci
TW1726,U1726,2023-06-24,Sample tweet #Analytics
TW1727,U1727,2023-09-12,Sample tweet #DataSci
TW1728,U1728,2023-07-29,Sample tweet #Analytics
TW1729,U1729,2024-01-01,Sample tweet #AgriTech
TW1730,U1730,2023-04-23,Sample tweet #AgriTech
TW1731,U1731,2023-02-01,Sample tweet #AgriTech
TW1732,U1732,2023-09-19,Sample tweet #Analytics
TW1733,U1733,2023-04-03,Sample tweet #Analytics
TW1734,U1734,2023-02-18,Sample tweet #DataSci
TW1735,U1735,2023-07-22,Sample tweet #DataSci
TW1736,U1736,2023-06-24,Sample tweet #Analytics
TW1737,U1737,2023-01-29,Sample tweet #DataSci
TW1738,U1738,2023-04-18,Sample tweet #AgriTech
TW1739,U1739,2023-07-05,Sample tweet #DataSci
TW1740,U1740,2023-06-10,Sample tweet #SQL
TW1741,U1741,2023-09-25,Sample tweet #SQL
TW1742,U1742,2023-01-28,Sample tweet #SQL
TW1743,U1743,2023-07-19,Sample tweet #AgriTech
TW1744,U1744,2023-05-20,Sample tweet #Analytics
TW1745,U1745,2023-06-30,Sample tweet #AgriTech
TW1746,U1746,2023-12-27,Sample tweet #AgriTech
TW1747,U1747,2023-01-20,Sample tweet #SQL
TW1748,U1748,2023-11-21,Sample tweet #SQL
TW1749,U1749,2023-03-28,Sample tweet #SQL
TW1750,U1750,2023-04-18,Sample tweet #Analytics
TW1751,U1751,2023-06-11,Sample tweet #AgriTech
TW1752,U1752,2023-08-21,Sample tweet #DataSci
TW1753,U1753,2023-06-26,Sample tweet #AgriTech
TW1754,U1754,2023-08-13,Sample tweet #DataSci
TW1755,U1755,2023-06-03,Sample tweet #AgriTech
TW1756,U1756,2023-03-27,Sample tweet #AgriTech
TW1757,U1757,2023-05-06,Sample tweet #SQL
TW1758,U1758,2023-04-10,Sample tweet #DataSci
TW1759,U1759,2023-05-19,Sample tweet #DataSci
TW1760,U1760,2023-01-28,Sample tweet #AgriTech
TW1761,U1761,2023-08-16,Sample tweet #SQL
TW1762,U1762,2023-09-24,Sample tweet #SQL
TW1763,U1763,2023-06-15,Sample tweet #Analytics
TW1764,U1764,2023-01-07,Sample tweet #Analytics
TW1765,U1765,2023-04-11,Sample tweet #AgriTech
TW1766,U1766,2023-03-29,Sample tweet #SQL
TW1767,U1767,2023-03-29,Sample tweet #SQL
TW1768,U1768,2023-04-20,Sample tweet #AgriTech
TW1769,U1769,2023-05-12,Sample tweet #SQL
TW1770,U1770,2023-08-13,Sample tweet #AgriTech
TW1771,U1771,2023-11-18,Sample tweet #DataSci
TW1772,U1772,2023-08-12,Sample tweet #SQL
TW1773,U1773,2023-10-05,Sample tweet #AgriTech
TW1774,U1774,2023-01-26,Sample tweet #AgriTech
TW1775,U1775,2023-05-31,Sample tweet #Analytics
TW1776,U1776,2023-12-24,Sample tweet #AgriTech
TW1777,U1777,2023-09-16,Sample tweet #Analytics
TW1778,U1778,2023-09-10,Sample tweet #DataSci
TW1779,U1779,2023-12-16,Sample tweet #SQL
TW1780,U1780,2023-05-24,Sample tweet #SQL
TW1781,U1781,2023-08-30,Sample tweet #DataSci
TW1782,U1782,2023-07-24,Sample tweet #DataSci
TW1783,U1783,2023-06-08,Sample tweet #SQL
TW1784,U1784,2023-11-03,Sample tweet #Analytics
TW1785,U1785,2023-12-05,Sample tweet #AgriTech
TW1786,U1786,2023-06-16,Sample tweet #SQL
TW1787,U1787,2023-09-25,Sample tweet #AgriTech
TW1788,U1788,2023-03-03,Sample tweet #Analytics
TW1789,U1789,2023-01-06,Sample tweet #DataSci
TW1790,U1790,2023-04-18,Sample tweet #Analytics
TW1791,U1791,2023-11-23,Sample tweet #DataSci
TW1792,U1792,2023-05-09,Sample tweet #DataSci
TW1793,U1793,2023-01-14,Sample tweet #SQL
TW1794,U1794,2023-03-30,Sample tweet #Analytics
TW1795,U1795,2023-08-19,Sample tweet #SQL
TW1796,U1796,2023-09-26,Sample tweet #SQL
TW1797,U1797,2023-11-30,Sample tweet #SQL
TW1798,U1798,2023-07-18,Sample tweet #SQL
TW1799,U1799,2023-02-23,Sample tweet #Analytics
TW1800,U1800,2023-11-23,Sample tweet #SQL
TW1801,U1801,2023-10-08,Sample tweet #DataSci
TW1802,U1802,2023-10-13,Sample tweet #AgriTech
TW1803,U1803,2023-06-23,Sample tweet #SQL
TW1804,U1804,2023-05-17,Sample tweet #AgriTech
TW1805,U1805,2023-08-21,Sample tweet #Analytics
TW1806,U1806,2023-06-01,Sample tweet #AgriTech
TW1807,U1807,2023-05-25,Sample tweet #DataSci
TW1808,U1808,2023-09-25,Sample tweet #SQL
TW1809,U1809,2023-01-24,Sample tweet #Analytics
TW1810,U1810,2023-11-23,Sample tweet #Analytics
TW1811,U1811,2023-10-23,Sample tweet #AgriTech
TW1812,U1812,2023-06-30,Sample tweet #Analytics
TW1813,U1813,2023-03-24,Sample tweet #Analytics
TW1814,U1814,2023-03-14,Sample tweet #DataSci
TW1815,U1815,2023-12-17,Sample tweet #AgriTech
TW1816,U1816,2023-08-22,Sample tweet #AgriTech
TW1817,U1817,2023-04-26,Sample tweet #Analytics
TW1818,U1818,2023-08-14,Sample tweet #Analytics
TW1819,U1819,2023-07-16,Sample tweet #DataSci
TW1820,U1820,2023-01-22,Sample tweet #SQL
TW1821,U1821,2023-11-20,Sample tweet #DataSci
TW1822,U1822,2023-11-22,Sample tweet #Analytics
TW1823,U1823,2023-07-07,Sample tweet #AgriTech
TW1824,U1824,2023-01-30,Sample tweet #Analytics
TW1825,U1825,2023-05-25,Sample tweet #DataSci
TW1826,U1826,2023-08-09,Sample tweet #Analytics
TW1827,U1827,2023-05-20,Sample tweet #DataSci
TW1828,U1828,2023-10-21,Sample tweet #SQL
TW1829,U1829,2023-08-19,Sample tweet #SQL
TW1830,U1830,2023-12-03,Sample tweet #AgriTech
TW1831,U1831,2023-02-26,Sample tweet #SQL
TW1832,U1832,2023-03-23,Sample tweet #DataSci
TW1833,U1833,2023-03-26,Sample tweet #DataSci
TW1834,U1834,2023-09-04,Sample tweet #AgriTech
TW1835,U1835,2023-06-14,Sample tweet #SQL
TW1836,U1836,2023-08-10,Sample tweet #AgriTech
TW1837,U1837,2023-05-25,Sample tweet #Analytics
TW1838,U1838,2023-04-02,Sample tweet #SQL
TW1839,U1839,2023-11-29,Sample tweet #Analytics
TW1840,U1840,2023-03-05,Sample tweet #SQL
TW1841,U1841,2023-01-17,Sample tweet #AgriTech
TW1842,U1842,2023-10-12,Sample tweet #DataSci
TW1843,U1843,2023-05-01,Sample tweet #AgriTech
TW1844,U1844,2023-07-29,Sample tweet #Analytics
TW1845,U1845,2023-07-16,Sample tweet #Analytics
TW1846,U1846,2023-07-27,Sample tweet #AgriTech
TW1847,U1847,2023-10-14,Sample tweet #SQL
TW1848,U1848,2023-06-22,Sample tweet #Analytics
TW1849,U1849,2023-03-18,Sample tweet #DataSci
TW1850,U1850,2023-05-11,Sample tweet #SQL
TW1851,U1851,2023-01-05,Sample tweet #SQL
TW1852,U1852,2023-11-29,Sample tweet #Analytics
TW1853,U1853,2023-05-24,Sample tweet #Analytics
TW1854,U1854,2023-09-17,Sample tweet #AgriTech
TW1855,U1855,2023-04-16,Sample tweet #AgriTech
TW1856,U1856,2023-12-17,Sample tweet #DataSci
TW1857,U1857,2023-12-02,Sample tweet #SQL
TW1858,U1858,2023-01-17,Sample tweet #DataSci
TW1859,U1859,2023-08-02,Sample tweet #AgriTech
TW1860,U1860,2023-08-25,Sample tweet #Analytics
TW1861,U1861,2023-05-01,Sample tweet #AgriTech
TW1862,U1862,2023-07-14,Sample tweet #AgriTech
TW1863,U1863,2023-02-26,Sample tweet #AgriTech
TW1864,U1864,2023-01-19,Sample tweet #AgriTech
TW1865,U1865,2023-07-17,Sample tweet #Analytics
TW1866,U1866,2023-07-30,Sample tweet #SQL
TW1867,U1867,2023-03-11,Sample tweet #Analytics
TW1868,U1868,2023-05-08,Sample tweet #AgriTech
TW1869,U1869,2023-08-11,Sample tweet #AgriTech
TW1870,U1870,2023-05-12,Sample tweet #DataSci
TW1871,U1871,2023-05-11,Sample tweet #AgriTech
TW1872,U1872,2023-10-17,Sample tweet #Analytics
TW1873,U1873,2024-01-01,Sample tweet #DataSci
TW1874,U1874,2023-07-08,Sample tweet #AgriTech
TW1875,U1875,2023-03-07,Sample tweet #SQL
TW1876,U1876,2023-03-04,Sample tweet #SQL
TW1877,U1877,2023-08-24,Sample tweet #AgriTech
TW1878,U1878,2023-12-09,Sample tweet #DataSci
TW1879,U1879,2023-07-13,Sample tweet #Analytics
TW1880,U1880,2023-09-01,Sample tweet #DataSci
TW1881,U1881,2023-03-24,Sample tweet #Analytics
TW1882,U1882,2023-12-19,Sample tweet #SQL
TW1883,U1883,2023-06-04,Sample tweet #DataSci
TW1884,U1884,2023-09-06,Sample tweet #DataSci
TW1885,U1885,2023-05-28,Sample tweet #DataSci
TW1886,U1886,2023-10-04,Sample tweet #DataSci
TW1887,U1887,2023-08-11,Sample tweet #AgriTech
TW1888,U1888,2023-03-15,Sample tweet #Analytics
TW1889,U1889,2023-11-04,Sample tweet #AgriTech
TW1890,U1890,2023-08-07,Sample tweet #Analytics
TW1891,U1891,2023-09-13,Sample tweet #DataSci
TW1892,U1892,2023-01-13,Sample tweet #AgriTech
TW1893,U1893,2023-01-19,Sample tweet #AgriTech
TW1894,U1894,2023-12-17,Sample tweet #SQL
TW1895,U1895,2023-05-09,Sample tweet #DataSci
TW1896,U1896,2023-07-11,Sample tweet #DataSci
TW1897,U1897,2023-03-09,Sample tweet #DataSci
TW1898,U1898,2023-06-10,Sample tweet #DataSci
TW1899,U1899,2023-01-26,Sample tweet #SQL
TW1900,U1900,2023-11-06,Sample tweet #AgriTech
TW1901,U1901,2023-01-30,Sample tweet #Analytics
TW1902,U1902,2023-01-25,Sample tweet #Analytics
TW1903,U1903,2023-07-29,Sample tweet #SQL
TW1904,U1904,2023-12-20,Sample tweet #DataSci
TW1905,U1905,2023-11-01,Sample tweet #SQL
TW1906,U1906,2023-08-01,Sample tweet #AgriTech
TW1907,U1907,2023-11-08,Sample tweet #Analytics
TW1908,U1908,2023-08-28,Sample tweet #AgriTech
TW1909,U1909,2023-12-04,Sample tweet #DataSci
TW1910,U1910,2023-07-02,Sample tweet #AgriTech
TW1911,U1911,2023-04-12,Sample tweet #AgriTech
TW1912,U1912,2023-04-24,Sample tweet #DataSci
TW1913,U1913,2023-12-06,Sample tweet #Analytics
TW1914,U1914,2023-09-02,Sample tweet #Analytics
TW1915,U1915,2023-09-21,Sample tweet #AgriTech
TW1916,U1916,2023-12-03,Sample tweet #AgriTech
TW1917,U1917,2023-12-08,Sample tweet #DataSci
TW1918,U1918,2023-05-19,Sample tweet #AgriTech
TW1919,U1919,2023-04-26,Sample tweet #AgriTech
TW1920,U1920,2023-08-04,Sample tweet #AgriTech
TW1921,U1921,2023-01-25,Sample tweet #SQL
TW1922,U1922,2023-10-12,Sample tweet #DataSci
TW1923,U1923,2023-03-24,Sample tweet #DataSci
TW1924,U1924,2023-09-01,Sample tweet #SQL
TW1925,U1925,2023-07-14,Sample tweet #Analytics
TW1926,U1926,2023-05-27,Sample tweet #SQL
TW1927,U1927,2023-03-03,Sample tweet #SQL
TW1928,U1928,2023-04-08,Sample tweet #SQL
TW1929,U1929,2023-01-15,Sample tweet #Analytics
TW1930,U1930,2023-07-25,Sample tweet #AgriTech
TW1931,U1931,2023-01-29,Sample tweet #SQL
TW1932,U1932,2023-06-10,Sample tweet #SQL
TW1933,U1933,2023-08-30,Sample tweet #SQL
TW1934,U1934,2023-05-22,Sample tweet #Analytics
TW1935,U1935,2023-02-14,Sample tweet #DataSci
TW1936,U1936,2023-03-16,Sample tweet #AgriTech
TW1937,U1937,2023-12-20,Sample tweet #AgriTech
TW1938,U1938,2023-11-26,Sample tweet #Analytics
TW1939,U1939,2023-03-18,Sample tweet #AgriTech
TW1940,U1940,2023-01-18,Sample tweet #Analytics
TW1941,U1941,2023-02-22,Sample tweet #Analytics
TW1942,U1942,2023-08-21,Sample tweet #SQL
TW1943,U1943,2023-01-29,Sample tweet #DataSci
TW1944,U1944,2023-04-26,Sample tweet #AgriTech
TW1945,U1945,2023-08-11,Sample tweet #Analytics
TW1946,U1946,2023-08-25,Sample tweet #AgriTech
TW1947,U1947,2023-02-03,Sample tweet #DataSci
TW1948,U1948,2023-12-23,Sample tweet #DataSci
TW1949,U1949,2023-07-19,Sample tweet #Analytics
TW1950,U1950,2023-06-25,Sample tweet #Analytics
TW1951,U1951,2023-06-01,Sample tweet #DataSci
TW1952,U1952,2023-06-11,Sample tweet #SQL
TW1953,U1953,2023-04-10,Sample tweet #SQL
TW1954,U1954,2023-10-31,Sample tweet #Analytics
TW1955,U1955,2023-09-11,Sample tweet #Analytics
TW1956,U1956,2023-11-16,Sample tweet #Analytics
TW1957,U1957,2023-10-26,Sample tweet #SQL
TW1958,U1958,2023-01-06,Sample tweet #SQL
TW1959,U1959,2023-11-16,Sample tweet #Analytics
TW1960,U1960,2023-07-20,Sample tweet #AgriTech
TW1961,U1961,2023-11-18,Sample tweet #Analytics
TW1962,U1962,2023-01-22,Sample tweet #Analytics
TW1963,U1963,2023-05-15,Sample tweet #SQL
TW1964,U1964,2023-07-19,Sample tweet #SQL
TW1965,U1965,2023-09-29,Sample tweet #Analytics
TW1966,U1966,2023-09-17,Sample tweet #SQL
TW1967,U1967,2023-09-23,Sample tweet #AgriTech
TW1968,U1968,2023-02-19,Sample tweet #Analytics
TW1969,U1969,2023-12-21,Sample tweet #DataSci
TW1970,U1970,2023-11-17,Sample tweet #Analytics
TW1971,U1971,2023-01-12,Sample tweet #DataSci
TW1972,U1972,2023-07-22,Sample tweet #SQL
TW1973,U1973,2023-12-28,Sample tweet #Analytics
TW1974,U1974,2023-08-16,Sample tweet #AgriTech
TW1975,U1975,2023-05-21,Sample tweet #SQL
TW1976,U1976,2023-12-24,Sample tweet #Analytics
TW1977,U1977,2023-07-26,Sample tweet #Analytics
TW1978,U1978,2023-10-01,Sample tweet #AgriTech
TW1979,U1979,2023-08-19,Sample tweet #SQL
TW1980,U1980,2023-09-24,Sample tweet #AgriTech
TW1981,U1981,2023-11-16,Sample tweet #DataSci
TW1982,U1982,2023-10-28,Sample tweet #SQL
TW1983,U1983,2023-10-01,Sample tweet #Analytics
TW1984,U1984,2023-02-12,Sample tweet #SQL
TW1985,U1985,2023-11-05,Sample tweet #AgriTech
TW1986,U1986,2023-02-15,Sample tweet #SQL
TW1987,U1987,2023-05-26,Sample tweet #SQL
TW1988,U1988,2023-10-06,Sample tweet #AgriTech
TW1989,U1989,2023-03-24,Sample tweet #Analytics
TW1990,U1990,2023-09-26,Sample tweet #AgriTech
TW1991,U1991,2023-02-13,Sample tweet #SQL
TW1992,U1992,2023-04-01,Sample tweet #DataSci
TW1993,U1993,2023-10-29,Sample tweet #SQL
TW1994,U1994,2023-12-31,Sample tweet #AgriTech
TW1995,U1995,2023-06-17,Sample tweet #DataSci
TW1996,U1996,2023-07-29,Sample tweet #DataSci
TW1997,U1997,2023-02-28,Sample tweet #Analytics
TW1998,U1998,2023-10-23,Sample tweet #DataSci
TW1999,U1999,2023-06-11,Sample tweet #AgriTech
TW2000,U2000,2023-02-19,Sample tweet #AgriTech
TW2001,U2001,2023-10-08,Sample tweet #SQL
TW2002,U2002,2023-05-31,Sample tweet #Analytics
TW2003,U2003,2023-07-12,Sample tweet #AgriTech
TW2004,U2004,2023-02-03,Sample tweet #DataSci
TW2005,U2005,2023-02-08,Sample tweet #Analytics
TW2006,U2006,2023-02-21,Sample tweet #SQL
TW2007,U2007,2023-07-19,Sample tweet #DataSci
TW2008,U2008,2023-11-11,Sample tweet #AgriTech
TW2009,U2009,2023-08-04,Sample tweet #AgriTech
TW2010,U2010,2023-01-17,Sample tweet #Analytics
TW2011,U2011,2023-11-06,Sample tweet #DataSci
TW2012,U2012,2023-11-25,Sample tweet #SQL
TW2013,U2013,2023-05-09,Sample tweet #AgriTech
TW2014,U2014,2023-08-06,Sample tweet #DataSci
TW2015,U2015,2023-06-08,Sample tweet #AgriTech
TW2016,U2016,2023-05-14,Sample tweet #DataSci
TW2017,U2017,2023-05-02,Sample tweet #AgriTech
TW2018,U2018,2023-07-02,Sample tweet #SQL
TW2019,U2019,2023-03-28,Sample tweet #AgriTech
TW2020,U2020,2023-07-03,Sample tweet #SQL
TW2021,U2021,2023-09-04,Sample tweet #Analytics
TW2022,U2022,2023-09-11,Sample tweet #Analytics
TW2023,U2023,2023-02-25,Sample tweet #AgriTech
TW2024,U2024,2023-08-28,Sample tweet #AgriTech
TW2025,U2025,2023-10-16,Sample tweet #AgriTech
TW2026,U2026,2023-06-13,Sample tweet #Analytics
TW2027,U2027,2023-05-12,Sample tweet #Analytics
TW2028,U2028,2023-07-16,Sample tweet #DataSci
TW2029,U2029,2023-02-20,Sample tweet #Analytics
TW2030,U2030,2023-07-30,Sample tweet #SQL
TW2031,U2031,2023-07-04,Sample tweet #DataSci
TW2032,U2032,2023-06-04,Sample tweet #SQL
TW2033,U2033,2023-06-30,Sample tweet #SQL
TW2034,U2034,2023-05-11,Sample tweet #SQL
TW2035,U2035,2023-11-15,Sample tweet #Analytics
TW2036,U2036,2023-03-31,Sample tweet #AgriTech
TW2037,U2037,2023-12-03,Sample tweet #DataSci
TW2038,U2038,2023-03-24,Sample tweet #AgriTech
TW2039,U2039,2023-08-01,Sample tweet #Analytics
TW2040,U2040,2023-04-24,Sample tweet #AgriTech
TW2041,U2041,2023-02-16,Sample tweet #DataSci
TW2042,U2042,2023-06-16,Sample tweet #Analytics
TW2043,U2043,2023-07-24,Sample tweet #DataSci
TW2044,U2044,2023-09-08,Sample tweet #SQL
TW2045,U2045,2023-06-18,Sample tweet #DataSci
TW2046,U2046,2023-12-27,Sample tweet #Analytics
TW2047,U2047,2023-11-15,Sample tweet #AgriTech
TW2048,U2048,2023-11-23,Sample tweet #DataSci
TW2049,U2049,2023-07-31,Sample tweet #DataSci
TW2050,U2050,2023-01-27,Sample tweet #SQL
TW2051,U2051,2023-05-12,Sample tweet #Analytics
TW2052,U2052,2023-10-12,Sample tweet #DataSci
TW2053,U2053,2023-08-01,Sample tweet #Analytics
TW2054,U2054,2023-10-13,Sample tweet #DataSci
TW2055,U2055,2023-06-18,Sample tweet #Analytics
TW2056,U2056,2023-12-31,Sample tweet #SQL
TW2057,U2057,2023-03-05,Sample tweet #AgriTech
TW2058,U2058,2023-09-20,Sample tweet #AgriTech
TW2059,U2059,2023-07-28,Sample tweet #SQL
TW2060,U2060,2023-08-21,Sample tweet #SQL
TW2061,U2061,2023-06-16,Sample tweet #AgriTech
TW2062,U2062,2023-03-13,Sample tweet #Analytics
TW2063,U2063,2023-11-17,Sample tweet #SQL
TW2064,U2064,2023-09-09,Sample tweet #Analytics
TW2065,U2065,2023-12-30,Sample tweet #Analytics
TW2066,U2066,2023-05-12,Sample tweet #AgriTech
TW2067,U2067,2023-11-02,Sample tweet #AgriTech
TW2068,U2068,2023-12-16,Sample tweet #DataSci
TW2069,U2069,2023-10-09,Sample tweet #SQL
TW2070,U2070,2023-04-04,Sample tweet #Analytics
TW2071,U2071,2023-05-22,Sample tweet #DataSci
TW2072,U2072,2023-10-10,Sample tweet #DataSci
TW2073,U2073,2023-03-04,Sample tweet #DataSci
TW2074,U2074,2023-06-19,Sample tweet #AgriTech
TW2075,U2075,2023-03-06,Sample tweet #AgriTech
TW2076,U2076,2023-11-14,Sample tweet #AgriTech
TW2077,U2077,2023-02-04,Sample tweet #SQL
TW2078,U2078,2023-11-01,Sample tweet #DataSci
TW2079,U2079,2023-04-05,Sample tweet #DataSci
TW2080,U2080,2023-04-16,Sample tweet #Analytics
TW2081,U2081,2023-12-13,Sample tweet #DataSci
TW2082,U2082,2023-08-31,Sample tweet #DataSci
TW2083,U2083,2023-06-03,Sample tweet #DataSci
TW2084,U2084,2023-05-28,Sample tweet #Analytics
TW2085,U2085,2023-10-06,Sample tweet #AgriTech
TW2086,U2086,2023-05-06,Sample tweet #DataSci
TW2087,U2087,2023-08-09,Sample tweet #SQL
TW2088,U2088,2023-02-09,Sample tweet #AgriTech
TW2089,U2089,2023-10-14,Sample tweet #SQL
TW2090,U2090,2023-10-03,Sample tweet #Analytics
TW2091,U2091,2023-03-29,Sample tweet #Analytics
TW2092,U2092,2023-03-11,Sample tweet #DataSci
TW2093,U2093,2023-10-08,Sample tweet #DataSci
TW2094,U2094,2023-02-12,Sample tweet #AgriTech
TW2095,U2095,2023-10-06,Sample tweet #Analytics
TW2096,U2096,2023-02-23,Sample tweet #SQL
TW2097,U2097,2023-07-07,Sample tweet #DataSci
TW2098,U2098,2023-02-11,Sample tweet #Analytics
TW2099,U2099,2023-01-24,Sample tweet #Analytics
TW2100,U2100,2023-05-07,Sample tweet #AgriTech
TW2101,U2101,2023-05-24,Sample tweet #Analytics
TW2102,U2102,2023-05-02,Sample tweet #DataSci
TW2103,U2103,2023-09-12,Sample tweet #DataSci
TW2104,U2104,2023-08-16,Sample tweet #Analytics
TW2105,U2105,2023-11-18,Sample tweet #SQL
TW2106,U2106,2023-05-14,Sample tweet #Analytics
TW2107,U2107,2023-02-14,Sample tweet #SQL
TW2108,U2108,2023-01-29,Sample tweet #DataSci
TW2109,U2109,2023-05-21,Sample tweet #Analytics
TW2110,U2110,2023-08-31,Sample tweet #Analytics
TW2111,U2111,2023-02-15,Sample tweet #Analytics
TW2112,U2112,2023-09-06,Sample tweet #Analytics
TW2113,U2113,2023-10-17,Sample tweet #SQL
TW2114,U2114,2023-06-22,Sample tweet #DataSci
TW2115,U2115,2023-01-11,Sample tweet #SQL
TW2116,U2116,2023-07-29,Sample tweet #Analytics
TW2117,U2117,2023-12-06,Sample tweet #AgriTech
TW2118,U2118,2023-08-03,Sample tweet #DataSci
TW2119,U2119,2023-03-15,Sample tweet #AgriTech
TW2120,U2120,2023-04-22,Sample tweet #SQL
TW2121,U2121,2023-07-04,Sample tweet #Analytics
TW2122,U2122,2023-09-04,Sample tweet #DataSci
TW2123,U2123,2023-08-25,Sample tweet #AgriTech
TW2124,U2124,2023-03-29,Sample tweet #SQL
TW2125,U2125,2023-05-04,Sample tweet #AgriTech
TW2126,U2126,2023-08-14,Sample tweet #AgriTech
TW2127,U2127,2023-12-25,Sample tweet #AgriTech
TW2128,U2128,2023-05-22,Sample tweet #AgriTech
TW2129,U2129,2023-10-02,Sample tweet #SQL
TW2130,U2130,2023-12-31,Sample tweet #Analytics
TW2131,U2131,2023-01-08,Sample tweet #AgriTech
TW2132,U2132,2023-10-21,Sample tweet #AgriTech
TW2133,U2133,2023-03-24,Sample tweet #Analytics
TW2134,U2134,2023-12-12,Sample tweet #SQL
TW2135,U2135,2023-01-11,Sample tweet #AgriTech
TW2136,U2136,2023-08-17,Sample tweet #AgriTech
TW2137,U2137,2023-12-24,Sample tweet #SQL
TW2138,U2138,2023-08-03,Sample tweet #AgriTech
TW2139,U2139,2023-10-27,Sample tweet #Analytics
TW2140,U2140,2023-08-28,Sample tweet #Analytics
TW2141,U2141,2023-11-02,Sample tweet #Analytics
TW2142,U2142,2023-07-21,Sample tweet #SQL
TW2143,U2143,2023-07-03,Sample tweet #DataSci
TW2144,U2144,2023-12-07,Sample tweet #AgriTech
TW2145,U2145,2023-01-04,Sample tweet #SQL
TW2146,U2146,2023-09-30,Sample tweet #AgriTech
TW2147,U2147,2023-11-09,Sample tweet #SQL
TW2148,U2148,2023-12-23,Sample tweet #SQL
TW2149,U2149,2023-08-17,Sample tweet #Analytics
TW2150,U2150,2023-05-21,Sample tweet #DataSci
TW2151,U2151,2023-04-01,Sample tweet #Analytics
TW2152,U2152,2023-04-23,Sample tweet #DataSci
TW2153,U2153,2023-07-01,Sample tweet #SQL
TW2154,U2154,2023-01-19,Sample tweet #Analytics
TW2155,U2155,2023-11-07,Sample tweet #AgriTech
TW2156,U2156,2023-02-04,Sample tweet #DataSci
TW2157,U2157,2023-08-30,Sample tweet #DataSci
TW2158,U2158,2023-07-11,Sample tweet #SQL
TW2159,U2159,2023-05-16,Sample tweet #AgriTech
TW2160,U2160,2023-10-22,Sample tweet #SQL
TW2161,U2161,2023-08-01,Sample tweet #DataSci
TW2162,U2162,2023-01-07,Sample tweet #DataSci
TW2163,U2163,2023-05-12,Sample tweet #Analytics
TW2164,U2164,2023-12-15,Sample tweet #Analytics
TW2165,U2165,2023-06-21,Sample tweet #AgriTech
TW2166,U2166,2023-04-29,Sample tweet #DataSci
TW2167,U2167,2023-05-14,Sample tweet #DataSci
TW2168,U2168,2023-01-16,Sample tweet #AgriTech
TW2169,U2169,2023-03-01,Sample tweet #SQL
TW2170,U2170,2023-03-31,Sample tweet #Analytics
TW2171,U2171,2023-11-16,Sample tweet #SQL
TW2172,U2172,2023-12-11,Sample tweet #SQL
TW2173,U2173,2023-08-20,Sample tweet #Analytics
TW2174,U2174,2023-05-11,Sample tweet #AgriTech
TW2175,U2175,2023-12-30,Sample tweet #DataSci
TW2176,U2176,2023-06-11,Sample tweet #Analytics
TW2177,U2177,2023-11-10,Sample tweet #DataSci
TW2178,U2178,2023-11-02,Sample tweet #AgriTech
TW2179,U2179,2023-03-12,Sample tweet #DataSci
TW2180,U2180,2023-10-02,Sample tweet #SQL
TW2181,U2181,2023-10-24,Sample tweet #DataSci
TW2182,U2182,2023-02-11,Sample tweet #DataSci
TW2183,U2183,2023-08-20,Sample tweet #DataSci
TW2184,U2184,2023-03-19,Sample tweet #Analytics
TW2185,U2185,2023-05-01,Sample tweet #DataSci
TW2186,U2186,2023-09-11,Sample tweet #DataSci
TW2187,U2187,2023-11-06,Sample tweet #SQL
TW2188,U2188,2023-05-25,Sample tweet #Analytics
TW2189,U2189,2023-10-22,Sample tweet #DataSci
TW2190,U2190,2024-01-01,Sample tweet #SQL
TW2191,U2191,2023-08-07,Sample tweet #DataSci
TW2192,U2192,2023-02-03,Sample tweet #Analytics
TW2193,U2193,2023-05-07,Sample tweet #DataSci
TW2194,U2194,2023-08-08,Sample tweet #Analytics
TW2195,U2195,2023-03-22,Sample tweet #Analytics
TW2196,U2196,2023-03-12,Sample tweet #DataSci
TW2197,U2197,2023-06-26,Sample tweet #Analytics
TW2198,U2198,2023-05-20,Sample tweet #AgriTech
TW2199,U2199,2023-04-15,Sample tweet #Analytics
TW2200,U2200,2023-06-14,Sample tweet #DataSci
TW2201,U2201,2023-01-06,Sample tweet #SQL
TW2202,U2202,2023-01-26,Sample tweet #Analytics
TW2203,U2203,2023-08-17,Sample tweet #AgriTech
TW2204,U2204,2023-04-19,Sample tweet #SQL
TW2205,U2205,2023-10-19,Sample tweet #Analytics
TW2206,U2206,2023-12-01,Sample tweet #Analytics
TW2207,U2207,2023-03-16,Sample tweet #SQL
TW2208,U2208,2023-04-02,Sample tweet #DataSci
TW2209,U2209,2023-01-05,Sample tweet #DataSci
TW2210,U2210,2023-11-08,Sample tweet #Analytics
TW2211,U2211,2023-06-28,Sample tweet #DataSci
TW2212,U2212,2023-03-21,Sample tweet #Analytics
TW2213,U2213,2023-02-09,Sample tweet #Analytics
TW2214,U2214,2023-10-20,Sample tweet #Analytics
TW2215,U2215,2023-02-20,Sample tweet #DataSci
TW2216,U2216,2023-03-03,Sample tweet #SQL
TW2217,U2217,2023-04-13,Sample tweet #SQL
TW2218,U2218,2023-04-08,Sample tweet #Analytics
TW2219,U2219,2023-12-15,Sample tweet #DataSci
TW2220,U2220,2023-06-26,Sample tweet #DataSci
TW2221,U2221,2023-03-10,Sample tweet #Analytics
TW2222,U2222,2023-07-05,Sample tweet #Analytics
TW2223,U2223,2023-03-13,Sample tweet #AgriTech
TW2224,U2224,2023-10-04,Sample tweet #DataSci
TW2225,U2225,2023-08-20,Sample tweet #Analytics
TW2226,U2226,2023-03-02,Sample tweet #Analytics
TW2227,U2227,2023-09-08,Sample tweet #SQL
TW2228,U2228,2023-08-01,Sample tweet #SQL
TW2229,U2229,2023-05-11,Sample tweet #SQL
TW2230,U2230,2023-03-19,Sample tweet #AgriTech
TW2231,U2231,2023-11-07,Sample tweet #DataSci
TW2232,U2232,2023-10-25,Sample tweet #AgriTech
TW2233,U2233,2023-11-01,Sample tweet #AgriTech
TW2234,U2234,2023-05-24,Sample tweet #Analytics
TW2235,U2235,2023-11-16,Sample tweet #AgriTech
TW2236,U2236,2023-05-08,Sample tweet #DataSci
TW2237,U2237,2023-01-24,Sample tweet #SQL
TW2238,U2238,2023-05-13,Sample tweet #SQL
TW2239,U2239,2023-10-28,Sample tweet #DataSci
TW2240,U2240,2023-11-25,Sample tweet #SQL
TW2241,U2241,2023-10-06,Sample tweet #AgriTech
TW2242,U2242,2023-05-04,Sample tweet #Analytics
TW2243,U2243,2023-11-18,Sample tweet #AgriTech
TW2244,U2244,2023-08-15,Sample tweet #Analytics
TW2245,U2245,2023-03-17,Sample tweet #Analytics
TW2246,U2246,2023-03-08,Sample tweet #DataSci
TW2247,U2247,2023-07-27,Sample tweet #AgriTech
TW2248,U2248,2023-02-20,Sample tweet #AgriTech
TW2249,U2249,2023-02-27,Sample tweet #DataSci
TW2250,U2250,2023-11-29,Sample tweet #AgriTech
TW2251,U2251,2023-07-18,Sample tweet #SQL
TW2252,U2252,2023-03-18,Sample tweet #Analytics
TW2253,U2253,2023-04-14,Sample tweet #DataSci
TW2254,U2254,2023-03-20,Sample tweet #DataSci
TW2255,U2255,2023-08-17,Sample tweet #SQL
TW2256,U2256,2023-02-24,Sample tweet #AgriTech
TW2257,U2257,2023-10-28,Sample tweet #DataSci
TW2258,U2258,2023-02-17,Sample tweet #SQL
TW2259,U2259,2023-05-26,Sample tweet #SQL
TW2260,U2260,2023-02-19,Sample tweet #AgriTech
TW2261,U2261,2023-01-25,Sample tweet #DataSci
TW2262,U2262,2023-12-17,Sample tweet #SQL
TW2263,U2263,2023-12-30,Sample tweet #SQL
TW2264,U2264,2023-10-31,Sample tweet #SQL
TW2265,U2265,2023-01-14,Sample tweet #DataSci
TW2266,U2266,2023-01-31,Sample tweet #SQL
TW2267,U2267,2023-12-21,Sample tweet #DataSci
TW2268,U2268,2023-09-11,Sample tweet #SQL
TW2269,U2269,2023-06-08,Sample tweet #SQL
TW2270,U2270,2023-07-26,Sample tweet #AgriTech
TW2271,U2271,2023-01-10,Sample tweet #SQL
TW2272,U2272,2023-10-17,Sample tweet #AgriTech
TW2273,U2273,2023-06-10,Sample tweet #Analytics
TW2274,U2274,2023-07-30,Sample tweet #Analytics
TW2275,U2275,2023-05-15,Sample tweet #DataSci
TW2276,U2276,2023-09-29,Sample tweet #AgriTech
TW2277,U2277,2023-10-20,Sample tweet #DataSci
TW2278,U2278,2023-11-29,Sample tweet #DataSci
TW2279,U2279,2023-11-21,Sample tweet #DataSci
TW2280,U2280,2023-06-14,Sample tweet #AgriTech
TW2281,U2281,2023-04-30,Sample tweet #DataSci
TW2282,U2282,2023-06-20,Sample tweet #Analytics
TW2283,U2283,2023-07-27,Sample tweet #AgriTech
TW2284,U2284,2023-03-17,Sample tweet #SQL
TW2285,U2285,2023-11-26,Sample tweet #SQL
TW2286,U2286,2023-07-22,Sample tweet #DataSci
TW2287,U2287,2023-04-26,Sample tweet #Analytics
TW2288,U2288,2023-10-27,Sample tweet #AgriTech
TW2289,U2289,2023-05-15,Sample tweet #AgriTech
TW2290,U2290,2023-09-18,Sample tweet #SQL
TW2291,U2291,2023-03-16,Sample tweet #Analytics
TW2292,U2292,2023-01-09,Sample tweet #Analytics
TW2293,U2293,2023-06-27,Sample tweet #DataSci
TW2294,U2294,2023-05-06,Sample tweet #Analytics
TW2295,U2295,2023-06-01,Sample tweet #AgriTech
TW2296,U2296,2023-02-15,Sample tweet #DataSci
TW2297,U2297,2023-11-06,Sample tweet #AgriTech
TW2298,U2298,2023-11-14,Sample tweet #SQL
TW2299,U2299,2023-12-03,Sample tweet #SQL
TW2300,U2300,2023-01-07,Sample tweet #DataSci
TW2301,U2301,2023-11-16,Sample tweet #AgriTech
TW2302,U2302,2023-06-30,Sample tweet #AgriTech
TW2303,U2303,2023-12-09,Sample tweet #DataSci
TW2304,U2304,2023-12-05,Sample tweet #DataSci
TW2305,U2305,2023-02-09,Sample tweet #Analytics
TW2306,U2306,2023-06-22,Sample tweet #Analytics
TW2307,U2307,2023-07-31,Sample tweet #SQL
TW2308,U2308,2023-12-04,Sample tweet #SQL
TW2309,U2309,2023-04-28,Sample tweet #Analytics
TW2310,U2310,2023-10-06,Sample tweet #Analytics
TW2311,U2311,2023-03-06,Sample tweet #AgriTech
TW2312,U2312,2023-02-24,Sample tweet #SQL
TW2313,U2313,2023-04-05,Sample tweet #SQL
TW2314,U2314,2023-07-21,Sample tweet #AgriTech
TW2315,U2315,2023-05-19,Sample tweet #DataSci
TW2316,U2316,2023-03-22,Sample tweet #DataSci
TW2317,U2317,2023-09-13,Sample tweet #Analytics
TW2318,U2318,2023-03-04,Sample tweet #SQL
TW2319,U2319,2023-01-16,Sample tweet #Analytics
TW2320,U2320,2023-03-09,Sample tweet #Analytics
TW2321,U2321,2023-11-26,Sample tweet #AgriTech
TW2322,U2322,2023-04-26,Sample tweet #AgriTech
TW2323,U2323,2023-03-20,Sample tweet #Analytics
TW2324,U2324,2023-10-06,Sample tweet #DataSci
TW2325,U2325,2023-08-02,Sample tweet #Analytics
TW2326,U2326,2023-08-17,Sample tweet #SQL
TW2327,U2327,2023-12-24,Sample tweet #AgriTech
TW2328,U2328,2023-12-16,Sample tweet #SQL
TW2329,U2329,2023-08-12,Sample tweet #Analytics
TW2330,U2330,2023-03-13,Sample tweet #AgriTech
TW2331,U2331,2023-11-13,Sample tweet #AgriTech
TW2332,U2332,2023-07-14,Sample tweet #SQL
TW2333,U2333,2023-08-28,Sample tweet #AgriTech
TW2334,U2334,2023-05-19,Sample tweet #SQL
TW2335,U2335,2023-10-25,Sample tweet #AgriTech
TW2336,U2336,2023-03-16,Sample tweet #SQL
TW2337,U2337,2023-02-18,Sample tweet #Analytics
TW2338,U2338,2023-08-27,Sample tweet #DataSci
TW2339,U2339,2023-10-08,Sample tweet #AgriTech
TW2340,U2340,2023-08-24,Sample tweet #Analytics
TW2341,U2341,2023-03-15,Sample tweet #SQL
TW2342,U2342,2023-09-29,Sample tweet #SQL
TW2343,U2343,2023-12-07,Sample tweet #DataSci
TW2344,U2344,2023-05-17,Sample tweet #AgriTech
TW2345,U2345,2023-10-05,Sample tweet #AgriTech
TW2346,U2346,2023-12-25,Sample tweet #SQL
TW2347,U2347,2023-12-02,Sample tweet #Analytics
TW2348,U2348,2023-01-18,Sample tweet #Analytics
TW2349,U2349,2023-04-11,Sample tweet #DataSci
TW2350,U2350,2023-04-09,Sample tweet #SQL
TW2351,U2351,2023-08-05,Sample tweet #AgriTech
TW2352,U2352,2023-08-28,Sample tweet #AgriTech
TW2353,U2353,2023-10-14,Sample tweet #Analytics
TW2354,U2354,2023-05-01,Sample tweet #Analytics
TW2355,U2355,2023-03-02,Sample tweet #AgriTech
TW2356,U2356,2023-10-17,Sample tweet #DataSci
TW2357,U2357,2023-07-05,Sample tweet #DataSci
TW2358,U2358,2023-02-23,Sample tweet #DataSci
TW2359,U2359,2023-12-27,Sample tweet #Analytics
TW2360,U2360,2023-06-18,Sample tweet #DataSci
TW2361,U2361,2023-09-27,Sample tweet #DataSci
TW2362,U2362,2023-12-27,Sample tweet #AgriTech
TW2363,U2363,2023-12-25,Sample tweet #Analytics
TW2364,U2364,2023-08-04,Sample tweet #SQL
TW2365,U2365,2023-07-18,Sample tweet #SQL
TW2366,U2366,2023-08-12,Sample tweet #SQL
TW2367,U2367,2023-03-25,Sample tweet #SQL
TW2368,U2368,2023-09-05,Sample tweet #Analytics
TW2369,U2369,2023-03-01,Sample tweet #AgriTech
TW2370,U2370,2023-01-19,Sample tweet #SQL
TW2371,U2371,2023-01-19,Sample tweet #DataSci
TW2372,U2372,2023-01-13,Sample tweet #DataSci
TW2373,U2373,2023-10-20,Sample tweet #DataSci
TW2374,U2374,2023-04-28,Sample tweet #AgriTech
TW2375,U2375,2023-10-18,Sample tweet #Analytics
TW2376,U2376,2023-08-07,Sample tweet #DataSci
TW2377,U2377,2023-10-11,Sample tweet #DataSci
TW2378,U2378,2023-04-13,Sample tweet #Analytics
TW2379,U2379,2023-06-17,Sample tweet #AgriTech
TW2380,U2380,2023-10-04,Sample tweet #AgriTech
TW2381,U2381,2023-12-19,Sample tweet #DataSci
TW2382,U2382,2023-07-14,Sample tweet #DataSci
TW2383,U2383,2023-04-22,Sample tweet #Analytics
TW2384,U2384,2023-09-29,Sample tweet #Analytics
TW2385,U2385,2023-03-11,Sample tweet #Analytics
TW2386,U2386,2023-03-11,Sample tweet #AgriTech
TW2387,U2387,2023-01-17,Sample tweet #AgriTech
TW2388,U2388,2023-03-30,Sample tweet #AgriTech
TW2389,U2389,2023-03-21,Sample tweet #Analytics
TW2390,U2390,2023-02-08,Sample tweet #AgriTech
TW2391,U2391,2023-07-17,Sample tweet #SQL
TW2392,U2392,2023-09-09,Sample tweet #AgriTech
TW2393,U2393,2023-10-03,Sample tweet #DataSci
TW2394,U2394,2023-10-03,Sample tweet #AgriTech
TW2395,U2395,2023-05-04,Sample tweet #AgriTech
TW2396,U2396,2023-07-13,Sample tweet #DataSci
TW2397,U2397,2023-01-02,Sample tweet #Analytics
TW2398,U2398,2023-02-23,Sample tweet #AgriTech
TW2399,U2399,2023-10-28,Sample tweet #AgriTech
TW2400,U2400,2023-10-10,Sample tweet #Analytics
TW2401,U2401,2023-06-14,Sample tweet #Analytics
TW2402,U2402,2023-06-09,Sample tweet #AgriTech
TW2403,U2403,2023-10-30,Sample tweet #Analytics
TW2404,U2404,2023-07-18,Sample tweet #AgriTech
TW2405,U2405,2023-04-16,Sample tweet #DataSci
TW2406,U2406,2023-05-17,Sample tweet #Analytics
TW2407,U2407,2023-08-22,Sample tweet #DataSci
TW2408,U2408,2023-03-08,Sample tweet #DataSci
TW2409,U2409,2023-06-16,Sample tweet #AgriTech
TW2410,U2410,2023-03-08,Sample tweet #SQL
TW2411,U2411,2023-08-06,Sample tweet #AgriTech
TW2412,U2412,2023-01-06,Sample tweet #DataSci
TW2413,U2413,2023-11-24,Sample tweet #Analytics
TW2414,U2414,2023-05-07,Sample tweet #AgriTech
TW2415,U2415,2023-06-28,Sample tweet #DataSci
TW2416,U2416,2023-01-13,Sample tweet #SQL
TW2417,U2417,2023-02-27,Sample tweet #AgriTech
TW2418,U2418,2023-06-07,Sample tweet #AgriTech
TW2419,U2419,2023-10-18,Sample tweet #SQL
TW2420,U2420,2023-12-17,Sample tweet #DataSci
TW2421,U2421,2023-08-01,Sample tweet #SQL
TW2422,U2422,2023-05-15,Sample tweet #AgriTech
TW2423,U2423,2023-06-28,Sample tweet #Analytics
TW2424,U2424,2023-05-18,Sample tweet #AgriTech
TW2425,U2425,2023-04-21,Sample tweet #SQL
TW2426,U2426,2023-06-06,Sample tweet #SQL
TW2427,U2427,2023-04-10,Sample tweet #DataSci
TW2428,U2428,2023-06-06,Sample tweet #AgriTech
TW2429,U2429,2023-11-04,Sample tweet #Analytics
TW2430,U2430,2023-07-23,Sample tweet #Analytics
TW2431,U2431,2023-10-22,Sample tweet #DataSci
TW2432,U2432,2023-03-02,Sample tweet #AgriTech
TW2433,U2433,2023-08-07,Sample tweet #DataSci
TW2434,U2434,2023-12-07,Sample tweet #DataSci
TW2435,U2435,2023-09-17,Sample tweet #AgriTech
TW2436,U2436,2023-04-06,Sample tweet #DataSci
TW2437,U2437,2024-01-01,Sample tweet #AgriTech
TW2438,U2438,2023-04-18,Sample tweet #SQL
TW2439,U2439,2023-02-15,Sample tweet #SQL
TW2440,U2440,2023-09-15,Sample tweet #Analytics
TW2441,U2441,2023-07-03,Sample tweet #SQL
TW2442,U2442,2023-12-10,Sample tweet #Analytics
TW2443,U2443,2023-06-02,Sample tweet #SQL
TW2444,U2444,2023-11-14,Sample tweet #Analytics
TW2445,U2445,2023-05-04,Sample tweet #AgriTech
TW2446,U2446,2023-09-07,Sample tweet #AgriTech
TW2447,U2447,2023-11-25,Sample tweet #SQL
TW2448,U2448,2023-11-27,Sample tweet #AgriTech
TW2449,U2449,2023-09-28,Sample tweet #DataSci
TW2450,U2450,2023-04-04,Sample tweet #AgriTech
TW2451,U2451,2023-08-22,Sample tweet #DataSci
TW2452,U2452,2023-01-29,Sample tweet #DataSci
TW2453,U2453,2023-09-24,Sample tweet #SQL
TW2454,U2454,2023-03-25,Sample tweet #SQL
TW2455,U2455,2023-03-27,Sample tweet #SQL
TW2456,U2456,2023-06-16,Sample tweet #SQL
TW2457,U2457,2023-05-03,Sample tweet #DataSci
TW2458,U2458,2023-06-12,Sample tweet #Analytics
TW2459,U2459,2023-04-20,Sample tweet #Analytics
TW2460,U2460,2023-02-26,Sample tweet #SQL
TW2461,U2461,2023-05-18,Sample tweet #DataSci
TW2462,U2462,2023-07-09,Sample tweet #Analytics
TW2463,U2463,2023-03-05,Sample tweet #AgriTech
TW2464,U2464,2023-07-05,Sample tweet #SQL
TW2465,U2465,2023-08-26,Sample tweet #SQL
TW2466,U2466,2023-04-17,Sample tweet #AgriTech
TW2467,U2467,2023-07-31,Sample tweet #AgriTech
TW2468,U2468,2023-09-04,Sample tweet #DataSci
TW2469,U2469,2023-08-14,Sample tweet #DataSci
TW2470,U2470,2023-03-30,Sample tweet #SQL
TW2471,U2471,2023-11-06,Sample tweet #AgriTech
TW2472,U2472,2023-09-19,Sample tweet #AgriTech
TW2473,U2473,2023-10-23,Sample tweet #DataSci
TW2474,U2474,2023-02-18,Sample tweet #DataSci
TW2475,U2475,2023-08-27,Sample tweet #Analytics
TW2476,U2476,2023-12-26,Sample tweet #SQL
TW2477,U2477,2023-12-06,Sample tweet #AgriTech
TW2478,U2478,2023-05-12,Sample tweet #Analytics
TW2479,U2479,2023-09-24,Sample tweet #DataSci
TW2480,U2480,2023-07-19,Sample tweet #DataSci
TW2481,U2481,2023-12-28,Sample tweet #SQL
TW2482,U2482,2023-01-10,Sample tweet #DataSci
TW2483,U2483,2023-01-19,Sample tweet #SQL
TW2484,U2484,2023-08-26,Sample tweet #DataSci
TW2485,U2485,2023-07-15,Sample tweet #AgriTech
TW2486,U2486,2023-12-15,Sample tweet #DataSci
TW2487,U2487,2023-01-23,Sample tweet #AgriTech
TW2488,U2488,2023-06-19,Sample tweet #SQL
TW2489,U2489,2023-05-17,Sample tweet #Analytics
TW2490,U2490,2023-01-26,Sample tweet #DataSci
TW2491,U2491,2023-01-07,Sample tweet #DataSci
TW2492,U2492,2023-12-13,Sample tweet #DataSci
TW2493,U2493,2023-05-25,Sample tweet #SQL
TW2494,U2494,2023-02-25,Sample tweet #Analytics
TW2495,U2495,2023-08-09,Sample tweet #DataSci
TW2496,U2496,2023-04-14,Sample tweet #AgriTech
TW2497,U2497,2023-06-27,Sample tweet #SQL
TW2498,U2498,2023-04-21,Sample tweet #SQL
TW2499,U2499,2023-10-04,Sample tweet #Analytics
TW2500,U2500,2023-12-29,Sample tweet #AgriTech
TW2501,U2501,2023-08-11,Sample tweet #AgriTech
TW2502,U2502,2023-08-28,Sample tweet #Analytics
TW2503,U2503,2023-09-11,Sample tweet #SQL
TW2504,U2504,2023-11-25,Sample tweet #Analytics
TW2505,U2505,2023-07-22,Sample tweet #DataSci
TW2506,U2506,2023-05-31,Sample tweet #SQL
TW2507,U2507,2023-04-14,Sample tweet #SQL
TW2508,U2508,2023-12-11,Sample tweet #Analytics
TW2509,U2509,2023-02-14,Sample tweet #SQL
TW2510,U2510,2023-10-03,Sample tweet #AgriTech
TW2511,U2511,2023-06-25,Sample tweet #SQL
TW2512,U2512,2023-03-04,Sample tweet #DataSci
TW2513,U2513,2023-03-09,Sample tweet #Analytics
TW2514,U2514,2023-04-26,Sample tweet #AgriTech
TW2515,U2515,2023-11-17,Sample tweet #Analytics
TW2516,U2516,2023-10-25,Sample tweet #SQL
TW2517,U2517,2023-04-11,Sample tweet #DataSci
TW2518,U2518,2023-12-04,Sample tweet #AgriTech
TW2519,U2519,2023-10-19,Sample tweet #AgriTech
TW2520,U2520,2023-01-17,Sample tweet #AgriTech
TW2521,U2521,2023-12-10,Sample tweet #SQL
TW2522,U2522,2023-11-05,Sample tweet #DataSci
TW2523,U2523,2023-08-10,Sample tweet #AgriTech
TW2524,U2524,2023-03-17,Sample tweet #Analytics
TW2525,U2525,2023-12-07,Sample tweet #Analytics
TW2526,U2526,2023-05-04,Sample tweet #SQL
TW2527,U2527,2023-09-22,Sample tweet #SQL
TW2528,U2528,2023-01-07,Sample tweet #Analytics
TW2529,U2529,2023-02-27,Sample tweet #DataSci
TW2530,U2530,2023-08-15,Sample tweet #DataSci
TW2531,U2531,2023-08-23,Sample tweet #DataSci
TW2532,U2532,2023-02-19,Sample tweet #Analytics
TW2533,U2533,2023-08-08,Sample tweet #AgriTech
TW2534,U2534,2023-05-20,Sample tweet #DataSci
TW2535,U2535,2023-02-04,Sample tweet #AgriTech
TW2536,U2536,2023-10-31,Sample tweet #SQL
TW2537,U2537,2023-03-30,Sample tweet #DataSci
TW2538,U2538,2023-10-15,Sample tweet #AgriTech
TW2539,U2539,2023-07-24,Sample tweet #DataSci
TW2540,U2540,2023-06-04,Sample tweet #DataSci
TW2541,U2541,2023-01-09,Sample tweet #Analytics
TW2542,U2542,2023-07-01,Sample tweet #SQL
TW2543,U2543,2023-01-23,Sample tweet #SQL
TW2544,U2544,2023-03-12,Sample tweet #DataSci
TW2545,U2545,2023-03-18,Sample tweet #AgriTech
TW2546,U2546,2023-04-15,Sample tweet #SQL
TW2547,U2547,2023-10-10,Sample tweet #Analytics
TW2548,U2548,2023-08-05,Sample tweet #DataSci
TW2549,U2549,2023-05-02,Sample tweet #SQL
TW2550,U2550,2023-03-25,Sample tweet #SQL
TW2551,U2551,2023-02-23,Sample tweet #Analytics
TW2552,U2552,2023-05-22,Sample tweet #DataSci
TW2553,U2553,2023-07-19,Sample tweet #DataSci
TW2554,U2554,2023-10-04,Sample tweet #DataSci
TW2555,U2555,2023-12-07,Sample tweet #SQL
TW2556,U2556,2023-03-05,Sample tweet #AgriTech
TW2557,U2557,2023-03-30,Sample tweet #SQL
TW2558,U2558,2023-11-25,Sample tweet #Analytics
TW2559,U2559,2023-03-12,Sample tweet #AgriTech
TW2560,U2560,2023-01-06,Sample tweet #DataSci
TW2561,U2561,2023-12-18,Sample tweet #DataSci
TW2562,U2562,2023-11-18,Sample tweet #DataSci
TW2563,U2563,2023-02-08,Sample tweet #SQL
TW2564,U2564,2023-05-31,Sample tweet #Analytics
TW2565,U2565,2023-09-06,Sample tweet #DataSci
TW2566,U2566,2023-06-23,Sample tweet #DataSci
TW2567,U2567,2023-01-09,Sample tweet #Analytics
TW2568,U2568,2023-07-01,Sample tweet #AgriTech
TW2569,U2569,2023-07-24,Sample tweet #AgriTech
TW2570,U2570,2023-05-09,Sample tweet #AgriTech
TW2571,U2571,2023-06-11,Sample tweet #AgriTech
TW2572,U2572,2023-06-02,Sample tweet #SQL
TW2573,U2573,2023-01-10,Sample tweet #SQL
TW2574,U2574,2023-10-04,Sample tweet #Analytics
TW2575,U2575,2023-05-11,Sample tweet #DataSci
TW2576,U2576,2023-05-10,Sample tweet #SQL
TW2577,U2577,2023-05-16,Sample tweet #SQL
TW2578,U2578,2023-04-24,Sample tweet #DataSci
TW2579,U2579,2023-11-29,Sample tweet #Analytics
TW2580,U2580,2023-09-12,Sample tweet #AgriTech
TW2581,U2581,2023-12-24,Sample tweet #DataSci
TW2582,U2582,2023-01-24,Sample tweet #DataSci
TW2583,U2583,2023-09-11,Sample tweet #SQL
TW2584,U2584,2023-02-15,Sample tweet #SQL
TW2585,U2585,2023-08-27,Sample tweet #Analytics
TW2586,U2586,2023-10-08,Sample tweet #AgriTech
TW2587,U2587,2023-08-30,Sample tweet #SQL
TW2588,U2588,2023-07-02,Sample tweet #AgriTech
TW2589,U2589,2023-04-02,Sample tweet #AgriTech
TW2590,U2590,2023-09-10,Sample tweet #AgriTech
TW2591,U2591,2023-02-23,Sample tweet #SQL
TW2592,U2592,2023-09-21,Sample tweet #AgriTech
TW2593,U2593,2024-01-01,Sample tweet #Analytics
TW2594,U2594,2023-10-06,Sample tweet #DataSci
TW2595,U2595,2023-03-04,Sample tweet #AgriTech
TW2596,U2596,2023-03-31,Sample tweet #DataSci
TW2597,U2597,2023-03-24,Sample tweet #AgriTech
TW2598,U2598,2023-11-06,Sample tweet #DataSci
TW2599,U2599,2023-11-18,Sample tweet #SQL
TW2600,U2600,2023-01-29,Sample tweet #Analytics
TW2601,U2601,2023-02-17,Sample tweet #Analytics
TW2602,U2602,2023-09-11,Sample tweet #AgriTech
TW2603,U2603,2023-03-04,Sample tweet #AgriTech
TW2604,U2604,2023-07-17,Sample tweet #DataSci
TW2605,U2605,2023-01-20,Sample tweet #Analytics
TW2606,U2606,2023-03-13,Sample tweet #AgriTech
TW2607,U2607,2023-02-12,Sample tweet #DataSci
TW2608,U2608,2023-01-19,Sample tweet #SQL
TW2609,U2609,2023-11-04,Sample tweet #Analytics
TW2610,U2610,2023-01-14,Sample tweet #AgriTech
TW2611,U2611,2023-09-29,Sample tweet #Analytics
TW2612,U2612,2023-06-21,Sample tweet #SQL
TW2613,U2613,2023-04-17,Sample tweet #AgriTech
TW2614,U2614,2023-06-12,Sample tweet #DataSci
TW2615,U2615,2023-03-24,Sample tweet #AgriTech
TW2616,U2616,2023-12-14,Sample tweet #AgriTech
TW2617,U2617,2023-07-05,Sample tweet #Analytics
TW2618,U2618,2023-08-28,Sample tweet #SQL
TW2619,U2619,2023-07-03,Sample tweet #Analytics
TW2620,U2620,2023-03-29,Sample tweet #DataSci
TW2621,U2621,2023-06-17,Sample tweet #Analytics
TW2622,U2622,2023-07-27,Sample tweet #AgriTech
TW2623,U2623,2023-08-08,Sample tweet #Analytics
TW2624,U2624,2023-04-02,Sample tweet #SQL
TW2625,U2625,2023-02-08,Sample tweet #SQL
TW2626,U2626,2023-07-02,Sample tweet #SQL
TW2627,U2627,2023-03-13,Sample tweet #DataSci
TW2628,U2628,2023-04-22,Sample tweet #Analytics
TW2629,U2629,2023-09-20,Sample tweet #Analytics
TW2630,U2630,2023-02-28,Sample tweet #Analytics
TW2631,U2631,2023-05-12,Sample tweet #SQL
TW2632,U2632,2023-10-05,Sample tweet #AgriTech
TW2633,U2633,2023-12-27,Sample tweet #DataSci
TW2634,U2634,2023-08-23,Sample tweet #DataSci
TW2635,U2635,2023-02-02,Sample tweet #SQL
TW2636,U2636,2023-05-04,Sample tweet #Analytics
TW2637,U2637,2023-07-21,Sample tweet #AgriTech
TW2638,U2638,2023-02-08,Sample tweet #Analytics
TW2639,U2639,2023-09-18,Sample tweet #AgriTech
TW2640,U2640,2023-06-10,Sample tweet #Analytics
TW2641,U2641,2023-04-24,Sample tweet #SQL
TW2642,U2642,2023-06-29,Sample tweet #AgriTech
TW2643,U2643,2023-04-30,Sample tweet #Analytics
TW2644,U2644,2023-07-24,Sample tweet #DataSci
TW2645,U2645,2023-01-09,Sample tweet #DataSci
TW2646,U2646,2023-04-03,Sample tweet #SQL
TW2647,U2647,2023-07-05,Sample tweet #DataSci
TW2648,U2648,2023-10-07,Sample tweet #SQL
TW2649,U2649,2023-06-21,Sample tweet #DataSci
TW2650,U2650,2023-08-27,Sample tweet #DataSci
TW2651,U2651,2023-11-09,Sample tweet #DataSci
TW2652,U2652,2023-07-31,Sample tweet #SQL
TW2653,U2653,2023-12-16,Sample tweet #DataSci
TW2654,U2654,2023-05-11,Sample tweet #DataSci
TW2655,U2655,2023-02-21,Sample tweet #Analytics
TW2656,U2656,2023-07-21,Sample tweet #Analytics
TW2657,U2657,2023-12-18,Sample tweet #DataSci
TW2658,U2658,2023-10-24,Sample tweet #DataSci
TW2659,U2659,2023-08-01,Sample tweet #DataSci
TW2660,U2660,2023-09-09,Sample tweet #AgriTech
TW2661,U2661,2023-09-14,Sample tweet #AgriTech
TW2662,U2662,2023-07-25,Sample tweet #Analytics
TW2663,U2663,2023-02-26,Sample tweet #DataSci
TW2664,U2664,2023-10-26,Sample tweet #SQL
TW2665,U2665,2023-05-31,Sample tweet #DataSci
TW2666,U2666,2023-07-09,Sample tweet #Analytics
TW2667,U2667,2023-05-29,Sample tweet #Analytics
TW2668,U2668,2023-03-03,Sample tweet #Analytics
TW2669,U2669,2023-02-27,Sample tweet #DataSci
TW2670,U2670,2023-03-17,Sample tweet #Analytics
TW2671,U2671,2023-05-13,Sample tweet #SQL
TW2672,U2672,2023-05-05,Sample tweet #DataSci
TW2673,U2673,2023-03-25,Sample tweet #SQL
TW2674,U2674,2023-02-18,Sample tweet #DataSci
TW2675,U2675,2023-08-26,Sample tweet #Analytics
TW2676,U2676,2023-03-30,Sample tweet #DataSci
TW2677,U2677,2023-03-13,Sample tweet #AgriTech
TW2678,U2678,2023-06-04,Sample tweet #Analytics
TW2679,U2679,2023-02-25,Sample tweet #SQL
TW2680,U2680,2023-12-04,Sample tweet #DataSci
TW2681,U2681,2023-04-29,Sample tweet #SQL
TW2682,U2682,2023-02-10,Sample tweet #SQL
TW2683,U2683,2023-01-09,Sample tweet #Analytics
TW2684,U2684,2023-11-11,Sample tweet #DataSci
TW2685,U2685,2023-09-26,Sample tweet #AgriTech
TW2686,U2686,2023-12-29,Sample tweet #AgriTech
TW2687,U2687,2023-04-24,Sample tweet #DataSci
TW2688,U2688,2023-05-05,Sample tweet #Analytics
TW2689,U2689,2023-03-28,Sample tweet #SQL
TW2690,U2690,2023-03-30,Sample tweet #SQL
TW2691,U2691,2023-12-29,Sample tweet #AgriTech
TW2692,U2692,2023-04-27,Sample tweet #SQL
TW2693,U2693,2023-07-17,Sample tweet #Analytics
TW2694,U2694,2023-12-31,Sample tweet #DataSci
TW2695,U2695,2023-12-24,Sample tweet #Analytics
TW2696,U2696,2023-11-23,Sample tweet #Analytics
TW2697,U2697,2023-08-21,Sample tweet #AgriTech
TW2698,U2698,2023-05-02,Sample tweet #AgriTech
TW2699,U2699,2023-03-04,Sample tweet #Analytics
TW2700,U2700,2023-05-09,Sample tweet #AgriTech
TW2701,U2701,2023-10-06,Sample tweet #DataSci
TW2702,U2702,2023-06-09,Sample tweet #SQL
TW2703,U2703,2023-10-05,Sample tweet #DataSci
TW2704,U2704,2023-07-11,Sample tweet #DataSci
TW2705,U2705,2023-04-01,Sample tweet #DataSci
TW2706,U2706,2023-11-15,Sample tweet #SQL
TW2707,U2707,2023-05-05,Sample tweet #AgriTech
TW2708,U2708,2023-10-04,Sample tweet #AgriTech
TW2709,U2709,2023-07-21,Sample tweet #SQL
TW2710,U2710,2023-06-16,Sample tweet #DataSci
TW2711,U2711,2023-10-24,Sample tweet #DataSci
TW2712,U2712,2023-11-27,Sample tweet #DataSci
TW2713,U2713,2023-03-18,Sample tweet #Analytics
TW2714,U2714,2023-03-07,Sample tweet #AgriTech
TW2715,U2715,2023-12-10,Sample tweet #Analytics
TW2716,U2716,2023-11-01,Sample tweet #AgriTech
TW2717,U2717,2023-08-27,Sample tweet #DataSci
TW2718,U2718,2023-07-06,Sample tweet #DataSci
TW2719,U2719,2023-01-06,Sample tweet #SQL
TW2720,U2720,2023-03-15,Sample tweet #Analytics
TW2721,U2721,2023-09-10,Sample tweet #AgriTech
TW2722,U2722,2023-07-17,Sample tweet #Analytics
TW2723,U2723,2023-12-10,Sample tweet #Analytics
TW2724,U2724,2023-08-18,Sample tweet #AgriTech
TW2725,U2725,2023-07-06,Sample tweet #SQL
TW2726,U2726,2023-11-28,Sample tweet #SQL
TW2727,U2727,2023-03-02,Sample tweet #SQL
TW2728,U2728,2023-01-17,Sample tweet #Analytics
TW2729,U2729,2023-11-07,Sample tweet #Analytics
TW2730,U2730,2023-10-02,Sample tweet #Analytics
TW2731,U2731,2023-01-20,Sample tweet #SQL
TW2732,U2732,2023-04-01,Sample tweet #SQL
TW2733,U2733,2023-12-10,Sample tweet #DataSci
TW2734,U2734,2023-12-22,Sample tweet #Analytics
TW2735,U2735,2023-10-05,Sample tweet #DataSci
TW2736,U2736,2023-04-28,Sample tweet #DataSci
TW2737,U2737,2023-09-27,Sample tweet #Analytics
TW2738,U2738,2023-05-15,Sample tweet #AgriTech
TW2739,U2739,2023-06-02,Sample tweet #SQL
TW2740,U2740,2023-11-18,Sample tweet #SQL
TW2741,U2741,2023-11-13,Sample tweet #Analytics
TW2742,U2742,2023-12-08,Sample tweet #AgriTech
TW2743,U2743,2023-11-27,Sample tweet #AgriTech
TW2744,U2744,2023-12-27,Sample tweet #SQL
TW2745,U2745,2023-11-25,Sample tweet #SQL
TW2746,U2746,2023-08-01,Sample tweet #DataSci
TW2747,U2747,2023-05-30,Sample tweet #Analytics
TW2748,U2748,2023-07-31,Sample tweet #SQL
TW2749,U2749,2023-01-04,Sample tweet #Analytics
TW2750,U2750,2023-04-17,Sample tweet #SQL
TW2751,U2751,2023-03-30,Sample tweet #AgriTech
TW2752,U2752,2023-01-29,Sample tweet #SQL
TW2753,U2753,2023-05-19,Sample tweet #Analytics
TW2754,U2754,2023-02-22,Sample tweet #DataSci
TW2755,U2755,2023-04-18,Sample tweet #SQL
TW2756,U2756,2023-07-18,Sample tweet #Analytics
TW2757,U2757,2023-11-09,Sample tweet #SQL
TW2758,U2758,2023-11-10,Sample tweet #DataSci
TW2759,U2759,2023-01-10,Sample tweet #DataSci
TW2760,U2760,2023-05-10,Sample tweet #AgriTech
TW2761,U2761,2023-10-10,Sample tweet #DataSci
TW2762,U2762,2023-11-26,Sample tweet #SQL
TW2763,U2763,2023-09-08,Sample tweet #SQL
TW2764,U2764,2023-09-24,Sample tweet #DataSci
TW2765,U2765,2023-04-25,Sample tweet #DataSci
TW2766,U2766,2023-09-19,Sample tweet #AgriTech
TW2767,U2767,2023-08-21,Sample tweet #SQL
TW2768,U2768,2023-10-18,Sample tweet #DataSci
TW2769,U2769,2023-12-25,Sample tweet #DataSci
TW2770,U2770,2023-01-27,Sample tweet #DataSci
TW2771,U2771,2023-03-04,Sample tweet #AgriTech
TW2772,U2772,2023-07-18,Sample tweet #AgriTech
TW2773,U2773,2023-06-04,Sample tweet #SQL
TW2774,U2774,2023-10-15,Sample tweet #Analytics
TW2775,U2775,2023-08-17,Sample tweet #AgriTech
TW2776,U2776,2023-03-01,Sample tweet #SQL
TW2777,U2777,2023-02-24,Sample tweet #DataSci
TW2778,U2778,2023-09-26,Sample tweet #SQL
TW2779,U2779,2023-04-04,Sample tweet #SQL
TW2780,U2780,2023-04-04,Sample tweet #AgriTech
TW2781,U2781,2023-01-23,Sample tweet #DataSci
TW2782,U2782,2023-10-30,Sample tweet #SQL
TW2783,U2783,2023-07-16,Sample tweet #AgriTech
TW2784,U2784,2023-08-15,Sample tweet #AgriTech
TW2785,U2785,2023-05-28,Sample tweet #DataSci
TW2786,U2786,2023-11-25,Sample tweet #Analytics
TW2787,U2787,2023-06-22,Sample tweet #DataSci
TW2788,U2788,2023-06-29,Sample tweet #Analytics
TW2789,U2789,2023-08-24,Sample tweet #SQL
TW2790,U2790,2023-10-24,Sample tweet #DataSci
TW2791,U2791,2023-02-08,Sample tweet #Analytics
TW2792,U2792,2023-02-01,Sample tweet #SQL
TW2793,U2793,2023-11-30,Sample tweet #AgriTech
TW2794,U2794,2023-10-16,Sample tweet #DataSci
TW2795,U2795,2023-03-01,Sample tweet #AgriTech
TW2796,U2796,2023-11-10,Sample tweet #AgriTech
TW2797,U2797,2023-12-29,Sample tweet #DataSci
TW2798,U2798,2023-06-08,Sample tweet #DataSci
TW2799,U2799,2023-08-22,Sample tweet #SQL
TW2800,U2800,2023-06-06,Sample tweet #DataSci
TW2801,U2801,2023-01-20,Sample tweet #DataSci
TW2802,U2802,2023-10-16,Sample tweet #DataSci
TW2803,U2803,2023-10-18,Sample tweet #SQL
TW2804,U2804,2023-04-15,Sample tweet #DataSci
TW2805,U2805,2023-04-20,Sample tweet #DataSci
TW2806,U2806,2023-04-10,Sample tweet #AgriTech
TW2807,U2807,2023-02-16,Sample tweet #AgriTech
TW2808,U2808,2023-01-23,Sample tweet #DataSci
TW2809,U2809,2023-10-20,Sample tweet #Analytics
TW2810,U2810,2023-08-15,Sample tweet #DataSci
TW2811,U2811,2023-01-06,Sample tweet #Analytics
TW2812,U2812,2023-10-27,Sample tweet #Analytics
TW2813,U2813,2023-06-12,Sample tweet #AgriTech
TW2814,U2814,2023-04-06,Sample tweet #SQL
TW2815,U2815,2023-04-08,Sample tweet #Analytics
TW2816,U2816,2023-07-31,Sample tweet #AgriTech
TW2817,U2817,2023-07-31,Sample tweet #Analytics
TW2818,U2818,2023-02-26,Sample tweet #DataSci
TW2819,U2819,2023-07-25,Sample tweet #DataSci
TW2820,U2820,2023-04-13,Sample tweet #Analytics
TW2821,U2821,2023-08-05,Sample tweet #AgriTech
TW2822,U2822,2023-08-13,Sample tweet #AgriTech
TW2823,U2823,2023-03-11,Sample tweet #Analytics
TW2824,U2824,2023-09-13,Sample tweet #Analytics
TW2825,U2825,2023-01-13,Sample tweet #AgriTech
TW2826,U2826,2023-03-05,Sample tweet #SQL
TW2827,U2827,2023-01-22,Sample tweet #SQL
TW2828,U2828,2023-09-20,Sample tweet #SQL
TW2829,U2829,2023-08-02,Sample tweet #Analytics
TW2830,U2830,2023-01-24,Sample tweet #SQL
TW2831,U2831,2023-11-01,Sample tweet #DataSci
TW2832,U2832,2023-04-15,Sample tweet #AgriTech
TW2833,U2833,2023-09-09,Sample tweet #SQL
TW2834,U2834,2023-07-13,Sample tweet #SQL
TW2835,U2835,2023-07-16,Sample tweet #AgriTech
TW2836,U2836,2023-03-16,Sample tweet #AgriTech
TW2837,U2837,2023-08-08,Sample tweet #SQL
TW2838,U2838,2023-07-07,Sample tweet #Analytics
TW2839,U2839,2023-01-07,Sample tweet #SQL
TW2840,U2840,2023-01-21,Sample tweet #AgriTech
TW2841,U2841,2023-07-13,Sample tweet #AgriTech
TW2842,U2842,2023-07-10,Sample tweet #AgriTech
TW2843,U2843,2023-04-26,Sample tweet #AgriTech
TW2844,U2844,2023-09-19,Sample tweet #SQL
TW2845,U2845,2023-03-09,Sample tweet #Analytics
TW2846,U2846,2023-03-07,Sample tweet #DataSci
TW2847,U2847,2023-05-20,Sample tweet #Analytics
TW2848,U2848,2023-04-17,Sample tweet #SQL
TW2849,U2849,2023-11-14,Sample tweet #Analytics
TW2850,U2850,2023-07-02,Sample tweet #DataSci
TW2851,U2851,2023-11-07,Sample tweet #DataSci
TW2852,U2852,2023-05-07,Sample tweet #Analytics
TW2853,U2853,2023-04-23,Sample tweet #Analytics
TW2854,U2854,2023-03-04,Sample tweet #DataSci
TW2855,U2855,2023-10-01,Sample tweet #AgriTech
TW2856,U2856,2023-01-12,Sample tweet #DataSci
TW2857,U2857,2023-06-15,Sample tweet #AgriTech
TW2858,U2858,2023-02-12,Sample tweet #Analytics
TW2859,U2859,2023-02-07,Sample tweet #Analytics
TW2860,U2860,2023-07-04,Sample tweet #DataSci
TW2861,U2861,2023-06-18,Sample tweet #Analytics
TW2862,U2862,2023-01-07,Sample tweet #DataSci
TW2863,U2863,2023-06-19,Sample tweet #SQL
TW2864,U2864,2023-06-25,Sample tweet #Analytics
TW2865,U2865,2023-03-29,Sample tweet #Analytics
TW2866,U2866,2023-08-18,Sample tweet #DataSci
TW2867,U2867,2023-12-19,Sample tweet #DataSci
TW2868,U2868,2023-10-03,Sample tweet #SQL
TW2869,U2869,2023-01-05,Sample tweet #DataSci
TW2870,U2870,2023-06-22,Sample tweet #SQL
TW2871,U2871,2023-06-30,Sample tweet #DataSci
TW2872,U2872,2023-11-14,Sample tweet #AgriTech
TW2873,U2873,2023-08-06,Sample tweet #DataSci
TW2874,U2874,2023-06-15,Sample tweet #SQL
TW2875,U2875,2023-12-20,Sample tweet #AgriTech
TW2876,U2876,2023-02-27,Sample tweet #DataSci
TW2877,U2877,2023-03-29,Sample tweet #SQL
TW2878,U2878,2023-10-07,Sample tweet #Analytics
TW2879,U2879,2023-04-28,Sample tweet #AgriTech
TW2880,U2880,2023-09-24,Sample tweet #AgriTech
TW2881,U2881,2023-09-28,Sample tweet #AgriTech
TW2882,U2882,2023-05-08,Sample tweet #DataSci
TW2883,U2883,2023-11-28,Sample tweet #AgriTech
TW2884,U2884,2023-03-28,Sample tweet #SQL
TW2885,U2885,2023-04-13,Sample tweet #SQL
TW2886,U2886,2023-06-06,Sample tweet #AgriTech
TW2887,U2887,2023-02-25,Sample tweet #DataSci
TW2888,U2888,2023-10-30,Sample tweet #Analytics
TW2889,U2889,2023-03-30,Sample tweet #DataSci
TW2890,U2890,2023-07-28,Sample tweet #AgriTech
TW2891,U2891,2023-06-16,Sample tweet #SQL
TW2892,U2892,2023-05-14,Sample tweet #DataSci
TW2893,U2893,2023-10-10,Sample tweet #Analytics
TW2894,U2894,2023-09-18,Sample tweet #AgriTech
TW2895,U2895,2023-01-15,Sample tweet #DataSci
TW2896,U2896,2023-07-08,Sample tweet #Analytics
TW2897,U2897,2023-09-12,Sample tweet #DataSci
TW2898,U2898,2023-08-26,Sample tweet #DataSci
TW2899,U2899,2023-04-17,Sample tweet #DataSci
TW2900,U2900,2023-12-26,Sample tweet #DataSci
TW2901,U2901,2023-05-20,Sample tweet #AgriTech
TW2902,U2902,2023-05-18,Sample tweet #AgriTech
TW2903,U2903,2023-09-01,Sample tweet #AgriTech
TW2904,U2904,2023-03-14,Sample tweet #AgriTech
TW2905,U2905,2023-12-14,Sample tweet #AgriTech
TW2906,U2906,2023-07-04,Sample tweet #SQL
TW2907,U2907,2023-02-02,Sample tweet #DataSci
TW2908,U2908,2023-03-17,Sample tweet #Analytics
TW2909,U2909,2023-08-25,Sample tweet #Analytics
TW2910,U2910,2023-06-08,Sample tweet #SQL
TW2911,U2911,2023-03-07,Sample tweet #SQL
TW2912,U2912,2023-02-18,Sample tweet #AgriTech
TW2913,U2913,2023-07-06,Sample tweet #AgriTech
TW2914,U2914,2023-07-13,Sample tweet #AgriTech
TW2915,U2915,2023-11-04,Sample tweet #DataSci
TW2916,U2916,2023-04-29,Sample tweet #Analytics
TW2917,U2917,2023-03-27,Sample tweet #AgriTech
TW2918,U2918,2023-01-30,Sample tweet #DataSci
TW2919,U2919,2023-08-19,Sample tweet #SQL
TW2920,U2920,2023-12-16,Sample tweet #DataSci
TW2921,U2921,2023-09-04,Sample tweet #SQL
TW2922,U2922,2023-05-19,Sample tweet #DataSci
TW2923,U2923,2023-02-18,Sample tweet #DataSci
TW2924,U2924,2023-12-01,Sample tweet #SQL
TW2925,U2925,2023-10-09,Sample tweet #Analytics
TW2926,U2926,2023-06-15,Sample tweet #DataSci
TW2927,U2927,2023-09-27,Sample tweet #Analytics
TW2928,U2928,2023-05-22,Sample tweet #AgriTech
TW2929,U2929,2023-04-23,Sample tweet #Analytics
TW2930,U2930,2023-05-14,Sample tweet #DataSci
TW2931,U2931,2023-06-28,Sample tweet #AgriTech
TW2932,U2932,2023-04-20,Sample tweet #Analytics
TW2933,U2933,2023-03-23,Sample tweet #AgriTech
TW2934,U2934,2023-03-13,Sample tweet #AgriTech
TW2935,U2935,2023-02-26,Sample tweet #Analytics
TW2936,U2936,2023-01-05,Sample tweet #AgriTech
TW2937,U2937,2023-09-18,Sample tweet #SQL
TW2938,U2938,2023-03-24,Sample tweet #SQL
TW2939,U2939,2023-11-10,Sample tweet #AgriTech
TW2940,U2940,2023-03-02,Sample tweet #DataSci
TW2941,U2941,2023-03-22,Sample tweet #AgriTech
TW2942,U2942,2023-01-24,Sample tweet #SQL
TW2943,U2943,2023-12-19,Sample tweet #SQL
TW2944,U2944,2023-07-04,Sample tweet #DataSci
TW2945,U2945,2023-10-25,Sample tweet #SQL
TW2946,U2946,2023-09-01,Sample tweet #AgriTech
TW2947,U2947,2023-08-08,Sample tweet #AgriTech
TW2948,U2948,2023-01-17,Sample tweet #SQL
TW2949,U2949,2023-06-12,Sample tweet #Analytics
TW2950,U2950,2023-04-20,Sample tweet #AgriTech
TW2951,U2951,2023-11-29,Sample tweet #DataSci
TW2952,U2952,2023-05-05,Sample tweet #DataSci
TW2953,U2953,2023-04-05,Sample tweet #AgriTech
TW2954,U2954,2023-03-19,Sample tweet #DataSci
TW2955,U2955,2023-01-02,Sample tweet #Analytics
TW2956,U2956,2023-05-23,Sample tweet #DataSci
TW2957,U2957,2023-06-18,Sample tweet #SQL
TW2958,U2958,2023-01-31,Sample tweet #DataSci
TW2959,U2959,2023-08-16,Sample tweet #AgriTech
TW2960,U2960,2023-01-13,Sample tweet #Analytics
TW2961,U2961,2023-01-31,Sample tweet #SQL
TW2962,U2962,2023-07-08,Sample tweet #DataSci
TW2963,U2963,2023-04-21,Sample tweet #AgriTech
TW2964,U2964,2023-11-12,Sample tweet #AgriTech
TW2965,U2965,2023-01-13,Sample tweet #Analytics
TW2966,U2966,2023-05-04,Sample tweet #AgriTech
TW2967,U2967,2023-01-18,Sample tweet #Analytics
TW2968,U2968,2023-05-27,Sample tweet #AgriTech
TW2969,U2969,2023-04-11,Sample tweet #SQL
TW2970,U2970,2023-07-28,Sample tweet #SQL
TW2971,U2971,2023-06-24,Sample tweet #DataSci
TW2972,U2972,2023-03-07,Sample tweet #Analytics
TW2973,U2973,2023-10-21,Sample tweet #DataSci
TW2974,U2974,2023-08-23,Sample tweet #Analytics
TW2975,U2975,2023-08-03,Sample tweet #DataSci
TW2976,U2976,2023-01-06,Sample tweet #SQL
TW2977,U2977,2023-10-11,Sample tweet #AgriTech
TW2978,U2978,2023-10-15,Sample tweet #SQL
TW2979,U2979,2023-07-16,Sample tweet #Analytics
TW2980,U2980,2023-09-07,Sample tweet #SQL
TW2981,U2981,2023-04-10,Sample tweet #DataSci
TW2982,U2982,2023-10-16,Sample tweet #Analytics
TW2983,U2983,2023-10-29,Sample tweet #SQL
TW2984,U2984,2023-11-07,Sample tweet #Analytics
TW2985,U2985,2023-06-09,Sample tweet #Analytics
TW2986,U2986,2023-09-14,Sample tweet #SQL
TW2987,U2987,2023-10-31,Sample tweet #SQL
TW2988,U2988,2023-02-03,Sample tweet #DataSci
TW2989,U2989,2023-10-08,Sample tweet #SQL
TW2990,U2990,2023-08-06,Sample tweet #AgriTech
TW2991,U2991,2023-03-08,Sample tweet #SQL
TW2992,U2992,2023-05-12,Sample tweet #AgriTech
TW2993,U2993,2023-01-25,Sample tweet #Analytics
TW2994,U2994,2023-01-27,Sample tweet #AgriTech
TW2995,U2995,2023-06-24,Sample tweet #DataSci
TW2996,U2996,2023-08-06,Sample tweet #AgriTech
TW2997,U2997,2024-01-01,Sample tweet #AgriTech
TW2998,U2998,2023-07-29,Sample tweet #Analytics
TW2999,U2999,2023-03-05,Sample tweet #Analytics
TW3000,U3000,2023-10-08,Sample tweet #SQL
TW3001,U3001,2023-10-31,Sample tweet #SQL
TW3002,U3002,2023-03-25,Sample tweet #DataSci
TW3003,U3003,2023-06-29,Sample tweet #DataSci
TW3004,U3004,2023-08-08,Sample tweet #SQL
TW3005,U3005,2023-08-31,Sample tweet #DataSci
TW3006,U3006,2023-02-10,Sample tweet #Analytics
TW3007,U3007,2023-03-19,Sample tweet #Analytics
TW3008,U3008,2023-06-21,Sample tweet #SQL
TW3009,U3009,2023-11-17,Sample tweet #SQL
TW3010,U3010,2023-03-20,Sample tweet #Analytics
TW3011,U3011,2023-09-02,Sample tweet #SQL
TW3012,U3012,2023-08-05,Sample tweet #Analytics
TW3013,U3013,2023-04-13,Sample tweet #AgriTech
TW3014,U3014,2023-04-27,Sample tweet #Analytics
TW3015,U3015,2023-05-24,Sample tweet #AgriTech
TW3016,U3016,2023-12-01,Sample tweet #DataSci
TW3017,U3017,2023-02-27,Sample tweet #SQL
TW3018,U3018,2023-07-23,Sample tweet #DataSci
TW3019,U3019,2023-03-13,Sample tweet #DataSci
TW3020,U3020,2023-06-23,Sample tweet #Analytics
TW3021,U3021,2023-06-30,Sample tweet #AgriTech
TW3022,U3022,2023-07-31,Sample tweet #AgriTech
TW3023,U3023,2023-06-15,Sample tweet #SQL
TW3024,U3024,2023-12-24,Sample tweet #SQL
TW3025,U3025,2023-05-18,Sample tweet #Analytics
TW3026,U3026,2023-12-24,Sample tweet #Analytics
TW3027,U3027,2023-03-12,Sample tweet #SQL
TW3028,U3028,2023-02-08,Sample tweet #Analytics
TW3029,U3029,2023-12-25,Sample tweet #Analytics
TW3030,U3030,2023-01-25,Sample tweet #AgriTech
TW3031,U3031,2023-01-16,Sample tweet #Analytics
TW3032,U3032,2023-10-10,Sample tweet #Analytics
TW3033,U3033,2023-06-02,Sample tweet #DataSci
TW3034,U3034,2023-08-06,Sample tweet #DataSci
TW3035,U3035,2023-07-06,Sample tweet #SQL
TW3036,U3036,2023-05-20,Sample tweet #DataSci
TW3037,U3037,2023-10-08,Sample tweet #DataSci
TW3038,U3038,2023-09-20,Sample tweet #SQL
TW3039,U3039,2023-11-30,Sample tweet #SQL
TW3040,U3040,2023-03-28,Sample tweet #SQL
TW3041,U3041,2023-06-09,Sample tweet #SQL
TW3042,U3042,2023-04-06,Sample tweet #SQL
TW3043,U3043,2023-02-24,Sample tweet #SQL
TW3044,U3044,2023-05-16,Sample tweet #AgriTech
TW3045,U3045,2023-02-15,Sample tweet #SQL
TW3046,U3046,2023-02-25,Sample tweet #DataSci
TW3047,U3047,2023-01-13,Sample tweet #AgriTech
TW3048,U3048,2023-07-12,Sample tweet #AgriTech
TW3049,U3049,2023-10-23,Sample tweet #AgriTech
TW3050,U3050,2023-02-17,Sample tweet #Analytics
TW3051,U3051,2023-02-01,Sample tweet #AgriTech
TW3052,U3052,2023-10-24,Sample tweet #SQL
TW3053,U3053,2023-02-01,Sample tweet #SQL
TW3054,U3054,2023-09-28,Sample tweet #SQL
TW3055,U3055,2023-10-06,Sample tweet #Analytics
TW3056,U3056,2023-06-14,Sample tweet #SQL
TW3057,U3057,2023-04-30,Sample tweet #DataSci
TW3058,U3058,2023-09-07,Sample tweet #SQL
TW3059,U3059,2023-07-13,Sample tweet #Analytics
TW3060,U3060,2023-03-27,Sample tweet #SQL
TW3061,U3061,2023-11-05,Sample tweet #DataSci
TW3062,U3062,2024-01-01,Sample tweet #Analytics
TW3063,U3063,2023-10-04,Sample tweet #DataSci
TW3064,U3064,2023-11-23,Sample tweet #Analytics
TW3065,U3065,2023-12-17,Sample tweet #SQL
TW3066,U3066,2023-03-16,Sample tweet #Analytics
TW3067,U3067,2023-12-22,Sample tweet #SQL
TW3068,U3068,2023-08-12,Sample tweet #Analytics
TW3069,U3069,2023-03-13,Sample tweet #SQL
TW3070,U3070,2023-04-12,Sample tweet #SQL
TW3071,U3071,2023-01-23,Sample tweet #AgriTech
TW3072,U3072,2023-02-17,Sample tweet #SQL
TW3073,U3073,2023-08-13,Sample tweet #SQL
TW3074,U3074,2023-11-30,Sample tweet #Analytics
TW3075,U3075,2023-12-06,Sample tweet #DataSci
TW3076,U3076,2023-06-07,Sample tweet #Analytics
TW3077,U3077,2023-09-13,Sample tweet #AgriTech
TW3078,U3078,2023-06-26,Sample tweet #SQL
TW3079,U3079,2023-01-22,Sample tweet #SQL
TW3080,U3080,2023-07-06,Sample tweet #DataSci
TW3081,U3081,2023-10-08,Sample tweet #AgriTech
TW3082,U3082,2023-04-26,Sample tweet #DataSci
TW3083,U3083,2023-05-16,Sample tweet #Analytics
TW3084,U3084,2023-12-19,Sample tweet #SQL
TW3085,U3085,2023-03-17,Sample tweet #DataSci
TW3086,U3086,2023-09-19,Sample tweet #SQL
TW3087,U3087,2023-11-01,Sample tweet #AgriTech
TW3088,U3088,2023-12-10,Sample tweet #AgriTech
TW3089,U3089,2023-02-28,Sample tweet #DataSci
TW3090,U3090,2023-11-14,Sample tweet #AgriTech
TW3091,U3091,2023-07-20,Sample tweet #Analytics
TW3092,U3092,2023-09-10,Sample tweet #SQL
TW3093,U3093,2023-03-25,Sample tweet #SQL
TW3094,U3094,2023-09-19,Sample tweet #SQL
TW3095,U3095,2023-12-04,Sample tweet #AgriTech
TW3096,U3096,2023-09-25,Sample tweet #DataSci
TW3097,U3097,2023-06-24,Sample tweet #AgriTech
TW3098,U3098,2023-01-22,Sample tweet #DataSci
TW3099,U3099,2023-08-06,Sample tweet #DataSci
TW3100,U3100,2023-06-10,Sample tweet #AgriTech
TW3101,U3101,2023-03-03,Sample tweet #SQL
TW3102,U3102,2023-05-21,Sample tweet #SQL
TW3103,U3103,2023-05-10,Sample tweet #SQL
TW3104,U3104,2023-10-13,Sample tweet #AgriTech
TW3105,U3105,2023-06-18,Sample tweet #DataSci
TW3106,U3106,2023-06-07,Sample tweet #AgriTech
TW3107,U3107,2023-02-06,Sample tweet #DataSci
TW3108,U3108,2023-11-08,Sample tweet #AgriTech
TW3109,U3109,2023-07-26,Sample tweet #Analytics
TW3110,U3110,2023-12-09,Sample tweet #AgriTech
TW3111,U3111,2023-07-15,Sample tweet #SQL
TW3112,U3112,2023-03-04,Sample tweet #AgriTech
TW3113,U3113,2023-07-19,Sample tweet #DataSci
TW3114,U3114,2023-11-30,Sample tweet #SQL
TW3115,U3115,2023-07-02,Sample tweet #DataSci
TW3116,U3116,2023-06-22,Sample tweet #Analytics
TW3117,U3117,2023-02-27,Sample tweet #DataSci
TW3118,U3118,2023-04-24,Sample tweet #DataSci
TW3119,U3119,2023-10-16,Sample tweet #AgriTech
TW3120,U3120,2023-09-23,Sample tweet #SQL
TW3121,U3121,2023-09-21,Sample tweet #AgriTech
TW3122,U3122,2023-05-06,Sample tweet #DataSci
TW3123,U3123,2023-11-06,Sample tweet #AgriTech
TW3124,U3124,2023-08-03,Sample tweet #SQL
TW3125,U3125,2023-07-09,Sample tweet #AgriTech
TW3126,U3126,2023-03-10,Sample tweet #SQL
TW3127,U3127,2023-04-29,Sample tweet #Analytics
TW3128,U3128,2023-04-09,Sample tweet #SQL
TW3129,U3129,2023-09-01,Sample tweet #DataSci
TW3130,U3130,2023-01-17,Sample tweet #DataSci
TW3131,U3131,2023-12-05,Sample tweet #SQL
TW3132,U3132,2023-09-11,Sample tweet #DataSci
TW3133,U3133,2023-10-17,Sample tweet #Analytics
TW3134,U3134,2023-12-27,Sample tweet #AgriTech
TW3135,U3135,2023-11-09,Sample tweet #DataSci
TW3136,U3136,2023-11-01,Sample tweet #AgriTech
TW3137,U3137,2023-11-25,Sample tweet #DataSci
TW3138,U3138,2023-12-06,Sample tweet #DataSci
TW3139,U3139,2023-01-14,Sample tweet #SQL
TW3140,U3140,2023-04-24,Sample tweet #AgriTech
TW3141,U3141,2023-03-24,Sample tweet #DataSci
TW3142,U3142,2023-11-14,Sample tweet #Analytics
TW3143,U3143,2023-05-01,Sample tweet #Analytics
TW3144,U3144,2023-09-08,Sample tweet #Analytics
TW3145,U3145,2023-10-28,Sample tweet #SQL
TW3146,U3146,2023-04-07,Sample tweet #Analytics
TW3147,U3147,2023-04-24,Sample tweet #Analytics
TW3148,U3148,2023-02-23,Sample tweet #Analytics
TW3149,U3149,2023-07-11,Sample tweet #Analytics
TW3150,U3150,2023-06-26,Sample tweet #AgriTech
TW3151,U3151,2023-04-27,Sample tweet #SQL
TW3152,U3152,2023-11-03,Sample tweet #DataSci
TW3153,U3153,2023-06-12,Sample tweet #SQL
TW3154,U3154,2023-04-04,Sample tweet #AgriTech
TW3155,U3155,2023-03-22,Sample tweet #DataSci
TW3156,U3156,2023-03-27,Sample tweet #Analytics
TW3157,U3157,2023-10-17,Sample tweet #SQL
TW3158,U3158,2023-12-01,Sample tweet #DataSci
TW3159,U3159,2023-04-13,Sample tweet #AgriTech
TW3160,U3160,2023-04-17,Sample tweet #AgriTech
TW3161,U3161,2023-10-18,Sample tweet #SQL
TW3162,U3162,2023-12-06,Sample tweet #DataSci
TW3163,U3163,2023-05-15,Sample tweet #Analytics
TW3164,U3164,2023-03-10,Sample tweet #SQL
TW3165,U3165,2023-10-22,Sample tweet #SQL
TW3166,U3166,2023-08-08,Sample tweet #DataSci
TW3167,U3167,2023-12-01,Sample tweet #AgriTech
TW3168,U3168,2023-02-22,Sample tweet #SQL
TW3169,U3169,2023-04-03,Sample tweet #Analytics
TW3170,U3170,2023-09-26,Sample tweet #Analytics
TW3171,U3171,2023-09-30,Sample tweet #AgriTech
TW3172,U3172,2023-03-24,Sample tweet #AgriTech
TW3173,U3173,2023-05-31,Sample tweet #AgriTech
TW3174,U3174,2023-08-06,Sample tweet #AgriTech
TW3175,U3175,2023-03-15,Sample tweet #DataSci
TW3176,U3176,2023-01-29,Sample tweet #Analytics
TW3177,U3177,2023-08-31,Sample tweet #DataSci
TW3178,U3178,2023-05-11,Sample tweet #SQL
TW3179,U3179,2023-09-19,Sample tweet #AgriTech
TW3180,U3180,2023-11-29,Sample tweet #Analytics
TW3181,U3181,2023-04-05,Sample tweet #DataSci
TW3182,U3182,2023-08-22,Sample tweet #AgriTech
TW3183,U3183,2023-02-10,Sample tweet #SQL
TW3184,U3184,2023-05-20,Sample tweet #AgriTech
TW3185,U3185,2023-12-27,Sample tweet #SQL
TW3186,U3186,2023-01-29,Sample tweet #DataSci
TW3187,U3187,2023-12-21,Sample tweet #SQL
TW3188,U3188,2023-08-14,Sample tweet #AgriTech
TW3189,U3189,2023-12-14,Sample tweet #AgriTech
TW3190,U3190,2023-08-26,Sample tweet #SQL
TW3191,U3191,2023-05-12,Sample tweet #AgriTech
TW3192,U3192,2023-10-06,Sample tweet #DataSci
TW3193,U3193,2023-01-27,Sample tweet #AgriTech
TW3194,U3194,2023-01-28,Sample tweet #Analytics
TW3195,U3195,2023-01-13,Sample tweet #Analytics
TW3196,U3196,2023-01-23,Sample tweet #SQL
TW3197,U3197,2023-04-07,Sample tweet #AgriTech
TW3198,U3198,2023-05-14,Sample tweet #AgriTech
TW3199,U3199,2023-05-29,Sample tweet #Analytics
TW3200,U3200,2023-10-07,Sample tweet #AgriTech
TW3201,U3201,2023-01-06,Sample tweet #AgriTech
TW3202,U3202,2023-06-13,Sample tweet #AgriTech
TW3203,U3203,2023-03-18,Sample tweet #Analytics
TW3204,U3204,2023-09-07,Sample tweet #SQL
TW3205,U3205,2023-12-17,Sample tweet #SQL
TW3206,U3206,2023-02-02,Sample tweet #DataSci
TW3207,U3207,2023-06-30,Sample tweet #SQL
TW3208,U3208,2023-11-05,Sample tweet #AgriTech
TW3209,U3209,2023-03-17,Sample tweet #Analytics
TW3210,U3210,2023-11-18,Sample tweet #DataSci
TW3211,U3211,2023-08-15,Sample tweet #DataSci
TW3212,U3212,2023-06-24,Sample tweet #DataSci
TW3213,U3213,2023-12-12,Sample tweet #AgriTech
TW3214,U3214,2023-08-23,Sample tweet #DataSci
TW3215,U3215,2023-09-28,Sample tweet #AgriTech
TW3216,U3216,2023-07-05,Sample tweet #AgriTech
TW3217,U3217,2023-12-06,Sample tweet #Analytics
TW3218,U3218,2023-06-07,Sample tweet #AgriTech
TW3219,U3219,2023-11-06,Sample tweet #AgriTech
TW3220,U3220,2023-02-12,Sample tweet #SQL
TW3221,U3221,2023-11-28,Sample tweet #DataSci
TW3222,U3222,2023-08-21,Sample tweet #SQL
TW3223,U3223,2023-11-24,Sample tweet #AgriTech
TW3224,U3224,2023-12-02,Sample tweet #AgriTech
TW3225,U3225,2023-08-26,Sample tweet #SQL
TW3226,U3226,2023-05-11,Sample tweet #AgriTech
TW3227,U3227,2023-07-19,Sample tweet #SQL
TW3228,U3228,2023-12-01,Sample tweet #SQL
TW3229,U3229,2023-10-25,Sample tweet #DataSci
TW3230,U3230,2023-04-16,Sample tweet #SQL
TW3231,U3231,2023-01-04,Sample tweet #SQL
TW3232,U3232,2023-04-05,Sample tweet #AgriTech
TW3233,U3233,2023-04-01,Sample tweet #SQL
TW3234,U3234,2023-01-26,Sample tweet #Analytics
TW3235,U3235,2023-11-16,Sample tweet #Analytics
TW3236,U3236,2023-10-29,Sample tweet #AgriTech
TW3237,U3237,2023-05-23,Sample tweet #AgriTech
TW3238,U3238,2023-08-28,Sample tweet #DataSci
TW3239,U3239,2023-05-13,Sample tweet #SQL
TW3240,U3240,2023-09-01,Sample tweet #SQL
TW3241,U3241,2023-10-08,Sample tweet #SQL
TW3242,U3242,2023-10-02,Sample tweet #AgriTech
TW3243,U3243,2023-02-16,Sample tweet #SQL
TW3244,U3244,2023-01-14,Sample tweet #Analytics
TW3245,U3245,2023-08-16,Sample tweet #SQL
TW3246,U3246,2023-10-15,Sample tweet #AgriTech
TW3247,U3247,2023-07-01,Sample tweet #DataSci
TW3248,U3248,2023-05-11,Sample tweet #SQL
TW3249,U3249,2023-04-03,Sample tweet #Analytics
TW3250,U3250,2023-12-08,Sample tweet #AgriTech
TW3251,U3251,2023-05-16,Sample tweet #AgriTech
TW3252,U3252,2023-12-17,Sample tweet #SQL
TW3253,U3253,2023-12-28,Sample tweet #Analytics
TW3254,U3254,2023-10-20,Sample tweet #SQL
TW3255,U3255,2023-05-06,Sample tweet #SQL
TW3256,U3256,2023-08-02,Sample tweet #SQL
TW3257,U3257,2023-06-10,Sample tweet #DataSci
TW3258,U3258,2023-03-20,Sample tweet #SQL
TW3259,U3259,2023-10-04,Sample tweet #SQL
TW3260,U3260,2023-02-04,Sample tweet #AgriTech
TW3261,U3261,2023-09-02,Sample tweet #Analytics
TW3262,U3262,2023-12-01,Sample tweet #Analytics
TW3263,U3263,2023-05-30,Sample tweet #AgriTech
TW3264,U3264,2023-10-22,Sample tweet #Analytics
TW3265,U3265,2023-10-05,Sample tweet #Analytics
TW3266,U3266,2023-09-22,Sample tweet #DataSci
TW3267,U3267,2023-09-29,Sample tweet #DataSci
TW3268,U3268,2023-06-02,Sample tweet #SQL
TW3269,U3269,2023-02-28,Sample tweet #DataSci
TW3270,U3270,2023-12-26,Sample tweet #DataSci
TW3271,U3271,2023-12-02,Sample tweet #SQL
TW3272,U3272,2023-05-03,Sample tweet #DataSci
TW3273,U3273,2023-07-17,Sample tweet #Analytics
TW3274,U3274,2023-01-28,Sample tweet #AgriTech
TW3275,U3275,2023-09-02,Sample tweet #AgriTech
TW3276,U3276,2023-12-12,Sample tweet #AgriTech
TW3277,U3277,2023-12-10,Sample tweet #AgriTech
TW3278,U3278,2023-12-01,Sample tweet #AgriTech
TW3279,U3279,2023-03-18,Sample tweet #SQL
TW3280,U3280,2023-06-07,Sample tweet #Analytics
TW3281,U3281,2023-03-16,Sample tweet #Analytics
TW3282,U3282,2023-12-11,Sample tweet #DataSci
TW3283,U3283,2023-08-10,Sample tweet #SQL
TW3284,U3284,2023-05-21,Sample tweet #DataSci
TW3285,U3285,2023-03-15,Sample tweet #SQL
TW3286,U3286,2023-08-15,Sample tweet #Analytics
TW3287,U3287,2023-05-31,Sample tweet #Analytics
TW3288,U3288,2024-01-01,Sample tweet #DataSci
TW3289,U3289,2023-12-02,Sample tweet #SQL
TW3290,U3290,2023-01-06,Sample tweet #SQL
TW3291,U3291,2023-05-06,Sample tweet #DataSci
TW3292,U3292,2023-01-28,Sample tweet #Analytics
TW3293,U3293,2023-01-24,Sample tweet #DataSci
TW3294,U3294,2023-11-16,Sample tweet #Analytics
TW3295,U3295,2023-05-05,Sample tweet #AgriTech
TW3296,U3296,2023-03-20,Sample tweet #DataSci
TW3297,U3297,2023-02-07,Sample tweet #SQL
TW3298,U3298,2023-08-31,Sample tweet #Analytics
TW3299,U3299,2023-01-18,Sample tweet #AgriTech
TW3300,U3300,2023-06-02,Sample tweet #DataSci
TW3301,U3301,2023-09-18,Sample tweet #Analytics
TW3302,U3302,2023-02-04,Sample tweet #AgriTech
TW3303,U3303,2023-01-16,Sample tweet #DataSci
TW3304,U3304,2023-09-19,Sample tweet #DataSci
TW3305,U3305,2023-09-11,Sample tweet #SQL
TW3306,U3306,2023-11-11,Sample tweet #Analytics
TW3307,U3307,2023-10-01,Sample tweet #Analytics
TW3308,U3308,2023-05-13,Sample tweet #Analytics
TW3309,U3309,2023-12-30,Sample tweet #DataSci
TW3310,U3310,2023-02-22,Sample tweet #AgriTech
TW3311,U3311,2023-09-04,Sample tweet #Analytics
TW3312,U3312,2023-02-21,Sample tweet #AgriTech
TW3313,U3313,2023-11-25,Sample tweet #AgriTech
TW3314,U3314,2023-11-17,Sample tweet #AgriTech
TW3315,U3315,2023-03-08,Sample tweet #AgriTech
TW3316,U3316,2023-11-02,Sample tweet #SQL
TW3317,U3317,2023-01-08,Sample tweet #DataSci
TW3318,U3318,2023-08-19,Sample tweet #DataSci
TW3319,U3319,2023-05-23,Sample tweet #Analytics
TW3320,U3320,2023-08-21,Sample tweet #DataSci
TW3321,U3321,2023-02-17,Sample tweet #SQL
TW3322,U3322,2023-04-11,Sample tweet #DataSci
TW3323,U3323,2023-01-24,Sample tweet #DataSci
TW3324,U3324,2023-12-16,Sample tweet #DataSci
TW3325,U3325,2023-01-16,Sample tweet #AgriTech
TW3326,U3326,2023-12-03,Sample tweet #SQL
TW3327,U3327,2023-04-21,Sample tweet #AgriTech
TW3328,U3328,2023-06-11,Sample tweet #SQL
TW3329,U3329,2023-10-29,Sample tweet #SQL
TW3330,U3330,2023-06-26,Sample tweet #AgriTech
TW3331,U3331,2023-09-03,Sample tweet #Analytics
TW3332,U3332,2023-12-27,Sample tweet #SQL
TW3333,U3333,2023-08-20,Sample tweet #DataSci
TW3334,U3334,2023-09-10,Sample tweet #AgriTech
TW3335,U3335,2023-06-16,Sample tweet #AgriTech
TW3336,U3336,2023-06-16,Sample tweet #DataSci
TW3337,U3337,2023-09-06,Sample tweet #Analytics
TW3338,U3338,2023-06-22,Sample tweet #SQL
TW3339,U3339,2023-04-10,Sample tweet #Analytics
TW3340,U3340,2023-12-08,Sample tweet #DataSci
TW3341,U3341,2023-03-15,Sample tweet #Analytics
TW3342,U3342,2023-05-09,Sample tweet #AgriTech
TW3343,U3343,2023-10-27,Sample tweet #SQL
TW3344,U3344,2023-07-28,Sample tweet #Analytics
TW3345,U3345,2023-10-10,Sample tweet #DataSci
TW3346,U3346,2023-05-29,Sample tweet #Analytics
TW3347,U3347,2023-08-27,Sample tweet #SQL
TW3348,U3348,2023-09-10,Sample tweet #AgriTech
TW3349,U3349,2023-11-04,Sample tweet #AgriTech
TW3350,U3350,2023-06-15,Sample tweet #SQL
TW3351,U3351,2023-08-29,Sample tweet #Analytics
TW3352,U3352,2023-11-05,Sample tweet #AgriTech
TW3353,U3353,2023-08-23,Sample tweet #DataSci
TW3354,U3354,2023-02-11,Sample tweet #DataSci
TW3355,U3355,2023-06-21,Sample tweet #AgriTech
TW3356,U3356,2023-10-27,Sample tweet #DataSci
TW3357,U3357,2023-10-09,Sample tweet #SQL
TW3358,U3358,2023-08-06,Sample tweet #SQL
TW3359,U3359,2023-07-20,Sample tweet #Analytics
TW3360,U3360,2023-07-14,Sample tweet #Analytics
TW3361,U3361,2023-05-15,Sample tweet #AgriTech
TW3362,U3362,2023-04-10,Sample tweet #Analytics
TW3363,U3363,2023-01-30,Sample tweet #Analytics
TW3364,U3364,2023-10-23,Sample tweet #Analytics
TW3365,U3365,2023-02-25,Sample tweet #SQL
TW3366,U3366,2023-01-14,Sample tweet #SQL
TW3367,U3367,2023-08-23,Sample tweet #Analytics
TW3368,U3368,2023-03-13,Sample tweet #AgriTech
TW3369,U3369,2023-07-02,Sample tweet #Analytics
TW3370,U3370,2023-02-03,Sample tweet #DataSci
TW3371,U3371,2023-12-20,Sample tweet #DataSci
TW3372,U3372,2023-07-20,Sample tweet #SQL
TW3373,U3373,2023-06-27,Sample tweet #AgriTech
TW3374,U3374,2023-12-05,Sample tweet #AgriTech
TW3375,U3375,2023-02-24,Sample tweet #SQL
TW3376,U3376,2023-12-19,Sample tweet #DataSci
TW3377,U3377,2023-03-12,Sample tweet #AgriTech
TW3378,U3378,2023-10-06,Sample tweet #DataSci
TW3379,U3379,2023-01-07,Sample tweet #AgriTech
TW3380,U3380,2023-07-18,Sample tweet #AgriTech
TW3381,U3381,2023-10-20,Sample tweet #DataSci
TW3382,U3382,2023-09-24,Sample tweet #DataSci
TW3383,U3383,2023-11-30,Sample tweet #SQL
TW3384,U3384,2023-04-01,Sample tweet #DataSci
TW3385,U3385,2023-10-08,Sample tweet #AgriTech
TW3386,U3386,2023-07-10,Sample tweet #DataSci
TW3387,U3387,2023-04-18,Sample tweet #DataSci
TW3388,U3388,2023-09-20,Sample tweet #SQL
TW3389,U3389,2023-10-29,Sample tweet #Analytics
TW3390,U3390,2023-05-05,Sample tweet #AgriTech
TW3391,U3391,2023-08-31,Sample tweet #DataSci
TW3392,U3392,2023-10-25,Sample tweet #Analytics
TW3393,U3393,2023-11-21,Sample tweet #AgriTech
TW3394,U3394,2023-09-09,Sample tweet #SQL
TW3395,U3395,2023-02-12,Sample tweet #SQL
TW3396,U3396,2023-09-18,Sample tweet #Analytics
TW3397,U3397,2023-05-06,Sample tweet #DataSci
TW3398,U3398,2023-07-27,Sample tweet #AgriTech
TW3399,U3399,2023-03-12,Sample tweet #DataSci
TW3400,U3400,2023-05-22,Sample tweet #Analytics
TW3401,U3401,2023-09-25,Sample tweet #DataSci
TW3402,U3402,2023-08-31,Sample tweet #AgriTech
TW3403,U3403,2023-07-22,Sample tweet #Analytics
TW3404,U3404,2023-12-06,Sample tweet #SQL
TW3405,U3405,2023-08-31,Sample tweet #SQL
TW3406,U3406,2023-12-28,Sample tweet #SQL
TW3407,U3407,2023-11-28,Sample tweet #DataSci
TW3408,U3408,2023-05-23,Sample tweet #Analytics
TW3409,U3409,2023-05-28,Sample tweet #SQL
TW3410,U3410,2023-08-20,Sample tweet #SQL
TW3411,U3411,2023-04-10,Sample tweet #SQL
TW3412,U3412,2023-04-26,Sample tweet #DataSci
TW3413,U3413,2023-05-21,Sample tweet #Analytics
TW3414,U3414,2023-11-30,Sample tweet #DataSci
TW3415,U3415,2023-10-27,Sample tweet #AgriTech
TW3416,U3416,2023-07-29,Sample tweet #Analytics
TW3417,U3417,2023-12-13,Sample tweet #Analytics
TW3418,U3418,2023-11-21,Sample tweet #SQL
TW3419,U3419,2023-03-07,Sample tweet #Analytics
TW3420,U3420,2023-09-26,Sample tweet #DataSci
TW3421,U3421,2023-07-25,Sample tweet #AgriTech
TW3422,U3422,2023-10-07,Sample tweet #Analytics
TW3423,U3423,2023-03-25,Sample tweet #SQL
TW3424,U3424,2023-05-11,Sample tweet #DataSci
TW3425,U3425,2023-08-22,Sample tweet #Analytics
TW3426,U3426,2023-03-21,Sample tweet #Analytics
TW3427,U3427,2023-01-10,Sample tweet #SQL
TW3428,U3428,2023-01-30,Sample tweet #Analytics
TW3429,U3429,2023-04-05,Sample tweet #AgriTech
TW3430,U3430,2023-01-05,Sample tweet #DataSci
TW3431,U3431,2023-05-12,Sample tweet #DataSci
TW3432,U3432,2023-05-07,Sample tweet #AgriTech
TW3433,U3433,2023-05-28,Sample tweet #DataSci
TW3434,U3434,2023-02-05,Sample tweet #SQL
TW3435,U3435,2023-10-12,Sample tweet #SQL
TW3436,U3436,2023-12-08,Sample tweet #Analytics
TW3437,U3437,2023-04-25,Sample tweet #DataSci
TW3438,U3438,2023-10-30,Sample tweet #AgriTech
TW3439,U3439,2023-03-21,Sample tweet #AgriTech
TW3440,U3440,2023-01-11,Sample tweet #AgriTech
TW3441,U3441,2023-10-18,Sample tweet #SQL
TW3442,U3442,2023-01-20,Sample tweet #AgriTech
TW3443,U3443,2023-09-01,Sample tweet #DataSci
TW3444,U3444,2023-11-04,Sample tweet #Analytics
TW3445,U3445,2023-03-27,Sample tweet #DataSci
TW3446,U3446,2023-06-08,Sample tweet #AgriTech
TW3447,U3447,2023-04-12,Sample tweet #AgriTech
TW3448,U3448,2023-09-26,Sample tweet #SQL
TW3449,U3449,2023-05-09,Sample tweet #DataSci
TW3450,U3450,2023-03-04,Sample tweet #AgriTech
TW3451,U3451,2023-05-13,Sample tweet #DataSci
TW3452,U3452,2023-10-15,Sample tweet #DataSci
TW3453,U3453,2023-01-19,Sample tweet #Analytics
TW3454,U3454,2023-01-13,Sample tweet #AgriTech
TW3455,U3455,2023-11-11,Sample tweet #Analytics
TW3456,U3456,2023-04-10,Sample tweet #Analytics
TW3457,U3457,2023-07-23,Sample tweet #SQL
TW3458,U3458,2023-09-13,Sample tweet #DataSci
TW3459,U3459,2023-05-18,Sample tweet #SQL
TW3460,U3460,2023-11-28,Sample tweet #AgriTech
TW3461,U3461,2023-09-08,Sample tweet #SQL
TW3462,U3462,2023-03-23,Sample tweet #AgriTech
TW3463,U3463,2023-10-08,Sample tweet #AgriTech
TW3464,U3464,2023-01-23,Sample tweet #DataSci
TW3465,U3465,2023-12-15,Sample tweet #DataSci
TW3466,U3466,2023-05-06,Sample tweet #SQL
TW3467,U3467,2023-10-25,Sample tweet #DataSci
TW3468,U3468,2023-01-29,Sample tweet #SQL
TW3469,U3469,2023-01-09,Sample tweet #AgriTech
TW3470,U3470,2024-01-01,Sample tweet #DataSci
TW3471,U3471,2023-07-26,Sample tweet #DataSci
TW3472,U3472,2023-06-13,Sample tweet #DataSci
TW3473,U3473,2023-12-24,Sample tweet #SQL
TW3474,U3474,2023-09-18,Sample tweet #SQL
TW3475,U3475,2023-08-04,Sample tweet #SQL
TW3476,U3476,2023-01-27,Sample tweet #Analytics
TW3477,U3477,2023-12-04,Sample tweet #SQL
TW3478,U3478,2023-06-16,Sample tweet #AgriTech
TW3479,U3479,2023-08-30,Sample tweet #SQL
TW3480,U3480,2023-12-04,Sample tweet #Analytics
TW3481,U3481,2023-11-20,Sample tweet #DataSci
TW3482,U3482,2023-11-22,Sample tweet #AgriTech
TW3483,U3483,2023-09-22,Sample tweet #SQL
TW3484,U3484,2023-12-04,Sample tweet #DataSci
TW3485,U3485,2023-07-24,Sample tweet #DataSci
TW3486,U3486,2023-10-05,Sample tweet #SQL
TW3487,U3487,2023-04-13,Sample tweet #DataSci
TW3488,U3488,2023-01-22,Sample tweet #DataSci
TW3489,U3489,2023-01-03,Sample tweet #AgriTech
TW3490,U3490,2023-06-15,Sample tweet #SQL
TW3491,U3491,2023-01-30,Sample tweet #DataSci
TW3492,U3492,2023-04-13,Sample tweet #Analytics
TW3493,U3493,2023-06-14,Sample tweet #DataSci
TW3494,U3494,2023-04-02,Sample tweet #Analytics
TW3495,U3495,2023-10-14,Sample tweet #DataSci
TW3496,U3496,2023-05-14,Sample tweet #AgriTech
TW3497,U3497,2023-07-08,Sample tweet #DataSci
TW3498,U3498,2023-02-11,Sample tweet #DataSci
TW3499,U3499,2023-02-07,Sample tweet #Analytics
TW3500,U3500,2023-05-22,Sample tweet #SQL
TW3501,U3501,2023-04-15,Sample tweet #SQL
TW3502,U3502,2023-01-11,Sample tweet #Analytics
TW3503,U3503,2023-09-16,Sample tweet #Analytics
TW3504,U3504,2023-02-11,Sample tweet #SQL
TW3505,U3505,2023-08-28,Sample tweet #SQL
TW3506,U3506,2023-09-17,Sample tweet #AgriTech
TW3507,U3507,2023-11-27,Sample tweet #Analytics
TW3508,U3508,2023-11-21,Sample tweet #SQL
TW3509,U3509,2023-06-14,Sample tweet #Analytics
TW3510,U3510,2023-10-09,Sample tweet #AgriTech
TW3511,U3511,2023-09-22,Sample tweet #SQL
TW3512,U3512,2023-04-15,Sample tweet #AgriTech
TW3513,U3513,2023-09-20,Sample tweet #DataSci
TW3514,U3514,2023-12-24,Sample tweet #AgriTech
TW3515,U3515,2023-06-26,Sample tweet #Analytics
TW3516,U3516,2023-10-18,Sample tweet #DataSci
TW3517,U3517,2023-04-13,Sample tweet #SQL
TW3518,U3518,2023-02-10,Sample tweet #Analytics
TW3519,U3519,2023-04-11,Sample tweet #Analytics
TW3520,U3520,2023-03-10,Sample tweet #AgriTech
TW3521,U3521,2023-10-27,Sample tweet #Analytics
TW3522,U3522,2023-10-15,Sample tweet #AgriTech
TW3523,U3523,2023-07-24,Sample tweet #Analytics
TW3524,U3524,2023-03-16,Sample tweet #AgriTech
TW3525,U3525,2023-09-21,Sample tweet #DataSci
TW3526,U3526,2023-01-19,Sample tweet #DataSci
TW3527,U3527,2023-06-09,Sample tweet #SQL
TW3528,U3528,2023-07-27,Sample tweet #Analytics
TW3529,U3529,2023-07-01,Sample tweet #AgriTech
TW3530,U3530,2023-04-14,Sample tweet #AgriTech
TW3531,U3531,2023-05-08,Sample tweet #AgriTech
TW3532,U3532,2023-02-25,Sample tweet #DataSci
TW3533,U3533,2023-01-03,Sample tweet #AgriTech
TW3534,U3534,2023-03-20,Sample tweet #AgriTech
TW3535,U3535,2023-02-04,Sample tweet #SQL
TW3536,U3536,2023-08-21,Sample tweet #Analytics
TW3537,U3537,2023-02-26,Sample tweet #DataSci
TW3538,U3538,2023-05-07,Sample tweet #SQL
TW3539,U3539,2023-02-22,Sample tweet #Analytics
TW3540,U3540,2023-11-26,Sample tweet #AgriTech
TW3541,U3541,2023-09-18,Sample tweet #DataSci
TW3542,U3542,2023-02-06,Sample tweet #AgriTech
TW3543,U3543,2023-08-17,Sample tweet #AgriTech
TW3544,U3544,2023-04-23,Sample tweet #Analytics
TW3545,U3545,2023-07-12,Sample tweet #AgriTech
TW3546,U3546,2023-09-04,Sample tweet #Analytics
TW3547,U3547,2023-03-17,Sample tweet #Analytics
TW3548,U3548,2023-08-07,Sample tweet #SQL
TW3549,U3549,2023-04-26,Sample tweet #AgriTech
TW3550,U3550,2023-05-13,Sample tweet #Analytics
TW3551,U3551,2023-06-05,Sample tweet #Analytics
TW3552,U3552,2023-01-20,Sample tweet #DataSci
TW3553,U3553,2023-08-29,Sample tweet #AgriTech
TW3554,U3554,2023-05-07,Sample tweet #Analytics
TW3555,U3555,2023-06-21,Sample tweet #SQL
TW3556,U3556,2023-05-25,Sample tweet #Analytics
TW3557,U3557,2023-08-10,Sample tweet #Analytics
TW3558,U3558,2023-08-17,Sample tweet #SQL
TW3559,U3559,2023-12-30,Sample tweet #SQL
TW3560,U3560,2023-02-10,Sample tweet #AgriTech
TW3561,U3561,2023-04-16,Sample tweet #AgriTech
TW3562,U3562,2023-05-01,Sample tweet #Analytics
TW3563,U3563,2023-02-07,Sample tweet #SQL
TW3564,U3564,2023-06-12,Sample tweet #DataSci
TW3565,U3565,2023-03-29,Sample tweet #Analytics
TW3566,U3566,2023-08-20,Sample tweet #SQL
TW3567,U3567,2023-10-07,Sample tweet #Analytics
TW3568,U3568,2023-02-22,Sample tweet #DataSci
TW3569,U3569,2023-04-27,Sample tweet #SQL
TW3570,U3570,2023-06-29,Sample tweet #SQL
TW3571,U3571,2023-01-09,Sample tweet #Analytics
TW3572,U3572,2023-10-24,Sample tweet #Analytics
TW3573,U3573,2023-05-23,Sample tweet #DataSci
TW3574,U3574,2023-07-09,Sample tweet #AgriTech
TW3575,U3575,2023-02-27,Sample tweet #Analytics
TW3576,U3576,2023-11-16,Sample tweet #SQL
TW3577,U3577,2023-05-01,Sample tweet #Analytics
TW3578,U3578,2023-05-22,Sample tweet #Analytics
TW3579,U3579,2023-06-11,Sample tweet #AgriTech
TW3580,U3580,2023-11-13,Sample tweet #DataSci
TW3581,U3581,2023-10-02,Sample tweet #Analytics
TW3582,U3582,2023-02-07,Sample tweet #AgriTech
TW3583,U3583,2023-04-20,Sample tweet #AgriTech
TW3584,U3584,2023-03-22,Sample tweet #DataSci
TW3585,U3585,2023-04-02,Sample tweet #DataSci
TW3586,U3586,2023-08-29,Sample tweet #Analytics
TW3587,U3587,2023-06-22,Sample tweet #AgriTech
TW3588,U3588,2023-03-02,Sample tweet #DataSci
TW3589,U3589,2023-10-14,Sample tweet #AgriTech
TW3590,U3590,2023-03-10,Sample tweet #SQL
TW3591,U3591,2023-08-27,Sample tweet #AgriTech
TW3592,U3592,2023-12-16,Sample tweet #SQL
TW3593,U3593,2023-01-19,Sample tweet #DataSci
TW3594,U3594,2023-08-14,Sample tweet #AgriTech
TW3595,U3595,2023-10-20,Sample tweet #Analytics
TW3596,U3596,2023-10-18,Sample tweet #DataSci
TW3597,U3597,2023-06-13,Sample tweet #Analytics
TW3598,U3598,2023-07-17,Sample tweet #SQL
TW3599,U3599,2023-04-20,Sample tweet #Analytics
TW3600,U3600,2023-01-28,Sample tweet #SQL
TW3601,U3601,2023-09-17,Sample tweet #Analytics
TW3602,U3602,2023-04-05,Sample tweet #AgriTech
TW3603,U3603,2023-10-23,Sample tweet #DataSci
TW3604,U3604,2023-12-17,Sample tweet #Analytics
TW3605,U3605,2023-04-27,Sample tweet #AgriTech
TW3606,U3606,2023-09-01,Sample tweet #AgriTech
TW3607,U3607,2023-09-18,Sample tweet #AgriTech
TW3608,U3608,2023-09-28,Sample tweet #AgriTech
TW3609,U3609,2023-05-02,Sample tweet #SQL
TW3610,U3610,2023-08-24,Sample tweet #AgriTech
TW3611,U3611,2023-04-26,Sample tweet #AgriTech
TW3612,U3612,2023-05-01,Sample tweet #AgriTech
TW3613,U3613,2023-07-25,Sample tweet #AgriTech
TW3614,U3614,2023-01-09,Sample tweet #DataSci
TW3615,U3615,2023-02-18,Sample tweet #AgriTech
TW3616,U3616,2023-05-08,Sample tweet #SQL
TW3617,U3617,2023-12-15,Sample tweet #AgriTech
TW3618,U3618,2023-08-19,Sample tweet #AgriTech
TW3619,U3619,2023-01-20,Sample tweet #AgriTech
TW3620,U3620,2023-10-21,Sample tweet #SQL
TW3621,U3621,2023-01-19,Sample tweet #AgriTech
TW3622,U3622,2023-12-06,Sample tweet #SQL
TW3623,U3623,2023-07-19,Sample tweet #DataSci
TW3624,U3624,2023-04-02,Sample tweet #AgriTech
TW3625,U3625,2023-05-17,Sample tweet #Analytics
TW3626,U3626,2023-05-01,Sample tweet #Analytics
TW3627,U3627,2023-02-19,Sample tweet #Analytics
TW3628,U3628,2023-05-11,Sample tweet #Analytics
TW3629,U3629,2023-06-18,Sample tweet #AgriTech
TW3630,U3630,2023-07-16,Sample tweet #SQL
TW3631,U3631,2023-08-01,Sample tweet #AgriTech
TW3632,U3632,2023-10-09,Sample tweet #AgriTech
TW3633,U3633,2023-12-01,Sample tweet #SQL
TW3634,U3634,2023-02-11,Sample tweet #SQL
TW3635,U3635,2023-11-18,Sample tweet #AgriTech
TW3636,U3636,2023-04-26,Sample tweet #Analytics
TW3637,U3637,2023-02-13,Sample tweet #AgriTech
TW3638,U3638,2023-07-29,Sample tweet #SQL
TW3639,U3639,2023-04-20,Sample tweet #AgriTech
TW3640,U3640,2023-12-04,Sample tweet #DataSci
TW3641,U3641,2023-03-17,Sample tweet #Analytics
TW3642,U3642,2023-03-29,Sample tweet #AgriTech
TW3643,U3643,2023-04-10,Sample tweet #Analytics
TW3644,U3644,2023-06-11,Sample tweet #DataSci
TW3645,U3645,2023-02-09,Sample tweet #DataSci
TW3646,U3646,2023-03-31,Sample tweet #DataSci
TW3647,U3647,2023-11-27,Sample tweet #AgriTech
TW3648,U3648,2023-10-06,Sample tweet #DataSci
TW3649,U3649,2023-10-08,Sample tweet #DataSci
TW3650,U3650,2023-09-22,Sample tweet #AgriTech
TW3651,U3651,2023-05-23,Sample tweet #Analytics
TW3652,U3652,2023-11-01,Sample tweet #AgriTech
TW3653,U3653,2023-01-09,Sample tweet #DataSci
TW3654,U3654,2023-09-20,Sample tweet #Analytics
TW3655,U3655,2023-01-28,Sample tweet #Analytics
TW3656,U3656,2023-01-24,Sample tweet #Analytics
TW3657,U3657,2023-12-20,Sample tweet #AgriTech
TW3658,U3658,2023-12-24,Sample tweet #SQL
TW3659,U3659,2023-07-07,Sample tweet #DataSci
TW3660,U3660,2023-11-20,Sample tweet #SQL
TW3661,U3661,2023-11-16,Sample tweet #DataSci
TW3662,U3662,2023-10-09,Sample tweet #SQL
TW3663,U3663,2023-10-10,Sample tweet #AgriTech
TW3664,U3664,2023-03-04,Sample tweet #DataSci
TW3665,U3665,2023-08-29,Sample tweet #AgriTech
TW3666,U3666,2023-02-11,Sample tweet #Analytics
TW3667,U3667,2023-06-05,Sample tweet #DataSci
TW3668,U3668,2023-08-11,Sample tweet #Analytics
TW3669,U3669,2023-12-28,Sample tweet #DataSci
TW3670,U3670,2023-12-29,Sample tweet #DataSci
TW3671,U3671,2023-10-30,Sample tweet #DataSci
TW3672,U3672,2023-05-03,Sample tweet #Analytics
TW3673,U3673,2023-01-07,Sample tweet #AgriTech
TW3674,U3674,2023-02-09,Sample tweet #DataSci
TW3675,U3675,2023-10-24,Sample tweet #Analytics
TW3676,U3676,2023-02-13,Sample tweet #SQL
TW3677,U3677,2023-06-18,Sample tweet #AgriTech
TW3678,U3678,2023-05-24,Sample tweet #AgriTech
TW3679,U3679,2023-01-22,Sample tweet #AgriTech
TW3680,U3680,2023-04-16,Sample tweet #Analytics
TW3681,U3681,2023-06-06,Sample tweet #SQL
TW3682,U3682,2023-09-02,Sample tweet #AgriTech
TW3683,U3683,2023-02-16,Sample tweet #DataSci
TW3684,U3684,2023-04-10,Sample tweet #AgriTech
TW3685,U3685,2023-11-06,Sample tweet #SQL
TW3686,U3686,2023-09-20,Sample tweet #AgriTech
TW3687,U3687,2023-04-03,Sample tweet #DataSci
TW3688,U3688,2023-12-10,Sample tweet #SQL
TW3689,U3689,2023-07-01,Sample tweet #Analytics
TW3690,U3690,2023-06-08,Sample tweet #AgriTech
TW3691,U3691,2023-06-13,Sample tweet #DataSci
TW3692,U3692,2023-12-20,Sample tweet #Analytics
TW3693,U3693,2023-11-28,Sample tweet #Analytics
TW3694,U3694,2023-11-18,Sample tweet #Analytics
TW3695,U3695,2023-04-04,Sample tweet #SQL
TW3696,U3696,2023-12-13,Sample tweet #SQL
TW3697,U3697,2023-04-08,Sample tweet #SQL
TW3698,U3698,2023-09-07,Sample tweet #DataSci
TW3699,U3699,2023-09-17,Sample tweet #DataSci
TW3700,U3700,2023-04-22,Sample tweet #DataSci
TW3701,U3701,2023-01-07,Sample tweet #DataSci
TW3702,U3702,2023-02-07,Sample tweet #SQL
TW3703,U3703,2023-08-22,Sample tweet #AgriTech
TW3704,U3704,2023-02-13,Sample tweet #Analytics
TW3705,U3705,2023-09-28,Sample tweet #SQL
TW3706,U3706,2023-10-02,Sample tweet #SQL
TW3707,U3707,2023-11-18,Sample tweet #SQL
TW3708,U3708,2023-05-21,Sample tweet #Analytics
TW3709,U3709,2023-12-12,Sample tweet #DataSci
TW3710,U3710,2023-09-19,Sample tweet #DataSci
TW3711,U3711,2023-07-14,Sample tweet #DataSci
TW3712,U3712,2023-04-24,Sample tweet #SQL
TW3713,U3713,2023-12-28,Sample tweet #Analytics
TW3714,U3714,2023-11-19,Sample tweet #Analytics
TW3715,U3715,2023-04-25,Sample tweet #SQL
TW3716,U3716,2023-05-09,Sample tweet #DataSci
TW3717,U3717,2023-06-11,Sample tweet #SQL
TW3718,U3718,2023-09-23,Sample tweet #SQL
TW3719,U3719,2023-07-29,Sample tweet #Analytics
TW3720,U3720,2023-12-29,Sample tweet #DataSci
TW3721,U3721,2023-12-04,Sample tweet #AgriTech
TW3722,U3722,2023-04-22,Sample tweet #AgriTech
TW3723,U3723,2023-10-19,Sample tweet #Analytics
TW3724,U3724,2023-03-26,Sample tweet #SQL
TW3725,U3725,2023-12-28,Sample tweet #SQL
TW3726,U3726,2023-07-22,Sample tweet #AgriTech
TW3727,U3727,2023-10-25,Sample tweet #SQL
TW3728,U3728,2023-04-13,Sample tweet #Analytics
TW3729,U3729,2023-02-12,Sample tweet #DataSci
TW3730,U3730,2023-02-18,Sample tweet #SQL
TW3731,U3731,2023-02-28,Sample tweet #AgriTech
TW3732,U3732,2023-06-07,Sample tweet #AgriTech
TW3733,U3733,2023-04-12,Sample tweet #SQL
TW3734,U3734,2023-09-05,Sample tweet #SQL
TW3735,U3735,2023-06-14,Sample tweet #AgriTech
TW3736,U3736,2023-08-09,Sample tweet #DataSci
TW3737,U3737,2023-12-26,Sample tweet #Analytics
TW3738,U3738,2023-10-17,Sample tweet #Analytics
TW3739,U3739,2023-10-10,Sample tweet #AgriTech
TW3740,U3740,2023-08-10,Sample tweet #AgriTech
TW3741,U3741,2023-09-06,Sample tweet #AgriTech
TW3742,U3742,2023-11-01,Sample tweet #Analytics
TW3743,U3743,2023-10-25,Sample tweet #DataSci
TW3744,U3744,2023-09-03,Sample tweet #Analytics
TW3745,U3745,2023-12-18,Sample tweet #Analytics
TW3746,U3746,2023-03-27,Sample tweet #AgriTech
TW3747,U3747,2023-10-18,Sample tweet #Analytics
TW3748,U3748,2023-04-08,Sample tweet #DataSci
TW3749,U3749,2023-10-11,Sample tweet #DataSci
TW3750,U3750,2023-02-21,Sample tweet #DataSci
TW3751,U3751,2023-10-22,Sample tweet #SQL
TW3752,U3752,2023-04-14,Sample tweet #Analytics
TW3753,U3753,2023-09-26,Sample tweet #AgriTech
TW3754,U3754,2023-05-04,Sample tweet #DataSci
TW3755,U3755,2023-04-01,Sample tweet #AgriTech
TW3756,U3756,2023-04-10,Sample tweet #SQL
TW3757,U3757,2023-07-19,Sample tweet #Analytics
TW3758,U3758,2023-02-17,Sample tweet #AgriTech
TW3759,U3759,2023-02-08,Sample tweet #DataSci
TW3760,U3760,2023-05-08,Sample tweet #SQL
TW3761,U3761,2023-09-13,Sample tweet #AgriTech
TW3762,U3762,2023-09-20,Sample tweet #SQL
TW3763,U3763,2023-08-11,Sample tweet #SQL
TW3764,U3764,2023-04-01,Sample tweet #Analytics
TW3765,U3765,2023-07-12,Sample tweet #Analytics
TW3766,U3766,2023-12-19,Sample tweet #Analytics
TW3767,U3767,2023-12-19,Sample tweet #DataSci
TW3768,U3768,2023-09-19,Sample tweet #Analytics
TW3769,U3769,2023-02-04,Sample tweet #AgriTech
TW3770,U3770,2023-01-27,Sample tweet #AgriTech
TW3771,U3771,2023-02-04,Sample tweet #AgriTech
TW3772,U3772,2023-02-18,Sample tweet #Analytics
TW3773,U3773,2023-03-31,Sample tweet #AgriTech
TW3774,U3774,2023-10-12,Sample tweet #Analytics
TW3775,U3775,2023-07-02,Sample tweet #DataSci
TW3776,U3776,2023-04-05,Sample tweet #AgriTech
TW3777,U3777,2023-05-30,Sample tweet #Analytics
TW3778,U3778,2023-02-07,Sample tweet #DataSci
TW3779,U3779,2023-08-26,Sample tweet #DataSci
TW3780,U3780,2023-10-29,Sample tweet #DataSci
TW3781,U3781,2023-10-24,Sample tweet #Analytics
TW3782,U3782,2023-09-16,Sample tweet #DataSci
TW3783,U3783,2023-12-25,Sample tweet #DataSci
TW3784,U3784,2023-09-03,Sample tweet #Analytics
TW3785,U3785,2023-09-26,Sample tweet #DataSci
TW3786,U3786,2023-06-23,Sample tweet #DataSci
TW3787,U3787,2023-01-15,Sample tweet #DataSci
TW3788,U3788,2023-02-21,Sample tweet #SQL
TW3789,U3789,2023-09-01,Sample tweet #AgriTech
TW3790,U3790,2023-01-06,Sample tweet #Analytics
TW3791,U3791,2023-04-14,Sample tweet #DataSci
TW3792,U3792,2023-07-10,Sample tweet #SQL
TW3793,U3793,2023-07-16,Sample tweet #Analytics
TW3794,U3794,2023-03-25,Sample tweet #SQL
TW3795,U3795,2023-08-16,Sample tweet #DataSci
TW3796,U3796,2023-03-19,Sample tweet #Analytics
TW3797,U3797,2023-07-24,Sample tweet #SQL
TW3798,U3798,2023-06-07,Sample tweet #AgriTech
TW3799,U3799,2023-11-13,Sample tweet #Analytics
TW3800,U3800,2023-03-15,Sample tweet #DataSci
TW3801,U3801,2023-03-20,Sample tweet #Analytics
TW3802,U3802,2023-05-22,Sample tweet #DataSci
TW3803,U3803,2023-12-31,Sample tweet #AgriTech
TW3804,U3804,2023-01-27,Sample tweet #Analytics
TW3805,U3805,2023-12-16,Sample tweet #Analytics
TW3806,U3806,2023-04-27,Sample tweet #AgriTech
TW3807,U3807,2023-08-14,Sample tweet #DataSci
TW3808,U3808,2023-08-05,Sample tweet #Analytics
TW3809,U3809,2023-10-30,Sample tweet #SQL
TW3810,U3810,2023-09-18,Sample tweet #SQL
TW3811,U3811,2023-03-20,Sample tweet #DataSci
TW3812,U3812,2023-08-02,Sample tweet #SQL
TW3813,U3813,2023-06-05,Sample tweet #Analytics
TW3814,U3814,2023-01-05,Sample tweet #AgriTech
TW3815,U3815,2023-11-07,Sample tweet #SQL
TW3816,U3816,2023-05-20,Sample tweet #DataSci
TW3817,U3817,2023-01-09,Sample tweet #Analytics
TW3818,U3818,2023-03-22,Sample tweet #Analytics
TW3819,U3819,2023-05-04,Sample tweet #SQL
TW3820,U3820,2023-11-05,Sample tweet #AgriTech
TW3821,U3821,2023-05-22,Sample tweet #AgriTech
TW3822,U3822,2023-03-12,Sample tweet #DataSci
TW3823,U3823,2023-04-28,Sample tweet #Analytics
TW3824,U3824,2023-08-06,Sample tweet #DataSci
TW3825,U3825,2023-06-01,Sample tweet #AgriTech
TW3826,U3826,2023-08-07,Sample tweet #DataSci
TW3827,U3827,2023-07-18,Sample tweet #DataSci
TW3828,U3828,2023-04-03,Sample tweet #Analytics
TW3829,U3829,2023-01-18,Sample tweet #AgriTech
TW3830,U3830,2023-08-12,Sample tweet #SQL
TW3831,U3831,2023-05-25,Sample tweet #SQL
TW3832,U3832,2023-01-11,Sample tweet #AgriTech
TW3833,U3833,2023-01-12,Sample tweet #DataSci
TW3834,U3834,2023-06-10,Sample tweet #SQL
TW3835,U3835,2023-06-28,Sample tweet #Analytics
TW3836,U3836,2023-02-11,Sample tweet #SQL
TW3837,U3837,2023-09-17,Sample tweet #AgriTech
TW3838,U3838,2023-01-08,Sample tweet #SQL
TW3839,U3839,2023-12-14,Sample tweet #SQL
TW3840,U3840,2023-08-05,Sample tweet #AgriTech
TW3841,U3841,2023-06-02,Sample tweet #AgriTech
TW3842,U3842,2023-12-09,Sample tweet #DataSci
TW3843,U3843,2023-12-24,Sample tweet #Analytics
TW3844,U3844,2023-01-25,Sample tweet #SQL
TW3845,U3845,2023-05-04,Sample tweet #SQL
TW3846,U3846,2023-08-02,Sample tweet #AgriTech
TW3847,U3847,2023-12-01,Sample tweet #DataSci
TW3848,U3848,2023-04-13,Sample tweet #DataSci
TW3849,U3849,2023-06-05,Sample tweet #AgriTech
TW3850,U3850,2023-03-30,Sample tweet #SQL
TW3851,U3851,2023-05-15,Sample tweet #SQL
TW3852,U3852,2023-08-11,Sample tweet #DataSci
TW3853,U3853,2023-04-01,Sample tweet #SQL
TW3854,U3854,2023-11-20,Sample tweet #Analytics
TW3855,U3855,2023-11-18,Sample tweet #AgriTech
TW3856,U3856,2023-04-19,Sample tweet #AgriTech
TW3857,U3857,2023-12-11,Sample tweet #SQL
TW3858,U3858,2023-03-01,Sample tweet #DataSci
TW3859,U3859,2023-12-17,Sample tweet #DataSci
TW3860,U3860,2023-06-12,Sample tweet #Analytics
TW3861,U3861,2023-04-24,Sample tweet #AgriTech
TW3862,U3862,2023-05-18,Sample tweet #Analytics
TW3863,U3863,2023-04-24,Sample tweet #AgriTech
TW3864,U3864,2023-05-31,Sample tweet #AgriTech
TW3865,U3865,2023-03-26,Sample tweet #SQL
TW3866,U3866,2023-02-08,Sample tweet #SQL
TW3867,U3867,2023-08-30,Sample tweet #DataSci
TW3868,U3868,2023-04-30,Sample tweet #AgriTech
TW3869,U3869,2023-05-16,Sample tweet #SQL
TW3870,U3870,2023-02-06,Sample tweet #SQL
TW3871,U3871,2023-04-30,Sample tweet #Analytics
TW3872,U3872,2023-09-20,Sample tweet #DataSci
TW3873,U3873,2023-10-31,Sample tweet #AgriTech
TW3874,U3874,2023-09-17,Sample tweet #SQL
TW3875,U3875,2023-02-28,Sample tweet #DataSci
TW3876,U3876,2023-02-12,Sample tweet #SQL
TW3877,U3877,2023-04-13,Sample tweet #Analytics
TW3878,U3878,2023-12-04,Sample tweet #SQL
TW3879,U3879,2023-03-24,Sample tweet #DataSci
TW3880,U3880,2023-01-24,Sample tweet #AgriTech
TW3881,U3881,2023-05-06,Sample tweet #DataSci
TW3882,U3882,2023-10-07,Sample tweet #DataSci
TW3883,U3883,2023-02-15,Sample tweet #SQL
TW3884,U3884,2023-09-07,Sample tweet #AgriTech
TW3885,U3885,2023-10-07,Sample tweet #DataSci
TW3886,U3886,2023-12-29,Sample tweet #AgriTech
TW3887,U3887,2023-10-04,Sample tweet #DataSci
TW3888,U3888,2023-03-15,Sample tweet #DataSci
TW3889,U3889,2023-09-04,Sample tweet #SQL
TW3890,U3890,2023-11-27,Sample tweet #SQL
TW3891,U3891,2023-09-30,Sample tweet #AgriTech
TW3892,U3892,2023-08-19,Sample tweet #DataSci
TW3893,U3893,2023-12-30,Sample tweet #AgriTech
TW3894,U3894,2023-07-09,Sample tweet #AgriTech
TW3895,U3895,2023-04-13,Sample tweet #DataSci
TW3896,U3896,2023-05-07,Sample tweet #AgriTech
TW3897,U3897,2023-05-21,Sample tweet #SQL
TW3898,U3898,2023-05-22,Sample tweet #DataSci
TW3899,U3899,2023-12-17,Sample tweet #AgriTech
TW3900,U3900,2023-06-05,Sample tweet #DataSci
TW3901,U3901,2023-09-08,Sample tweet #SQL
TW3902,U3902,2023-12-17,Sample tweet #SQL
TW3903,U3903,2023-03-20,Sample tweet #SQL
TW3904,U3904,2023-03-27,Sample tweet #Analytics
TW3905,U3905,2023-08-31,Sample tweet #Analytics
TW3906,U3906,2023-09-11,Sample tweet #Analytics
TW3907,U3907,2023-08-23,Sample tweet #SQL
TW3908,U3908,2023-02-16,Sample tweet #Analytics
TW3909,U3909,2023-04-01,Sample tweet #DataSci
TW3910,U3910,2023-08-04,Sample tweet #Analytics
TW3911,U3911,2023-06-17,Sample tweet #DataSci
TW3912,U3912,2023-02-25,Sample tweet #AgriTech
TW3913,U3913,2023-06-08,Sample tweet #DataSci
TW3914,U3914,2023-04-19,Sample tweet #DataSci
TW3915,U3915,2023-11-01,Sample tweet #DataSci
TW3916,U3916,2023-04-26,Sample tweet #SQL
TW3917,U3917,2023-02-28,Sample tweet #AgriTech
TW3918,U3918,2023-08-27,Sample tweet #DataSci
TW3919,U3919,2023-07-23,Sample tweet #SQL
TW3920,U3920,2023-04-12,Sample tweet #DataSci
TW3921,U3921,2023-06-13,Sample tweet #SQL
TW3922,U3922,2023-01-09,Sample tweet #SQL
TW3923,U3923,2023-04-19,Sample tweet #DataSci
TW3924,U3924,2023-08-16,Sample tweet #AgriTech
TW3925,U3925,2023-11-05,Sample tweet #SQL
TW3926,U3926,2023-07-17,Sample tweet #DataSci
TW3927,U3927,2023-10-01,Sample tweet #SQL
TW3928,U3928,2023-03-11,Sample tweet #DataSci
TW3929,U3929,2023-10-17,Sample tweet #DataSci
TW3930,U3930,2023-03-12,Sample tweet #SQL
TW3931,U3931,2023-05-02,Sample tweet #SQL
TW3932,U3932,2023-10-23,Sample tweet #SQL
TW3933,U3933,2023-01-09,Sample tweet #SQL
TW3934,U3934,2023-03-21,Sample tweet #SQL
TW3935,U3935,2023-12-01,Sample tweet #Analytics
TW3936,U3936,2023-01-12,Sample tweet #DataSci
TW3937,U3937,2023-01-05,Sample tweet #SQL
TW3938,U3938,2023-08-03,Sample tweet #AgriTech
TW3939,U3939,2023-09-11,Sample tweet #Analytics
TW3940,U3940,2023-11-03,Sample tweet #Analytics
TW3941,U3941,2023-03-06,Sample tweet #Analytics
TW3942,U3942,2023-02-10,Sample tweet #AgriTech
TW3943,U3943,2023-08-06,Sample tweet #AgriTech
TW3944,U3944,2023-11-12,Sample tweet #SQL
TW3945,U3945,2023-12-26,Sample tweet #DataSci
TW3946,U3946,2023-11-10,Sample tweet #AgriTech
TW3947,U3947,2023-06-19,Sample tweet #SQL
TW3948,U3948,2023-03-29,Sample tweet #SQL
TW3949,U3949,2023-04-02,Sample tweet #DataSci
TW3950,U3950,2023-04-21,Sample tweet #Analytics
TW3951,U3951,2023-08-11,Sample tweet #AgriTech
TW3952,U3952,2023-10-28,Sample tweet #Analytics
TW3953,U3953,2023-06-09,Sample tweet #AgriTech
TW3954,U3954,2023-10-17,Sample tweet #SQL
TW3955,U3955,2023-06-06,Sample tweet #SQL
TW3956,U3956,2023-12-08,Sample tweet #AgriTech
TW3957,U3957,2023-03-09,Sample tweet #Analytics
TW3958,U3958,2024-01-01,Sample tweet #AgriTech
TW3959,U3959,2023-12-02,Sample tweet #Analytics
TW3960,U3960,2023-05-11,Sample tweet #AgriTech
TW3961,U3961,2023-10-18,Sample tweet #SQL
TW3962,U3962,2023-02-03,Sample tweet #Analytics
TW3963,U3963,2023-03-23,Sample tweet #AgriTech
TW3964,U3964,2023-12-01,Sample tweet #Analytics
TW3965,U3965,2023-06-03,Sample tweet #SQL
TW3966,U3966,2023-06-22,Sample tweet #Analytics
TW3967,U3967,2023-06-22,Sample tweet #SQL
TW3968,U3968,2023-12-06,Sample tweet #DataSci
TW3969,U3969,2023-12-23,Sample tweet #DataSci
TW3970,U3970,2023-02-08,Sample tweet #DataSci
TW3971,U3971,2023-03-30,Sample tweet #AgriTech
TW3972,U3972,2023-09-15,Sample tweet #Analytics
TW3973,U3973,2023-03-30,Sample tweet #DataSci
TW3974,U3974,2023-02-21,Sample tweet #SQL
TW3975,U3975,2023-12-08,Sample tweet #AgriTech
TW3976,U3976,2023-07-23,Sample tweet #Analytics
TW3977,U3977,2023-02-05,Sample tweet #DataSci
TW3978,U3978,2023-01-19,Sample tweet #AgriTech
TW3979,U3979,2023-01-30,Sample tweet #SQL
TW3980,U3980,2023-03-11,Sample tweet #AgriTech
TW3981,U3981,2023-10-06,Sample tweet #Analytics
TW3982,U3982,2023-04-26,Sample tweet #Analytics
TW3983,U3983,2023-03-14,Sample tweet #AgriTech
TW3984,U3984,2023-03-07,Sample tweet #SQL
TW3985,U3985,2023-08-22,Sample tweet #DataSci
TW3986,U3986,2023-02-25,Sample tweet #SQL
TW3987,U3987,2023-12-06,Sample tweet #DataSci
TW3988,U3988,2023-06-06,Sample tweet #SQL
TW3989,U3989,2023-12-27,Sample tweet #SQL
TW3990,U3990,2023-01-10,Sample tweet #AgriTech
TW3991,U3991,2023-03-14,Sample tweet #Analytics
TW3992,U3992,2023-04-07,Sample tweet #DataSci
TW3993,U3993,2023-02-22,Sample tweet #SQL
TW3994,U3994,2023-12-17,Sample tweet #Analytics
TW3995,U3995,2023-10-10,Sample tweet #DataSci
TW3996,U3996,2023-11-26,Sample tweet #SQL
TW3997,U3997,2023-07-19,Sample tweet #AgriTech
TW3998,U3998,2023-10-04,Sample tweet #AgriTech
TW3999,U3999,2023-03-02,Sample tweet #SQL
TW4000,U4000,2023-11-14,Sample tweet #AgriTech
TW4001,U4001,2023-03-05,Sample tweet #DataSci
TW4002,U4002,2023-10-05,Sample tweet #AgriTech
TW4003,U4003,2023-01-29,Sample tweet #SQL
TW4004,U4004,2023-11-25,Sample tweet #DataSci
TW4005,U4005,2023-12-07,Sample tweet #AgriTech
TW4006,U4006,2023-09-26,Sample tweet #Analytics
TW4007,U4007,2023-09-06,Sample tweet #SQL
TW4008,U4008,2023-03-05,Sample tweet #SQL
TW4009,U4009,2023-12-14,Sample tweet #Analytics
TW4010,U4010,2023-06-24,Sample tweet #AgriTech
TW4011,U4011,2023-11-27,Sample tweet #DataSci
TW4012,U4012,2023-04-15,Sample tweet #DataSci
TW4013,U4013,2023-09-26,Sample tweet #DataSci
TW4014,U4014,2023-11-25,Sample tweet #Analytics
TW4015,U4015,2023-02-09,Sample tweet #DataSci
TW4016,U4016,2023-12-26,Sample tweet #AgriTech
TW4017,U4017,2023-08-22,Sample tweet #AgriTech
TW4018,U4018,2023-12-07,Sample tweet #AgriTech
TW4019,U4019,2023-11-24,Sample tweet #Analytics
TW4020,U4020,2023-11-07,Sample tweet #DataSci
TW4021,U4021,2023-02-18,Sample tweet #DataSci
TW4022,U4022,2023-11-02,Sample tweet #SQL
TW4023,U4023,2023-04-27,Sample tweet #SQL
TW4024,U4024,2023-03-20,Sample tweet #AgriTech
TW4025,U4025,2023-12-22,Sample tweet #AgriTech
TW4026,U4026,2023-08-15,Sample tweet #DataSci
TW4027,U4027,2023-09-19,Sample tweet #Analytics
TW4028,U4028,2023-09-16,Sample tweet #AgriTech
TW4029,U4029,2023-12-07,Sample tweet #AgriTech
TW4030,U4030,2023-07-27,Sample tweet #Analytics
TW4031,U4031,2023-03-18,Sample tweet #DataSci
TW4032,U4032,2023-12-27,Sample tweet #DataSci
TW4033,U4033,2023-10-27,Sample tweet #DataSci
TW4034,U4034,2023-09-18,Sample tweet #DataSci
TW4035,U4035,2023-12-01,Sample tweet #DataSci
TW4036,U4036,2023-05-11,Sample tweet #SQL
TW4037,U4037,2023-10-28,Sample tweet #AgriTech
TW4038,U4038,2023-02-07,Sample tweet #Analytics
TW4039,U4039,2023-09-10,Sample tweet #DataSci
TW4040,U4040,2023-01-25,Sample tweet #Analytics
TW4041,U4041,2023-01-29,Sample tweet #AgriTech
TW4042,U4042,2023-07-21,Sample tweet #SQL
TW4043,U4043,2023-03-14,Sample tweet #DataSci
TW4044,U4044,2023-08-07,Sample tweet #DataSci
TW4045,U4045,2023-08-26,Sample tweet #DataSci
TW4046,U4046,2023-08-06,Sample tweet #Analytics
TW4047,U4047,2023-12-28,Sample tweet #SQL
TW4048,U4048,2023-06-05,Sample tweet #DataSci
TW4049,U4049,2023-03-31,Sample tweet #SQL
TW4050,U4050,2023-02-27,Sample tweet #AgriTech
TW4051,U4051,2023-03-26,Sample tweet #DataSci
TW4052,U4052,2023-11-12,Sample tweet #Analytics
TW4053,U4053,2023-09-24,Sample tweet #SQL
TW4054,U4054,2023-10-17,Sample tweet #SQL
TW4055,U4055,2023-07-03,Sample tweet #AgriTech
TW4056,U4056,2023-12-24,Sample tweet #AgriTech
TW4057,U4057,2023-02-28,Sample tweet #Analytics
TW4058,U4058,2023-08-23,Sample tweet #SQL
TW4059,U4059,2023-04-28,Sample tweet #SQL
TW4060,U4060,2023-09-02,Sample tweet #Analytics
TW4061,U4061,2023-03-20,Sample tweet #SQL
TW4062,U4062,2023-04-16,Sample tweet #Analytics
TW4063,U4063,2023-10-22,Sample tweet #DataSci
TW4064,U4064,2023-02-15,Sample tweet #Analytics
TW4065,U4065,2023-09-13,Sample tweet #Analytics
TW4066,U4066,2023-07-25,Sample tweet #SQL
TW4067,U4067,2023-10-20,Sample tweet #SQL
TW4068,U4068,2023-09-25,Sample tweet #AgriTech
TW4069,U4069,2023-08-07,Sample tweet #SQL
TW4070,U4070,2023-12-27,Sample tweet #AgriTech
TW4071,U4071,2023-07-10,Sample tweet #Analytics
TW4072,U4072,2023-08-24,Sample tweet #Analytics
TW4073,U4073,2023-12-18,Sample tweet #SQL
TW4074,U4074,2023-12-23,Sample tweet #Analytics
TW4075,U4075,2023-02-01,Sample tweet #SQL
TW4076,U4076,2023-10-12,Sample tweet #AgriTech
TW4077,U4077,2023-04-27,Sample tweet #DataSci
TW4078,U4078,2023-06-30,Sample tweet #SQL
TW4079,U4079,2023-11-24,Sample tweet #DataSci
TW4080,U4080,2023-08-19,Sample tweet #Analytics
TW4081,U4081,2023-12-14,Sample tweet #SQL
TW4082,U4082,2023-02-14,Sample tweet #Analytics
TW4083,U4083,2023-02-03,Sample tweet #Analytics
TW4084,U4084,2023-08-25,Sample tweet #DataSci
TW4085,U4085,2023-09-21,Sample tweet #Analytics
TW4086,U4086,2023-08-08,Sample tweet #Analytics
TW4087,U4087,2023-10-05,Sample tweet #Analytics
TW4088,U4088,2023-10-18,Sample tweet #Analytics
TW4089,U4089,2023-08-11,Sample tweet #DataSci
TW4090,U4090,2023-03-08,Sample tweet #SQL
TW4091,U4091,2023-07-28,Sample tweet #Analytics
TW4092,U4092,2023-12-05,Sample tweet #DataSci
TW4093,U4093,2023-07-29,Sample tweet #AgriTech
TW4094,U4094,2023-07-26,Sample tweet #AgriTech
TW4095,U4095,2023-01-22,Sample tweet #SQL
TW4096,U4096,2023-05-03,Sample tweet #SQL
TW4097,U4097,2023-12-29,Sample tweet #DataSci
TW4098,U4098,2023-01-02,Sample tweet #Analytics
TW4099,U4099,2023-04-28,Sample tweet #AgriTech
TW4100,U4100,2023-09-03,Sample tweet #DataSci
TW4101,U4101,2023-08-18,Sample tweet #Analytics
TW4102,U4102,2023-09-08,Sample tweet #Analytics
TW4103,U4103,2023-06-20,Sample tweet #AgriTech
TW4104,U4104,2023-02-05,Sample tweet #Analytics
TW4105,U4105,2023-11-02,Sample tweet #DataSci
TW4106,U4106,2023-07-29,Sample tweet #Analytics
TW4107,U4107,2023-12-29,Sample tweet #SQL
TW4108,U4108,2023-12-11,Sample tweet #Analytics
TW4109,U4109,2023-01-28,Sample tweet #AgriTech
TW4110,U4110,2023-05-24,Sample tweet #Analytics
TW4111,U4111,2023-02-11,Sample tweet #Analytics
TW4112,U4112,2023-02-04,Sample tweet #SQL
TW4113,U4113,2023-11-28,Sample tweet #Analytics
TW4114,U4114,2023-12-21,Sample tweet #Analytics
TW4115,U4115,2023-10-02,Sample tweet #Analytics
TW4116,U4116,2023-01-27,Sample tweet #AgriTech
TW4117,U4117,2023-12-27,Sample tweet #DataSci
TW4118,U4118,2023-09-27,Sample tweet #Analytics
TW4119,U4119,2023-09-03,Sample tweet #AgriTech
TW4120,U4120,2023-06-21,Sample tweet #AgriTech
TW4121,U4121,2023-05-20,Sample tweet #Analytics
TW4122,U4122,2023-01-08,Sample tweet #DataSci
TW4123,U4123,2023-05-23,Sample tweet #SQL
TW4124,U4124,2023-03-26,Sample tweet #SQL
TW4125,U4125,2023-07-08,Sample tweet #AgriTech
TW4126,U4126,2023-11-28,Sample tweet #Analytics
TW4127,U4127,2023-07-06,Sample tweet #DataSci
TW4128,U4128,2023-04-21,Sample tweet #SQL
TW4129,U4129,2023-06-17,Sample tweet #Analytics
TW4130,U4130,2023-08-03,Sample tweet #AgriTech
TW4131,U4131,2023-01-02,Sample tweet #DataSci
TW4132,U4132,2023-05-04,Sample tweet #DataSci
TW4133,U4133,2023-01-22,Sample tweet #Analytics
TW4134,U4134,2023-12-11,Sample tweet #SQL
TW4135,U4135,2023-04-22,Sample tweet #DataSci
TW4136,U4136,2023-11-01,Sample tweet #SQL
TW4137,U4137,2023-02-21,Sample tweet #SQL
TW4138,U4138,2023-01-17,Sample tweet #SQL
TW4139,U4139,2023-03-08,Sample tweet #Analytics
TW4140,U4140,2023-06-30,Sample tweet #SQL
TW4141,U4141,2023-05-26,Sample tweet #AgriTech
TW4142,U4142,2023-08-13,Sample tweet #DataSci
TW4143,U4143,2023-07-30,Sample tweet #Analytics
TW4144,U4144,2023-06-14,Sample tweet #DataSci
TW4145,U4145,2023-12-01,Sample tweet #AgriTech
TW4146,U4146,2023-08-05,Sample tweet #DataSci
TW4147,U4147,2023-08-16,Sample tweet #Analytics
TW4148,U4148,2023-07-13,Sample tweet #DataSci
TW4149,U4149,2023-03-22,Sample tweet #AgriTech
TW4150,U4150,2023-10-01,Sample tweet #DataSci
TW4151,U4151,2023-09-17,Sample tweet #Analytics
TW4152,U4152,2023-01-19,Sample tweet #DataSci
TW4153,U4153,2023-03-31,Sample tweet #Analytics
TW4154,U4154,2023-06-28,Sample tweet #Analytics
TW4155,U4155,2023-12-08,Sample tweet #SQL
TW4156,U4156,2023-09-03,Sample tweet #Analytics
TW4157,U4157,2023-04-15,Sample tweet #SQL
TW4158,U4158,2023-10-12,Sample tweet #AgriTech
TW4159,U4159,2023-02-27,Sample tweet #DataSci
TW4160,U4160,2023-12-20,Sample tweet #AgriTech
TW4161,U4161,2023-06-05,Sample tweet #AgriTech
TW4162,U4162,2023-12-01,Sample tweet #Analytics
TW4163,U4163,2023-03-06,Sample tweet #SQL
TW4164,U4164,2023-10-29,Sample tweet #Analytics
TW4165,U4165,2023-06-23,Sample tweet #SQL
TW4166,U4166,2023-12-28,Sample tweet #DataSci
TW4167,U4167,2023-01-08,Sample tweet #SQL
TW4168,U4168,2023-08-18,Sample tweet #Analytics
TW4169,U4169,2023-03-20,Sample tweet #AgriTech
TW4170,U4170,2023-12-01,Sample tweet #AgriTech
TW4171,U4171,2023-04-11,Sample tweet #AgriTech
TW4172,U4172,2023-08-23,Sample tweet #DataSci
TW4173,U4173,2023-02-28,Sample tweet #SQL
TW4174,U4174,2023-09-04,Sample tweet #AgriTech
TW4175,U4175,2023-01-14,Sample tweet #Analytics
TW4176,U4176,2023-04-14,Sample tweet #Analytics
TW4177,U4177,2023-07-15,Sample tweet #AgriTech
TW4178,U4178,2023-07-28,Sample tweet #DataSci
TW4179,U4179,2023-05-21,Sample tweet #Analytics
TW4180,U4180,2023-09-12,Sample tweet #DataSci
TW4181,U4181,2023-04-26,Sample tweet #Analytics
TW4182,U4182,2023-07-17,Sample tweet #DataSci
TW4183,U4183,2023-08-27,Sample tweet #Analytics
TW4184,U4184,2023-02-23,Sample tweet #AgriTech
TW4185,U4185,2023-09-05,Sample tweet #Analytics
TW4186,U4186,2023-08-03,Sample tweet #Analytics
TW4187,U4187,2023-04-20,Sample tweet #SQL
TW4188,U4188,2023-06-03,Sample tweet #SQL
TW4189,U4189,2023-11-09,Sample tweet #Analytics
TW4190,U4190,2023-11-23,Sample tweet #DataSci
TW4191,U4191,2023-03-03,Sample tweet #Analytics
TW4192,U4192,2023-04-01,Sample tweet #SQL
TW4193,U4193,2023-09-09,Sample tweet #Analytics
TW4194,U4194,2023-01-28,Sample tweet #AgriTech
TW4195,U4195,2023-11-19,Sample tweet #SQL
TW4196,U4196,2023-01-12,Sample tweet #Analytics
TW4197,U4197,2023-01-07,Sample tweet #SQL
TW4198,U4198,2023-08-09,Sample tweet #AgriTech
TW4199,U4199,2023-07-21,Sample tweet #DataSci
TW4200,U4200,2023-02-05,Sample tweet #AgriTech
TW4201,U4201,2023-04-14,Sample tweet #SQL
TW4202,U4202,2023-01-08,Sample tweet #SQL
TW4203,U4203,2023-12-03,Sample tweet #SQL
TW4204,U4204,2023-06-17,Sample tweet #AgriTech
TW4205,U4205,2023-09-07,Sample tweet #Analytics
TW4206,U4206,2023-07-09,Sample tweet #DataSci
TW4207,U4207,2023-03-18,Sample tweet #DataSci
TW4208,U4208,2023-11-19,Sample tweet #DataSci
TW4209,U4209,2023-04-13,Sample tweet #DataSci
TW4210,U4210,2023-09-15,Sample tweet #Analytics
TW4211,U4211,2023-02-10,Sample tweet #SQL
TW4212,U4212,2023-10-10,Sample tweet #SQL
TW4213,U4213,2023-03-17,Sample tweet #AgriTech
TW4214,U4214,2023-12-29,Sample tweet #DataSci
TW4215,U4215,2023-09-13,Sample tweet #SQL
TW4216,U4216,2023-01-08,Sample tweet #DataSci
TW4217,U4217,2023-01-08,Sample tweet #AgriTech
TW4218,U4218,2023-05-31,Sample tweet #DataSci
TW4219,U4219,2023-03-13,Sample tweet #Analytics
TW4220,U4220,2023-04-12,Sample tweet #AgriTech
TW4221,U4221,2023-08-22,Sample tweet #Analytics
TW4222,U4222,2023-10-06,Sample tweet #Analytics
TW4223,U4223,2023-10-07,Sample tweet #Analytics
TW4224,U4224,2023-02-28,Sample tweet #Analytics
TW4225,U4225,2023-05-12,Sample tweet #Analytics
TW4226,U4226,2023-05-06,Sample tweet #AgriTech
TW4227,U4227,2023-09-01,Sample tweet #AgriTech
TW4228,U4228,2023-05-10,Sample tweet #DataSci
TW4229,U4229,2023-03-19,Sample tweet #DataSci
TW4230,U4230,2023-03-16,Sample tweet #DataSci
TW4231,U4231,2023-01-26,Sample tweet #Analytics
TW4232,U4232,2023-07-10,Sample tweet #AgriTech
TW4233,U4233,2023-10-15,Sample tweet #AgriTech
TW4234,U4234,2023-09-08,Sample tweet #Analytics
TW4235,U4235,2023-12-07,Sample tweet #DataSci
TW4236,U4236,2023-01-10,Sample tweet #AgriTech
TW4237,U4237,2023-10-13,Sample tweet #SQL
TW4238,U4238,2023-07-20,Sample tweet #SQL
TW4239,U4239,2023-09-23,Sample tweet #Analytics
TW4240,U4240,2023-07-16,Sample tweet #SQL
TW4241,U4241,2023-06-06,Sample tweet #AgriTech
TW4242,U4242,2023-06-20,Sample tweet #SQL
TW4243,U4243,2023-07-20,Sample tweet #Analytics
TW4244,U4244,2023-05-08,Sample tweet #SQL
TW4245,U4245,2023-12-24,Sample tweet #SQL
TW4246,U4246,2023-06-18,Sample tweet #SQL
TW4247,U4247,2023-06-20,Sample tweet #Analytics
TW4248,U4248,2023-08-21,Sample tweet #Analytics
TW4249,U4249,2023-04-17,Sample tweet #DataSci
TW4250,U4250,2023-10-10,Sample tweet #SQL
TW4251,U4251,2023-01-16,Sample tweet #AgriTech
TW4252,U4252,2024-01-01,Sample tweet #AgriTech
TW4253,U4253,2023-12-02,Sample tweet #AgriTech
TW4254,U4254,2023-11-12,Sample tweet #Analytics
TW4255,U4255,2023-08-08,Sample tweet #DataSci
TW4256,U4256,2023-01-12,Sample tweet #Analytics
TW4257,U4257,2023-02-04,Sample tweet #DataSci
TW4258,U4258,2023-06-03,Sample tweet #SQL
TW4259,U4259,2023-11-29,Sample tweet #DataSci
TW4260,U4260,2023-07-15,Sample tweet #DataSci
TW4261,U4261,2023-05-06,Sample tweet #DataSci
TW4262,U4262,2023-03-30,Sample tweet #AgriTech
TW4263,U4263,2023-04-27,Sample tweet #SQL
TW4264,U4264,2023-07-07,Sample tweet #Analytics
TW4265,U4265,2023-03-29,Sample tweet #Analytics
TW4266,U4266,2023-01-20,Sample tweet #DataSci
TW4267,U4267,2023-05-09,Sample tweet #AgriTech
TW4268,U4268,2023-04-10,Sample tweet #Analytics
TW4269,U4269,2023-01-08,Sample tweet #DataSci
TW4270,U4270,2023-10-21,Sample tweet #SQL
TW4271,U4271,2023-07-20,Sample tweet #DataSci
TW4272,U4272,2023-02-12,Sample tweet #SQL
TW4273,U4273,2023-05-20,Sample tweet #DataSci
TW4274,U4274,2023-07-11,Sample tweet #AgriTech
TW4275,U4275,2023-05-05,Sample tweet #AgriTech
TW4276,U4276,2023-10-05,Sample tweet #Analytics
TW4277,U4277,2023-04-21,Sample tweet #Analytics
TW4278,U4278,2023-07-17,Sample tweet #Analytics
TW4279,U4279,2023-01-14,Sample tweet #SQL
TW4280,U4280,2023-12-29,Sample tweet #DataSci
TW4281,U4281,2023-08-28,Sample tweet #DataSci
TW4282,U4282,2023-05-07,Sample tweet #AgriTech
TW4283,U4283,2023-09-16,Sample tweet #AgriTech
TW4284,U4284,2023-09-23,Sample tweet #SQL
TW4285,U4285,2023-07-31,Sample tweet #SQL
TW4286,U4286,2023-05-29,Sample tweet #AgriTech
TW4287,U4287,2023-03-15,Sample tweet #SQL
TW4288,U4288,2023-04-30,Sample tweet #SQL
TW4289,U4289,2023-07-04,Sample tweet #Analytics
TW4290,U4290,2023-08-30,Sample tweet #SQL
TW4291,U4291,2023-12-19,Sample tweet #AgriTech
TW4292,U4292,2023-04-19,Sample tweet #DataSci
TW4293,U4293,2023-08-26,Sample tweet #SQL
TW4294,U4294,2023-12-31,Sample tweet #SQL
TW4295,U4295,2023-01-21,Sample tweet #SQL
TW4296,U4296,2023-06-14,Sample tweet #DataSci
TW4297,U4297,2023-01-20,Sample tweet #AgriTech
TW4298,U4298,2023-01-11,Sample tweet #SQL
TW4299,U4299,2023-08-06,Sample tweet #DataSci
TW4300,U4300,2023-02-24,Sample tweet #Analytics
TW4301,U4301,2023-02-08,Sample tweet #DataSci
TW4302,U4302,2023-02-04,Sample tweet #SQL
TW4303,U4303,2023-11-23,Sample tweet #Analytics
TW4304,U4304,2023-08-04,Sample tweet #AgriTech
TW4305,U4305,2023-10-10,Sample tweet #Analytics
TW4306,U4306,2023-03-29,Sample tweet #DataSci
TW4307,U4307,2023-01-15,Sample tweet #SQL
TW4308,U4308,2023-02-23,Sample tweet #SQL
TW4309,U4309,2023-04-16,Sample tweet #SQL
TW4310,U4310,2023-01-26,Sample tweet #SQL
TW4311,U4311,2023-10-06,Sample tweet #DataSci
TW4312,U4312,2023-04-14,Sample tweet #AgriTech
TW4313,U4313,2023-08-27,Sample tweet #DataSci
TW4314,U4314,2023-04-12,Sample tweet #Analytics
TW4315,U4315,2023-04-07,Sample tweet #SQL
TW4316,U4316,2023-05-15,Sample tweet #SQL
TW4317,U4317,2023-12-22,Sample tweet #Analytics
TW4318,U4318,2023-11-27,Sample tweet #AgriTech
TW4319,U4319,2023-05-03,Sample tweet #DataSci
TW4320,U4320,2023-08-07,Sample tweet #SQL
TW4321,U4321,2023-12-12,Sample tweet #SQL
TW4322,U4322,2023-10-01,Sample tweet #SQL
TW4323,U4323,2023-10-07,Sample tweet #AgriTech
TW4324,U4324,2023-04-07,Sample tweet #Analytics
TW4325,U4325,2023-01-31,Sample tweet #DataSci
TW4326,U4326,2023-01-12,Sample tweet #AgriTech
TW4327,U4327,2023-04-25,Sample tweet #AgriTech
TW4328,U4328,2023-01-20,Sample tweet #Analytics
TW4329,U4329,2023-09-17,Sample tweet #Analytics
TW4330,U4330,2023-08-10,Sample tweet #AgriTech
TW4331,U4331,2023-08-13,Sample tweet #Analytics
TW4332,U4332,2023-08-28,Sample tweet #DataSci
TW4333,U4333,2023-04-02,Sample tweet #SQL
TW4334,U4334,2023-12-24,Sample tweet #DataSci
TW4335,U4335,2023-08-21,Sample tweet #SQL
TW4336,U4336,2023-06-14,Sample tweet #DataSci
TW4337,U4337,2023-08-01,Sample tweet #Analytics
TW4338,U4338,2023-05-10,Sample tweet #AgriTech
TW4339,U4339,2023-01-14,Sample tweet #AgriTech
TW4340,U4340,2023-01-20,Sample tweet #SQL
TW4341,U4341,2023-02-14,Sample tweet #SQL
TW4342,U4342,2023-08-02,Sample tweet #SQL
TW4343,U4343,2023-07-14,Sample tweet #SQL
TW4344,U4344,2023-07-26,Sample tweet #Analytics
TW4345,U4345,2023-07-15,Sample tweet #SQL
TW4346,U4346,2023-03-29,Sample tweet #AgriTech
TW4347,U4347,2023-03-15,Sample tweet #Analytics
TW4348,U4348,2023-05-02,Sample tweet #SQL
TW4349,U4349,2023-09-20,Sample tweet #Analytics
TW4350,U4350,2023-12-25,Sample tweet #SQL
TW4351,U4351,2023-04-18,Sample tweet #DataSci
TW4352,U4352,2023-07-26,Sample tweet #Analytics
TW4353,U4353,2023-05-02,Sample tweet #SQL
TW4354,U4354,2023-09-29,Sample tweet #DataSci
TW4355,U4355,2023-11-12,Sample tweet #DataSci
TW4356,U4356,2023-12-22,Sample tweet #AgriTech
TW4357,U4357,2023-02-16,Sample tweet #AgriTech
TW4358,U4358,2023-07-19,Sample tweet #DataSci
TW4359,U4359,2023-02-17,Sample tweet #AgriTech
TW4360,U4360,2023-12-10,Sample tweet #Analytics
TW4361,U4361,2023-09-27,Sample tweet #SQL
TW4362,U4362,2023-04-16,Sample tweet #DataSci
TW4363,U4363,2023-08-07,Sample tweet #Analytics
TW4364,U4364,2023-12-08,Sample tweet #AgriTech
TW4365,U4365,2023-10-30,Sample tweet #AgriTech
TW4366,U4366,2023-02-01,Sample tweet #DataSci
TW4367,U4367,2023-09-04,Sample tweet #Analytics
TW4368,U4368,2023-03-08,Sample tweet #SQL
TW4369,U4369,2023-11-07,Sample tweet #SQL
TW4370,U4370,2023-11-04,Sample tweet #Analytics
TW4371,U4371,2023-07-26,Sample tweet #SQL
TW4372,U4372,2023-04-23,Sample tweet #Analytics
TW4373,U4373,2023-02-08,Sample tweet #AgriTech
TW4374,U4374,2023-03-10,Sample tweet #Analytics
TW4375,U4375,2023-01-28,Sample tweet #SQL
TW4376,U4376,2023-12-18,Sample tweet #DataSci
TW4377,U4377,2023-06-13,Sample tweet #DataSci
TW4378,U4378,2023-10-13,Sample tweet #SQL
TW4379,U4379,2023-12-08,Sample tweet #Analytics
TW4380,U4380,2023-03-17,Sample tweet #SQL
TW4381,U4381,2023-05-16,Sample tweet #AgriTech
TW4382,U4382,2023-11-07,Sample tweet #DataSci
TW4383,U4383,2023-05-19,Sample tweet #AgriTech
TW4384,U4384,2023-04-12,Sample tweet #DataSci
TW4385,U4385,2023-08-11,Sample tweet #DataSci
TW4386,U4386,2023-10-29,Sample tweet #AgriTech
TW4387,U4387,2023-01-13,Sample tweet #AgriTech
TW4388,U4388,2023-06-01,Sample tweet #SQL
TW4389,U4389,2023-07-29,Sample tweet #AgriTech
TW4390,U4390,2023-10-15,Sample tweet #Analytics
TW4391,U4391,2023-02-20,Sample tweet #AgriTech
TW4392,U4392,2023-07-17,Sample tweet #AgriTech
TW4393,U4393,2023-12-03,Sample tweet #SQL
TW4394,U4394,2023-02-12,Sample tweet #AgriTech
TW4395,U4395,2023-01-25,Sample tweet #SQL
TW4396,U4396,2023-01-27,Sample tweet #Analytics
TW4397,U4397,2023-03-07,Sample tweet #DataSci
TW4398,U4398,2023-05-11,Sample tweet #DataSci
TW4399,U4399,2023-04-09,Sample tweet #SQL
TW4400,U4400,2023-12-08,Sample tweet #SQL
TW4401,U4401,2023-10-29,Sample tweet #AgriTech
TW4402,U4402,2023-10-19,Sample tweet #SQL
TW4403,U4403,2023-01-17,Sample tweet #DataSci
TW4404,U4404,2023-10-11,Sample tweet #AgriTech
TW4405,U4405,2023-09-28,Sample tweet #SQL
TW4406,U4406,2023-11-12,Sample tweet #DataSci
TW4407,U4407,2023-04-20,Sample tweet #SQL
TW4408,U4408,2023-05-04,Sample tweet #Analytics
TW4409,U4409,2023-11-24,Sample tweet #Analytics
TW4410,U4410,2023-03-24,Sample tweet #DataSci
TW4411,U4411,2023-10-27,Sample tweet #Analytics
TW4412,U4412,2023-05-23,Sample tweet #SQL
TW4413,U4413,2023-08-20,Sample tweet #AgriTech
TW4414,U4414,2023-11-13,Sample tweet #AgriTech
TW4415,U4415,2023-03-10,Sample tweet #SQL
TW4416,U4416,2023-03-20,Sample tweet #DataSci
TW4417,U4417,2023-01-05,Sample tweet #Analytics
TW4418,U4418,2023-12-26,Sample tweet #DataSci
TW4419,U4419,2023-09-16,Sample tweet #Analytics
TW4420,U4420,2023-03-22,Sample tweet #SQL
TW4421,U4421,2023-05-10,Sample tweet #AgriTech
TW4422,U4422,2023-07-17,Sample tweet #AgriTech
TW4423,U4423,2023-05-03,Sample tweet #DataSci
TW4424,U4424,2023-01-19,Sample tweet #AgriTech
TW4425,U4425,2023-06-11,Sample tweet #SQL
TW4426,U4426,2023-03-02,Sample tweet #SQL
TW4427,U4427,2023-01-31,Sample tweet #Analytics
TW4428,U4428,2023-10-26,Sample tweet #AgriTech
TW4429,U4429,2023-03-22,Sample tweet #AgriTech
TW4430,U4430,2023-11-15,Sample tweet #Analytics
TW4431,U4431,2023-06-09,Sample tweet #Analytics
TW4432,U4432,2023-01-05,Sample tweet #Analytics
TW4433,U4433,2023-09-13,Sample tweet #SQL
TW4434,U4434,2023-04-13,Sample tweet #DataSci
TW4435,U4435,2023-04-07,Sample tweet #SQL
TW4436,U4436,2023-12-24,Sample tweet #AgriTech
TW4437,U4437,2023-11-24,Sample tweet #AgriTech
TW4438,U4438,2023-11-19,Sample tweet #DataSci
TW4439,U4439,2023-02-23,Sample tweet #DataSci
TW4440,U4440,2023-06-06,Sample tweet #AgriTech
TW4441,U4441,2023-04-03,Sample tweet #DataSci
TW4442,U4442,2023-03-03,Sample tweet #Analytics
TW4443,U4443,2023-08-30,Sample tweet #DataSci
TW4444,U4444,2023-12-01,Sample tweet #SQL
TW4445,U4445,2023-03-30,Sample tweet #DataSci
TW4446,U4446,2023-07-01,Sample tweet #AgriTech
TW4447,U4447,2023-04-30,Sample tweet #Analytics
TW4448,U4448,2023-01-09,Sample tweet #SQL
TW4449,U4449,2023-01-02,Sample tweet #Analytics
TW4450,U4450,2023-03-10,Sample tweet #DataSci
TW4451,U4451,2023-01-10,Sample tweet #AgriTech
TW4452,U4452,2023-07-03,Sample tweet #DataSci
TW4453,U4453,2023-08-14,Sample tweet #Analytics
TW4454,U4454,2023-04-20,Sample tweet #DataSci
TW4455,U4455,2023-07-28,Sample tweet #AgriTech
TW4456,U4456,2023-09-29,Sample tweet #DataSci
TW4457,U4457,2023-04-22,Sample tweet #DataSci
TW4458,U4458,2023-04-19,Sample tweet #AgriTech
TW4459,U4459,2023-03-03,Sample tweet #AgriTech
TW4460,U4460,2023-01-05,Sample tweet #DataSci
TW4461,U4461,2023-02-24,Sample tweet #AgriTech
TW4462,U4462,2023-09-14,Sample tweet #AgriTech
TW4463,U4463,2023-06-07,Sample tweet #Analytics
TW4464,U4464,2023-07-03,Sample tweet #Analytics
TW4465,U4465,2023-12-17,Sample tweet #Analytics
TW4466,U4466,2023-09-27,Sample tweet #AgriTech
TW4467,U4467,2023-09-01,Sample tweet #Analytics
TW4468,U4468,2023-10-04,Sample tweet #AgriTech
TW4469,U4469,2023-06-11,Sample tweet #SQL
TW4470,U4470,2023-12-14,Sample tweet #AgriTech
TW4471,U4471,2023-11-24,Sample tweet #AgriTech
TW4472,U4472,2023-05-06,Sample tweet #DataSci
TW4473,U4473,2023-05-01,Sample tweet #AgriTech
TW4474,U4474,2023-08-14,Sample tweet #SQL
TW4475,U4475,2023-10-06,Sample tweet #Analytics
TW4476,U4476,2023-04-06,Sample tweet #AgriTech
TW4477,U4477,2023-03-23,Sample tweet #AgriTech
TW4478,U4478,2023-12-13,Sample tweet #AgriTech
TW4479,U4479,2023-04-27,Sample tweet #AgriTech
TW4480,U4480,2023-11-22,Sample tweet #DataSci
TW4481,U4481,2023-02-08,Sample tweet #AgriTech
TW4482,U4482,2023-02-12,Sample tweet #Analytics
TW4483,U4483,2023-12-30,Sample tweet #Analytics
TW4484,U4484,2023-05-22,Sample tweet #Analytics
TW4485,U4485,2023-05-18,Sample tweet #SQL
TW4486,U4486,2023-08-12,Sample tweet #SQL
TW4487,U4487,2023-08-11,Sample tweet #SQL
TW4488,U4488,2023-02-19,Sample tweet #DataSci
TW4489,U4489,2023-08-17,Sample tweet #AgriTech
TW4490,U4490,2023-03-22,Sample tweet #DataSci
TW4491,U4491,2023-04-09,Sample tweet #Analytics
TW4492,U4492,2023-04-06,Sample tweet #SQL
TW4493,U4493,2023-12-25,Sample tweet #AgriTech
TW4494,U4494,2023-02-07,Sample tweet #AgriTech
TW4495,U4495,2023-10-25,Sample tweet #DataSci
TW4496,U4496,2023-10-20,Sample tweet #SQL
TW4497,U4497,2023-07-06,Sample tweet #AgriTech
TW4498,U4498,2023-12-10,Sample tweet #DataSci
TW4499,U4499,2023-10-04,Sample tweet #AgriTech
TW4500,U4500,2023-02-03,Sample tweet #AgriTech
TW4501,U4501,2023-07-18,Sample tweet #SQL
TW4502,U4502,2023-04-20,Sample tweet #DataSci
TW4503,U4503,2023-07-31,Sample tweet #AgriTech
TW4504,U4504,2023-10-10,Sample tweet #Analytics
TW4505,U4505,2023-10-18,Sample tweet #AgriTech
TW4506,U4506,2023-06-26,Sample tweet #DataSci
TW4507,U4507,2023-03-21,Sample tweet #SQL
TW4508,U4508,2023-05-23,Sample tweet #SQL
TW4509,U4509,2023-04-02,Sample tweet #SQL
TW4510,U4510,2023-09-22,Sample tweet #Analytics
TW4511,U4511,2023-04-17,Sample tweet #DataSci
TW4512,U4512,2023-06-06,Sample tweet #Analytics
TW4513,U4513,2023-01-13,Sample tweet #SQL
TW4514,U4514,2023-06-20,Sample tweet #SQL
TW4515,U4515,2023-09-11,Sample tweet #SQL
TW4516,U4516,2023-03-28,Sample tweet #AgriTech
TW4517,U4517,2023-10-23,Sample tweet #AgriTech
TW4518,U4518,2023-03-03,Sample tweet #Analytics
TW4519,U4519,2023-09-29,Sample tweet #SQL
TW4520,U4520,2023-08-15,Sample tweet #DataSci
TW4521,U4521,2023-10-29,Sample tweet #SQL
TW4522,U4522,2023-04-19,Sample tweet #Analytics
TW4523,U4523,2023-06-21,Sample tweet #SQL
TW4524,U4524,2023-09-21,Sample tweet #SQL
TW4525,U4525,2023-03-19,Sample tweet #DataSci
TW4526,U4526,2023-03-09,Sample tweet #Analytics
TW4527,U4527,2023-02-09,Sample tweet #SQL
TW4528,U4528,2023-10-06,Sample tweet #AgriTech
TW4529,U4529,2023-08-07,Sample tweet #Analytics
TW4530,U4530,2023-01-10,Sample tweet #SQL
TW4531,U4531,2023-09-20,Sample tweet #AgriTech
TW4532,U4532,2023-08-02,Sample tweet #AgriTech
TW4533,U4533,2023-08-13,Sample tweet #Analytics
TW4534,U4534,2023-08-09,Sample tweet #Analytics
TW4535,U4535,2023-02-01,Sample tweet #AgriTech
TW4536,U4536,2023-05-26,Sample tweet #Analytics
TW4537,U4537,2023-08-24,Sample tweet #Analytics
TW4538,U4538,2023-07-08,Sample tweet #AgriTech
TW4539,U4539,2023-05-14,Sample tweet #SQL
TW4540,U4540,2023-12-11,Sample tweet #SQL
TW4541,U4541,2023-01-12,Sample tweet #Analytics
TW4542,U4542,2023-05-13,Sample tweet #Analytics
TW4543,U4543,2023-09-05,Sample tweet #Analytics
TW4544,U4544,2023-10-08,Sample tweet #SQL
TW4545,U4545,2023-09-15,Sample tweet #AgriTech
TW4546,U4546,2023-12-17,Sample tweet #DataSci
TW4547,U4547,2023-09-13,Sample tweet #DataSci
TW4548,U4548,2023-05-06,Sample tweet #AgriTech
TW4549,U4549,2023-10-26,Sample tweet #Analytics
TW4550,U4550,2023-04-20,Sample tweet #AgriTech
TW4551,U4551,2023-10-28,Sample tweet #AgriTech
TW4552,U4552,2023-03-22,Sample tweet #DataSci
TW4553,U4553,2023-09-04,Sample tweet #SQL
TW4554,U4554,2023-02-14,Sample tweet #Analytics
TW4555,U4555,2023-10-20,Sample tweet #SQL
TW4556,U4556,2023-08-16,Sample tweet #Analytics
TW4557,U4557,2023-05-29,Sample tweet #Analytics
TW4558,U4558,2023-10-26,Sample tweet #Analytics
TW4559,U4559,2023-01-15,Sample tweet #Analytics
TW4560,U4560,2023-06-11,Sample tweet #SQL
TW4561,U4561,2023-05-21,Sample tweet #SQL
TW4562,U4562,2023-12-20,Sample tweet #SQL
TW4563,U4563,2023-01-27,Sample tweet #SQL
TW4564,U4564,2023-07-24,Sample tweet #Analytics
TW4565,U4565,2023-11-21,Sample tweet #Analytics
TW4566,U4566,2023-02-22,Sample tweet #SQL
TW4567,U4567,2023-07-03,Sample tweet #Analytics
TW4568,U4568,2023-02-28,Sample tweet #AgriTech
TW4569,U4569,2023-02-03,Sample tweet #DataSci
TW4570,U4570,2023-02-06,Sample tweet #Analytics
TW4571,U4571,2023-08-19,Sample tweet #DataSci
TW4572,U4572,2023-03-08,Sample tweet #SQL
TW4573,U4573,2023-05-09,Sample tweet #SQL
TW4574,U4574,2023-03-06,Sample tweet #AgriTech
TW4575,U4575,2023-03-24,Sample tweet #AgriTech
TW4576,U4576,2023-12-31,Sample tweet #DataSci
TW4577,U4577,2023-12-31,Sample tweet #Analytics
TW4578,U4578,2023-11-25,Sample tweet #SQL
TW4579,U4579,2023-10-06,Sample tweet #SQL
TW4580,U4580,2023-02-27,Sample tweet #SQL
TW4581,U4581,2023-04-27,Sample tweet #DataSci
TW4582,U4582,2023-10-13,Sample tweet #SQL
TW4583,U4583,2023-03-09,Sample tweet #AgriTech
TW4584,U4584,2023-12-09,Sample tweet #Analytics
TW4585,U4585,2023-06-28,Sample tweet #AgriTech
TW4586,U4586,2023-10-22,Sample tweet #SQL
TW4587,U4587,2023-07-20,Sample tweet #DataSci
TW4588,U4588,2023-05-31,Sample tweet #AgriTech
TW4589,U4589,2023-12-29,Sample tweet #AgriTech
TW4590,U4590,2023-05-07,Sample tweet #AgriTech
TW4591,U4591,2023-12-01,Sample tweet #SQL
TW4592,U4592,2023-05-09,Sample tweet #SQL
TW4593,U4593,2023-04-10,Sample tweet #AgriTech
TW4594,U4594,2023-03-13,Sample tweet #AgriTech
TW4595,U4595,2023-10-30,Sample tweet #DataSci
TW4596,U4596,2023-09-22,Sample tweet #DataSci
TW4597,U4597,2023-03-23,Sample tweet #Analytics
TW4598,U4598,2023-02-09,Sample tweet #SQL
TW4599,U4599,2023-12-09,Sample tweet #SQL
TW4600,U4600,2023-09-15,Sample tweet #SQL
TW4601,U4601,2023-11-22,Sample tweet #SQL
TW4602,U4602,2023-04-05,Sample tweet #DataSci
TW4603,U4603,2023-05-30,Sample tweet #DataSci
TW4604,U4604,2023-09-05,Sample tweet #Analytics
TW4605,U4605,2023-06-28,Sample tweet #AgriTech
TW4606,U4606,2023-06-28,Sample tweet #SQL
TW4607,U4607,2023-04-02,Sample tweet #DataSci
TW4608,U4608,2023-08-05,Sample tweet #Analytics
TW4609,U4609,2023-05-25,Sample tweet #SQL
TW4610,U4610,2023-06-18,Sample tweet #AgriTech
TW4611,U4611,2023-05-18,Sample tweet #SQL
TW4612,U4612,2023-09-21,Sample tweet #AgriTech
TW4613,U4613,2023-09-23,Sample tweet #DataSci
TW4614,U4614,2023-03-14,Sample tweet #Analytics
TW4615,U4615,2023-01-12,Sample tweet #SQL
TW4616,U4616,2023-06-23,Sample tweet #Analytics
TW4617,U4617,2023-05-27,Sample tweet #Analytics
TW4618,U4618,2023-12-07,Sample tweet #AgriTech
TW4619,U4619,2023-10-05,Sample tweet #SQL
TW4620,U4620,2023-12-06,Sample tweet #Analytics
TW4621,U4621,2023-10-01,Sample tweet #DataSci
TW4622,U4622,2023-06-14,Sample tweet #AgriTech
TW4623,U4623,2023-12-18,Sample tweet #DataSci
TW4624,U4624,2023-03-12,Sample tweet #AgriTech
TW4625,U4625,2023-07-15,Sample tweet #Analytics
TW4626,U4626,2023-06-19,Sample tweet #Analytics
TW4627,U4627,2023-11-01,Sample tweet #Analytics
TW4628,U4628,2023-05-04,Sample tweet #SQL
TW4629,U4629,2023-02-16,Sample tweet #DataSci
TW4630,U4630,2023-11-29,Sample tweet #Analytics
TW4631,U4631,2023-07-20,Sample tweet #DataSci
TW4632,U4632,2023-05-21,Sample tweet #DataSci
TW4633,U4633,2023-11-22,Sample tweet #DataSci
TW4634,U4634,2023-11-08,Sample tweet #Analytics
TW4635,U4635,2023-05-28,Sample tweet #AgriTech
TW4636,U4636,2023-11-22,Sample tweet #SQL
TW4637,U4637,2023-11-11,Sample tweet #AgriTech
TW4638,U4638,2023-08-22,Sample tweet #Analytics
TW4639,U4639,2023-06-30,Sample tweet #Analytics
TW4640,U4640,2023-09-30,Sample tweet #AgriTech
TW4641,U4641,2023-06-06,Sample tweet #AgriTech
TW4642,U4642,2023-05-04,Sample tweet #SQL
TW4643,U4643,2023-08-01,Sample tweet #Analytics
TW4644,U4644,2023-05-01,Sample tweet #SQL
TW4645,U4645,2023-02-16,Sample tweet #SQL
TW4646,U4646,2023-07-19,Sample tweet #AgriTech
TW4647,U4647,2023-05-14,Sample tweet #DataSci
TW4648,U4648,2023-09-21,Sample tweet #SQL
TW4649,U4649,2023-01-06,Sample tweet #SQL
TW4650,U4650,2023-11-20,Sample tweet #AgriTech
TW4651,U4651,2023-07-20,Sample tweet #Analytics
TW4652,U4652,2023-01-27,Sample tweet #SQL
TW4653,U4653,2023-10-19,Sample tweet #SQL
TW4654,U4654,2023-04-12,Sample tweet #AgriTech
TW4655,U4655,2023-02-24,Sample tweet #Analytics
TW4656,U4656,2023-05-31,Sample tweet #Analytics
TW4657,U4657,2023-05-17,Sample tweet #DataSci
TW4658,U4658,2023-04-22,Sample tweet #AgriTech
TW4659,U4659,2023-10-31,Sample tweet #Analytics
TW4660,U4660,2023-05-03,Sample tweet #AgriTech
TW4661,U4661,2023-04-01,Sample tweet #SQL
TW4662,U4662,2023-08-10,Sample tweet #Analytics
TW4663,U4663,2023-05-16,Sample tweet #Analytics
TW4664,U4664,2023-11-06,Sample tweet #DataSci
TW4665,U4665,2023-09-30,Sample tweet #AgriTech
TW4666,U4666,2023-08-23,Sample tweet #SQL
TW4667,U4667,2023-09-28,Sample tweet #SQL
TW4668,U4668,2023-01-23,Sample tweet #DataSci
TW4669,U4669,2023-03-13,Sample tweet #SQL
TW4670,U4670,2023-07-27,Sample tweet #Analytics
TW4671,U4671,2023-04-05,Sample tweet #AgriTech
TW4672,U4672,2023-01-28,Sample tweet #DataSci
TW4673,U4673,2023-07-08,Sample tweet #Analytics
TW4674,U4674,2023-07-23,Sample tweet #AgriTech
TW4675,U4675,2023-06-06,Sample tweet #Analytics
TW4676,U4676,2023-03-15,Sample tweet #Analytics
TW4677,U4677,2023-09-04,Sample tweet #DataSci
TW4678,U4678,2023-03-29,Sample tweet #DataSci
TW4679,U4679,2023-04-03,Sample tweet #AgriTech
TW4680,U4680,2023-02-21,Sample tweet #SQL
TW4681,U4681,2023-05-12,Sample tweet #AgriTech
TW4682,U4682,2023-04-09,Sample tweet #Analytics
TW4683,U4683,2023-10-30,Sample tweet #AgriTech
TW4684,U4684,2023-01-31,Sample tweet #Analytics
TW4685,U4685,2023-10-31,Sample tweet #AgriTech
TW4686,U4686,2023-09-13,Sample tweet #DataSci
TW4687,U4687,2023-03-12,Sample tweet #Analytics
TW4688,U4688,2023-04-12,Sample tweet #SQL
TW4689,U4689,2023-12-07,Sample tweet #DataSci
TW4690,U4690,2023-12-26,Sample tweet #AgriTech
TW4691,U4691,2023-03-24,Sample tweet #AgriTech
TW4692,U4692,2023-07-22,Sample tweet #DataSci
TW4693,U4693,2023-03-15,Sample tweet #AgriTech
TW4694,U4694,2023-05-31,Sample tweet #AgriTech
TW4695,U4695,2023-08-24,Sample tweet #Analytics
TW4696,U4696,2024-01-01,Sample tweet #Analytics
TW4697,U4697,2023-04-02,Sample tweet #DataSci
TW4698,U4698,2023-07-23,Sample tweet #AgriTech
TW4699,U4699,2023-05-13,Sample tweet #AgriTech
TW4700,U4700,2023-02-23,Sample tweet #Analytics
TW4701,U4701,2023-01-11,Sample tweet #SQL
TW4702,U4702,2023-01-13,Sample tweet #AgriTech
TW4703,U4703,2023-11-04,Sample tweet #SQL
TW4704,U4704,2023-09-24,Sample tweet #AgriTech
TW4705,U4705,2023-06-24,Sample tweet #SQL
TW4706,U4706,2023-07-23,Sample tweet #SQL
TW4707,U4707,2023-06-03,Sample tweet #AgriTech
TW4708,U4708,2023-09-20,Sample tweet #Analytics
TW4709,U4709,2023-12-10,Sample tweet #DataSci
TW4710,U4710,2023-02-27,Sample tweet #SQL
TW4711,U4711,2023-11-02,Sample tweet #DataSci
TW4712,U4712,2023-08-28,Sample tweet #DataSci
TW4713,U4713,2023-12-26,Sample tweet #DataSci
TW4714,U4714,2023-03-25,Sample tweet #Analytics
TW4715,U4715,2023-01-27,Sample tweet #SQL
TW4716,U4716,2023-05-11,Sample tweet #AgriTech
TW4717,U4717,2023-06-28,Sample tweet #AgriTech
TW4718,U4718,2023-10-26,Sample tweet #Analytics
TW4719,U4719,2023-01-19,Sample tweet #AgriTech
TW4720,U4720,2023-10-18,Sample tweet #AgriTech
TW4721,U4721,2023-02-05,Sample tweet #SQL
TW4722,U4722,2023-02-25,Sample tweet #SQL
TW4723,U4723,2023-04-10,Sample tweet #AgriTech
TW4724,U4724,2023-05-11,Sample tweet #AgriTech
TW4725,U4725,2023-01-11,Sample tweet #AgriTech
TW4726,U4726,2023-03-29,Sample tweet #DataSci
TW4727,U4727,2023-09-15,Sample tweet #AgriTech
TW4728,U4728,2023-03-08,Sample tweet #DataSci
TW4729,U4729,2023-12-30,Sample tweet #AgriTech
TW4730,U4730,2023-08-16,Sample tweet #SQL
TW4731,U4731,2023-07-21,Sample tweet #Analytics
TW4732,U4732,2023-07-05,Sample tweet #DataSci
TW4733,U4733,2023-07-30,Sample tweet #DataSci
TW4734,U4734,2023-02-12,Sample tweet #DataSci
TW4735,U4735,2023-05-16,Sample tweet #DataSci
TW4736,U4736,2023-06-16,Sample tweet #AgriTech
TW4737,U4737,2023-10-22,Sample tweet #Analytics
TW4738,U4738,2023-02-03,Sample tweet #SQL
TW4739,U4739,2023-03-18,Sample tweet #SQL
TW4740,U4740,2023-07-16,Sample tweet #DataSci
TW4741,U4741,2023-07-16,Sample tweet #AgriTech
TW4742,U4742,2023-07-19,Sample tweet #SQL
TW4743,U4743,2023-06-29,Sample tweet #SQL
TW4744,U4744,2023-07-12,Sample tweet #SQL
TW4745,U4745,2023-05-30,Sample tweet #Analytics
TW4746,U4746,2023-08-08,Sample tweet #Analytics
TW4747,U4747,2023-05-27,Sample tweet #AgriTech
TW4748,U4748,2023-06-27,Sample tweet #Analytics
TW4749,U4749,2023-10-26,Sample tweet #DataSci
TW4750,U4750,2023-11-27,Sample tweet #AgriTech
TW4751,U4751,2023-12-09,Sample tweet #Analytics
TW4752,U4752,2023-04-01,Sample tweet #SQL
TW4753,U4753,2023-02-02,Sample tweet #SQL
TW4754,U4754,2023-09-02,Sample tweet #DataSci
TW4755,U4755,2023-08-14,Sample tweet #AgriTech
TW4756,U4756,2023-09-08,Sample tweet #SQL
TW4757,U4757,2023-12-11,Sample tweet #DataSci
TW4758,U4758,2023-09-14,Sample tweet #AgriTech
TW4759,U4759,2023-01-04,Sample tweet #DataSci
TW4760,U4760,2023-02-23,Sample tweet #AgriTech
TW4761,U4761,2023-12-27,Sample tweet #SQL
TW4762,U4762,2023-11-05,Sample tweet #AgriTech
TW4763,U4763,2023-07-22,Sample tweet #AgriTech
TW4764,U4764,2023-05-23,Sample tweet #SQL
TW4765,U4765,2023-10-29,Sample tweet #SQL
TW4766,U4766,2023-06-22,Sample tweet #DataSci
TW4767,U4767,2023-05-15,Sample tweet #DataSci
TW4768,U4768,2023-07-04,Sample tweet #AgriTech
TW4769,U4769,2023-09-06,Sample tweet #Analytics
TW4770,U4770,2023-11-06,Sample tweet #AgriTech
TW4771,U4771,2023-07-20,Sample tweet #SQL
TW4772,U4772,2023-07-17,Sample tweet #AgriTech
TW4773,U4773,2023-07-19,Sample tweet #SQL
TW4774,U4774,2023-03-26,Sample tweet #AgriTech
TW4775,U4775,2023-12-11,Sample tweet #SQL
TW4776,U4776,2023-03-30,Sample tweet #SQL
TW4777,U4777,2023-05-19,Sample tweet #Analytics
TW4778,U4778,2023-06-10,Sample tweet #Analytics
TW4779,U4779,2023-07-09,Sample tweet #SQL
TW4780,U4780,2023-09-18,Sample tweet #AgriTech
TW4781,U4781,2023-04-06,Sample tweet #SQL
TW4782,U4782,2023-06-16,Sample tweet #DataSci
TW4783,U4783,2023-09-01,Sample tweet #Analytics
TW4784,U4784,2023-09-11,Sample tweet #Analytics
TW4785,U4785,2023-07-27,Sample tweet #DataSci
TW4786,U4786,2023-08-13,Sample tweet #SQL
TW4787,U4787,2023-07-30,Sample tweet #DataSci
TW4788,U4788,2023-11-12,Sample tweet #Analytics
TW4789,U4789,2023-11-30,Sample tweet #Analytics
TW4790,U4790,2023-10-30,Sample tweet #Analytics
TW4791,U4791,2023-02-11,Sample tweet #SQL
TW4792,U4792,2023-03-17,Sample tweet #DataSci
TW4793,U4793,2023-02-15,Sample tweet #Analytics
TW4794,U4794,2023-05-29,Sample tweet #SQL
TW4795,U4795,2023-04-26,Sample tweet #DataSci
TW4796,U4796,2023-02-17,Sample tweet #AgriTech
TW4797,U4797,2023-03-17,Sample tweet #AgriTech
TW4798,U4798,2023-12-26,Sample tweet #DataSci
TW4799,U4799,2023-09-02,Sample tweet #DataSci
TW4800,U4800,2023-07-19,Sample tweet #DataSci
TW4801,U4801,2023-02-21,Sample tweet #AgriTech
TW4802,U4802,2023-08-04,Sample tweet #DataSci
TW4803,U4803,2023-10-13,Sample tweet #DataSci
TW4804,U4804,2023-10-13,Sample tweet #Analytics
TW4805,U4805,2023-07-27,Sample tweet #Analytics
TW4806,U4806,2023-10-23,Sample tweet #DataSci
TW4807,U4807,2023-10-27,Sample tweet #SQL
TW4808,U4808,2023-03-03,Sample tweet #DataSci
TW4809,U4809,2023-12-12,Sample tweet #AgriTech
TW4810,U4810,2023-05-27,Sample tweet #SQL
TW4811,U4811,2023-04-30,Sample tweet #DataSci
TW4812,U4812,2023-06-19,Sample tweet #Analytics
TW4813,U4813,2023-08-18,Sample tweet #DataSci
TW4814,U4814,2023-11-08,Sample tweet #Analytics
TW4815,U4815,2023-01-24,Sample tweet #Analytics
TW4816,U4816,2023-10-21,Sample tweet #DataSci
TW4817,U4817,2023-09-14,Sample tweet #AgriTech
TW4818,U4818,2023-03-07,Sample tweet #DataSci
TW4819,U4819,2023-10-25,Sample tweet #DataSci
TW4820,U4820,2023-02-22,Sample tweet #AgriTech
TW4821,U4821,2023-11-01,Sample tweet #DataSci
TW4822,U4822,2023-08-10,Sample tweet #DataSci
TW4823,U4823,2023-11-28,Sample tweet #Analytics
TW4824,U4824,2023-09-19,Sample tweet #SQL
TW4825,U4825,2023-08-17,Sample tweet #DataSci
TW4826,U4826,2023-11-21,Sample tweet #AgriTech
TW4827,U4827,2023-05-21,Sample tweet #AgriTech
TW4828,U4828,2023-12-20,Sample tweet #AgriTech
TW4829,U4829,2023-02-01,Sample tweet #SQL
TW4830,U4830,2023-01-07,Sample tweet #AgriTech
TW4831,U4831,2023-03-19,Sample tweet #AgriTech
TW4832,U4832,2023-10-08,Sample tweet #SQL
TW4833,U4833,2023-11-01,Sample tweet #DataSci
TW4834,U4834,2023-09-02,Sample tweet #AgriTech
TW4835,U4835,2023-12-10,Sample tweet #SQL
TW4836,U4836,2023-05-18,Sample tweet #SQL
TW4837,U4837,2023-03-17,Sample tweet #DataSci
TW4838,U4838,2023-10-24,Sample tweet #AgriTech
TW4839,U4839,2023-03-17,Sample tweet #Analytics
TW4840,U4840,2023-11-26,Sample tweet #AgriTech
TW4841,U4841,2023-10-11,Sample tweet #DataSci
TW4842,U4842,2023-07-04,Sample tweet #DataSci
TW4843,U4843,2023-10-02,Sample tweet #SQL
TW4844,U4844,2023-02-03,Sample tweet #DataSci
TW4845,U4845,2023-01-04,Sample tweet #DataSci
TW4846,U4846,2023-11-17,Sample tweet #SQL
TW4847,U4847,2023-11-14,Sample tweet #DataSci
TW4848,U4848,2023-01-22,Sample tweet #DataSci
TW4849,U4849,2023-01-19,Sample tweet #Analytics
TW4850,U4850,2023-10-16,Sample tweet #SQL
TW4851,U4851,2023-04-25,Sample tweet #Analytics
TW4852,U4852,2023-06-21,Sample tweet #Analytics
TW4853,U4853,2023-10-14,Sample tweet #DataSci
TW4854,U4854,2023-12-22,Sample tweet #Analytics
TW4855,U4855,2023-02-16,Sample tweet #DataSci
TW4856,U4856,2023-09-16,Sample tweet #Analytics
TW4857,U4857,2023-10-23,Sample tweet #Analytics
TW4858,U4858,2023-12-31,Sample tweet #AgriTech
TW4859,U4859,2023-08-16,Sample tweet #Analytics
TW4860,U4860,2023-01-20,Sample tweet #Analytics
TW4861,U4861,2023-05-03,Sample tweet #DataSci
TW4862,U4862,2023-01-11,Sample tweet #AgriTech
TW4863,U4863,2023-02-01,Sample tweet #SQL
TW4864,U4864,2023-03-20,Sample tweet #DataSci
TW4865,U4865,2023-09-09,Sample tweet #SQL
TW4866,U4866,2023-07-15,Sample tweet #SQL
TW4867,U4867,2023-04-09,Sample tweet #AgriTech
TW4868,U4868,2023-11-11,Sample tweet #Analytics
TW4869,U4869,2023-03-17,Sample tweet #AgriTech
TW4870,U4870,2023-01-16,Sample tweet #AgriTech
TW4871,U4871,2023-05-06,Sample tweet #DataSci
TW4872,U4872,2023-11-02,Sample tweet #SQL
TW4873,U4873,2023-05-13,Sample tweet #SQL
TW4874,U4874,2023-10-30,Sample tweet #Analytics
TW4875,U4875,2023-09-25,Sample tweet #DataSci
TW4876,U4876,2023-07-10,Sample tweet #DataSci
TW4877,U4877,2023-02-16,Sample tweet #SQL
TW4878,U4878,2023-03-21,Sample tweet #Analytics
TW4879,U4879,2023-02-10,Sample tweet #DataSci
TW4880,U4880,2023-04-02,Sample tweet #AgriTech
TW4881,U4881,2023-06-19,Sample tweet #DataSci
TW4882,U4882,2023-01-21,Sample tweet #SQL
TW4883,U4883,2023-03-22,Sample tweet #DataSci
TW4884,U4884,2023-03-14,Sample tweet #Analytics
TW4885,U4885,2023-05-25,Sample tweet #Analytics
TW4886,U4886,2023-01-24,Sample tweet #Analytics
TW4887,U4887,2023-05-08,Sample tweet #DataSci
TW4888,U4888,2023-07-23,Sample tweet #AgriTech
TW4889,U4889,2023-08-06,Sample tweet #DataSci
TW4890,U4890,2023-08-07,Sample tweet #AgriTech
TW4891,U4891,2023-06-03,Sample tweet #Analytics
TW4892,U4892,2023-07-14,Sample tweet #DataSci
TW4893,U4893,2023-07-12,Sample tweet #SQL
TW4894,U4894,2023-05-01,Sample tweet #Analytics
TW4895,U4895,2023-05-25,Sample tweet #SQL
TW4896,U4896,2023-05-10,Sample tweet #AgriTech
TW4897,U4897,2023-09-25,Sample tweet #DataSci
TW4898,U4898,2023-08-08,Sample tweet #DataSci
TW4899,U4899,2023-07-22,Sample tweet #DataSci
TW4900,U4900,2023-08-15,Sample tweet #SQL
TW4901,U4901,2023-10-11,Sample tweet #DataSci
TW4902,U4902,2023-04-19,Sample tweet #Analytics
TW4903,U4903,2023-03-24,Sample tweet #DataSci
TW4904,U4904,2023-10-24,Sample tweet #SQL
TW4905,U4905,2023-03-22,Sample tweet #SQL
TW4906,U4906,2023-09-10,Sample tweet #DataSci
TW4907,U4907,2023-04-10,Sample tweet #AgriTech
TW4908,U4908,2023-09-03,Sample tweet #AgriTech
TW4909,U4909,2023-07-12,Sample tweet #Analytics
TW4910,U4910,2023-08-18,Sample tweet #AgriTech
TW4911,U4911,2023-02-14,Sample tweet #AgriTech
TW4912,U4912,2023-04-26,Sample tweet #SQL
TW4913,U4913,2023-01-04,Sample tweet #AgriTech
TW4914,U4914,2023-12-27,Sample tweet #AgriTech
TW4915,U4915,2023-04-28,Sample tweet #DataSci
TW4916,U4916,2023-03-11,Sample tweet #AgriTech
TW4917,U4917,2023-12-26,Sample tweet #AgriTech
TW4918,U4918,2023-06-28,Sample tweet #DataSci
TW4919,U4919,2023-10-29,Sample tweet #AgriTech
TW4920,U4920,2023-07-24,Sample tweet #DataSci
TW4921,U4921,2023-10-30,Sample tweet #DataSci
TW4922,U4922,2023-09-21,Sample tweet #DataSci
TW4923,U4923,2023-12-16,Sample tweet #AgriTech
TW4924,U4924,2023-03-20,Sample tweet #AgriTech
TW4925,U4925,2023-12-19,Sample tweet #AgriTech
TW4926,U4926,2023-01-27,Sample tweet #Analytics
TW4927,U4927,2023-03-05,Sample tweet #SQL
TW4928,U4928,2023-06-08,Sample tweet #Analytics
TW4929,U4929,2023-08-29,Sample tweet #Analytics
TW4930,U4930,2023-02-17,Sample tweet #SQL
TW4931,U4931,2023-05-30,Sample tweet #DataSci
TW4932,U4932,2023-08-25,Sample tweet #DataSci
TW4933,U4933,2023-02-25,Sample tweet #Analytics
TW4934,U4934,2023-07-14,Sample tweet #AgriTech
TW4935,U4935,2023-01-19,Sample tweet #Analytics
TW4936,U4936,2023-09-03,Sample tweet #DataSci
TW4937,U4937,2023-08-13,Sample tweet #Analytics
TW4938,U4938,2023-03-22,Sample tweet #Analytics
TW4939,U4939,2023-05-25,Sample tweet #SQL
TW4940,U4940,2023-05-06,Sample tweet #Analytics
TW4941,U4941,2023-11-20,Sample tweet #DataSci
TW4942,U4942,2023-08-29,Sample tweet #SQL
TW4943,U4943,2023-09-19,Sample tweet #Analytics
TW4944,U4944,2023-07-17,Sample tweet #Analytics
TW4945,U4945,2023-12-02,Sample tweet #DataSci
TW4946,U4946,2023-10-29,Sample tweet #Analytics
TW4947,U4947,2023-03-12,Sample tweet #SQL
TW4948,U4948,2023-08-21,Sample tweet #DataSci
TW4949,U4949,2023-08-09,Sample tweet #AgriTech
TW4950,U4950,2023-10-19,Sample tweet #SQL
TW4951,U4951,2023-03-15,Sample tweet #Analytics
TW4952,U4952,2023-12-18,Sample tweet #DataSci
TW4953,U4953,2023-05-15,Sample tweet #Analytics
TW4954,U4954,2023-03-03,Sample tweet #Analytics
TW4955,U4955,2023-11-25,Sample tweet #DataSci
TW4956,U4956,2023-10-21,Sample tweet #AgriTech
TW4957,U4957,2023-12-25,Sample tweet #SQL
TW4958,U4958,2023-10-28,Sample tweet #DataSci
TW4959,U4959,2023-04-18,Sample tweet #DataSci
TW4960,U4960,2023-05-03,Sample tweet #SQL
TW4961,U4961,2023-04-26,Sample tweet #DataSci
TW4962,U4962,2023-05-01,Sample tweet #DataSci
TW4963,U4963,2023-11-25,Sample tweet #AgriTech
TW4964,U4964,2023-04-11,Sample tweet #AgriTech
TW4965,U4965,2023-06-02,Sample tweet #AgriTech
TW4966,U4966,2023-12-18,Sample tweet #DataSci
TW4967,U4967,2023-08-28,Sample tweet #Analytics
TW4968,U4968,2023-04-05,Sample tweet #AgriTech
TW4969,U4969,2023-02-18,Sample tweet #AgriTech
TW4970,U4970,2023-11-27,Sample tweet #DataSci
TW4971,U4971,2023-11-12,Sample tweet #Analytics
TW4972,U4972,2023-06-13,Sample tweet #AgriTech
TW4973,U4973,2023-01-13,Sample tweet #Analytics
TW4974,U4974,2023-05-15,Sample tweet #SQL
TW4975,U4975,2023-11-07,Sample tweet #SQL
TW4976,U4976,2023-01-29,Sample tweet #Analytics
TW4977,U4977,2023-04-17,Sample tweet #AgriTech
TW4978,U4978,2023-04-14,Sample tweet #Analytics
TW4979,U4979,2023-05-29,Sample tweet #SQL
TW4980,U4980,2023-08-12,Sample tweet #AgriTech
TW4981,U4981,2023-07-30,Sample tweet #DataSci
TW4982,U4982,2023-03-01,Sample tweet #Analytics
TW4983,U4983,2023-10-27,Sample tweet #SQL
TW4984,U4984,2023-02-04,Sample tweet #AgriTech
TW4985,U4985,2023-01-15,Sample tweet #DataSci
TW4986,U4986,2023-10-11,Sample tweet #DataSci
TW4987,U4987,2023-09-13,Sample tweet #AgriTech
TW4988,U4988,2023-12-23,Sample tweet #SQL
TW4989,U4989,2023-06-06,Sample tweet #DataSci
TW4990,U4990,2023-06-08,Sample tweet #Analytics
TW4991,U4991,2023-04-04,Sample tweet #Analytics
TW4992,U4992,2023-09-22,Sample tweet #SQL
TW4993,U4993,2023-10-15,Sample tweet #AgriTech
TW4994,U4994,2023-09-06,Sample tweet #SQL
TW4995,U4995,2023-08-13,Sample tweet #DataSci
TW4996,U4996,2023-10-05,Sample tweet #Analytics
TW4997,U4997,2023-01-28,Sample tweet #Analytics
TW4998,U4998,2023-11-21,Sample tweet #AgriTech
TW4999,U4999,2023-04-14,Sample tweet #Analytics
TW5000,U5000,2023-05-08,Sample tweet #DataSci
TW5001,U5001,2023-07-04,Sample tweet #SQL
TW5002,U5002,2023-04-01,Sample tweet #AgriTech
TW5003,U5003,2023-06-10,Sample tweet #DataSci
TW5004,U5004,2023-12-14,Sample tweet #SQL
TW5005,U5005,2023-10-19,Sample tweet #AgriTech
TW5006,U5006,2023-04-23,Sample tweet #AgriTech
TW5007,U5007,2023-02-17,Sample tweet #AgriTech
TW5008,U5008,2023-05-13,Sample tweet #AgriTech
TW5009,U5009,2023-03-16,Sample tweet #SQL
TW5010,U5010,2023-03-05,Sample tweet #DataSci
TW5011,U5011,2023-05-16,Sample tweet #DataSci
TW5012,U5012,2023-08-11,Sample tweet #AgriTech
TW5013,U5013,2023-06-30,Sample tweet #Analytics
TW5014,U5014,2023-05-18,Sample tweet #Analytics
TW5015,U5015,2023-09-05,Sample tweet #SQL
TW5016,U5016,2023-11-10,Sample tweet #SQL
TW5017,U5017,2023-02-08,Sample tweet #DataSci
TW5018,U5018,2023-11-21,Sample tweet #AgriTech
TW5019,U5019,2023-01-25,Sample tweet #Analytics
TW5020,U5020,2023-10-02,Sample tweet #DataSci
TW5021,U5021,2023-05-10,Sample tweet #AgriTech
TW5022,U5022,2023-06-13,Sample tweet #DataSci
TW5023,U5023,2023-03-11,Sample tweet #DataSci
TW5024,U5024,2023-03-19,Sample tweet #Analytics
TW5025,U5025,2023-11-15,Sample tweet #DataSci
TW5026,U5026,2023-04-21,Sample tweet #AgriTech
TW5027,U5027,2023-02-11,Sample tweet #DataSci
TW5028,U5028,2023-03-01,Sample tweet #DataSci
TW5029,U5029,2023-01-02,Sample tweet #AgriTech
TW5030,U5030,2023-04-19,Sample tweet #Analytics
TW5031,U5031,2023-01-19,Sample tweet #DataSci
TW5032,U5032,2023-02-12,Sample tweet #Analytics
TW5033,U5033,2023-09-19,Sample tweet #DataSci
TW5034,U5034,2023-12-18,Sample tweet #Analytics
TW5035,U5035,2023-08-11,Sample tweet #Analytics
TW5036,U5036,2023-02-01,Sample tweet #AgriTech
TW5037,U5037,2023-05-20,Sample tweet #Analytics
TW5038,U5038,2023-02-15,Sample tweet #SQL
TW5039,U5039,2023-11-01,Sample tweet #DataSci
TW5040,U5040,2023-07-29,Sample tweet #SQL
TW5041,U5041,2023-12-06,Sample tweet #SQL
TW5042,U5042,2023-11-08,Sample tweet #Analytics
TW5043,U5043,2023-04-12,Sample tweet #AgriTech
TW5044,U5044,2023-09-26,Sample tweet #Analytics
TW5045,U5045,2023-11-15,Sample tweet #DataSci
TW5046,U5046,2023-08-20,Sample tweet #DataSci
TW5047,U5047,2023-01-29,Sample tweet #Analytics
TW5048,U5048,2023-06-10,Sample tweet #Analytics
TW5049,U5049,2023-02-20,Sample tweet #Analytics
TW5050,U5050,2023-04-20,Sample tweet #SQL
TW5051,U5051,2023-09-04,Sample tweet #Analytics
TW5052,U5052,2023-01-28,Sample tweet #Analytics
TW5053,U5053,2023-06-16,Sample tweet #AgriTech
TW5054,U5054,2023-03-23,Sample tweet #SQL
TW5055,U5055,2023-09-15,Sample tweet #Analytics
TW5056,U5056,2023-10-12,Sample tweet #DataSci
TW5057,U5057,2023-10-19,Sample tweet #DataSci
TW5058,U5058,2023-11-09,Sample tweet #Analytics
TW5059,U5059,2023-01-09,Sample tweet #Analytics
TW5060,U5060,2023-12-04,Sample tweet #DataSci
TW5061,U5061,2023-06-02,Sample tweet #SQL
TW5062,U5062,2023-08-08,Sample tweet #DataSci
TW5063,U5063,2023-06-01,Sample tweet #Analytics
TW5064,U5064,2023-06-18,Sample tweet #AgriTech
TW5065,U5065,2023-09-26,Sample tweet #AgriTech
TW5066,U5066,2023-03-04,Sample tweet #Analytics
TW5067,U5067,2023-01-26,Sample tweet #SQL
TW5068,U5068,2023-06-16,Sample tweet #AgriTech
TW5069,U5069,2023-06-20,Sample tweet #AgriTech
TW5070,U5070,2023-06-24,Sample tweet #SQL
TW5071,U5071,2023-11-05,Sample tweet #SQL
TW5072,U5072,2023-04-17,Sample tweet #Analytics
TW5073,U5073,2023-11-04,Sample tweet #AgriTech
TW5074,U5074,2023-05-02,Sample tweet #AgriTech
TW5075,U5075,2023-12-19,Sample tweet #AgriTech
TW5076,U5076,2023-09-06,Sample tweet #Analytics
TW5077,U5077,2023-01-25,Sample tweet #DataSci
TW5078,U5078,2023-06-09,Sample tweet #AgriTech
TW5079,U5079,2023-08-30,Sample tweet #Analytics
TW5080,U5080,2023-08-31,Sample tweet #SQL
TW5081,U5081,2023-03-12,Sample tweet #DataSci
TW5082,U5082,2023-12-06,Sample tweet #Analytics
TW5083,U5083,2023-09-09,Sample tweet #DataSci
TW5084,U5084,2023-09-16,Sample tweet #SQL
TW5085,U5085,2023-08-03,Sample tweet #SQL
TW5086,U5086,2023-12-23,Sample tweet #SQL
TW5087,U5087,2023-05-14,Sample tweet #DataSci
TW5088,U5088,2023-08-26,Sample tweet #AgriTech
TW5089,U5089,2023-10-31,Sample tweet #DataSci
TW5090,U5090,2023-06-21,Sample tweet #DataSci
TW5091,U5091,2023-01-09,Sample tweet #SQL
TW5092,U5092,2023-07-30,Sample tweet #SQL
TW5093,U5093,2023-09-21,Sample tweet #SQL
TW5094,U5094,2023-10-10,Sample tweet #AgriTech
TW5095,U5095,2023-03-07,Sample tweet #Analytics
TW5096,U5096,2023-02-08,Sample tweet #DataSci
TW5097,U5097,2023-02-01,Sample tweet #Analytics
TW5098,U5098,2023-05-26,Sample tweet #DataSci
TW5099,U5099,2023-04-24,Sample tweet #Analytics
TW5100,U5100,2023-08-28,Sample tweet #Analytics
TW5101,U5101,2023-08-23,Sample tweet #Analytics
TW5102,U5102,2023-01-08,Sample tweet #SQL
TW5103,U5103,2023-04-06,Sample tweet #AgriTech
TW5104,U5104,2023-07-05,Sample tweet #SQL
TW5105,U5105,2023-11-30,Sample tweet #SQL
TW5106,U5106,2023-03-03,Sample tweet #DataSci
TW5107,U5107,2023-11-11,Sample tweet #DataSci
TW5108,U5108,2023-08-22,Sample tweet #DataSci
TW5109,U5109,2023-06-25,Sample tweet #AgriTech
TW5110,U5110,2023-12-28,Sample tweet #AgriTech
TW5111,U5111,2023-12-08,Sample tweet #Analytics
TW5112,U5112,2023-03-01,Sample tweet #DataSci
TW5113,U5113,2023-09-30,Sample tweet #AgriTech
TW5114,U5114,2023-03-07,Sample tweet #DataSci
TW5115,U5115,2023-07-02,Sample tweet #AgriTech
TW5116,U5116,2023-01-04,Sample tweet #DataSci
TW5117,U5117,2023-12-16,Sample tweet #DataSci
TW5118,U5118,2023-05-18,Sample tweet #Analytics
TW5119,U5119,2023-05-18,Sample tweet #SQL
TW5120,U5120,2023-08-05,Sample tweet #Analytics
TW5121,U5121,2023-09-29,Sample tweet #DataSci
TW5122,U5122,2023-08-08,Sample tweet #DataSci
TW5123,U5123,2023-10-02,Sample tweet #Analytics
TW5124,U5124,2023-08-09,Sample tweet #AgriTech
TW5125,U5125,2023-02-02,Sample tweet #SQL
TW5126,U5126,2023-10-24,Sample tweet #AgriTech
TW5127,U5127,2023-07-03,Sample tweet #DataSci
TW5128,U5128,2023-05-03,Sample tweet #SQL
TW5129,U5129,2023-03-13,Sample tweet #SQL
TW5130,U5130,2023-01-11,Sample tweet #AgriTech
TW5131,U5131,2023-02-15,Sample tweet #DataSci
TW5132,U5132,2023-03-24,Sample tweet #Analytics
TW5133,U5133,2023-03-25,Sample tweet #Analytics
TW5134,U5134,2023-08-14,Sample tweet #AgriTech
TW5135,U5135,2023-10-26,Sample tweet #AgriTech
TW5136,U5136,2023-06-10,Sample tweet #DataSci
TW5137,U5137,2023-03-08,Sample tweet #SQL
TW5138,U5138,2023-09-30,Sample tweet #Analytics
TW5139,U5139,2023-07-30,Sample tweet #AgriTech
TW5140,U5140,2023-06-24,Sample tweet #SQL
TW5141,U5141,2023-01-02,Sample tweet #DataSci
TW5142,U5142,2023-02-06,Sample tweet #DataSci
TW5143,U5143,2023-04-25,Sample tweet #AgriTech
TW5144,U5144,2023-10-02,Sample tweet #Analytics
TW5145,U5145,2023-10-25,Sample tweet #Analytics
TW5146,U5146,2023-08-10,Sample tweet #Analytics
TW5147,U5147,2023-10-19,Sample tweet #AgriTech
TW5148,U5148,2023-01-02,Sample tweet #Analytics
TW5149,U5149,2023-12-02,Sample tweet #Analytics
TW5150,U5150,2023-07-23,Sample tweet #Analytics
TW5151,U5151,2023-10-29,Sample tweet #SQL
TW5152,U5152,2023-03-08,Sample tweet #SQL
TW5153,U5153,2023-05-09,Sample tweet #DataSci
TW5154,U5154,2023-12-06,Sample tweet #SQL
TW5155,U5155,2023-06-29,Sample tweet #SQL
TW5156,U5156,2023-08-12,Sample tweet #AgriTech
TW5157,U5157,2023-09-15,Sample tweet #DataSci
TW5158,U5158,2023-04-08,Sample tweet #DataSci
TW5159,U5159,2023-07-09,Sample tweet #Analytics
TW5160,U5160,2023-07-19,Sample tweet #Analytics
TW5161,U5161,2023-04-08,Sample tweet #SQL
TW5162,U5162,2023-08-05,Sample tweet #Analytics
TW5163,U5163,2023-05-22,Sample tweet #Analytics
TW5164,U5164,2023-07-27,Sample tweet #DataSci
TW5165,U5165,2023-02-04,Sample tweet #Analytics
TW5166,U5166,2023-09-01,Sample tweet #DataSci
TW5167,U5167,2023-08-17,Sample tweet #AgriTech
TW5168,U5168,2023-10-23,Sample tweet #DataSci
TW5169,U5169,2023-07-28,Sample tweet #Analytics
TW5170,U5170,2023-07-26,Sample tweet #Analytics
TW5171,U5171,2023-07-01,Sample tweet #DataSci
TW5172,U5172,2023-02-09,Sample tweet #Analytics
TW5173,U5173,2023-07-13,Sample tweet #SQL
TW5174,U5174,2023-03-14,Sample tweet #DataSci
TW5175,U5175,2023-08-15,Sample tweet #AgriTech
TW5176,U5176,2023-04-02,Sample tweet #DataSci
TW5177,U5177,2023-10-06,Sample tweet #AgriTech
TW5178,U5178,2023-01-12,Sample tweet #DataSci
TW5179,U5179,2023-10-12,Sample tweet #SQL
TW5180,U5180,2023-12-06,Sample tweet #SQL
TW5181,U5181,2023-01-13,Sample tweet #SQL
TW5182,U5182,2023-10-22,Sample tweet #SQL
TW5183,U5183,2023-09-05,Sample tweet #DataSci
TW5184,U5184,2023-03-17,Sample tweet #Analytics
TW5185,U5185,2023-09-28,Sample tweet #SQL
TW5186,U5186,2023-11-05,Sample tweet #DataSci
TW5187,U5187,2023-10-31,Sample tweet #SQL
TW5188,U5188,2023-12-11,Sample tweet #AgriTech
TW5189,U5189,2023-08-12,Sample tweet #Analytics
TW5190,U5190,2023-11-18,Sample tweet #SQL
TW5191,U5191,2023-12-27,Sample tweet #AgriTech
TW5192,U5192,2023-01-13,Sample tweet #SQL
TW5193,U5193,2023-09-10,Sample tweet #SQL
TW5194,U5194,2023-10-10,Sample tweet #SQL
TW5195,U5195,2023-08-23,Sample tweet #DataSci
TW5196,U5196,2023-05-12,Sample tweet #SQL
TW5197,U5197,2023-07-16,Sample tweet #AgriTech
TW5198,U5198,2023-05-24,Sample tweet #Analytics
TW5199,U5199,2023-05-14,Sample tweet #DataSci
TW5200,U5200,2023-01-11,Sample tweet #SQL
TW5201,U5201,2023-01-30,Sample tweet #Analytics
TW5202,U5202,2023-06-08,Sample tweet #SQL
TW5203,U5203,2023-04-01,Sample tweet #AgriTech
TW5204,U5204,2023-08-09,Sample tweet #AgriTech
TW5205,U5205,2023-11-26,Sample tweet #DataSci
TW5206,U5206,2023-12-30,Sample tweet #AgriTech
TW5207,U5207,2023-10-23,Sample tweet #Analytics
TW5208,U5208,2023-02-28,Sample tweet #DataSci
TW5209,U5209,2023-04-23,Sample tweet #Analytics
TW5210,U5210,2023-11-27,Sample tweet #Analytics
TW5211,U5211,2023-02-16,Sample tweet #DataSci
TW5212,U5212,2023-04-24,Sample tweet #Analytics
TW5213,U5213,2023-12-18,Sample tweet #SQL
TW5214,U5214,2023-08-26,Sample tweet #Analytics
TW5215,U5215,2023-12-24,Sample tweet #Analytics
TW5216,U5216,2023-03-30,Sample tweet #Analytics
TW5217,U5217,2023-11-27,Sample tweet #SQL
TW5218,U5218,2023-04-29,Sample tweet #AgriTech
TW5219,U5219,2023-02-25,Sample tweet #Analytics
TW5220,U5220,2023-09-10,Sample tweet #SQL
TW5221,U5221,2023-05-15,Sample tweet #Analytics
TW5222,U5222,2023-12-18,Sample tweet #AgriTech
TW5223,U5223,2023-03-04,Sample tweet #Analytics
TW5224,U5224,2023-04-03,Sample tweet #SQL
TW5225,U5225,2023-11-03,Sample tweet #SQL
TW5226,U5226,2023-02-15,Sample tweet #Analytics
TW5227,U5227,2023-07-10,Sample tweet #DataSci
TW5228,U5228,2023-02-25,Sample tweet #SQL
TW5229,U5229,2023-02-11,Sample tweet #DataSci
TW5230,U5230,2023-11-28,Sample tweet #Analytics
TW5231,U5231,2023-02-27,Sample tweet #Analytics
TW5232,U5232,2023-12-03,Sample tweet #SQL
TW5233,U5233,2023-10-31,Sample tweet #DataSci
TW5234,U5234,2023-11-01,Sample tweet #SQL
TW5235,U5235,2023-05-07,Sample tweet #SQL
TW5236,U5236,2023-06-11,Sample tweet #Analytics
TW5237,U5237,2023-11-29,Sample tweet #DataSci
TW5238,U5238,2023-07-07,Sample tweet #AgriTech
TW5239,U5239,2023-05-13,Sample tweet #DataSci
TW5240,U5240,2023-10-11,Sample tweet #SQL
TW5241,U5241,2023-10-14,Sample tweet #DataSci
TW5242,U5242,2023-03-26,Sample tweet #DataSci
TW5243,U5243,2023-02-26,Sample tweet #AgriTech
TW5244,U5244,2023-09-15,Sample tweet #AgriTech
TW5245,U5245,2023-03-27,Sample tweet #DataSci
TW5246,U5246,2023-08-27,Sample tweet #Analytics
TW5247,U5247,2023-05-01,Sample tweet #DataSci
TW5248,U5248,2023-08-09,Sample tweet #DataSci
TW5249,U5249,2023-04-17,Sample tweet #DataSci
TW5250,U5250,2023-07-04,Sample tweet #Analytics
TW5251,U5251,2023-12-11,Sample tweet #SQL
TW5252,U5252,2023-09-16,Sample tweet #SQL
TW5253,U5253,2023-10-28,Sample tweet #Analytics
TW5254,U5254,2023-08-29,Sample tweet #AgriTech
TW5255,U5255,2023-09-23,Sample tweet #DataSci
TW5256,U5256,2023-07-04,Sample tweet #Analytics
TW5257,U5257,2023-09-18,Sample tweet #SQL
TW5258,U5258,2023-02-07,Sample tweet #AgriTech
TW5259,U5259,2023-12-06,Sample tweet #Analytics
TW5260,U5260,2023-03-06,Sample tweet #SQL
TW5261,U5261,2023-06-25,Sample tweet #DataSci
TW5262,U5262,2023-03-01,Sample tweet #AgriTech
TW5263,U5263,2023-06-29,Sample tweet #AgriTech
TW5264,U5264,2023-11-28,Sample tweet #AgriTech
TW5265,U5265,2023-10-20,Sample tweet #SQL
TW5266,U5266,2023-04-11,Sample tweet #Analytics
TW5267,U5267,2023-07-20,Sample tweet #DataSci
TW5268,U5268,2023-06-25,Sample tweet #Analytics
TW5269,U5269,2023-07-12,Sample tweet #AgriTech
TW5270,U5270,2023-03-04,Sample tweet #DataSci
TW5271,U5271,2023-12-25,Sample tweet #DataSci
TW5272,U5272,2023-05-22,Sample tweet #AgriTech
TW5273,U5273,2023-12-27,Sample tweet #Analytics
TW5274,U5274,2023-02-16,Sample tweet #SQL
TW5275,U5275,2023-06-07,Sample tweet #Analytics
TW5276,U5276,2023-12-21,Sample tweet #AgriTech
TW5277,U5277,2023-11-30,Sample tweet #DataSci
TW5278,U5278,2023-02-20,Sample tweet #AgriTech
TW5279,U5279,2023-03-12,Sample tweet #Analytics
TW5280,U5280,2023-04-12,Sample tweet #DataSci
TW5281,U5281,2023-12-15,Sample tweet #Analytics
TW5282,U5282,2023-04-30,Sample tweet #SQL
TW5283,U5283,2023-01-11,Sample tweet #SQL
TW5284,U5284,2023-11-24,Sample tweet #SQL
TW5285,U5285,2023-11-19,Sample tweet #Analytics
TW5286,U5286,2023-04-05,Sample tweet #DataSci
TW5287,U5287,2023-06-26,Sample tweet #AgriTech
TW5288,U5288,2023-07-09,Sample tweet #AgriTech
TW5289,U5289,2023-09-17,Sample tweet #SQL
TW5290,U5290,2023-06-09,Sample tweet #AgriTech
TW5291,U5291,2023-06-06,Sample tweet #SQL
TW5292,U5292,2023-02-03,Sample tweet #AgriTech
TW5293,U5293,2023-03-26,Sample tweet #AgriTech
TW5294,U5294,2023-07-16,Sample tweet #Analytics
TW5295,U5295,2023-06-23,Sample tweet #SQL
TW5296,U5296,2023-02-22,Sample tweet #AgriTech
TW5297,U5297,2023-11-03,Sample tweet #DataSci
TW5298,U5298,2023-02-09,Sample tweet #Analytics
TW5299,U5299,2023-07-22,Sample tweet #DataSci
TW5300,U5300,2023-09-24,Sample tweet #AgriTech
TW5301,U5301,2023-01-07,Sample tweet #DataSci
TW5302,U5302,2023-06-12,Sample tweet #SQL
TW5303,U5303,2023-08-20,Sample tweet #AgriTech
TW5304,U5304,2023-01-09,Sample tweet #SQL
TW5305,U5305,2023-05-21,Sample tweet #Analytics
TW5306,U5306,2023-11-06,Sample tweet #Analytics
TW5307,U5307,2023-01-22,Sample tweet #DataSci
TW5308,U5308,2023-03-05,Sample tweet #Analytics
TW5309,U5309,2023-08-17,Sample tweet #SQL
TW5310,U5310,2023-11-14,Sample tweet #AgriTech
TW5311,U5311,2023-09-26,Sample tweet #DataSci
TW5312,U5312,2023-11-02,Sample tweet #DataSci
TW5313,U5313,2023-07-12,Sample tweet #DataSci
TW5314,U5314,2023-02-10,Sample tweet #DataSci
TW5315,U5315,2023-07-07,Sample tweet #Analytics
TW5316,U5316,2023-12-09,Sample tweet #DataSci
TW5317,U5317,2023-10-29,Sample tweet #Analytics
TW5318,U5318,2023-06-06,Sample tweet #Analytics
TW5319,U5319,2023-01-28,Sample tweet #DataSci
TW5320,U5320,2023-09-24,Sample tweet #Analytics
TW5321,U5321,2023-10-22,Sample tweet #AgriTech
TW5322,U5322,2023-03-30,Sample tweet #Analytics
TW5323,U5323,2023-05-21,Sample tweet #AgriTech
TW5324,U5324,2023-07-15,Sample tweet #SQL
TW5325,U5325,2023-06-01,Sample tweet #DataSci
TW5326,U5326,2023-09-18,Sample tweet #SQL
TW5327,U5327,2023-04-27,Sample tweet #SQL
TW5328,U5328,2023-04-05,Sample tweet #DataSci
TW5329,U5329,2023-08-10,Sample tweet #SQL
TW5330,U5330,2023-01-18,Sample tweet #DataSci
TW5331,U5331,2023-02-10,Sample tweet #DataSci
TW5332,U5332,2023-12-24,Sample tweet #DataSci
TW5333,U5333,2023-12-23,Sample tweet #Analytics
TW5334,U5334,2023-08-19,Sample tweet #SQL
TW5335,U5335,2023-01-16,Sample tweet #Analytics
TW5336,U5336,2023-03-14,Sample tweet #Analytics
TW5337,U5337,2023-01-24,Sample tweet #AgriTech
TW5338,U5338,2023-10-24,Sample tweet #Analytics
TW5339,U5339,2023-09-19,Sample tweet #Analytics
TW5340,U5340,2024-01-01,Sample tweet #Analytics
TW5341,U5341,2023-05-25,Sample tweet #SQL
TW5342,U5342,2023-04-28,Sample tweet #Analytics
TW5343,U5343,2023-11-24,Sample tweet #DataSci
TW5344,U5344,2023-10-25,Sample tweet #Analytics
TW5345,U5345,2023-02-15,Sample tweet #SQL
TW5346,U5346,2023-09-05,Sample tweet #SQL
TW5347,U5347,2023-02-07,Sample tweet #DataSci
TW5348,U5348,2023-12-28,Sample tweet #SQL
TW5349,U5349,2023-09-10,Sample tweet #Analytics
TW5350,U5350,2023-07-19,Sample tweet #AgriTech
TW5351,U5351,2023-07-21,Sample tweet #Analytics
TW5352,U5352,2023-03-12,Sample tweet #SQL
TW5353,U5353,2023-10-03,Sample tweet #AgriTech
TW5354,U5354,2023-03-10,Sample tweet #DataSci
TW5355,U5355,2023-05-03,Sample tweet #SQL
TW5356,U5356,2023-05-20,Sample tweet #AgriTech
TW5357,U5357,2023-06-09,Sample tweet #AgriTech
TW5358,U5358,2023-03-10,Sample tweet #DataSci
TW5359,U5359,2023-05-16,Sample tweet #Analytics
TW5360,U5360,2023-11-10,Sample tweet #SQL
TW5361,U5361,2023-01-20,Sample tweet #AgriTech
TW5362,U5362,2023-09-20,Sample tweet #SQL
TW5363,U5363,2023-08-16,Sample tweet #SQL
TW5364,U5364,2023-05-02,Sample tweet #AgriTech
TW5365,U5365,2023-06-23,Sample tweet #AgriTech
TW5366,U5366,2023-06-28,Sample tweet #Analytics
TW5367,U5367,2023-10-22,Sample tweet #AgriTech
TW5368,U5368,2023-01-14,Sample tweet #Analytics
TW5369,U5369,2023-04-22,Sample tweet #AgriTech
TW5370,U5370,2023-02-03,Sample tweet #SQL
TW5371,U5371,2023-07-04,Sample tweet #Analytics
TW5372,U5372,2023-06-06,Sample tweet #AgriTech
TW5373,U5373,2023-02-11,Sample tweet #SQL
TW5374,U5374,2023-09-17,Sample tweet #DataSci
TW5375,U5375,2023-05-04,Sample tweet #AgriTech
TW5376,U5376,2023-02-11,Sample tweet #AgriTech
TW5377,U5377,2023-12-28,Sample tweet #Analytics
TW5378,U5378,2023-01-24,Sample tweet #AgriTech
TW5379,U5379,2023-11-15,Sample tweet #SQL
TW5380,U5380,2023-12-23,Sample tweet #AgriTech
TW5381,U5381,2023-07-09,Sample tweet #SQL
TW5382,U5382,2023-09-01,Sample tweet #DataSci
TW5383,U5383,2023-11-29,Sample tweet #Analytics
TW5384,U5384,2023-01-21,Sample tweet #AgriTech
TW5385,U5385,2023-01-27,Sample tweet #AgriTech
TW5386,U5386,2023-06-29,Sample tweet #Analytics
TW5387,U5387,2023-03-16,Sample tweet #AgriTech
TW5388,U5388,2023-06-28,Sample tweet #Analytics
TW5389,U5389,2023-05-07,Sample tweet #AgriTech
TW5390,U5390,2023-09-04,Sample tweet #Analytics
TW5391,U5391,2023-10-11,Sample tweet #SQL
TW5392,U5392,2023-03-01,Sample tweet #SQL
TW5393,U5393,2023-09-30,Sample tweet #AgriTech
TW5394,U5394,2023-11-27,Sample tweet #Analytics
TW5395,U5395,2023-03-26,Sample tweet #AgriTech
TW5396,U5396,2023-05-24,Sample tweet #DataSci
TW5397,U5397,2023-06-20,Sample tweet #Analytics
TW5398,U5398,2023-10-05,Sample tweet #SQL
TW5399,U5399,2023-05-10,Sample tweet #AgriTech
TW5400,U5400,2023-12-08,Sample tweet #DataSci
TW5401,U5401,2023-09-14,Sample tweet #Analytics
TW5402,U5402,2023-07-07,Sample tweet #DataSci
TW5403,U5403,2023-03-14,Sample tweet #SQL
TW5404,U5404,2023-01-17,Sample tweet #Analytics
TW5405,U5405,2023-10-23,Sample tweet #SQL
TW5406,U5406,2023-05-01,Sample tweet #SQL
TW5407,U5407,2023-04-08,Sample tweet #DataSci
TW5408,U5408,2023-12-17,Sample tweet #AgriTech
TW5409,U5409,2024-01-01,Sample tweet #DataSci
TW5410,U5410,2023-03-30,Sample tweet #DataSci
TW5411,U5411,2023-02-15,Sample tweet #SQL
TW5412,U5412,2023-03-14,Sample tweet #DataSci
TW5413,U5413,2023-05-16,Sample tweet #SQL
TW5414,U5414,2023-08-28,Sample tweet #AgriTech
TW5415,U5415,2023-09-21,Sample tweet #Analytics
TW5416,U5416,2023-06-05,Sample tweet #AgriTech
TW5417,U5417,2023-12-31,Sample tweet #Analytics
TW5418,U5418,2023-07-10,Sample tweet #Analytics
TW5419,U5419,2023-01-31,Sample tweet #AgriTech
TW5420,U5420,2023-04-16,Sample tweet #AgriTech
TW5421,U5421,2023-11-26,Sample tweet #SQL
TW5422,U5422,2023-05-06,Sample tweet #AgriTech
TW5423,U5423,2023-06-18,Sample tweet #Analytics
TW5424,U5424,2023-05-25,Sample tweet #SQL
TW5425,U5425,2023-06-09,Sample tweet #AgriTech
TW5426,U5426,2023-05-22,Sample tweet #AgriTech
TW5427,U5427,2023-02-28,Sample tweet #Analytics
TW5428,U5428,2023-02-24,Sample tweet #SQL
TW5429,U5429,2023-11-23,Sample tweet #DataSci
TW5430,U5430,2023-11-02,Sample tweet #DataSci
TW5431,U5431,2023-01-24,Sample tweet #SQL
TW5432,U5432,2023-02-28,Sample tweet #DataSci
TW5433,U5433,2023-09-04,Sample tweet #SQL
TW5434,U5434,2023-04-17,Sample tweet #Analytics
TW5435,U5435,2023-08-02,Sample tweet #DataSci
TW5436,U5436,2023-09-12,Sample tweet #DataSci
TW5437,U5437,2023-11-27,Sample tweet #DataSci
TW5438,U5438,2023-02-25,Sample tweet #SQL
TW5439,U5439,2023-09-05,Sample tweet #DataSci
TW5440,U5440,2023-06-03,Sample tweet #SQL
TW5441,U5441,2023-07-18,Sample tweet #AgriTech
TW5442,U5442,2024-01-01,Sample tweet #AgriTech
TW5443,U5443,2023-09-25,Sample tweet #DataSci
TW5444,U5444,2023-06-20,Sample tweet #Analytics
TW5445,U5445,2023-07-11,Sample tweet #DataSci
TW5446,U5446,2023-11-14,Sample tweet #SQL
TW5447,U5447,2023-06-08,Sample tweet #Analytics
TW5448,U5448,2023-03-16,Sample tweet #Analytics
TW5449,U5449,2023-11-27,Sample tweet #DataSci
TW5450,U5450,2023-11-15,Sample tweet #SQL
TW5451,U5451,2023-04-13,Sample tweet #AgriTech
TW5452,U5452,2023-03-26,Sample tweet #Analytics
TW5453,U5453,2023-11-23,Sample tweet #SQL
TW5454,U5454,2023-01-08,Sample tweet #SQL
TW5455,U5455,2023-03-14,Sample tweet #SQL
TW5456,U5456,2023-09-20,Sample tweet #AgriTech
TW5457,U5457,2023-07-01,Sample tweet #Analytics
TW5458,U5458,2023-09-10,Sample tweet #SQL
TW5459,U5459,2023-10-23,Sample tweet #Analytics
TW5460,U5460,2023-06-07,Sample tweet #AgriTech
TW5461,U5461,2023-11-26,Sample tweet #DataSci
TW5462,U5462,2023-12-08,Sample tweet #DataSci
TW5463,U5463,2023-11-05,Sample tweet #Analytics
TW5464,U5464,2023-08-02,Sample tweet #Analytics
TW5465,U5465,2023-05-16,Sample tweet #SQL
TW5466,U5466,2023-02-03,Sample tweet #AgriTech
TW5467,U5467,2023-07-14,Sample tweet #Analytics
TW5468,U5468,2023-02-23,Sample tweet #AgriTech
TW5469,U5469,2023-01-23,Sample tweet #DataSci
TW5470,U5470,2023-01-27,Sample tweet #AgriTech
TW5471,U5471,2023-12-08,Sample tweet #Analytics
TW5472,U5472,2023-07-25,Sample tweet #Analytics
TW5473,U5473,2023-01-29,Sample tweet #Analytics
TW5474,U5474,2023-01-29,Sample tweet #SQL
TW5475,U5475,2023-06-16,Sample tweet #AgriTech
TW5476,U5476,2023-07-25,Sample tweet #SQL
TW5477,U5477,2023-11-25,Sample tweet #AgriTech
TW5478,U5478,2023-09-23,Sample tweet #SQL
TW5479,U5479,2023-07-10,Sample tweet #Analytics
TW5480,U5480,2023-09-22,Sample tweet #AgriTech
TW5481,U5481,2023-05-08,Sample tweet #DataSci
TW5482,U5482,2023-05-08,Sample tweet #AgriTech
TW5483,U5483,2023-04-26,Sample tweet #Analytics
TW5484,U5484,2023-10-31,Sample tweet #DataSci
TW5485,U5485,2023-03-23,Sample tweet #AgriTech
TW5486,U5486,2023-05-04,Sample tweet #AgriTech
TW5487,U5487,2023-10-07,Sample tweet #SQL
TW5488,U5488,2023-10-15,Sample tweet #SQL
TW5489,U5489,2023-01-28,Sample tweet #Analytics
TW5490,U5490,2023-01-08,Sample tweet #AgriTech
TW5491,U5491,2023-11-12,Sample tweet #Analytics
TW5492,U5492,2023-12-10,Sample tweet #AgriTech
TW5493,U5493,2023-11-01,Sample tweet #DataSci
TW5494,U5494,2023-05-27,Sample tweet #AgriTech
TW5495,U5495,2023-01-22,Sample tweet #DataSci
TW5496,U5496,2023-10-26,Sample tweet #DataSci
TW5497,U5497,2023-08-25,Sample tweet #AgriTech
TW5498,U5498,2023-09-02,Sample tweet #DataSci
TW5499,U5499,2023-11-02,Sample tweet #DataSci
TW5500,U5500,2023-08-23,Sample tweet #DataSci
TW5501,U5501,2023-04-07,Sample tweet #DataSci
TW5502,U5502,2023-11-23,Sample tweet #DataSci
TW5503,U5503,2023-11-30,Sample tweet #SQL
TW5504,U5504,2023-08-02,Sample tweet #SQL
TW5505,U5505,2023-04-19,Sample tweet #Analytics
TW5506,U5506,2023-01-03,Sample tweet #SQL
TW5507,U5507,2023-01-18,Sample tweet #AgriTech
TW5508,U5508,2023-02-23,Sample tweet #SQL
TW5509,U5509,2023-08-24,Sample tweet #Analytics
TW5510,U5510,2023-07-24,Sample tweet #DataSci
TW5511,U5511,2023-11-29,Sample tweet #Analytics
TW5512,U5512,2023-08-16,Sample tweet #SQL
TW5513,U5513,2023-11-08,Sample tweet #SQL
TW5514,U5514,2023-01-28,Sample tweet #Analytics
TW5515,U5515,2023-07-25,Sample tweet #AgriTech
TW5516,U5516,2023-10-03,Sample tweet #AgriTech
TW5517,U5517,2023-03-04,Sample tweet #AgriTech
TW5518,U5518,2023-05-29,Sample tweet #SQL
TW5519,U5519,2023-10-29,Sample tweet #SQL
TW5520,U5520,2023-01-21,Sample tweet #Analytics
TW5521,U5521,2023-07-29,Sample tweet #Analytics
TW5522,U5522,2023-06-03,Sample tweet #DataSci
TW5523,U5523,2023-06-21,Sample tweet #SQL
TW5524,U5524,2023-08-03,Sample tweet #Analytics
TW5525,U5525,2023-01-19,Sample tweet #DataSci
TW5526,U5526,2023-12-12,Sample tweet #AgriTech
TW5527,U5527,2023-06-09,Sample tweet #DataSci
TW5528,U5528,2023-05-16,Sample tweet #Analytics
TW5529,U5529,2023-08-21,Sample tweet #SQL
TW5530,U5530,2023-11-03,Sample tweet #Analytics
TW5531,U5531,2023-10-10,Sample tweet #SQL
TW5532,U5532,2023-09-22,Sample tweet #SQL
TW5533,U5533,2023-05-17,Sample tweet #AgriTech
TW5534,U5534,2023-02-15,Sample tweet #AgriTech
TW5535,U5535,2023-07-24,Sample tweet #Analytics
TW5536,U5536,2023-12-20,Sample tweet #SQL
TW5537,U5537,2023-08-18,Sample tweet #DataSci
TW5538,U5538,2023-07-31,Sample tweet #AgriTech
TW5539,U5539,2023-03-27,Sample tweet #Analytics
TW5540,U5540,2023-04-23,Sample tweet #AgriTech
TW5541,U5541,2023-10-15,Sample tweet #DataSci
TW5542,U5542,2023-08-30,Sample tweet #DataSci
TW5543,U5543,2023-09-26,Sample tweet #SQL
TW5544,U5544,2023-04-23,Sample tweet #SQL
TW5545,U5545,2023-10-09,Sample tweet #Analytics
TW5546,U5546,2023-01-15,Sample tweet #SQL
TW5547,U5547,2023-06-03,Sample tweet #SQL
TW5548,U5548,2023-04-02,Sample tweet #AgriTech
TW5549,U5549,2023-02-17,Sample tweet #DataSci
TW5550,U5550,2023-06-11,Sample tweet #AgriTech
TW5551,U5551,2023-11-05,Sample tweet #DataSci
TW5552,U5552,2023-10-13,Sample tweet #DataSci
TW5553,U5553,2023-12-30,Sample tweet #AgriTech
TW5554,U5554,2023-12-12,Sample tweet #Analytics
TW5555,U5555,2024-01-01,Sample tweet #AgriTech
TW5556,U5556,2023-10-11,Sample tweet #SQL
TW5557,U5557,2023-01-07,Sample tweet #Analytics
TW5558,U5558,2023-04-26,Sample tweet #Analytics
TW5559,U5559,2023-09-17,Sample tweet #SQL
TW5560,U5560,2023-10-11,Sample tweet #Analytics
TW5561,U5561,2023-06-02,Sample tweet #Analytics
TW5562,U5562,2023-11-30,Sample tweet #AgriTech
TW5563,U5563,2023-11-16,Sample tweet #SQL
TW5564,U5564,2023-09-08,Sample tweet #Analytics
TW5565,U5565,2023-10-24,Sample tweet #AgriTech
TW5566,U5566,2023-08-06,Sample tweet #Analytics
TW5567,U5567,2023-09-30,Sample tweet #AgriTech
TW5568,U5568,2023-01-08,Sample tweet #AgriTech
TW5569,U5569,2023-02-26,Sample tweet #SQL
TW5570,U5570,2023-12-28,Sample tweet #SQL
TW5571,U5571,2023-07-23,Sample tweet #DataSci
TW5572,U5572,2023-04-16,Sample tweet #Analytics
TW5573,U5573,2023-03-11,Sample tweet #SQL
TW5574,U5574,2023-12-07,Sample tweet #SQL
TW5575,U5575,2023-08-15,Sample tweet #SQL
TW5576,U5576,2023-08-12,Sample tweet #SQL
TW5577,U5577,2023-09-11,Sample tweet #AgriTech
TW5578,U5578,2023-12-14,Sample tweet #DataSci
TW5579,U5579,2023-12-03,Sample tweet #Analytics
TW5580,U5580,2023-09-29,Sample tweet #SQL
TW5581,U5581,2023-10-10,Sample tweet #SQL
TW5582,U5582,2023-02-05,Sample tweet #AgriTech
TW5583,U5583,2023-08-31,Sample tweet #DataSci
TW5584,U5584,2023-01-31,Sample tweet #Analytics
TW5585,U5585,2023-09-13,Sample tweet #Analytics
TW5586,U5586,2023-06-20,Sample tweet #Analytics
TW5587,U5587,2023-12-29,Sample tweet #DataSci
TW5588,U5588,2023-04-03,Sample tweet #AgriTech
TW5589,U5589,2023-12-02,Sample tweet #Analytics
TW5590,U5590,2023-06-21,Sample tweet #SQL
TW5591,U5591,2023-11-04,Sample tweet #Analytics
TW5592,U5592,2023-10-07,Sample tweet #DataSci
TW5593,U5593,2023-07-06,Sample tweet #Analytics
TW5594,U5594,2023-12-12,Sample tweet #SQL
TW5595,U5595,2023-10-26,Sample tweet #SQL
TW5596,U5596,2023-01-22,Sample tweet #SQL
TW5597,U5597,2023-08-16,Sample tweet #SQL
TW5598,U5598,2023-11-18,Sample tweet #SQL
TW5599,U5599,2023-11-10,Sample tweet #SQL
TW5600,U5600,2023-05-30,Sample tweet #Analytics
TW5601,U5601,2023-07-09,Sample tweet #DataSci
TW5602,U5602,2023-01-21,Sample tweet #DataSci
TW5603,U5603,2023-04-08,Sample tweet #AgriTech
TW5604,U5604,2023-09-22,Sample tweet #AgriTech
TW5605,U5605,2023-11-01,Sample tweet #SQL
TW5606,U5606,2023-06-10,Sample tweet #SQL
TW5607,U5607,2023-01-10,Sample tweet #AgriTech
TW5608,U5608,2023-09-12,Sample tweet #DataSci
TW5609,U5609,2023-05-02,Sample tweet #Analytics
TW5610,U5610,2023-12-24,Sample tweet #Analytics
TW5611,U5611,2023-11-29,Sample tweet #Analytics
TW5612,U5612,2023-05-31,Sample tweet #DataSci
TW5613,U5613,2023-11-18,Sample tweet #AgriTech
TW5614,U5614,2023-02-12,Sample tweet #AgriTech
TW5615,U5615,2023-04-13,Sample tweet #AgriTech
TW5616,U5616,2023-10-06,Sample tweet #SQL
TW5617,U5617,2023-12-16,Sample tweet #Analytics
TW5618,U5618,2023-06-08,Sample tweet #DataSci
TW5619,U5619,2023-05-22,Sample tweet #Analytics
TW5620,U5620,2023-10-07,Sample tweet #Analytics
TW5621,U5621,2023-09-29,Sample tweet #DataSci
TW5622,U5622,2023-05-24,Sample tweet #DataSci
TW5623,U5623,2023-05-24,Sample tweet #SQL
TW5624,U5624,2023-08-22,Sample tweet #SQL
TW5625,U5625,2023-03-30,Sample tweet #AgriTech
TW5626,U5626,2023-10-17,Sample tweet #SQL
TW5627,U5627,2023-02-23,Sample tweet #DataSci
TW5628,U5628,2023-07-31,Sample tweet #Analytics
TW5629,U5629,2023-01-15,Sample tweet #DataSci
TW5630,U5630,2023-02-22,Sample tweet #DataSci
TW5631,U5631,2023-06-11,Sample tweet #DataSci
TW5632,U5632,2023-05-02,Sample tweet #AgriTech
TW5633,U5633,2023-11-03,Sample tweet #Analytics
TW5634,U5634,2023-06-29,Sample tweet #AgriTech
TW5635,U5635,2023-04-30,Sample tweet #Analytics
TW5636,U5636,2023-08-21,Sample tweet #SQL
TW5637,U5637,2023-11-03,Sample tweet #SQL
TW5638,U5638,2023-04-01,Sample tweet #AgriTech
TW5639,U5639,2023-05-25,Sample tweet #AgriTech
TW5640,U5640,2023-11-25,Sample tweet #Analytics
TW5641,U5641,2023-04-06,Sample tweet #Analytics
TW5642,U5642,2023-10-19,Sample tweet #DataSci
TW5643,U5643,2023-04-08,Sample tweet #SQL
TW5644,U5644,2023-08-17,Sample tweet #AgriTech
TW5645,U5645,2023-06-19,Sample tweet #DataSci
TW5646,U5646,2023-05-10,Sample tweet #SQL
TW5647,U5647,2023-10-26,Sample tweet #AgriTech
TW5648,U5648,2023-09-24,Sample tweet #Analytics
TW5649,U5649,2023-02-09,Sample tweet #DataSci
TW5650,U5650,2023-09-23,Sample tweet #AgriTech
TW5651,U5651,2023-02-07,Sample tweet #SQL
TW5652,U5652,2023-10-26,Sample tweet #SQL
TW5653,U5653,2023-06-28,Sample tweet #AgriTech
TW5654,U5654,2023-10-24,Sample tweet #DataSci
TW5655,U5655,2023-09-18,Sample tweet #Analytics
TW5656,U5656,2023-12-27,Sample tweet #Analytics
TW5657,U5657,2023-07-04,Sample tweet #Analytics
TW5658,U5658,2023-05-01,Sample tweet #DataSci
TW5659,U5659,2023-01-11,Sample tweet #Analytics
TW5660,U5660,2023-09-05,Sample tweet #AgriTech
TW5661,U5661,2023-06-22,Sample tweet #DataSci
TW5662,U5662,2023-02-05,Sample tweet #Analytics
TW5663,U5663,2023-01-14,Sample tweet #SQL
TW5664,U5664,2023-10-25,Sample tweet #SQL
TW5665,U5665,2023-01-27,Sample tweet #SQL
TW5666,U5666,2023-03-04,Sample tweet #DataSci
TW5667,U5667,2023-12-05,Sample tweet #SQL
TW5668,U5668,2023-10-28,Sample tweet #SQL
TW5669,U5669,2023-09-16,Sample tweet #DataSci
TW5670,U5670,2023-06-17,Sample tweet #DataSci
TW5671,U5671,2023-12-15,Sample tweet #DataSci
TW5672,U5672,2023-03-23,Sample tweet #AgriTech
TW5673,U5673,2023-09-06,Sample tweet #SQL
TW5674,U5674,2023-03-02,Sample tweet #SQL
TW5675,U5675,2023-04-24,Sample tweet #AgriTech
TW5676,U5676,2023-04-18,Sample tweet #Analytics
TW5677,U5677,2023-02-18,Sample tweet #AgriTech
TW5678,U5678,2023-01-18,Sample tweet #DataSci
TW5679,U5679,2023-11-29,Sample tweet #Analytics
TW5680,U5680,2023-02-16,Sample tweet #DataSci
TW5681,U5681,2023-12-08,Sample tweet #AgriTech
TW5682,U5682,2023-05-18,Sample tweet #Analytics
TW5683,U5683,2023-01-15,Sample tweet #DataSci
TW5684,U5684,2023-01-07,Sample tweet #SQL
TW5685,U5685,2023-06-01,Sample tweet #AgriTech
TW5686,U5686,2023-11-17,Sample tweet #Analytics
TW5687,U5687,2023-08-13,Sample tweet #Analytics
TW5688,U5688,2023-06-28,Sample tweet #AgriTech
TW5689,U5689,2023-03-28,Sample tweet #SQL
TW5690,U5690,2023-11-18,Sample tweet #Analytics
TW5691,U5691,2023-03-25,Sample tweet #Analytics
TW5692,U5692,2023-10-02,Sample tweet #Analytics
TW5693,U5693,2023-03-09,Sample tweet #AgriTech
TW5694,U5694,2023-02-10,Sample tweet #SQL
TW5695,U5695,2023-11-11,Sample tweet #SQL
TW5696,U5696,2023-02-01,Sample tweet #DataSci
TW5697,U5697,2023-10-27,Sample tweet #SQL
TW5698,U5698,2023-05-05,Sample tweet #DataSci
TW5699,U5699,2023-12-04,Sample tweet #SQL
TW5700,U5700,2023-12-16,Sample tweet #SQL
TW5701,U5701,2023-11-11,Sample tweet #AgriTech
TW5702,U5702,2023-01-27,Sample tweet #DataSci
TW5703,U5703,2023-03-24,Sample tweet #Analytics
TW5704,U5704,2023-09-12,Sample tweet #Analytics
TW5705,U5705,2023-10-01,Sample tweet #AgriTech
TW5706,U5706,2023-06-01,Sample tweet #DataSci
TW5707,U5707,2023-04-14,Sample tweet #SQL
TW5708,U5708,2023-03-06,Sample tweet #AgriTech
TW5709,U5709,2023-06-21,Sample tweet #DataSci
TW5710,U5710,2023-01-07,Sample tweet #AgriTech
TW5711,U5711,2023-07-12,Sample tweet #AgriTech
TW5712,U5712,2023-08-02,Sample tweet #SQL
TW5713,U5713,2023-04-07,Sample tweet #Analytics
TW5714,U5714,2023-09-28,Sample tweet #Analytics
TW5715,U5715,2023-01-18,Sample tweet #DataSci
TW5716,U5716,2023-01-26,Sample tweet #Analytics
TW5717,U5717,2023-02-05,Sample tweet #Analytics
TW5718,U5718,2023-03-01,Sample tweet #Analytics
TW5719,U5719,2023-03-04,Sample tweet #DataSci
TW5720,U5720,2023-01-19,Sample tweet #AgriTech
TW5721,U5721,2023-05-31,Sample tweet #SQL
TW5722,U5722,2023-03-16,Sample tweet #DataSci
TW5723,U5723,2024-01-01,Sample tweet #Analytics
TW5724,U5724,2023-10-30,Sample tweet #Analytics
TW5725,U5725,2023-04-01,Sample tweet #AgriTech
TW5726,U5726,2023-01-08,Sample tweet #SQL
TW5727,U5727,2023-10-17,Sample tweet #AgriTech
TW5728,U5728,2023-01-09,Sample tweet #AgriTech
TW5729,U5729,2023-08-08,Sample tweet #SQL
TW5730,U5730,2023-05-05,Sample tweet #AgriTech
TW5731,U5731,2023-10-20,Sample tweet #SQL
TW5732,U5732,2023-05-05,Sample tweet #Analytics
TW5733,U5733,2023-11-05,Sample tweet #AgriTech
TW5734,U5734,2023-08-02,Sample tweet #AgriTech
TW5735,U5735,2023-11-03,Sample tweet #DataSci
TW5736,U5736,2023-06-13,Sample tweet #SQL
TW5737,U5737,2023-10-01,Sample tweet #AgriTech
TW5738,U5738,2023-03-15,Sample tweet #DataSci
TW5739,U5739,2023-08-12,Sample tweet #SQL
TW5740,U5740,2023-02-20,Sample tweet #Analytics
TW5741,U5741,2023-04-18,Sample tweet #SQL
TW5742,U5742,2023-02-08,Sample tweet #Analytics
TW5743,U5743,2023-01-16,Sample tweet #DataSci
TW5744,U5744,2023-07-14,Sample tweet #SQL
TW5745,U5745,2023-11-12,Sample tweet #SQL
TW5746,U5746,2023-08-09,Sample tweet #DataSci
TW5747,U5747,2023-03-09,Sample tweet #Analytics
TW5748,U5748,2023-01-02,Sample tweet #Analytics
TW5749,U5749,2023-09-24,Sample tweet #AgriTech
TW5750,U5750,2023-03-20,Sample tweet #SQL
TW5751,U5751,2023-05-28,Sample tweet #Analytics
TW5752,U5752,2023-06-07,Sample tweet #SQL
TW5753,U5753,2023-10-18,Sample tweet #SQL
TW5754,U5754,2023-06-30,Sample tweet #AgriTech
TW5755,U5755,2023-01-12,Sample tweet #SQL
TW5756,U5756,2023-08-27,Sample tweet #AgriTech
TW5757,U5757,2023-01-12,Sample tweet #SQL
TW5758,U5758,2023-08-09,Sample tweet #Analytics
TW5759,U5759,2023-05-31,Sample tweet #Analytics
TW5760,U5760,2023-06-17,Sample tweet #Analytics
TW5761,U5761,2023-09-16,Sample tweet #Analytics
TW5762,U5762,2023-09-21,Sample tweet #DataSci
TW5763,U5763,2023-06-25,Sample tweet #SQL
TW5764,U5764,2023-02-09,Sample tweet #Analytics
TW5765,U5765,2023-09-15,Sample tweet #Analytics
TW5766,U5766,2023-03-26,Sample tweet #DataSci
TW5767,U5767,2023-07-22,Sample tweet #Analytics
TW5768,U5768,2023-10-19,Sample tweet #DataSci
TW5769,U5769,2023-07-27,Sample tweet #SQL
TW5770,U5770,2023-07-06,Sample tweet #Analytics
TW5771,U5771,2023-08-05,Sample tweet #AgriTech
TW5772,U5772,2023-03-21,Sample tweet #DataSci
TW5773,U5773,2023-10-30,Sample tweet #DataSci
TW5774,U5774,2023-02-24,Sample tweet #SQL
TW5775,U5775,2023-11-15,Sample tweet #DataSci
TW5776,U5776,2023-11-28,Sample tweet #DataSci
TW5777,U5777,2023-04-29,Sample tweet #DataSci
TW5778,U5778,2023-05-17,Sample tweet #SQL
TW5779,U5779,2023-06-27,Sample tweet #Analytics
TW5780,U5780,2023-03-14,Sample tweet #SQL
TW5781,U5781,2023-10-23,Sample tweet #Analytics
TW5782,U5782,2023-08-01,Sample tweet #Analytics
TW5783,U5783,2023-11-19,Sample tweet #AgriTech
TW5784,U5784,2023-01-19,Sample tweet #SQL
TW5785,U5785,2023-07-26,Sample tweet #SQL
TW5786,U5786,2023-04-13,Sample tweet #SQL
TW5787,U5787,2023-05-17,Sample tweet #SQL
TW5788,U5788,2023-02-05,Sample tweet #AgriTech
TW5789,U5789,2023-06-29,Sample tweet #SQL
TW5790,U5790,2023-03-12,Sample tweet #DataSci
TW5791,U5791,2023-03-21,Sample tweet #DataSci
TW5792,U5792,2023-09-01,Sample tweet #SQL
TW5793,U5793,2023-08-27,Sample tweet #DataSci
TW5794,U5794,2023-05-09,Sample tweet #SQL
TW5795,U5795,2023-10-24,Sample tweet #SQL
TW5796,U5796,2023-05-18,Sample tweet #Analytics
TW5797,U5797,2023-12-15,Sample tweet #AgriTech
TW5798,U5798,2023-04-15,Sample tweet #Analytics
TW5799,U5799,2023-10-26,Sample tweet #DataSci
TW5800,U5800,2023-01-25,Sample tweet #SQL
TW5801,U5801,2023-10-12,Sample tweet #Analytics
TW5802,U5802,2023-10-26,Sample tweet #Analytics
TW5803,U5803,2023-04-21,Sample tweet #AgriTech
TW5804,U5804,2023-04-06,Sample tweet #DataSci
TW5805,U5805,2024-01-01,Sample tweet #AgriTech
TW5806,U5806,2023-07-05,Sample tweet #DataSci
TW5807,U5807,2023-04-20,Sample tweet #DataSci
TW5808,U5808,2023-11-24,Sample tweet #Analytics
TW5809,U5809,2023-04-17,Sample tweet #SQL
TW5810,U5810,2023-08-15,Sample tweet #SQL
TW5811,U5811,2023-02-16,Sample tweet #DataSci
TW5812,U5812,2023-07-25,Sample tweet #SQL
TW5813,U5813,2023-03-16,Sample tweet #AgriTech
TW5814,U5814,2023-05-21,Sample tweet #Analytics
TW5815,U5815,2023-05-26,Sample tweet #DataSci
TW5816,U5816,2023-05-11,Sample tweet #Analytics
TW5817,U5817,2023-03-05,Sample tweet #Analytics
TW5818,U5818,2023-05-06,Sample tweet #Analytics
TW5819,U5819,2023-11-11,Sample tweet #SQL
TW5820,U5820,2023-01-02,Sample tweet #AgriTech
TW5821,U5821,2023-03-04,Sample tweet #AgriTech
TW5822,U5822,2023-04-24,Sample tweet #SQL
TW5823,U5823,2023-02-26,Sample tweet #AgriTech
TW5824,U5824,2023-01-04,Sample tweet #DataSci
TW5825,U5825,2023-11-12,Sample tweet #DataSci
TW5826,U5826,2023-09-25,Sample tweet #DataSci
TW5827,U5827,2023-10-23,Sample tweet #AgriTech
TW5828,U5828,2023-09-01,Sample tweet #DataSci
TW5829,U5829,2023-02-01,Sample tweet #Analytics
TW5830,U5830,2023-02-28,Sample tweet #SQL
TW5831,U5831,2023-06-15,Sample tweet #Analytics
TW5832,U5832,2023-05-26,Sample tweet #Analytics
TW5833,U5833,2023-09-01,Sample tweet #AgriTech
TW5834,U5834,2023-07-06,Sample tweet #AgriTech
TW5835,U5835,2023-07-29,Sample tweet #SQL
TW5836,U5836,2023-10-05,Sample tweet #AgriTech
TW5837,U5837,2023-02-15,Sample tweet #SQL
TW5838,U5838,2023-05-03,Sample tweet #Analytics
TW5839,U5839,2023-12-12,Sample tweet #Analytics
TW5840,U5840,2023-11-26,Sample tweet #AgriTech
TW5841,U5841,2023-12-29,Sample tweet #DataSci
TW5842,U5842,2023-05-08,Sample tweet #SQL
TW5843,U5843,2023-03-05,Sample tweet #AgriTech
TW5844,U5844,2023-01-21,Sample tweet #Analytics
TW5845,U5845,2023-04-21,Sample tweet #Analytics
TW5846,U5846,2023-07-31,Sample tweet #DataSci
TW5847,U5847,2023-06-21,Sample tweet #DataSci
TW5848,U5848,2023-03-29,Sample tweet #AgriTech
TW5849,U5849,2023-11-13,Sample tweet #Analytics
TW5850,U5850,2023-08-15,Sample tweet #SQL
TW5851,U5851,2023-10-09,Sample tweet #SQL
TW5852,U5852,2023-06-02,Sample tweet #AgriTech
TW5853,U5853,2023-06-19,Sample tweet #AgriTech
TW5854,U5854,2023-09-28,Sample tweet #DataSci
TW5855,U5855,2023-09-15,Sample tweet #AgriTech
TW5856,U5856,2023-06-12,Sample tweet #DataSci
TW5857,U5857,2023-05-05,Sample tweet #SQL
TW5858,U5858,2023-10-26,Sample tweet #Analytics
TW5859,U5859,2023-01-17,Sample tweet #SQL
TW5860,U5860,2023-11-17,Sample tweet #DataSci
TW5861,U5861,2023-11-01,Sample tweet #DataSci
TW5862,U5862,2023-03-03,Sample tweet #Analytics
TW5863,U5863,2023-07-16,Sample tweet #DataSci
TW5864,U5864,2023-10-22,Sample tweet #Analytics
TW5865,U5865,2023-06-24,Sample tweet #AgriTech
TW5866,U5866,2023-11-09,Sample tweet #Analytics
TW5867,U5867,2023-04-14,Sample tweet #SQL
TW5868,U5868,2023-02-17,Sample tweet #DataSci
TW5869,U5869,2023-02-03,Sample tweet #AgriTech
TW5870,U5870,2023-01-12,Sample tweet #DataSci
TW5871,U5871,2023-11-13,Sample tweet #SQL
TW5872,U5872,2023-08-13,Sample tweet #AgriTech
TW5873,U5873,2023-07-26,Sample tweet #Analytics
TW5874,U5874,2023-06-02,Sample tweet #SQL
TW5875,U5875,2023-02-28,Sample tweet #AgriTech
TW5876,U5876,2023-05-24,Sample tweet #SQL
TW5877,U5877,2023-07-12,Sample tweet #DataSci
TW5878,U5878,2023-03-20,Sample tweet #Analytics
TW5879,U5879,2023-10-13,Sample tweet #Analytics
TW5880,U5880,2023-07-03,Sample tweet #AgriTech
TW5881,U5881,2023-03-07,Sample tweet #DataSci
TW5882,U5882,2023-12-16,Sample tweet #DataSci
TW5883,U5883,2023-01-09,Sample tweet #DataSci
TW5884,U5884,2023-03-05,Sample tweet #SQL
TW5885,U5885,2023-12-27,Sample tweet #DataSci
TW5886,U5886,2023-05-26,Sample tweet #Analytics
TW5887,U5887,2023-02-16,Sample tweet #AgriTech
TW5888,U5888,2023-02-17,Sample tweet #Analytics
TW5889,U5889,2023-06-16,Sample tweet #DataSci
TW5890,U5890,2023-06-20,Sample tweet #DataSci
TW5891,U5891,2023-04-11,Sample tweet #DataSci
TW5892,U5892,2023-06-30,Sample tweet #DataSci
TW5893,U5893,2023-04-08,Sample tweet #AgriTech
TW5894,U5894,2023-10-16,Sample tweet #AgriTech
TW5895,U5895,2023-04-15,Sample tweet #Analytics
TW5896,U5896,2023-11-22,Sample tweet #Analytics
TW5897,U5897,2023-11-13,Sample tweet #Analytics
TW5898,U5898,2023-06-04,Sample tweet #DataSci
TW5899,U5899,2023-07-02,Sample tweet #DataSci
TW5900,U5900,2023-10-22,Sample tweet #AgriTech
TW5901,U5901,2023-04-13,Sample tweet #SQL
TW5902,U5902,2023-12-24,Sample tweet #DataSci
TW5903,U5903,2023-03-28,Sample tweet #DataSci
TW5904,U5904,2023-03-17,Sample tweet #SQL
TW5905,U5905,2023-12-03,Sample tweet #SQL
TW5906,U5906,2023-08-15,Sample tweet #Analytics
TW5907,U5907,2023-06-04,Sample tweet #Analytics
TW5908,U5908,2023-07-19,Sample tweet #Analytics
TW5909,U5909,2023-06-09,Sample tweet #SQL
TW5910,U5910,2023-10-08,Sample tweet #DataSci
TW5911,U5911,2023-02-15,Sample tweet #AgriTech
TW5912,U5912,2023-05-12,Sample tweet #AgriTech
TW5913,U5913,2023-05-11,Sample tweet #DataSci
TW5914,U5914,2023-12-09,Sample tweet #AgriTech
TW5915,U5915,2023-07-20,Sample tweet #DataSci
TW5916,U5916,2023-07-03,Sample tweet #SQL
TW5917,U5917,2023-05-28,Sample tweet #SQL
TW5918,U5918,2023-09-03,Sample tweet #AgriTech
TW5919,U5919,2023-09-20,Sample tweet #Analytics
TW5920,U5920,2023-12-23,Sample tweet #SQL
TW5921,U5921,2023-09-12,Sample tweet #Analytics
TW5922,U5922,2023-08-13,Sample tweet #DataSci
TW5923,U5923,2023-12-09,Sample tweet #SQL
TW5924,U5924,2023-05-26,Sample tweet #AgriTech
TW5925,U5925,2023-02-28,Sample tweet #AgriTech
TW5926,U5926,2023-07-17,Sample tweet #DataSci
TW5927,U5927,2023-02-12,Sample tweet #DataSci
TW5928,U5928,2023-09-23,Sample tweet #DataSci
TW5929,U5929,2023-02-10,Sample tweet #SQL
TW5930,U5930,2023-02-02,Sample tweet #SQL
TW5931,U5931,2023-05-07,Sample tweet #Analytics
TW5932,U5932,2023-06-04,Sample tweet #Analytics
TW5933,U5933,2023-10-09,Sample tweet #Analytics
TW5934,U5934,2023-11-25,Sample tweet #AgriTech
TW5935,U5935,2023-06-29,Sample tweet #SQL
TW5936,U5936,2023-04-07,Sample tweet #SQL
TW5937,U5937,2023-09-21,Sample tweet #SQL
TW5938,U5938,2023-04-27,Sample tweet #SQL
TW5939,U5939,2023-02-16,Sample tweet #AgriTech
TW5940,U5940,2023-04-20,Sample tweet #AgriTech
TW5941,U5941,2023-08-03,Sample tweet #DataSci
TW5942,U5942,2023-07-13,Sample tweet #AgriTech
TW5943,U5943,2023-06-21,Sample tweet #AgriTech
TW5944,U5944,2023-11-27,Sample tweet #Analytics
TW5945,U5945,2023-06-22,Sample tweet #DataSci
TW5946,U5946,2023-03-13,Sample tweet #AgriTech
TW5947,U5947,2023-05-10,Sample tweet #Analytics
TW5948,U5948,2023-11-05,Sample tweet #Analytics
TW5949,U5949,2023-03-01,Sample tweet #Analytics
TW5950,U5950,2023-04-17,Sample tweet #AgriTech
TW5951,U5951,2023-03-08,Sample tweet #Analytics
TW5952,U5952,2023-09-02,Sample tweet #SQL
TW5953,U5953,2023-04-08,Sample tweet #DataSci
TW5954,U5954,2023-10-21,Sample tweet #SQL
TW5955,U5955,2023-11-18,Sample tweet #DataSci
TW5956,U5956,2023-07-27,Sample tweet #AgriTech
TW5957,U5957,2023-08-30,Sample tweet #Analytics
TW5958,U5958,2023-08-29,Sample tweet #SQL
TW5959,U5959,2023-07-25,Sample tweet #SQL
TW5960,U5960,2023-03-01,Sample tweet #AgriTech
TW5961,U5961,2023-03-01,Sample tweet #DataSci
TW5962,U5962,2023-12-14,Sample tweet #AgriTech
TW5963,U5963,2023-02-08,Sample tweet #SQL
TW5964,U5964,2023-01-13,Sample tweet #Analytics
TW5965,U5965,2023-01-31,Sample tweet #AgriTech
TW5966,U5966,2023-10-10,Sample tweet #AgriTech
TW5967,U5967,2023-04-18,Sample tweet #AgriTech
TW5968,U5968,2023-06-18,Sample tweet #Analytics
TW5969,U5969,2023-05-25,Sample tweet #AgriTech
TW5970,U5970,2023-07-28,Sample tweet #AgriTech
TW5971,U5971,2023-04-14,Sample tweet #AgriTech
TW5972,U5972,2023-01-29,Sample tweet #DataSci
TW5973,U5973,2023-08-10,Sample tweet #AgriTech
TW5974,U5974,2023-02-03,Sample tweet #SQL
TW5975,U5975,2023-09-03,Sample tweet #SQL
TW5976,U5976,2023-12-31,Sample tweet #SQL
TW5977,U5977,2023-07-11,Sample tweet #SQL
TW5978,U5978,2023-12-22,Sample tweet #SQL
TW5979,U5979,2023-04-07,Sample tweet #SQL
TW5980,U5980,2023-04-20,Sample tweet #AgriTech
TW5981,U5981,2023-04-26,Sample tweet #SQL
TW5982,U5982,2023-04-10,Sample tweet #Analytics
TW5983,U5983,2023-10-13,Sample tweet #Analytics
TW5984,U5984,2023-11-07,Sample tweet #DataSci
TW5985,U5985,2023-09-29,Sample tweet #AgriTech
TW5986,U5986,2023-11-26,Sample tweet #Analytics
TW5987,U5987,2023-06-06,Sample tweet #SQL
TW5988,U5988,2023-10-30,Sample tweet #Analytics
TW5989,U5989,2023-03-21,Sample tweet #AgriTech
TW5990,U5990,2023-04-06,Sample tweet #SQL
TW5991,U5991,2023-10-01,Sample tweet #SQL
TW5992,U5992,2023-07-26,Sample tweet #AgriTech
TW5993,U5993,2023-09-01,Sample tweet #DataSci
TW5994,U5994,2023-12-16,Sample tweet #Analytics
TW5995,U5995,2023-08-15,Sample tweet #AgriTech
TW5996,U5996,2023-11-29,Sample tweet #AgriTech
TW5997,U5997,2023-04-16,Sample tweet #Analytics
TW5998,U5998,2023-04-23,Sample tweet #Analytics
TW5999,U5999,2023-12-10,Sample tweet #AgriTech
TW6000,U6000,2023-04-24,Sample tweet #AgriTech
TW6001,U6001,2023-12-17,Sample tweet #Analytics
TW6002,U6002,2023-04-26,Sample tweet #Analytics
TW6003,U6003,2023-01-15,Sample tweet #Analytics
TW6004,U6004,2023-03-21,Sample tweet #DataSci
TW6005,U6005,2023-05-31,Sample tweet #Analytics
TW6006,U6006,2023-10-07,Sample tweet #Analytics
TW6007,U6007,2023-10-29,Sample tweet #AgriTech
TW6008,U6008,2023-12-25,Sample tweet #DataSci
TW6009,U6009,2023-02-01,Sample tweet #SQL
TW6010,U6010,2023-09-01,Sample tweet #Analytics
TW6011,U6011,2023-02-14,Sample tweet #Analytics
TW6012,U6012,2023-03-09,Sample tweet #DataSci
TW6013,U6013,2023-05-06,Sample tweet #DataSci
TW6014,U6014,2023-04-10,Sample tweet #Analytics
TW6015,U6015,2023-07-21,Sample tweet #Analytics
TW6016,U6016,2023-01-30,Sample tweet #Analytics
TW6017,U6017,2023-03-04,Sample tweet #Analytics
TW6018,U6018,2023-08-31,Sample tweet #DataSci
TW6019,U6019,2023-05-30,Sample tweet #Analytics
TW6020,U6020,2023-02-07,Sample tweet #SQL
TW6021,U6021,2023-09-16,Sample tweet #Analytics
TW6022,U6022,2023-11-09,Sample tweet #SQL
TW6023,U6023,2023-05-24,Sample tweet #SQL
TW6024,U6024,2023-07-30,Sample tweet #AgriTech
TW6025,U6025,2023-10-31,Sample tweet #SQL
TW6026,U6026,2023-01-14,Sample tweet #Analytics
TW6027,U6027,2023-01-03,Sample tweet #AgriTech
TW6028,U6028,2023-06-05,Sample tweet #SQL
TW6029,U6029,2023-08-26,Sample tweet #DataSci
TW6030,U6030,2023-08-20,Sample tweet #SQL
TW6031,U6031,2023-08-30,Sample tweet #Analytics
TW6032,U6032,2023-11-04,Sample tweet #DataSci
TW6033,U6033,2023-06-17,Sample tweet #Analytics
TW6034,U6034,2023-10-04,Sample tweet #AgriTech
TW6035,U6035,2023-07-05,Sample tweet #AgriTech
TW6036,U6036,2023-04-15,Sample tweet #SQL
TW6037,U6037,2023-02-28,Sample tweet #DataSci
TW6038,U6038,2023-01-27,Sample tweet #DataSci
TW6039,U6039,2023-11-14,Sample tweet #DataSci
TW6040,U6040,2023-08-09,Sample tweet #SQL
TW6041,U6041,2023-03-02,Sample tweet #AgriTech
TW6042,U6042,2023-08-17,Sample tweet #Analytics
TW6043,U6043,2024-01-01,Sample tweet #Analytics
TW6044,U6044,2023-10-06,Sample tweet #DataSci
TW6045,U6045,2023-05-04,Sample tweet #DataSci
TW6046,U6046,2023-03-12,Sample tweet #Analytics
TW6047,U6047,2023-05-24,Sample tweet #SQL
TW6048,U6048,2023-10-07,Sample tweet #Analytics
TW6049,U6049,2023-06-28,Sample tweet #DataSci
TW6050,U6050,2023-01-05,Sample tweet #AgriTech
TW6051,U6051,2023-07-07,Sample tweet #AgriTech
TW6052,U6052,2023-08-25,Sample tweet #Analytics
TW6053,U6053,2023-02-22,Sample tweet #DataSci
TW6054,U6054,2023-07-21,Sample tweet #SQL
TW6055,U6055,2023-05-24,Sample tweet #AgriTech
TW6056,U6056,2023-05-20,Sample tweet #SQL
TW6057,U6057,2023-11-03,Sample tweet #SQL
TW6058,U6058,2023-04-20,Sample tweet #SQL
TW6059,U6059,2023-03-28,Sample tweet #DataSci
TW6060,U6060,2023-03-27,Sample tweet #SQL
TW6061,U6061,2023-11-25,Sample tweet #Analytics
TW6062,U6062,2023-07-29,Sample tweet #DataSci
TW6063,U6063,2023-01-02,Sample tweet #AgriTech
TW6064,U6064,2023-08-20,Sample tweet #SQL
TW6065,U6065,2023-05-24,Sample tweet #AgriTech
TW6066,U6066,2023-06-14,Sample tweet #AgriTech
TW6067,U6067,2023-09-04,Sample tweet #Analytics
TW6068,U6068,2023-12-14,Sample tweet #Analytics
TW6069,U6069,2023-05-27,Sample tweet #SQL
TW6070,U6070,2023-04-03,Sample tweet #Analytics
TW6071,U6071,2023-11-13,Sample tweet #SQL
TW6072,U6072,2023-11-23,Sample tweet #SQL
TW6073,U6073,2023-02-23,Sample tweet #Analytics
TW6074,U6074,2023-01-17,Sample tweet #SQL
TW6075,U6075,2023-12-05,Sample tweet #SQL
TW6076,U6076,2023-12-13,Sample tweet #AgriTech
TW6077,U6077,2023-08-11,Sample tweet #AgriTech
TW6078,U6078,2023-11-04,Sample tweet #DataSci
TW6079,U6079,2023-03-25,Sample tweet #AgriTech
TW6080,U6080,2023-01-25,Sample tweet #AgriTech
TW6081,U6081,2023-04-23,Sample tweet #AgriTech
TW6082,U6082,2023-06-18,Sample tweet #DataSci
TW6083,U6083,2023-03-16,Sample tweet #DataSci
TW6084,U6084,2023-05-14,Sample tweet #Analytics
TW6085,U6085,2023-03-05,Sample tweet #DataSci
TW6086,U6086,2023-08-05,Sample tweet #Analytics
TW6087,U6087,2023-12-16,Sample tweet #AgriTech
TW6088,U6088,2023-01-02,Sample tweet #DataSci
TW6089,U6089,2023-04-14,Sample tweet #AgriTech
TW6090,U6090,2023-08-04,Sample tweet #Analytics
TW6091,U6091,2023-09-07,Sample tweet #DataSci
TW6092,U6092,2023-06-16,Sample tweet #AgriTech
TW6093,U6093,2023-09-16,Sample tweet #DataSci
TW6094,U6094,2023-10-04,Sample tweet #SQL
TW6095,U6095,2023-06-07,Sample tweet #Analytics
TW6096,U6096,2023-02-09,Sample tweet #DataSci
TW6097,U6097,2023-05-05,Sample tweet #AgriTech
TW6098,U6098,2023-04-15,Sample tweet #DataSci
TW6099,U6099,2023-02-02,Sample tweet #DataSci
TW6100,U6100,2023-11-16,Sample tweet #Analytics
TW6101,U6101,2023-02-18,Sample tweet #AgriTech
TW6102,U6102,2023-10-22,Sample tweet #SQL
TW6103,U6103,2023-04-25,Sample tweet #DataSci
TW6104,U6104,2023-01-07,Sample tweet #AgriTech
TW6105,U6105,2023-04-19,Sample tweet #AgriTech
TW6106,U6106,2023-11-20,Sample tweet #SQL
TW6107,U6107,2023-08-18,Sample tweet #SQL
TW6108,U6108,2023-08-10,Sample tweet #Analytics
TW6109,U6109,2023-01-16,Sample tweet #SQL
TW6110,U6110,2023-10-28,Sample tweet #SQL
TW6111,U6111,2023-02-18,Sample tweet #DataSci
TW6112,U6112,2023-09-01,Sample tweet #AgriTech
TW6113,U6113,2023-10-29,Sample tweet #Analytics
TW6114,U6114,2023-01-23,Sample tweet #Analytics
TW6115,U6115,2023-06-10,Sample tweet #AgriTech
TW6116,U6116,2023-10-23,Sample tweet #DataSci
TW6117,U6117,2023-07-24,Sample tweet #AgriTech
TW6118,U6118,2023-05-06,Sample tweet #AgriTech
TW6119,U6119,2023-04-19,Sample tweet #AgriTech
TW6120,U6120,2023-08-11,Sample tweet #AgriTech
TW6121,U6121,2023-01-29,Sample tweet #DataSci
TW6122,U6122,2023-11-25,Sample tweet #Analytics
TW6123,U6123,2023-06-23,Sample tweet #AgriTech
TW6124,U6124,2023-08-19,Sample tweet #SQL
TW6125,U6125,2023-01-07,Sample tweet #DataSci
TW6126,U6126,2023-04-09,Sample tweet #AgriTech
TW6127,U6127,2023-03-19,Sample tweet #Analytics
TW6128,U6128,2023-12-04,Sample tweet #DataSci
TW6129,U6129,2023-04-25,Sample tweet #DataSci
TW6130,U6130,2023-05-22,Sample tweet #SQL
TW6131,U6131,2023-02-09,Sample tweet #Analytics
TW6132,U6132,2023-04-22,Sample tweet #Analytics
TW6133,U6133,2023-04-02,Sample tweet #DataSci
TW6134,U6134,2023-09-01,Sample tweet #AgriTech
TW6135,U6135,2023-09-17,Sample tweet #Analytics
TW6136,U6136,2023-10-24,Sample tweet #AgriTech
TW6137,U6137,2023-10-27,Sample tweet #AgriTech
TW6138,U6138,2023-11-04,Sample tweet #SQL
TW6139,U6139,2023-10-10,Sample tweet #DataSci
TW6140,U6140,2023-01-22,Sample tweet #DataSci
TW6141,U6141,2023-07-12,Sample tweet #Analytics
TW6142,U6142,2023-08-26,Sample tweet #DataSci
TW6143,U6143,2023-06-18,Sample tweet #AgriTech
TW6144,U6144,2023-08-24,Sample tweet #SQL
TW6145,U6145,2023-01-29,Sample tweet #DataSci
TW6146,U6146,2023-06-15,Sample tweet #SQL
TW6147,U6147,2023-08-11,Sample tweet #AgriTech
TW6148,U6148,2023-02-12,Sample tweet #Analytics
TW6149,U6149,2023-07-12,Sample tweet #SQL
TW6150,U6150,2023-08-27,Sample tweet #SQL
TW6151,U6151,2023-02-20,Sample tweet #AgriTech
TW6152,U6152,2023-08-27,Sample tweet #SQL
TW6153,U6153,2023-07-14,Sample tweet #DataSci
TW6154,U6154,2023-04-17,Sample tweet #Analytics
TW6155,U6155,2023-12-29,Sample tweet #SQL
TW6156,U6156,2023-06-21,Sample tweet #DataSci
TW6157,U6157,2023-06-11,Sample tweet #DataSci
TW6158,U6158,2023-12-27,Sample tweet #Analytics
TW6159,U6159,2023-09-18,Sample tweet #DataSci
TW6160,U6160,2023-09-26,Sample tweet #SQL
TW6161,U6161,2023-04-17,Sample tweet #AgriTech
TW6162,U6162,2023-10-13,Sample tweet #DataSci
TW6163,U6163,2023-11-03,Sample tweet #DataSci
TW6164,U6164,2023-12-20,Sample tweet #DataSci
TW6165,U6165,2023-05-18,Sample tweet #DataSci
TW6166,U6166,2023-06-13,Sample tweet #AgriTech
TW6167,U6167,2023-10-22,Sample tweet #SQL
TW6168,U6168,2023-05-19,Sample tweet #DataSci
TW6169,U6169,2023-03-11,Sample tweet #DataSci
TW6170,U6170,2023-03-12,Sample tweet #DataSci
TW6171,U6171,2023-11-13,Sample tweet #AgriTech
TW6172,U6172,2023-09-23,Sample tweet #SQL
TW6173,U6173,2023-10-01,Sample tweet #SQL
TW6174,U6174,2023-06-26,Sample tweet #SQL
TW6175,U6175,2023-10-08,Sample tweet #AgriTech
TW6176,U6176,2023-05-15,Sample tweet #Analytics
TW6177,U6177,2023-12-16,Sample tweet #AgriTech
TW6178,U6178,2023-09-06,Sample tweet #Analytics
TW6179,U6179,2023-04-12,Sample tweet #DataSci
TW6180,U6180,2023-11-05,Sample tweet #DataSci
TW6181,U6181,2023-04-22,Sample tweet #Analytics
TW6182,U6182,2023-01-21,Sample tweet #SQL
TW6183,U6183,2023-08-23,Sample tweet #AgriTech
TW6184,U6184,2023-08-11,Sample tweet #DataSci
TW6185,U6185,2023-05-06,Sample tweet #Analytics
TW6186,U6186,2023-11-11,Sample tweet #AgriTech
TW6187,U6187,2023-01-08,Sample tweet #AgriTech
TW6188,U6188,2023-09-06,Sample tweet #DataSci
TW6189,U6189,2023-01-10,Sample tweet #SQL
TW6190,U6190,2023-01-02,Sample tweet #AgriTech
TW6191,U6191,2023-07-13,Sample tweet #Analytics
TW6192,U6192,2023-08-23,Sample tweet #Analytics
TW6193,U6193,2023-08-20,Sample tweet #AgriTech
TW6194,U6194,2023-08-15,Sample tweet #SQL
TW6195,U6195,2023-12-27,Sample tweet #AgriTech
TW6196,U6196,2023-04-06,Sample tweet #SQL
TW6197,U6197,2023-06-02,Sample tweet #DataSci
TW6198,U6198,2023-09-29,Sample tweet #SQL
TW6199,U6199,2023-08-26,Sample tweet #SQL
TW6200,U6200,2023-06-28,Sample tweet #Analytics
TW6201,U6201,2023-03-04,Sample tweet #SQL
TW6202,U6202,2023-09-07,Sample tweet #DataSci
TW6203,U6203,2023-08-19,Sample tweet #AgriTech
TW6204,U6204,2023-12-18,Sample tweet #DataSci
TW6205,U6205,2023-08-14,Sample tweet #AgriTech
TW6206,U6206,2023-01-21,Sample tweet #AgriTech
TW6207,U6207,2023-04-10,Sample tweet #AgriTech
TW6208,U6208,2023-01-17,Sample tweet #SQL
TW6209,U6209,2023-07-21,Sample tweet #Analytics
TW6210,U6210,2023-08-24,Sample tweet #AgriTech
TW6211,U6211,2023-02-19,Sample tweet #SQL
TW6212,U6212,2023-03-14,Sample tweet #AgriTech
TW6213,U6213,2023-03-01,Sample tweet #SQL
TW6214,U6214,2023-10-01,Sample tweet #AgriTech
TW6215,U6215,2023-08-19,Sample tweet #AgriTech
TW6216,U6216,2023-01-21,Sample tweet #Analytics
TW6217,U6217,2023-03-23,Sample tweet #Analytics
TW6218,U6218,2023-10-18,Sample tweet #DataSci
TW6219,U6219,2023-10-06,Sample tweet #DataSci
TW6220,U6220,2023-09-29,Sample tweet #DataSci
TW6221,U6221,2023-03-12,Sample tweet #Analytics
TW6222,U6222,2023-04-27,Sample tweet #SQL
TW6223,U6223,2023-02-14,Sample tweet #DataSci
TW6224,U6224,2023-08-09,Sample tweet #Analytics
TW6225,U6225,2023-05-23,Sample tweet #AgriTech
TW6226,U6226,2023-11-29,Sample tweet #AgriTech
TW6227,U6227,2023-05-05,Sample tweet #AgriTech
TW6228,U6228,2023-09-24,Sample tweet #DataSci
TW6229,U6229,2023-08-24,Sample tweet #Analytics
TW6230,U6230,2023-12-17,Sample tweet #AgriTech
TW6231,U6231,2023-03-28,Sample tweet #DataSci
TW6232,U6232,2023-05-28,Sample tweet #DataSci
TW6233,U6233,2023-06-01,Sample tweet #Analytics
TW6234,U6234,2023-04-10,Sample tweet #DataSci
TW6235,U6235,2023-09-24,Sample tweet #SQL
TW6236,U6236,2023-03-03,Sample tweet #SQL
TW6237,U6237,2023-09-27,Sample tweet #SQL
TW6238,U6238,2023-12-10,Sample tweet #DataSci
TW6239,U6239,2023-09-04,Sample tweet #SQL
TW6240,U6240,2023-09-16,Sample tweet #SQL
TW6241,U6241,2023-04-10,Sample tweet #DataSci
TW6242,U6242,2023-06-16,Sample tweet #AgriTech
TW6243,U6243,2023-05-23,Sample tweet #SQL
TW6244,U6244,2023-10-17,Sample tweet #AgriTech
TW6245,U6245,2023-12-05,Sample tweet #Analytics
TW6246,U6246,2023-10-21,Sample tweet #Analytics
TW6247,U6247,2023-07-23,Sample tweet #AgriTech
TW6248,U6248,2023-10-13,Sample tweet #SQL
TW6249,U6249,2023-09-16,Sample tweet #DataSci
TW6250,U6250,2023-08-15,Sample tweet #SQL
TW6251,U6251,2023-07-03,Sample tweet #DataSci
TW6252,U6252,2023-10-23,Sample tweet #DataSci
TW6253,U6253,2023-11-10,Sample tweet #DataSci
TW6254,U6254,2023-09-30,Sample tweet #SQL
TW6255,U6255,2023-11-15,Sample tweet #Analytics
TW6256,U6256,2023-08-06,Sample tweet #DataSci
TW6257,U6257,2023-01-26,Sample tweet #Analytics
TW6258,U6258,2023-03-23,Sample tweet #AgriTech
TW6259,U6259,2023-05-09,Sample tweet #DataSci
TW6260,U6260,2023-11-09,Sample tweet #AgriTech
TW6261,U6261,2023-02-18,Sample tweet #SQL
TW6262,U6262,2023-08-07,Sample tweet #SQL
TW6263,U6263,2023-10-04,Sample tweet #Analytics
TW6264,U6264,2023-08-08,Sample tweet #AgriTech
TW6265,U6265,2023-04-15,Sample tweet #DataSci
TW6266,U6266,2023-12-22,Sample tweet #Analytics
TW6267,U6267,2023-04-14,Sample tweet #Analytics
TW6268,U6268,2023-03-25,Sample tweet #AgriTech
TW6269,U6269,2023-10-23,Sample tweet #DataSci
TW6270,U6270,2023-02-12,Sample tweet #AgriTech
TW6271,U6271,2023-12-19,Sample tweet #SQL
TW6272,U6272,2023-08-21,Sample tweet #Analytics
TW6273,U6273,2023-03-10,Sample tweet #SQL
TW6274,U6274,2023-12-21,Sample tweet #SQL
TW6275,U6275,2023-02-19,Sample tweet #SQL
TW6276,U6276,2023-08-05,Sample tweet #Analytics
TW6277,U6277,2023-04-06,Sample tweet #DataSci
TW6278,U6278,2023-03-15,Sample tweet #DataSci
TW6279,U6279,2023-09-29,Sample tweet #Analytics
TW6280,U6280,2023-12-25,Sample tweet #SQL
TW6281,U6281,2023-07-21,Sample tweet #Analytics
TW6282,U6282,2023-10-18,Sample tweet #DataSci
TW6283,U6283,2023-05-08,Sample tweet #SQL
TW6284,U6284,2023-11-29,Sample tweet #AgriTech
TW6285,U6285,2023-08-11,Sample tweet #Analytics
TW6286,U6286,2023-01-12,Sample tweet #DataSci
TW6287,U6287,2023-07-22,Sample tweet #AgriTech
TW6288,U6288,2023-03-08,Sample tweet #Analytics
TW6289,U6289,2023-04-24,Sample tweet #Analytics
TW6290,U6290,2023-05-08,Sample tweet #SQL
TW6291,U6291,2023-07-09,Sample tweet #SQL
TW6292,U6292,2023-01-31,Sample tweet #AgriTech
TW6293,U6293,2023-02-19,Sample tweet #AgriTech
TW6294,U6294,2023-12-28,Sample tweet #AgriTech
TW6295,U6295,2023-07-10,Sample tweet #DataSci
TW6296,U6296,2023-02-04,Sample tweet #Analytics
TW6297,U6297,2023-12-06,Sample tweet #Analytics
TW6298,U6298,2023-08-09,Sample tweet #DataSci
TW6299,U6299,2023-08-11,Sample tweet #DataSci
TW6300,U6300,2023-03-08,Sample tweet #SQL
TW6301,U6301,2023-09-15,Sample tweet #Analytics
TW6302,U6302,2023-01-28,Sample tweet #SQL
TW6303,U6303,2023-06-05,Sample tweet #AgriTech
TW6304,U6304,2023-09-04,Sample tweet #AgriTech
TW6305,U6305,2023-08-06,Sample tweet #AgriTech
TW6306,U6306,2023-08-12,Sample tweet #AgriTech
TW6307,U6307,2023-09-23,Sample tweet #DataSci
TW6308,U6308,2023-09-21,Sample tweet #DataSci
TW6309,U6309,2023-08-27,Sample tweet #Analytics
TW6310,U6310,2023-09-09,Sample tweet #SQL
TW6311,U6311,2023-08-25,Sample tweet #AgriTech
TW6312,U6312,2023-06-29,Sample tweet #DataSci
TW6313,U6313,2023-02-23,Sample tweet #SQL
TW6314,U6314,2023-12-22,Sample tweet #SQL
TW6315,U6315,2023-01-07,Sample tweet #AgriTech
TW6316,U6316,2023-07-09,Sample tweet #AgriTech
TW6317,U6317,2023-04-22,Sample tweet #AgriTech
TW6318,U6318,2023-01-31,Sample tweet #SQL
TW6319,U6319,2023-05-23,Sample tweet #SQL
TW6320,U6320,2023-04-20,Sample tweet #AgriTech
TW6321,U6321,2023-08-18,Sample tweet #AgriTech
TW6322,U6322,2023-06-02,Sample tweet #DataSci
TW6323,U6323,2023-11-27,Sample tweet #AgriTech
TW6324,U6324,2023-02-06,Sample tweet #SQL
TW6325,U6325,2023-06-06,Sample tweet #DataSci
TW6326,U6326,2023-02-17,Sample tweet #SQL
TW6327,U6327,2023-01-16,Sample tweet #AgriTech
TW6328,U6328,2023-04-01,Sample tweet #SQL
TW6329,U6329,2023-07-31,Sample tweet #AgriTech
TW6330,U6330,2023-12-31,Sample tweet #DataSci
TW6331,U6331,2023-07-15,Sample tweet #DataSci
TW6332,U6332,2023-01-28,Sample tweet #SQL
TW6333,U6333,2023-08-07,Sample tweet #DataSci
TW6334,U6334,2023-08-05,Sample tweet #Analytics
TW6335,U6335,2023-01-05,Sample tweet #DataSci
TW6336,U6336,2023-09-25,Sample tweet #DataSci
TW6337,U6337,2023-05-18,Sample tweet #DataSci
TW6338,U6338,2023-10-14,Sample tweet #AgriTech
TW6339,U6339,2023-07-13,Sample tweet #DataSci
TW6340,U6340,2023-10-28,Sample tweet #DataSci
TW6341,U6341,2023-04-28,Sample tweet #AgriTech
TW6342,U6342,2023-12-13,Sample tweet #DataSci
TW6343,U6343,2023-12-06,Sample tweet #Analytics
TW6344,U6344,2023-12-14,Sample tweet #AgriTech
TW6345,U6345,2023-09-22,Sample tweet #AgriTech
TW6346,U6346,2023-02-26,Sample tweet #AgriTech
TW6347,U6347,2023-03-13,Sample tweet #AgriTech
TW6348,U6348,2023-08-04,Sample tweet #DataSci
TW6349,U6349,2023-02-10,Sample tweet #DataSci
TW6350,U6350,2023-08-22,Sample tweet #AgriTech
TW6351,U6351,2023-04-29,Sample tweet #AgriTech
TW6352,U6352,2023-01-19,Sample tweet #Analytics
TW6353,U6353,2023-07-01,Sample tweet #AgriTech
TW6354,U6354,2023-01-18,Sample tweet #Analytics
TW6355,U6355,2023-11-24,Sample tweet #DataSci
TW6356,U6356,2023-09-18,Sample tweet #DataSci
TW6357,U6357,2023-02-02,Sample tweet #AgriTech
TW6358,U6358,2023-08-22,Sample tweet #DataSci
TW6359,U6359,2023-11-10,Sample tweet #SQL
TW6360,U6360,2023-01-04,Sample tweet #Analytics
TW6361,U6361,2023-06-22,Sample tweet #SQL
TW6362,U6362,2023-06-15,Sample tweet #DataSci
TW6363,U6363,2023-09-02,Sample tweet #DataSci
TW6364,U6364,2023-10-19,Sample tweet #AgriTech
TW6365,U6365,2023-02-02,Sample tweet #SQL
TW6366,U6366,2023-03-21,Sample tweet #SQL
TW6367,U6367,2023-02-04,Sample tweet #SQL
TW6368,U6368,2023-05-24,Sample tweet #SQL
TW6369,U6369,2023-05-29,Sample tweet #SQL
TW6370,U6370,2023-03-11,Sample tweet #Analytics
TW6371,U6371,2023-09-29,Sample tweet #AgriTech
TW6372,U6372,2023-08-17,Sample tweet #AgriTech
TW6373,U6373,2023-05-25,Sample tweet #AgriTech
TW6374,U6374,2023-04-07,Sample tweet #SQL
TW6375,U6375,2023-07-29,Sample tweet #DataSci
TW6376,U6376,2023-08-13,Sample tweet #DataSci
TW6377,U6377,2023-05-23,Sample tweet #DataSci
TW6378,U6378,2023-11-06,Sample tweet #DataSci
TW6379,U6379,2023-03-23,Sample tweet #Analytics
TW6380,U6380,2023-08-26,Sample tweet #Analytics
TW6381,U6381,2023-10-26,Sample tweet #AgriTech
TW6382,U6382,2023-09-03,Sample tweet #DataSci
TW6383,U6383,2023-03-07,Sample tweet #AgriTech
TW6384,U6384,2023-08-18,Sample tweet #AgriTech
TW6385,U6385,2023-03-09,Sample tweet #AgriTech
TW6386,U6386,2023-02-09,Sample tweet #SQL
TW6387,U6387,2023-08-05,Sample tweet #AgriTech
TW6388,U6388,2023-06-14,Sample tweet #DataSci
TW6389,U6389,2023-05-23,Sample tweet #DataSci
TW6390,U6390,2023-05-06,Sample tweet #DataSci
TW6391,U6391,2023-07-11,Sample tweet #Analytics
TW6392,U6392,2023-07-11,Sample tweet #AgriTech
TW6393,U6393,2023-07-16,Sample tweet #SQL
TW6394,U6394,2023-02-20,Sample tweet #Analytics
TW6395,U6395,2023-10-25,Sample tweet #AgriTech
TW6396,U6396,2023-04-15,Sample tweet #SQL
TW6397,U6397,2023-06-11,Sample tweet #AgriTech
TW6398,U6398,2023-01-18,Sample tweet #Analytics
TW6399,U6399,2023-07-05,Sample tweet #AgriTech
TW6400,U6400,2023-03-08,Sample tweet #AgriTech
TW6401,U6401,2023-04-15,Sample tweet #Analytics
TW6402,U6402,2023-11-28,Sample tweet #Analytics
TW6403,U6403,2023-11-25,Sample tweet #SQL
TW6404,U6404,2023-03-25,Sample tweet #Analytics
TW6405,U6405,2023-07-24,Sample tweet #DataSci
TW6406,U6406,2023-09-03,Sample tweet #SQL
TW6407,U6407,2023-02-17,Sample tweet #Analytics
TW6408,U6408,2023-02-07,Sample tweet #Analytics
TW6409,U6409,2023-12-03,Sample tweet #DataSci
TW6410,U6410,2023-08-13,Sample tweet #AgriTech
TW6411,U6411,2023-09-17,Sample tweet #DataSci
TW6412,U6412,2023-06-19,Sample tweet #SQL
TW6413,U6413,2023-04-24,Sample tweet #DataSci
TW6414,U6414,2023-07-20,Sample tweet #Analytics
TW6415,U6415,2023-03-01,Sample tweet #SQL
TW6416,U6416,2023-02-14,Sample tweet #AgriTech
TW6417,U6417,2023-03-08,Sample tweet #DataSci
TW6418,U6418,2023-02-28,Sample tweet #AgriTech
TW6419,U6419,2023-01-04,Sample tweet #Analytics
TW6420,U6420,2023-08-08,Sample tweet #SQL
TW6421,U6421,2023-08-10,Sample tweet #Analytics
TW6422,U6422,2023-11-26,Sample tweet #DataSci
TW6423,U6423,2023-09-11,Sample tweet #DataSci
TW6424,U6424,2023-04-12,Sample tweet #AgriTech
TW6425,U6425,2023-03-04,Sample tweet #Analytics
TW6426,U6426,2023-06-08,Sample tweet #SQL
TW6427,U6427,2023-03-13,Sample tweet #AgriTech
TW6428,U6428,2023-05-11,Sample tweet #AgriTech
TW6429,U6429,2023-03-13,Sample tweet #Analytics
TW6430,U6430,2023-03-29,Sample tweet #Analytics
TW6431,U6431,2023-10-24,Sample tweet #SQL
TW6432,U6432,2023-07-05,Sample tweet #DataSci
TW6433,U6433,2023-04-23,Sample tweet #SQL
TW6434,U6434,2023-08-03,Sample tweet #DataSci
TW6435,U6435,2023-01-04,Sample tweet #SQL
TW6436,U6436,2023-10-30,Sample tweet #AgriTech
TW6437,U6437,2023-09-01,Sample tweet #Analytics
TW6438,U6438,2023-01-29,Sample tweet #AgriTech
TW6439,U6439,2023-03-10,Sample tweet #SQL
TW6440,U6440,2023-04-14,Sample tweet #Analytics
TW6441,U6441,2023-08-20,Sample tweet #Analytics
TW6442,U6442,2023-06-20,Sample tweet #DataSci
TW6443,U6443,2023-03-14,Sample tweet #AgriTech
TW6444,U6444,2023-09-03,Sample tweet #DataSci
TW6445,U6445,2023-12-17,Sample tweet #Analytics
TW6446,U6446,2023-08-02,Sample tweet #AgriTech
TW6447,U6447,2023-08-08,Sample tweet #AgriTech
TW6448,U6448,2023-04-21,Sample tweet #SQL
TW6449,U6449,2023-08-02,Sample tweet #AgriTech
TW6450,U6450,2023-11-06,Sample tweet #SQL
TW6451,U6451,2023-10-27,Sample tweet #Analytics
TW6452,U6452,2023-08-24,Sample tweet #SQL
TW6453,U6453,2023-02-04,Sample tweet #SQL
TW6454,U6454,2023-03-20,Sample tweet #Analytics
TW6455,U6455,2023-12-25,Sample tweet #Analytics
TW6456,U6456,2023-08-03,Sample tweet #Analytics
TW6457,U6457,2023-01-02,Sample tweet #AgriTech
TW6458,U6458,2023-09-11,Sample tweet #Analytics
TW6459,U6459,2023-09-24,Sample tweet #SQL
TW6460,U6460,2023-10-02,Sample tweet #AgriTech
TW6461,U6461,2023-11-12,Sample tweet #AgriTech
TW6462,U6462,2023-07-29,Sample tweet #DataSci
TW6463,U6463,2023-12-29,Sample tweet #DataSci
TW6464,U6464,2023-02-20,Sample tweet #SQL
TW6465,U6465,2023-09-09,Sample tweet #Analytics
TW6466,U6466,2023-05-17,Sample tweet #SQL
TW6467,U6467,2023-04-01,Sample tweet #SQL
TW6468,U6468,2023-06-01,Sample tweet #DataSci
TW6469,U6469,2023-07-22,Sample tweet #AgriTech
TW6470,U6470,2023-10-05,Sample tweet #Analytics
TW6471,U6471,2023-03-24,Sample tweet #SQL
TW6472,U6472,2023-08-29,Sample tweet #AgriTech
TW6473,U6473,2023-03-11,Sample tweet #AgriTech
TW6474,U6474,2023-10-17,Sample tweet #AgriTech
TW6475,U6475,2023-12-01,Sample tweet #DataSci
TW6476,U6476,2023-09-24,Sample tweet #Analytics
TW6477,U6477,2023-09-29,Sample tweet #SQL
TW6478,U6478,2023-08-10,Sample tweet #DataSci
TW6479,U6479,2023-09-01,Sample tweet #AgriTech
TW6480,U6480,2023-05-30,Sample tweet #DataSci
TW6481,U6481,2023-07-05,Sample tweet #SQL
TW6482,U6482,2023-10-14,Sample tweet #SQL
TW6483,U6483,2023-03-26,Sample tweet #AgriTech
TW6484,U6484,2023-12-06,Sample tweet #Analytics
TW6485,U6485,2023-01-07,Sample tweet #DataSci
TW6486,U6486,2023-06-25,Sample tweet #DataSci
TW6487,U6487,2023-11-16,Sample tweet #Analytics
TW6488,U6488,2023-06-19,Sample tweet #SQL
TW6489,U6489,2023-12-20,Sample tweet #AgriTech
TW6490,U6490,2023-05-05,Sample tweet #Analytics
TW6491,U6491,2023-09-02,Sample tweet #SQL
TW6492,U6492,2023-09-14,Sample tweet #Analytics
TW6493,U6493,2023-09-23,Sample tweet #Analytics
TW6494,U6494,2023-05-06,Sample tweet #AgriTech
TW6495,U6495,2023-06-07,Sample tweet #AgriTech
TW6496,U6496,2023-10-10,Sample tweet #Analytics
TW6497,U6497,2023-02-23,Sample tweet #Analytics
TW6498,U6498,2023-09-27,Sample tweet #AgriTech
TW6499,U6499,2023-08-25,Sample tweet #AgriTech
TW6500,U6500,2023-09-21,Sample tweet #AgriTech
TW6501,U6501,2023-10-10,Sample tweet #AgriTech
TW6502,U6502,2023-10-09,Sample tweet #SQL
TW6503,U6503,2023-09-03,Sample tweet #DataSci
TW6504,U6504,2023-10-05,Sample tweet #DataSci
TW6505,U6505,2023-05-30,Sample tweet #SQL
TW6506,U6506,2023-10-22,Sample tweet #DataSci
TW6507,U6507,2023-06-12,Sample tweet #SQL
TW6508,U6508,2023-10-02,Sample tweet #AgriTech
TW6509,U6509,2023-06-20,Sample tweet #DataSci
TW6510,U6510,2023-05-14,Sample tweet #SQL
TW6511,U6511,2023-11-07,Sample tweet #DataSci
TW6512,U6512,2023-09-11,Sample tweet #SQL
TW6513,U6513,2023-08-16,Sample tweet #Analytics
TW6514,U6514,2023-07-29,Sample tweet #SQL
TW6515,U6515,2023-09-22,Sample tweet #SQL
TW6516,U6516,2023-09-06,Sample tweet #DataSci
TW6517,U6517,2023-06-05,Sample tweet #SQL
TW6518,U6518,2023-07-30,Sample tweet #SQL
TW6519,U6519,2023-01-10,Sample tweet #Analytics
TW6520,U6520,2023-11-06,Sample tweet #DataSci
TW6521,U6521,2023-01-14,Sample tweet #AgriTech
TW6522,U6522,2023-06-05,Sample tweet #SQL
TW6523,U6523,2023-06-02,Sample tweet #DataSci
TW6524,U6524,2023-11-10,Sample tweet #DataSci
TW6525,U6525,2023-11-18,Sample tweet #DataSci
TW6526,U6526,2023-04-17,Sample tweet #DataSci
TW6527,U6527,2023-06-01,Sample tweet #SQL
TW6528,U6528,2023-02-01,Sample tweet #Analytics
TW6529,U6529,2023-11-13,Sample tweet #DataSci
TW6530,U6530,2023-05-18,Sample tweet #AgriTech
TW6531,U6531,2023-02-28,Sample tweet #SQL
TW6532,U6532,2023-09-22,Sample tweet #DataSci
TW6533,U6533,2023-09-24,Sample tweet #AgriTech
TW6534,U6534,2023-10-26,Sample tweet #SQL
TW6535,U6535,2023-02-28,Sample tweet #AgriTech
TW6536,U6536,2023-09-21,Sample tweet #SQL
TW6537,U6537,2023-10-22,Sample tweet #AgriTech
TW6538,U6538,2023-10-09,Sample tweet #Analytics
TW6539,U6539,2023-02-21,Sample tweet #DataSci
TW6540,U6540,2023-02-18,Sample tweet #Analytics
TW6541,U6541,2023-05-11,Sample tweet #AgriTech
TW6542,U6542,2023-12-16,Sample tweet #DataSci
TW6543,U6543,2023-02-16,Sample tweet #Analytics
TW6544,U6544,2023-05-29,Sample tweet #SQL
TW6545,U6545,2023-03-10,Sample tweet #Analytics
TW6546,U6546,2023-10-21,Sample tweet #Analytics
TW6547,U6547,2023-02-21,Sample tweet #AgriTech
TW6548,U6548,2023-01-19,Sample tweet #SQL
TW6549,U6549,2023-03-16,Sample tweet #AgriTech
TW6550,U6550,2023-02-11,Sample tweet #AgriTech
TW6551,U6551,2023-09-08,Sample tweet #Analytics
TW6552,U6552,2023-06-17,Sample tweet #Analytics
TW6553,U6553,2023-11-06,Sample tweet #Analytics
TW6554,U6554,2023-10-26,Sample tweet #AgriTech
TW6555,U6555,2023-06-19,Sample tweet #Analytics
TW6556,U6556,2023-01-31,Sample tweet #DataSci
TW6557,U6557,2023-02-05,Sample tweet #AgriTech
TW6558,U6558,2023-09-13,Sample tweet #Analytics
TW6559,U6559,2023-04-14,Sample tweet #DataSci
TW6560,U6560,2023-11-23,Sample tweet #Analytics
TW6561,U6561,2023-02-23,Sample tweet #AgriTech
TW6562,U6562,2023-01-28,Sample tweet #SQL
TW6563,U6563,2023-12-04,Sample tweet #AgriTech
TW6564,U6564,2023-08-11,Sample tweet #DataSci
TW6565,U6565,2023-08-18,Sample tweet #SQL
TW6566,U6566,2023-09-13,Sample tweet #DataSci
TW6567,U6567,2023-09-06,Sample tweet #SQL
TW6568,U6568,2023-08-25,Sample tweet #AgriTech
TW6569,U6569,2023-04-21,Sample tweet #Analytics
TW6570,U6570,2023-02-06,Sample tweet #AgriTech
TW6571,U6571,2023-04-01,Sample tweet #SQL
TW6572,U6572,2023-08-01,Sample tweet #Analytics
TW6573,U6573,2023-01-13,Sample tweet #AgriTech
TW6574,U6574,2023-12-06,Sample tweet #AgriTech
TW6575,U6575,2023-01-02,Sample tweet #Analytics
TW6576,U6576,2023-03-02,Sample tweet #DataSci
TW6577,U6577,2023-12-18,Sample tweet #DataSci
TW6578,U6578,2023-09-06,Sample tweet #DataSci
TW6579,U6579,2023-06-27,Sample tweet #AgriTech
TW6580,U6580,2023-06-19,Sample tweet #AgriTech
TW6581,U6581,2023-12-08,Sample tweet #AgriTech
TW6582,U6582,2023-03-23,Sample tweet #Analytics
TW6583,U6583,2023-10-07,Sample tweet #AgriTech
TW6584,U6584,2023-01-02,Sample tweet #AgriTech
TW6585,U6585,2023-06-24,Sample tweet #AgriTech
TW6586,U6586,2023-04-15,Sample tweet #DataSci
TW6587,U6587,2023-07-16,Sample tweet #DataSci
TW6588,U6588,2023-01-08,Sample tweet #Analytics
TW6589,U6589,2023-09-15,Sample tweet #DataSci
TW6590,U6590,2023-06-11,Sample tweet #DataSci
TW6591,U6591,2023-05-18,Sample tweet #DataSci
TW6592,U6592,2023-06-13,Sample tweet #DataSci
TW6593,U6593,2023-11-25,Sample tweet #AgriTech
TW6594,U6594,2023-11-16,Sample tweet #SQL
TW6595,U6595,2023-06-30,Sample tweet #AgriTech
TW6596,U6596,2023-12-21,Sample tweet #Analytics
TW6597,U6597,2023-05-22,Sample tweet #DataSci
TW6598,U6598,2023-10-08,Sample tweet #DataSci
TW6599,U6599,2023-06-05,Sample tweet #SQL
TW6600,U6600,2023-10-11,Sample tweet #SQL
TW6601,U6601,2023-09-10,Sample tweet #SQL
TW6602,U6602,2023-04-22,Sample tweet #Analytics
TW6603,U6603,2023-02-28,Sample tweet #DataSci
TW6604,U6604,2023-06-12,Sample tweet #Analytics
TW6605,U6605,2023-03-28,Sample tweet #DataSci
TW6606,U6606,2023-10-21,Sample tweet #Analytics
TW6607,U6607,2023-06-16,Sample tweet #SQL
TW6608,U6608,2023-06-14,Sample tweet #AgriTech
TW6609,U6609,2023-02-09,Sample tweet #Analytics
TW6610,U6610,2023-05-27,Sample tweet #SQL
TW6611,U6611,2023-02-04,Sample tweet #AgriTech
TW6612,U6612,2023-04-24,Sample tweet #AgriTech
TW6613,U6613,2023-05-30,Sample tweet #AgriTech
TW6614,U6614,2023-12-05,Sample tweet #Analytics
TW6615,U6615,2023-06-08,Sample tweet #DataSci
TW6616,U6616,2023-01-30,Sample tweet #DataSci
TW6617,U6617,2023-10-23,Sample tweet #AgriTech
TW6618,U6618,2023-12-03,Sample tweet #DataSci
TW6619,U6619,2023-10-12,Sample tweet #SQL
TW6620,U6620,2023-07-30,Sample tweet #AgriTech
TW6621,U6621,2023-11-29,Sample tweet #AgriTech
TW6622,U6622,2023-09-13,Sample tweet #SQL
TW6623,U6623,2023-05-17,Sample tweet #AgriTech
TW6624,U6624,2023-10-23,Sample tweet #AgriTech
TW6625,U6625,2023-03-20,Sample tweet #Analytics
TW6626,U6626,2023-10-10,Sample tweet #SQL
TW6627,U6627,2023-05-22,Sample tweet #Analytics
TW6628,U6628,2023-06-04,Sample tweet #SQL
TW6629,U6629,2023-08-21,Sample tweet #Analytics
TW6630,U6630,2023-05-21,Sample tweet #AgriTech
TW6631,U6631,2023-05-28,Sample tweet #Analytics
TW6632,U6632,2023-03-22,Sample tweet #AgriTech
TW6633,U6633,2023-11-20,Sample tweet #Analytics
TW6634,U6634,2023-12-17,Sample tweet #SQL
TW6635,U6635,2023-09-07,Sample tweet #Analytics
TW6636,U6636,2023-11-23,Sample tweet #DataSci
TW6637,U6637,2023-01-26,Sample tweet #Analytics
TW6638,U6638,2023-11-23,Sample tweet #SQL
TW6639,U6639,2023-02-25,Sample tweet #SQL
TW6640,U6640,2023-11-13,Sample tweet #AgriTech
TW6641,U6641,2023-10-28,Sample tweet #DataSci
TW6642,U6642,2023-11-10,Sample tweet #DataSci
TW6643,U6643,2023-08-18,Sample tweet #DataSci
TW6644,U6644,2023-04-25,Sample tweet #SQL
TW6645,U6645,2023-06-27,Sample tweet #AgriTech
TW6646,U6646,2023-01-09,Sample tweet #Analytics
TW6647,U6647,2023-11-22,Sample tweet #DataSci
TW6648,U6648,2023-03-02,Sample tweet #AgriTech
TW6649,U6649,2023-03-18,Sample tweet #Analytics
TW6650,U6650,2023-04-18,Sample tweet #Analytics
TW6651,U6651,2023-02-02,Sample tweet #AgriTech
TW6652,U6652,2023-04-07,Sample tweet #SQL
TW6653,U6653,2023-06-12,Sample tweet #AgriTech
TW6654,U6654,2023-10-16,Sample tweet #AgriTech
TW6655,U6655,2023-08-14,Sample tweet #DataSci
TW6656,U6656,2023-05-09,Sample tweet #SQL
TW6657,U6657,2023-09-13,Sample tweet #AgriTech
TW6658,U6658,2023-11-18,Sample tweet #SQL
TW6659,U6659,2023-11-22,Sample tweet #AgriTech
TW6660,U6660,2023-04-04,Sample tweet #Analytics
TW6661,U6661,2023-01-06,Sample tweet #Analytics
TW6662,U6662,2023-01-18,Sample tweet #DataSci
TW6663,U6663,2023-09-30,Sample tweet #DataSci
TW6664,U6664,2023-04-12,Sample tweet #SQL
TW6665,U6665,2023-06-05,Sample tweet #DataSci
TW6666,U6666,2023-03-29,Sample tweet #Analytics
TW6667,U6667,2023-03-14,Sample tweet #Analytics
TW6668,U6668,2023-05-19,Sample tweet #Analytics
TW6669,U6669,2023-05-09,Sample tweet #SQL
TW6670,U6670,2023-10-06,Sample tweet #Analytics
TW6671,U6671,2023-07-13,Sample tweet #AgriTech
TW6672,U6672,2023-05-05,Sample tweet #DataSci
TW6673,U6673,2023-12-25,Sample tweet #SQL
TW6674,U6674,2023-08-23,Sample tweet #SQL
TW6675,U6675,2023-12-15,Sample tweet #AgriTech
TW6676,U6676,2023-10-19,Sample tweet #SQL
TW6677,U6677,2023-03-03,Sample tweet #DataSci
TW6678,U6678,2023-09-08,Sample tweet #AgriTech
TW6679,U6679,2023-09-08,Sample tweet #DataSci
TW6680,U6680,2023-01-03,Sample tweet #SQL
TW6681,U6681,2023-03-03,Sample tweet #DataSci
TW6682,U6682,2023-11-10,Sample tweet #SQL
TW6683,U6683,2023-07-25,Sample tweet #SQL
TW6684,U6684,2023-01-18,Sample tweet #AgriTech
TW6685,U6685,2023-03-02,Sample tweet #AgriTech
TW6686,U6686,2023-04-30,Sample tweet #SQL
TW6687,U6687,2023-12-11,Sample tweet #DataSci
TW6688,U6688,2023-01-11,Sample tweet #SQL
TW6689,U6689,2023-05-16,Sample tweet #Analytics
TW6690,U6690,2023-01-13,Sample tweet #DataSci
TW6691,U6691,2023-09-29,Sample tweet #DataSci
TW6692,U6692,2023-04-16,Sample tweet #AgriTech
TW6693,U6693,2023-04-05,Sample tweet #AgriTech
TW6694,U6694,2023-10-22,Sample tweet #SQL
TW6695,U6695,2023-06-06,Sample tweet #SQL
TW6696,U6696,2023-04-01,Sample tweet #SQL
TW6697,U6697,2023-06-01,Sample tweet #SQL
TW6698,U6698,2023-01-24,Sample tweet #DataSci
TW6699,U6699,2023-08-20,Sample tweet #SQL
TW6700,U6700,2023-06-02,Sample tweet #Analytics
TW6701,U6701,2023-05-24,Sample tweet #AgriTech
TW6702,U6702,2023-07-09,Sample tweet #Analytics
TW6703,U6703,2023-11-13,Sample tweet #AgriTech
TW6704,U6704,2023-07-14,Sample tweet #Analytics
TW6705,U6705,2023-07-22,Sample tweet #SQL
TW6706,U6706,2023-05-29,Sample tweet #Analytics
TW6707,U6707,2023-07-19,Sample tweet #DataSci
TW6708,U6708,2023-12-23,Sample tweet #AgriTech
TW6709,U6709,2023-09-07,Sample tweet #Analytics
TW6710,U6710,2023-03-27,Sample tweet #DataSci
TW6711,U6711,2023-07-17,Sample tweet #SQL
TW6712,U6712,2023-11-06,Sample tweet #AgriTech
TW6713,U6713,2023-10-12,Sample tweet #Analytics
TW6714,U6714,2023-11-08,Sample tweet #SQL
TW6715,U6715,2023-02-10,Sample tweet #DataSci
TW6716,U6716,2023-02-06,Sample tweet #Analytics
TW6717,U6717,2023-07-20,Sample tweet #DataSci
TW6718,U6718,2023-07-08,Sample tweet #SQL
TW6719,U6719,2023-11-18,Sample tweet #AgriTech
TW6720,U6720,2023-11-17,Sample tweet #AgriTech
TW6721,U6721,2023-05-29,Sample tweet #DataSci
TW6722,U6722,2023-11-20,Sample tweet #SQL
TW6723,U6723,2023-03-10,Sample tweet #Analytics
TW6724,U6724,2023-12-08,Sample tweet #Analytics
TW6725,U6725,2023-05-04,Sample tweet #AgriTech
TW6726,U6726,2023-12-19,Sample tweet #Analytics
TW6727,U6727,2023-03-21,Sample tweet #SQL
TW6728,U6728,2023-11-21,Sample tweet #DataSci
TW6729,U6729,2023-06-21,Sample tweet #DataSci
TW6730,U6730,2023-02-02,Sample tweet #AgriTech
TW6731,U6731,2023-09-19,Sample tweet #SQL
TW6732,U6732,2023-04-01,Sample tweet #DataSci
TW6733,U6733,2023-03-26,Sample tweet #SQL
TW6734,U6734,2023-02-24,Sample tweet #AgriTech
TW6735,U6735,2023-03-03,Sample tweet #Analytics
TW6736,U6736,2023-11-17,Sample tweet #Analytics
TW6737,U6737,2023-09-14,Sample tweet #AgriTech
TW6738,U6738,2023-02-25,Sample tweet #Analytics
TW6739,U6739,2023-08-13,Sample tweet #SQL
TW6740,U6740,2023-10-02,Sample tweet #SQL
TW6741,U6741,2023-03-28,Sample tweet #Analytics
TW6742,U6742,2023-11-14,Sample tweet #DataSci
TW6743,U6743,2023-09-08,Sample tweet #SQL
TW6744,U6744,2023-08-07,Sample tweet #Analytics
TW6745,U6745,2023-08-19,Sample tweet #AgriTech
TW6746,U6746,2023-04-20,Sample tweet #Analytics
TW6747,U6747,2023-03-17,Sample tweet #SQL
TW6748,U6748,2023-09-14,Sample tweet #DataSci
TW6749,U6749,2023-05-30,Sample tweet #Analytics
TW6750,U6750,2023-08-04,Sample tweet #Analytics
TW6751,U6751,2023-04-02,Sample tweet #SQL
TW6752,U6752,2023-09-21,Sample tweet #DataSci
TW6753,U6753,2023-03-25,Sample tweet #AgriTech
TW6754,U6754,2023-03-31,Sample tweet #DataSci
TW6755,U6755,2023-01-16,Sample tweet #SQL
TW6756,U6756,2023-06-23,Sample tweet #SQL
TW6757,U6757,2023-06-14,Sample tweet #DataSci
TW6758,U6758,2023-11-20,Sample tweet #SQL
TW6759,U6759,2023-07-01,Sample tweet #Analytics
TW6760,U6760,2023-11-20,Sample tweet #Analytics
TW6761,U6761,2023-12-08,Sample tweet #DataSci
TW6762,U6762,2023-12-25,Sample tweet #AgriTech
TW6763,U6763,2023-11-12,Sample tweet #Analytics
TW6764,U6764,2023-04-14,Sample tweet #AgriTech
TW6765,U6765,2023-03-22,Sample tweet #DataSci
TW6766,U6766,2023-03-31,Sample tweet #SQL
TW6767,U6767,2023-06-06,Sample tweet #DataSci
TW6768,U6768,2023-10-19,Sample tweet #Analytics
TW6769,U6769,2023-05-21,Sample tweet #Analytics
TW6770,U6770,2023-03-26,Sample tweet #DataSci
TW6771,U6771,2023-05-24,Sample tweet #SQL
TW6772,U6772,2023-08-17,Sample tweet #DataSci
TW6773,U6773,2023-11-25,Sample tweet #AgriTech
TW6774,U6774,2023-05-13,Sample tweet #AgriTech
TW6775,U6775,2023-09-28,Sample tweet #DataSci
TW6776,U6776,2023-02-10,Sample tweet #AgriTech
TW6777,U6777,2023-01-14,Sample tweet #SQL
TW6778,U6778,2023-09-07,Sample tweet #SQL
TW6779,U6779,2023-09-06,Sample tweet #Analytics
TW6780,U6780,2023-12-02,Sample tweet #AgriTech
TW6781,U6781,2023-10-15,Sample tweet #AgriTech
TW6782,U6782,2023-06-28,Sample tweet #SQL
TW6783,U6783,2023-03-17,Sample tweet #SQL
TW6784,U6784,2023-03-16,Sample tweet #Analytics
TW6785,U6785,2023-10-03,Sample tweet #DataSci
TW6786,U6786,2023-06-18,Sample tweet #Analytics
TW6787,U6787,2023-01-26,Sample tweet #Analytics
TW6788,U6788,2023-07-15,Sample tweet #SQL
TW6789,U6789,2023-11-04,Sample tweet #DataSci
TW6790,U6790,2023-08-12,Sample tweet #DataSci
TW6791,U6791,2023-11-16,Sample tweet #DataSci
TW6792,U6792,2024-01-01,Sample tweet #SQL
TW6793,U6793,2023-01-21,Sample tweet #AgriTech
TW6794,U6794,2023-06-24,Sample tweet #SQL
TW6795,U6795,2023-11-08,Sample tweet #SQL
TW6796,U6796,2023-05-25,Sample tweet #AgriTech
TW6797,U6797,2023-12-04,Sample tweet #AgriTech
TW6798,U6798,2023-05-19,Sample tweet #DataSci
TW6799,U6799,2023-08-03,Sample tweet #AgriTech
TW6800,U6800,2023-01-19,Sample tweet #DataSci
TW6801,U6801,2023-12-05,Sample tweet #DataSci
TW6802,U6802,2023-01-08,Sample tweet #SQL
TW6803,U6803,2023-08-10,Sample tweet #DataSci
TW6804,U6804,2023-11-05,Sample tweet #DataSci
TW6805,U6805,2023-05-21,Sample tweet #DataSci
TW6806,U6806,2023-04-15,Sample tweet #Analytics
TW6807,U6807,2023-11-14,Sample tweet #Analytics
TW6808,U6808,2023-11-15,Sample tweet #AgriTech
TW6809,U6809,2023-09-23,Sample tweet #Analytics
TW6810,U6810,2023-10-23,Sample tweet #DataSci
TW6811,U6811,2023-04-14,Sample tweet #AgriTech
TW6812,U6812,2023-09-17,Sample tweet #DataSci
TW6813,U6813,2023-10-12,Sample tweet #DataSci
TW6814,U6814,2023-02-19,Sample tweet #DataSci
TW6815,U6815,2023-07-04,Sample tweet #Analytics
TW6816,U6816,2023-12-27,Sample tweet #Analytics
TW6817,U6817,2023-01-19,Sample tweet #SQL
TW6818,U6818,2023-07-30,Sample tweet #SQL
TW6819,U6819,2023-09-18,Sample tweet #Analytics
TW6820,U6820,2023-06-24,Sample tweet #SQL
TW6821,U6821,2023-01-28,Sample tweet #DataSci
TW6822,U6822,2023-02-15,Sample tweet #AgriTech
TW6823,U6823,2023-06-16,Sample tweet #SQL
TW6824,U6824,2023-09-26,Sample tweet #DataSci
TW6825,U6825,2023-03-26,Sample tweet #Analytics
TW6826,U6826,2023-08-20,Sample tweet #Analytics
TW6827,U6827,2023-10-23,Sample tweet #AgriTech
TW6828,U6828,2023-05-20,Sample tweet #DataSci
TW6829,U6829,2023-09-02,Sample tweet #SQL
TW6830,U6830,2023-12-10,Sample tweet #Analytics
TW6831,U6831,2023-05-08,Sample tweet #Analytics
TW6832,U6832,2023-03-25,Sample tweet #DataSci
TW6833,U6833,2023-04-25,Sample tweet #Analytics
TW6834,U6834,2023-11-15,Sample tweet #AgriTech
TW6835,U6835,2023-11-05,Sample tweet #AgriTech
TW6836,U6836,2023-07-29,Sample tweet #Analytics
TW6837,U6837,2023-12-07,Sample tweet #DataSci
TW6838,U6838,2023-09-08,Sample tweet #AgriTech
TW6839,U6839,2023-08-03,Sample tweet #Analytics
TW6840,U6840,2023-12-11,Sample tweet #SQL
TW6841,U6841,2023-04-20,Sample tweet #AgriTech
TW6842,U6842,2023-08-16,Sample tweet #Analytics
TW6843,U6843,2023-11-29,Sample tweet #DataSci
TW6844,U6844,2023-06-14,Sample tweet #Analytics
TW6845,U6845,2023-06-23,Sample tweet #SQL
TW6846,U6846,2023-06-06,Sample tweet #Analytics
TW6847,U6847,2023-11-13,Sample tweet #AgriTech
TW6848,U6848,2023-06-25,Sample tweet #AgriTech
TW6849,U6849,2023-04-16,Sample tweet #Analytics
TW6850,U6850,2023-11-28,Sample tweet #AgriTech
TW6851,U6851,2023-08-13,Sample tweet #Analytics
TW6852,U6852,2023-05-04,Sample tweet #Analytics
TW6853,U6853,2023-06-21,Sample tweet #Analytics
TW6854,U6854,2023-11-07,Sample tweet #SQL
TW6855,U6855,2023-02-16,Sample tweet #SQL
TW6856,U6856,2023-03-01,Sample tweet #DataSci
TW6857,U6857,2023-02-12,Sample tweet #SQL
TW6858,U6858,2023-06-14,Sample tweet #DataSci
TW6859,U6859,2023-10-05,Sample tweet #AgriTech
TW6860,U6860,2023-02-25,Sample tweet #AgriTech
TW6861,U6861,2023-05-08,Sample tweet #Analytics
TW6862,U6862,2023-03-20,Sample tweet #SQL
TW6863,U6863,2023-06-08,Sample tweet #AgriTech
TW6864,U6864,2023-07-27,Sample tweet #SQL
TW6865,U6865,2023-09-02,Sample tweet #DataSci
TW6866,U6866,2023-03-03,Sample tweet #SQL
TW6867,U6867,2023-01-06,Sample tweet #AgriTech
TW6868,U6868,2023-03-30,Sample tweet #DataSci
TW6869,U6869,2023-05-18,Sample tweet #DataSci
TW6870,U6870,2023-11-29,Sample tweet #Analytics
TW6871,U6871,2023-08-05,Sample tweet #Analytics
TW6872,U6872,2023-01-21,Sample tweet #DataSci
TW6873,U6873,2023-12-17,Sample tweet #Analytics
TW6874,U6874,2023-12-21,Sample tweet #SQL
TW6875,U6875,2023-02-09,Sample tweet #Analytics
TW6876,U6876,2023-10-09,Sample tweet #Analytics
TW6877,U6877,2023-09-15,Sample tweet #Analytics
TW6878,U6878,2023-09-04,Sample tweet #Analytics
TW6879,U6879,2023-12-21,Sample tweet #AgriTech
TW6880,U6880,2023-07-13,Sample tweet #DataSci
TW6881,U6881,2023-01-28,Sample tweet #SQL
TW6882,U6882,2023-09-06,Sample tweet #AgriTech
TW6883,U6883,2023-12-20,Sample tweet #DataSci
TW6884,U6884,2023-11-03,Sample tweet #SQL
TW6885,U6885,2023-05-30,Sample tweet #AgriTech
TW6886,U6886,2023-06-03,Sample tweet #Analytics
TW6887,U6887,2023-11-09,Sample tweet #SQL
TW6888,U6888,2023-11-15,Sample tweet #DataSci
TW6889,U6889,2023-05-07,Sample tweet #SQL
TW6890,U6890,2023-01-26,Sample tweet #AgriTech
TW6891,U6891,2023-10-24,Sample tweet #AgriTech
TW6892,U6892,2023-03-18,Sample tweet #AgriTech
TW6893,U6893,2023-02-27,Sample tweet #DataSci
TW6894,U6894,2023-09-27,Sample tweet #DataSci
TW6895,U6895,2023-02-18,Sample tweet #AgriTech
TW6896,U6896,2023-07-05,Sample tweet #SQL
TW6897,U6897,2023-04-15,Sample tweet #DataSci
TW6898,U6898,2023-01-20,Sample tweet #Analytics
TW6899,U6899,2023-01-03,Sample tweet #Analytics
TW6900,U6900,2023-11-23,Sample tweet #DataSci
TW6901,U6901,2023-05-21,Sample tweet #Analytics
TW6902,U6902,2023-12-30,Sample tweet #AgriTech
TW6903,U6903,2023-06-07,Sample tweet #SQL
TW6904,U6904,2023-06-05,Sample tweet #Analytics
TW6905,U6905,2023-08-01,Sample tweet #DataSci
TW6906,U6906,2023-09-30,Sample tweet #AgriTech
TW6907,U6907,2023-10-08,Sample tweet #SQL
TW6908,U6908,2023-06-29,Sample tweet #DataSci
TW6909,U6909,2023-04-22,Sample tweet #DataSci
TW6910,U6910,2023-10-15,Sample tweet #DataSci
TW6911,U6911,2023-09-07,Sample tweet #DataSci
TW6912,U6912,2023-07-19,Sample tweet #Analytics
TW6913,U6913,2023-10-31,Sample tweet #Analytics
TW6914,U6914,2023-10-27,Sample tweet #SQL
TW6915,U6915,2023-06-23,Sample tweet #Analytics
TW6916,U6916,2023-09-14,Sample tweet #Analytics
TW6917,U6917,2023-01-28,Sample tweet #SQL
TW6918,U6918,2023-08-17,Sample tweet #AgriTech
TW6919,U6919,2023-08-19,Sample tweet #AgriTech
TW6920,U6920,2023-04-27,Sample tweet #Analytics
TW6921,U6921,2023-10-03,Sample tweet #AgriTech
TW6922,U6922,2023-07-06,Sample tweet #AgriTech
TW6923,U6923,2023-04-19,Sample tweet #Analytics
TW6924,U6924,2023-02-10,Sample tweet #DataSci
TW6925,U6925,2023-11-14,Sample tweet #SQL
TW6926,U6926,2023-12-09,Sample tweet #SQL
TW6927,U6927,2023-11-08,Sample tweet #DataSci
TW6928,U6928,2023-03-18,Sample tweet #AgriTech
TW6929,U6929,2023-12-30,Sample tweet #SQL
TW6930,U6930,2023-06-18,Sample tweet #AgriTech
TW6931,U6931,2023-03-18,Sample tweet #AgriTech
TW6932,U6932,2023-02-07,Sample tweet #Analytics
TW6933,U6933,2023-12-14,Sample tweet #Analytics
TW6934,U6934,2023-03-24,Sample tweet #AgriTech
TW6935,U6935,2023-12-10,Sample tweet #SQL
TW6936,U6936,2023-02-06,Sample tweet #DataSci
TW6937,U6937,2023-11-16,Sample tweet #SQL
TW6938,U6938,2023-11-05,Sample tweet #SQL
TW6939,U6939,2023-01-06,Sample tweet #AgriTech
TW6940,U6940,2023-03-31,Sample tweet #DataSci
TW6941,U6941,2023-10-12,Sample tweet #SQL
TW6942,U6942,2023-02-16,Sample tweet #SQL
TW6943,U6943,2023-02-14,Sample tweet #SQL
TW6944,U6944,2023-08-09,Sample tweet #DataSci
TW6945,U6945,2023-01-06,Sample tweet #AgriTech
TW6946,U6946,2023-03-10,Sample tweet #SQL
TW6947,U6947,2023-08-28,Sample tweet #DataSci
TW6948,U6948,2023-04-01,Sample tweet #SQL
TW6949,U6949,2023-09-10,Sample tweet #SQL
TW6950,U6950,2023-03-21,Sample tweet #Analytics
TW6951,U6951,2023-11-06,Sample tweet #SQL
TW6952,U6952,2023-08-10,Sample tweet #AgriTech
TW6953,U6953,2023-01-21,Sample tweet #DataSci
TW6954,U6954,2023-03-03,Sample tweet #AgriTech
TW6955,U6955,2023-12-03,Sample tweet #SQL
TW6956,U6956,2023-03-21,Sample tweet #DataSci
TW6957,U6957,2023-09-11,Sample tweet #Analytics
TW6958,U6958,2023-05-20,Sample tweet #DataSci
TW6959,U6959,2023-05-09,Sample tweet #SQL
TW6960,U6960,2023-10-06,Sample tweet #DataSci
TW6961,U6961,2023-06-17,Sample tweet #Analytics
TW6962,U6962,2023-03-15,Sample tweet #SQL
TW6963,U6963,2023-02-16,Sample tweet #DataSci
TW6964,U6964,2023-07-01,Sample tweet #Analytics
TW6965,U6965,2023-06-13,Sample tweet #Analytics
TW6966,U6966,2023-02-04,Sample tweet #SQL
TW6967,U6967,2023-08-21,Sample tweet #Analytics
TW6968,U6968,2023-06-25,Sample tweet #Analytics
TW6969,U6969,2023-04-12,Sample tweet #Analytics
TW6970,U6970,2023-12-09,Sample tweet #SQL
TW6971,U6971,2023-09-18,Sample tweet #DataSci
TW6972,U6972,2023-08-08,Sample tweet #SQL
TW6973,U6973,2023-07-12,Sample tweet #Analytics
TW6974,U6974,2023-09-16,Sample tweet #DataSci
TW6975,U6975,2023-04-19,Sample tweet #AgriTech
TW6976,U6976,2023-06-06,Sample tweet #Analytics
TW6977,U6977,2023-12-10,Sample tweet #Analytics
TW6978,U6978,2023-07-29,Sample tweet #AgriTech
TW6979,U6979,2023-08-19,Sample tweet #DataSci
TW6980,U6980,2023-03-19,Sample tweet #SQL
TW6981,U6981,2023-02-18,Sample tweet #SQL
TW6982,U6982,2023-04-11,Sample tweet #DataSci
TW6983,U6983,2023-07-03,Sample tweet #SQL
TW6984,U6984,2023-02-16,Sample tweet #AgriTech
TW6985,U6985,2023-12-21,Sample tweet #Analytics
TW6986,U6986,2023-11-30,Sample tweet #AgriTech
TW6987,U6987,2023-02-27,Sample tweet #Analytics
TW6988,U6988,2023-10-16,Sample tweet #SQL
TW6989,U6989,2023-09-17,Sample tweet #DataSci
TW6990,U6990,2023-05-31,Sample tweet #DataSci
TW6991,U6991,2023-09-05,Sample tweet #SQL
TW6992,U6992,2023-05-30,Sample tweet #SQL
TW6993,U6993,2023-04-19,Sample tweet #DataSci
TW6994,U6994,2023-10-16,Sample tweet #AgriTech
TW6995,U6995,2023-06-22,Sample tweet #Analytics
TW6996,U6996,2023-06-12,Sample tweet #AgriTech
TW6997,U6997,2023-08-18,Sample tweet #SQL
TW6998,U6998,2023-06-09,Sample tweet #SQL
TW6999,U6999,2023-11-17,Sample tweet #AgriTech
TW7000,U7000,2023-05-21,Sample tweet #SQL
TW7001,U7001,2023-04-11,Sample tweet #Analytics
TW7002,U7002,2023-08-16,Sample tweet #DataSci
TW7003,U7003,2023-09-10,Sample tweet #AgriTech
TW7004,U7004,2023-11-17,Sample tweet #SQL
TW7005,U7005,2023-10-02,Sample tweet #Analytics
TW7006,U7006,2023-08-02,Sample tweet #DataSci
TW7007,U7007,2023-11-15,Sample tweet #DataSci
TW7008,U7008,2023-11-22,Sample tweet #DataSci
TW7009,U7009,2023-09-30,Sample tweet #SQL
TW7010,U7010,2023-11-17,Sample tweet #AgriTech
TW7011,U7011,2023-11-03,Sample tweet #AgriTech
TW7012,U7012,2023-12-15,Sample tweet #DataSci
TW7013,U7013,2023-07-05,Sample tweet #AgriTech
TW7014,U7014,2023-08-29,Sample tweet #Analytics
TW7015,U7015,2023-09-18,Sample tweet #AgriTech
TW7016,U7016,2023-08-03,Sample tweet #SQL
TW7017,U7017,2023-11-23,Sample tweet #Analytics
TW7018,U7018,2023-05-08,Sample tweet #SQL
TW7019,U7019,2023-05-26,Sample tweet #DataSci
TW7020,U7020,2023-03-19,Sample tweet #SQL
TW7021,U7021,2023-03-21,Sample tweet #AgriTech
TW7022,U7022,2023-08-22,Sample tweet #SQL
TW7023,U7023,2023-11-05,Sample tweet #Analytics
TW7024,U7024,2023-01-13,Sample tweet #DataSci
TW7025,U7025,2023-10-16,Sample tweet #DataSci
TW7026,U7026,2023-03-30,Sample tweet #SQL
TW7027,U7027,2023-01-12,Sample tweet #Analytics
TW7028,U7028,2023-09-02,Sample tweet #Analytics
TW7029,U7029,2023-12-31,Sample tweet #AgriTech
TW7030,U7030,2023-08-15,Sample tweet #DataSci
TW7031,U7031,2023-02-28,Sample tweet #AgriTech
TW7032,U7032,2023-02-07,Sample tweet #Analytics
TW7033,U7033,2023-01-22,Sample tweet #SQL
TW7034,U7034,2023-06-01,Sample tweet #AgriTech
TW7035,U7035,2023-04-03,Sample tweet #AgriTech
TW7036,U7036,2023-10-02,Sample tweet #DataSci
TW7037,U7037,2023-09-25,Sample tweet #Analytics
TW7038,U7038,2023-12-23,Sample tweet #AgriTech
TW7039,U7039,2023-12-11,Sample tweet #SQL
TW7040,U7040,2023-06-15,Sample tweet #AgriTech
TW7041,U7041,2023-06-19,Sample tweet #Analytics
TW7042,U7042,2023-02-19,Sample tweet #SQL
TW7043,U7043,2023-01-14,Sample tweet #Analytics
TW7044,U7044,2023-01-30,Sample tweet #Analytics
TW7045,U7045,2023-08-25,Sample tweet #AgriTech
TW7046,U7046,2023-07-31,Sample tweet #SQL
TW7047,U7047,2023-03-30,Sample tweet #Analytics
TW7048,U7048,2023-12-24,Sample tweet #AgriTech
TW7049,U7049,2023-11-26,Sample tweet #DataSci
TW7050,U7050,2023-04-25,Sample tweet #AgriTech
TW7051,U7051,2023-02-18,Sample tweet #AgriTech
TW7052,U7052,2023-03-22,Sample tweet #SQL
TW7053,U7053,2023-09-28,Sample tweet #AgriTech
TW7054,U7054,2023-06-09,Sample tweet #Analytics
TW7055,U7055,2023-11-01,Sample tweet #SQL
TW7056,U7056,2023-03-15,Sample tweet #Analytics
TW7057,U7057,2023-10-21,Sample tweet #AgriTech
TW7058,U7058,2023-12-01,Sample tweet #SQL
TW7059,U7059,2023-12-16,Sample tweet #AgriTech
TW7060,U7060,2023-07-06,Sample tweet #DataSci
TW7061,U7061,2023-06-29,Sample tweet #DataSci
TW7062,U7062,2023-03-16,Sample tweet #SQL
TW7063,U7063,2023-01-23,Sample tweet #AgriTech
TW7064,U7064,2023-11-07,Sample tweet #Analytics
TW7065,U7065,2023-07-31,Sample tweet #SQL
TW7066,U7066,2023-11-15,Sample tweet #Analytics
TW7067,U7067,2023-09-17,Sample tweet #AgriTech
TW7068,U7068,2023-11-18,Sample tweet #DataSci
TW7069,U7069,2023-05-18,Sample tweet #Analytics
TW7070,U7070,2023-10-01,Sample tweet #DataSci
TW7071,U7071,2023-03-30,Sample tweet #SQL
TW7072,U7072,2023-07-13,Sample tweet #SQL
TW7073,U7073,2023-06-06,Sample tweet #SQL
TW7074,U7074,2023-07-29,Sample tweet #Analytics
TW7075,U7075,2023-12-15,Sample tweet #DataSci
TW7076,U7076,2023-05-02,Sample tweet #SQL
TW7077,U7077,2023-10-25,Sample tweet #SQL
TW7078,U7078,2023-01-07,Sample tweet #SQL
TW7079,U7079,2023-08-04,Sample tweet #DataSci
TW7080,U7080,2023-10-08,Sample tweet #DataSci
TW7081,U7081,2023-09-21,Sample tweet #Analytics
TW7082,U7082,2023-05-22,Sample tweet #DataSci
TW7083,U7083,2023-10-24,Sample tweet #AgriTech
TW7084,U7084,2023-04-08,Sample tweet #SQL
TW7085,U7085,2023-10-10,Sample tweet #DataSci
TW7086,U7086,2023-01-28,Sample tweet #AgriTech
TW7087,U7087,2023-03-01,Sample tweet #Analytics
TW7088,U7088,2023-07-23,Sample tweet #AgriTech
TW7089,U7089,2023-11-14,Sample tweet #Analytics
TW7090,U7090,2023-07-29,Sample tweet #SQL
TW7091,U7091,2023-01-15,Sample tweet #Analytics
TW7092,U7092,2023-09-04,Sample tweet #Analytics
TW7093,U7093,2023-06-02,Sample tweet #SQL
TW7094,U7094,2023-12-27,Sample tweet #SQL
TW7095,U7095,2023-08-12,Sample tweet #DataSci
TW7096,U7096,2023-12-01,Sample tweet #DataSci
TW7097,U7097,2023-10-04,Sample tweet #DataSci
TW7098,U7098,2023-11-04,Sample tweet #Analytics
TW7099,U7099,2023-04-10,Sample tweet #AgriTech
TW7100,U7100,2023-01-11,Sample tweet #DataSci
TW7101,U7101,2023-10-02,Sample tweet #DataSci
TW7102,U7102,2023-07-12,Sample tweet #AgriTech
TW7103,U7103,2023-06-09,Sample tweet #SQL
TW7104,U7104,2023-04-10,Sample tweet #DataSci
TW7105,U7105,2023-12-27,Sample tweet #Analytics
TW7106,U7106,2023-07-31,Sample tweet #SQL
TW7107,U7107,2023-05-06,Sample tweet #AgriTech
TW7108,U7108,2023-06-09,Sample tweet #AgriTech
TW7109,U7109,2023-12-31,Sample tweet #AgriTech
TW7110,U7110,2023-05-26,Sample tweet #AgriTech
TW7111,U7111,2023-08-14,Sample tweet #DataSci
TW7112,U7112,2023-09-17,Sample tweet #DataSci
TW7113,U7113,2023-07-16,Sample tweet #SQL
TW7114,U7114,2023-06-10,Sample tweet #SQL
TW7115,U7115,2023-12-31,Sample tweet #Analytics
TW7116,U7116,2023-10-11,Sample tweet #DataSci
TW7117,U7117,2023-07-02,Sample tweet #DataSci
TW7118,U7118,2023-02-15,Sample tweet #Analytics
TW7119,U7119,2023-08-21,Sample tweet #SQL
TW7120,U7120,2023-12-21,Sample tweet #DataSci
TW7121,U7121,2023-09-29,Sample tweet #AgriTech
TW7122,U7122,2023-06-10,Sample tweet #Analytics
TW7123,U7123,2023-09-11,Sample tweet #Analytics
TW7124,U7124,2023-02-07,Sample tweet #Analytics
TW7125,U7125,2023-09-28,Sample tweet #SQL
TW7126,U7126,2023-10-05,Sample tweet #AgriTech
TW7127,U7127,2023-04-27,Sample tweet #DataSci
TW7128,U7128,2023-12-26,Sample tweet #DataSci
TW7129,U7129,2023-11-21,Sample tweet #Analytics
TW7130,U7130,2023-02-02,Sample tweet #DataSci
TW7131,U7131,2023-08-04,Sample tweet #Analytics
TW7132,U7132,2023-03-03,Sample tweet #DataSci
TW7133,U7133,2023-08-13,Sample tweet #DataSci
TW7134,U7134,2023-08-04,Sample tweet #SQL
TW7135,U7135,2023-01-18,Sample tweet #SQL
TW7136,U7136,2023-10-15,Sample tweet #AgriTech
TW7137,U7137,2023-03-24,Sample tweet #SQL
TW7138,U7138,2023-12-11,Sample tweet #DataSci
TW7139,U7139,2023-08-07,Sample tweet #AgriTech
TW7140,U7140,2023-03-15,Sample tweet #SQL
TW7141,U7141,2023-08-17,Sample tweet #AgriTech
TW7142,U7142,2023-12-10,Sample tweet #DataSci
TW7143,U7143,2023-03-10,Sample tweet #AgriTech
TW7144,U7144,2023-01-12,Sample tweet #AgriTech
TW7145,U7145,2023-08-06,Sample tweet #SQL
TW7146,U7146,2023-08-09,Sample tweet #SQL
TW7147,U7147,2023-03-18,Sample tweet #DataSci
TW7148,U7148,2023-07-12,Sample tweet #DataSci
TW7149,U7149,2023-03-30,Sample tweet #SQL
TW7150,U7150,2023-12-17,Sample tweet #DataSci
TW7151,U7151,2023-11-07,Sample tweet #AgriTech
TW7152,U7152,2023-10-31,Sample tweet #SQL
TW7153,U7153,2023-06-02,Sample tweet #DataSci
TW7154,U7154,2023-11-19,Sample tweet #AgriTech
TW7155,U7155,2023-10-27,Sample tweet #SQL
TW7156,U7156,2023-05-22,Sample tweet #AgriTech
TW7157,U7157,2023-09-27,Sample tweet #Analytics
TW7158,U7158,2023-07-24,Sample tweet #SQL
TW7159,U7159,2023-06-06,Sample tweet #DataSci
TW7160,U7160,2023-07-07,Sample tweet #Analytics
TW7161,U7161,2023-05-26,Sample tweet #AgriTech
TW7162,U7162,2023-12-10,Sample tweet #AgriTech
TW7163,U7163,2023-04-01,Sample tweet #DataSci
TW7164,U7164,2023-07-28,Sample tweet #SQL
TW7165,U7165,2023-11-07,Sample tweet #SQL
TW7166,U7166,2023-06-22,Sample tweet #SQL
TW7167,U7167,2023-12-29,Sample tweet #SQL
TW7168,U7168,2023-02-20,Sample tweet #Analytics
TW7169,U7169,2023-08-11,Sample tweet #SQL
TW7170,U7170,2023-02-18,Sample tweet #SQL
TW7171,U7171,2023-12-11,Sample tweet #DataSci
TW7172,U7172,2023-10-05,Sample tweet #AgriTech
TW7173,U7173,2023-12-24,Sample tweet #SQL
TW7174,U7174,2023-01-14,Sample tweet #DataSci
TW7175,U7175,2023-06-29,Sample tweet #AgriTech
TW7176,U7176,2023-10-01,Sample tweet #Analytics
TW7177,U7177,2023-09-03,Sample tweet #AgriTech
TW7178,U7178,2023-09-15,Sample tweet #Analytics
TW7179,U7179,2023-08-07,Sample tweet #Analytics
TW7180,U7180,2023-12-10,Sample tweet #AgriTech
TW7181,U7181,2023-04-24,Sample tweet #SQL
TW7182,U7182,2023-11-30,Sample tweet #Analytics
TW7183,U7183,2023-12-16,Sample tweet #AgriTech
TW7184,U7184,2023-06-12,Sample tweet #Analytics
TW7185,U7185,2023-08-12,Sample tweet #Analytics
TW7186,U7186,2023-09-15,Sample tweet #DataSci
TW7187,U7187,2023-01-26,Sample tweet #Analytics
TW7188,U7188,2023-01-11,Sample tweet #SQL
TW7189,U7189,2023-02-03,Sample tweet #AgriTech
TW7190,U7190,2023-10-24,Sample tweet #AgriTech
TW7191,U7191,2023-01-15,Sample tweet #AgriTech
TW7192,U7192,2023-07-30,Sample tweet #Analytics
TW7193,U7193,2023-12-10,Sample tweet #DataSci
TW7194,U7194,2023-07-14,Sample tweet #Analytics
TW7195,U7195,2023-06-04,Sample tweet #AgriTech
TW7196,U7196,2023-09-06,Sample tweet #SQL
TW7197,U7197,2023-10-23,Sample tweet #AgriTech
TW7198,U7198,2023-04-17,Sample tweet #DataSci
TW7199,U7199,2023-04-19,Sample tweet #DataSci
TW7200,U7200,2023-06-15,Sample tweet #Analytics
TW7201,U7201,2023-10-26,Sample tweet #SQL
TW7202,U7202,2023-09-15,Sample tweet #Analytics
TW7203,U7203,2023-06-18,Sample tweet #DataSci
TW7204,U7204,2023-05-26,Sample tweet #SQL
TW7205,U7205,2023-01-03,Sample tweet #DataSci
TW7206,U7206,2023-04-26,Sample tweet #Analytics
TW7207,U7207,2023-10-23,Sample tweet #AgriTech
TW7208,U7208,2023-02-27,Sample tweet #DataSci
TW7209,U7209,2023-02-25,Sample tweet #SQL
TW7210,U7210,2023-11-14,Sample tweet #SQL
TW7211,U7211,2023-03-05,Sample tweet #Analytics
TW7212,U7212,2023-07-04,Sample tweet #SQL
TW7213,U7213,2023-02-03,Sample tweet #SQL
TW7214,U7214,2023-03-05,Sample tweet #Analytics
TW7215,U7215,2023-06-18,Sample tweet #Analytics
TW7216,U7216,2023-04-30,Sample tweet #SQL
TW7217,U7217,2023-05-16,Sample tweet #AgriTech
TW7218,U7218,2023-01-06,Sample tweet #Analytics
TW7219,U7219,2023-03-03,Sample tweet #DataSci
TW7220,U7220,2023-01-18,Sample tweet #AgriTech
TW7221,U7221,2023-04-20,Sample tweet #AgriTech
TW7222,U7222,2023-03-05,Sample tweet #DataSci
TW7223,U7223,2023-07-28,Sample tweet #SQL
TW7224,U7224,2023-05-20,Sample tweet #DataSci
TW7225,U7225,2023-07-22,Sample tweet #DataSci
TW7226,U7226,2023-05-03,Sample tweet #Analytics
TW7227,U7227,2023-11-14,Sample tweet #DataSci
TW7228,U7228,2023-04-15,Sample tweet #SQL
TW7229,U7229,2023-09-30,Sample tweet #SQL
TW7230,U7230,2023-09-25,Sample tweet #Analytics
TW7231,U7231,2023-09-08,Sample tweet #SQL
TW7232,U7232,2023-09-20,Sample tweet #AgriTech
TW7233,U7233,2023-08-12,Sample tweet #Analytics
TW7234,U7234,2023-08-12,Sample tweet #AgriTech
TW7235,U7235,2023-11-07,Sample tweet #AgriTech
TW7236,U7236,2023-10-11,Sample tweet #SQL
TW7237,U7237,2023-05-17,Sample tweet #SQL
TW7238,U7238,2023-06-23,Sample tweet #SQL
TW7239,U7239,2023-07-05,Sample tweet #DataSci
TW7240,U7240,2023-10-06,Sample tweet #Analytics
TW7241,U7241,2023-06-11,Sample tweet #DataSci
TW7242,U7242,2023-02-23,Sample tweet #Analytics
TW7243,U7243,2023-08-25,Sample tweet #AgriTech
TW7244,U7244,2023-09-11,Sample tweet #AgriTech
TW7245,U7245,2023-01-23,Sample tweet #SQL
TW7246,U7246,2023-08-16,Sample tweet #Analytics
TW7247,U7247,2023-07-01,Sample tweet #SQL
TW7248,U7248,2023-02-20,Sample tweet #DataSci
TW7249,U7249,2023-05-09,Sample tweet #AgriTech
TW7250,U7250,2023-03-17,Sample tweet #DataSci
TW7251,U7251,2023-02-10,Sample tweet #AgriTech
TW7252,U7252,2023-05-21,Sample tweet #Analytics
TW7253,U7253,2023-06-01,Sample tweet #DataSci
TW7254,U7254,2023-10-19,Sample tweet #DataSci
TW7255,U7255,2023-11-01,Sample tweet #SQL
TW7256,U7256,2023-10-27,Sample tweet #SQL
TW7257,U7257,2023-09-16,Sample tweet #SQL
TW7258,U7258,2023-08-02,Sample tweet #AgriTech
TW7259,U7259,2023-07-26,Sample tweet #SQL
TW7260,U7260,2023-11-29,Sample tweet #DataSci
TW7261,U7261,2023-12-25,Sample tweet #AgriTech
TW7262,U7262,2023-11-04,Sample tweet #Analytics
TW7263,U7263,2023-10-20,Sample tweet #DataSci
TW7264,U7264,2023-04-24,Sample tweet #AgriTech
TW7265,U7265,2023-02-12,Sample tweet #SQL
TW7266,U7266,2023-01-13,Sample tweet #Analytics
TW7267,U7267,2023-07-30,Sample tweet #Analytics
TW7268,U7268,2023-05-05,Sample tweet #Analytics
TW7269,U7269,2023-09-04,Sample tweet #AgriTech
TW7270,U7270,2023-10-17,Sample tweet #DataSci
TW7271,U7271,2023-07-11,Sample tweet #Analytics
TW7272,U7272,2023-05-09,Sample tweet #SQL
TW7273,U7273,2023-01-08,Sample tweet #DataSci
TW7274,U7274,2023-07-15,Sample tweet #Analytics
TW7275,U7275,2023-09-11,Sample tweet #DataSci
TW7276,U7276,2023-02-06,Sample tweet #AgriTech
TW7277,U7277,2023-05-01,Sample tweet #SQL
TW7278,U7278,2023-02-27,Sample tweet #SQL
TW7279,U7279,2023-06-25,Sample tweet #AgriTech
TW7280,U7280,2023-09-25,Sample tweet #AgriTech
TW7281,U7281,2023-03-17,Sample tweet #Analytics
TW7282,U7282,2023-03-22,Sample tweet #AgriTech
TW7283,U7283,2023-08-16,Sample tweet #AgriTech
TW7284,U7284,2023-04-24,Sample tweet #Analytics
TW7285,U7285,2023-05-29,Sample tweet #AgriTech
TW7286,U7286,2023-11-18,Sample tweet #DataSci
TW7287,U7287,2023-07-18,Sample tweet #Analytics
TW7288,U7288,2023-03-30,Sample tweet #Analytics
TW7289,U7289,2023-04-03,Sample tweet #AgriTech
TW7290,U7290,2023-09-13,Sample tweet #DataSci
TW7291,U7291,2023-08-18,Sample tweet #SQL
TW7292,U7292,2023-02-03,Sample tweet #DataSci
TW7293,U7293,2023-01-27,Sample tweet #Analytics
TW7294,U7294,2023-06-01,Sample tweet #DataSci
TW7295,U7295,2023-03-31,Sample tweet #SQL
TW7296,U7296,2023-05-11,Sample tweet #Analytics
TW7297,U7297,2023-09-09,Sample tweet #AgriTech
TW7298,U7298,2023-02-12,Sample tweet #SQL
TW7299,U7299,2023-05-31,Sample tweet #SQL
TW7300,U7300,2023-03-27,Sample tweet #SQL
TW7301,U7301,2023-05-15,Sample tweet #DataSci
TW7302,U7302,2023-09-18,Sample tweet #DataSci
TW7303,U7303,2023-04-25,Sample tweet #DataSci
TW7304,U7304,2023-10-05,Sample tweet #SQL
TW7305,U7305,2023-05-01,Sample tweet #DataSci
TW7306,U7306,2023-09-28,Sample tweet #DataSci
TW7307,U7307,2023-02-02,Sample tweet #Analytics
TW7308,U7308,2023-11-03,Sample tweet #AgriTech
TW7309,U7309,2023-12-24,Sample tweet #Analytics
TW7310,U7310,2023-05-29,Sample tweet #SQL
TW7311,U7311,2023-11-25,Sample tweet #DataSci
TW7312,U7312,2023-04-02,Sample tweet #AgriTech
TW7313,U7313,2023-08-18,Sample tweet #Analytics
TW7314,U7314,2023-07-13,Sample tweet #DataSci
TW7315,U7315,2023-08-19,Sample tweet #SQL
TW7316,U7316,2023-06-19,Sample tweet #Analytics
TW7317,U7317,2023-04-22,Sample tweet #AgriTech
TW7318,U7318,2023-06-05,Sample tweet #Analytics
TW7319,U7319,2023-01-07,Sample tweet #AgriTech
TW7320,U7320,2023-12-18,Sample tweet #SQL
TW7321,U7321,2023-08-24,Sample tweet #AgriTech
TW7322,U7322,2023-04-18,Sample tweet #SQL
TW7323,U7323,2023-08-22,Sample tweet #DataSci
TW7324,U7324,2023-01-25,Sample tweet #DataSci
TW7325,U7325,2023-09-08,Sample tweet #SQL
TW7326,U7326,2023-06-11,Sample tweet #AgriTech
TW7327,U7327,2023-09-06,Sample tweet #AgriTech
TW7328,U7328,2023-05-21,Sample tweet #Analytics
TW7329,U7329,2023-09-18,Sample tweet #AgriTech
TW7330,U7330,2023-02-21,Sample tweet #DataSci
TW7331,U7331,2023-07-10,Sample tweet #AgriTech
TW7332,U7332,2023-05-15,Sample tweet #SQL
TW7333,U7333,2023-02-23,Sample tweet #DataSci
TW7334,U7334,2023-12-04,Sample tweet #Analytics
TW7335,U7335,2023-07-22,Sample tweet #SQL
TW7336,U7336,2023-10-07,Sample tweet #Analytics
TW7337,U7337,2023-03-11,Sample tweet #AgriTech
TW7338,U7338,2023-09-29,Sample tweet #DataSci
TW7339,U7339,2023-07-14,Sample tweet #Analytics
TW7340,U7340,2023-01-21,Sample tweet #DataSci
TW7341,U7341,2023-02-21,Sample tweet #SQL
TW7342,U7342,2023-01-26,Sample tweet #Analytics
TW7343,U7343,2023-08-26,Sample tweet #AgriTech
TW7344,U7344,2023-07-29,Sample tweet #DataSci
TW7345,U7345,2023-10-11,Sample tweet #DataSci
TW7346,U7346,2023-11-17,Sample tweet #Analytics
TW7347,U7347,2023-02-19,Sample tweet #Analytics
TW7348,U7348,2023-05-12,Sample tweet #AgriTech
TW7349,U7349,2023-07-30,Sample tweet #DataSci
TW7350,U7350,2023-06-15,Sample tweet #Analytics
TW7351,U7351,2023-02-05,Sample tweet #DataSci
TW7352,U7352,2023-04-11,Sample tweet #AgriTech
TW7353,U7353,2023-09-08,Sample tweet #SQL
TW7354,U7354,2023-04-04,Sample tweet #DataSci
TW7355,U7355,2023-01-30,Sample tweet #AgriTech
TW7356,U7356,2023-03-30,Sample tweet #DataSci
TW7357,U7357,2023-12-14,Sample tweet #Analytics
TW7358,U7358,2023-07-12,Sample tweet #Analytics
TW7359,U7359,2023-10-11,Sample tweet #DataSci
TW7360,U7360,2023-09-11,Sample tweet #AgriTech
TW7361,U7361,2023-07-02,Sample tweet #SQL
TW7362,U7362,2023-12-01,Sample tweet #AgriTech
TW7363,U7363,2023-12-11,Sample tweet #Analytics
TW7364,U7364,2023-07-10,Sample tweet #SQL
TW7365,U7365,2023-04-08,Sample tweet #AgriTech
TW7366,U7366,2023-04-24,Sample tweet #DataSci
TW7367,U7367,2023-03-04,Sample tweet #AgriTech
TW7368,U7368,2023-05-03,Sample tweet #AgriTech
TW7369,U7369,2023-05-02,Sample tweet #Analytics
TW7370,U7370,2023-02-11,Sample tweet #DataSci
TW7371,U7371,2023-08-26,Sample tweet #DataSci
TW7372,U7372,2023-11-10,Sample tweet #SQL
TW7373,U7373,2023-04-12,Sample tweet #AgriTech
TW7374,U7374,2023-11-03,Sample tweet #Analytics
TW7375,U7375,2023-09-02,Sample tweet #Analytics
TW7376,U7376,2023-08-06,Sample tweet #AgriTech
TW7377,U7377,2023-08-28,Sample tweet #DataSci
TW7378,U7378,2023-03-21,Sample tweet #SQL
TW7379,U7379,2023-12-25,Sample tweet #Analytics
TW7380,U7380,2023-11-29,Sample tweet #DataSci
TW7381,U7381,2023-08-29,Sample tweet #AgriTech
TW7382,U7382,2023-10-08,Sample tweet #SQL
TW7383,U7383,2023-06-07,Sample tweet #DataSci
TW7384,U7384,2023-12-10,Sample tweet #DataSci
TW7385,U7385,2023-12-31,Sample tweet #Analytics
TW7386,U7386,2023-10-29,Sample tweet #AgriTech
TW7387,U7387,2023-11-21,Sample tweet #SQL
TW7388,U7388,2023-08-15,Sample tweet #AgriTech
TW7389,U7389,2023-12-01,Sample tweet #Analytics
TW7390,U7390,2023-09-29,Sample tweet #SQL
TW7391,U7391,2023-04-15,Sample tweet #SQL
TW7392,U7392,2023-02-21,Sample tweet #Analytics
TW7393,U7393,2023-01-17,Sample tweet #Analytics
TW7394,U7394,2023-10-02,Sample tweet #SQL
TW7395,U7395,2023-12-17,Sample tweet #Analytics
TW7396,U7396,2023-12-21,Sample tweet #DataSci
TW7397,U7397,2023-12-18,Sample tweet #SQL
TW7398,U7398,2023-07-13,Sample tweet #Analytics
TW7399,U7399,2023-09-03,Sample tweet #AgriTech
TW7400,U7400,2023-12-11,Sample tweet #Analytics
TW7401,U7401,2023-03-18,Sample tweet #SQL
TW7402,U7402,2023-12-29,Sample tweet #Analytics
TW7403,U7403,2023-02-23,Sample tweet #Analytics
TW7404,U7404,2023-05-04,Sample tweet #AgriTech
TW7405,U7405,2023-09-04,Sample tweet #DataSci
TW7406,U7406,2023-03-16,Sample tweet #DataSci
TW7407,U7407,2023-03-25,Sample tweet #AgriTech
TW7408,U7408,2023-11-06,Sample tweet #Analytics
TW7409,U7409,2023-06-29,Sample tweet #SQL
TW7410,U7410,2023-10-08,Sample tweet #Analytics
TW7411,U7411,2023-06-05,Sample tweet #Analytics
TW7412,U7412,2023-10-15,Sample tweet #DataSci
TW7413,U7413,2023-05-11,Sample tweet #AgriTech
TW7414,U7414,2023-10-16,Sample tweet #AgriTech
TW7415,U7415,2023-11-06,Sample tweet #AgriTech
TW7416,U7416,2023-12-10,Sample tweet #DataSci
TW7417,U7417,2023-03-21,Sample tweet #SQL
TW7418,U7418,2023-11-17,Sample tweet #SQL
TW7419,U7419,2023-07-14,Sample tweet #Analytics
TW7420,U7420,2023-10-13,Sample tweet #SQL
TW7421,U7421,2023-06-01,Sample tweet #SQL
TW7422,U7422,2023-03-30,Sample tweet #Analytics
TW7423,U7423,2023-10-03,Sample tweet #SQL
TW7424,U7424,2023-10-07,Sample tweet #SQL
TW7425,U7425,2023-01-17,Sample tweet #SQL
TW7426,U7426,2023-12-29,Sample tweet #DataSci
TW7427,U7427,2023-05-11,Sample tweet #SQL
TW7428,U7428,2023-05-19,Sample tweet #SQL
TW7429,U7429,2023-12-10,Sample tweet #DataSci
TW7430,U7430,2023-04-27,Sample tweet #Analytics
TW7431,U7431,2023-12-17,Sample tweet #DataSci
TW7432,U7432,2023-09-30,Sample tweet #SQL
TW7433,U7433,2023-06-12,Sample tweet #Analytics
TW7434,U7434,2023-01-24,Sample tweet #DataSci
TW7435,U7435,2023-08-03,Sample tweet #AgriTech
TW7436,U7436,2023-05-10,Sample tweet #AgriTech
TW7437,U7437,2023-10-23,Sample tweet #SQL
TW7438,U7438,2023-04-17,Sample tweet #DataSci
TW7439,U7439,2023-10-29,Sample tweet #DataSci
TW7440,U7440,2023-12-25,Sample tweet #AgriTech
TW7441,U7441,2023-03-08,Sample tweet #Analytics
TW7442,U7442,2023-07-18,Sample tweet #AgriTech
TW7443,U7443,2023-08-06,Sample tweet #Analytics
TW7444,U7444,2023-08-07,Sample tweet #DataSci
TW7445,U7445,2023-10-27,Sample tweet #AgriTech
TW7446,U7446,2023-05-18,Sample tweet #SQL
TW7447,U7447,2023-04-14,Sample tweet #AgriTech
TW7448,U7448,2023-01-20,Sample tweet #SQL
TW7449,U7449,2023-04-23,Sample tweet #AgriTech
TW7450,U7450,2023-08-09,Sample tweet #SQL
TW7451,U7451,2023-10-30,Sample tweet #DataSci
TW7452,U7452,2023-07-20,Sample tweet #SQL
TW7453,U7453,2023-11-14,Sample tweet #SQL
TW7454,U7454,2023-09-14,Sample tweet #DataSci
TW7455,U7455,2023-07-19,Sample tweet #DataSci
TW7456,U7456,2023-10-29,Sample tweet #SQL
TW7457,U7457,2023-02-09,Sample tweet #Analytics
TW7458,U7458,2023-04-25,Sample tweet #Analytics
TW7459,U7459,2023-09-22,Sample tweet #DataSci
TW7460,U7460,2023-05-08,Sample tweet #SQL
TW7461,U7461,2023-10-14,Sample tweet #SQL
TW7462,U7462,2023-09-09,Sample tweet #DataSci
TW7463,U7463,2023-07-06,Sample tweet #SQL
TW7464,U7464,2023-12-28,Sample tweet #AgriTech
TW7465,U7465,2023-07-13,Sample tweet #Analytics
TW7466,U7466,2023-09-09,Sample tweet #DataSci
TW7467,U7467,2023-05-21,Sample tweet #DataSci
TW7468,U7468,2023-10-12,Sample tweet #SQL
TW7469,U7469,2023-09-30,Sample tweet #Analytics
TW7470,U7470,2023-07-22,Sample tweet #AgriTech
TW7471,U7471,2023-02-22,Sample tweet #DataSci
TW7472,U7472,2023-11-20,Sample tweet #SQL
TW7473,U7473,2023-09-18,Sample tweet #DataSci
TW7474,U7474,2023-06-27,Sample tweet #Analytics
TW7475,U7475,2023-05-11,Sample tweet #DataSci
TW7476,U7476,2023-01-30,Sample tweet #Analytics
TW7477,U7477,2023-11-06,Sample tweet #Analytics
TW7478,U7478,2023-07-31,Sample tweet #AgriTech
TW7479,U7479,2023-12-31,Sample tweet #AgriTech
TW7480,U7480,2023-06-01,Sample tweet #Analytics
TW7481,U7481,2023-09-16,Sample tweet #Analytics
TW7482,U7482,2023-10-25,Sample tweet #SQL
TW7483,U7483,2023-11-15,Sample tweet #AgriTech
TW7484,U7484,2023-04-18,Sample tweet #SQL
TW7485,U7485,2023-10-25,Sample tweet #Analytics
TW7486,U7486,2023-09-16,Sample tweet #DataSci
TW7487,U7487,2023-03-24,Sample tweet #DataSci
TW7488,U7488,2023-11-13,Sample tweet #Analytics
TW7489,U7489,2023-07-21,Sample tweet #DataSci
TW7490,U7490,2023-02-11,Sample tweet #AgriTech
TW7491,U7491,2023-04-03,Sample tweet #Analytics
TW7492,U7492,2023-03-28,Sample tweet #DataSci
TW7493,U7493,2023-10-15,Sample tweet #AgriTech
TW7494,U7494,2023-06-11,Sample tweet #SQL
TW7495,U7495,2023-02-25,Sample tweet #DataSci
TW7496,U7496,2023-07-23,Sample tweet #SQL
TW7497,U7497,2023-01-31,Sample tweet #AgriTech
TW7498,U7498,2023-11-01,Sample tweet #SQL
TW7499,U7499,2023-09-26,Sample tweet #SQL
TW7500,U7500,2023-04-19,Sample tweet #AgriTech
TW7501,U7501,2023-09-29,Sample tweet #Analytics
TW7502,U7502,2023-04-04,Sample tweet #AgriTech
TW7503,U7503,2023-10-07,Sample tweet #Analytics
TW7504,U7504,2023-03-26,Sample tweet #DataSci
TW7505,U7505,2023-06-17,Sample tweet #DataSci
TW7506,U7506,2023-04-04,Sample tweet #AgriTech
TW7507,U7507,2023-04-20,Sample tweet #SQL
TW7508,U7508,2023-09-11,Sample tweet #AgriTech
TW7509,U7509,2023-08-16,Sample tweet #DataSci
TW7510,U7510,2023-10-30,Sample tweet #AgriTech
TW7511,U7511,2023-01-04,Sample tweet #Analytics
TW7512,U7512,2023-02-09,Sample tweet #AgriTech
TW7513,U7513,2023-06-24,Sample tweet #SQL
TW7514,U7514,2023-05-01,Sample tweet #SQL
TW7515,U7515,2023-05-09,Sample tweet #SQL
TW7516,U7516,2023-04-17,Sample tweet #Analytics
TW7517,U7517,2023-09-07,Sample tweet #SQL
TW7518,U7518,2023-07-07,Sample tweet #AgriTech
TW7519,U7519,2023-03-11,Sample tweet #Analytics
TW7520,U7520,2023-07-02,Sample tweet #DataSci
TW7521,U7521,2023-06-10,Sample tweet #DataSci
TW7522,U7522,2023-12-02,Sample tweet #DataSci
TW7523,U7523,2023-04-05,Sample tweet #SQL
TW7524,U7524,2023-12-14,Sample tweet #SQL
TW7525,U7525,2023-10-17,Sample tweet #Analytics
TW7526,U7526,2023-10-14,Sample tweet #DataSci
TW7527,U7527,2023-10-18,Sample tweet #SQL
TW7528,U7528,2023-06-08,Sample tweet #AgriTech
TW7529,U7529,2023-12-11,Sample tweet #Analytics
TW7530,U7530,2023-05-22,Sample tweet #Analytics
TW7531,U7531,2023-08-17,Sample tweet #SQL
TW7532,U7532,2023-03-22,Sample tweet #AgriTech
TW7533,U7533,2023-08-31,Sample tweet #DataSci
TW7534,U7534,2023-05-27,Sample tweet #Analytics
TW7535,U7535,2023-08-14,Sample tweet #SQL
TW7536,U7536,2023-07-23,Sample tweet #DataSci
TW7537,U7537,2023-04-02,Sample tweet #Analytics
TW7538,U7538,2023-04-09,Sample tweet #DataSci
TW7539,U7539,2023-07-18,Sample tweet #Analytics
TW7540,U7540,2023-04-26,Sample tweet #AgriTech
TW7541,U7541,2023-01-22,Sample tweet #SQL
TW7542,U7542,2023-08-31,Sample tweet #Analytics
TW7543,U7543,2023-10-17,Sample tweet #DataSci
TW7544,U7544,2023-03-28,Sample tweet #SQL
TW7545,U7545,2023-05-29,Sample tweet #Analytics
TW7546,U7546,2023-05-29,Sample tweet #DataSci
TW7547,U7547,2023-04-26,Sample tweet #AgriTech
TW7548,U7548,2023-06-28,Sample tweet #Analytics
TW7549,U7549,2023-03-31,Sample tweet #SQL
TW7550,U7550,2023-03-20,Sample tweet #Analytics
TW7551,U7551,2023-02-24,Sample tweet #DataSci
TW7552,U7552,2023-12-22,Sample tweet #SQL
TW7553,U7553,2023-09-27,Sample tweet #DataSci
TW7554,U7554,2023-04-19,Sample tweet #SQL
TW7555,U7555,2023-04-27,Sample tweet #DataSci
TW7556,U7556,2023-06-08,Sample tweet #Analytics
TW7557,U7557,2023-12-15,Sample tweet #SQL
TW7558,U7558,2023-03-23,Sample tweet #DataSci
TW7559,U7559,2023-08-16,Sample tweet #Analytics
TW7560,U7560,2023-02-05,Sample tweet #SQL
TW7561,U7561,2023-01-10,Sample tweet #SQL
TW7562,U7562,2023-05-11,Sample tweet #AgriTech
TW7563,U7563,2023-08-07,Sample tweet #DataSci
TW7564,U7564,2023-06-04,Sample tweet #SQL
TW7565,U7565,2023-01-16,Sample tweet #SQL
TW7566,U7566,2023-09-16,Sample tweet #AgriTech
TW7567,U7567,2023-07-13,Sample tweet #AgriTech
TW7568,U7568,2023-01-11,Sample tweet #Analytics
TW7569,U7569,2023-08-21,Sample tweet #Analytics
TW7570,U7570,2023-07-23,Sample tweet #SQL
TW7571,U7571,2023-08-25,Sample tweet #AgriTech
TW7572,U7572,2023-08-27,Sample tweet #Analytics
TW7573,U7573,2023-06-06,Sample tweet #Analytics
TW7574,U7574,2023-11-28,Sample tweet #Analytics
TW7575,U7575,2023-04-14,Sample tweet #SQL
TW7576,U7576,2023-02-26,Sample tweet #AgriTech
TW7577,U7577,2023-07-09,Sample tweet #SQL
TW7578,U7578,2023-06-05,Sample tweet #AgriTech
TW7579,U7579,2023-10-23,Sample tweet #DataSci
TW7580,U7580,2023-07-23,Sample tweet #DataSci
TW7581,U7581,2023-12-10,Sample tweet #SQL
TW7582,U7582,2023-04-14,Sample tweet #DataSci
TW7583,U7583,2023-12-15,Sample tweet #AgriTech
TW7584,U7584,2023-03-09,Sample tweet #AgriTech
TW7585,U7585,2023-04-08,Sample tweet #DataSci
TW7586,U7586,2023-11-11,Sample tweet #SQL
TW7587,U7587,2023-01-27,Sample tweet #AgriTech
TW7588,U7588,2023-04-18,Sample tweet #Analytics
TW7589,U7589,2023-09-27,Sample tweet #Analytics
TW7590,U7590,2023-07-03,Sample tweet #DataSci
TW7591,U7591,2023-02-24,Sample tweet #AgriTech
TW7592,U7592,2023-05-11,Sample tweet #Analytics
TW7593,U7593,2023-05-27,Sample tweet #Analytics
TW7594,U7594,2023-08-20,Sample tweet #AgriTech
TW7595,U7595,2023-04-28,Sample tweet #SQL
TW7596,U7596,2023-04-13,Sample tweet #Analytics
TW7597,U7597,2023-10-13,Sample tweet #Analytics
TW7598,U7598,2023-07-11,Sample tweet #AgriTech
TW7599,U7599,2023-03-12,Sample tweet #SQL
TW7600,U7600,2023-08-13,Sample tweet #Analytics
TW7601,U7601,2023-09-08,Sample tweet #SQL
TW7602,U7602,2023-07-13,Sample tweet #DataSci
TW7603,U7603,2023-05-16,Sample tweet #SQL
TW7604,U7604,2023-08-11,Sample tweet #AgriTech
TW7605,U7605,2023-07-02,Sample tweet #Analytics
TW7606,U7606,2023-01-12,Sample tweet #AgriTech
TW7607,U7607,2023-06-01,Sample tweet #AgriTech
TW7608,U7608,2023-08-02,Sample tweet #DataSci
TW7609,U7609,2023-11-13,Sample tweet #SQL
TW7610,U7610,2023-09-17,Sample tweet #AgriTech
TW7611,U7611,2023-04-18,Sample tweet #DataSci
TW7612,U7612,2023-05-09,Sample tweet #DataSci
TW7613,U7613,2023-05-23,Sample tweet #SQL
TW7614,U7614,2023-01-04,Sample tweet #Analytics
TW7615,U7615,2023-09-22,Sample tweet #DataSci
TW7616,U7616,2023-09-12,Sample tweet #AgriTech
TW7617,U7617,2023-04-15,Sample tweet #Analytics
TW7618,U7618,2023-11-12,Sample tweet #DataSci
TW7619,U7619,2023-08-03,Sample tweet #AgriTech
TW7620,U7620,2023-04-08,Sample tweet #AgriTech
TW7621,U7621,2023-09-03,Sample tweet #DataSci
TW7622,U7622,2023-12-10,Sample tweet #Analytics
TW7623,U7623,2023-04-10,Sample tweet #SQL
TW7624,U7624,2023-05-27,Sample tweet #Analytics
TW7625,U7625,2023-09-15,Sample tweet #AgriTech
TW7626,U7626,2023-12-30,Sample tweet #Analytics
TW7627,U7627,2023-12-30,Sample tweet #Analytics
TW7628,U7628,2023-09-09,Sample tweet #SQL
TW7629,U7629,2023-10-31,Sample tweet #SQL
TW7630,U7630,2023-02-19,Sample tweet #AgriTech
TW7631,U7631,2023-04-09,Sample tweet #AgriTech
TW7632,U7632,2023-02-27,Sample tweet #Analytics
TW7633,U7633,2023-08-25,Sample tweet #AgriTech
TW7634,U7634,2023-10-30,Sample tweet #SQL
TW7635,U7635,2023-11-16,Sample tweet #AgriTech
TW7636,U7636,2023-01-02,Sample tweet #DataSci
TW7637,U7637,2023-12-22,Sample tweet #AgriTech
TW7638,U7638,2023-04-16,Sample tweet #AgriTech
TW7639,U7639,2023-07-06,Sample tweet #Analytics
TW7640,U7640,2023-07-10,Sample tweet #SQL
TW7641,U7641,2023-12-25,Sample tweet #AgriTech
TW7642,U7642,2023-08-25,Sample tweet #SQL
TW7643,U7643,2023-09-02,Sample tweet #DataSci
TW7644,U7644,2023-08-08,Sample tweet #Analytics
TW7645,U7645,2023-02-28,Sample tweet #Analytics
TW7646,U7646,2023-02-27,Sample tweet #AgriTech
TW7647,U7647,2023-04-29,Sample tweet #SQL
TW7648,U7648,2023-02-22,Sample tweet #AgriTech
TW7649,U7649,2023-10-20,Sample tweet #Analytics
TW7650,U7650,2023-10-30,Sample tweet #AgriTech
TW7651,U7651,2023-02-21,Sample tweet #DataSci
TW7652,U7652,2023-07-23,Sample tweet #DataSci
TW7653,U7653,2023-03-25,Sample tweet #AgriTech
TW7654,U7654,2023-02-15,Sample tweet #DataSci
TW7655,U7655,2023-02-13,Sample tweet #AgriTech
TW7656,U7656,2023-03-18,Sample tweet #DataSci
TW7657,U7657,2023-12-13,Sample tweet #Analytics
TW7658,U7658,2023-05-18,Sample tweet #AgriTech
TW7659,U7659,2023-12-09,Sample tweet #AgriTech
TW7660,U7660,2023-12-05,Sample tweet #DataSci
TW7661,U7661,2023-04-29,Sample tweet #SQL
TW7662,U7662,2023-10-12,Sample tweet #DataSci
TW7663,U7663,2023-04-25,Sample tweet #SQL
TW7664,U7664,2023-04-17,Sample tweet #Analytics
TW7665,U7665,2023-09-24,Sample tweet #Analytics
TW7666,U7666,2023-07-21,Sample tweet #AgriTech
TW7667,U7667,2023-06-01,Sample tweet #DataSci
TW7668,U7668,2023-01-06,Sample tweet #Analytics
TW7669,U7669,2023-10-12,Sample tweet #AgriTech
TW7670,U7670,2023-05-22,Sample tweet #SQL
TW7671,U7671,2023-08-24,Sample tweet #DataSci
TW7672,U7672,2023-07-09,Sample tweet #Analytics
TW7673,U7673,2023-09-27,Sample tweet #SQL
TW7674,U7674,2023-08-29,Sample tweet #AgriTech
TW7675,U7675,2023-09-24,Sample tweet #DataSci
TW7676,U7676,2023-01-09,Sample tweet #Analytics
TW7677,U7677,2023-11-30,Sample tweet #DataSci
TW7678,U7678,2023-07-01,Sample tweet #AgriTech
TW7679,U7679,2023-06-09,Sample tweet #DataSci
TW7680,U7680,2023-11-11,Sample tweet #Analytics
TW7681,U7681,2023-05-14,Sample tweet #AgriTech
TW7682,U7682,2023-05-01,Sample tweet #AgriTech
TW7683,U7683,2023-09-13,Sample tweet #SQL
TW7684,U7684,2023-06-10,Sample tweet #SQL
TW7685,U7685,2023-04-14,Sample tweet #Analytics
TW7686,U7686,2023-06-16,Sample tweet #DataSci
TW7687,U7687,2023-02-04,Sample tweet #AgriTech
TW7688,U7688,2023-04-07,Sample tweet #Analytics
TW7689,U7689,2023-04-24,Sample tweet #DataSci
TW7690,U7690,2023-08-22,Sample tweet #AgriTech
TW7691,U7691,2023-09-22,Sample tweet #DataSci
TW7692,U7692,2023-05-28,Sample tweet #SQL
TW7693,U7693,2023-03-18,Sample tweet #DataSci
TW7694,U7694,2023-02-24,Sample tweet #AgriTech
TW7695,U7695,2023-03-30,Sample tweet #Analytics
TW7696,U7696,2023-10-21,Sample tweet #DataSci
TW7697,U7697,2023-10-04,Sample tweet #AgriTech
TW7698,U7698,2023-08-20,Sample tweet #SQL
TW7699,U7699,2023-08-21,Sample tweet #DataSci
TW7700,U7700,2023-09-28,Sample tweet #DataSci
TW7701,U7701,2023-05-02,Sample tweet #DataSci
TW7702,U7702,2023-09-02,Sample tweet #SQL
TW7703,U7703,2023-06-09,Sample tweet #Analytics
TW7704,U7704,2023-08-10,Sample tweet #AgriTech
TW7705,U7705,2023-12-28,Sample tweet #SQL
TW7706,U7706,2023-10-13,Sample tweet #SQL
TW7707,U7707,2023-05-12,Sample tweet #Analytics
TW7708,U7708,2023-05-03,Sample tweet #DataSci
TW7709,U7709,2023-05-30,Sample tweet #Analytics
TW7710,U7710,2023-06-09,Sample tweet #SQL
TW7711,U7711,2023-12-11,Sample tweet #SQL
TW7712,U7712,2023-09-29,Sample tweet #SQL
TW7713,U7713,2023-08-31,Sample tweet #SQL
TW7714,U7714,2023-11-06,Sample tweet #Analytics
TW7715,U7715,2023-07-04,Sample tweet #SQL
TW7716,U7716,2023-06-08,Sample tweet #AgriTech
TW7717,U7717,2023-05-16,Sample tweet #DataSci
TW7718,U7718,2023-04-06,Sample tweet #DataSci
TW7719,U7719,2023-11-11,Sample tweet #Analytics
TW7720,U7720,2023-08-08,Sample tweet #AgriTech
TW7721,U7721,2023-03-02,Sample tweet #DataSci
TW7722,U7722,2023-09-21,Sample tweet #SQL
TW7723,U7723,2023-04-30,Sample tweet #SQL
TW7724,U7724,2023-05-27,Sample tweet #Analytics
TW7725,U7725,2023-09-11,Sample tweet #Analytics
TW7726,U7726,2023-01-24,Sample tweet #DataSci
TW7727,U7727,2023-12-27,Sample tweet #DataSci
TW7728,U7728,2023-03-18,Sample tweet #DataSci
TW7729,U7729,2023-09-22,Sample tweet #AgriTech
TW7730,U7730,2023-07-30,Sample tweet #DataSci
TW7731,U7731,2023-03-24,Sample tweet #AgriTech
TW7732,U7732,2023-11-29,Sample tweet #Analytics
TW7733,U7733,2023-11-22,Sample tweet #SQL
TW7734,U7734,2023-03-11,Sample tweet #Analytics
TW7735,U7735,2023-01-14,Sample tweet #SQL
TW7736,U7736,2023-10-23,Sample tweet #Analytics
TW7737,U7737,2023-06-04,Sample tweet #DataSci
TW7738,U7738,2023-08-17,Sample tweet #SQL
TW7739,U7739,2023-11-07,Sample tweet #SQL
TW7740,U7740,2023-05-08,Sample tweet #SQL
TW7741,U7741,2023-03-22,Sample tweet #AgriTech
TW7742,U7742,2023-10-22,Sample tweet #SQL
TW7743,U7743,2023-12-16,Sample tweet #SQL
TW7744,U7744,2023-09-23,Sample tweet #DataSci
TW7745,U7745,2023-02-09,Sample tweet #AgriTech
TW7746,U7746,2023-02-17,Sample tweet #Analytics
TW7747,U7747,2023-09-26,Sample tweet #DataSci
TW7748,U7748,2023-10-16,Sample tweet #AgriTech
TW7749,U7749,2023-08-31,Sample tweet #DataSci
TW7750,U7750,2023-04-20,Sample tweet #Analytics
TW7751,U7751,2023-04-23,Sample tweet #DataSci
TW7752,U7752,2023-10-23,Sample tweet #DataSci
TW7753,U7753,2023-03-11,Sample tweet #AgriTech
TW7754,U7754,2023-07-20,Sample tweet #DataSci
TW7755,U7755,2023-05-19,Sample tweet #Analytics
TW7756,U7756,2023-07-16,Sample tweet #DataSci
TW7757,U7757,2023-11-21,Sample tweet #SQL
TW7758,U7758,2023-03-07,Sample tweet #SQL
TW7759,U7759,2023-04-29,Sample tweet #SQL
TW7760,U7760,2023-06-06,Sample tweet #AgriTech
TW7761,U7761,2023-05-23,Sample tweet #DataSci
TW7762,U7762,2023-09-05,Sample tweet #Analytics
TW7763,U7763,2023-04-09,Sample tweet #AgriTech
TW7764,U7764,2023-08-02,Sample tweet #AgriTech
TW7765,U7765,2023-04-28,Sample tweet #SQL
TW7766,U7766,2023-12-08,Sample tweet #SQL
TW7767,U7767,2023-07-23,Sample tweet #SQL
TW7768,U7768,2023-09-25,Sample tweet #DataSci
TW7769,U7769,2023-10-21,Sample tweet #SQL
TW7770,U7770,2023-05-05,Sample tweet #Analytics
TW7771,U7771,2023-02-02,Sample tweet #DataSci
TW7772,U7772,2023-02-07,Sample tweet #SQL
TW7773,U7773,2023-08-27,Sample tweet #DataSci
TW7774,U7774,2023-05-22,Sample tweet #SQL
TW7775,U7775,2023-10-26,Sample tweet #AgriTech
TW7776,U7776,2023-06-29,Sample tweet #Analytics
TW7777,U7777,2023-11-03,Sample tweet #AgriTech
TW7778,U7778,2023-02-04,Sample tweet #DataSci
TW7779,U7779,2023-10-27,Sample tweet #DataSci
TW7780,U7780,2023-05-29,Sample tweet #Analytics
TW7781,U7781,2023-01-29,Sample tweet #AgriTech
TW7782,U7782,2023-07-23,Sample tweet #SQL
TW7783,U7783,2023-06-10,Sample tweet #SQL
TW7784,U7784,2023-06-11,Sample tweet #SQL
TW7785,U7785,2023-07-07,Sample tweet #Analytics
TW7786,U7786,2023-02-02,Sample tweet #Analytics
TW7787,U7787,2023-11-03,Sample tweet #Analytics
TW7788,U7788,2023-07-04,Sample tweet #SQL
TW7789,U7789,2023-10-07,Sample tweet #SQL
TW7790,U7790,2023-09-20,Sample tweet #DataSci
TW7791,U7791,2023-01-07,Sample tweet #DataSci
TW7792,U7792,2023-03-05,Sample tweet #Analytics
TW7793,U7793,2023-10-28,Sample tweet #AgriTech
TW7794,U7794,2023-09-04,Sample tweet #Analytics
TW7795,U7795,2023-10-11,Sample tweet #SQL
TW7796,U7796,2023-02-05,Sample tweet #Analytics
TW7797,U7797,2023-07-29,Sample tweet #SQL
TW7798,U7798,2023-12-31,Sample tweet #SQL
TW7799,U7799,2023-07-13,Sample tweet #AgriTech
TW7800,U7800,2023-10-18,Sample tweet #SQL
TW7801,U7801,2023-03-14,Sample tweet #Analytics
TW7802,U7802,2023-05-03,Sample tweet #SQL
TW7803,U7803,2023-03-18,Sample tweet #AgriTech
TW7804,U7804,2023-02-16,Sample tweet #Analytics
TW7805,U7805,2023-04-30,Sample tweet #SQL
TW7806,U7806,2023-04-25,Sample tweet #AgriTech
TW7807,U7807,2023-11-04,Sample tweet #DataSci
TW7808,U7808,2023-02-09,Sample tweet #Analytics
TW7809,U7809,2023-05-22,Sample tweet #DataSci
TW7810,U7810,2023-09-02,Sample tweet #DataSci
TW7811,U7811,2023-07-03,Sample tweet #SQL
TW7812,U7812,2023-08-13,Sample tweet #SQL
TW7813,U7813,2023-04-15,Sample tweet #Analytics
TW7814,U7814,2023-02-23,Sample tweet #DataSci
TW7815,U7815,2023-11-03,Sample tweet #DataSci
TW7816,U7816,2023-01-16,Sample tweet #Analytics
TW7817,U7817,2023-04-25,Sample tweet #AgriTech
TW7818,U7818,2023-09-06,Sample tweet #AgriTech
TW7819,U7819,2023-03-20,Sample tweet #DataSci
TW7820,U7820,2023-09-26,Sample tweet #SQL
TW7821,U7821,2023-06-14,Sample tweet #AgriTech
TW7822,U7822,2023-11-06,Sample tweet #Analytics
TW7823,U7823,2023-09-16,Sample tweet #Analytics
TW7824,U7824,2023-04-30,Sample tweet #Analytics
TW7825,U7825,2023-03-08,Sample tweet #AgriTech
TW7826,U7826,2023-02-18,Sample tweet #SQL
TW7827,U7827,2023-12-26,Sample tweet #DataSci
TW7828,U7828,2023-04-27,Sample tweet #Analytics
TW7829,U7829,2023-05-06,Sample tweet #Analytics
TW7830,U7830,2023-06-13,Sample tweet #AgriTech
TW7831,U7831,2023-12-23,Sample tweet #SQL
TW7832,U7832,2023-03-16,Sample tweet #AgriTech
TW7833,U7833,2023-09-22,Sample tweet #DataSci
TW7834,U7834,2023-01-24,Sample tweet #DataSci
TW7835,U7835,2023-10-15,Sample tweet #AgriTech
TW7836,U7836,2023-02-21,Sample tweet #SQL
TW7837,U7837,2023-11-06,Sample tweet #SQL
TW7838,U7838,2023-09-24,Sample tweet #Analytics
TW7839,U7839,2023-11-18,Sample tweet #DataSci
TW7840,U7840,2023-02-02,Sample tweet #DataSci
TW7841,U7841,2023-08-21,Sample tweet #SQL
TW7842,U7842,2023-02-26,Sample tweet #SQL
TW7843,U7843,2023-12-05,Sample tweet #Analytics
TW7844,U7844,2023-04-13,Sample tweet #Analytics
TW7845,U7845,2023-12-30,Sample tweet #SQL
TW7846,U7846,2023-12-31,Sample tweet #DataSci
TW7847,U7847,2023-03-21,Sample tweet #SQL
TW7848,U7848,2023-11-20,Sample tweet #SQL
TW7849,U7849,2023-08-26,Sample tweet #SQL
TW7850,U7850,2023-10-01,Sample tweet #AgriTech
TW7851,U7851,2023-11-06,Sample tweet #AgriTech
TW7852,U7852,2023-04-15,Sample tweet #Analytics
TW7853,U7853,2023-09-05,Sample tweet #AgriTech
TW7854,U7854,2023-05-22,Sample tweet #AgriTech
TW7855,U7855,2023-12-22,Sample tweet #SQL
TW7856,U7856,2023-07-02,Sample tweet #SQL
TW7857,U7857,2023-08-22,Sample tweet #SQL
TW7858,U7858,2023-06-02,Sample tweet #SQL
TW7859,U7859,2023-07-15,Sample tweet #DataSci
TW7860,U7860,2023-04-24,Sample tweet #Analytics
TW7861,U7861,2023-08-05,Sample tweet #AgriTech
TW7862,U7862,2023-09-12,Sample tweet #Analytics
TW7863,U7863,2023-07-23,Sample tweet #SQL
TW7864,U7864,2023-08-15,Sample tweet #SQL
TW7865,U7865,2023-04-17,Sample tweet #DataSci
TW7866,U7866,2023-05-18,Sample tweet #Analytics
TW7867,U7867,2023-09-24,Sample tweet #Analytics
TW7868,U7868,2023-10-08,Sample tweet #Analytics
TW7869,U7869,2023-10-20,Sample tweet #DataSci
TW7870,U7870,2023-09-07,Sample tweet #DataSci
TW7871,U7871,2023-03-25,Sample tweet #DataSci
TW7872,U7872,2023-04-09,Sample tweet #AgriTech
TW7873,U7873,2023-10-04,Sample tweet #Analytics
TW7874,U7874,2023-03-19,Sample tweet #AgriTech
TW7875,U7875,2023-01-13,Sample tweet #AgriTech
TW7876,U7876,2023-02-21,Sample tweet #AgriTech
TW7877,U7877,2023-03-28,Sample tweet #AgriTech
TW7878,U7878,2023-06-29,Sample tweet #SQL
TW7879,U7879,2023-06-19,Sample tweet #AgriTech
TW7880,U7880,2023-12-10,Sample tweet #DataSci
TW7881,U7881,2023-12-28,Sample tweet #SQL
TW7882,U7882,2023-06-29,Sample tweet #SQL
TW7883,U7883,2023-02-01,Sample tweet #DataSci
TW7884,U7884,2023-12-20,Sample tweet #DataSci
TW7885,U7885,2023-04-07,Sample tweet #Analytics
TW7886,U7886,2023-09-20,Sample tweet #AgriTech
TW7887,U7887,2023-08-31,Sample tweet #AgriTech
TW7888,U7888,2023-06-21,Sample tweet #AgriTech
TW7889,U7889,2023-01-23,Sample tweet #SQL
TW7890,U7890,2023-05-12,Sample tweet #AgriTech
TW7891,U7891,2023-12-26,Sample tweet #Analytics
TW7892,U7892,2023-05-15,Sample tweet #SQL
TW7893,U7893,2023-12-27,Sample tweet #SQL
TW7894,U7894,2023-06-01,Sample tweet #DataSci
TW7895,U7895,2023-07-10,Sample tweet #Analytics
TW7896,U7896,2023-03-22,Sample tweet #AgriTech
TW7897,U7897,2023-01-24,Sample tweet #Analytics
TW7898,U7898,2023-03-26,Sample tweet #DataSci
TW7899,U7899,2023-08-17,Sample tweet #Analytics
TW7900,U7900,2023-02-17,Sample tweet #AgriTech
TW7901,U7901,2023-08-25,Sample tweet #Analytics
TW7902,U7902,2023-09-16,Sample tweet #Analytics
TW7903,U7903,2023-10-15,Sample tweet #Analytics
TW7904,U7904,2023-06-04,Sample tweet #DataSci
TW7905,U7905,2024-01-01,Sample tweet #AgriTech
TW7906,U7906,2023-02-25,Sample tweet #DataSci
TW7907,U7907,2023-05-30,Sample tweet #SQL
TW7908,U7908,2023-02-16,Sample tweet #DataSci
TW7909,U7909,2023-07-19,Sample tweet #AgriTech
TW7910,U7910,2023-12-11,Sample tweet #DataSci
TW7911,U7911,2023-01-17,Sample tweet #SQL
TW7912,U7912,2023-03-04,Sample tweet #SQL
TW7913,U7913,2023-03-29,Sample tweet #DataSci
TW7914,U7914,2023-05-26,Sample tweet #Analytics
TW7915,U7915,2023-12-12,Sample tweet #SQL
TW7916,U7916,2023-04-29,Sample tweet #DataSci
TW7917,U7917,2023-02-02,Sample tweet #Analytics
TW7918,U7918,2023-01-17,Sample tweet #Analytics
TW7919,U7919,2023-09-22,Sample tweet #AgriTech
TW7920,U7920,2023-07-19,Sample tweet #AgriTech
TW7921,U7921,2023-04-10,Sample tweet #Analytics
TW7922,U7922,2023-10-25,Sample tweet #DataSci
TW7923,U7923,2023-12-20,Sample tweet #SQL
TW7924,U7924,2023-05-25,Sample tweet #Analytics
TW7925,U7925,2023-11-20,Sample tweet #SQL
TW7926,U7926,2023-03-10,Sample tweet #SQL
TW7927,U7927,2023-11-27,Sample tweet #AgriTech
TW7928,U7928,2023-05-20,Sample tweet #AgriTech
TW7929,U7929,2023-01-25,Sample tweet #DataSci
TW7930,U7930,2023-06-15,Sample tweet #AgriTech
TW7931,U7931,2023-10-01,Sample tweet #SQL
TW7932,U7932,2023-12-28,Sample tweet #AgriTech
TW7933,U7933,2023-03-29,Sample tweet #Analytics
TW7934,U7934,2023-09-06,Sample tweet #SQL
TW7935,U7935,2023-09-10,Sample tweet #Analytics
TW7936,U7936,2023-06-26,Sample tweet #AgriTech
TW7937,U7937,2023-05-13,Sample tweet #DataSci
TW7938,U7938,2023-08-31,Sample tweet #Analytics
TW7939,U7939,2023-05-30,Sample tweet #Analytics
TW7940,U7940,2023-08-21,Sample tweet #Analytics
TW7941,U7941,2023-09-06,Sample tweet #AgriTech
TW7942,U7942,2023-09-26,Sample tweet #AgriTech
TW7943,U7943,2023-02-03,Sample tweet #AgriTech
TW7944,U7944,2023-12-15,Sample tweet #DataSci
TW7945,U7945,2023-11-21,Sample tweet #SQL
TW7946,U7946,2023-09-21,Sample tweet #AgriTech
TW7947,U7947,2023-06-25,Sample tweet #AgriTech
TW7948,U7948,2023-03-14,Sample tweet #Analytics
TW7949,U7949,2023-02-01,Sample tweet #AgriTech
TW7950,U7950,2023-09-23,Sample tweet #DataSci
TW7951,U7951,2023-11-03,Sample tweet #DataSci
TW7952,U7952,2023-11-17,Sample tweet #AgriTech
TW7953,U7953,2023-02-28,Sample tweet #AgriTech
TW7954,U7954,2023-06-16,Sample tweet #Analytics
TW7955,U7955,2023-08-12,Sample tweet #SQL
TW7956,U7956,2023-07-20,Sample tweet #SQL
TW7957,U7957,2023-10-11,Sample tweet #SQL
TW7958,U7958,2023-05-03,Sample tweet #DataSci
TW7959,U7959,2023-05-15,Sample tweet #SQL
TW7960,U7960,2023-05-02,Sample tweet #DataSci
TW7961,U7961,2023-02-18,Sample tweet #SQL
TW7962,U7962,2023-04-30,Sample tweet #SQL
TW7963,U7963,2023-07-06,Sample tweet #AgriTech
TW7964,U7964,2023-12-23,Sample tweet #DataSci
TW7965,U7965,2023-12-27,Sample tweet #AgriTech
TW7966,U7966,2023-04-21,Sample tweet #SQL
TW7967,U7967,2023-09-16,Sample tweet #SQL
TW7968,U7968,2023-10-07,Sample tweet #DataSci
TW7969,U7969,2023-02-21,Sample tweet #AgriTech
TW7970,U7970,2023-09-15,Sample tweet #SQL
TW7971,U7971,2023-07-26,Sample tweet #AgriTech
TW7972,U7972,2023-08-28,Sample tweet #DataSci
TW7973,U7973,2023-03-18,Sample tweet #SQL
TW7974,U7974,2023-11-03,Sample tweet #DataSci
TW7975,U7975,2023-12-10,Sample tweet #Analytics
TW7976,U7976,2023-06-24,Sample tweet #SQL
TW7977,U7977,2023-06-03,Sample tweet #AgriTech
TW7978,U7978,2023-07-08,Sample tweet #DataSci
TW7979,U7979,2023-11-25,Sample tweet #Analytics
TW7980,U7980,2023-10-12,Sample tweet #AgriTech
TW7981,U7981,2023-02-09,Sample tweet #AgriTech
TW7982,U7982,2023-02-12,Sample tweet #AgriTech
TW7983,U7983,2023-03-26,Sample tweet #SQL
TW7984,U7984,2023-12-16,Sample tweet #AgriTech
TW7985,U7985,2023-12-23,Sample tweet #DataSci
TW7986,U7986,2023-04-19,Sample tweet #AgriTech
TW7987,U7987,2023-05-29,Sample tweet #DataSci
TW7988,U7988,2023-11-19,Sample tweet #SQL
TW7989,U7989,2023-06-10,Sample tweet #DataSci
TW7990,U7990,2023-12-06,Sample tweet #AgriTech
TW7991,U7991,2023-07-02,Sample tweet #Analytics
TW7992,U7992,2023-01-02,Sample tweet #SQL
TW7993,U7993,2023-02-15,Sample tweet #SQL
TW7994,U7994,2023-05-13,Sample tweet #Analytics
TW7995,U7995,2023-12-19,Sample tweet #Analytics
TW7996,U7996,2023-08-25,Sample tweet #Analytics
TW7997,U7997,2023-05-12,Sample tweet #AgriTech
TW7998,U7998,2023-07-06,Sample tweet #AgriTech
TW7999,U7999,2023-08-22,Sample tweet #DataSci
TW8000,U8000,2023-06-04,Sample tweet #AgriTech
TW8001,U8001,2023-10-18,Sample tweet #Analytics
TW8002,U8002,2023-04-17,Sample tweet #AgriTech
TW8003,U8003,2023-07-20,Sample tweet #AgriTech
TW8004,U8004,2023-01-21,Sample tweet #AgriTech
TW8005,U8005,2023-11-11,Sample tweet #SQL
TW8006,U8006,2023-10-23,Sample tweet #Analytics
TW8007,U8007,2023-08-03,Sample tweet #Analytics
TW8008,U8008,2023-11-22,Sample tweet #DataSci
TW8009,U8009,2023-10-05,Sample tweet #SQL
TW8010,U8010,2023-02-06,Sample tweet #DataSci
TW8011,U8011,2023-08-01,Sample tweet #SQL
TW8012,U8012,2023-05-25,Sample tweet #AgriTech
TW8013,U8013,2023-09-10,Sample tweet #AgriTech
TW8014,U8014,2023-01-19,Sample tweet #Analytics
TW8015,U8015,2023-09-04,Sample tweet #Analytics
TW8016,U8016,2023-12-11,Sample tweet #AgriTech
TW8017,U8017,2023-04-23,Sample tweet #Analytics
TW8018,U8018,2023-05-07,Sample tweet #Analytics
TW8019,U8019,2023-07-20,Sample tweet #DataSci
TW8020,U8020,2023-12-10,Sample tweet #Analytics
TW8021,U8021,2023-01-16,Sample tweet #AgriTech
TW8022,U8022,2023-02-13,Sample tweet #Analytics
TW8023,U8023,2023-05-25,Sample tweet #DataSci
TW8024,U8024,2023-10-03,Sample tweet #SQL
TW8025,U8025,2023-10-01,Sample tweet #Analytics
TW8026,U8026,2023-04-24,Sample tweet #AgriTech
TW8027,U8027,2023-12-28,Sample tweet #DataSci
TW8028,U8028,2023-05-12,Sample tweet #AgriTech
TW8029,U8029,2023-08-09,Sample tweet #DataSci
TW8030,U8030,2023-03-15,Sample tweet #SQL
TW8031,U8031,2023-02-06,Sample tweet #DataSci
TW8032,U8032,2023-10-21,Sample tweet #Analytics
TW8033,U8033,2023-07-25,Sample tweet #AgriTech
TW8034,U8034,2023-02-16,Sample tweet #SQL
TW8035,U8035,2023-02-07,Sample tweet #DataSci
TW8036,U8036,2023-09-10,Sample tweet #Analytics
TW8037,U8037,2023-01-21,Sample tweet #AgriTech
TW8038,U8038,2023-02-23,Sample tweet #SQL
TW8039,U8039,2023-12-21,Sample tweet #SQL
TW8040,U8040,2023-02-08,Sample tweet #DataSci
TW8041,U8041,2023-07-22,Sample tweet #SQL
TW8042,U8042,2023-02-21,Sample tweet #AgriTech
TW8043,U8043,2023-03-31,Sample tweet #DataSci
TW8044,U8044,2023-07-20,Sample tweet #DataSci
TW8045,U8045,2023-11-11,Sample tweet #DataSci
TW8046,U8046,2023-12-07,Sample tweet #DataSci
TW8047,U8047,2023-09-16,Sample tweet #AgriTech
TW8048,U8048,2023-08-27,Sample tweet #SQL
TW8049,U8049,2023-06-10,Sample tweet #Analytics
TW8050,U8050,2023-05-01,Sample tweet #Analytics
TW8051,U8051,2023-01-11,Sample tweet #DataSci
TW8052,U8052,2023-03-08,Sample tweet #DataSci
TW8053,U8053,2023-12-02,Sample tweet #DataSci
TW8054,U8054,2023-02-26,Sample tweet #DataSci
TW8055,U8055,2023-10-23,Sample tweet #DataSci
TW8056,U8056,2023-03-30,Sample tweet #Analytics
TW8057,U8057,2023-10-29,Sample tweet #DataSci
TW8058,U8058,2023-07-21,Sample tweet #Analytics
TW8059,U8059,2023-05-03,Sample tweet #DataSci
TW8060,U8060,2023-10-30,Sample tweet #Analytics
TW8061,U8061,2023-08-25,Sample tweet #AgriTech
TW8062,U8062,2023-12-29,Sample tweet #SQL
TW8063,U8063,2023-12-23,Sample tweet #DataSci
TW8064,U8064,2023-01-22,Sample tweet #Analytics
TW8065,U8065,2023-05-11,Sample tweet #SQL
TW8066,U8066,2023-10-16,Sample tweet #Analytics
TW8067,U8067,2023-05-03,Sample tweet #SQL
TW8068,U8068,2023-11-01,Sample tweet #Analytics
TW8069,U8069,2023-08-26,Sample tweet #Analytics
TW8070,U8070,2023-10-20,Sample tweet #AgriTech
TW8071,U8071,2023-02-10,Sample tweet #Analytics
TW8072,U8072,2023-04-12,Sample tweet #SQL
TW8073,U8073,2023-02-24,Sample tweet #SQL
TW8074,U8074,2023-09-15,Sample tweet #AgriTech
TW8075,U8075,2023-10-05,Sample tweet #AgriTech
TW8076,U8076,2023-06-07,Sample tweet #SQL
TW8077,U8077,2023-11-29,Sample tweet #DataSci
TW8078,U8078,2023-03-24,Sample tweet #DataSci
TW8079,U8079,2023-04-19,Sample tweet #DataSci
TW8080,U8080,2023-12-27,Sample tweet #Analytics
TW8081,U8081,2023-04-04,Sample tweet #Analytics
TW8082,U8082,2023-10-29,Sample tweet #Analytics
TW8083,U8083,2023-09-26,Sample tweet #AgriTech
TW8084,U8084,2023-04-02,Sample tweet #AgriTech
TW8085,U8085,2023-12-31,Sample tweet #AgriTech
TW8086,U8086,2023-01-04,Sample tweet #Analytics
TW8087,U8087,2023-04-10,Sample tweet #Analytics
TW8088,U8088,2023-06-11,Sample tweet #Analytics
TW8089,U8089,2023-06-10,Sample tweet #DataSci
TW8090,U8090,2023-01-22,Sample tweet #Analytics
TW8091,U8091,2023-01-14,Sample tweet #AgriTech
TW8092,U8092,2023-08-14,Sample tweet #Analytics
TW8093,U8093,2023-08-04,Sample tweet #AgriTech
TW8094,U8094,2023-11-30,Sample tweet #SQL
TW8095,U8095,2023-11-06,Sample tweet #DataSci
TW8096,U8096,2023-08-11,Sample tweet #SQL
TW8097,U8097,2023-08-17,Sample tweet #SQL
TW8098,U8098,2023-12-10,Sample tweet #AgriTech
TW8099,U8099,2023-05-09,Sample tweet #DataSci
TW8100,U8100,2023-10-28,Sample tweet #AgriTech
TW8101,U8101,2023-05-06,Sample tweet #SQL
TW8102,U8102,2023-06-24,Sample tweet #DataSci
TW8103,U8103,2023-01-18,Sample tweet #DataSci
TW8104,U8104,2023-08-21,Sample tweet #DataSci
TW8105,U8105,2023-05-22,Sample tweet #SQL
TW8106,U8106,2023-07-14,Sample tweet #SQL
TW8107,U8107,2023-08-08,Sample tweet #SQL
TW8108,U8108,2023-10-10,Sample tweet #AgriTech
TW8109,U8109,2023-09-14,Sample tweet #AgriTech
TW8110,U8110,2023-11-15,Sample tweet #SQL
TW8111,U8111,2023-02-14,Sample tweet #SQL
TW8112,U8112,2023-10-21,Sample tweet #SQL
TW8113,U8113,2023-12-10,Sample tweet #DataSci
TW8114,U8114,2023-09-16,Sample tweet #AgriTech
TW8115,U8115,2023-03-22,Sample tweet #SQL
TW8116,U8116,2023-08-21,Sample tweet #DataSci
TW8117,U8117,2023-07-24,Sample tweet #Analytics
TW8118,U8118,2023-03-24,Sample tweet #Analytics
TW8119,U8119,2023-12-30,Sample tweet #SQL
TW8120,U8120,2023-04-17,Sample tweet #SQL
TW8121,U8121,2023-11-28,Sample tweet #AgriTech
TW8122,U8122,2023-08-15,Sample tweet #AgriTech
TW8123,U8123,2023-08-03,Sample tweet #SQL
TW8124,U8124,2023-10-09,Sample tweet #Analytics
TW8125,U8125,2023-04-14,Sample tweet #AgriTech
TW8126,U8126,2023-06-22,Sample tweet #Analytics
TW8127,U8127,2023-08-22,Sample tweet #SQL
TW8128,U8128,2023-02-23,Sample tweet #DataSci
TW8129,U8129,2023-05-19,Sample tweet #SQL
TW8130,U8130,2023-05-07,Sample tweet #AgriTech
TW8131,U8131,2023-07-16,Sample tweet #SQL
TW8132,U8132,2023-06-17,Sample tweet #DataSci
TW8133,U8133,2023-07-10,Sample tweet #DataSci
TW8134,U8134,2023-12-13,Sample tweet #DataSci
TW8135,U8135,2023-05-20,Sample tweet #AgriTech
TW8136,U8136,2023-03-23,Sample tweet #SQL
TW8137,U8137,2023-04-04,Sample tweet #AgriTech
TW8138,U8138,2023-06-28,Sample tweet #SQL
TW8139,U8139,2023-04-28,Sample tweet #DataSci
TW8140,U8140,2023-06-22,Sample tweet #DataSci
TW8141,U8141,2023-01-21,Sample tweet #SQL
TW8142,U8142,2023-08-09,Sample tweet #SQL
TW8143,U8143,2023-12-04,Sample tweet #AgriTech
TW8144,U8144,2023-07-17,Sample tweet #DataSci
TW8145,U8145,2023-03-04,Sample tweet #DataSci
TW8146,U8146,2023-06-08,Sample tweet #AgriTech
TW8147,U8147,2023-09-01,Sample tweet #SQL
TW8148,U8148,2023-05-28,Sample tweet #AgriTech
TW8149,U8149,2023-05-31,Sample tweet #SQL
TW8150,U8150,2023-06-24,Sample tweet #AgriTech
TW8151,U8151,2023-02-02,Sample tweet #AgriTech
TW8152,U8152,2023-05-01,Sample tweet #Analytics
TW8153,U8153,2023-11-08,Sample tweet #AgriTech
TW8154,U8154,2023-06-05,Sample tweet #AgriTech
TW8155,U8155,2023-07-24,Sample tweet #Analytics
TW8156,U8156,2023-09-22,Sample tweet #Analytics
TW8157,U8157,2023-10-05,Sample tweet #DataSci
TW8158,U8158,2023-05-15,Sample tweet #AgriTech
TW8159,U8159,2023-02-18,Sample tweet #Analytics
TW8160,U8160,2023-03-23,Sample tweet #DataSci
TW8161,U8161,2023-11-16,Sample tweet #DataSci
TW8162,U8162,2023-02-22,Sample tweet #SQL
TW8163,U8163,2023-08-05,Sample tweet #SQL
TW8164,U8164,2023-02-10,Sample tweet #DataSci
TW8165,U8165,2023-04-20,Sample tweet #DataSci
TW8166,U8166,2023-02-07,Sample tweet #AgriTech
TW8167,U8167,2023-09-05,Sample tweet #DataSci
TW8168,U8168,2023-08-01,Sample tweet #Analytics
TW8169,U8169,2023-07-16,Sample tweet #DataSci
TW8170,U8170,2023-11-26,Sample tweet #DataSci
TW8171,U8171,2023-02-02,Sample tweet #AgriTech
TW8172,U8172,2023-04-01,Sample tweet #AgriTech
TW8173,U8173,2023-08-27,Sample tweet #AgriTech
TW8174,U8174,2023-01-27,Sample tweet #AgriTech
TW8175,U8175,2023-01-26,Sample tweet #Analytics
TW8176,U8176,2023-12-08,Sample tweet #AgriTech
TW8177,U8177,2023-08-01,Sample tweet #AgriTech
TW8178,U8178,2023-07-15,Sample tweet #AgriTech
TW8179,U8179,2023-09-30,Sample tweet #Analytics
TW8180,U8180,2023-10-20,Sample tweet #SQL
TW8181,U8181,2023-04-08,Sample tweet #SQL
TW8182,U8182,2023-12-06,Sample tweet #DataSci
TW8183,U8183,2023-11-25,Sample tweet #SQL
TW8184,U8184,2023-05-20,Sample tweet #AgriTech
TW8185,U8185,2023-09-27,Sample tweet #DataSci
TW8186,U8186,2023-09-19,Sample tweet #DataSci
TW8187,U8187,2023-11-10,Sample tweet #DataSci
TW8188,U8188,2023-06-04,Sample tweet #SQL
TW8189,U8189,2023-02-04,Sample tweet #DataSci
TW8190,U8190,2023-10-01,Sample tweet #DataSci
TW8191,U8191,2023-05-31,Sample tweet #Analytics
TW8192,U8192,2023-09-12,Sample tweet #Analytics
TW8193,U8193,2023-07-10,Sample tweet #SQL
TW8194,U8194,2023-07-18,Sample tweet #DataSci
TW8195,U8195,2023-12-24,Sample tweet #Analytics
TW8196,U8196,2023-07-08,Sample tweet #AgriTech
TW8197,U8197,2023-01-27,Sample tweet #DataSci
TW8198,U8198,2023-10-19,Sample tweet #DataSci
TW8199,U8199,2023-10-11,Sample tweet #Analytics
TW8200,U8200,2023-12-19,Sample tweet #DataSci
TW8201,U8201,2023-06-24,Sample tweet #AgriTech
TW8202,U8202,2023-02-13,Sample tweet #SQL
TW8203,U8203,2023-03-15,Sample tweet #DataSci
TW8204,U8204,2023-05-08,Sample tweet #SQL
TW8205,U8205,2023-09-05,Sample tweet #DataSci
TW8206,U8206,2023-09-14,Sample tweet #Analytics
TW8207,U8207,2023-01-20,Sample tweet #Analytics
TW8208,U8208,2023-10-23,Sample tweet #DataSci
TW8209,U8209,2023-09-14,Sample tweet #DataSci
TW8210,U8210,2023-03-01,Sample tweet #DataSci
TW8211,U8211,2023-09-04,Sample tweet #AgriTech
TW8212,U8212,2023-06-12,Sample tweet #SQL
TW8213,U8213,2023-11-25,Sample tweet #Analytics
TW8214,U8214,2023-06-18,Sample tweet #DataSci
TW8215,U8215,2023-10-12,Sample tweet #DataSci
TW8216,U8216,2023-10-08,Sample tweet #DataSci
TW8217,U8217,2023-07-05,Sample tweet #AgriTech
TW8218,U8218,2023-11-18,Sample tweet #DataSci
TW8219,U8219,2023-09-03,Sample tweet #DataSci
TW8220,U8220,2023-04-20,Sample tweet #Analytics
TW8221,U8221,2023-10-19,Sample tweet #Analytics
TW8222,U8222,2023-11-15,Sample tweet #SQL
TW8223,U8223,2023-11-19,Sample tweet #SQL
TW8224,U8224,2023-06-04,Sample tweet #Analytics
TW8225,U8225,2023-05-22,Sample tweet #AgriTech
TW8226,U8226,2023-05-31,Sample tweet #AgriTech
TW8227,U8227,2023-03-22,Sample tweet #SQL
TW8228,U8228,2023-10-09,Sample tweet #Analytics
TW8229,U8229,2023-03-25,Sample tweet #SQL
TW8230,U8230,2023-04-03,Sample tweet #SQL
TW8231,U8231,2023-10-24,Sample tweet #AgriTech
TW8232,U8232,2023-02-23,Sample tweet #SQL
TW8233,U8233,2023-05-16,Sample tweet #AgriTech
TW8234,U8234,2023-04-21,Sample tweet #SQL
TW8235,U8235,2023-07-08,Sample tweet #SQL
TW8236,U8236,2023-08-01,Sample tweet #SQL
TW8237,U8237,2023-12-12,Sample tweet #AgriTech
TW8238,U8238,2023-10-29,Sample tweet #DataSci
TW8239,U8239,2023-01-02,Sample tweet #AgriTech
TW8240,U8240,2023-12-10,Sample tweet #AgriTech
TW8241,U8241,2023-05-02,Sample tweet #SQL
TW8242,U8242,2023-11-11,Sample tweet #SQL
TW8243,U8243,2023-12-03,Sample tweet #DataSci
TW8244,U8244,2023-01-23,Sample tweet #AgriTech
TW8245,U8245,2023-02-25,Sample tweet #Analytics
TW8246,U8246,2023-06-15,Sample tweet #Analytics
TW8247,U8247,2023-09-16,Sample tweet #DataSci
TW8248,U8248,2023-04-19,Sample tweet #SQL
TW8249,U8249,2023-06-29,Sample tweet #Analytics
TW8250,U8250,2023-12-24,Sample tweet #AgriTech
TW8251,U8251,2023-06-09,Sample tweet #Analytics
TW8252,U8252,2023-01-23,Sample tweet #AgriTech
TW8253,U8253,2023-05-15,Sample tweet #DataSci
TW8254,U8254,2023-04-15,Sample tweet #SQL
TW8255,U8255,2023-03-01,Sample tweet #DataSci
TW8256,U8256,2023-03-24,Sample tweet #DataSci
TW8257,U8257,2023-05-31,Sample tweet #Analytics
TW8258,U8258,2023-01-08,Sample tweet #DataSci
TW8259,U8259,2023-02-02,Sample tweet #SQL
TW8260,U8260,2023-12-04,Sample tweet #DataSci
TW8261,U8261,2023-06-23,Sample tweet #AgriTech
TW8262,U8262,2023-03-30,Sample tweet #Analytics
TW8263,U8263,2023-07-17,Sample tweet #SQL
TW8264,U8264,2023-06-01,Sample tweet #DataSci
TW8265,U8265,2023-09-07,Sample tweet #SQL
TW8266,U8266,2023-07-10,Sample tweet #Analytics
TW8267,U8267,2023-09-14,Sample tweet #Analytics
TW8268,U8268,2023-02-08,Sample tweet #DataSci
TW8269,U8269,2023-09-10,Sample tweet #AgriTech
TW8270,U8270,2023-05-20,Sample tweet #DataSci
TW8271,U8271,2023-06-05,Sample tweet #AgriTech
TW8272,U8272,2023-04-06,Sample tweet #AgriTech
TW8273,U8273,2023-01-21,Sample tweet #Analytics
TW8274,U8274,2023-11-24,Sample tweet #AgriTech
TW8275,U8275,2023-09-24,Sample tweet #DataSci
TW8276,U8276,2023-05-27,Sample tweet #SQL
TW8277,U8277,2023-09-24,Sample tweet #DataSci
TW8278,U8278,2023-02-28,Sample tweet #Analytics
TW8279,U8279,2023-03-23,Sample tweet #AgriTech
TW8280,U8280,2023-07-10,Sample tweet #AgriTech
TW8281,U8281,2023-12-24,Sample tweet #AgriTech
TW8282,U8282,2023-10-28,Sample tweet #DataSci
TW8283,U8283,2023-10-06,Sample tweet #SQL
TW8284,U8284,2023-08-12,Sample tweet #Analytics
TW8285,U8285,2023-12-28,Sample tweet #AgriTech
TW8286,U8286,2023-02-05,Sample tweet #AgriTech
TW8287,U8287,2023-08-13,Sample tweet #SQL
TW8288,U8288,2023-06-05,Sample tweet #AgriTech
TW8289,U8289,2023-02-10,Sample tweet #Analytics
TW8290,U8290,2023-10-04,Sample tweet #SQL
TW8291,U8291,2023-12-23,Sample tweet #AgriTech
TW8292,U8292,2023-09-25,Sample tweet #SQL
TW8293,U8293,2023-09-24,Sample tweet #AgriTech
TW8294,U8294,2023-12-31,Sample tweet #DataSci
TW8295,U8295,2023-08-04,Sample tweet #SQL
TW8296,U8296,2023-10-17,Sample tweet #AgriTech
TW8297,U8297,2023-08-02,Sample tweet #AgriTech
TW8298,U8298,2023-10-26,Sample tweet #Analytics
TW8299,U8299,2023-05-22,Sample tweet #SQL
TW8300,U8300,2023-04-12,Sample tweet #Analytics
TW8301,U8301,2023-03-08,Sample tweet #SQL
TW8302,U8302,2023-11-22,Sample tweet #SQL
TW8303,U8303,2023-11-07,Sample tweet #DataSci
TW8304,U8304,2023-07-05,Sample tweet #AgriTech
TW8305,U8305,2023-10-12,Sample tweet #DataSci
TW8306,U8306,2023-08-06,Sample tweet #DataSci
TW8307,U8307,2023-01-31,Sample tweet #AgriTech
TW8308,U8308,2023-05-25,Sample tweet #DataSci
TW8309,U8309,2023-10-03,Sample tweet #Analytics
TW8310,U8310,2023-08-20,Sample tweet #DataSci
TW8311,U8311,2023-08-11,Sample tweet #SQL
TW8312,U8312,2023-05-19,Sample tweet #SQL
TW8313,U8313,2023-06-06,Sample tweet #Analytics
TW8314,U8314,2023-02-16,Sample tweet #Analytics
TW8315,U8315,2023-05-17,Sample tweet #AgriTech
TW8316,U8316,2023-12-11,Sample tweet #SQL
TW8317,U8317,2023-04-24,Sample tweet #AgriTech
TW8318,U8318,2023-12-12,Sample tweet #DataSci
TW8319,U8319,2023-05-03,Sample tweet #AgriTech
TW8320,U8320,2023-06-25,Sample tweet #DataSci
TW8321,U8321,2023-03-19,Sample tweet #SQL
TW8322,U8322,2023-09-06,Sample tweet #AgriTech
TW8323,U8323,2023-03-02,Sample tweet #DataSci
TW8324,U8324,2023-05-13,Sample tweet #DataSci
TW8325,U8325,2023-08-21,Sample tweet #SQL
TW8326,U8326,2023-12-01,Sample tweet #Analytics
TW8327,U8327,2023-08-19,Sample tweet #AgriTech
TW8328,U8328,2023-03-24,Sample tweet #SQL
TW8329,U8329,2023-03-31,Sample tweet #DataSci
TW8330,U8330,2023-02-06,Sample tweet #Analytics
TW8331,U8331,2023-02-22,Sample tweet #SQL
TW8332,U8332,2023-12-24,Sample tweet #Analytics
TW8333,U8333,2023-09-18,Sample tweet #AgriTech
TW8334,U8334,2023-08-19,Sample tweet #SQL
TW8335,U8335,2023-05-14,Sample tweet #Analytics
TW8336,U8336,2023-05-03,Sample tweet #AgriTech
TW8337,U8337,2023-10-30,Sample tweet #Analytics
TW8338,U8338,2023-09-02,Sample tweet #SQL
TW8339,U8339,2023-12-07,Sample tweet #Analytics
TW8340,U8340,2023-06-25,Sample tweet #DataSci
TW8341,U8341,2023-08-06,Sample tweet #DataSci
TW8342,U8342,2023-04-23,Sample tweet #DataSci
TW8343,U8343,2023-08-02,Sample tweet #DataSci
TW8344,U8344,2023-12-04,Sample tweet #AgriTech
TW8345,U8345,2023-05-14,Sample tweet #Analytics
TW8346,U8346,2023-03-12,Sample tweet #AgriTech
TW8347,U8347,2023-09-27,Sample tweet #AgriTech
TW8348,U8348,2023-02-17,Sample tweet #DataSci
TW8349,U8349,2023-03-31,Sample tweet #Analytics
TW8350,U8350,2023-07-03,Sample tweet #AgriTech
TW8351,U8351,2024-01-01,Sample tweet #Analytics
TW8352,U8352,2023-02-21,Sample tweet #Analytics
TW8353,U8353,2023-10-31,Sample tweet #SQL
TW8354,U8354,2023-04-28,Sample tweet #DataSci
TW8355,U8355,2023-10-26,Sample tweet #DataSci
TW8356,U8356,2023-11-09,Sample tweet #DataSci
TW8357,U8357,2023-07-05,Sample tweet #Analytics
TW8358,U8358,2023-04-13,Sample tweet #DataSci
TW8359,U8359,2023-07-19,Sample tweet #AgriTech
TW8360,U8360,2023-02-09,Sample tweet #SQL
TW8361,U8361,2023-12-03,Sample tweet #DataSci
TW8362,U8362,2023-07-16,Sample tweet #SQL
TW8363,U8363,2023-09-13,Sample tweet #SQL
TW8364,U8364,2023-11-30,Sample tweet #Analytics
TW8365,U8365,2023-10-15,Sample tweet #SQL
TW8366,U8366,2023-03-31,Sample tweet #Analytics
TW8367,U8367,2023-08-12,Sample tweet #DataSci
TW8368,U8368,2023-06-21,Sample tweet #AgriTech
TW8369,U8369,2023-05-14,Sample tweet #Analytics
TW8370,U8370,2023-06-23,Sample tweet #AgriTech
TW8371,U8371,2023-10-09,Sample tweet #SQL
TW8372,U8372,2023-12-16,Sample tweet #DataSci
TW8373,U8373,2023-09-06,Sample tweet #DataSci
TW8374,U8374,2023-01-26,Sample tweet #DataSci
TW8375,U8375,2023-12-19,Sample tweet #AgriTech
TW8376,U8376,2023-01-13,Sample tweet #SQL
TW8377,U8377,2023-01-06,Sample tweet #SQL
TW8378,U8378,2023-04-03,Sample tweet #Analytics
TW8379,U8379,2023-05-17,Sample tweet #SQL
TW8380,U8380,2023-09-12,Sample tweet #SQL
TW8381,U8381,2023-08-20,Sample tweet #Analytics
TW8382,U8382,2023-05-18,Sample tweet #AgriTech
TW8383,U8383,2023-01-04,Sample tweet #Analytics
TW8384,U8384,2023-09-22,Sample tweet #SQL
TW8385,U8385,2023-03-08,Sample tweet #SQL
TW8386,U8386,2023-07-04,Sample tweet #AgriTech
TW8387,U8387,2023-05-13,Sample tweet #Analytics
TW8388,U8388,2023-12-10,Sample tweet #Analytics
TW8389,U8389,2023-08-11,Sample tweet #DataSci
TW8390,U8390,2023-02-13,Sample tweet #AgriTech
TW8391,U8391,2023-02-12,Sample tweet #SQL
TW8392,U8392,2023-11-08,Sample tweet #Analytics
TW8393,U8393,2023-01-11,Sample tweet #AgriTech
TW8394,U8394,2023-12-10,Sample tweet #SQL
TW8395,U8395,2023-04-12,Sample tweet #AgriTech
TW8396,U8396,2023-04-04,Sample tweet #Analytics
TW8397,U8397,2023-01-13,Sample tweet #DataSci
TW8398,U8398,2023-11-30,Sample tweet #SQL
TW8399,U8399,2023-04-12,Sample tweet #AgriTech
TW8400,U8400,2023-01-28,Sample tweet #SQL
TW8401,U8401,2023-03-01,Sample tweet #AgriTech
TW8402,U8402,2023-12-04,Sample tweet #AgriTech
TW8403,U8403,2023-05-21,Sample tweet #DataSci
TW8404,U8404,2023-12-18,Sample tweet #DataSci
TW8405,U8405,2023-11-03,Sample tweet #AgriTech
TW8406,U8406,2023-02-15,Sample tweet #SQL
TW8407,U8407,2023-10-22,Sample tweet #Analytics
TW8408,U8408,2023-07-15,Sample tweet #AgriTech
TW8409,U8409,2023-12-06,Sample tweet #DataSci
TW8410,U8410,2023-01-12,Sample tweet #Analytics
TW8411,U8411,2023-01-17,Sample tweet #AgriTech
TW8412,U8412,2023-02-16,Sample tweet #SQL
TW8413,U8413,2023-10-07,Sample tweet #SQL
TW8414,U8414,2023-01-24,Sample tweet #Analytics
TW8415,U8415,2023-11-07,Sample tweet #AgriTech
TW8416,U8416,2023-06-04,Sample tweet #Analytics
TW8417,U8417,2023-05-02,Sample tweet #DataSci
TW8418,U8418,2023-02-23,Sample tweet #DataSci
TW8419,U8419,2023-07-20,Sample tweet #Analytics
TW8420,U8420,2023-01-21,Sample tweet #DataSci
TW8421,U8421,2023-09-11,Sample tweet #SQL
TW8422,U8422,2023-04-28,Sample tweet #AgriTech
TW8423,U8423,2023-04-19,Sample tweet #AgriTech
TW8424,U8424,2023-09-08,Sample tweet #AgriTech
TW8425,U8425,2023-02-02,Sample tweet #AgriTech
TW8426,U8426,2023-07-27,Sample tweet #Analytics
TW8427,U8427,2023-05-30,Sample tweet #DataSci
TW8428,U8428,2023-08-12,Sample tweet #Analytics
TW8429,U8429,2023-10-14,Sample tweet #SQL
TW8430,U8430,2023-08-16,Sample tweet #DataSci
TW8431,U8431,2023-09-27,Sample tweet #AgriTech
TW8432,U8432,2023-01-02,Sample tweet #DataSci
TW8433,U8433,2023-05-15,Sample tweet #DataSci
TW8434,U8434,2023-12-18,Sample tweet #SQL
TW8435,U8435,2023-07-08,Sample tweet #AgriTech
TW8436,U8436,2023-07-31,Sample tweet #SQL
TW8437,U8437,2023-09-22,Sample tweet #AgriTech
TW8438,U8438,2023-04-01,Sample tweet #Analytics
TW8439,U8439,2023-01-20,Sample tweet #SQL
TW8440,U8440,2023-03-25,Sample tweet #DataSci
TW8441,U8441,2023-06-28,Sample tweet #SQL
TW8442,U8442,2023-06-28,Sample tweet #DataSci
TW8443,U8443,2023-04-10,Sample tweet #Analytics
TW8444,U8444,2023-05-01,Sample tweet #DataSci
TW8445,U8445,2023-03-20,Sample tweet #DataSci
TW8446,U8446,2023-08-15,Sample tweet #Analytics
TW8447,U8447,2023-08-01,Sample tweet #DataSci
TW8448,U8448,2023-01-19,Sample tweet #DataSci
TW8449,U8449,2023-03-31,Sample tweet #AgriTech
TW8450,U8450,2023-05-19,Sample tweet #DataSci
TW8451,U8451,2023-05-12,Sample tweet #SQL
TW8452,U8452,2023-05-29,Sample tweet #Analytics
TW8453,U8453,2023-03-29,Sample tweet #SQL
TW8454,U8454,2023-03-16,Sample tweet #DataSci
TW8455,U8455,2023-09-20,Sample tweet #DataSci
TW8456,U8456,2023-08-10,Sample tweet #DataSci
TW8457,U8457,2023-08-06,Sample tweet #AgriTech
TW8458,U8458,2023-01-08,Sample tweet #Analytics
TW8459,U8459,2023-06-20,Sample tweet #SQL
TW8460,U8460,2023-02-09,Sample tweet #SQL
TW8461,U8461,2023-07-02,Sample tweet #AgriTech
TW8462,U8462,2023-12-18,Sample tweet #SQL
TW8463,U8463,2023-01-12,Sample tweet #SQL
TW8464,U8464,2023-10-23,Sample tweet #SQL
TW8465,U8465,2023-04-18,Sample tweet #AgriTech
TW8466,U8466,2023-04-17,Sample tweet #DataSci
TW8467,U8467,2023-05-10,Sample tweet #AgriTech
TW8468,U8468,2023-12-30,Sample tweet #DataSci
TW8469,U8469,2023-10-08,Sample tweet #AgriTech
TW8470,U8470,2023-11-22,Sample tweet #AgriTech
TW8471,U8471,2023-06-30,Sample tweet #DataSci
TW8472,U8472,2023-02-24,Sample tweet #SQL
TW8473,U8473,2023-06-19,Sample tweet #Analytics
TW8474,U8474,2023-04-08,Sample tweet #SQL
TW8475,U8475,2023-11-10,Sample tweet #AgriTech
TW8476,U8476,2023-02-10,Sample tweet #SQL
TW8477,U8477,2023-10-28,Sample tweet #DataSci
TW8478,U8478,2023-03-12,Sample tweet #Analytics
TW8479,U8479,2023-12-02,Sample tweet #SQL
TW8480,U8480,2023-08-18,Sample tweet #AgriTech
TW8481,U8481,2023-12-14,Sample tweet #Analytics
TW8482,U8482,2023-11-29,Sample tweet #DataSci
TW8483,U8483,2023-12-13,Sample tweet #AgriTech
TW8484,U8484,2023-12-03,Sample tweet #SQL
TW8485,U8485,2023-06-02,Sample tweet #Analytics
TW8486,U8486,2023-09-15,Sample tweet #AgriTech
TW8487,U8487,2023-10-07,Sample tweet #Analytics
TW8488,U8488,2023-12-24,Sample tweet #SQL
TW8489,U8489,2023-07-24,Sample tweet #AgriTech
TW8490,U8490,2023-11-17,Sample tweet #DataSci
TW8491,U8491,2023-09-07,Sample tweet #DataSci
TW8492,U8492,2023-07-09,Sample tweet #AgriTech
TW8493,U8493,2023-03-19,Sample tweet #AgriTech
TW8494,U8494,2023-06-19,Sample tweet #Analytics
TW8495,U8495,2023-01-16,Sample tweet #SQL
TW8496,U8496,2023-11-12,Sample tweet #AgriTech
TW8497,U8497,2023-09-29,Sample tweet #SQL
TW8498,U8498,2023-11-30,Sample tweet #DataSci
TW8499,U8499,2023-03-28,Sample tweet #Analytics
TW8500,U8500,2023-08-22,Sample tweet #AgriTech
TW8501,U8501,2023-11-11,Sample tweet #DataSci
TW8502,U8502,2023-10-06,Sample tweet #DataSci
TW8503,U8503,2023-12-30,Sample tweet #SQL
TW8504,U8504,2023-02-22,Sample tweet #DataSci
TW8505,U8505,2023-07-11,Sample tweet #SQL
TW8506,U8506,2023-11-17,Sample tweet #AgriTech
TW8507,U8507,2023-11-14,Sample tweet #SQL
TW8508,U8508,2023-12-24,Sample tweet #Analytics
TW8509,U8509,2023-06-12,Sample tweet #AgriTech
TW8510,U8510,2023-06-16,Sample tweet #AgriTech
TW8511,U8511,2023-10-29,Sample tweet #DataSci
TW8512,U8512,2023-02-02,Sample tweet #DataSci
TW8513,U8513,2023-11-27,Sample tweet #SQL
TW8514,U8514,2023-10-07,Sample tweet #Analytics
TW8515,U8515,2023-07-27,Sample tweet #Analytics
TW8516,U8516,2023-06-03,Sample tweet #DataSci
TW8517,U8517,2023-05-06,Sample tweet #Analytics
TW8518,U8518,2023-08-15,Sample tweet #SQL
TW8519,U8519,2023-02-13,Sample tweet #DataSci
TW8520,U8520,2023-03-01,Sample tweet #Analytics
TW8521,U8521,2023-02-13,Sample tweet #Analytics
TW8522,U8522,2023-07-05,Sample tweet #AgriTech
TW8523,U8523,2023-12-23,Sample tweet #DataSci
TW8524,U8524,2023-10-05,Sample tweet #Analytics
TW8525,U8525,2023-09-27,Sample tweet #Analytics
TW8526,U8526,2023-09-04,Sample tweet #Analytics
TW8527,U8527,2023-09-02,Sample tweet #DataSci
TW8528,U8528,2023-04-02,Sample tweet #DataSci
TW8529,U8529,2023-03-09,Sample tweet #DataSci
TW8530,U8530,2023-09-17,Sample tweet #DataSci
TW8531,U8531,2023-09-11,Sample tweet #SQL
TW8532,U8532,2023-08-16,Sample tweet #SQL
TW8533,U8533,2023-10-25,Sample tweet #AgriTech
TW8534,U8534,2023-04-12,Sample tweet #AgriTech
TW8535,U8535,2023-07-20,Sample tweet #SQL
TW8536,U8536,2023-12-19,Sample tweet #AgriTech
TW8537,U8537,2023-11-23,Sample tweet #SQL
TW8538,U8538,2023-11-11,Sample tweet #AgriTech
TW8539,U8539,2023-12-02,Sample tweet #Analytics
TW8540,U8540,2023-09-06,Sample tweet #SQL
TW8541,U8541,2023-07-31,Sample tweet #DataSci
TW8542,U8542,2023-05-26,Sample tweet #DataSci
TW8543,U8543,2023-02-02,Sample tweet #SQL
TW8544,U8544,2023-04-19,Sample tweet #Analytics
TW8545,U8545,2023-12-31,Sample tweet #AgriTech
TW8546,U8546,2023-05-17,Sample tweet #Analytics
TW8547,U8547,2023-04-24,Sample tweet #DataSci
TW8548,U8548,2023-03-08,Sample tweet #SQL
TW8549,U8549,2023-07-01,Sample tweet #Analytics
TW8550,U8550,2023-05-27,Sample tweet #AgriTech
TW8551,U8551,2023-05-26,Sample tweet #AgriTech
TW8552,U8552,2023-01-19,Sample tweet #SQL
TW8553,U8553,2023-12-30,Sample tweet #AgriTech
TW8554,U8554,2023-01-10,Sample tweet #AgriTech
TW8555,U8555,2023-02-17,Sample tweet #AgriTech
TW8556,U8556,2023-07-31,Sample tweet #SQL
TW8557,U8557,2023-08-29,Sample tweet #Analytics
TW8558,U8558,2023-06-13,Sample tweet #AgriTech
TW8559,U8559,2023-08-20,Sample tweet #Analytics
TW8560,U8560,2023-04-03,Sample tweet #SQL
TW8561,U8561,2023-10-21,Sample tweet #AgriTech
TW8562,U8562,2023-09-24,Sample tweet #AgriTech
TW8563,U8563,2023-01-08,Sample tweet #Analytics
TW8564,U8564,2023-02-19,Sample tweet #SQL
TW8565,U8565,2023-04-06,Sample tweet #DataSci
TW8566,U8566,2023-07-08,Sample tweet #SQL
TW8567,U8567,2023-04-21,Sample tweet #SQL
TW8568,U8568,2023-06-24,Sample tweet #SQL
TW8569,U8569,2023-10-16,Sample tweet #SQL
TW8570,U8570,2023-03-05,Sample tweet #Analytics
TW8571,U8571,2023-06-27,Sample tweet #Analytics
TW8572,U8572,2023-12-04,Sample tweet #SQL
TW8573,U8573,2023-09-16,Sample tweet #SQL
TW8574,U8574,2023-05-10,Sample tweet #AgriTech
TW8575,U8575,2023-06-13,Sample tweet #AgriTech
TW8576,U8576,2023-08-05,Sample tweet #AgriTech
TW8577,U8577,2023-06-28,Sample tweet #AgriTech
TW8578,U8578,2023-01-22,Sample tweet #Analytics
TW8579,U8579,2023-10-09,Sample tweet #SQL
TW8580,U8580,2023-03-22,Sample tweet #Analytics
TW8581,U8581,2023-10-23,Sample tweet #Analytics
TW8582,U8582,2023-06-29,Sample tweet #DataSci
TW8583,U8583,2023-02-27,Sample tweet #Analytics
TW8584,U8584,2023-02-27,Sample tweet #Analytics
TW8585,U8585,2023-03-14,Sample tweet #AgriTech
TW8586,U8586,2023-05-27,Sample tweet #AgriTech
TW8587,U8587,2023-03-12,Sample tweet #SQL
TW8588,U8588,2023-06-15,Sample tweet #AgriTech
TW8589,U8589,2023-12-12,Sample tweet #AgriTech
TW8590,U8590,2023-06-25,Sample tweet #AgriTech
TW8591,U8591,2023-02-28,Sample tweet #Analytics
TW8592,U8592,2023-01-23,Sample tweet #Analytics
TW8593,U8593,2023-10-18,Sample tweet #AgriTech
TW8594,U8594,2023-01-29,Sample tweet #DataSci
TW8595,U8595,2023-06-24,Sample tweet #AgriTech
TW8596,U8596,2023-03-09,Sample tweet #AgriTech
TW8597,U8597,2023-05-29,Sample tweet #SQL
TW8598,U8598,2023-10-11,Sample tweet #Analytics
TW8599,U8599,2023-09-07,Sample tweet #AgriTech
TW8600,U8600,2023-07-03,Sample tweet #SQL
TW8601,U8601,2023-07-07,Sample tweet #SQL
TW8602,U8602,2023-04-19,Sample tweet #Analytics
TW8603,U8603,2023-05-29,Sample tweet #SQL
TW8604,U8604,2023-12-11,Sample tweet #Analytics
TW8605,U8605,2023-03-20,Sample tweet #Analytics
TW8606,U8606,2023-10-16,Sample tweet #SQL
TW8607,U8607,2023-04-03,Sample tweet #Analytics
TW8608,U8608,2023-07-06,Sample tweet #Analytics
TW8609,U8609,2023-11-06,Sample tweet #AgriTech
TW8610,U8610,2023-07-25,Sample tweet #SQL
TW8611,U8611,2023-11-19,Sample tweet #DataSci
TW8612,U8612,2023-05-11,Sample tweet #SQL
TW8613,U8613,2023-01-08,Sample tweet #DataSci
TW8614,U8614,2023-02-08,Sample tweet #SQL
TW8615,U8615,2023-02-23,Sample tweet #SQL
TW8616,U8616,2023-09-05,Sample tweet #DataSci
TW8617,U8617,2023-09-14,Sample tweet #SQL
TW8618,U8618,2023-11-24,Sample tweet #AgriTech
TW8619,U8619,2023-02-22,Sample tweet #AgriTech
TW8620,U8620,2023-04-11,Sample tweet #AgriTech
TW8621,U8621,2023-03-26,Sample tweet #Analytics
TW8622,U8622,2023-11-27,Sample tweet #Analytics
TW8623,U8623,2023-05-18,Sample tweet #SQL
TW8624,U8624,2023-10-08,Sample tweet #SQL
TW8625,U8625,2023-04-10,Sample tweet #AgriTech
TW8626,U8626,2023-06-02,Sample tweet #AgriTech
TW8627,U8627,2023-04-22,Sample tweet #Analytics
TW8628,U8628,2023-10-11,Sample tweet #Analytics
TW8629,U8629,2023-05-04,Sample tweet #Analytics
TW8630,U8630,2023-01-05,Sample tweet #DataSci
TW8631,U8631,2023-05-11,Sample tweet #SQL
TW8632,U8632,2023-01-16,Sample tweet #SQL
TW8633,U8633,2023-08-25,Sample tweet #DataSci
TW8634,U8634,2023-03-31,Sample tweet #AgriTech
TW8635,U8635,2023-07-01,Sample tweet #SQL
TW8636,U8636,2023-12-26,Sample tweet #Analytics
TW8637,U8637,2023-01-11,Sample tweet #Analytics
TW8638,U8638,2023-03-14,Sample tweet #DataSci
TW8639,U8639,2023-08-22,Sample tweet #Analytics
TW8640,U8640,2023-08-09,Sample tweet #DataSci
TW8641,U8641,2023-10-15,Sample tweet #Analytics
TW8642,U8642,2023-12-30,Sample tweet #DataSci
TW8643,U8643,2023-05-10,Sample tweet #Analytics
TW8644,U8644,2023-12-04,Sample tweet #AgriTech
TW8645,U8645,2023-04-18,Sample tweet #SQL
TW8646,U8646,2023-08-16,Sample tweet #AgriTech
TW8647,U8647,2023-06-05,Sample tweet #Analytics
TW8648,U8648,2023-03-29,Sample tweet #DataSci
TW8649,U8649,2023-03-04,Sample tweet #Analytics
TW8650,U8650,2023-01-17,Sample tweet #SQL
TW8651,U8651,2023-03-05,Sample tweet #DataSci
TW8652,U8652,2023-08-19,Sample tweet #DataSci
TW8653,U8653,2023-12-31,Sample tweet #SQL
TW8654,U8654,2023-03-02,Sample tweet #DataSci
TW8655,U8655,2023-12-26,Sample tweet #SQL
TW8656,U8656,2023-09-16,Sample tweet #AgriTech
TW8657,U8657,2023-11-17,Sample tweet #Analytics
TW8658,U8658,2023-09-15,Sample tweet #AgriTech
TW8659,U8659,2023-01-11,Sample tweet #SQL
TW8660,U8660,2023-02-03,Sample tweet #Analytics
TW8661,U8661,2023-07-22,Sample tweet #AgriTech
TW8662,U8662,2023-07-28,Sample tweet #Analytics
TW8663,U8663,2023-02-24,Sample tweet #SQL
TW8664,U8664,2023-04-26,Sample tweet #DataSci
TW8665,U8665,2023-09-08,Sample tweet #DataSci
TW8666,U8666,2023-12-18,Sample tweet #AgriTech
TW8667,U8667,2023-03-05,Sample tweet #DataSci
TW8668,U8668,2023-02-13,Sample tweet #AgriTech
TW8669,U8669,2023-02-19,Sample tweet #DataSci
TW8670,U8670,2023-03-31,Sample tweet #SQL
TW8671,U8671,2023-04-18,Sample tweet #AgriTech
TW8672,U8672,2023-07-18,Sample tweet #Analytics
TW8673,U8673,2023-08-16,Sample tweet #DataSci
TW8674,U8674,2023-07-20,Sample tweet #SQL
TW8675,U8675,2023-12-05,Sample tweet #Analytics
TW8676,U8676,2023-01-06,Sample tweet #Analytics
TW8677,U8677,2023-07-27,Sample tweet #AgriTech
TW8678,U8678,2023-09-17,Sample tweet #Analytics
TW8679,U8679,2023-03-08,Sample tweet #Analytics
TW8680,U8680,2023-12-03,Sample tweet #SQL
TW8681,U8681,2023-03-20,Sample tweet #AgriTech
TW8682,U8682,2023-02-05,Sample tweet #AgriTech
TW8683,U8683,2023-12-21,Sample tweet #Analytics
TW8684,U8684,2023-06-23,Sample tweet #Analytics
TW8685,U8685,2023-08-28,Sample tweet #SQL
TW8686,U8686,2023-11-11,Sample tweet #Analytics
TW8687,U8687,2023-02-05,Sample tweet #DataSci
TW8688,U8688,2023-07-29,Sample tweet #DataSci
TW8689,U8689,2023-07-23,Sample tweet #AgriTech
TW8690,U8690,2023-03-15,Sample tweet #SQL
TW8691,U8691,2023-07-20,Sample tweet #SQL
TW8692,U8692,2023-02-23,Sample tweet #SQL
TW8693,U8693,2023-01-10,Sample tweet #DataSci
TW8694,U8694,2023-11-24,Sample tweet #SQL
TW8695,U8695,2023-03-21,Sample tweet #Analytics
TW8696,U8696,2023-06-18,Sample tweet #AgriTech
TW8697,U8697,2023-12-23,Sample tweet #AgriTech
TW8698,U8698,2023-02-28,Sample tweet #Analytics
TW8699,U8699,2023-10-31,Sample tweet #Analytics
TW8700,U8700,2023-08-29,Sample tweet #DataSci
TW8701,U8701,2023-10-03,Sample tweet #Analytics
TW8702,U8702,2023-02-25,Sample tweet #AgriTech
TW8703,U8703,2023-12-15,Sample tweet #Analytics
TW8704,U8704,2023-02-25,Sample tweet #AgriTech
TW8705,U8705,2023-07-16,Sample tweet #SQL
TW8706,U8706,2023-03-09,Sample tweet #SQL
TW8707,U8707,2023-04-17,Sample tweet #SQL
TW8708,U8708,2023-03-26,Sample tweet #AgriTech
TW8709,U8709,2023-02-20,Sample tweet #AgriTech
TW8710,U8710,2023-01-10,Sample tweet #Analytics
TW8711,U8711,2023-06-11,Sample tweet #AgriTech
TW8712,U8712,2023-10-28,Sample tweet #AgriTech
TW8713,U8713,2023-06-06,Sample tweet #SQL
TW8714,U8714,2023-09-21,Sample tweet #SQL
TW8715,U8715,2023-12-20,Sample tweet #SQL
TW8716,U8716,2023-09-11,Sample tweet #SQL
TW8717,U8717,2023-12-13,Sample tweet #Analytics
TW8718,U8718,2023-02-26,Sample tweet #SQL
TW8719,U8719,2023-04-17,Sample tweet #DataSci
TW8720,U8720,2023-08-18,Sample tweet #Analytics
TW8721,U8721,2023-07-28,Sample tweet #AgriTech
TW8722,U8722,2023-02-11,Sample tweet #SQL
TW8723,U8723,2023-12-03,Sample tweet #DataSci
TW8724,U8724,2023-03-06,Sample tweet #SQL
TW8725,U8725,2023-05-23,Sample tweet #Analytics
TW8726,U8726,2023-10-15,Sample tweet #AgriTech
TW8727,U8727,2023-05-04,Sample tweet #DataSci
TW8728,U8728,2023-12-15,Sample tweet #AgriTech
TW8729,U8729,2023-10-03,Sample tweet #AgriTech
TW8730,U8730,2023-07-29,Sample tweet #AgriTech
TW8731,U8731,2023-09-10,Sample tweet #Analytics
TW8732,U8732,2023-12-22,Sample tweet #AgriTech
TW8733,U8733,2023-03-19,Sample tweet #DataSci
TW8734,U8734,2023-04-04,Sample tweet #SQL
TW8735,U8735,2023-02-03,Sample tweet #Analytics
TW8736,U8736,2023-08-11,Sample tweet #Analytics
TW8737,U8737,2023-11-20,Sample tweet #Analytics
TW8738,U8738,2023-02-19,Sample tweet #Analytics
TW8739,U8739,2023-07-02,Sample tweet #Analytics
TW8740,U8740,2024-01-01,Sample tweet #DataSci
TW8741,U8741,2023-12-03,Sample tweet #DataSci
TW8742,U8742,2023-01-16,Sample tweet #Analytics
TW8743,U8743,2023-10-05,Sample tweet #SQL
TW8744,U8744,2023-11-09,Sample tweet #Analytics
TW8745,U8745,2023-08-18,Sample tweet #AgriTech
TW8746,U8746,2023-04-22,Sample tweet #AgriTech
TW8747,U8747,2023-07-06,Sample tweet #SQL
TW8748,U8748,2023-04-24,Sample tweet #SQL
TW8749,U8749,2023-10-15,Sample tweet #AgriTech
TW8750,U8750,2023-09-13,Sample tweet #DataSci
TW8751,U8751,2023-09-19,Sample tweet #DataSci
TW8752,U8752,2023-05-10,Sample tweet #Analytics
TW8753,U8753,2023-03-24,Sample tweet #SQL
TW8754,U8754,2023-06-27,Sample tweet #Analytics
TW8755,U8755,2023-05-29,Sample tweet #SQL
TW8756,U8756,2023-08-27,Sample tweet #DataSci
TW8757,U8757,2023-05-16,Sample tweet #Analytics
TW8758,U8758,2023-04-14,Sample tweet #AgriTech
TW8759,U8759,2023-06-21,Sample tweet #Analytics
TW8760,U8760,2023-12-11,Sample tweet #AgriTech
TW8761,U8761,2023-03-10,Sample tweet #Analytics
TW8762,U8762,2023-06-06,Sample tweet #DataSci
TW8763,U8763,2023-01-09,Sample tweet #SQL
TW8764,U8764,2023-09-05,Sample tweet #AgriTech
TW8765,U8765,2023-03-30,Sample tweet #AgriTech
TW8766,U8766,2023-02-15,Sample tweet #Analytics
TW8767,U8767,2023-10-25,Sample tweet #Analytics
TW8768,U8768,2023-08-08,Sample tweet #AgriTech
TW8769,U8769,2023-09-15,Sample tweet #DataSci
TW8770,U8770,2023-09-04,Sample tweet #SQL
TW8771,U8771,2023-03-15,Sample tweet #SQL
TW8772,U8772,2023-09-15,Sample tweet #Analytics
TW8773,U8773,2023-12-03,Sample tweet #SQL
TW8774,U8774,2023-04-06,Sample tweet #SQL
TW8775,U8775,2023-08-18,Sample tweet #AgriTech
TW8776,U8776,2023-06-30,Sample tweet #SQL
TW8777,U8777,2023-02-18,Sample tweet #DataSci
TW8778,U8778,2023-01-16,Sample tweet #Analytics
TW8779,U8779,2023-04-23,Sample tweet #AgriTech
TW8780,U8780,2023-07-09,Sample tweet #AgriTech
TW8781,U8781,2023-09-11,Sample tweet #AgriTech
TW8782,U8782,2023-11-02,Sample tweet #Analytics
TW8783,U8783,2023-12-10,Sample tweet #SQL
TW8784,U8784,2023-03-03,Sample tweet #DataSci
TW8785,U8785,2023-09-14,Sample tweet #Analytics
TW8786,U8786,2023-03-14,Sample tweet #DataSci
TW8787,U8787,2023-02-06,Sample tweet #DataSci
TW8788,U8788,2023-06-21,Sample tweet #Analytics
TW8789,U8789,2023-03-08,Sample tweet #SQL
TW8790,U8790,2023-10-21,Sample tweet #SQL
TW8791,U8791,2023-11-15,Sample tweet #AgriTech
TW8792,U8792,2023-09-01,Sample tweet #DataSci
TW8793,U8793,2023-07-13,Sample tweet #Analytics
TW8794,U8794,2023-04-28,Sample tweet #AgriTech
TW8795,U8795,2023-11-25,Sample tweet #AgriTech
TW8796,U8796,2023-02-25,Sample tweet #DataSci
TW8797,U8797,2023-06-21,Sample tweet #SQL
TW8798,U8798,2023-04-12,Sample tweet #AgriTech
TW8799,U8799,2023-12-06,Sample tweet #DataSci
TW8800,U8800,2023-03-20,Sample tweet #Analytics
TW8801,U8801,2023-01-06,Sample tweet #Analytics
TW8802,U8802,2023-07-23,Sample tweet #DataSci
TW8803,U8803,2023-03-11,Sample tweet #SQL
TW8804,U8804,2023-05-21,Sample tweet #DataSci
TW8805,U8805,2023-04-16,Sample tweet #SQL
TW8806,U8806,2023-03-18,Sample tweet #DataSci
TW8807,U8807,2023-10-12,Sample tweet #SQL
TW8808,U8808,2023-10-05,Sample tweet #AgriTech
TW8809,U8809,2023-03-02,Sample tweet #AgriTech
TW8810,U8810,2023-03-16,Sample tweet #AgriTech
TW8811,U8811,2023-03-11,Sample tweet #DataSci
TW8812,U8812,2023-09-09,Sample tweet #AgriTech
TW8813,U8813,2023-04-16,Sample tweet #AgriTech
TW8814,U8814,2023-08-04,Sample tweet #AgriTech
TW8815,U8815,2023-08-02,Sample tweet #AgriTech
TW8816,U8816,2023-11-02,Sample tweet #AgriTech
TW8817,U8817,2023-09-29,Sample tweet #Analytics
TW8818,U8818,2023-09-26,Sample tweet #AgriTech
TW8819,U8819,2023-06-06,Sample tweet #AgriTech
TW8820,U8820,2023-10-16,Sample tweet #DataSci
TW8821,U8821,2023-05-27,Sample tweet #SQL
TW8822,U8822,2023-07-13,Sample tweet #SQL
TW8823,U8823,2023-04-12,Sample tweet #AgriTech
TW8824,U8824,2023-12-05,Sample tweet #DataSci
TW8825,U8825,2023-06-25,Sample tweet #DataSci
TW8826,U8826,2023-12-18,Sample tweet #AgriTech
TW8827,U8827,2023-11-10,Sample tweet #DataSci
TW8828,U8828,2023-05-24,Sample tweet #DataSci
TW8829,U8829,2023-10-02,Sample tweet #DataSci
TW8830,U8830,2023-05-31,Sample tweet #SQL
TW8831,U8831,2023-09-20,Sample tweet #AgriTech
TW8832,U8832,2023-10-14,Sample tweet #AgriTech
TW8833,U8833,2023-09-14,Sample tweet #Analytics
TW8834,U8834,2023-09-29,Sample tweet #Analytics
TW8835,U8835,2023-07-16,Sample tweet #SQL
TW8836,U8836,2023-01-24,Sample tweet #AgriTech
TW8837,U8837,2023-12-02,Sample tweet #Analytics
TW8838,U8838,2023-02-04,Sample tweet #Analytics
TW8839,U8839,2023-06-18,Sample tweet #AgriTech
TW8840,U8840,2023-11-28,Sample tweet #AgriTech
TW8841,U8841,2023-01-06,Sample tweet #DataSci
TW8842,U8842,2023-12-27,Sample tweet #Analytics
TW8843,U8843,2023-07-11,Sample tweet #SQL
TW8844,U8844,2023-07-09,Sample tweet #DataSci
TW8845,U8845,2023-07-23,Sample tweet #AgriTech
TW8846,U8846,2023-01-03,Sample tweet #DataSci
TW8847,U8847,2023-08-11,Sample tweet #DataSci
TW8848,U8848,2023-05-24,Sample tweet #Analytics
TW8849,U8849,2023-09-01,Sample tweet #AgriTech
TW8850,U8850,2023-04-15,Sample tweet #SQL
TW8851,U8851,2023-02-24,Sample tweet #SQL
TW8852,U8852,2023-01-24,Sample tweet #Analytics
TW8853,U8853,2023-01-07,Sample tweet #AgriTech
TW8854,U8854,2023-04-25,Sample tweet #SQL
TW8855,U8855,2023-12-07,Sample tweet #AgriTech
TW8856,U8856,2023-02-20,Sample tweet #DataSci
TW8857,U8857,2023-09-23,Sample tweet #AgriTech
TW8858,U8858,2023-01-10,Sample tweet #DataSci
TW8859,U8859,2023-07-23,Sample tweet #Analytics
TW8860,U8860,2023-10-19,Sample tweet #AgriTech
TW8861,U8861,2023-07-18,Sample tweet #DataSci
TW8862,U8862,2023-08-18,Sample tweet #Analytics
TW8863,U8863,2023-01-16,Sample tweet #DataSci
TW8864,U8864,2023-03-10,Sample tweet #AgriTech
TW8865,U8865,2023-11-06,Sample tweet #Analytics
TW8866,U8866,2023-11-16,Sample tweet #SQL
TW8867,U8867,2023-02-26,Sample tweet #AgriTech
TW8868,U8868,2023-11-19,Sample tweet #AgriTech
TW8869,U8869,2023-07-25,Sample tweet #SQL
TW8870,U8870,2023-09-23,Sample tweet #AgriTech
TW8871,U8871,2023-08-20,Sample tweet #Analytics
TW8872,U8872,2023-12-19,Sample tweet #AgriTech
TW8873,U8873,2023-01-30,Sample tweet #Analytics
TW8874,U8874,2023-06-15,Sample tweet #Analytics
TW8875,U8875,2023-05-02,Sample tweet #DataSci
TW8876,U8876,2023-05-04,Sample tweet #SQL
TW8877,U8877,2023-01-16,Sample tweet #SQL
TW8878,U8878,2023-12-10,Sample tweet #DataSci
TW8879,U8879,2023-05-24,Sample tweet #SQL
TW8880,U8880,2023-06-30,Sample tweet #DataSci
TW8881,U8881,2023-01-27,Sample tweet #SQL
TW8882,U8882,2023-07-25,Sample tweet #Analytics
TW8883,U8883,2023-08-01,Sample tweet #SQL
TW8884,U8884,2023-08-03,Sample tweet #AgriTech
TW8885,U8885,2023-05-01,Sample tweet #AgriTech
TW8886,U8886,2023-04-06,Sample tweet #AgriTech
TW8887,U8887,2023-06-08,Sample tweet #DataSci
TW8888,U8888,2023-05-02,Sample tweet #SQL
TW8889,U8889,2023-01-31,Sample tweet #DataSci
TW8890,U8890,2023-05-02,Sample tweet #DataSci
TW8891,U8891,2023-12-11,Sample tweet #Analytics
TW8892,U8892,2023-10-07,Sample tweet #Analytics
TW8893,U8893,2023-11-17,Sample tweet #AgriTech
TW8894,U8894,2023-11-02,Sample tweet #Analytics
TW8895,U8895,2023-04-15,Sample tweet #DataSci
TW8896,U8896,2023-09-07,Sample tweet #DataSci
TW8897,U8897,2023-12-25,Sample tweet #AgriTech
TW8898,U8898,2023-03-31,Sample tweet #SQL
TW8899,U8899,2023-01-13,Sample tweet #Analytics
TW8900,U8900,2023-09-08,Sample tweet #DataSci
TW8901,U8901,2023-05-20,Sample tweet #AgriTech
TW8902,U8902,2023-02-07,Sample tweet #AgriTech
TW8903,U8903,2023-10-10,Sample tweet #AgriTech
TW8904,U8904,2023-04-25,Sample tweet #AgriTech
TW8905,U8905,2023-02-28,Sample tweet #SQL
TW8906,U8906,2023-08-12,Sample tweet #Analytics
TW8907,U8907,2023-07-04,Sample tweet #AgriTech
TW8908,U8908,2023-05-27,Sample tweet #SQL
TW8909,U8909,2023-01-13,Sample tweet #DataSci
TW8910,U8910,2023-01-15,Sample tweet #AgriTech
TW8911,U8911,2023-02-09,Sample tweet #Analytics
TW8912,U8912,2023-12-28,Sample tweet #AgriTech
TW8913,U8913,2023-03-22,Sample tweet #AgriTech
TW8914,U8914,2023-09-03,Sample tweet #AgriTech
TW8915,U8915,2023-03-10,Sample tweet #DataSci
TW8916,U8916,2023-02-20,Sample tweet #DataSci
TW8917,U8917,2023-11-15,Sample tweet #SQL
TW8918,U8918,2023-05-28,Sample tweet #DataSci
TW8919,U8919,2023-03-24,Sample tweet #DataSci
TW8920,U8920,2023-01-03,Sample tweet #SQL
TW8921,U8921,2023-05-16,Sample tweet #AgriTech
TW8922,U8922,2023-01-23,Sample tweet #DataSci
TW8923,U8923,2023-11-20,Sample tweet #SQL
TW8924,U8924,2023-11-26,Sample tweet #AgriTech
TW8925,U8925,2023-03-01,Sample tweet #DataSci
TW8926,U8926,2023-07-14,Sample tweet #SQL
TW8927,U8927,2023-08-07,Sample tweet #Analytics
TW8928,U8928,2023-01-07,Sample tweet #Analytics
TW8929,U8929,2023-04-19,Sample tweet #Analytics
TW8930,U8930,2023-03-18,Sample tweet #AgriTech
TW8931,U8931,2023-06-22,Sample tweet #AgriTech
TW8932,U8932,2023-10-08,Sample tweet #Analytics
TW8933,U8933,2023-09-15,Sample tweet #SQL
TW8934,U8934,2023-07-17,Sample tweet #DataSci
TW8935,U8935,2023-11-19,Sample tweet #Analytics
TW8936,U8936,2023-05-28,Sample tweet #Analytics
TW8937,U8937,2023-07-30,Sample tweet #DataSci
TW8938,U8938,2023-01-18,Sample tweet #DataSci
TW8939,U8939,2023-10-25,Sample tweet #AgriTech
TW8940,U8940,2023-09-14,Sample tweet #DataSci
TW8941,U8941,2023-08-26,Sample tweet #AgriTech
TW8942,U8942,2023-06-16,Sample tweet #SQL
TW8943,U8943,2023-10-02,Sample tweet #DataSci
TW8944,U8944,2023-06-11,Sample tweet #Analytics
TW8945,U8945,2023-11-06,Sample tweet #DataSci
TW8946,U8946,2023-08-02,Sample tweet #SQL
TW8947,U8947,2023-12-07,Sample tweet #Analytics
TW8948,U8948,2023-07-30,Sample tweet #AgriTech
TW8949,U8949,2023-04-18,Sample tweet #SQL
TW8950,U8950,2023-12-24,Sample tweet #SQL
TW8951,U8951,2023-08-25,Sample tweet #SQL
TW8952,U8952,2023-10-23,Sample tweet #SQL
TW8953,U8953,2023-10-04,Sample tweet #AgriTech
TW8954,U8954,2023-01-10,Sample tweet #SQL
TW8955,U8955,2023-12-22,Sample tweet #AgriTech
TW8956,U8956,2023-01-30,Sample tweet #Analytics
TW8957,U8957,2023-05-18,Sample tweet #DataSci
TW8958,U8958,2023-08-19,Sample tweet #Analytics
TW8959,U8959,2023-12-04,Sample tweet #SQL
TW8960,U8960,2023-05-11,Sample tweet #Analytics
TW8961,U8961,2023-04-23,Sample tweet #DataSci
TW8962,U8962,2023-10-05,Sample tweet #DataSci
TW8963,U8963,2023-07-01,Sample tweet #Analytics
TW8964,U8964,2023-09-18,Sample tweet #Analytics
TW8965,U8965,2023-07-16,Sample tweet #SQL
TW8966,U8966,2023-12-23,Sample tweet #DataSci
TW8967,U8967,2023-11-10,Sample tweet #Analytics
TW8968,U8968,2023-08-21,Sample tweet #SQL
TW8969,U8969,2023-08-26,Sample tweet #SQL
TW8970,U8970,2023-09-21,Sample tweet #Analytics
TW8971,U8971,2023-01-22,Sample tweet #SQL
TW8972,U8972,2023-09-12,Sample tweet #Analytics
TW8973,U8973,2023-02-26,Sample tweet #AgriTech
TW8974,U8974,2023-08-09,Sample tweet #AgriTech
TW8975,U8975,2023-10-10,Sample tweet #SQL
TW8976,U8976,2023-05-20,Sample tweet #SQL
TW8977,U8977,2023-08-09,Sample tweet #SQL
TW8978,U8978,2023-11-07,Sample tweet #Analytics
TW8979,U8979,2023-09-02,Sample tweet #DataSci
TW8980,U8980,2023-12-27,Sample tweet #DataSci
TW8981,U8981,2023-01-11,Sample tweet #SQL
TW8982,U8982,2023-07-15,Sample tweet #SQL
TW8983,U8983,2023-07-29,Sample tweet #SQL
TW8984,U8984,2023-09-17,Sample tweet #Analytics
TW8985,U8985,2023-11-11,Sample tweet #Analytics
TW8986,U8986,2023-08-26,Sample tweet #SQL
TW8987,U8987,2023-02-15,Sample tweet #AgriTech
TW8988,U8988,2023-06-23,Sample tweet #AgriTech
TW8989,U8989,2023-09-19,Sample tweet #DataSci
TW8990,U8990,2023-06-03,Sample tweet #AgriTech
TW8991,U8991,2023-04-10,Sample tweet #DataSci
TW8992,U8992,2023-05-06,Sample tweet #AgriTech
TW8993,U8993,2023-02-17,Sample tweet #SQL
TW8994,U8994,2023-05-24,Sample tweet #AgriTech
TW8995,U8995,2023-06-29,Sample tweet #AgriTech
TW8996,U8996,2023-02-22,Sample tweet #Analytics
TW8997,U8997,2023-09-30,Sample tweet #DataSci
TW8998,U8998,2023-04-12,Sample tweet #Analytics
TW8999,U8999,2023-05-07,Sample tweet #DataSci
TW9000,U9000,2023-02-27,Sample tweet #DataSci
TW9001,U9001,2023-03-24,Sample tweet #AgriTech
TW9002,U9002,2023-10-26,Sample tweet #AgriTech
TW9003,U9003,2023-09-20,Sample tweet #Analytics
TW9004,U9004,2023-08-21,Sample tweet #DataSci
TW9005,U9005,2023-01-04,Sample tweet #DataSci
TW9006,U9006,2023-07-17,Sample tweet #Analytics
TW9007,U9007,2023-08-31,Sample tweet #DataSci
TW9008,U9008,2023-11-06,Sample tweet #SQL
TW9009,U9009,2023-03-23,Sample tweet #Analytics
TW9010,U9010,2023-09-13,Sample tweet #DataSci
TW9011,U9011,2023-05-26,Sample tweet #Analytics
TW9012,U9012,2023-04-05,Sample tweet #AgriTech
TW9013,U9013,2023-02-24,Sample tweet #Analytics
TW9014,U9014,2023-07-09,Sample tweet #SQL
TW9015,U9015,2023-01-12,Sample tweet #DataSci
TW9016,U9016,2023-07-23,Sample tweet #AgriTech
TW9017,U9017,2023-04-19,Sample tweet #SQL
TW9018,U9018,2023-08-23,Sample tweet #SQL
TW9019,U9019,2023-06-27,Sample tweet #AgriTech
TW9020,U9020,2023-04-28,Sample tweet #Analytics
TW9021,U9021,2023-10-08,Sample tweet #DataSci
TW9022,U9022,2023-03-19,Sample tweet #DataSci
TW9023,U9023,2023-09-16,Sample tweet #Analytics
TW9024,U9024,2023-09-04,Sample tweet #AgriTech
TW9025,U9025,2023-10-02,Sample tweet #Analytics
TW9026,U9026,2023-07-18,Sample tweet #SQL
TW9027,U9027,2023-05-06,Sample tweet #DataSci
TW9028,U9028,2023-01-06,Sample tweet #Analytics
TW9029,U9029,2023-08-18,Sample tweet #Analytics
TW9030,U9030,2023-10-24,Sample tweet #DataSci
TW9031,U9031,2023-09-02,Sample tweet #Analytics
TW9032,U9032,2023-10-11,Sample tweet #AgriTech
TW9033,U9033,2023-04-26,Sample tweet #DataSci
TW9034,U9034,2023-06-14,Sample tweet #AgriTech
TW9035,U9035,2023-03-31,Sample tweet #Analytics
TW9036,U9036,2023-07-16,Sample tweet #Analytics
TW9037,U9037,2023-02-03,Sample tweet #DataSci
TW9038,U9038,2023-07-03,Sample tweet #AgriTech
TW9039,U9039,2023-02-13,Sample tweet #Analytics
TW9040,U9040,2023-10-19,Sample tweet #SQL
TW9041,U9041,2023-06-21,Sample tweet #Analytics
TW9042,U9042,2023-10-03,Sample tweet #Analytics
TW9043,U9043,2023-05-12,Sample tweet #DataSci
TW9044,U9044,2023-01-28,Sample tweet #SQL
TW9045,U9045,2023-10-09,Sample tweet #DataSci
TW9046,U9046,2023-02-10,Sample tweet #SQL
TW9047,U9047,2023-05-06,Sample tweet #DataSci
TW9048,U9048,2023-07-17,Sample tweet #DataSci
TW9049,U9049,2023-11-06,Sample tweet #DataSci
TW9050,U9050,2023-10-24,Sample tweet #Analytics
TW9051,U9051,2023-02-27,Sample tweet #AgriTech
TW9052,U9052,2023-09-11,Sample tweet #AgriTech
TW9053,U9053,2023-04-03,Sample tweet #Analytics
TW9054,U9054,2023-01-20,Sample tweet #DataSci
TW9055,U9055,2023-03-16,Sample tweet #Analytics
TW9056,U9056,2023-09-20,Sample tweet #AgriTech
TW9057,U9057,2023-09-09,Sample tweet #SQL
TW9058,U9058,2023-04-26,Sample tweet #DataSci
TW9059,U9059,2023-10-20,Sample tweet #DataSci
TW9060,U9060,2023-11-20,Sample tweet #AgriTech
TW9061,U9061,2023-10-05,Sample tweet #SQL
TW9062,U9062,2023-07-23,Sample tweet #SQL
TW9063,U9063,2023-10-17,Sample tweet #Analytics
TW9064,U9064,2023-03-30,Sample tweet #Analytics
TW9065,U9065,2023-09-06,Sample tweet #DataSci
TW9066,U9066,2023-02-20,Sample tweet #SQL
TW9067,U9067,2023-09-02,Sample tweet #DataSci
TW9068,U9068,2023-02-17,Sample tweet #SQL
TW9069,U9069,2023-04-17,Sample tweet #DataSci
TW9070,U9070,2023-05-30,Sample tweet #DataSci
TW9071,U9071,2023-11-26,Sample tweet #AgriTech
TW9072,U9072,2023-09-23,Sample tweet #AgriTech
TW9073,U9073,2023-11-27,Sample tweet #DataSci
TW9074,U9074,2023-05-11,Sample tweet #AgriTech
TW9075,U9075,2023-03-20,Sample tweet #SQL
TW9076,U9076,2023-04-16,Sample tweet #AgriTech
TW9077,U9077,2023-03-24,Sample tweet #AgriTech
TW9078,U9078,2023-06-20,Sample tweet #AgriTech
TW9079,U9079,2023-08-27,Sample tweet #AgriTech
TW9080,U9080,2023-04-14,Sample tweet #AgriTech
TW9081,U9081,2023-06-24,Sample tweet #SQL
TW9082,U9082,2023-08-17,Sample tweet #DataSci
TW9083,U9083,2023-09-12,Sample tweet #SQL
TW9084,U9084,2023-02-15,Sample tweet #Analytics
TW9085,U9085,2023-12-14,Sample tweet #Analytics
TW9086,U9086,2023-11-02,Sample tweet #Analytics
TW9087,U9087,2023-02-16,Sample tweet #AgriTech
TW9088,U9088,2023-07-16,Sample tweet #AgriTech
TW9089,U9089,2023-10-27,Sample tweet #SQL
TW9090,U9090,2023-01-26,Sample tweet #SQL
TW9091,U9091,2023-01-10,Sample tweet #AgriTech
TW9092,U9092,2023-09-08,Sample tweet #SQL
TW9093,U9093,2023-08-27,Sample tweet #Analytics
TW9094,U9094,2023-08-26,Sample tweet #Analytics
TW9095,U9095,2023-07-19,Sample tweet #DataSci
TW9096,U9096,2023-06-05,Sample tweet #Analytics
TW9097,U9097,2023-04-26,Sample tweet #AgriTech
TW9098,U9098,2023-01-26,Sample tweet #DataSci
TW9099,U9099,2023-03-10,Sample tweet #DataSci
TW9100,U9100,2023-12-01,Sample tweet #SQL
TW9101,U9101,2023-10-19,Sample tweet #Analytics
TW9102,U9102,2023-12-21,Sample tweet #DataSci
TW9103,U9103,2023-07-06,Sample tweet #AgriTech
TW9104,U9104,2023-12-04,Sample tweet #DataSci
TW9105,U9105,2023-03-29,Sample tweet #Analytics
TW9106,U9106,2023-01-03,Sample tweet #SQL
TW9107,U9107,2023-02-28,Sample tweet #SQL
TW9108,U9108,2023-12-11,Sample tweet #AgriTech
TW9109,U9109,2023-03-23,Sample tweet #AgriTech
TW9110,U9110,2023-03-28,Sample tweet #Analytics
TW9111,U9111,2023-07-01,Sample tweet #AgriTech
TW9112,U9112,2023-11-12,Sample tweet #SQL
TW9113,U9113,2023-04-11,Sample tweet #DataSci
TW9114,U9114,2023-08-20,Sample tweet #SQL
TW9115,U9115,2024-01-01,Sample tweet #Analytics
TW9116,U9116,2023-10-27,Sample tweet #DataSci
TW9117,U9117,2023-04-03,Sample tweet #Analytics
TW9118,U9118,2023-04-22,Sample tweet #SQL
TW9119,U9119,2023-08-15,Sample tweet #SQL
TW9120,U9120,2023-05-26,Sample tweet #AgriTech
TW9121,U9121,2023-10-07,Sample tweet #SQL
TW9122,U9122,2023-09-08,Sample tweet #Analytics
TW9123,U9123,2023-07-26,Sample tweet #DataSci
TW9124,U9124,2023-11-24,Sample tweet #Analytics
TW9125,U9125,2023-04-20,Sample tweet #DataSci
TW9126,U9126,2023-08-03,Sample tweet #SQL
TW9127,U9127,2023-01-10,Sample tweet #AgriTech
TW9128,U9128,2023-03-24,Sample tweet #SQL
TW9129,U9129,2023-02-15,Sample tweet #SQL
TW9130,U9130,2023-04-05,Sample tweet #DataSci
TW9131,U9131,2023-09-20,Sample tweet #AgriTech
TW9132,U9132,2023-09-19,Sample tweet #Analytics
TW9133,U9133,2023-12-31,Sample tweet #AgriTech
TW9134,U9134,2023-10-17,Sample tweet #AgriTech
TW9135,U9135,2023-04-29,Sample tweet #DataSci
TW9136,U9136,2023-11-09,Sample tweet #DataSci
TW9137,U9137,2023-01-24,Sample tweet #SQL
TW9138,U9138,2023-05-12,Sample tweet #DataSci
TW9139,U9139,2023-08-05,Sample tweet #AgriTech
TW9140,U9140,2023-09-15,Sample tweet #Analytics
TW9141,U9141,2023-01-29,Sample tweet #DataSci
TW9142,U9142,2023-09-04,Sample tweet #DataSci
TW9143,U9143,2023-07-31,Sample tweet #AgriTech
TW9144,U9144,2023-03-21,Sample tweet #Analytics
TW9145,U9145,2023-10-26,Sample tweet #AgriTech
TW9146,U9146,2023-03-13,Sample tweet #SQL
TW9147,U9147,2023-11-07,Sample tweet #SQL
TW9148,U9148,2023-01-06,Sample tweet #Analytics
TW9149,U9149,2023-05-06,Sample tweet #DataSci
TW9150,U9150,2023-05-08,Sample tweet #DataSci
TW9151,U9151,2023-06-26,Sample tweet #SQL
TW9152,U9152,2023-11-08,Sample tweet #SQL
TW9153,U9153,2023-01-13,Sample tweet #Analytics
TW9154,U9154,2023-09-14,Sample tweet #DataSci
TW9155,U9155,2023-12-13,Sample tweet #DataSci
TW9156,U9156,2023-08-07,Sample tweet #DataSci
TW9157,U9157,2023-05-03,Sample tweet #Analytics
TW9158,U9158,2023-06-10,Sample tweet #DataSci
TW9159,U9159,2023-01-23,Sample tweet #Analytics
TW9160,U9160,2023-10-12,Sample tweet #SQL
TW9161,U9161,2023-03-22,Sample tweet #Analytics
TW9162,U9162,2023-11-02,Sample tweet #AgriTech
TW9163,U9163,2023-01-05,Sample tweet #DataSci
TW9164,U9164,2023-02-08,Sample tweet #AgriTech
TW9165,U9165,2023-07-22,Sample tweet #DataSci
TW9166,U9166,2023-10-18,Sample tweet #Analytics
TW9167,U9167,2023-12-21,Sample tweet #AgriTech
TW9168,U9168,2023-06-09,Sample tweet #DataSci
TW9169,U9169,2023-07-12,Sample tweet #DataSci
TW9170,U9170,2023-02-11,Sample tweet #AgriTech
TW9171,U9171,2023-11-16,Sample tweet #Analytics
TW9172,U9172,2023-04-22,Sample tweet #DataSci
TW9173,U9173,2023-01-27,Sample tweet #DataSci
TW9174,U9174,2023-05-09,Sample tweet #AgriTech
TW9175,U9175,2023-01-10,Sample tweet #Analytics
TW9176,U9176,2023-09-15,Sample tweet #AgriTech
TW9177,U9177,2023-06-08,Sample tweet #DataSci
TW9178,U9178,2023-08-14,Sample tweet #DataSci
TW9179,U9179,2023-04-10,Sample tweet #SQL
TW9180,U9180,2023-06-17,Sample tweet #AgriTech
TW9181,U9181,2023-05-14,Sample tweet #DataSci
TW9182,U9182,2023-10-03,Sample tweet #DataSci
TW9183,U9183,2024-01-01,Sample tweet #Analytics
TW9184,U9184,2023-04-26,Sample tweet #Analytics
TW9185,U9185,2023-09-06,Sample tweet #AgriTech
TW9186,U9186,2023-03-19,Sample tweet #SQL
TW9187,U9187,2023-07-02,Sample tweet #AgriTech
TW9188,U9188,2023-09-15,Sample tweet #Analytics
TW9189,U9189,2023-10-26,Sample tweet #DataSci
TW9190,U9190,2023-09-23,Sample tweet #Analytics
TW9191,U9191,2023-06-09,Sample tweet #SQL
TW9192,U9192,2023-03-06,Sample tweet #AgriTech
TW9193,U9193,2023-01-02,Sample tweet #AgriTech
TW9194,U9194,2023-11-06,Sample tweet #SQL
TW9195,U9195,2023-03-29,Sample tweet #DataSci
TW9196,U9196,2023-11-16,Sample tweet #Analytics
TW9197,U9197,2023-02-17,Sample tweet #Analytics
TW9198,U9198,2023-12-01,Sample tweet #AgriTech
TW9199,U9199,2023-10-11,Sample tweet #Analytics
TW9200,U9200,2023-08-12,Sample tweet #AgriTech
TW9201,U9201,2023-05-09,Sample tweet #SQL
TW9202,U9202,2023-06-07,Sample tweet #SQL
TW9203,U9203,2023-04-01,Sample tweet #SQL
TW9204,U9204,2023-08-30,Sample tweet #Analytics
TW9205,U9205,2023-03-10,Sample tweet #DataSci
TW9206,U9206,2023-05-26,Sample tweet #SQL
TW9207,U9207,2023-05-03,Sample tweet #Analytics
TW9208,U9208,2023-10-19,Sample tweet #AgriTech
TW9209,U9209,2023-08-13,Sample tweet #SQL
TW9210,U9210,2023-09-27,Sample tweet #AgriTech
TW9211,U9211,2023-06-08,Sample tweet #SQL
TW9212,U9212,2023-10-26,Sample tweet #AgriTech
TW9213,U9213,2023-07-05,Sample tweet #SQL
TW9214,U9214,2023-04-21,Sample tweet #SQL
TW9215,U9215,2023-11-15,Sample tweet #DataSci
TW9216,U9216,2023-05-20,Sample tweet #Analytics
TW9217,U9217,2023-10-20,Sample tweet #AgriTech
TW9218,U9218,2023-07-16,Sample tweet #AgriTech
TW9219,U9219,2023-12-12,Sample tweet #DataSci
TW9220,U9220,2023-07-13,Sample tweet #Analytics
TW9221,U9221,2023-06-11,Sample tweet #AgriTech
TW9222,U9222,2023-02-04,Sample tweet #AgriTech
TW9223,U9223,2023-12-30,Sample tweet #Analytics
TW9224,U9224,2023-04-10,Sample tweet #AgriTech
TW9225,U9225,2023-10-13,Sample tweet #SQL
TW9226,U9226,2023-12-17,Sample tweet #Analytics
TW9227,U9227,2023-07-20,Sample tweet #SQL
TW9228,U9228,2023-01-16,Sample tweet #SQL
TW9229,U9229,2023-02-15,Sample tweet #DataSci
TW9230,U9230,2023-10-26,Sample tweet #AgriTech
TW9231,U9231,2023-09-09,Sample tweet #DataSci
TW9232,U9232,2023-03-13,Sample tweet #DataSci
TW9233,U9233,2023-10-09,Sample tweet #Analytics
TW9234,U9234,2023-02-22,Sample tweet #DataSci
TW9235,U9235,2023-03-05,Sample tweet #SQL
TW9236,U9236,2023-02-01,Sample tweet #SQL
TW9237,U9237,2023-03-15,Sample tweet #Analytics
TW9238,U9238,2023-06-07,Sample tweet #DataSci
TW9239,U9239,2023-03-05,Sample tweet #DataSci
TW9240,U9240,2023-09-20,Sample tweet #SQL
TW9241,U9241,2023-11-15,Sample tweet #DataSci
TW9242,U9242,2023-06-04,Sample tweet #AgriTech
TW9243,U9243,2023-11-02,Sample tweet #Analytics
TW9244,U9244,2023-06-24,Sample tweet #DataSci
TW9245,U9245,2023-05-19,Sample tweet #AgriTech
TW9246,U9246,2023-09-29,Sample tweet #Analytics
TW9247,U9247,2023-05-26,Sample tweet #SQL
TW9248,U9248,2023-07-06,Sample tweet #AgriTech
TW9249,U9249,2023-01-22,Sample tweet #DataSci
TW9250,U9250,2023-03-17,Sample tweet #SQL
TW9251,U9251,2023-05-20,Sample tweet #AgriTech
TW9252,U9252,2023-04-27,Sample tweet #SQL
TW9253,U9253,2023-09-30,Sample tweet #AgriTech
TW9254,U9254,2023-01-22,Sample tweet #AgriTech
TW9255,U9255,2023-03-09,Sample tweet #AgriTech
TW9256,U9256,2023-01-21,Sample tweet #SQL
TW9257,U9257,2023-04-30,Sample tweet #DataSci
TW9258,U9258,2023-03-25,Sample tweet #SQL
TW9259,U9259,2023-04-21,Sample tweet #AgriTech
TW9260,U9260,2023-02-25,Sample tweet #DataSci
TW9261,U9261,2023-02-23,Sample tweet #DataSci
TW9262,U9262,2023-01-16,Sample tweet #SQL
TW9263,U9263,2023-08-25,Sample tweet #AgriTech
TW9264,U9264,2023-10-17,Sample tweet #Analytics
TW9265,U9265,2023-02-07,Sample tweet #Analytics
TW9266,U9266,2023-02-21,Sample tweet #SQL
TW9267,U9267,2023-10-15,Sample tweet #Analytics
TW9268,U9268,2023-06-05,Sample tweet #SQL
TW9269,U9269,2023-09-07,Sample tweet #DataSci
TW9270,U9270,2023-08-28,Sample tweet #AgriTech
TW9271,U9271,2023-05-06,Sample tweet #DataSci
TW9272,U9272,2023-11-07,Sample tweet #SQL
TW9273,U9273,2023-08-31,Sample tweet #Analytics
TW9274,U9274,2023-01-10,Sample tweet #SQL
TW9275,U9275,2023-12-27,Sample tweet #SQL
TW9276,U9276,2023-05-12,Sample tweet #AgriTech
TW9277,U9277,2023-09-05,Sample tweet #DataSci
TW9278,U9278,2023-03-06,Sample tweet #Analytics
TW9279,U9279,2023-11-06,Sample tweet #SQL
TW9280,U9280,2023-10-14,Sample tweet #Analytics
TW9281,U9281,2023-12-06,Sample tweet #AgriTech
TW9282,U9282,2023-04-09,Sample tweet #SQL
TW9283,U9283,2023-02-08,Sample tweet #AgriTech
TW9284,U9284,2023-12-14,Sample tweet #DataSci
TW9285,U9285,2023-09-14,Sample tweet #DataSci
TW9286,U9286,2023-03-10,Sample tweet #SQL
TW9287,U9287,2023-09-21,Sample tweet #Analytics
TW9288,U9288,2023-11-07,Sample tweet #AgriTech
TW9289,U9289,2023-07-09,Sample tweet #DataSci
TW9290,U9290,2023-06-08,Sample tweet #AgriTech
TW9291,U9291,2023-08-12,Sample tweet #SQL
TW9292,U9292,2023-09-14,Sample tweet #DataSci
TW9293,U9293,2023-01-12,Sample tweet #AgriTech
TW9294,U9294,2023-07-02,Sample tweet #SQL
TW9295,U9295,2023-04-16,Sample tweet #AgriTech
TW9296,U9296,2023-01-27,Sample tweet #DataSci
TW9297,U9297,2023-01-19,Sample tweet #AgriTech
TW9298,U9298,2023-04-17,Sample tweet #AgriTech
TW9299,U9299,2023-03-20,Sample tweet #SQL
TW9300,U9300,2023-10-09,Sample tweet #DataSci
TW9301,U9301,2023-06-16,Sample tweet #DataSci
TW9302,U9302,2023-12-20,Sample tweet #AgriTech
TW9303,U9303,2023-04-02,Sample tweet #AgriTech
TW9304,U9304,2023-02-28,Sample tweet #Analytics
TW9305,U9305,2023-12-30,Sample tweet #AgriTech
TW9306,U9306,2023-01-31,Sample tweet #Analytics
TW9307,U9307,2023-12-13,Sample tweet #SQL
TW9308,U9308,2023-12-12,Sample tweet #Analytics
TW9309,U9309,2023-02-01,Sample tweet #Analytics
TW9310,U9310,2023-05-05,Sample tweet #AgriTech
TW9311,U9311,2023-09-21,Sample tweet #DataSci
TW9312,U9312,2023-06-05,Sample tweet #SQL
TW9313,U9313,2023-09-01,Sample tweet #SQL
TW9314,U9314,2023-05-30,Sample tweet #DataSci
TW9315,U9315,2023-07-13,Sample tweet #AgriTech
TW9316,U9316,2023-10-22,Sample tweet #DataSci
TW9317,U9317,2023-11-29,Sample tweet #AgriTech
TW9318,U9318,2023-04-02,Sample tweet #DataSci
TW9319,U9319,2023-06-30,Sample tweet #SQL
TW9320,U9320,2023-08-04,Sample tweet #DataSci
TW9321,U9321,2023-07-30,Sample tweet #SQL
TW9322,U9322,2023-09-21,Sample tweet #DataSci
TW9323,U9323,2023-09-22,Sample tweet #AgriTech
TW9324,U9324,2023-02-09,Sample tweet #SQL
TW9325,U9325,2023-02-08,Sample tweet #AgriTech
TW9326,U9326,2023-01-22,Sample tweet #DataSci
TW9327,U9327,2023-03-15,Sample tweet #Analytics
TW9328,U9328,2023-09-08,Sample tweet #AgriTech
TW9329,U9329,2023-07-18,Sample tweet #Analytics
TW9330,U9330,2023-07-11,Sample tweet #SQL
TW9331,U9331,2023-12-06,Sample tweet #AgriTech
TW9332,U9332,2023-10-24,Sample tweet #AgriTech
TW9333,U9333,2023-11-06,Sample tweet #Analytics
TW9334,U9334,2023-09-06,Sample tweet #SQL
TW9335,U9335,2023-11-05,Sample tweet #AgriTech
TW9336,U9336,2023-09-26,Sample tweet #AgriTech
TW9337,U9337,2023-01-06,Sample tweet #SQL
TW9338,U9338,2023-05-25,Sample tweet #SQL
TW9339,U9339,2023-12-03,Sample tweet #SQL
TW9340,U9340,2023-08-01,Sample tweet #Analytics
TW9341,U9341,2023-07-06,Sample tweet #DataSci
TW9342,U9342,2023-10-13,Sample tweet #DataSci
TW9343,U9343,2023-12-07,Sample tweet #DataSci
TW9344,U9344,2023-01-07,Sample tweet #DataSci
TW9345,U9345,2023-08-09,Sample tweet #DataSci
TW9346,U9346,2023-07-13,Sample tweet #SQL
TW9347,U9347,2023-11-24,Sample tweet #Analytics
TW9348,U9348,2023-03-31,Sample tweet #DataSci
TW9349,U9349,2023-09-19,Sample tweet #DataSci
TW9350,U9350,2023-08-11,Sample tweet #AgriTech
TW9351,U9351,2023-12-08,Sample tweet #DataSci
TW9352,U9352,2023-08-30,Sample tweet #Analytics
TW9353,U9353,2023-09-01,Sample tweet #SQL
TW9354,U9354,2023-04-30,Sample tweet #DataSci
TW9355,U9355,2023-06-05,Sample tweet #DataSci
TW9356,U9356,2023-05-15,Sample tweet #DataSci
TW9357,U9357,2023-10-17,Sample tweet #AgriTech
TW9358,U9358,2023-11-07,Sample tweet #DataSci
TW9359,U9359,2023-05-27,Sample tweet #DataSci
TW9360,U9360,2023-07-30,Sample tweet #AgriTech
TW9361,U9361,2023-04-11,Sample tweet #AgriTech
TW9362,U9362,2023-08-23,Sample tweet #SQL
TW9363,U9363,2023-09-17,Sample tweet #DataSci
TW9364,U9364,2023-07-30,Sample tweet #AgriTech
TW9365,U9365,2023-10-28,Sample tweet #Analytics
TW9366,U9366,2023-09-09,Sample tweet #Analytics
TW9367,U9367,2023-11-05,Sample tweet #Analytics
TW9368,U9368,2023-09-03,Sample tweet #SQL
TW9369,U9369,2023-03-03,Sample tweet #DataSci
TW9370,U9370,2023-07-19,Sample tweet #SQL
TW9371,U9371,2023-02-17,Sample tweet #Analytics
TW9372,U9372,2023-01-20,Sample tweet #AgriTech
TW9373,U9373,2023-12-17,Sample tweet #DataSci
TW9374,U9374,2023-10-05,Sample tweet #AgriTech
TW9375,U9375,2023-12-30,Sample tweet #Analytics
TW9376,U9376,2023-07-13,Sample tweet #DataSci
TW9377,U9377,2023-12-05,Sample tweet #Analytics
TW9378,U9378,2023-01-28,Sample tweet #DataSci
TW9379,U9379,2023-07-20,Sample tweet #DataSci
TW9380,U9380,2023-04-18,Sample tweet #SQL
TW9381,U9381,2023-09-13,Sample tweet #DataSci
TW9382,U9382,2023-08-04,Sample tweet #Analytics
TW9383,U9383,2023-01-17,Sample tweet #SQL
TW9384,U9384,2023-01-05,Sample tweet #SQL
TW9385,U9385,2023-11-19,Sample tweet #DataSci
TW9386,U9386,2023-07-15,Sample tweet #SQL
TW9387,U9387,2023-08-14,Sample tweet #Analytics
TW9388,U9388,2023-11-07,Sample tweet #AgriTech
TW9389,U9389,2023-02-14,Sample tweet #SQL
TW9390,U9390,2023-12-04,Sample tweet #SQL
TW9391,U9391,2023-06-20,Sample tweet #AgriTech
TW9392,U9392,2023-05-26,Sample tweet #Analytics
TW9393,U9393,2023-05-26,Sample tweet #DataSci
TW9394,U9394,2023-01-26,Sample tweet #DataSci
TW9395,U9395,2023-07-05,Sample tweet #DataSci
TW9396,U9396,2023-11-26,Sample tweet #SQL
TW9397,U9397,2023-09-19,Sample tweet #Analytics
TW9398,U9398,2023-08-30,Sample tweet #DataSci
TW9399,U9399,2023-01-30,Sample tweet #SQL
TW9400,U9400,2023-05-18,Sample tweet #SQL
TW9401,U9401,2023-04-24,Sample tweet #AgriTech
TW9402,U9402,2023-06-15,Sample tweet #DataSci
TW9403,U9403,2023-08-08,Sample tweet #SQL
TW9404,U9404,2023-11-07,Sample tweet #AgriTech
TW9405,U9405,2023-01-09,Sample tweet #Analytics
TW9406,U9406,2023-04-28,Sample tweet #Analytics
TW9407,U9407,2023-07-23,Sample tweet #AgriTech
TW9408,U9408,2023-12-21,Sample tweet #Analytics
TW9409,U9409,2023-10-26,Sample tweet #SQL
TW9410,U9410,2023-02-13,Sample tweet #Analytics
TW9411,U9411,2023-06-17,Sample tweet #DataSci
TW9412,U9412,2023-01-28,Sample tweet #Analytics
TW9413,U9413,2023-02-14,Sample tweet #DataSci
TW9414,U9414,2023-07-24,Sample tweet #AgriTech
TW9415,U9415,2023-02-11,Sample tweet #AgriTech
TW9416,U9416,2023-01-08,Sample tweet #Analytics
TW9417,U9417,2023-09-24,Sample tweet #DataSci
TW9418,U9418,2023-10-04,Sample tweet #Analytics
TW9419,U9419,2023-11-13,Sample tweet #AgriTech
TW9420,U9420,2023-08-28,Sample tweet #DataSci
TW9421,U9421,2023-02-11,Sample tweet #AgriTech
TW9422,U9422,2023-01-10,Sample tweet #AgriTech
TW9423,U9423,2023-03-28,Sample tweet #DataSci
TW9424,U9424,2023-05-04,Sample tweet #DataSci
TW9425,U9425,2023-07-06,Sample tweet #DataSci
TW9426,U9426,2023-10-25,Sample tweet #SQL
TW9427,U9427,2023-06-29,Sample tweet #Analytics
TW9428,U9428,2023-01-29,Sample tweet #DataSci
TW9429,U9429,2023-07-24,Sample tweet #SQL
TW9430,U9430,2023-08-15,Sample tweet #AgriTech
TW9431,U9431,2023-07-26,Sample tweet #Analytics
TW9432,U9432,2023-10-02,Sample tweet #DataSci
TW9433,U9433,2023-02-26,Sample tweet #Analytics
TW9434,U9434,2023-01-28,Sample tweet #SQL
TW9435,U9435,2023-01-14,Sample tweet #SQL
TW9436,U9436,2023-03-12,Sample tweet #AgriTech
TW9437,U9437,2023-07-15,Sample tweet #AgriTech
TW9438,U9438,2023-11-03,Sample tweet #Analytics
TW9439,U9439,2023-08-29,Sample tweet #DataSci
TW9440,U9440,2023-04-30,Sample tweet #DataSci
TW9441,U9441,2023-10-12,Sample tweet #SQL
TW9442,U9442,2023-09-11,Sample tweet #AgriTech
TW9443,U9443,2023-01-27,Sample tweet #AgriTech
TW9444,U9444,2023-01-27,Sample tweet #SQL
TW9445,U9445,2023-07-14,Sample tweet #SQL
TW9446,U9446,2023-04-24,Sample tweet #AgriTech
TW9447,U9447,2023-10-22,Sample tweet #AgriTech
TW9448,U9448,2023-08-28,Sample tweet #Analytics
TW9449,U9449,2023-10-17,Sample tweet #SQL
TW9450,U9450,2023-09-03,Sample tweet #AgriTech
TW9451,U9451,2023-08-20,Sample tweet #Analytics
TW9452,U9452,2023-03-10,Sample tweet #SQL
TW9453,U9453,2023-11-07,Sample tweet #DataSci
TW9454,U9454,2023-08-13,Sample tweet #DataSci
TW9455,U9455,2023-07-14,Sample tweet #Analytics
TW9456,U9456,2023-01-23,Sample tweet #Analytics
TW9457,U9457,2023-02-14,Sample tweet #SQL
TW9458,U9458,2023-09-19,Sample tweet #AgriTech
TW9459,U9459,2023-07-26,Sample tweet #SQL
TW9460,U9460,2023-03-10,Sample tweet #Analytics
TW9461,U9461,2023-10-05,Sample tweet #Analytics
TW9462,U9462,2023-04-25,Sample tweet #DataSci
TW9463,U9463,2023-03-09,Sample tweet #SQL
TW9464,U9464,2023-11-30,Sample tweet #SQL
TW9465,U9465,2023-07-05,Sample tweet #DataSci
TW9466,U9466,2023-05-26,Sample tweet #AgriTech
TW9467,U9467,2023-05-31,Sample tweet #Analytics
TW9468,U9468,2023-12-04,Sample tweet #Analytics
TW9469,U9469,2023-04-06,Sample tweet #Analytics
TW9470,U9470,2023-09-01,Sample tweet #AgriTech
TW9471,U9471,2023-05-13,Sample tweet #DataSci
TW9472,U9472,2023-07-15,Sample tweet #SQL
TW9473,U9473,2023-12-11,Sample tweet #SQL
TW9474,U9474,2023-05-18,Sample tweet #AgriTech
TW9475,U9475,2023-05-27,Sample tweet #SQL
TW9476,U9476,2023-08-22,Sample tweet #AgriTech
TW9477,U9477,2023-06-20,Sample tweet #AgriTech
TW9478,U9478,2023-06-19,Sample tweet #Analytics
TW9479,U9479,2023-03-04,Sample tweet #AgriTech
TW9480,U9480,2023-11-07,Sample tweet #SQL
TW9481,U9481,2023-09-23,Sample tweet #DataSci
TW9482,U9482,2023-06-12,Sample tweet #Analytics
TW9483,U9483,2023-12-20,Sample tweet #Analytics
TW9484,U9484,2023-04-15,Sample tweet #Analytics
TW9485,U9485,2023-03-03,Sample tweet #SQL
TW9486,U9486,2023-05-04,Sample tweet #Analytics
TW9487,U9487,2023-09-07,Sample tweet #DataSci
TW9488,U9488,2023-04-11,Sample tweet #SQL
TW9489,U9489,2023-04-02,Sample tweet #AgriTech
TW9490,U9490,2023-10-11,Sample tweet #DataSci
TW9491,U9491,2023-02-22,Sample tweet #AgriTech
TW9492,U9492,2023-03-04,Sample tweet #DataSci
TW9493,U9493,2023-05-11,Sample tweet #AgriTech
TW9494,U9494,2023-07-23,Sample tweet #SQL
TW9495,U9495,2023-04-08,Sample tweet #Analytics
TW9496,U9496,2023-07-12,Sample tweet #SQL
TW9497,U9497,2023-04-17,Sample tweet #Analytics
TW9498,U9498,2023-03-25,Sample tweet #AgriTech
TW9499,U9499,2023-02-21,Sample tweet #AgriTech
TW9500,U9500,2023-08-16,Sample tweet #Analytics
TW9501,U9501,2023-07-19,Sample tweet #AgriTech
TW9502,U9502,2023-08-22,Sample tweet #SQL
TW9503,U9503,2023-05-13,Sample tweet #Analytics
TW9504,U9504,2023-09-23,Sample tweet #Analytics
TW9505,U9505,2023-08-23,Sample tweet #DataSci
TW9506,U9506,2023-02-02,Sample tweet #SQL
TW9507,U9507,2023-01-03,Sample tweet #DataSci
TW9508,U9508,2023-04-08,Sample tweet #AgriTech
TW9509,U9509,2023-03-23,Sample tweet #SQL
TW9510,U9510,2023-01-30,Sample tweet #SQL
TW9511,U9511,2023-09-13,Sample tweet #Analytics
TW9512,U9512,2023-05-20,Sample tweet #Analytics
TW9513,U9513,2023-01-05,Sample tweet #AgriTech
TW9514,U9514,2023-10-20,Sample tweet #DataSci
TW9515,U9515,2023-04-02,Sample tweet #DataSci
TW9516,U9516,2023-06-23,Sample tweet #Analytics
TW9517,U9517,2023-04-27,Sample tweet #Analytics
TW9518,U9518,2023-04-07,Sample tweet #AgriTech
TW9519,U9519,2023-11-10,Sample tweet #AgriTech
TW9520,U9520,2023-09-10,Sample tweet #Analytics
TW9521,U9521,2023-11-22,Sample tweet #SQL
TW9522,U9522,2023-08-15,Sample tweet #DataSci
TW9523,U9523,2023-11-26,Sample tweet #AgriTech
TW9524,U9524,2023-03-09,Sample tweet #SQL
TW9525,U9525,2023-04-05,Sample tweet #DataSci
TW9526,U9526,2023-06-28,Sample tweet #DataSci
TW9527,U9527,2023-10-21,Sample tweet #AgriTech
TW9528,U9528,2023-06-16,Sample tweet #Analytics
TW9529,U9529,2023-07-02,Sample tweet #SQL
TW9530,U9530,2023-01-14,Sample tweet #Analytics
TW9531,U9531,2023-06-04,Sample tweet #AgriTech
TW9532,U9532,2023-01-20,Sample tweet #AgriTech
TW9533,U9533,2023-02-11,Sample tweet #Analytics
TW9534,U9534,2023-12-09,Sample tweet #Analytics
TW9535,U9535,2023-09-01,Sample tweet #DataSci
TW9536,U9536,2023-07-26,Sample tweet #SQL
TW9537,U9537,2023-08-30,Sample tweet #DataSci
TW9538,U9538,2023-12-17,Sample tweet #AgriTech
TW9539,U9539,2023-11-15,Sample tweet #AgriTech
TW9540,U9540,2023-10-11,Sample tweet #SQL
TW9541,U9541,2023-03-20,Sample tweet #Analytics
TW9542,U9542,2023-04-07,Sample tweet #Analytics
TW9543,U9543,2023-07-09,Sample tweet #Analytics
TW9544,U9544,2023-11-24,Sample tweet #SQL
TW9545,U9545,2023-08-12,Sample tweet #AgriTech
TW9546,U9546,2023-01-02,Sample tweet #Analytics
TW9547,U9547,2023-11-09,Sample tweet #SQL
TW9548,U9548,2023-10-22,Sample tweet #AgriTech
TW9549,U9549,2023-05-12,Sample tweet #SQL
TW9550,U9550,2023-10-28,Sample tweet #Analytics
TW9551,U9551,2023-09-24,Sample tweet #DataSci
TW9552,U9552,2023-04-06,Sample tweet #AgriTech
TW9553,U9553,2023-01-22,Sample tweet #DataSci
TW9554,U9554,2023-04-12,Sample tweet #Analytics
TW9555,U9555,2023-09-13,Sample tweet #AgriTech
TW9556,U9556,2023-11-06,Sample tweet #DataSci
TW9557,U9557,2023-01-29,Sample tweet #DataSci
TW9558,U9558,2023-05-07,Sample tweet #SQL
TW9559,U9559,2023-12-10,Sample tweet #DataSci
TW9560,U9560,2023-11-02,Sample tweet #SQL
TW9561,U9561,2023-11-09,Sample tweet #DataSci
TW9562,U9562,2023-12-21,Sample tweet #DataSci
TW9563,U9563,2023-02-18,Sample tweet #SQL
TW9564,U9564,2023-05-16,Sample tweet #DataSci
TW9565,U9565,2023-03-16,Sample tweet #DataSci
TW9566,U9566,2023-11-17,Sample tweet #SQL
TW9567,U9567,2023-05-17,Sample tweet #DataSci
TW9568,U9568,2023-03-06,Sample tweet #Analytics
TW9569,U9569,2023-03-21,Sample tweet #DataSci
TW9570,U9570,2023-05-19,Sample tweet #SQL
TW9571,U9571,2023-05-09,Sample tweet #DataSci
TW9572,U9572,2023-03-10,Sample tweet #SQL
TW9573,U9573,2023-11-22,Sample tweet #Analytics
TW9574,U9574,2023-11-29,Sample tweet #AgriTech
TW9575,U9575,2023-04-10,Sample tweet #Analytics
TW9576,U9576,2023-01-10,Sample tweet #SQL
TW9577,U9577,2023-06-04,Sample tweet #Analytics
TW9578,U9578,2023-02-24,Sample tweet #DataSci
TW9579,U9579,2023-10-28,Sample tweet #Analytics
TW9580,U9580,2023-11-17,Sample tweet #SQL
TW9581,U9581,2023-06-02,Sample tweet #SQL
TW9582,U9582,2023-06-06,Sample tweet #SQL
TW9583,U9583,2023-11-13,Sample tweet #SQL
TW9584,U9584,2023-04-25,Sample tweet #DataSci
TW9585,U9585,2023-08-16,Sample tweet #SQL
TW9586,U9586,2023-03-06,Sample tweet #DataSci
TW9587,U9587,2023-10-18,Sample tweet #Analytics
TW9588,U9588,2023-06-06,Sample tweet #AgriTech
TW9589,U9589,2023-01-24,Sample tweet #AgriTech
TW9590,U9590,2023-02-26,Sample tweet #Analytics
TW9591,U9591,2023-11-21,Sample tweet #SQL
TW9592,U9592,2023-06-05,Sample tweet #Analytics
TW9593,U9593,2023-12-29,Sample tweet #Analytics
TW9594,U9594,2023-06-30,Sample tweet #DataSci
TW9595,U9595,2023-10-20,Sample tweet #DataSci
TW9596,U9596,2023-08-14,Sample tweet #Analytics
TW9597,U9597,2023-06-29,Sample tweet #DataSci
TW9598,U9598,2023-10-20,Sample tweet #AgriTech
TW9599,U9599,2023-12-27,Sample tweet #DataSci
TW9600,U9600,2023-11-24,Sample tweet #DataSci
TW9601,U9601,2023-09-21,Sample tweet #SQL
TW9602,U9602,2023-06-30,Sample tweet #AgriTech
TW9603,U9603,2023-01-11,Sample tweet #AgriTech
TW9604,U9604,2023-12-08,Sample tweet #AgriTech
TW9605,U9605,2023-09-30,Sample tweet #Analytics
TW9606,U9606,2024-01-01,Sample tweet #AgriTech
TW9607,U9607,2023-09-10,Sample tweet #DataSci
TW9608,U9608,2023-04-03,Sample tweet #Analytics
TW9609,U9609,2023-04-04,Sample tweet #SQL
TW9610,U9610,2023-01-15,Sample tweet #AgriTech
TW9611,U9611,2023-12-02,Sample tweet #DataSci
TW9612,U9612,2023-04-25,Sample tweet #AgriTech
TW9613,U9613,2023-05-14,Sample tweet #DataSci
TW9614,U9614,2023-01-10,Sample tweet #Analytics
TW9615,U9615,2023-04-12,Sample tweet #AgriTech
TW9616,U9616,2023-05-07,Sample tweet #Analytics
TW9617,U9617,2023-12-23,Sample tweet #SQL
TW9618,U9618,2023-11-23,Sample tweet #SQL
TW9619,U9619,2023-10-09,Sample tweet #AgriTech
TW9620,U9620,2023-06-23,Sample tweet #Analytics
TW9621,U9621,2023-07-23,Sample tweet #DataSci
TW9622,U9622,2023-05-02,Sample tweet #DataSci
TW9623,U9623,2023-04-07,Sample tweet #DataSci
TW9624,U9624,2023-08-31,Sample tweet #SQL
TW9625,U9625,2023-05-12,Sample tweet #SQL
TW9626,U9626,2023-12-28,Sample tweet #SQL
TW9627,U9627,2023-10-26,Sample tweet #DataSci
TW9628,U9628,2023-02-08,Sample tweet #DataSci
TW9629,U9629,2023-02-18,Sample tweet #Analytics
TW9630,U9630,2023-07-31,Sample tweet #AgriTech
TW9631,U9631,2023-01-28,Sample tweet #DataSci
TW9632,U9632,2023-12-08,Sample tweet #SQL
TW9633,U9633,2023-12-09,Sample tweet #AgriTech
TW9634,U9634,2023-09-13,Sample tweet #SQL
TW9635,U9635,2023-05-01,Sample tweet #Analytics
TW9636,U9636,2023-06-18,Sample tweet #SQL
TW9637,U9637,2023-06-25,Sample tweet #Analytics
TW9638,U9638,2023-10-06,Sample tweet #DataSci
TW9639,U9639,2023-12-16,Sample tweet #SQL
TW9640,U9640,2023-02-21,Sample tweet #AgriTech
TW9641,U9641,2023-06-19,Sample tweet #DataSci
TW9642,U9642,2023-09-16,Sample tweet #AgriTech
TW9643,U9643,2023-03-11,Sample tweet #DataSci
TW9644,U9644,2023-01-24,Sample tweet #Analytics
TW9645,U9645,2023-11-12,Sample tweet #AgriTech
TW9646,U9646,2023-10-03,Sample tweet #DataSci
TW9647,U9647,2023-11-12,Sample tweet #SQL
TW9648,U9648,2023-12-25,Sample tweet #Analytics
TW9649,U9649,2023-06-25,Sample tweet #SQL
TW9650,U9650,2023-10-18,Sample tweet #AgriTech
TW9651,U9651,2023-07-02,Sample tweet #SQL
TW9652,U9652,2023-10-13,Sample tweet #AgriTech
TW9653,U9653,2023-04-21,Sample tweet #AgriTech
TW9654,U9654,2023-12-04,Sample tweet #DataSci
TW9655,U9655,2023-04-09,Sample tweet #Analytics
TW9656,U9656,2023-09-01,Sample tweet #DataSci
TW9657,U9657,2023-04-27,Sample tweet #SQL
TW9658,U9658,2023-05-30,Sample tweet #DataSci
TW9659,U9659,2023-04-25,Sample tweet #DataSci
TW9660,U9660,2023-12-12,Sample tweet #Analytics
TW9661,U9661,2023-10-08,Sample tweet #SQL
TW9662,U9662,2023-10-28,Sample tweet #AgriTech
TW9663,U9663,2023-11-03,Sample tweet #AgriTech
TW9664,U9664,2023-05-30,Sample tweet #Analytics
TW9665,U9665,2023-09-24,Sample tweet #DataSci
TW9666,U9666,2023-09-03,Sample tweet #Analytics
TW9667,U9667,2023-11-05,Sample tweet #DataSci
TW9668,U9668,2023-06-19,Sample tweet #AgriTech
TW9669,U9669,2023-09-28,Sample tweet #AgriTech
TW9670,U9670,2023-05-30,Sample tweet #DataSci
TW9671,U9671,2023-12-08,Sample tweet #Analytics
TW9672,U9672,2023-04-01,Sample tweet #AgriTech
TW9673,U9673,2023-04-17,Sample tweet #Analytics
TW9674,U9674,2023-01-24,Sample tweet #AgriTech
TW9675,U9675,2023-07-24,Sample tweet #DataSci
TW9676,U9676,2023-04-26,Sample tweet #SQL
TW9677,U9677,2023-11-25,Sample tweet #AgriTech
TW9678,U9678,2023-05-04,Sample tweet #SQL
TW9679,U9679,2023-12-17,Sample tweet #Analytics
TW9680,U9680,2023-12-08,Sample tweet #Analytics
TW9681,U9681,2023-03-17,Sample tweet #Analytics
TW9682,U9682,2023-07-10,Sample tweet #DataSci
TW9683,U9683,2023-08-09,Sample tweet #Analytics
TW9684,U9684,2023-12-16,Sample tweet #Analytics
TW9685,U9685,2023-10-06,Sample tweet #AgriTech
TW9686,U9686,2023-01-16,Sample tweet #Analytics
TW9687,U9687,2023-06-02,Sample tweet #DataSci
TW9688,U9688,2023-04-07,Sample tweet #AgriTech
TW9689,U9689,2023-11-16,Sample tweet #Analytics
TW9690,U9690,2023-08-27,Sample tweet #AgriTech
TW9691,U9691,2023-07-31,Sample tweet #SQL
TW9692,U9692,2023-06-07,Sample tweet #SQL
TW9693,U9693,2023-03-22,Sample tweet #DataSci
TW9694,U9694,2023-12-23,Sample tweet #Analytics
TW9695,U9695,2023-08-31,Sample tweet #Analytics
TW9696,U9696,2023-03-26,Sample tweet #AgriTech
TW9697,U9697,2023-12-30,Sample tweet #DataSci
TW9698,U9698,2023-04-05,Sample tweet #Analytics
TW9699,U9699,2023-02-02,Sample tweet #Analytics
TW9700,U9700,2023-03-23,Sample tweet #DataSci
TW9701,U9701,2023-08-03,Sample tweet #DataSci
TW9702,U9702,2023-08-10,Sample tweet #DataSci
TW9703,U9703,2023-10-24,Sample tweet #SQL
TW9704,U9704,2023-10-02,Sample tweet #SQL
TW9705,U9705,2023-07-27,Sample tweet #AgriTech
TW9706,U9706,2023-04-05,Sample tweet #Analytics
TW9707,U9707,2023-03-19,Sample tweet #DataSci
TW9708,U9708,2023-11-06,Sample tweet #AgriTech
TW9709,U9709,2023-09-23,Sample tweet #DataSci
TW9710,U9710,2023-09-17,Sample tweet #DataSci
TW9711,U9711,2023-02-01,Sample tweet #Analytics
TW9712,U9712,2023-02-17,Sample tweet #DataSci
TW9713,U9713,2023-12-20,Sample tweet #DataSci
TW9714,U9714,2023-06-12,Sample tweet #AgriTech
TW9715,U9715,2023-09-12,Sample tweet #SQL
TW9716,U9716,2023-01-26,Sample tweet #AgriTech
TW9717,U9717,2023-12-11,Sample tweet #SQL
TW9718,U9718,2023-09-02,Sample tweet #SQL
TW9719,U9719,2023-09-18,Sample tweet #AgriTech
TW9720,U9720,2023-08-20,Sample tweet #AgriTech
TW9721,U9721,2023-07-25,Sample tweet #Analytics
TW9722,U9722,2023-11-14,Sample tweet #DataSci
TW9723,U9723,2023-10-08,Sample tweet #SQL
TW9724,U9724,2023-04-24,Sample tweet #Analytics
TW9725,U9725,2023-08-01,Sample tweet #SQL
TW9726,U9726,2023-05-15,Sample tweet #DataSci
TW9727,U9727,2023-01-06,Sample tweet #Analytics
TW9728,U9728,2023-04-17,Sample tweet #DataSci
TW9729,U9729,2023-11-02,Sample tweet #Analytics
TW9730,U9730,2023-12-24,Sample tweet #SQL
TW9731,U9731,2023-11-22,Sample tweet #DataSci
TW9732,U9732,2023-01-24,Sample tweet #DataSci
TW9733,U9733,2023-04-09,Sample tweet #SQL
TW9734,U9734,2023-06-27,Sample tweet #DataSci
TW9735,U9735,2023-10-24,Sample tweet #DataSci
TW9736,U9736,2023-09-11,Sample tweet #Analytics
TW9737,U9737,2023-07-11,Sample tweet #AgriTech
TW9738,U9738,2023-12-18,Sample tweet #DataSci
TW9739,U9739,2023-01-02,Sample tweet #Analytics
TW9740,U9740,2023-06-02,Sample tweet #SQL
TW9741,U9741,2023-05-02,Sample tweet #DataSci
TW9742,U9742,2023-07-14,Sample tweet #SQL
TW9743,U9743,2023-06-04,Sample tweet #DataSci
TW9744,U9744,2023-09-28,Sample tweet #SQL
TW9745,U9745,2023-09-04,Sample tweet #Analytics
TW9746,U9746,2023-02-05,Sample tweet #Analytics
TW9747,U9747,2023-01-20,Sample tweet #DataSci
TW9748,U9748,2023-05-14,Sample tweet #SQL
TW9749,U9749,2023-11-07,Sample tweet #SQL
TW9750,U9750,2023-06-28,Sample tweet #DataSci
TW9751,U9751,2023-03-10,Sample tweet #AgriTech
TW9752,U9752,2023-05-08,Sample tweet #DataSci
TW9753,U9753,2023-07-27,Sample tweet #AgriTech
TW9754,U9754,2023-07-05,Sample tweet #Analytics
TW9755,U9755,2023-11-16,Sample tweet #AgriTech
TW9756,U9756,2023-05-12,Sample tweet #DataSci
TW9757,U9757,2023-03-30,Sample tweet #SQL
TW9758,U9758,2023-07-11,Sample tweet #DataSci
TW9759,U9759,2023-10-19,Sample tweet #DataSci
TW9760,U9760,2023-02-23,Sample tweet #Analytics
TW9761,U9761,2023-04-11,Sample tweet #Analytics
TW9762,U9762,2023-12-18,Sample tweet #AgriTech
TW9763,U9763,2023-07-30,Sample tweet #Analytics
TW9764,U9764,2023-01-30,Sample tweet #Analytics
TW9765,U9765,2023-07-02,Sample tweet #AgriTech
TW9766,U9766,2023-11-07,Sample tweet #AgriTech
TW9767,U9767,2023-11-12,Sample tweet #SQL
TW9768,U9768,2023-06-04,Sample tweet #SQL
TW9769,U9769,2023-08-03,Sample tweet #DataSci
TW9770,U9770,2023-06-02,Sample tweet #Analytics
TW9771,U9771,2023-01-18,Sample tweet #Analytics
TW9772,U9772,2023-11-16,Sample tweet #AgriTech
TW9773,U9773,2023-07-02,Sample tweet #Analytics
TW9774,U9774,2023-01-04,Sample tweet #SQL
TW9775,U9775,2024-01-01,Sample tweet #DataSci
TW9776,U9776,2023-04-05,Sample tweet #DataSci
TW9777,U9777,2023-09-22,Sample tweet #SQL
TW9778,U9778,2023-05-22,Sample tweet #Analytics
TW9779,U9779,2023-12-27,Sample tweet #AgriTech
TW9780,U9780,2023-04-25,Sample tweet #DataSci
TW9781,U9781,2023-11-21,Sample tweet #AgriTech
TW9782,U9782,2023-04-17,Sample tweet #Analytics
TW9783,U9783,2023-01-28,Sample tweet #DataSci
TW9784,U9784,2023-02-14,Sample tweet #SQL
TW9785,U9785,2023-11-26,Sample tweet #SQL
TW9786,U9786,2023-05-04,Sample tweet #Analytics
TW9787,U9787,2023-04-01,Sample tweet #Analytics
TW9788,U9788,2023-03-07,Sample tweet #Analytics
TW9789,U9789,2023-03-29,Sample tweet #AgriTech
TW9790,U9790,2023-12-07,Sample tweet #SQL
TW9791,U9791,2023-10-10,Sample tweet #SQL
TW9792,U9792,2023-01-25,Sample tweet #SQL
TW9793,U9793,2023-10-09,Sample tweet #Analytics
TW9794,U9794,2023-10-07,Sample tweet #DataSci
TW9795,U9795,2023-06-22,Sample tweet #DataSci
TW9796,U9796,2023-09-08,Sample tweet #SQL
TW9797,U9797,2023-06-02,Sample tweet #AgriTech
TW9798,U9798,2023-09-02,Sample tweet #SQL
TW9799,U9799,2023-04-25,Sample tweet #Analytics
TW9800,U9800,2023-04-29,Sample tweet #AgriTech
TW9801,U9801,2023-02-05,Sample tweet #AgriTech
TW9802,U9802,2023-09-29,Sample tweet #AgriTech
TW9803,U9803,2023-08-09,Sample tweet #DataSci
TW9804,U9804,2023-10-21,Sample tweet #AgriTech
TW9805,U9805,2023-06-29,Sample tweet #DataSci
TW9806,U9806,2023-10-09,Sample tweet #AgriTech
TW9807,U9807,2023-03-21,Sample tweet #DataSci
TW9808,U9808,2023-09-11,Sample tweet #SQL
TW9809,U9809,2023-04-20,Sample tweet #AgriTech
TW9810,U9810,2023-10-14,Sample tweet #SQL
TW9811,U9811,2023-04-21,Sample tweet #AgriTech
TW9812,U9812,2023-01-17,Sample tweet #SQL
TW9813,U9813,2023-07-29,Sample tweet #DataSci
TW9814,U9814,2023-04-09,Sample tweet #DataSci
TW9815,U9815,2023-09-26,Sample tweet #DataSci
TW9816,U9816,2023-02-23,Sample tweet #AgriTech
TW9817,U9817,2023-10-06,Sample tweet #SQL
TW9818,U9818,2023-06-16,Sample tweet #Analytics
TW9819,U9819,2023-02-15,Sample tweet #Analytics
TW9820,U9820,2023-03-29,Sample tweet #DataSci
TW9821,U9821,2023-11-22,Sample tweet #SQL
TW9822,U9822,2023-09-13,Sample tweet #SQL
TW9823,U9823,2023-09-27,Sample tweet #DataSci
TW9824,U9824,2023-02-28,Sample tweet #DataSci
TW9825,U9825,2023-04-28,Sample tweet #Analytics
TW9826,U9826,2023-11-30,Sample tweet #DataSci
TW9827,U9827,2023-05-28,Sample tweet #SQL
TW9828,U9828,2023-08-10,Sample tweet #DataSci
TW9829,U9829,2023-05-15,Sample tweet #AgriTech
TW9830,U9830,2023-08-05,Sample tweet #Analytics
TW9831,U9831,2023-12-05,Sample tweet #Analytics
TW9832,U9832,2023-02-27,Sample tweet #SQL
TW9833,U9833,2023-07-09,Sample tweet #Analytics
TW9834,U9834,2023-11-30,Sample tweet #DataSci
TW9835,U9835,2023-02-02,Sample tweet #AgriTech
TW9836,U9836,2023-04-12,Sample tweet #SQL
TW9837,U9837,2023-09-16,Sample tweet #SQL
TW9838,U9838,2023-08-22,Sample tweet #Analytics
TW9839,U9839,2023-08-11,Sample tweet #DataSci
TW9840,U9840,2023-03-02,Sample tweet #Analytics
TW9841,U9841,2023-09-05,Sample tweet #AgriTech
TW9842,U9842,2023-09-20,Sample tweet #SQL
TW9843,U9843,2023-09-27,Sample tweet #DataSci
TW9844,U9844,2023-07-11,Sample tweet #Analytics
TW9845,U9845,2023-03-28,Sample tweet #AgriTech
TW9846,U9846,2023-10-25,Sample tweet #Analytics
TW9847,U9847,2023-12-30,Sample tweet #AgriTech
TW9848,U9848,2023-12-05,Sample tweet #AgriTech
TW9849,U9849,2023-03-24,Sample tweet #DataSci
TW9850,U9850,2023-01-06,Sample tweet #AgriTech
TW9851,U9851,2023-10-19,Sample tweet #Analytics
TW9852,U9852,2023-02-27,Sample tweet #Analytics
TW9853,U9853,2023-07-18,Sample tweet #AgriTech
TW9854,U9854,2023-12-25,Sample tweet #AgriTech
TW9855,U9855,2023-05-09,Sample tweet #DataSci
TW9856,U9856,2023-04-25,Sample tweet #Analytics
TW9857,U9857,2023-08-08,Sample tweet #AgriTech
TW9858,U9858,2023-10-06,Sample tweet #SQL
TW9859,U9859,2023-06-10,Sample tweet #DataSci
TW9860,U9860,2023-08-01,Sample tweet #AgriTech
TW9861,U9861,2023-08-03,Sample tweet #AgriTech
TW9862,U9862,2023-11-08,Sample tweet #AgriTech
TW9863,U9863,2023-05-13,Sample tweet #DataSci
TW9864,U9864,2023-05-20,Sample tweet #AgriTech
TW9865,U9865,2023-08-14,Sample tweet #AgriTech
TW9866,U9866,2023-12-02,Sample tweet #DataSci
TW9867,U9867,2023-08-21,Sample tweet #AgriTech
TW9868,U9868,2023-02-14,Sample tweet #AgriTech
TW9869,U9869,2023-01-14,Sample tweet #Analytics
TW9870,U9870,2023-05-11,Sample tweet #SQL
TW9871,U9871,2023-03-13,Sample tweet #Analytics
TW9872,U9872,2023-12-21,Sample tweet #DataSci
TW9873,U9873,2023-01-16,Sample tweet #AgriTech
TW9874,U9874,2023-04-19,Sample tweet #SQL
TW9875,U9875,2023-09-05,Sample tweet #SQL
TW9876,U9876,2023-08-23,Sample tweet #DataSci
TW9877,U9877,2023-04-05,Sample tweet #AgriTech
TW9878,U9878,2023-05-03,Sample tweet #DataSci
TW9879,U9879,2023-11-16,Sample tweet #SQL
TW9880,U9880,2023-04-24,Sample tweet #SQL
TW9881,U9881,2023-11-10,Sample tweet #AgriTech
TW9882,U9882,2023-01-13,Sample tweet #SQL
TW9883,U9883,2023-12-16,Sample tweet #Analytics
TW9884,U9884,2023-03-21,Sample tweet #DataSci
TW9885,U9885,2023-03-20,Sample tweet #Analytics
TW9886,U9886,2023-01-16,Sample tweet #DataSci
TW9887,U9887,2023-03-30,Sample tweet #AgriTech
TW9888,U9888,2023-06-25,Sample tweet #SQL
TW9889,U9889,2023-06-01,Sample tweet #AgriTech
TW9890,U9890,2023-12-08,Sample tweet #AgriTech
TW9891,U9891,2023-07-20,Sample tweet #Analytics
TW9892,U9892,2023-03-27,Sample tweet #Analytics
TW9893,U9893,2023-07-30,Sample tweet #Analytics
TW9894,U9894,2023-04-02,Sample tweet #AgriTech
TW9895,U9895,2023-12-10,Sample tweet #SQL
TW9896,U9896,2023-09-24,Sample tweet #Analytics
TW9897,U9897,2023-08-03,Sample tweet #SQL
TW9898,U9898,2023-04-04,Sample tweet #AgriTech
TW9899,U9899,2023-03-18,Sample tweet #DataSci
TW9900,U9900,2023-11-02,Sample tweet #DataSci
TW9901,U9901,2023-02-10,Sample tweet #AgriTech
TW9902,U9902,2023-08-30,Sample tweet #Analytics
TW9903,U9903,2023-09-03,Sample tweet #DataSci
TW9904,U9904,2023-08-12,Sample tweet #Analytics
TW9905,U9905,2023-10-15,Sample tweet #DataSci
TW9906,U9906,2023-01-27,Sample tweet #SQL
TW9907,U9907,2023-03-21,Sample tweet #AgriTech
TW9908,U9908,2023-05-26,Sample tweet #SQL
TW9909,U9909,2023-07-18,Sample tweet #SQL
TW9910,U9910,2023-01-09,Sample tweet #SQL
TW9911,U9911,2023-02-28,Sample tweet #SQL
TW9912,U9912,2023-09-23,Sample tweet #SQL
TW9913,U9913,2023-04-07,Sample tweet #DataSci
TW9914,U9914,2023-05-02,Sample tweet #SQL
TW9915,U9915,2023-10-26,Sample tweet #AgriTech
TW9916,U9916,2023-03-21,Sample tweet #AgriTech
TW9917,U9917,2023-07-23,Sample tweet #Analytics
TW9918,U9918,2023-12-05,Sample tweet #SQL
TW9919,U9919,2023-10-23,Sample tweet #SQL
TW9920,U9920,2023-10-14,Sample tweet #Analytics
TW9921,U9921,2023-08-24,Sample tweet #AgriTech
TW9922,U9922,2023-10-01,Sample tweet #SQL
TW9923,U9923,2023-06-28,Sample tweet #SQL
TW9924,U9924,2023-04-22,Sample tweet #DataSci
TW9925,U9925,2023-07-11,Sample tweet #AgriTech
TW9926,U9926,2023-07-10,Sample tweet #Analytics
TW9927,U9927,2023-11-11,Sample tweet #Analytics
TW9928,U9928,2023-08-15,Sample tweet #AgriTech
TW9929,U9929,2023-01-30,Sample tweet #SQL
TW9930,U9930,2023-02-14,Sample tweet #SQL
TW9931,U9931,2023-08-23,Sample tweet #DataSci
TW9932,U9932,2023-09-14,Sample tweet #SQL
TW9933,U9933,2023-12-23,Sample tweet #Analytics
TW9934,U9934,2023-05-07,Sample tweet #Analytics
TW9935,U9935,2023-08-06,Sample tweet #AgriTech
TW9936,U9936,2023-03-23,Sample tweet #Analytics
TW9937,U9937,2023-05-24,Sample tweet #Analytics
TW9938,U9938,2023-08-26,Sample tweet #SQL
TW9939,U9939,2023-12-14,Sample tweet #Analytics
TW9940,U9940,2023-12-31,Sample tweet #AgriTech
TW9941,U9941,2023-01-11,Sample tweet #AgriTech
TW9942,U9942,2023-11-15,Sample tweet #AgriTech
TW9943,U9943,2023-03-01,Sample tweet #DataSci
TW9944,U9944,2023-12-19,Sample tweet #DataSci
TW9945,U9945,2023-06-17,Sample tweet #DataSci
TW9946,U9946,2023-12-24,Sample tweet #SQL
TW9947,U9947,2023-04-29,Sample tweet #AgriTech
TW9948,U9948,2023-11-04,Sample tweet #DataSci
TW9949,U9949,2023-10-07,Sample tweet #DataSci
TW9950,U9950,2023-07-16,Sample tweet #Analytics
TW9951,U9951,2023-05-06,Sample tweet #DataSci
TW9952,U9952,2023-02-06,Sample tweet #DataSci
TW9953,U9953,2023-04-13,Sample tweet #AgriTech
TW9954,U9954,2023-08-23,Sample tweet #Analytics
TW9955,U9955,2023-08-10,Sample tweet #Analytics
TW9956,U9956,2023-06-15,Sample tweet #Analytics
TW9957,U9957,2023-10-09,Sample tweet #Analytics
TW9958,U9958,2023-11-13,Sample tweet #Analytics
TW9959,U9959,2023-01-11,Sample tweet #SQL
TW9960,U9960,2023-08-02,Sample tweet #AgriTech
TW9961,U9961,2023-03-02,Sample tweet #SQL
TW9962,U9962,2023-08-19,Sample tweet #DataSci
TW9963,U9963,2023-03-25,Sample tweet #SQL
TW9964,U9964,2023-07-02,Sample tweet #DataSci
TW9965,U9965,2023-01-19,Sample tweet #DataSci
TW9966,U9966,2023-03-08,Sample tweet #AgriTech
TW9967,U9967,2023-11-01,Sample tweet #DataSci
TW9968,U9968,2023-04-09,Sample tweet #SQL
TW9969,U9969,2023-04-15,Sample tweet #DataSci
TW9970,U9970,2023-03-31,Sample tweet #Analytics
TW9971,U9971,2023-02-08,Sample tweet #Analytics
TW9972,U9972,2023-05-10,Sample tweet #SQL
TW9973,U9973,2023-05-30,Sample tweet #SQL
TW9974,U9974,2023-01-18,Sample tweet #SQL
TW9975,U9975,2023-02-25,Sample tweet #AgriTech
TW9976,U9976,2023-01-09,Sample tweet #AgriTech
TW9977,U9977,2023-03-05,Sample tweet #Analytics
TW9978,U9978,2023-12-30,Sample tweet #SQL
TW9979,U9979,2023-12-03,Sample tweet #AgriTech
TW9980,U9980,2023-01-14,Sample tweet #AgriTech
TW9981,U9981,2023-05-24,Sample tweet #AgriTech
TW9982,U9982,2023-12-31,Sample tweet #SQL
TW9983,U9983,2023-02-13,Sample tweet #SQL
TW9984,U9984,2023-05-05,Sample tweet #DataSci
TW9985,U9985,2023-12-13,Sample tweet #DataSci
TW9986,U9986,2023-04-27,Sample tweet #AgriTech
TW9987,U9987,2023-02-15,Sample tweet #Analytics
TW9988,U9988,2023-08-17,Sample tweet #DataSci
TW9989,U9989,2023-03-19,Sample tweet #SQL
TW9990,U9990,2023-12-30,Sample tweet #DataSci
TW9991,U9991,2023-08-02,Sample tweet #AgriTech
TW9992,U9992,2023-07-20,Sample tweet #AgriTech
TW9993,U9993,2023-01-09,Sample tweet #SQL
TW9994,U9994,2023-04-25,Sample tweet #AgriTech
TW9995,U9995,2023-04-12,Sample tweet #SQL
TW9996,U9996,2023-02-03,Sample tweet #Analytics
TW9997,U9997,2023-12-06,Sample tweet #AgriTech
TW9998,U9998,2023-02-10,Sample tweet #Analytics
TW9999,U9999,2023-10-18,Sample tweet #Analytics
TW10000,U10000,2023-02-13,Sample tweet #DataSci
