user_id,user_name,signup_date
U1,User_1,2022-10-23
U2,User_2,2022-06-11
U3,User_3,2022-04-29
U4,User_4,2022-10-26
U5,User_5,2022-01-27
U6,User_6,2022-11-07
U7,User_7,2022-09-26
U8,User_8,2022-06-29
U9,User_9,2022-06-13
U10,User_10,2022-09-17
U11,User_11,2022-03-05
U12,User_12,2022-04-15
U13,User_13,2022-01-24
U14,User_14,2022-07-11
U15,User_15,2022-03-26
U16,User_16,2022-11-27
U17,User_17,2022-03-12
U18,User_18,2022-08-20
U19,User_19,2022-09-10
U20,User_20,2022-05-04
U21,User_21,2022-10-12
U22,User_22,2022-06-12
U23,User_23,2022-01-04
U24,User_24,2022-01-08
U25,User_25,2022-10-05
U26,User_26,2022-02-16
U27,User_27,2022-02-17
U28,User_28,2022-10-21
U29,User_29,2022-07-14
U30,User_30,2022-05-11
U31,User_31,2022-02-07
U32,User_32,2022-04-21
U33,User_33,2022-11-16
U34,User_34,2022-06-04
U35,User_35,2022-08-08
U36,User_36,2022-03-16
U37,User_37,2022-02-27
U38,User_38,2022-01-25
U39,User_39,2022-11-09
U40,User_40,2022-08-27
U41,User_41,2022-07-12
U42,User_42,2022-10-20
U43,User_43,2022-12-03
U44,User_44,2022-03-26
U45,User_45,2022-10-27
U46,User_46,2022-03-15
U47,User_47,2022-02-21
U48,User_48,2022-09-06
U49,User_49,2022-06-05
U50,User_50,2022-02-03
U51,User_51,2022-09-06
U52,User_52,2022-02-27
U53,User_53,2022-06-25
U54,User_54,2022-11-24
U55,User_55,2022-05-15
U56,User_56,2022-05-23
U57,User_57,2022-08-09
U58,User_58,2022-04-30
U59,User_59,2022-04-16
U60,User_60,2022-12-14
U61,User_61,2022-09-29
U62,User_62,2022-08-08
U63,User_63,2022-11-28
U64,User_64,2022-08-07
U65,User_65,2022-11-04
U66,User_66,2022-10-01
U67,User_67,2022-11-15
U68,User_68,2022-12-17
U69,User_69,2022-11-12
U70,User_70,2022-10-24
U71,User_71,2022-03-03
U72,User_72,2022-07-29
U73,User_73,2022-04-12
U74,User_74,2022-03-30
U75,User_75,2022-04-12
U76,User_76,2022-07-12
U77,User_77,2022-07-30
U78,User_78,2022-11-27
U79,User_79,2022-10-09
U80,User_80,2022-02-28
U81,User_81,2022-02-24
U82,User_82,2022-12-26
U83,User_83,2022-09-02
U84,User_84,2022-11-29
U85,User_85,2022-04-17
U86,User_86,2022-11-17
U87,User_87,2022-07-23
U88,User_88,2022-08-25
U89,User_89,2022-10-12
U90,User_90,2022-11-24
U91,User_91,2022-06-17
U92,User_92,2022-12-21
U93,User_93,2022-01-11
U94,User_94,2022-08-16
U95,User_95,2022-05-30
U96,User_96,2022-12-27
U97,User_97,2022-08-02
U98,User_98,2022-06-29
U99,User_99,2022-03-22
U100,User_100,2022-02-02
U101,User_101,2022-03-07
U102,User_102,2022-02-25
U103,User_103,2022-07-10
U104,User_104,2022-12-14
U105,User_105,2022-04-23
U106,User_106,2022-02-20
U107,User_107,2022-02-02
U108,User_108,2022-02-21
U109,User_109,2022-02-01
U110,User_110,2022-09-19
U111,User_111,2022-11-22
U112,User_112,2022-03-06
U113,User_113,2022-12-29
U114,User_114,2022-07-11
U115,User_115,2022-03-01
U116,User_116,2022-07-10
U117,User_117,2022-03-13
U118,User_118,2022-04-03
U119,User_119,2022-04-15
U120,User_120,2022-07-22
U121,User_121,2022-09-12
U122,User_122,2022-03-20
U123,User_123,2022-09-19
U124,User_124,2022-09-04
U125,User_125,2022-09-10
U126,User_126,2022-06-25
U127,User_127,2022-11-03
U128,User_128,2022-07-25
U129,User_129,2022-07-04
U130,User_130,2022-05-10
U131,User_131,2022-11-26
U132,User_132,2022-05-20
U133,User_133,2022-08-18
U134,User_134,2022-10-19
U135,User_135,2022-02-12
U136,User_136,2022-01-16
U137,User_137,2022-08-22
U138,User_138,2022-01-09
U139,User_139,2022-10-23
U140,User_140,2022-10-28
U141,User_141,2022-04-01
U142,User_142,2022-10-27
U143,User_143,2022-03-08
U144,User_144,2022-01-29
U145,User_145,2022-04-12
U146,User_146,2022-09-16
U147,User_147,2022-07-12
U148,User_148,2022-08-31
U149,User_149,2022-05-28
U150,User_150,2022-02-10
U151,User_151,2022-05-07
U152,User_152,2022-08-02
U153,User_153,2022-05-03
U154,User_154,2022-11-15
U155,User_155,2022-01-20
U156,User_156,2022-03-07
U157,User_157,2022-11-23
U158,User_158,2022-02-26
U159,User_159,2022-04-19
U160,User_160,2022-04-03
U161,User_161,2022-02-08
U162,User_162,2022-04-28
U163,User_163,2022-04-03
U164,User_164,2022-01-10
U165,User_165,2022-11-09
U166,User_166,2022-07-14
U167,User_167,2022-08-31
U168,User_168,2022-12-18
U169,User_169,2022-10-13
U170,User_170,2022-01-24
U171,User_171,2022-07-25
U172,User_172,2022-10-17
U173,User_173,2022-06-25
U174,User_174,2022-06-22
U175,User_175,2022-10-30
U176,User_176,2022-05-30
U177,User_177,2022-03-28
U178,User_178,2022-05-14
U179,User_179,2022-07-02
U180,User_180,2022-07-25
U181,User_181,2022-05-12
U182,User_182,2022-05-05
U183,User_183,2022-10-26
U184,User_184,2022-06-02
U185,User_185,2022-01-02
U186,User_186,2022-09-15
U187,User_187,2022-07-24
U188,User_188,2022-10-03
U189,User_189,2022-09-30
U190,User_190,2022-10-23
U191,User_191,2022-12-17
U192,User_192,2022-01-08
U193,User_193,2022-07-05
U194,User_194,2022-10-10
U195,User_195,2022-10-23
U196,User_196,2022-09-13
U197,User_197,2022-03-04
U198,User_198,2022-05-16
U199,User_199,2023-01-01
U200,User_200,2022-11-21
U201,User_201,2022-05-03
U202,User_202,2022-07-25
U203,User_203,2022-01-14
U204,User_204,2022-10-07
U205,User_205,2022-08-23
U206,User_206,2022-10-27
U207,User_207,2022-09-10
U208,User_208,2022-05-02
U209,User_209,2022-09-20
U210,User_210,2022-03-06
U211,User_211,2022-04-23
U212,User_212,2022-07-25
U213,User_213,2022-12-03
U214,User_214,2022-08-24
U215,User_215,2022-12-11
U216,User_216,2022-03-31
U217,User_217,2022-09-01
U218,User_218,2022-09-28
U219,User_219,2022-12-08
U220,User_220,2022-06-26
U221,User_221,2022-11-15
U222,User_222,2022-07-08
U223,User_223,2022-09-27
U224,User_224,2022-03-25
U225,User_225,2022-12-12
U226,User_226,2022-07-21
U227,User_227,2022-06-26
U228,User_228,2022-09-02
U229,User_229,2022-09-17
U230,User_230,2022-08-12
U231,User_231,2022-04-15
U232,User_232,2022-08-16
U233,User_233,2022-06-30
U234,User_234,2023-01-01
U235,User_235,2022-08-17
U236,User_236,2022-12-19
U237,User_237,2022-04-16
U238,User_238,2022-10-23
U239,User_239,2022-05-01
U240,User_240,2022-11-30
U241,User_241,2022-10-18
U242,User_242,2022-02-25
U243,User_243,2022-12-18
U244,User_244,2022-01-06
U245,User_245,2022-08-18
U246,User_246,2022-01-25
U247,User_247,2022-11-30
U248,User_248,2022-03-23
U249,User_249,2022-04-27
U250,User_250,2022-07-03
U251,User_251,2022-05-14
U252,User_252,2022-10-12
U253,User_253,2022-04-10
U254,User_254,2022-10-05
U255,User_255,2022-01-28
U256,User_256,2022-07-11
U257,User_257,2022-02-05
U258,User_258,2022-10-13
U259,User_259,2022-06-16
U260,User_260,2022-01-31
U261,User_261,2022-12-18
U262,User_262,2022-04-04
U263,User_263,2022-08-19
U264,User_264,2022-03-04
U265,User_265,2022-06-12
U266,User_266,2022-02-28
U267,User_267,2022-03-30
U268,User_268,2022-04-07
U269,User_269,2022-05-19
U270,User_270,2022-10-07
U271,User_271,2022-02-20
U272,User_272,2022-07-14
U273,User_273,2022-04-30
U274,User_274,2022-01-31
U275,User_275,2022-11-27
U276,User_276,2022-07-04
U277,User_277,2022-03-06
U278,User_278,2022-11-14
U279,User_279,2022-07-27
U280,User_280,2022-12-08
U281,User_281,2022-09-24
U282,User_282,2022-12-07
U283,User_283,2022-01-10
U284,User_284,2022-02-28
U285,User_285,2022-01-29
U286,User_286,2022-03-05
U287,User_287,2022-10-22
U288,User_288,2022-03-12
U289,User_289,2022-07-06
U290,User_290,2022-10-16
U291,User_291,2022-08-16
U292,User_292,2022-06-03
U293,User_293,2022-04-03
U294,User_294,2022-02-02
U295,User_295,2022-01-13
U296,User_296,2022-09-02
U297,User_297,2022-09-12
U298,User_298,2022-07-15
U299,User_299,2022-07-25
U300,User_300,2022-08-11
U301,User_301,2022-07-26
U302,User_302,2022-06-06
U303,User_303,2022-06-21
U304,User_304,2022-07-01
U305,User_305,2022-03-30
U306,User_306,2022-09-02
U307,User_307,2022-04-15
U308,User_308,2022-10-06
U309,User_309,2022-12-15
U310,User_310,2022-08-29
U311,User_311,2022-06-30
U312,User_312,2022-11-18
U313,User_313,2022-05-14
U314,User_314,2022-11-11
U315,User_315,2022-12-04
U316,User_316,2022-02-01
U317,User_317,2022-08-13
U318,User_318,2022-03-17
U319,User_319,2022-04-01
U320,User_320,2022-10-28
U321,User_321,2022-10-04
U322,User_322,2022-12-07
U323,User_323,2022-01-07
U324,User_324,2022-07-11
U325,User_325,2022-05-05
U326,User_326,2022-04-18
U327,User_327,2022-07-23
U328,User_328,2022-01-09
U329,User_329,2022-02-11
U330,User_330,2022-12-09
U331,User_331,2022-06-13
U332,User_332,2022-01-23
U333,User_333,2022-11-13
U334,User_334,2022-06-28
U335,User_335,2022-04-25
U336,User_336,2022-06-24
U337,User_337,2022-06-13
U338,User_338,2022-10-02
U339,User_339,2022-06-09
U340,User_340,2022-12-10
U341,User_341,2022-12-04
U342,User_342,2022-10-14
U343,User_343,2022-09-13
U344,User_344,2022-02-21
U345,User_345,2022-05-13
U346,User_346,2022-02-22
U347,User_347,2022-09-04
U348,User_348,2022-03-03
U349,User_349,2022-05-26
U350,User_350,2022-03-07
U351,User_351,2022-09-12
U352,User_352,2022-10-09
U353,User_353,2022-09-15
U354,User_354,2022-04-03
U355,User_355,2022-02-23
U356,User_356,2022-09-23
U357,User_357,2022-10-29
U358,User_358,2022-10-01
U359,User_359,2022-10-02
U360,User_360,2022-05-19
U361,User_361,2022-06-12
U362,User_362,2022-12-15
U363,User_363,2022-12-08
U364,User_364,2022-03-18
U365,User_365,2022-02-27
U366,User_366,2022-10-09
U367,User_367,2022-07-19
U368,User_368,2022-10-09
U369,User_369,2022-06-12
U370,User_370,2022-03-27
U371,User_371,2022-10-28
U372,User_372,2022-06-27
U373,User_373,2022-07-12
U374,User_374,2022-08-02
U375,User_375,2022-08-18
U376,User_376,2022-03-23
U377,User_377,2022-06-13
U378,User_378,2022-04-13
U379,User_379,2022-09-24
U380,User_380,2022-05-31
U381,User_381,2022-05-10
U382,User_382,2022-02-02
U383,User_383,2022-12-07
U384,User_384,2022-12-20
U385,User_385,2022-08-03
U386,User_386,2022-01-06
U387,User_387,2022-02-09
U388,User_388,2022-08-13
U389,User_389,2022-12-02
U390,User_390,2022-06-18
U391,User_391,2022-04-04
U392,User_392,2022-08-19
U393,User_393,2022-08-07
U394,User_394,2022-03-11
U395,User_395,2022-06-18
U396,User_396,2022-03-15
U397,User_397,2022-06-25
U398,User_398,2022-06-08
U399,User_399,2022-01-09
U400,User_400,2022-12-12
U401,User_401,2022-10-05
U402,User_402,2022-09-06
U403,User_403,2022-12-18
U404,User_404,2022-03-22
U405,User_405,2022-01-11
U406,User_406,2022-03-25
U407,User_407,2022-08-27
U408,User_408,2022-09-22
U409,User_409,2022-04-15
U410,User_410,2022-08-30
U411,User_411,2022-11-20
U412,User_412,2022-07-07
U413,User_413,2022-03-02
U414,User_414,2022-11-09
U415,User_415,2022-02-13
U416,User_416,2022-03-22
U417,User_417,2022-08-11
U418,User_418,2022-02-20
U419,User_419,2022-04-09
U420,User_420,2022-08-27
U421,User_421,2022-09-08
U422,User_422,2022-10-28
U423,User_423,2022-12-03
U424,User_424,2022-11-03
U425,User_425,2022-07-07
U426,User_426,2022-09-23
U427,User_427,2022-02-28
U428,User_428,2022-03-08
U429,User_429,2022-07-07
U430,User_430,2022-08-06
U431,User_431,2022-09-06
U432,User_432,2022-01-16
U433,User_433,2022-07-18
U434,User_434,2022-05-02
U435,User_435,2022-09-29
U436,User_436,2022-04-05
U437,User_437,2022-08-04
U438,User_438,2022-12-15
U439,User_439,2022-01-17
U440,User_440,2022-01-29
U441,User_441,2022-12-17
U442,User_442,2022-12-31
U443,User_443,2022-05-02
U444,User_444,2022-05-19
U445,User_445,2022-03-11
U446,User_446,2022-10-03
U447,User_447,2022-10-08
U448,User_448,2022-04-16
U449,User_449,2022-01-23
U450,User_450,2022-04-04
U451,User_451,2022-08-21
U452,User_452,2022-05-24
U453,User_453,2022-12-05
U454,User_454,2022-11-13
U455,User_455,2022-08-02
U456,User_456,2022-11-01
U457,User_457,2022-12-22
U458,User_458,2022-03-18
U459,User_459,2022-03-13
U460,User_460,2022-02-27
U461,User_461,2022-09-03
U462,User_462,2022-08-17
U463,User_463,2022-01-20
U464,User_464,2022-08-22
U465,User_465,2022-09-14
U466,User_466,2022-08-31
U467,User_467,2022-03-28
U468,User_468,2022-07-18
U469,User_469,2022-04-01
U470,User_470,2022-04-04
U471,User_471,2022-04-07
U472,User_472,2022-08-07
U473,User_473,2022-01-16
U474,User_474,2022-02-25
U475,User_475,2022-12-18
U476,User_476,2022-06-16
U477,User_477,2022-08-05
U478,User_478,2022-10-06
U479,User_479,2022-05-08
U480,User_480,2022-11-10
U481,User_481,2022-04-10
U482,User_482,2022-01-28
U483,User_483,2022-10-25
U484,User_484,2022-09-21
U485,User_485,2022-10-15
U486,User_486,2022-04-26
U487,User_487,2022-07-22
U488,User_488,2022-10-23
U489,User_489,2022-04-13
U490,User_490,2022-05-16
U491,User_491,2022-10-04
U492,User_492,2022-07-01
U493,User_493,2022-09-28
U494,User_494,2022-08-25
U495,User_495,2022-03-08
U496,User_496,2022-11-26
U497,User_497,2022-12-05
U498,User_498,2022-12-01
U499,User_499,2022-11-16
U500,User_500,2022-03-03
U501,User_501,2022-02-21
U502,User_502,2022-05-09
U503,User_503,2022-05-19
U504,User_504,2022-07-02
U505,User_505,2022-12-28
U506,User_506,2022-10-01
U507,User_507,2022-09-07
U508,User_508,2022-03-04
U509,User_509,2022-03-20
U510,User_510,2022-02-06
U511,User_511,2022-05-07
U512,User_512,2022-07-03
U513,User_513,2022-08-14
U514,User_514,2022-08-21
U515,User_515,2022-08-10
U516,User_516,2022-08-01
U517,User_517,2022-08-11
U518,User_518,2022-11-13
U519,User_519,2022-09-26
U520,User_520,2022-10-24
U521,User_521,2022-06-07
U522,User_522,2022-09-30
U523,User_523,2022-07-13
U524,User_524,2022-09-21
U525,User_525,2022-04-27
U526,User_526,2022-07-24
U527,User_527,2022-07-23
U528,User_528,2022-03-28
U529,User_529,2022-12-12
U530,User_530,2022-05-03
U531,User_531,2022-07-05
U532,User_532,2022-05-10
U533,User_533,2022-07-23
U534,User_534,2022-04-25
U535,User_535,2022-12-11
U536,User_536,2022-06-20
U537,User_537,2022-11-03
U538,User_538,2022-10-05
U539,User_539,2022-11-09
U540,User_540,2022-01-22
U541,User_541,2022-09-09
U542,User_542,2022-04-05
U543,User_543,2022-08-23
U544,User_544,2022-03-15
U545,User_545,2022-08-16
U546,User_546,2022-12-02
U547,User_547,2022-09-20
U548,User_548,2022-07-15
U549,User_549,2022-03-27
U550,User_550,2022-12-16
U551,User_551,2022-11-29
U552,User_552,2022-12-07
U553,User_553,2022-04-10
U554,User_554,2022-12-16
U555,User_555,2022-01-24
U556,User_556,2022-03-13
U557,User_557,2022-03-28
U558,User_558,2022-02-09
U559,User_559,2022-10-24
U560,User_560,2022-10-17
U561,User_561,2022-06-23
U562,User_562,2022-12-24
U563,User_563,2022-12-06
U564,User_564,2022-07-20
U565,User_565,2022-12-18
U566,User_566,2022-06-23
U567,User_567,2022-05-09
U568,User_568,2022-06-08
U569,User_569,2022-05-19
U570,User_570,2022-05-24
U571,User_571,2022-10-14
U572,User_572,2022-02-08
U573,User_573,2022-12-26
U574,User_574,2022-08-13
U575,User_575,2022-07-05
U576,User_576,2022-11-25
U577,User_577,2022-04-20
U578,User_578,2022-12-13
U579,User_579,2022-08-27
U580,User_580,2022-12-31
U581,User_581,2022-10-15
U582,User_582,2022-04-09
U583,User_583,2022-01-20
U584,User_584,2022-02-09
U585,User_585,2022-12-22
U586,User_586,2022-09-10
U587,User_587,2022-09-04
U588,User_588,2022-09-16
U589,User_589,2022-07-12
U590,User_590,2022-11-04
U591,User_591,2022-12-28
U592,User_592,2022-10-01
U593,User_593,2022-02-20
U594,User_594,2022-10-10
U595,User_595,2022-12-21
U596,User_596,2022-03-06
U597,User_597,2022-02-10
U598,User_598,2022-09-17
U599,User_599,2022-12-22
U600,User_600,2022-09-22
U601,User_601,2022-09-19
U602,User_602,2022-12-04
U603,User_603,2022-09-15
U604,User_604,2022-10-19
U605,User_605,2022-07-14
U606,User_606,2022-11-27
U607,User_607,2022-03-29
U608,User_608,2022-03-01
U609,User_609,2022-09-26
U610,User_610,2022-07-12
U611,User_611,2022-11-01
U612,User_612,2022-02-27
U613,User_613,2022-09-13
U614,User_614,2022-10-28
U615,User_615,2022-09-05
U616,User_616,2022-05-05
U617,User_617,2022-08-31
U618,User_618,2022-03-21
U619,User_619,2022-07-24
U620,User_620,2022-10-23
U621,User_621,2022-04-03
U622,User_622,2022-02-23
U623,User_623,2022-10-16
U624,User_624,2022-05-10
U625,User_625,2022-11-20
U626,User_626,2022-04-01
U627,User_627,2022-02-03
U628,User_628,2022-01-20
U629,User_629,2022-10-27
U630,User_630,2022-02-12
U631,User_631,2022-09-26
U632,User_632,2022-12-10
U633,User_633,2022-12-29
U634,User_634,2022-07-12
U635,User_635,2022-12-13
U636,User_636,2022-01-06
U637,User_637,2022-12-23
U638,User_638,2022-06-07
U639,User_639,2022-06-12
U640,User_640,2022-06-12
U641,User_641,2022-11-07
U642,User_642,2022-10-20
U643,User_643,2022-05-16
U644,User_644,2022-09-07
U645,User_645,2022-03-20
U646,User_646,2022-07-28
U647,User_647,2022-03-12
U648,User_648,2022-05-17
U649,User_649,2022-07-16
U650,User_650,2022-10-18
U651,User_651,2022-09-19
U652,User_652,2022-08-26
U653,User_653,2022-05-17
U654,User_654,2022-10-13
U655,User_655,2022-02-17
U656,User_656,2022-12-08
U657,User_657,2022-09-07
U658,User_658,2022-05-06
U659,User_659,2022-02-03
U660,User_660,2022-08-29
U661,User_661,2022-05-28
U662,User_662,2022-09-25
U663,User_663,2022-04-14
U664,User_664,2022-10-18
U665,User_665,2022-05-20
U666,User_666,2022-10-28
U667,User_667,2022-05-03
U668,User_668,2022-05-30
U669,User_669,2022-12-22
U670,User_670,2022-04-26
U671,User_671,2022-11-29
U672,User_672,2022-07-15
U673,User_673,2022-11-08
U674,User_674,2022-12-10
U675,User_675,2022-06-15
U676,User_676,2022-12-29
U677,User_677,2022-11-08
U678,User_678,2022-04-07
U679,User_679,2022-07-21
U680,User_680,2022-03-18
U681,User_681,2022-05-06
U682,User_682,2022-11-23
U683,User_683,2022-07-08
U684,User_684,2022-08-10
U685,User_685,2022-06-29
U686,User_686,2022-11-17
U687,User_687,2022-01-31
U688,User_688,2022-04-23
U689,User_689,2022-10-21
U690,User_690,2022-08-25
U691,User_691,2022-10-11
U692,User_692,2022-06-08
U693,User_693,2022-02-25
U694,User_694,2022-07-05
U695,User_695,2022-01-06
U696,User_696,2022-08-04
U697,User_697,2022-09-14
U698,User_698,2022-02-19
U699,User_699,2022-12-11
U700,User_700,2022-03-26
U701,User_701,2022-01-24
U702,User_702,2022-07-27
U703,User_703,2022-08-21
U704,User_704,2022-12-03
U705,User_705,2022-08-10
U706,User_706,2022-09-03
U707,User_707,2022-12-09
U708,User_708,2022-05-15
U709,User_709,2022-01-06
U710,User_710,2022-04-11
U711,User_711,2022-03-13
U712,User_712,2022-11-07
U713,User_713,2022-06-27
U714,User_714,2022-10-14
U715,User_715,2022-06-16
U716,User_716,2022-11-29
U717,User_717,2022-10-31
U718,User_718,2022-06-17
U719,User_719,2022-07-06
U720,User_720,2022-05-27
U721,User_721,2022-04-24
U722,User_722,2022-03-01
U723,User_723,2022-03-21
U724,User_724,2022-05-19
U725,User_725,2022-09-27
U726,User_726,2022-02-03
U727,User_727,2022-02-08
U728,User_728,2022-03-17
U729,User_729,2022-11-13
U730,User_730,2022-12-04
U731,User_731,2022-01-02
U732,User_732,2022-05-02
U733,User_733,2022-08-06
U734,User_734,2022-05-21
U735,User_735,2022-10-25
U736,User_736,2022-02-07
U737,User_737,2022-03-10
U738,User_738,2022-05-18
U739,User_739,2022-01-23
U740,User_740,2022-06-19
U741,User_741,2022-02-13
U742,User_742,2022-09-19
U743,User_743,2022-07-01
U744,User_744,2022-02-05
U745,User_745,2022-04-25
U746,User_746,2022-06-29
U747,User_747,2022-10-12
U748,User_748,2022-09-12
U749,User_749,2022-02-22
U750,User_750,2022-06-11
U751,User_751,2022-04-02
U752,User_752,2022-03-09
U753,User_753,2022-01-22
U754,User_754,2022-07-16
U755,User_755,2022-09-25
U756,User_756,2022-10-03
U757,User_757,2022-02-01
U758,User_758,2022-08-29
U759,User_759,2022-07-16
U760,User_760,2022-07-16
U761,User_761,2022-03-07
U762,User_762,2022-08-24
U763,User_763,2022-04-19
U764,User_764,2022-02-06
U765,User_765,2022-04-08
U766,User_766,2022-07-21
U767,User_767,2022-03-10
U768,User_768,2022-10-09
U769,User_769,2022-11-20
U770,User_770,2022-02-20
U771,User_771,2022-07-11
U772,User_772,2022-04-05
U773,User_773,2022-12-10
U774,User_774,2022-09-03
U775,User_775,2022-02-27
U776,User_776,2022-07-10
U777,User_777,2022-02-22
U778,User_778,2022-10-13
U779,User_779,2022-08-03
U780,User_780,2022-12-25
U781,User_781,2022-03-27
U782,User_782,2022-02-08
U783,User_783,2022-05-07
U784,User_784,2022-11-19
U785,User_785,2022-08-24
U786,User_786,2022-01-11
U787,User_787,2022-12-10
U788,User_788,2022-07-26
U789,User_789,2022-10-06
U790,User_790,2022-11-20
U791,User_791,2022-07-18
U792,User_792,2022-02-23
U793,User_793,2022-05-26
U794,User_794,2022-05-13
U795,User_795,2022-04-22
U796,User_796,2022-11-26
U797,User_797,2022-09-30
U798,User_798,2022-01-02
U799,User_799,2022-04-06
U800,User_800,2022-07-20
U801,User_801,2022-07-18
U802,User_802,2022-08-18
U803,User_803,2022-03-14
U804,User_804,2022-01-24
U805,User_805,2022-07-03
U806,User_806,2022-11-26
U807,User_807,2022-07-22
U808,User_808,2022-09-16
U809,User_809,2022-12-06
U810,User_810,2022-01-03
U811,User_811,2022-07-09
U812,User_812,2022-05-07
U813,User_813,2022-04-19
U814,User_814,2022-04-19
U815,User_815,2022-07-08
U816,User_816,2022-05-14
U817,User_817,2022-04-07
U818,User_818,2022-04-16
U819,User_819,2022-06-08
U820,User_820,2022-01-15
U821,User_821,2022-09-11
U822,User_822,2022-06-15
U823,User_823,2022-12-02
U824,User_824,2022-08-16
U825,User_825,2022-08-22
U826,User_826,2022-06-09
U827,User_827,2022-07-20
U828,User_828,2022-04-27
U829,User_829,2022-04-14
U830,User_830,2022-08-02
U831,User_831,2022-08-11
U832,User_832,2022-06-29
U833,User_833,2022-03-18
U834,User_834,2022-07-16
U835,User_835,2022-07-13
U836,User_836,2022-09-04
U837,User_837,2022-03-18
U838,User_838,2022-04-11
U839,User_839,2022-07-14
U840,User_840,2022-10-17
U841,User_841,2022-01-02
U842,User_842,2022-08-17
U843,User_843,2022-11-14
U844,User_844,2022-11-08
U845,User_845,2022-09-07
U846,User_846,2022-03-21
U847,User_847,2022-05-04
U848,User_848,2022-02-08
U849,User_849,2022-02-08
U850,User_850,2022-12-23
U851,User_851,2022-04-19
U852,User_852,2022-11-23
U853,User_853,2022-02-02
U854,User_854,2022-06-23
U855,User_855,2022-11-20
U856,User_856,2022-01-07
U857,User_857,2022-04-21
U858,User_858,2022-08-18
U859,User_859,2022-08-05
U860,User_860,2022-11-20
U861,User_861,2022-07-03
U862,User_862,2022-07-25
U863,User_863,2022-03-08
U864,User_864,2022-10-07
U865,User_865,2022-06-30
U866,User_866,2022-04-27
U867,User_867,2022-04-14
U868,User_868,2022-09-02
U869,User_869,2022-05-15
U870,User_870,2022-09-11
U871,User_871,2022-06-09
U872,User_872,2022-05-26
U873,User_873,2022-03-18
U874,User_874,2022-07-14
U875,User_875,2022-10-10
U876,User_876,2022-09-28
U877,User_877,2022-08-31
U878,User_878,2022-02-05
U879,User_879,2022-12-20
U880,User_880,2022-04-21
U881,User_881,2022-06-09
U882,User_882,2022-04-30
U883,User_883,2022-12-18
U884,User_884,2022-03-16
U885,User_885,2022-12-17
U886,User_886,2022-04-28
U887,User_887,2022-08-07
U888,User_888,2022-02-22
U889,User_889,2022-06-09
U890,User_890,2022-03-13
U891,User_891,2022-11-21
U892,User_892,2022-03-26
U893,User_893,2022-09-12
U894,User_894,2022-05-04
U895,User_895,2022-11-12
U896,User_896,2022-11-19
U897,User_897,2022-09-20
U898,User_898,2022-07-09
U899,User_899,2022-10-29
U900,User_900,2022-05-17
U901,User_901,2022-06-23
U902,User_902,2022-04-14
U903,User_903,2022-02-24
U904,User_904,2022-09-30
U905,User_905,2022-06-12
U906,User_906,2022-10-07
U907,User_907,2022-02-27
U908,User_908,2022-03-03
U909,User_909,2022-10-13
U910,User_910,2022-07-08
U911,User_911,2022-02-13
U912,User_912,2022-10-10
U913,User_913,2022-03-03
U914,User_914,2022-09-10
U915,User_915,2022-09-23
U916,User_916,2022-07-09
U917,User_917,2022-02-01
U918,User_918,2022-04-25
U919,User_919,2022-11-29
U920,User_920,2022-02-15
U921,User_921,2022-05-25
U922,User_922,2022-04-30
U923,User_923,2022-10-12
U924,User_924,2022-07-11
U925,User_925,2022-08-15
U926,User_926,2022-01-26
U927,User_927,2022-11-06
U928,User_928,2022-08-08
U929,User_929,2022-09-24
U930,User_930,2022-12-27
U931,User_931,2022-02-09
U932,User_932,2022-12-24
U933,User_933,2022-07-14
U934,User_934,2022-09-19
U935,User_935,2022-09-02
U936,User_936,2022-11-07
U937,User_937,2022-12-24
U938,User_938,2022-01-13
U939,User_939,2022-11-18
U940,User_940,2022-08-30
U941,User_941,2022-11-03
U942,User_942,2022-06-18
U943,User_943,2022-01-15
U944,User_944,2022-05-29
U945,User_945,2022-01-20
U946,User_946,2022-05-30
U947,User_947,2022-07-05
U948,User_948,2022-06-17
U949,User_949,2022-01-04
U950,User_950,2022-07-01
U951,User_951,2022-06-14
U952,User_952,2022-05-27
U953,User_953,2022-05-26
U954,User_954,2022-09-12
U955,User_955,2022-04-13
U956,User_956,2022-09-22
U957,User_957,2022-05-18
U958,User_958,2022-04-05
U959,User_959,2022-11-28
U960,User_960,2022-10-06
U961,User_961,2022-09-04
U962,User_962,2022-03-31
U963,User_963,2022-11-07
U964,User_964,2022-07-12
U965,User_965,2022-01-02
U966,User_966,2022-07-26
U967,User_967,2022-06-13
U968,User_968,2022-07-15
U969,User_969,2022-02-10
U970,User_970,2022-07-19
U971,User_971,2022-12-30
U972,User_972,2022-12-10
U973,User_973,2022-08-06
U974,User_974,2022-07-08
U975,User_975,2022-06-17
U976,User_976,2022-08-23
U977,User_977,2022-06-11
U978,User_978,2022-12-07
U979,User_979,2022-04-17
U980,User_980,2022-03-13
U981,User_981,2022-05-20
U982,User_982,2022-06-11
U983,User_983,2022-08-18
U984,User_984,2022-07-24
U985,User_985,2022-05-20
U986,User_986,2022-08-20
U987,User_987,2022-08-14
U988,User_988,2022-02-21
U989,User_989,2022-08-29
U990,User_990,2022-07-26
U991,User_991,2022-12-22
U992,User_992,2022-06-28
U993,User_993,2022-11-29
U994,User_994,2023-01-01
U995,User_995,2022-01-19
U996,User_996,2022-09-19
U997,User_997,2022-11-08
U998,User_998,2022-11-18
U999,User_999,2022-09-22
U1000,User_1000,2022-06-22
U1001,User_1001,2022-07-29
U1002,User_1002,2022-03-20
U1003,User_1003,2022-04-17
U1004,User_1004,2022-11-16
U1005,User_1005,2022-12-26
U1006,User_1006,2022-01-27
U1007,User_1007,2022-06-08
U1008,User_1008,2022-11-02
U1009,User_1009,2022-02-04
U1010,User_1010,2022-11-20
U1011,User_1011,2022-01-30
U1012,User_1012,2022-01-16
U1013,User_1013,2022-11-11
U1014,User_1014,2022-07-16
U1015,User_1015,2022-04-12
U1016,User_1016,2022-09-13
U1017,User_1017,2022-03-31
U1018,User_1018,2022-09-11
U1019,User_1019,2022-03-20
U1020,User_1020,2022-12-14
U1021,User_1021,2022-08-29
U1022,User_1022,2022-04-13
U1023,User_1023,2022-04-17
U1024,User_1024,2022-07-04
U1025,User_1025,2022-12-27
U1026,User_1026,2022-01-27
U1027,User_1027,2022-06-20
U1028,User_1028,2022-07-16
U1029,User_1029,2022-10-12
U1030,User_1030,2022-06-18
U1031,User_1031,2022-06-20
U1032,User_1032,2022-11-24
U1033,User_1033,2022-06-10
U1034,User_1034,2022-05-09
U1035,User_1035,2022-01-16
U1036,User_1036,2022-02-24
U1037,User_1037,2022-05-31
U1038,User_1038,2022-12-07
U1039,User_1039,2022-06-04
U1040,User_1040,2022-02-02
U1041,User_1041,2022-11-22
U1042,User_1042,2022-12-24
U1043,User_1043,2022-02-27
U1044,User_1044,2022-12-14
U1045,User_1045,2022-03-14
U1046,User_1046,2022-11-22
U1047,User_1047,2022-08-18
U1048,User_1048,2022-07-03
U1049,User_1049,2022-01-16
U1050,User_1050,2022-12-22
U1051,User_1051,2022-01-24
U1052,User_1052,2022-04-04
U1053,User_1053,2022-07-29
U1054,User_1054,2022-07-31
U1055,User_1055,2022-10-13
U1056,User_1056,2022-12-04
U1057,User_1057,2022-12-06
U1058,User_1058,2022-02-06
U1059,User_1059,2022-04-29
U1060,User_1060,2022-05-28
U1061,User_1061,2022-11-18
U1062,User_1062,2022-05-28
U1063,User_1063,2022-03-16
U1064,User_1064,2022-10-17
U1065,User_1065,2022-08-29
U1066,User_1066,2022-09-28
U1067,User_1067,2022-09-03
U1068,User_1068,2022-06-14
U1069,User_1069,2022-12-09
U1070,User_1070,2022-07-08
U1071,User_1071,2022-09-07
U1072,User_1072,2022-09-17
U1073,User_1073,2022-12-27
U1074,User_1074,2022-02-17
U1075,User_1075,2022-07-05
U1076,User_1076,2022-12-05
U1077,User_1077,2022-04-09
U1078,User_1078,2022-05-01
U1079,User_1079,2022-04-23
U1080,User_1080,2022-06-25
U1081,User_1081,2022-12-03
U1082,User_1082,2022-05-14
U1083,User_1083,2022-05-26
U1084,User_1084,2022-09-15
U1085,User_1085,2022-10-13
U1086,User_1086,2022-03-29
U1087,User_1087,2022-01-25
U1088,User_1088,2022-07-28
U1089,User_1089,2022-03-28
U1090,User_1090,2022-01-24
U1091,User_1091,2022-10-06
U1092,User_1092,2022-06-24
U1093,User_1093,2022-05-17
U1094,User_1094,2022-01-12
U1095,User_1095,2022-04-06
U1096,User_1096,2022-05-28
U1097,User_1097,2022-12-12
U1098,User_1098,2022-04-12
U1099,User_1099,2022-05-29
U1100,User_1100,2022-07-20
U1101,User_1101,2022-03-09
U1102,User_1102,2022-08-16
U1103,User_1103,2022-04-08
U1104,User_1104,2022-02-20
U1105,User_1105,2022-07-24
U1106,User_1106,2022-12-09
U1107,User_1107,2022-04-03
U1108,User_1108,2022-12-01
U1109,User_1109,2022-01-31
U1110,User_1110,2022-08-28
U1111,User_1111,2022-01-26
U1112,User_1112,2022-04-26
U1113,User_1113,2022-04-06
U1114,User_1114,2022-05-28
U1115,User_1115,2022-09-23
U1116,User_1116,2022-03-20
U1117,User_1117,2022-07-27
U1118,User_1118,2022-11-03
U1119,User_1119,2022-06-02
U1120,User_1120,2022-08-10
U1121,User_1121,2022-04-14
U1122,User_1122,2022-05-20
U1123,User_1123,2022-12-05
U1124,User_1124,2022-04-12
U1125,User_1125,2022-07-06
U1126,User_1126,2022-05-26
U1127,User_1127,2022-10-06
U1128,User_1128,2022-01-05
U1129,User_1129,2022-06-02
U1130,User_1130,2022-05-15
U1131,User_1131,2022-06-21
U1132,User_1132,2022-08-17
U1133,User_1133,2022-07-14
U1134,User_1134,2022-02-27
U1135,User_1135,2022-02-15
U1136,User_1136,2022-04-28
U1137,User_1137,2022-12-16
U1138,User_1138,2022-10-22
U1139,User_1139,2022-12-15
U1140,User_1140,2022-09-04
U1141,User_1141,2022-12-16
U1142,User_1142,2022-07-02
U1143,User_1143,2022-05-10
U1144,User_1144,2022-06-12
U1145,User_1145,2022-11-09
U1146,User_1146,2022-01-04
U1147,User_1147,2022-10-06
U1148,User_1148,2022-09-26
U1149,User_1149,2022-12-14
U1150,User_1150,2022-05-18
U1151,User_1151,2022-05-09
U1152,User_1152,2022-08-19
U1153,User_1153,2022-08-19
U1154,User_1154,2022-05-04
U1155,User_1155,2022-09-19
U1156,User_1156,2022-02-04
U1157,User_1157,2022-12-30
U1158,User_1158,2022-09-30
U1159,User_1159,2022-12-22
U1160,User_1160,2022-11-20
U1161,User_1161,2022-11-12
U1162,User_1162,2022-06-12
U1163,User_1163,2022-01-26
U1164,User_1164,2022-04-02
U1165,User_1165,2022-08-16
U1166,User_1166,2022-02-16
U1167,User_1167,2022-12-28
U1168,User_1168,2022-11-13
U1169,User_1169,2022-06-16
U1170,User_1170,2022-09-18
U1171,User_1171,2022-10-06
U1172,User_1172,2022-11-06
U1173,User_1173,2022-09-22
U1174,User_1174,2022-12-18
U1175,User_1175,2022-07-11
U1176,User_1176,2022-09-05
U1177,User_1177,2022-05-01
U1178,User_1178,2022-09-05
U1179,User_1179,2022-01-06
U1180,User_1180,2022-07-05
U1181,User_1181,2022-07-01
U1182,User_1182,2022-03-08
U1183,User_1183,2022-04-13
U1184,User_1184,2022-06-16
U1185,User_1185,2022-05-19
U1186,User_1186,2022-06-11
U1187,User_1187,2022-12-25
U1188,User_1188,2022-01-17
U1189,User_1189,2022-05-16
U1190,User_1190,2022-09-13
U1191,User_1191,2022-05-30
U1192,User_1192,2022-12-26
U1193,User_1193,2022-08-21
U1194,User_1194,2022-03-23
U1195,User_1195,2022-06-27
U1196,User_1196,2022-02-05
U1197,User_1197,2022-05-26
U1198,User_1198,2022-12-05
U1199,User_1199,2022-08-31
U1200,User_1200,2022-10-05
U1201,User_1201,2022-11-20
U1202,User_1202,2022-05-22
U1203,User_1203,2022-07-08
U1204,User_1204,2022-03-17
U1205,User_1205,2022-11-11
U1206,User_1206,2022-09-19
U1207,User_1207,2022-02-18
U1208,User_1208,2022-10-29
U1209,User_1209,2022-11-17
U1210,User_1210,2022-05-31
U1211,User_1211,2022-04-15
U1212,User_1212,2022-02-20
U1213,User_1213,2022-05-30
U1214,User_1214,2022-07-08
U1215,User_1215,2022-11-08
U1216,User_1216,2022-11-22
U1217,User_1217,2022-09-28
U1218,User_1218,2022-06-03
U1219,User_1219,2022-10-07
U1220,User_1220,2022-08-26
U1221,User_1221,2022-04-02
U1222,User_1222,2022-04-26
U1223,User_1223,2022-04-07
U1224,User_1224,2022-08-21
U1225,User_1225,2022-02-14
U1226,User_1226,2022-09-08
U1227,User_1227,2022-01-24
U1228,User_1228,2022-07-26
U1229,User_1229,2022-09-27
U1230,User_1230,2022-11-21
U1231,User_1231,2022-06-17
U1232,User_1232,2022-07-14
U1233,User_1233,2022-11-23
U1234,User_1234,2022-07-11
U1235,User_1235,2022-07-11
U1236,User_1236,2022-12-30
U1237,User_1237,2022-01-28
U1238,User_1238,2022-08-19
U1239,User_1239,2022-08-18
U1240,User_1240,2022-07-16
U1241,User_1241,2022-11-08
U1242,User_1242,2022-08-27
U1243,User_1243,2022-09-18
U1244,User_1244,2022-08-30
U1245,User_1245,2022-07-31
U1246,User_1246,2022-01-08
U1247,User_1247,2022-03-03
U1248,User_1248,2022-01-08
U1249,User_1249,2022-04-22
U1250,User_1250,2022-01-23
U1251,User_1251,2022-08-20
U1252,User_1252,2022-01-03
U1253,User_1253,2022-02-08
U1254,User_1254,2022-01-23
U1255,User_1255,2022-08-22
U1256,User_1256,2022-10-14
U1257,User_1257,2022-03-13
U1258,User_1258,2022-10-30
U1259,User_1259,2022-06-05
U1260,User_1260,2022-01-17
U1261,User_1261,2022-10-07
U1262,User_1262,2022-10-08
U1263,User_1263,2022-11-21
U1264,User_1264,2022-03-07
U1265,User_1265,2022-03-27
U1266,User_1266,2022-11-03
U1267,User_1267,2022-09-05
U1268,User_1268,2022-12-17
U1269,User_1269,2022-07-14
U1270,User_1270,2022-01-04
U1271,User_1271,2022-04-03
U1272,User_1272,2022-10-25
U1273,User_1273,2022-04-24
U1274,User_1274,2022-11-14
U1275,User_1275,2022-04-08
U1276,User_1276,2022-02-06
U1277,User_1277,2022-09-16
U1278,User_1278,2022-06-27
U1279,User_1279,2022-09-11
U1280,User_1280,2022-09-21
U1281,User_1281,2022-06-02
U1282,User_1282,2022-11-29
U1283,User_1283,2022-02-28
U1284,User_1284,2022-06-01
U1285,User_1285,2022-11-22
U1286,User_1286,2022-01-09
U1287,User_1287,2022-05-23
U1288,User_1288,2022-06-15
U1289,User_1289,2022-10-15
U1290,User_1290,2022-08-10
U1291,User_1291,2022-12-04
U1292,User_1292,2022-07-16
U1293,User_1293,2022-11-29
U1294,User_1294,2022-02-10
U1295,User_1295,2022-11-02
U1296,User_1296,2022-12-21
U1297,User_1297,2022-03-03
U1298,User_1298,2022-03-24
U1299,User_1299,2022-02-01
U1300,User_1300,2022-10-23
U1301,User_1301,2022-07-05
U1302,User_1302,2022-12-10
U1303,User_1303,2022-09-07
U1304,User_1304,2022-10-04
U1305,User_1305,2022-05-26
U1306,User_1306,2022-03-15
U1307,User_1307,2022-04-13
U1308,User_1308,2022-03-19
U1309,User_1309,2022-09-27
U1310,User_1310,2022-05-18
U1311,User_1311,2022-10-21
U1312,User_1312,2022-06-18
U1313,User_1313,2022-07-20
U1314,User_1314,2022-08-18
U1315,User_1315,2022-03-05
U1316,User_1316,2022-09-04
U1317,User_1317,2022-09-03
U1318,User_1318,2022-03-11
U1319,User_1319,2022-08-01
U1320,User_1320,2022-02-23
U1321,User_1321,2022-10-24
U1322,User_1322,2022-11-23
U1323,User_1323,2022-01-25
U1324,User_1324,2022-04-08
U1325,User_1325,2022-12-16
U1326,User_1326,2022-09-23
U1327,User_1327,2022-11-13
U1328,User_1328,2022-06-08
U1329,User_1329,2022-09-24
U1330,User_1330,2022-10-13
U1331,User_1331,2022-04-20
U1332,User_1332,2022-03-12
U1333,User_1333,2022-04-06
U1334,User_1334,2022-11-08
U1335,User_1335,2022-08-03
U1336,User_1336,2022-03-29
U1337,User_1337,2022-02-09
U1338,User_1338,2022-04-11
U1339,User_1339,2022-06-18
U1340,User_1340,2022-02-14
U1341,User_1341,2022-01-15
U1342,User_1342,2022-10-27
U1343,User_1343,2022-10-02
U1344,User_1344,2022-08-08
U1345,User_1345,2022-02-14
U1346,User_1346,2022-03-30
U1347,User_1347,2022-08-15
U1348,User_1348,2022-12-06
U1349,User_1349,2022-07-22
U1350,User_1350,2022-04-16
U1351,User_1351,2022-06-26
U1352,User_1352,2022-05-28
U1353,User_1353,2022-06-24
U1354,User_1354,2022-12-15
U1355,User_1355,2022-12-13
U1356,User_1356,2022-01-21
U1357,User_1357,2022-07-11
U1358,User_1358,2022-07-31
U1359,User_1359,2022-04-03
U1360,User_1360,2022-11-20
U1361,User_1361,2022-10-15
U1362,User_1362,2022-05-09
U1363,User_1363,2022-05-02
U1364,User_1364,2022-01-03
U1365,User_1365,2022-04-02
U1366,User_1366,2022-11-17
U1367,User_1367,2022-02-27
U1368,User_1368,2022-07-25
U1369,User_1369,2022-10-06
U1370,User_1370,2022-05-12
U1371,User_1371,2022-11-10
U1372,User_1372,2022-09-14
U1373,User_1373,2022-08-17
U1374,User_1374,2022-08-18
U1375,User_1375,2022-12-12
U1376,User_1376,2022-04-29
U1377,User_1377,2022-07-17
U1378,User_1378,2022-05-24
U1379,User_1379,2022-03-20
U1380,User_1380,2022-06-08
U1381,User_1381,2022-07-16
U1382,User_1382,2022-07-28
U1383,User_1383,2022-06-21
U1384,User_1384,2022-12-18
U1385,User_1385,2022-08-06
U1386,User_1386,2022-06-26
U1387,User_1387,2022-03-07
U1388,User_1388,2022-01-31
U1389,User_1389,2022-06-21
U1390,User_1390,2022-05-21
U1391,User_1391,2022-10-09
U1392,User_1392,2022-10-14
U1393,User_1393,2022-09-03
U1394,User_1394,2022-04-06
U1395,User_1395,2022-12-25
U1396,User_1396,2022-10-08
U1397,User_1397,2022-07-23
U1398,User_1398,2022-10-11
U1399,User_1399,2022-12-25
U1400,User_1400,2022-11-19
U1401,User_1401,2022-03-02
U1402,User_1402,2022-09-18
U1403,User_1403,2022-10-21
U1404,User_1404,2022-02-01
U1405,User_1405,2022-04-24
U1406,User_1406,2022-01-16
U1407,User_1407,2022-09-29
U1408,User_1408,2022-11-24
U1409,User_1409,2022-02-01
U1410,User_1410,2022-06-20
U1411,User_1411,2022-09-25
U1412,User_1412,2022-12-18
U1413,User_1413,2022-12-10
U1414,User_1414,2022-02-18
U1415,User_1415,2022-06-02
U1416,User_1416,2022-01-10
U1417,User_1417,2022-01-25
U1418,User_1418,2022-11-06
U1419,User_1419,2022-08-17
U1420,User_1420,2022-07-07
U1421,User_1421,2022-06-01
U1422,User_1422,2022-04-16
U1423,User_1423,2022-03-27
U1424,User_1424,2022-11-25
U1425,User_1425,2022-08-10
U1426,User_1426,2022-07-29
U1427,User_1427,2022-11-12
U1428,User_1428,2022-06-18
U1429,User_1429,2022-10-25
U1430,User_1430,2022-10-01
U1431,User_1431,2022-10-19
U1432,User_1432,2022-03-04
U1433,User_1433,2022-05-20
U1434,User_1434,2022-10-07
U1435,User_1435,2022-07-11
U1436,User_1436,2022-10-11
U1437,User_1437,2022-12-10
U1438,User_1438,2022-06-19
U1439,User_1439,2022-01-14
U1440,User_1440,2022-12-31
U1441,User_1441,2022-08-22
U1442,User_1442,2022-06-26
U1443,User_1443,2022-04-03
U1444,User_1444,2022-07-26
U1445,User_1445,2022-11-20
U1446,User_1446,2022-07-23
U1447,User_1447,2022-06-19
U1448,User_1448,2022-06-20
U1449,User_1449,2022-03-08
U1450,User_1450,2022-02-20
U1451,User_1451,2022-03-25
U1452,User_1452,2022-04-11
U1453,User_1453,2022-12-30
U1454,User_1454,2022-09-03
U1455,User_1455,2022-08-03
U1456,User_1456,2022-02-04
U1457,User_1457,2022-09-11
U1458,User_1458,2022-08-24
U1459,User_1459,2022-02-03
U1460,User_1460,2022-09-17
U1461,User_1461,2022-11-15
U1462,User_1462,2022-03-01
U1463,User_1463,2022-03-02
U1464,User_1464,2022-08-23
U1465,User_1465,2022-11-13
U1466,User_1466,2022-03-31
U1467,User_1467,2022-08-31
U1468,User_1468,2022-11-21
U1469,User_1469,2022-02-06
U1470,User_1470,2022-01-16
U1471,User_1471,2022-10-17
U1472,User_1472,2022-11-09
U1473,User_1473,2022-04-04
U1474,User_1474,2022-08-09
U1475,User_1475,2022-02-26
U1476,User_1476,2022-05-01
U1477,User_1477,2022-07-20
U1478,User_1478,2022-02-14
U1479,User_1479,2022-02-15
U1480,User_1480,2022-06-04
U1481,User_1481,2022-10-24
U1482,User_1482,2022-03-15
U1483,User_1483,2022-01-14
U1484,User_1484,2022-01-24
U1485,User_1485,2022-05-23
U1486,User_1486,2022-04-09
U1487,User_1487,2022-02-17
U1488,User_1488,2022-01-27
U1489,User_1489,2022-04-24
U1490,User_1490,2022-09-04
U1491,User_1491,2022-02-02
U1492,User_1492,2022-09-14
U1493,User_1493,2022-08-25
U1494,User_1494,2022-04-18
U1495,User_1495,2022-10-11
U1496,User_1496,2022-05-27
U1497,User_1497,2022-04-20
U1498,User_1498,2022-06-05
U1499,User_1499,2022-05-23
U1500,User_1500,2022-03-21
U1501,User_1501,2022-02-06
U1502,User_1502,2022-07-22
U1503,User_1503,2022-06-10
U1504,User_1504,2022-09-06
U1505,User_1505,2022-08-14
U1506,User_1506,2022-03-08
U1507,User_1507,2022-08-19
U1508,User_1508,2022-10-15
U1509,User_1509,2022-05-22
U1510,User_1510,2022-05-28
U1511,User_1511,2022-11-13
U1512,User_1512,2022-10-13
U1513,User_1513,2022-07-31
U1514,User_1514,2022-09-18
U1515,User_1515,2022-06-27
U1516,User_1516,2022-10-30
U1517,User_1517,2022-08-16
U1518,User_1518,2022-09-11
U1519,User_1519,2022-12-31
U1520,User_1520,2022-02-05
U1521,User_1521,2022-03-18
U1522,User_1522,2022-08-30
U1523,User_1523,2022-04-17
U1524,User_1524,2022-03-08
U1525,User_1525,2022-03-31
U1526,User_1526,2022-06-15
U1527,User_1527,2022-08-16
U1528,User_1528,2022-07-18
U1529,User_1529,2022-09-28
U1530,User_1530,2022-11-03
U1531,User_1531,2022-07-29
U1532,User_1532,2022-11-04
U1533,User_1533,2022-04-24
U1534,User_1534,2022-01-26
U1535,User_1535,2022-05-09
U1536,User_1536,2022-10-09
U1537,User_1537,2022-08-14
U1538,User_1538,2022-04-24
U1539,User_1539,2022-01-20
U1540,User_1540,2022-06-07
U1541,User_1541,2022-08-12
U1542,User_1542,2022-03-08
U1543,User_1543,2022-04-26
U1544,User_1544,2022-03-30
U1545,User_1545,2022-02-25
U1546,User_1546,2022-06-19
U1547,User_1547,2022-08-25
U1548,User_1548,2022-06-07
U1549,User_1549,2022-01-20
U1550,User_1550,2022-02-14
U1551,User_1551,2022-05-02
U1552,User_1552,2022-06-06
U1553,User_1553,2022-01-02
U1554,User_1554,2022-03-04
U1555,User_1555,2022-01-02
U1556,User_1556,2022-10-15
U1557,User_1557,2022-10-28
U1558,User_1558,2022-07-08
U1559,User_1559,2022-10-28
U1560,User_1560,2022-06-19
U1561,User_1561,2022-07-28
U1562,User_1562,2022-08-28
U1563,User_1563,2022-12-04
U1564,User_1564,2022-07-06
U1565,User_1565,2022-06-14
U1566,User_1566,2022-06-18
U1567,User_1567,2022-09-19
U1568,User_1568,2022-10-30
U1569,User_1569,2022-09-01
U1570,User_1570,2022-09-11
U1571,User_1571,2022-12-04
U1572,User_1572,2022-01-13
U1573,User_1573,2022-05-22
U1574,User_1574,2022-12-29
U1575,User_1575,2022-01-23
U1576,User_1576,2022-02-18
U1577,User_1577,2022-11-07
U1578,User_1578,2022-12-21
U1579,User_1579,2022-02-07
U1580,User_1580,2022-10-13
U1581,User_1581,2022-05-30
U1582,User_1582,2022-06-05
U1583,User_1583,2022-07-25
U1584,User_1584,2022-11-29
U1585,User_1585,2022-10-01
U1586,User_1586,2022-07-16
U1587,User_1587,2022-06-19
U1588,User_1588,2022-08-11
U1589,User_1589,2022-07-06
U1590,User_1590,2022-11-06
U1591,User_1591,2022-09-04
U1592,User_1592,2022-04-06
U1593,User_1593,2022-07-11
U1594,User_1594,2022-03-07
U1595,User_1595,2022-12-22
U1596,User_1596,2022-03-14
U1597,User_1597,2022-03-16
U1598,User_1598,2022-01-17
U1599,User_1599,2022-02-13
U1600,User_1600,2022-02-01
U1601,User_1601,2022-02-09
U1602,User_1602,2022-09-02
U1603,User_1603,2022-12-26
U1604,User_1604,2022-11-05
U1605,User_1605,2022-11-12
U1606,User_1606,2022-11-08
U1607,User_1607,2022-08-07
U1608,User_1608,2022-12-19
U1609,User_1609,2022-07-07
U1610,User_1610,2022-08-02
U1611,User_1611,2022-12-23
U1612,User_1612,2022-09-23
U1613,User_1613,2022-04-03
U1614,User_1614,2022-10-27
U1615,User_1615,2022-05-04
U1616,User_1616,2022-07-30
U1617,User_1617,2022-04-27
U1618,User_1618,2022-10-15
U1619,User_1619,2022-11-24
U1620,User_1620,2022-12-13
U1621,User_1621,2022-12-30
U1622,User_1622,2022-02-05
U1623,User_1623,2022-05-24
U1624,User_1624,2022-08-10
U1625,User_1625,2022-05-16
U1626,User_1626,2022-12-10
U1627,User_1627,2022-09-26
U1628,User_1628,2022-02-08
U1629,User_1629,2022-04-11
U1630,User_1630,2022-06-08
U1631,User_1631,2022-11-07
U1632,User_1632,2022-01-06
U1633,User_1633,2022-01-12
U1634,User_1634,2022-08-26
U1635,User_1635,2022-07-31
U1636,User_1636,2022-08-07
U1637,User_1637,2022-05-03
U1638,User_1638,2022-07-04
U1639,User_1639,2022-07-19
U1640,User_1640,2022-02-11
U1641,User_1641,2022-05-16
U1642,User_1642,2022-05-06
U1643,User_1643,2022-12-02
U1644,User_1644,2022-03-03
U1645,User_1645,2022-01-23
U1646,User_1646,2022-03-12
U1647,User_1647,2022-09-16
U1648,User_1648,2022-03-26
U1649,User_1649,2022-10-09
U1650,User_1650,2022-08-11
U1651,User_1651,2022-10-02
U1652,User_1652,2022-02-01
U1653,User_1653,2022-11-14
U1654,User_1654,2022-01-28
U1655,User_1655,2022-05-25
U1656,User_1656,2022-12-17
U1657,User_1657,2022-09-06
U1658,User_1658,2022-01-16
U1659,User_1659,2022-03-22
U1660,User_1660,2022-11-30
U1661,User_1661,2022-12-19
U1662,User_1662,2022-06-14
U1663,User_1663,2022-08-19
U1664,User_1664,2022-07-06
U1665,User_1665,2022-10-23
U1666,User_1666,2022-09-23
U1667,User_1667,2022-09-02
U1668,User_1668,2022-10-18
U1669,User_1669,2022-11-27
U1670,User_1670,2022-04-09
U1671,User_1671,2022-06-17
U1672,User_1672,2022-08-19
U1673,User_1673,2022-10-04
U1674,User_1674,2022-04-07
U1675,User_1675,2022-11-10
U1676,User_1676,2022-10-11
U1677,User_1677,2022-08-13
U1678,User_1678,2022-01-27
U1679,User_1679,2022-08-25
U1680,User_1680,2022-05-22
U1681,User_1681,2022-01-21
U1682,User_1682,2022-02-06
U1683,User_1683,2022-03-28
U1684,User_1684,2022-03-13
U1685,User_1685,2022-09-10
U1686,User_1686,2022-11-18
U1687,User_1687,2022-03-28
U1688,User_1688,2022-06-19
U1689,User_1689,2022-01-20
U1690,User_1690,2022-07-09
U1691,User_1691,2022-12-08
U1692,User_1692,2022-04-27
U1693,User_1693,2022-11-15
U1694,User_1694,2022-11-23
U1695,User_1695,2022-08-14
U1696,User_1696,2022-11-23
U1697,User_1697,2022-10-02
U1698,User_1698,2022-10-19
U1699,User_1699,2022-03-19
U1700,User_1700,2022-02-19
U1701,User_1701,2022-06-29
U1702,User_1702,2022-03-14
U1703,User_1703,2022-08-08
U1704,User_1704,2022-09-12
U1705,User_1705,2022-10-01
U1706,User_1706,2022-07-02
U1707,User_1707,2022-07-03
U1708,User_1708,2022-06-12
U1709,User_1709,2022-09-30
U1710,User_1710,2022-04-07
U1711,User_1711,2022-10-15
U1712,User_1712,2022-05-26
U1713,User_1713,2022-02-14
U1714,User_1714,2022-05-18
U1715,User_1715,2022-05-12
U1716,User_1716,2022-11-26
U1717,User_1717,2022-09-30
U1718,User_1718,2022-07-20
U1719,User_1719,2022-06-09
U1720,User_1720,2022-01-05
U1721,User_1721,2022-08-10
U1722,User_1722,2022-02-05
U1723,User_1723,2022-03-21
U1724,User_1724,2022-11-12
U1725,User_1725,2022-01-23
U1726,User_1726,2022-04-14
U1727,User_1727,2022-04-18
U1728,User_1728,2022-01-14
U1729,User_1729,2022-08-26
U1730,User_1730,2022-07-26
U1731,User_1731,2022-05-29
U1732,User_1732,2022-12-30
U1733,User_1733,2022-07-12
U1734,User_1734,2022-05-26
U1735,User_1735,2022-10-10
U1736,User_1736,2022-01-23
U1737,User_1737,2022-10-21
U1738,User_1738,2022-01-11
U1739,User_1739,2022-10-07
U1740,User_1740,2022-01-18
U1741,User_1741,2022-11-21
U1742,User_1742,2022-07-14
U1743,User_1743,2022-07-31
U1744,User_1744,2022-07-08
U1745,User_1745,2022-02-10
U1746,User_1746,2022-12-17
U1747,User_1747,2022-02-23
U1748,User_1748,2022-03-23
U1749,User_1749,2022-08-07
U1750,User_1750,2022-01-14
U1751,User_1751,2022-02-03
U1752,User_1752,2022-12-13
U1753,User_1753,2022-10-19
U1754,User_1754,2022-06-10
U1755,User_1755,2022-10-03
U1756,User_1756,2022-08-09
U1757,User_1757,2022-10-04
U1758,User_1758,2022-07-09
U1759,User_1759,2022-02-18
U1760,User_1760,2022-12-09
U1761,User_1761,2022-06-09
U1762,User_1762,2022-07-13
U1763,User_1763,2022-06-05
U1764,User_1764,2022-07-03
U1765,User_1765,2022-08-15
U1766,User_1766,2022-08-29
U1767,User_1767,2022-10-15
U1768,User_1768,2022-05-11
U1769,User_1769,2022-02-15
U1770,User_1770,2022-08-13
U1771,User_1771,2022-12-18
U1772,User_1772,2022-02-04
U1773,User_1773,2022-07-02
U1774,User_1774,2022-11-18
U1775,User_1775,2022-05-31
U1776,User_1776,2022-02-22
U1777,User_1777,2022-02-07
U1778,User_1778,2022-09-28
U1779,User_1779,2022-11-02
U1780,User_1780,2022-02-23
U1781,User_1781,2022-07-12
U1782,User_1782,2022-08-15
U1783,User_1783,2022-08-01
U1784,User_1784,2022-07-03
U1785,User_1785,2022-01-31
U1786,User_1786,2022-01-14
U1787,User_1787,2022-09-22
U1788,User_1788,2022-08-07
U1789,User_1789,2022-07-14
U1790,User_1790,2022-01-28
U1791,User_1791,2022-11-16
U1792,User_1792,2022-06-16
U1793,User_1793,2022-05-23
U1794,User_1794,2022-09-29
U1795,User_1795,2022-04-23
U1796,User_1796,2022-03-05
U1797,User_1797,2022-10-20
U1798,User_1798,2022-06-02
U1799,User_1799,2022-06-02
U1800,User_1800,2022-05-23
U1801,User_1801,2022-04-19
U1802,User_1802,2022-12-29
U1803,User_1803,2022-07-22
U1804,User_1804,2022-08-12
U1805,User_1805,2022-12-21
U1806,User_1806,2022-10-07
U1807,User_1807,2022-10-29
U1808,User_1808,2022-10-24
U1809,User_1809,2022-07-02
U1810,User_1810,2022-09-25
U1811,User_1811,2022-03-01
U1812,User_1812,2022-07-01
U1813,User_1813,2022-10-24
U1814,User_1814,2022-11-10
U1815,User_1815,2022-04-23
U1816,User_1816,2022-10-11
U1817,User_1817,2022-10-31
U1818,User_1818,2022-02-25
U1819,User_1819,2022-01-17
U1820,User_1820,2022-12-05
U1821,User_1821,2022-09-23
U1822,User_1822,2022-07-30
U1823,User_1823,2022-11-17
U1824,User_1824,2022-06-11
U1825,User_1825,2022-05-03
U1826,User_1826,2022-12-23
U1827,User_1827,2022-07-28
U1828,User_1828,2022-05-29
U1829,User_1829,2022-09-05
U1830,User_1830,2022-02-05
U1831,User_1831,2022-09-25
U1832,User_1832,2022-02-17
U1833,User_1833,2022-01-24
U1834,User_1834,2022-11-10
U1835,User_1835,2022-10-17
U1836,User_1836,2022-05-07
U1837,User_1837,2022-09-04
U1838,User_1838,2022-06-24
U1839,User_1839,2022-04-13
U1840,User_1840,2022-08-28
U1841,User_1841,2022-12-08
U1842,User_1842,2022-08-28
U1843,User_1843,2022-07-10
U1844,User_1844,2022-11-25
U1845,User_1845,2022-02-02
U1846,User_1846,2022-09-21
U1847,User_1847,2022-01-09
U1848,User_1848,2022-03-29
U1849,User_1849,2022-07-12
U1850,User_1850,2022-09-15
U1851,User_1851,2022-07-27
U1852,User_1852,2022-10-07
U1853,User_1853,2022-05-09
U1854,User_1854,2022-05-21
U1855,User_1855,2022-06-28
U1856,User_1856,2022-09-21
U1857,User_1857,2022-04-27
U1858,User_1858,2022-11-10
U1859,User_1859,2022-01-07
U1860,User_1860,2022-11-18
U1861,User_1861,2022-05-09
U1862,User_1862,2022-12-16
U1863,User_1863,2022-08-18
U1864,User_1864,2022-01-10
U1865,User_1865,2022-08-10
U1866,User_1866,2022-02-02
U1867,User_1867,2022-07-14
U1868,User_1868,2022-10-15
U1869,User_1869,2022-04-01
U1870,User_1870,2022-09-26
U1871,User_1871,2022-11-05
U1872,User_1872,2022-02-18
U1873,User_1873,2022-08-11
U1874,User_1874,2022-04-05
U1875,User_1875,2022-08-02
U1876,User_1876,2022-06-18
U1877,User_1877,2022-01-08
U1878,User_1878,2022-07-11
U1879,User_1879,2022-09-30
U1880,User_1880,2022-03-29
U1881,User_1881,2022-07-23
U1882,User_1882,2022-12-15
U1883,User_1883,2022-06-03
U1884,User_1884,2022-12-19
U1885,User_1885,2022-08-30
U1886,User_1886,2022-11-21
U1887,User_1887,2022-09-23
U1888,User_1888,2022-01-03
U1889,User_1889,2022-11-27
U1890,User_1890,2022-12-18
U1891,User_1891,2022-05-22
U1892,User_1892,2022-10-28
U1893,User_1893,2022-04-19
U1894,User_1894,2022-04-03
U1895,User_1895,2022-05-29
U1896,User_1896,2022-05-21
U1897,User_1897,2022-07-26
U1898,User_1898,2022-09-10
U1899,User_1899,2022-03-31
U1900,User_1900,2022-03-29
U1901,User_1901,2022-12-12
U1902,User_1902,2022-01-05
U1903,User_1903,2022-06-29
U1904,User_1904,2022-11-24
U1905,User_1905,2022-01-11
U1906,User_1906,2022-11-19
U1907,User_1907,2022-07-01
U1908,User_1908,2022-09-09
U1909,User_1909,2022-04-28
U1910,User_1910,2022-05-14
U1911,User_1911,2022-05-31
U1912,User_1912,2022-08-10
U1913,User_1913,2022-10-20
U1914,User_1914,2022-05-22
U1915,User_1915,2022-09-14
U1916,User_1916,2022-02-09
U1917,User_1917,2022-06-20
U1918,User_1918,2022-04-25
U1919,User_1919,2022-01-22
U1920,User_1920,2022-08-26
U1921,User_1921,2022-03-14
U1922,User_1922,2022-05-23
U1923,User_1923,2022-12-12
U1924,User_1924,2022-11-21
U1925,User_1925,2022-11-05
U1926,User_1926,2022-09-15
U1927,User_1927,2022-01-26
U1928,User_1928,2022-07-21
U1929,User_1929,2022-12-02
U1930,User_1930,2022-11-10
U1931,User_1931,2022-03-03
U1932,User_1932,2022-09-30
U1933,User_1933,2022-12-04
U1934,User_1934,2022-06-17
U1935,User_1935,2022-01-15
U1936,User_1936,2022-09-26
U1937,User_1937,2022-09-20
U1938,User_1938,2022-07-05
U1939,User_1939,2022-03-23
U1940,User_1940,2022-08-30
U1941,User_1941,2022-11-22
U1942,User_1942,2022-12-16
U1943,User_1943,2022-11-10
U1944,User_1944,2022-06-29
U1945,User_1945,2022-03-28
U1946,User_1946,2022-06-22
U1947,User_1947,2022-01-13
U1948,User_1948,2022-06-26
U1949,User_1949,2022-04-27
U1950,User_1950,2022-10-27
U1951,User_1951,2022-05-31
U1952,User_1952,2022-02-10
U1953,User_1953,2022-07-25
U1954,User_1954,2022-04-01
U1955,User_1955,2022-11-13
U1956,User_1956,2022-05-09
U1957,User_1957,2022-02-13
U1958,User_1958,2022-11-08
U1959,User_1959,2022-11-20
U1960,User_1960,2022-06-21
U1961,User_1961,2022-10-21
U1962,User_1962,2022-06-05
U1963,User_1963,2022-08-31
U1964,User_1964,2022-01-26
U1965,User_1965,2022-10-22
U1966,User_1966,2022-11-09
U1967,User_1967,2022-09-13
U1968,User_1968,2022-05-13
U1969,User_1969,2022-01-15
U1970,User_1970,2022-01-13
U1971,User_1971,2022-11-17
U1972,User_1972,2022-04-27
U1973,User_1973,2022-03-06
U1974,User_1974,2022-06-27
U1975,User_1975,2022-06-19
U1976,User_1976,2022-08-04
U1977,User_1977,2022-01-07
U1978,User_1978,2022-06-08
U1979,User_1979,2022-11-27
U1980,User_1980,2022-08-23
U1981,User_1981,2022-07-13
U1982,User_1982,2022-11-23
U1983,User_1983,2022-05-09
U1984,User_1984,2022-02-02
U1985,User_1985,2022-12-22
U1986,User_1986,2022-02-01
U1987,User_1987,2022-06-04
U1988,User_1988,2022-08-21
U1989,User_1989,2022-07-14
U1990,User_1990,2022-03-10
U1991,User_1991,2022-08-26
U1992,User_1992,2022-02-11
U1993,User_1993,2022-08-27
U1994,User_1994,2022-04-13
U1995,User_1995,2022-11-03
U1996,User_1996,2022-09-17
U1997,User_1997,2022-02-07
U1998,User_1998,2022-01-06
U1999,User_1999,2022-06-19
U2000,User_2000,2022-01-15
U2001,User_2001,2022-01-26
U2002,User_2002,2022-09-20
U2003,User_2003,2022-08-22
U2004,User_2004,2022-05-21
U2005,User_2005,2022-12-25
U2006,User_2006,2022-07-11
U2007,User_2007,2022-05-08
U2008,User_2008,2022-01-19
U2009,User_2009,2022-01-15
U2010,User_2010,2022-07-12
U2011,User_2011,2022-04-29
U2012,User_2012,2022-06-17
U2013,User_2013,2022-07-02
U2014,User_2014,2022-11-10
U2015,User_2015,2022-03-11
U2016,User_2016,2022-07-26
U2017,User_2017,2022-12-19
U2018,User_2018,2022-01-20
U2019,User_2019,2022-11-27
U2020,User_2020,2022-12-20
U2021,User_2021,2022-12-19
U2022,User_2022,2022-03-06
U2023,User_2023,2022-09-13
U2024,User_2024,2022-05-05
U2025,User_2025,2022-01-20
U2026,User_2026,2022-09-10
U2027,User_2027,2022-06-23
U2028,User_2028,2022-03-08
U2029,User_2029,2022-06-22
U2030,User_2030,2022-07-05
U2031,User_2031,2022-01-28
U2032,User_2032,2022-05-09
U2033,User_2033,2022-10-17
U2034,User_2034,2022-04-12
U2035,User_2035,2022-05-01
U2036,User_2036,2022-11-17
U2037,User_2037,2022-08-26
U2038,User_2038,2022-05-25
U2039,User_2039,2022-09-11
U2040,User_2040,2022-09-09
U2041,User_2041,2022-09-20
U2042,User_2042,2022-11-08
U2043,User_2043,2022-10-22
U2044,User_2044,2022-09-05
U2045,User_2045,2022-08-13
U2046,User_2046,2022-12-04
U2047,User_2047,2022-10-01
U2048,User_2048,2022-01-03
U2049,User_2049,2022-03-27
U2050,User_2050,2022-07-17
U2051,User_2051,2022-08-30
U2052,User_2052,2022-11-30
U2053,User_2053,2022-09-21
U2054,User_2054,2022-01-30
U2055,User_2055,2022-05-07
U2056,User_2056,2022-03-12
U2057,User_2057,2022-08-23
U2058,User_2058,2022-07-09
U2059,User_2059,2022-06-21
U2060,User_2060,2022-07-05
U2061,User_2061,2022-03-23
U2062,User_2062,2022-05-05
U2063,User_2063,2022-08-10
U2064,User_2064,2022-11-27
U2065,User_2065,2022-12-05
U2066,User_2066,2022-11-13
U2067,User_2067,2022-02-17
U2068,User_2068,2022-04-03
U2069,User_2069,2022-11-08
U2070,User_2070,2022-06-01
U2071,User_2071,2022-07-17
U2072,User_2072,2022-08-23
U2073,User_2073,2022-06-17
U2074,User_2074,2022-09-13
U2075,User_2075,2022-08-28
U2076,User_2076,2023-01-01
U2077,User_2077,2022-06-11
U2078,User_2078,2022-03-01
U2079,User_2079,2022-09-07
U2080,User_2080,2022-08-15
U2081,User_2081,2022-08-22
U2082,User_2082,2022-12-21
U2083,User_2083,2022-10-29
U2084,User_2084,2022-09-04
U2085,User_2085,2022-03-21
U2086,User_2086,2022-02-02
U2087,User_2087,2022-11-26
U2088,User_2088,2022-12-24
U2089,User_2089,2022-03-01
U2090,User_2090,2022-11-18
U2091,User_2091,2022-09-19
U2092,User_2092,2022-07-18
U2093,User_2093,2022-10-29
U2094,User_2094,2022-10-08
U2095,User_2095,2022-05-20
U2096,User_2096,2022-01-03
U2097,User_2097,2022-05-23
U2098,User_2098,2022-01-17
U2099,User_2099,2022-01-14
U2100,User_2100,2022-06-10
U2101,User_2101,2022-12-06
U2102,User_2102,2022-07-18
U2103,User_2103,2022-05-25
U2104,User_2104,2022-10-19
U2105,User_2105,2022-03-19
U2106,User_2106,2022-01-28
U2107,User_2107,2022-04-24
U2108,User_2108,2022-10-29
U2109,User_2109,2022-01-11
U2110,User_2110,2022-04-23
U2111,User_2111,2022-08-03
U2112,User_2112,2022-12-26
U2113,User_2113,2022-03-12
U2114,User_2114,2022-12-11
U2115,User_2115,2022-06-14
U2116,User_2116,2022-09-03
U2117,User_2117,2022-01-23
U2118,User_2118,2022-11-06
U2119,User_2119,2022-09-26
U2120,User_2120,2022-08-01
U2121,User_2121,2022-11-25
U2122,User_2122,2022-03-28
U2123,User_2123,2022-03-19
U2124,User_2124,2022-03-29
U2125,User_2125,2022-07-10
U2126,User_2126,2022-05-31
U2127,User_2127,2022-08-05
U2128,User_2128,2022-10-18
U2129,User_2129,2022-03-06
U2130,User_2130,2022-01-08
U2131,User_2131,2022-12-22
U2132,User_2132,2022-09-12
U2133,User_2133,2022-07-08
U2134,User_2134,2022-01-28
U2135,User_2135,2022-02-13
U2136,User_2136,2022-03-04
U2137,User_2137,2022-12-27
U2138,User_2138,2022-08-04
U2139,User_2139,2022-09-14
U2140,User_2140,2022-05-07
U2141,User_2141,2022-07-09
U2142,User_2142,2022-07-24
U2143,User_2143,2022-01-31
U2144,User_2144,2022-07-24
U2145,User_2145,2022-01-15
U2146,User_2146,2022-11-01
U2147,User_2147,2022-08-21
U2148,User_2148,2022-06-09
U2149,User_2149,2022-09-01
U2150,User_2150,2022-09-06
U2151,User_2151,2022-10-07
U2152,User_2152,2022-06-01
U2153,User_2153,2022-12-15
U2154,User_2154,2022-09-27
U2155,User_2155,2022-01-15
U2156,User_2156,2022-07-22
U2157,User_2157,2022-04-17
U2158,User_2158,2022-10-20
U2159,User_2159,2022-02-19
U2160,User_2160,2022-04-22
U2161,User_2161,2022-10-31
U2162,User_2162,2022-07-17
U2163,User_2163,2022-03-24
U2164,User_2164,2022-06-05
U2165,User_2165,2022-10-16
U2166,User_2166,2022-01-13
U2167,User_2167,2022-03-25
U2168,User_2168,2022-08-13
U2169,User_2169,2022-09-13
U2170,User_2170,2022-01-30
U2171,User_2171,2022-07-02
U2172,User_2172,2022-06-05
U2173,User_2173,2022-06-15
U2174,User_2174,2022-06-14
U2175,User_2175,2022-06-26
U2176,User_2176,2022-11-22
U2177,User_2177,2022-02-01
U2178,User_2178,2022-02-04
U2179,User_2179,2022-05-29
U2180,User_2180,2022-03-12
U2181,User_2181,2022-01-13
U2182,User_2182,2022-04-16
U2183,User_2183,2022-04-05
U2184,User_2184,2022-09-08
U2185,User_2185,2022-06-09
U2186,User_2186,2022-02-06
U2187,User_2187,2022-08-23
U2188,User_2188,2022-05-18
U2189,User_2189,2022-11-22
U2190,User_2190,2022-05-30
U2191,User_2191,2022-08-05
U2192,User_2192,2022-10-14
U2193,User_2193,2022-04-23
U2194,User_2194,2022-02-01
U2195,User_2195,2022-06-18
U2196,User_2196,2022-03-06
U2197,User_2197,2022-03-02
U2198,User_2198,2022-07-29
U2199,User_2199,2022-02-19
U2200,User_2200,2022-09-18
U2201,User_2201,2022-02-28
U2202,User_2202,2022-06-04
U2203,User_2203,2022-07-22
U2204,User_2204,2022-10-24
U2205,User_2205,2022-06-17
U2206,User_2206,2022-03-02
U2207,User_2207,2022-03-19
U2208,User_2208,2022-05-28
U2209,User_2209,2022-09-29
U2210,User_2210,2022-01-02
U2211,User_2211,2022-05-04
U2212,User_2212,2022-04-28
U2213,User_2213,2022-02-26
U2214,User_2214,2022-04-17
U2215,User_2215,2022-07-01
U2216,User_2216,2022-01-20
U2217,User_2217,2022-09-03
U2218,User_2218,2022-11-25
U2219,User_2219,2022-01-02
U2220,User_2220,2022-08-16
U2221,User_2221,2022-07-25
U2222,User_2222,2022-08-13
U2223,User_2223,2022-01-13
U2224,User_2224,2022-05-14
U2225,User_2225,2022-12-09
U2226,User_2226,2022-05-30
U2227,User_2227,2022-04-29
U2228,User_2228,2022-11-08
U2229,User_2229,2022-05-08
U2230,User_2230,2022-12-19
U2231,User_2231,2022-11-26
U2232,User_2232,2022-08-01
U2233,User_2233,2022-08-20
U2234,User_2234,2022-12-11
U2235,User_2235,2022-03-06
U2236,User_2236,2022-07-05
U2237,User_2237,2022-07-15
U2238,User_2238,2022-07-12
U2239,User_2239,2022-09-04
U2240,User_2240,2022-03-01
U2241,User_2241,2022-11-26
U2242,User_2242,2022-04-28
U2243,User_2243,2022-11-22
U2244,User_2244,2022-07-11
U2245,User_2245,2022-06-10
U2246,User_2246,2022-05-13
U2247,User_2247,2022-02-26
U2248,User_2248,2022-06-19
U2249,User_2249,2022-01-07
U2250,User_2250,2022-02-24
U2251,User_2251,2022-11-02
U2252,User_2252,2022-08-27
U2253,User_2253,2022-04-11
U2254,User_2254,2022-07-31
U2255,User_2255,2022-01-28
U2256,User_2256,2022-06-21
U2257,User_2257,2022-12-30
U2258,User_2258,2022-01-23
U2259,User_2259,2022-06-22
U2260,User_2260,2022-02-03
U2261,User_2261,2022-06-16
U2262,User_2262,2022-08-14
U2263,User_2263,2022-03-07
U2264,User_2264,2022-04-03
U2265,User_2265,2022-02-05
U2266,User_2266,2022-07-20
U2267,User_2267,2022-01-03
U2268,User_2268,2022-02-10
U2269,User_2269,2022-09-07
U2270,User_2270,2022-06-01
U2271,User_2271,2022-07-12
U2272,User_2272,2022-06-14
U2273,User_2273,2022-08-16
U2274,User_2274,2022-02-07
U2275,User_2275,2022-09-27
U2276,User_2276,2022-10-08
U2277,User_2277,2022-12-10
U2278,User_2278,2022-06-16
U2279,User_2279,2022-06-20
U2280,User_2280,2022-01-09
U2281,User_2281,2022-05-18
U2282,User_2282,2022-08-11
U2283,User_2283,2022-05-21
U2284,User_2284,2022-12-27
U2285,User_2285,2022-02-15
U2286,User_2286,2022-03-02
U2287,User_2287,2022-04-02
U2288,User_2288,2022-04-12
U2289,User_2289,2022-08-15
U2290,User_2290,2022-10-21
U2291,User_2291,2022-07-14
U2292,User_2292,2022-09-01
U2293,User_2293,2022-09-19
U2294,User_2294,2022-06-21
U2295,User_2295,2022-03-01
U2296,User_2296,2022-07-12
U2297,User_2297,2022-01-12
U2298,User_2298,2022-07-18
U2299,User_2299,2022-11-23
U2300,User_2300,2022-07-01
U2301,User_2301,2022-07-11
U2302,User_2302,2022-07-04
U2303,User_2303,2022-03-09
U2304,User_2304,2022-09-01
U2305,User_2305,2022-02-24
U2306,User_2306,2022-11-25
U2307,User_2307,2022-09-10
U2308,User_2308,2022-08-06
U2309,User_2309,2022-03-04
U2310,User_2310,2022-10-24
U2311,User_2311,2022-04-30
U2312,User_2312,2022-12-07
U2313,User_2313,2022-07-28
U2314,User_2314,2022-09-12
U2315,User_2315,2022-12-05
U2316,User_2316,2022-07-14
U2317,User_2317,2022-08-08
U2318,User_2318,2022-12-02
U2319,User_2319,2022-06-13
U2320,User_2320,2022-02-23
U2321,User_2321,2022-06-21
U2322,User_2322,2022-04-13
U2323,User_2323,2022-11-19
U2324,User_2324,2022-07-21
U2325,User_2325,2022-11-28
U2326,User_2326,2022-11-28
U2327,User_2327,2022-11-05
U2328,User_2328,2022-05-21
U2329,User_2329,2022-04-21
U2330,User_2330,2022-01-16
U2331,User_2331,2022-02-05
U2332,User_2332,2022-08-21
U2333,User_2333,2022-07-21
U2334,User_2334,2022-06-20
U2335,User_2335,2022-06-19
U2336,User_2336,2022-02-17
U2337,User_2337,2022-04-07
U2338,User_2338,2022-10-05
U2339,User_2339,2022-11-26
U2340,User_2340,2022-08-26
U2341,User_2341,2022-04-01
U2342,User_2342,2022-10-11
U2343,User_2343,2022-06-13
U2344,User_2344,2022-12-01
U2345,User_2345,2022-04-03
U2346,User_2346,2022-05-31
U2347,User_2347,2022-09-21
U2348,User_2348,2022-06-09
U2349,User_2349,2022-01-19
U2350,User_2350,2022-01-03
U2351,User_2351,2022-03-13
U2352,User_2352,2022-05-29
U2353,User_2353,2022-06-08
U2354,User_2354,2022-01-18
U2355,User_2355,2022-02-23
U2356,User_2356,2022-01-21
U2357,User_2357,2022-06-27
U2358,User_2358,2022-10-20
U2359,User_2359,2022-06-15
U2360,User_2360,2022-03-20
U2361,User_2361,2022-08-08
U2362,User_2362,2022-02-15
U2363,User_2363,2022-05-28
U2364,User_2364,2022-10-05
U2365,User_2365,2022-08-19
U2366,User_2366,2022-08-26
U2367,User_2367,2022-07-14
U2368,User_2368,2022-08-06
U2369,User_2369,2022-08-24
U2370,User_2370,2022-11-17
U2371,User_2371,2022-10-20
U2372,User_2372,2022-06-11
U2373,User_2373,2022-04-24
U2374,User_2374,2022-01-14
U2375,User_2375,2022-08-20
U2376,User_2376,2022-07-24
U2377,User_2377,2022-12-21
U2378,User_2378,2022-08-27
U2379,User_2379,2022-10-01
U2380,User_2380,2022-11-05
U2381,User_2381,2022-05-13
U2382,User_2382,2022-10-08
U2383,User_2383,2022-05-18
U2384,User_2384,2022-10-18
U2385,User_2385,2022-05-21
U2386,User_2386,2022-04-28
U2387,User_2387,2022-09-30
U2388,User_2388,2022-11-29
U2389,User_2389,2022-04-08
U2390,User_2390,2022-12-18
U2391,User_2391,2022-04-13
U2392,User_2392,2022-03-30
U2393,User_2393,2022-08-31
U2394,User_2394,2022-04-06
U2395,User_2395,2022-05-23
U2396,User_2396,2022-08-04
U2397,User_2397,2022-11-01
U2398,User_2398,2022-03-14
U2399,User_2399,2022-01-27
U2400,User_2400,2022-01-04
U2401,User_2401,2022-01-03
U2402,User_2402,2022-04-02
U2403,User_2403,2022-03-17
U2404,User_2404,2022-02-17
U2405,User_2405,2022-02-24
U2406,User_2406,2022-09-20
U2407,User_2407,2022-01-21
U2408,User_2408,2022-10-20
U2409,User_2409,2022-09-23
U2410,User_2410,2022-04-15
U2411,User_2411,2022-01-25
U2412,User_2412,2022-01-05
U2413,User_2413,2022-09-26
U2414,User_2414,2022-09-14
U2415,User_2415,2022-01-08
U2416,User_2416,2022-04-23
U2417,User_2417,2022-02-26
U2418,User_2418,2022-05-25
U2419,User_2419,2022-08-19
U2420,User_2420,2022-11-19
U2421,User_2421,2022-11-30
U2422,User_2422,2022-07-15
U2423,User_2423,2022-08-26
U2424,User_2424,2022-04-19
U2425,User_2425,2022-01-17
U2426,User_2426,2022-06-12
U2427,User_2427,2023-01-01
U2428,User_2428,2022-10-27
U2429,User_2429,2022-01-11
U2430,User_2430,2022-11-22
U2431,User_2431,2022-08-30
U2432,User_2432,2022-02-04
U2433,User_2433,2022-01-30
U2434,User_2434,2022-07-10
U2435,User_2435,2022-12-30
U2436,User_2436,2022-07-07
U2437,User_2437,2022-03-17
U2438,User_2438,2022-06-18
U2439,User_2439,2022-02-02
U2440,User_2440,2022-03-19
U2441,User_2441,2022-04-20
U2442,User_2442,2022-12-01
U2443,User_2443,2022-11-16
U2444,User_2444,2022-09-27
U2445,User_2445,2022-11-22
U2446,User_2446,2022-01-24
U2447,User_2447,2022-05-20
U2448,User_2448,2022-01-27
U2449,User_2449,2022-07-10
U2450,User_2450,2022-07-05
U2451,User_2451,2022-06-27
U2452,User_2452,2022-04-27
U2453,User_2453,2022-06-24
U2454,User_2454,2022-10-22
U2455,User_2455,2022-12-15
U2456,User_2456,2022-11-16
U2457,User_2457,2022-03-10
U2458,User_2458,2022-07-26
U2459,User_2459,2022-02-26
U2460,User_2460,2022-07-05
U2461,User_2461,2022-08-27
U2462,User_2462,2022-06-05
U2463,User_2463,2022-05-29
U2464,User_2464,2022-06-21
U2465,User_2465,2022-01-13
U2466,User_2466,2022-01-25
U2467,User_2467,2022-06-20
U2468,User_2468,2022-09-20
U2469,User_2469,2022-12-10
U2470,User_2470,2022-09-19
U2471,User_2471,2022-01-27
U2472,User_2472,2022-06-08
U2473,User_2473,2022-09-04
U2474,User_2474,2022-11-19
U2475,User_2475,2022-08-06
U2476,User_2476,2022-01-25
U2477,User_2477,2022-03-01
U2478,User_2478,2022-10-07
U2479,User_2479,2022-01-18
U2480,User_2480,2022-08-19
U2481,User_2481,2022-05-27
U2482,User_2482,2022-01-25
U2483,User_2483,2022-07-02
U2484,User_2484,2022-10-22
U2485,User_2485,2022-06-16
U2486,User_2486,2022-04-04
U2487,User_2487,2022-10-24
U2488,User_2488,2022-06-16
U2489,User_2489,2022-08-05
U2490,User_2490,2022-07-10
U2491,User_2491,2022-01-30
U2492,User_2492,2022-12-08
U2493,User_2493,2022-10-19
U2494,User_2494,2022-06-28
U2495,User_2495,2022-11-11
U2496,User_2496,2022-11-27
U2497,User_2497,2022-09-03
U2498,User_2498,2022-01-17
U2499,User_2499,2022-07-29
U2500,User_2500,2022-02-11
U2501,User_2501,2022-01-11
U2502,User_2502,2022-02-06
U2503,User_2503,2022-05-09
U2504,User_2504,2022-07-12
U2505,User_2505,2022-11-06
U2506,User_2506,2022-02-06
U2507,User_2507,2022-03-29
U2508,User_2508,2022-07-19
U2509,User_2509,2022-03-15
U2510,User_2510,2022-11-29
U2511,User_2511,2022-04-05
U2512,User_2512,2022-12-27
U2513,User_2513,2022-08-09
U2514,User_2514,2022-05-02
U2515,User_2515,2022-10-01
U2516,User_2516,2022-11-07
U2517,User_2517,2022-11-05
U2518,User_2518,2022-01-10
U2519,User_2519,2022-02-28
U2520,User_2520,2022-06-05
U2521,User_2521,2022-06-08
U2522,User_2522,2022-10-31
U2523,User_2523,2022-04-09
U2524,User_2524,2022-05-15
U2525,User_2525,2022-03-16
U2526,User_2526,2022-06-20
U2527,User_2527,2022-12-01
U2528,User_2528,2022-10-13
U2529,User_2529,2022-01-10
U2530,User_2530,2022-06-14
U2531,User_2531,2022-11-19
U2532,User_2532,2022-01-18
U2533,User_2533,2022-06-14
U2534,User_2534,2022-11-07
U2535,User_2535,2022-01-07
U2536,User_2536,2022-09-16
U2537,User_2537,2022-11-07
U2538,User_2538,2022-07-17
U2539,User_2539,2022-06-20
U2540,User_2540,2022-09-12
U2541,User_2541,2022-01-19
U2542,User_2542,2022-05-06
U2543,User_2543,2022-05-21
U2544,User_2544,2022-12-24
U2545,User_2545,2022-01-16
U2546,User_2546,2022-05-21
U2547,User_2547,2022-08-26
U2548,User_2548,2022-02-01
U2549,User_2549,2022-05-17
U2550,User_2550,2022-10-08
U2551,User_2551,2022-10-07
U2552,User_2552,2022-11-09
U2553,User_2553,2022-06-04
U2554,User_2554,2022-04-29
U2555,User_2555,2022-10-14
U2556,User_2556,2022-04-29
U2557,User_2557,2022-08-06
U2558,User_2558,2022-05-07
U2559,User_2559,2022-03-09
U2560,User_2560,2022-06-11
U2561,User_2561,2022-01-24
U2562,User_2562,2022-10-01
U2563,User_2563,2022-02-25
U2564,User_2564,2022-08-18
U2565,User_2565,2022-05-27
U2566,User_2566,2022-02-15
U2567,User_2567,2022-02-17
U2568,User_2568,2022-11-14
U2569,User_2569,2022-03-30
U2570,User_2570,2022-11-13
U2571,User_2571,2022-12-02
U2572,User_2572,2022-01-18
U2573,User_2573,2022-03-06
U2574,User_2574,2022-05-28
U2575,User_2575,2022-04-05
U2576,User_2576,2022-03-16
U2577,User_2577,2022-10-14
U2578,User_2578,2022-09-06
U2579,User_2579,2022-10-28
U2580,User_2580,2022-01-05
U2581,User_2581,2022-01-27
U2582,User_2582,2022-12-06
U2583,User_2583,2022-03-14
U2584,User_2584,2022-01-09
U2585,User_2585,2022-02-07
U2586,User_2586,2022-07-08
U2587,User_2587,2022-10-14
U2588,User_2588,2022-10-06
U2589,User_2589,2022-04-18
U2590,User_2590,2022-04-01
U2591,User_2591,2022-12-13
U2592,User_2592,2022-08-11
U2593,User_2593,2022-09-12
U2594,User_2594,2022-11-19
U2595,User_2595,2022-06-30
U2596,User_2596,2022-01-04
U2597,User_2597,2022-01-17
U2598,User_2598,2022-08-13
U2599,User_2599,2022-04-27
U2600,User_2600,2022-09-19
U2601,User_2601,2022-12-12
U2602,User_2602,2022-08-13
U2603,User_2603,2022-08-27
U2604,User_2604,2022-03-05
U2605,User_2605,2022-10-15
U2606,User_2606,2022-04-08
U2607,User_2607,2022-12-06
U2608,User_2608,2022-11-08
U2609,User_2609,2022-02-02
U2610,User_2610,2022-09-12
U2611,User_2611,2022-04-30
U2612,User_2612,2022-05-10
U2613,User_2613,2022-03-29
U2614,User_2614,2022-08-09
U2615,User_2615,2022-06-29
U2616,User_2616,2022-04-09
U2617,User_2617,2022-02-11
U2618,User_2618,2022-12-19
U2619,User_2619,2022-07-30
U2620,User_2620,2022-04-22
U2621,User_2621,2022-02-03
U2622,User_2622,2022-06-10
U2623,User_2623,2022-11-15
U2624,User_2624,2022-05-27
U2625,User_2625,2022-06-16
U2626,User_2626,2022-06-04
U2627,User_2627,2022-06-27
U2628,User_2628,2022-04-11
U2629,User_2629,2022-08-22
U2630,User_2630,2022-08-23
U2631,User_2631,2022-07-28
U2632,User_2632,2022-02-21
U2633,User_2633,2022-04-20
U2634,User_2634,2022-07-03
U2635,User_2635,2022-01-18
U2636,User_2636,2022-04-02
U2637,User_2637,2022-03-05
U2638,User_2638,2022-07-26
U2639,User_2639,2022-03-27
U2640,User_2640,2022-12-31
U2641,User_2641,2022-10-11
U2642,User_2642,2022-08-22
U2643,User_2643,2022-05-30
U2644,User_2644,2022-06-08
U2645,User_2645,2022-05-13
U2646,User_2646,2022-05-20
U2647,User_2647,2022-08-17
U2648,User_2648,2022-08-03
U2649,User_2649,2022-06-07
U2650,User_2650,2022-07-22
U2651,User_2651,2022-05-15
U2652,User_2652,2022-12-08
U2653,User_2653,2022-05-06
U2654,User_2654,2022-11-30
U2655,User_2655,2022-08-07
U2656,User_2656,2022-08-01
U2657,User_2657,2022-11-23
U2658,User_2658,2022-01-09
U2659,User_2659,2022-08-31
U2660,User_2660,2022-08-07
U2661,User_2661,2022-05-04
U2662,User_2662,2022-10-25
U2663,User_2663,2022-12-08
U2664,User_2664,2022-09-02
U2665,User_2665,2022-10-28
U2666,User_2666,2022-03-05
U2667,User_2667,2022-05-15
U2668,User_2668,2022-02-18
U2669,User_2669,2022-12-24
U2670,User_2670,2022-07-31
U2671,User_2671,2022-10-26
U2672,User_2672,2022-06-25
U2673,User_2673,2022-03-31
U2674,User_2674,2022-10-30
U2675,User_2675,2022-07-02
U2676,User_2676,2022-09-08
U2677,User_2677,2022-01-14
U2678,User_2678,2022-07-04
U2679,User_2679,2022-04-26
U2680,User_2680,2022-05-10
U2681,User_2681,2022-10-20
U2682,User_2682,2022-01-24
U2683,User_2683,2022-08-28
U2684,User_2684,2022-07-24
U2685,User_2685,2022-08-27
U2686,User_2686,2022-05-25
U2687,User_2687,2022-09-30
U2688,User_2688,2022-02-02
U2689,User_2689,2022-03-30
U2690,User_2690,2022-01-10
U2691,User_2691,2022-06-07
U2692,User_2692,2022-02-05
U2693,User_2693,2022-08-31
U2694,User_2694,2022-03-19
U2695,User_2695,2022-03-11
U2696,User_2696,2022-02-12
U2697,User_2697,2022-08-16
U2698,User_2698,2022-06-06
U2699,User_2699,2022-10-20
U2700,User_2700,2022-09-22
U2701,User_2701,2022-11-11
U2702,User_2702,2022-03-03
U2703,User_2703,2022-07-27
U2704,User_2704,2022-10-21
U2705,User_2705,2022-05-17
U2706,User_2706,2022-03-10
U2707,User_2707,2022-03-19
U2708,User_2708,2022-03-08
U2709,User_2709,2022-02-04
U2710,User_2710,2022-12-26
U2711,User_2711,2022-05-31
U2712,User_2712,2022-03-24
U2713,User_2713,2022-10-18
U2714,User_2714,2022-10-16
U2715,User_2715,2022-08-15
U2716,User_2716,2022-03-05
U2717,User_2717,2022-12-09
U2718,User_2718,2022-02-27
U2719,User_2719,2022-01-19
U2720,User_2720,2022-05-31
U2721,User_2721,2022-07-14
U2722,User_2722,2022-04-09
U2723,User_2723,2022-01-16
U2724,User_2724,2022-03-06
U2725,User_2725,2022-09-25
U2726,User_2726,2022-05-13
U2727,User_2727,2022-10-02
U2728,User_2728,2022-05-10
U2729,User_2729,2022-12-06
U2730,User_2730,2022-02-24
U2731,User_2731,2022-03-14
U2732,User_2732,2022-04-12
U2733,User_2733,2022-01-04
U2734,User_2734,2022-05-17
U2735,User_2735,2022-09-20
U2736,User_2736,2022-01-29
U2737,User_2737,2022-08-17
U2738,User_2738,2022-10-04
U2739,User_2739,2022-11-27
U2740,User_2740,2022-10-14
U2741,User_2741,2022-09-22
U2742,User_2742,2022-07-01
U2743,User_2743,2022-10-23
U2744,User_2744,2022-01-09
U2745,User_2745,2022-10-20
U2746,User_2746,2022-08-30
U2747,User_2747,2022-10-23
U2748,User_2748,2022-12-22
U2749,User_2749,2022-11-12
U2750,User_2750,2022-05-14
U2751,User_2751,2022-02-24
U2752,User_2752,2022-10-24
U2753,User_2753,2022-07-13
U2754,User_2754,2022-04-22
U2755,User_2755,2022-11-18
U2756,User_2756,2022-03-20
U2757,User_2757,2022-12-03
U2758,User_2758,2022-04-01
U2759,User_2759,2022-11-18
U2760,User_2760,2022-10-13
U2761,User_2761,2022-02-24
U2762,User_2762,2022-09-05
U2763,User_2763,2022-01-02
U2764,User_2764,2022-02-10
U2765,User_2765,2022-04-17
U2766,User_2766,2022-10-28
U2767,User_2767,2022-02-11
U2768,User_2768,2022-03-27
U2769,User_2769,2022-02-17
U2770,User_2770,2022-12-11
U2771,User_2771,2022-12-23
U2772,User_2772,2022-04-04
U2773,User_2773,2022-11-24
U2774,User_2774,2022-09-26
U2775,User_2775,2022-11-19
U2776,User_2776,2022-11-13
U2777,User_2777,2022-02-28
U2778,User_2778,2022-12-28
U2779,User_2779,2022-08-12
U2780,User_2780,2022-12-16
U2781,User_2781,2022-03-16
U2782,User_2782,2022-06-17
U2783,User_2783,2022-11-07
U2784,User_2784,2022-09-06
U2785,User_2785,2022-05-22
U2786,User_2786,2022-07-05
U2787,User_2787,2022-02-02
U2788,User_2788,2022-12-31
U2789,User_2789,2022-03-05
U2790,User_2790,2022-10-08
U2791,User_2791,2022-12-16
U2792,User_2792,2022-03-01
U2793,User_2793,2022-09-06
U2794,User_2794,2022-09-20
U2795,User_2795,2022-11-06
U2796,User_2796,2022-02-04
U2797,User_2797,2022-03-28
U2798,User_2798,2022-09-27
U2799,User_2799,2022-02-23
U2800,User_2800,2022-06-06
U2801,User_2801,2022-11-10
U2802,User_2802,2022-08-20
U2803,User_2803,2022-06-27
U2804,User_2804,2022-10-13
U2805,User_2805,2022-12-09
U2806,User_2806,2022-09-02
U2807,User_2807,2022-01-22
U2808,User_2808,2022-07-11
U2809,User_2809,2022-05-03
U2810,User_2810,2022-01-26
U2811,User_2811,2022-09-29
U2812,User_2812,2022-07-21
U2813,User_2813,2022-01-25
U2814,User_2814,2022-02-14
U2815,User_2815,2022-08-15
U2816,User_2816,2022-06-24
U2817,User_2817,2022-05-31
U2818,User_2818,2022-08-23
U2819,User_2819,2022-06-19
U2820,User_2820,2022-06-01
U2821,User_2821,2022-07-22
U2822,User_2822,2022-05-23
U2823,User_2823,2022-05-31
U2824,User_2824,2022-07-11
U2825,User_2825,2022-12-30
U2826,User_2826,2022-10-27
U2827,User_2827,2022-05-18
U2828,User_2828,2022-03-11
U2829,User_2829,2022-09-16
U2830,User_2830,2022-03-03
U2831,User_2831,2022-11-21
U2832,User_2832,2022-03-09
U2833,User_2833,2022-08-12
U2834,User_2834,2022-11-27
U2835,User_2835,2022-01-31
U2836,User_2836,2022-03-20
U2837,User_2837,2022-10-19
U2838,User_2838,2022-03-26
U2839,User_2839,2022-03-22
U2840,User_2840,2022-07-27
U2841,User_2841,2022-10-30
U2842,User_2842,2022-12-23
U2843,User_2843,2022-02-16
U2844,User_2844,2022-02-07
U2845,User_2845,2022-02-19
U2846,User_2846,2022-12-14
U2847,User_2847,2022-02-20
U2848,User_2848,2022-11-13
U2849,User_2849,2022-03-25
U2850,User_2850,2022-12-20
U2851,User_2851,2022-12-11
U2852,User_2852,2022-09-25
U2853,User_2853,2022-01-02
U2854,User_2854,2022-12-27
U2855,User_2855,2022-09-12
U2856,User_2856,2022-06-08
U2857,User_2857,2022-09-29
U2858,User_2858,2022-10-10
U2859,User_2859,2022-10-02
U2860,User_2860,2022-01-02
U2861,User_2861,2022-06-19
U2862,User_2862,2022-05-21
U2863,User_2863,2022-11-21
U2864,User_2864,2022-07-20
U2865,User_2865,2022-02-18
U2866,User_2866,2022-11-06
U2867,User_2867,2022-08-07
U2868,User_2868,2022-02-11
U2869,User_2869,2022-03-06
U2870,User_2870,2022-06-18
U2871,User_2871,2022-05-27
U2872,User_2872,2022-01-19
U2873,User_2873,2022-08-08
U2874,User_2874,2022-10-09
U2875,User_2875,2022-10-10
U2876,User_2876,2022-01-31
U2877,User_2877,2022-09-05
U2878,User_2878,2022-10-05
U2879,User_2879,2022-12-27
U2880,User_2880,2022-11-11
U2881,User_2881,2022-02-09
U2882,User_2882,2022-08-01
U2883,User_2883,2022-10-21
U2884,User_2884,2022-12-31
U2885,User_2885,2022-11-29
U2886,User_2886,2022-03-29
U2887,User_2887,2022-12-01
U2888,User_2888,2022-01-17
U2889,User_2889,2022-08-28
U2890,User_2890,2022-08-10
U2891,User_2891,2022-10-04
U2892,User_2892,2022-01-29
U2893,User_2893,2022-08-31
U2894,User_2894,2022-04-22
U2895,User_2895,2022-11-03
U2896,User_2896,2022-05-15
U2897,User_2897,2022-03-23
U2898,User_2898,2022-11-25
U2899,User_2899,2022-07-12
U2900,User_2900,2022-04-26
U2901,User_2901,2022-05-07
U2902,User_2902,2022-05-07
U2903,User_2903,2022-06-15
U2904,User_2904,2022-09-19
U2905,User_2905,2022-04-07
U2906,User_2906,2022-02-03
U2907,User_2907,2022-11-15
U2908,User_2908,2022-06-21
U2909,User_2909,2022-04-28
U2910,User_2910,2022-05-10
U2911,User_2911,2022-09-08
U2912,User_2912,2022-09-20
U2913,User_2913,2022-02-12
U2914,User_2914,2022-06-17
U2915,User_2915,2022-05-28
U2916,User_2916,2022-03-06
U2917,User_2917,2022-08-28
U2918,User_2918,2022-09-04
U2919,User_2919,2022-01-18
U2920,User_2920,2022-01-11
U2921,User_2921,2022-03-26
U2922,User_2922,2022-03-07
U2923,User_2923,2022-01-03
U2924,User_2924,2022-05-01
U2925,User_2925,2022-10-12
U2926,User_2926,2022-07-31
U2927,User_2927,2022-11-30
U2928,User_2928,2022-09-05
U2929,User_2929,2022-05-17
U2930,User_2930,2022-05-24
U2931,User_2931,2022-11-06
U2932,User_2932,2022-09-09
U2933,User_2933,2022-03-06
U2934,User_2934,2022-02-12
U2935,User_2935,2022-05-30
U2936,User_2936,2022-01-31
U2937,User_2937,2022-08-19
U2938,User_2938,2022-01-05
U2939,User_2939,2022-12-03
U2940,User_2940,2022-04-14
U2941,User_2941,2022-09-03
U2942,User_2942,2022-05-26
U2943,User_2943,2022-06-19
U2944,User_2944,2022-09-01
U2945,User_2945,2022-04-08
U2946,User_2946,2022-07-19
U2947,User_2947,2023-01-01
U2948,User_2948,2022-11-14
U2949,User_2949,2022-01-16
U2950,User_2950,2022-10-17
U2951,User_2951,2022-09-04
U2952,User_2952,2022-02-20
U2953,User_2953,2022-06-23
U2954,User_2954,2022-01-14
U2955,User_2955,2022-06-24
U2956,User_2956,2022-12-09
U2957,User_2957,2022-02-02
U2958,User_2958,2022-04-29
U2959,User_2959,2022-06-09
U2960,User_2960,2022-05-25
U2961,User_2961,2022-08-19
U2962,User_2962,2022-12-21
U2963,User_2963,2022-10-08
U2964,User_2964,2022-09-03
U2965,User_2965,2022-04-30
U2966,User_2966,2022-01-29
U2967,User_2967,2022-03-18
U2968,User_2968,2022-05-03
U2969,User_2969,2022-01-09
U2970,User_2970,2022-07-23
U2971,User_2971,2022-09-06
U2972,User_2972,2022-10-01
U2973,User_2973,2022-07-27
U2974,User_2974,2022-09-21
U2975,User_2975,2022-04-09
U2976,User_2976,2023-01-01
U2977,User_2977,2022-04-26
U2978,User_2978,2022-10-17
U2979,User_2979,2022-12-21
U2980,User_2980,2022-04-08
U2981,User_2981,2022-03-29
U2982,User_2982,2022-12-03
U2983,User_2983,2022-01-19
U2984,User_2984,2022-12-02
U2985,User_2985,2022-01-08
U2986,User_2986,2022-09-17
U2987,User_2987,2022-08-27
U2988,User_2988,2022-01-07
U2989,User_2989,2022-04-04
U2990,User_2990,2022-01-27
U2991,User_2991,2022-03-04
U2992,User_2992,2022-09-08
U2993,User_2993,2022-08-19
U2994,User_2994,2022-04-19
U2995,User_2995,2022-02-22
U2996,User_2996,2022-07-16
U2997,User_2997,2022-12-01
U2998,User_2998,2022-04-16
U2999,User_2999,2022-03-22
U3000,User_3000,2022-07-13
U3001,User_3001,2022-09-20
U3002,User_3002,2022-10-20
U3003,User_3003,2022-07-14
U3004,User_3004,2022-10-17
U3005,User_3005,2022-07-25
U3006,User_3006,2022-12-11
U3007,User_3007,2022-11-14
U3008,User_3008,2022-03-06
U3009,User_3009,2022-03-08
U3010,User_3010,2022-07-27
U3011,User_3011,2022-09-29
U3012,User_3012,2022-06-11
U3013,User_3013,2022-09-12
U3014,User_3014,2022-01-30
U3015,User_3015,2022-02-08
U3016,User_3016,2022-12-18
U3017,User_3017,2022-01-04
U3018,User_3018,2022-08-23
U3019,User_3019,2022-05-05
U3020,User_3020,2022-11-26
U3021,User_3021,2022-06-13
U3022,User_3022,2022-02-01
U3023,User_3023,2022-12-03
U3024,User_3024,2022-02-15
U3025,User_3025,2022-04-07
U3026,User_3026,2022-11-15
U3027,User_3027,2022-11-29
U3028,User_3028,2022-02-28
U3029,User_3029,2022-03-18
U3030,User_3030,2022-05-29
U3031,User_3031,2022-11-22
U3032,User_3032,2022-05-16
U3033,User_3033,2022-04-08
U3034,User_3034,2022-08-22
U3035,User_3035,2022-12-13
U3036,User_3036,2022-08-19
U3037,User_3037,2022-10-18
U3038,User_3038,2022-01-05
U3039,User_3039,2022-06-07
U3040,User_3040,2022-08-16
U3041,User_3041,2022-05-12
U3042,User_3042,2022-11-18
U3043,User_3043,2022-05-26
U3044,User_3044,2022-05-26
U3045,User_3045,2022-11-09
U3046,User_3046,2022-12-09
U3047,User_3047,2022-07-07
U3048,User_3048,2022-02-04
U3049,User_3049,2022-01-11
U3050,User_3050,2022-11-23
U3051,User_3051,2022-02-10
U3052,User_3052,2022-04-26
U3053,User_3053,2022-07-02
U3054,User_3054,2022-08-24
U3055,User_3055,2022-02-22
U3056,User_3056,2022-11-05
U3057,User_3057,2022-01-17
U3058,User_3058,2022-04-19
U3059,User_3059,2022-04-05
U3060,User_3060,2022-06-19
U3061,User_3061,2022-12-04
U3062,User_3062,2022-03-17
U3063,User_3063,2022-12-14
U3064,User_3064,2022-10-14
U3065,User_3065,2022-09-03
U3066,User_3066,2022-08-03
U3067,User_3067,2022-09-04
U3068,User_3068,2022-08-03
U3069,User_3069,2022-03-04
U3070,User_3070,2022-01-02
U3071,User_3071,2022-05-30
U3072,User_3072,2022-05-02
U3073,User_3073,2022-04-22
U3074,User_3074,2022-06-25
U3075,User_3075,2022-06-20
U3076,User_3076,2022-08-10
U3077,User_3077,2022-06-02
U3078,User_3078,2022-10-25
U3079,User_3079,2022-08-15
U3080,User_3080,2022-02-12
U3081,User_3081,2022-02-04
U3082,User_3082,2022-07-17
U3083,User_3083,2022-01-23
U3084,User_3084,2022-12-03
U3085,User_3085,2022-02-21
U3086,User_3086,2022-05-26
U3087,User_3087,2022-09-07
U3088,User_3088,2022-03-30
U3089,User_3089,2022-11-08
U3090,User_3090,2022-08-12
U3091,User_3091,2022-02-24
U3092,User_3092,2022-02-24
U3093,User_3093,2022-01-28
U3094,User_3094,2022-04-21
U3095,User_3095,2022-01-18
U3096,User_3096,2022-11-29
U3097,User_3097,2022-10-25
U3098,User_3098,2022-08-30
U3099,User_3099,2022-10-24
U3100,User_3100,2022-03-16
U3101,User_3101,2022-02-20
U3102,User_3102,2022-06-15
U3103,User_3103,2022-08-25
U3104,User_3104,2022-03-31
U3105,User_3105,2022-02-18
U3106,User_3106,2022-02-18
U3107,User_3107,2022-06-01
U3108,User_3108,2022-09-22
U3109,User_3109,2022-07-26
U3110,User_3110,2022-11-04
U3111,User_3111,2022-08-02
U3112,User_3112,2022-07-24
U3113,User_3113,2022-09-02
U3114,User_3114,2022-06-29
U3115,User_3115,2022-02-10
U3116,User_3116,2022-02-15
U3117,User_3117,2022-12-15
U3118,User_3118,2022-08-27
U3119,User_3119,2022-05-29
U3120,User_3120,2022-03-03
U3121,User_3121,2022-10-28
U3122,User_3122,2022-10-12
U3123,User_3123,2022-06-12
U3124,User_3124,2022-10-24
U3125,User_3125,2022-06-17
U3126,User_3126,2022-09-23
U3127,User_3127,2022-12-29
U3128,User_3128,2022-01-21
U3129,User_3129,2022-10-09
U3130,User_3130,2022-01-16
U3131,User_3131,2022-01-20
U3132,User_3132,2022-02-01
U3133,User_3133,2022-03-14
U3134,User_3134,2022-09-01
U3135,User_3135,2022-11-24
U3136,User_3136,2022-03-21
U3137,User_3137,2022-08-03
U3138,User_3138,2022-05-30
U3139,User_3139,2022-09-04
U3140,User_3140,2022-07-15
U3141,User_3141,2022-05-08
U3142,User_3142,2022-07-03
U3143,User_3143,2022-03-31
U3144,User_3144,2022-12-06
U3145,User_3145,2022-10-05
U3146,User_3146,2022-08-13
U3147,User_3147,2022-05-07
U3148,User_3148,2022-02-14
U3149,User_3149,2022-11-29
U3150,User_3150,2022-02-26
U3151,User_3151,2022-07-13
U3152,User_3152,2022-09-16
U3153,User_3153,2022-12-09
U3154,User_3154,2022-02-13
U3155,User_3155,2022-06-15
U3156,User_3156,2022-09-16
U3157,User_3157,2022-01-12
U3158,User_3158,2022-09-27
U3159,User_3159,2022-10-01
U3160,User_3160,2022-06-09
U3161,User_3161,2022-10-19
U3162,User_3162,2022-08-06
U3163,User_3163,2022-11-22
U3164,User_3164,2022-06-18
U3165,User_3165,2022-04-15
U3166,User_3166,2022-11-27
U3167,User_3167,2022-07-26
U3168,User_3168,2022-12-14
U3169,User_3169,2022-03-07
U3170,User_3170,2022-03-01
U3171,User_3171,2022-01-09
U3172,User_3172,2022-09-22
U3173,User_3173,2022-09-30
U3174,User_3174,2022-01-23
U3175,User_3175,2022-01-27
U3176,User_3176,2022-12-23
U3177,User_3177,2022-10-26
U3178,User_3178,2023-01-01
U3179,User_3179,2022-12-12
U3180,User_3180,2022-01-14
U3181,User_3181,2022-09-17
U3182,User_3182,2022-08-26
U3183,User_3183,2022-05-24
U3184,User_3184,2022-02-01
U3185,User_3185,2022-07-19
U3186,User_3186,2022-02-25
U3187,User_3187,2022-10-06
U3188,User_3188,2022-09-26
U3189,User_3189,2022-05-26
U3190,User_3190,2022-08-16
U3191,User_3191,2022-04-02
U3192,User_3192,2022-03-20
U3193,User_3193,2022-03-13
U3194,User_3194,2022-04-23
U3195,User_3195,2022-05-30
U3196,User_3196,2022-02-19
U3197,User_3197,2022-03-08
U3198,User_3198,2022-11-10
U3199,User_3199,2022-06-28
U3200,User_3200,2022-05-18
U3201,User_3201,2022-03-23
U3202,User_3202,2022-10-22
U3203,User_3203,2022-08-23
U3204,User_3204,2022-08-09
U3205,User_3205,2022-12-25
U3206,User_3206,2022-12-27
U3207,User_3207,2022-08-30
U3208,User_3208,2022-03-26
U3209,User_3209,2022-01-28
U3210,User_3210,2022-08-21
U3211,User_3211,2022-08-06
U3212,User_3212,2022-10-07
U3213,User_3213,2022-10-16
U3214,User_3214,2022-12-29
U3215,User_3215,2022-01-20
U3216,User_3216,2022-04-17
U3217,User_3217,2022-10-27
U3218,User_3218,2022-03-01
U3219,User_3219,2022-07-26
U3220,User_3220,2022-10-11
U3221,User_3221,2022-06-20
U3222,User_3222,2022-02-03
U3223,User_3223,2022-01-03
U3224,User_3224,2022-05-24
U3225,User_3225,2022-02-26
U3226,User_3226,2022-06-19
U3227,User_3227,2022-09-20
U3228,User_3228,2022-09-14
U3229,User_3229,2022-04-10
U3230,User_3230,2022-01-23
U3231,User_3231,2022-07-24
U3232,User_3232,2022-12-19
U3233,User_3233,2022-04-10
U3234,User_3234,2022-03-13
U3235,User_3235,2022-01-16
U3236,User_3236,2022-06-08
U3237,User_3237,2022-06-11
U3238,User_3238,2022-04-18
U3239,User_3239,2022-02-12
U3240,User_3240,2022-10-27
U3241,User_3241,2022-07-13
U3242,User_3242,2022-01-16
U3243,User_3243,2022-06-03
U3244,User_3244,2022-09-11
U3245,User_3245,2022-10-13
U3246,User_3246,2022-03-22
U3247,User_3247,2022-08-22
U3248,User_3248,2022-11-27
U3249,User_3249,2022-05-28
U3250,User_3250,2022-02-13
U3251,User_3251,2022-05-02
U3252,User_3252,2022-06-14
U3253,User_3253,2022-11-03
U3254,User_3254,2022-01-31
U3255,User_3255,2022-09-21
U3256,User_3256,2022-05-12
U3257,User_3257,2022-02-06
U3258,User_3258,2022-03-17
U3259,User_3259,2022-07-30
U3260,User_3260,2022-12-27
U3261,User_3261,2022-03-15
U3262,User_3262,2022-10-17
U3263,User_3263,2022-06-07
U3264,User_3264,2022-05-05
U3265,User_3265,2022-05-26
U3266,User_3266,2022-04-04
U3267,User_3267,2022-09-27
U3268,User_3268,2022-03-02
U3269,User_3269,2022-05-30
U3270,User_3270,2022-07-25
U3271,User_3271,2022-04-16
U3272,User_3272,2022-06-10
U3273,User_3273,2022-07-23
U3274,User_3274,2022-11-04
U3275,User_3275,2022-06-21
U3276,User_3276,2022-09-12
U3277,User_3277,2022-10-28
U3278,User_3278,2022-04-24
U3279,User_3279,2022-03-06
U3280,User_3280,2022-08-18
U3281,User_3281,2022-10-30
U3282,User_3282,2022-02-13
U3283,User_3283,2022-04-16
U3284,User_3284,2022-06-02
U3285,User_3285,2022-08-27
U3286,User_3286,2022-03-17
U3287,User_3287,2022-08-31
U3288,User_3288,2022-01-17
U3289,User_3289,2022-08-30
U3290,User_3290,2022-12-26
U3291,User_3291,2022-05-20
U3292,User_3292,2022-09-15
U3293,User_3293,2022-05-05
U3294,User_3294,2022-09-11
U3295,User_3295,2022-03-25
U3296,User_3296,2022-09-02
U3297,User_3297,2022-09-04
U3298,User_3298,2022-06-27
U3299,User_3299,2022-03-07
U3300,User_3300,2022-04-26
U3301,User_3301,2022-08-22
U3302,User_3302,2022-04-10
U3303,User_3303,2022-01-20
U3304,User_3304,2022-12-22
U3305,User_3305,2022-09-03
U3306,User_3306,2022-04-26
U3307,User_3307,2022-12-04
U3308,User_3308,2022-02-05
U3309,User_3309,2022-11-11
U3310,User_3310,2022-05-17
U3311,User_3311,2022-09-15
U3312,User_3312,2022-11-28
U3313,User_3313,2022-03-11
U3314,User_3314,2022-10-03
U3315,User_3315,2022-04-17
U3316,User_3316,2022-06-21
U3317,User_3317,2022-12-30
U3318,User_3318,2022-04-22
U3319,User_3319,2022-12-14
U3320,User_3320,2022-05-31
U3321,User_3321,2022-08-26
U3322,User_3322,2022-09-20
U3323,User_3323,2022-05-12
U3324,User_3324,2022-06-26
U3325,User_3325,2022-08-17
U3326,User_3326,2022-09-15
U3327,User_3327,2022-03-23
U3328,User_3328,2022-06-29
U3329,User_3329,2022-05-09
U3330,User_3330,2022-11-10
U3331,User_3331,2022-01-13
U3332,User_3332,2022-07-31
U3333,User_3333,2022-01-24
U3334,User_3334,2022-12-01
U3335,User_3335,2022-09-04
U3336,User_3336,2022-05-20
U3337,User_3337,2022-03-31
U3338,User_3338,2022-04-25
U3339,User_3339,2022-01-12
U3340,User_3340,2022-09-25
U3341,User_3341,2022-03-10
U3342,User_3342,2022-01-31
U3343,User_3343,2022-02-04
U3344,User_3344,2022-08-03
U3345,User_3345,2022-12-22
U3346,User_3346,2022-06-16
U3347,User_3347,2022-01-11
U3348,User_3348,2022-06-12
U3349,User_3349,2022-07-15
U3350,User_3350,2022-04-04
U3351,User_3351,2022-09-27
U3352,User_3352,2022-06-12
U3353,User_3353,2022-06-14
U3354,User_3354,2022-05-18
U3355,User_3355,2022-02-24
U3356,User_3356,2023-01-01
U3357,User_3357,2022-11-17
U3358,User_3358,2022-03-05
U3359,User_3359,2022-06-09
U3360,User_3360,2022-01-09
U3361,User_3361,2022-07-29
U3362,User_3362,2022-06-03
U3363,User_3363,2022-04-21
U3364,User_3364,2022-06-26
U3365,User_3365,2022-07-11
U3366,User_3366,2022-11-19
U3367,User_3367,2022-07-28
U3368,User_3368,2022-07-08
U3369,User_3369,2022-03-09
U3370,User_3370,2022-07-21
U3371,User_3371,2022-11-24
U3372,User_3372,2022-06-08
U3373,User_3373,2022-01-05
U3374,User_3374,2022-03-13
U3375,User_3375,2022-06-02
U3376,User_3376,2022-03-13
U3377,User_3377,2022-12-27
U3378,User_3378,2022-03-18
U3379,User_3379,2022-07-27
U3380,User_3380,2022-06-13
U3381,User_3381,2022-11-21
U3382,User_3382,2022-06-09
U3383,User_3383,2022-09-13
U3384,User_3384,2022-08-14
U3385,User_3385,2022-04-12
U3386,User_3386,2022-01-08
U3387,User_3387,2022-05-19
U3388,User_3388,2022-07-22
U3389,User_3389,2022-12-09
U3390,User_3390,2022-04-09
U3391,User_3391,2022-10-20
U3392,User_3392,2022-06-22
U3393,User_3393,2022-12-03
U3394,User_3394,2022-10-15
U3395,User_3395,2022-12-31
U3396,User_3396,2022-06-06
U3397,User_3397,2022-08-01
U3398,User_3398,2022-05-11
U3399,User_3399,2022-03-29
U3400,User_3400,2022-06-08
U3401,User_3401,2022-02-03
U3402,User_3402,2022-08-02
U3403,User_3403,2022-06-30
U3404,User_3404,2022-08-09
U3405,User_3405,2022-09-21
U3406,User_3406,2022-10-15
U3407,User_3407,2022-10-24
U3408,User_3408,2022-06-18
U3409,User_3409,2022-08-15
U3410,User_3410,2022-01-26
U3411,User_3411,2022-03-02
U3412,User_3412,2022-03-26
U3413,User_3413,2022-08-20
U3414,User_3414,2022-05-25
U3415,User_3415,2022-05-29
U3416,User_3416,2022-09-01
U3417,User_3417,2022-11-18
U3418,User_3418,2022-12-24
U3419,User_3419,2022-02-28
U3420,User_3420,2022-10-22
U3421,User_3421,2022-07-15
U3422,User_3422,2022-09-29
U3423,User_3423,2022-05-26
U3424,User_3424,2022-08-30
U3425,User_3425,2022-06-17
U3426,User_3426,2022-05-20
U3427,User_3427,2022-12-15
U3428,User_3428,2022-04-20
U3429,User_3429,2022-06-07
U3430,User_3430,2022-11-23
U3431,User_3431,2022-04-13
U3432,User_3432,2022-10-11
U3433,User_3433,2022-11-06
U3434,User_3434,2022-08-25
U3435,User_3435,2022-03-05
U3436,User_3436,2022-04-28
U3437,User_3437,2022-03-06
U3438,User_3438,2022-04-02
U3439,User_3439,2022-05-22
U3440,User_3440,2022-06-03
U3441,User_3441,2022-04-12
U3442,User_3442,2022-11-17
U3443,User_3443,2022-10-07
U3444,User_3444,2022-05-26
U3445,User_3445,2022-01-07
U3446,User_3446,2022-03-05
U3447,User_3447,2022-06-27
U3448,User_3448,2022-07-05
U3449,User_3449,2022-01-31
U3450,User_3450,2022-10-15
U3451,User_3451,2022-01-30
U3452,User_3452,2022-07-09
U3453,User_3453,2022-06-13
U3454,User_3454,2022-09-24
U3455,User_3455,2022-12-09
U3456,User_3456,2022-08-31
U3457,User_3457,2022-02-26
U3458,User_3458,2022-05-20
U3459,User_3459,2022-06-21
U3460,User_3460,2022-05-17
U3461,User_3461,2022-09-25
U3462,User_3462,2022-05-30
U3463,User_3463,2022-08-09
U3464,User_3464,2022-06-07
U3465,User_3465,2022-05-02
U3466,User_3466,2022-03-18
U3467,User_3467,2022-05-14
U3468,User_3468,2022-07-10
U3469,User_3469,2022-02-07
U3470,User_3470,2022-09-25
U3471,User_3471,2022-01-29
U3472,User_3472,2022-10-04
U3473,User_3473,2022-10-17
U3474,User_3474,2022-08-31
U3475,User_3475,2022-02-27
U3476,User_3476,2022-11-25
U3477,User_3477,2022-03-31
U3478,User_3478,2022-09-17
U3479,User_3479,2022-01-27
U3480,User_3480,2022-11-07
U3481,User_3481,2022-04-15
U3482,User_3482,2022-12-24
U3483,User_3483,2022-10-16
U3484,User_3484,2022-02-27
U3485,User_3485,2022-12-02
U3486,User_3486,2022-10-07
U3487,User_3487,2022-12-15
U3488,User_3488,2022-10-08
U3489,User_3489,2022-07-16
U3490,User_3490,2022-09-18
U3491,User_3491,2022-07-16
U3492,User_3492,2022-06-25
U3493,User_3493,2022-03-31
U3494,User_3494,2022-12-09
U3495,User_3495,2022-01-06
U3496,User_3496,2022-06-13
U3497,User_3497,2022-12-28
U3498,User_3498,2022-08-01
U3499,User_3499,2022-10-05
U3500,User_3500,2022-11-07
U3501,User_3501,2022-04-21
U3502,User_3502,2022-10-21
U3503,User_3503,2022-01-06
U3504,User_3504,2022-09-16
U3505,User_3505,2022-09-22
U3506,User_3506,2022-09-30
U3507,User_3507,2022-12-20
U3508,User_3508,2022-02-03
U3509,User_3509,2022-09-29
U3510,User_3510,2022-04-29
U3511,User_3511,2022-07-17
U3512,User_3512,2022-02-19
U3513,User_3513,2022-12-11
U3514,User_3514,2022-03-13
U3515,User_3515,2022-04-27
U3516,User_3516,2022-11-05
U3517,User_3517,2022-12-15
U3518,User_3518,2022-10-06
U3519,User_3519,2022-10-12
U3520,User_3520,2022-12-02
U3521,User_3521,2022-07-17
U3522,User_3522,2022-05-15
U3523,User_3523,2022-08-10
U3524,User_3524,2022-11-17
U3525,User_3525,2022-01-13
U3526,User_3526,2022-05-31
U3527,User_3527,2022-02-26
U3528,User_3528,2022-06-21
U3529,User_3529,2022-08-25
U3530,User_3530,2022-07-08
U3531,User_3531,2022-05-30
U3532,User_3532,2022-07-10
U3533,User_3533,2022-04-21
U3534,User_3534,2022-12-03
U3535,User_3535,2022-05-08
U3536,User_3536,2022-09-22
U3537,User_3537,2022-07-05
U3538,User_3538,2022-02-25
U3539,User_3539,2022-07-29
U3540,User_3540,2022-07-18
U3541,User_3541,2022-07-26
U3542,User_3542,2022-02-21
U3543,User_3543,2022-12-25
U3544,User_3544,2022-09-28
U3545,User_3545,2022-05-05
U3546,User_3546,2022-01-27
U3547,User_3547,2022-08-02
U3548,User_3548,2022-01-15
U3549,User_3549,2022-09-06
U3550,User_3550,2022-03-27
U3551,User_3551,2022-11-11
U3552,User_3552,2022-12-06
U3553,User_3553,2022-12-11
U3554,User_3554,2022-08-20
U3555,User_3555,2022-06-17
U3556,User_3556,2022-02-04
U3557,User_3557,2022-10-07
U3558,User_3558,2022-08-21
U3559,User_3559,2022-04-01
U3560,User_3560,2022-11-15
U3561,User_3561,2022-11-14
U3562,User_3562,2022-04-17
U3563,User_3563,2022-11-30
U3564,User_3564,2022-08-21
U3565,User_3565,2022-09-28
U3566,User_3566,2022-04-15
U3567,User_3567,2022-09-30
U3568,User_3568,2022-11-09
U3569,User_3569,2022-04-25
U3570,User_3570,2022-10-08
U3571,User_3571,2022-04-10
U3572,User_3572,2022-10-05
U3573,User_3573,2022-12-02
U3574,User_3574,2022-12-23
U3575,User_3575,2022-12-24
U3576,User_3576,2022-02-14
U3577,User_3577,2022-03-02
U3578,User_3578,2022-11-07
U3579,User_3579,2022-07-01
U3580,User_3580,2022-02-12
U3581,User_3581,2022-05-09
U3582,User_3582,2022-03-08
U3583,User_3583,2022-12-26
U3584,User_3584,2022-07-20
U3585,User_3585,2022-07-29
U3586,User_3586,2022-01-24
U3587,User_3587,2022-02-02
U3588,User_3588,2022-11-17
U3589,User_3589,2022-01-07
U3590,User_3590,2022-06-01
U3591,User_3591,2022-04-03
U3592,User_3592,2022-11-13
U3593,User_3593,2022-02-05
U3594,User_3594,2022-12-16
U3595,User_3595,2022-02-15
U3596,User_3596,2022-09-28
U3597,User_3597,2022-01-10
U3598,User_3598,2022-10-21
U3599,User_3599,2022-11-08
U3600,User_3600,2022-06-20
U3601,User_3601,2022-09-03
U3602,User_3602,2022-09-21
U3603,User_3603,2022-07-20
U3604,User_3604,2022-05-29
U3605,User_3605,2022-09-07
U3606,User_3606,2022-03-12
U3607,User_3607,2022-11-04
U3608,User_3608,2022-09-06
U3609,User_3609,2022-04-08
U3610,User_3610,2022-10-21
U3611,User_3611,2022-08-10
U3612,User_3612,2022-03-18
U3613,User_3613,2022-07-25
U3614,User_3614,2022-04-16
U3615,User_3615,2022-05-21
U3616,User_3616,2022-11-12
U3617,User_3617,2022-10-27
U3618,User_3618,2022-02-13
U3619,User_3619,2022-01-09
U3620,User_3620,2022-07-11
U3621,User_3621,2022-01-19
U3622,User_3622,2022-01-21
U3623,User_3623,2022-05-02
U3624,User_3624,2022-08-20
U3625,User_3625,2022-11-28
U3626,User_3626,2022-04-21
U3627,User_3627,2022-04-10
U3628,User_3628,2022-09-15
U3629,User_3629,2022-04-12
U3630,User_3630,2022-04-10
U3631,User_3631,2022-03-13
U3632,User_3632,2022-11-01
U3633,User_3633,2022-09-11
U3634,User_3634,2022-12-15
U3635,User_3635,2022-07-31
U3636,User_3636,2022-11-01
U3637,User_3637,2022-11-12
U3638,User_3638,2022-05-27
U3639,User_3639,2022-12-15
U3640,User_3640,2022-01-09
U3641,User_3641,2022-07-16
U3642,User_3642,2022-12-15
U3643,User_3643,2022-10-23
U3644,User_3644,2022-01-15
U3645,User_3645,2022-05-14
U3646,User_3646,2022-02-14
U3647,User_3647,2022-07-06
U3648,User_3648,2022-09-09
U3649,User_3649,2022-09-13
U3650,User_3650,2022-01-05
U3651,User_3651,2022-12-29
U3652,User_3652,2022-06-05
U3653,User_3653,2022-09-23
U3654,User_3654,2022-04-11
U3655,User_3655,2022-06-27
U3656,User_3656,2022-10-25
U3657,User_3657,2022-06-17
U3658,User_3658,2022-08-13
U3659,User_3659,2022-07-28
U3660,User_3660,2022-07-26
U3661,User_3661,2022-06-20
U3662,User_3662,2022-11-08
U3663,User_3663,2022-11-02
U3664,User_3664,2022-04-28
U3665,User_3665,2022-05-12
U3666,User_3666,2022-11-04
U3667,User_3667,2022-09-20
U3668,User_3668,2022-05-17
U3669,User_3669,2022-09-23
U3670,User_3670,2022-12-28
U3671,User_3671,2022-01-08
U3672,User_3672,2022-09-09
U3673,User_3673,2022-04-19
U3674,User_3674,2022-03-06
U3675,User_3675,2022-01-17
U3676,User_3676,2022-09-08
U3677,User_3677,2022-12-06
U3678,User_3678,2022-02-21
U3679,User_3679,2022-04-01
U3680,User_3680,2022-01-03
U3681,User_3681,2022-07-05
U3682,User_3682,2022-03-01
U3683,User_3683,2022-11-22
U3684,User_3684,2022-02-10
U3685,User_3685,2022-12-31
U3686,User_3686,2022-08-16
U3687,User_3687,2022-05-06
U3688,User_3688,2022-03-27
U3689,User_3689,2022-07-02
U3690,User_3690,2022-02-20
U3691,User_3691,2022-04-20
U3692,User_3692,2022-11-25
U3693,User_3693,2022-03-28
U3694,User_3694,2022-01-29
U3695,User_3695,2023-01-01
U3696,User_3696,2022-12-13
U3697,User_3697,2022-05-07
U3698,User_3698,2022-01-04
U3699,User_3699,2022-11-14
U3700,User_3700,2022-04-24
U3701,User_3701,2022-03-20
U3702,User_3702,2022-09-22
U3703,User_3703,2022-06-16
U3704,User_3704,2022-11-23
U3705,User_3705,2022-06-25
U3706,User_3706,2022-07-13
U3707,User_3707,2022-03-18
U3708,User_3708,2022-12-04
U3709,User_3709,2022-07-26
U3710,User_3710,2022-10-28
U3711,User_3711,2022-07-09
U3712,User_3712,2022-10-01
U3713,User_3713,2022-10-27
U3714,User_3714,2022-04-20
U3715,User_3715,2022-11-29
U3716,User_3716,2022-09-20
U3717,User_3717,2022-09-27
U3718,User_3718,2022-10-09
U3719,User_3719,2022-08-11
U3720,User_3720,2022-02-26
U3721,User_3721,2022-01-24
U3722,User_3722,2022-05-27
U3723,User_3723,2022-03-16
U3724,User_3724,2022-03-16
U3725,User_3725,2022-03-22
U3726,User_3726,2022-08-24
U3727,User_3727,2022-05-14
U3728,User_3728,2022-01-14
U3729,User_3729,2022-08-17
U3730,User_3730,2022-03-21
U3731,User_3731,2022-03-04
U3732,User_3732,2022-06-26
U3733,User_3733,2022-11-21
U3734,User_3734,2022-06-10
U3735,User_3735,2022-03-06
U3736,User_3736,2022-05-19
U3737,User_3737,2022-03-03
U3738,User_3738,2022-02-27
U3739,User_3739,2022-06-10
U3740,User_3740,2022-12-05
U3741,User_3741,2022-01-24
U3742,User_3742,2022-02-14
U3743,User_3743,2022-10-26
U3744,User_3744,2022-06-24
U3745,User_3745,2022-10-25
U3746,User_3746,2022-12-12
U3747,User_3747,2022-06-06
U3748,User_3748,2022-02-25
U3749,User_3749,2022-03-21
U3750,User_3750,2022-08-19
U3751,User_3751,2022-05-29
U3752,User_3752,2022-08-11
U3753,User_3753,2022-04-20
U3754,User_3754,2022-08-27
U3755,User_3755,2022-07-03
U3756,User_3756,2022-11-10
U3757,User_3757,2022-08-01
U3758,User_3758,2022-12-07
U3759,User_3759,2022-09-03
U3760,User_3760,2022-07-31
U3761,User_3761,2022-05-07
U3762,User_3762,2022-01-14
U3763,User_3763,2022-08-29
U3764,User_3764,2022-12-25
U3765,User_3765,2022-05-13
U3766,User_3766,2022-12-16
U3767,User_3767,2022-06-20
U3768,User_3768,2022-02-27
U3769,User_3769,2022-05-19
U3770,User_3770,2022-10-26
U3771,User_3771,2022-11-13
U3772,User_3772,2022-07-13
U3773,User_3773,2022-04-01
U3774,User_3774,2022-05-25
U3775,User_3775,2022-12-30
U3776,User_3776,2022-12-15
U3777,User_3777,2022-05-30
U3778,User_3778,2022-07-21
U3779,User_3779,2022-08-22
U3780,User_3780,2022-04-19
U3781,User_3781,2022-09-22
U3782,User_3782,2022-11-14
U3783,User_3783,2022-07-15
U3784,User_3784,2022-02-08
U3785,User_3785,2022-08-23
U3786,User_3786,2022-06-12
U3787,User_3787,2022-03-06
U3788,User_3788,2022-05-26
U3789,User_3789,2022-06-03
U3790,User_3790,2022-03-09
U3791,User_3791,2022-06-11
U3792,User_3792,2022-02-01
U3793,User_3793,2022-05-18
U3794,User_3794,2022-04-13
U3795,User_3795,2022-02-04
U3796,User_3796,2022-03-28
U3797,User_3797,2022-02-20
U3798,User_3798,2022-05-18
U3799,User_3799,2022-05-09
U3800,User_3800,2022-09-05
U3801,User_3801,2022-11-05
U3802,User_3802,2022-04-03
U3803,User_3803,2022-11-17
U3804,User_3804,2022-12-21
U3805,User_3805,2022-11-10
U3806,User_3806,2022-06-05
U3807,User_3807,2022-04-10
U3808,User_3808,2022-08-19
U3809,User_3809,2022-11-03
U3810,User_3810,2022-07-24
U3811,User_3811,2022-07-31
U3812,User_3812,2022-12-28
U3813,User_3813,2022-09-27
U3814,User_3814,2022-06-27
U3815,User_3815,2022-10-03
U3816,User_3816,2022-09-26
U3817,User_3817,2022-07-27
U3818,User_3818,2022-07-12
U3819,User_3819,2022-05-21
U3820,User_3820,2022-06-05
U3821,User_3821,2022-11-28
U3822,User_3822,2022-04-09
U3823,User_3823,2022-11-21
U3824,User_3824,2022-10-07
U3825,User_3825,2022-07-13
U3826,User_3826,2022-05-04
U3827,User_3827,2022-09-20
U3828,User_3828,2022-09-22
U3829,User_3829,2022-01-30
U3830,User_3830,2022-07-12
U3831,User_3831,2022-12-14
U3832,User_3832,2022-01-18
U3833,User_3833,2022-01-13
U3834,User_3834,2022-05-16
U3835,User_3835,2022-10-09
U3836,User_3836,2022-03-26
U3837,User_3837,2022-05-03
U3838,User_3838,2022-05-24
U3839,User_3839,2022-07-20
U3840,User_3840,2022-09-22
U3841,User_3841,2022-03-30
U3842,User_3842,2022-05-22
U3843,User_3843,2022-01-15
U3844,User_3844,2022-09-18
U3845,User_3845,2022-03-22
U3846,User_3846,2022-05-22
U3847,User_3847,2022-05-18
U3848,User_3848,2022-02-11
U3849,User_3849,2022-10-03
U3850,User_3850,2022-08-10
U3851,User_3851,2022-05-18
U3852,User_3852,2022-02-06
U3853,User_3853,2022-06-17
U3854,User_3854,2022-03-13
U3855,User_3855,2022-03-16
U3856,User_3856,2022-01-18
U3857,User_3857,2022-05-16
U3858,User_3858,2022-01-27
U3859,User_3859,2022-03-30
U3860,User_3860,2022-03-15
U3861,User_3861,2022-10-27
U3862,User_3862,2022-03-29
U3863,User_3863,2022-11-17
U3864,User_3864,2022-01-10
U3865,User_3865,2022-07-28
U3866,User_3866,2022-06-16
U3867,User_3867,2022-12-01
U3868,User_3868,2022-06-21
U3869,User_3869,2022-07-05
U3870,User_3870,2022-11-23
U3871,User_3871,2022-06-18
U3872,User_3872,2022-12-28
U3873,User_3873,2022-03-30
U3874,User_3874,2022-08-21
U3875,User_3875,2022-08-10
U3876,User_3876,2022-03-08
U3877,User_3877,2022-11-17
U3878,User_3878,2022-08-14
U3879,User_3879,2022-07-28
U3880,User_3880,2022-10-01
U3881,User_3881,2022-08-13
U3882,User_3882,2022-12-23
U3883,User_3883,2022-12-19
U3884,User_3884,2022-06-09
U3885,User_3885,2022-09-04
U3886,User_3886,2022-11-03
U3887,User_3887,2022-07-18
U3888,User_3888,2022-03-21
U3889,User_3889,2022-02-16
U3890,User_3890,2022-05-09
U3891,User_3891,2022-11-03
U3892,User_3892,2022-09-13
U3893,User_3893,2022-04-06
U3894,User_3894,2022-06-29
U3895,User_3895,2022-07-18
U3896,User_3896,2022-12-13
U3897,User_3897,2022-10-14
U3898,User_3898,2022-02-21
U3899,User_3899,2022-12-07
U3900,User_3900,2022-07-04
U3901,User_3901,2022-07-09
U3902,User_3902,2022-08-22
U3903,User_3903,2022-04-10
U3904,User_3904,2022-05-24
U3905,User_3905,2022-01-26
U3906,User_3906,2022-06-07
U3907,User_3907,2022-08-20
U3908,User_3908,2022-05-21
U3909,User_3909,2022-10-25
U3910,User_3910,2022-01-20
U3911,User_3911,2022-06-24
U3912,User_3912,2022-11-03
U3913,User_3913,2022-10-05
U3914,User_3914,2022-01-06
U3915,User_3915,2022-01-18
U3916,User_3916,2022-08-16
U3917,User_3917,2022-11-24
U3918,User_3918,2022-01-19
U3919,User_3919,2022-04-20
U3920,User_3920,2022-04-12
U3921,User_3921,2022-12-16
U3922,User_3922,2022-07-15
U3923,User_3923,2022-04-25
U3924,User_3924,2022-04-11
U3925,User_3925,2022-01-18
U3926,User_3926,2022-04-10
U3927,User_3927,2022-09-17
U3928,User_3928,2022-05-25
U3929,User_3929,2022-11-07
U3930,User_3930,2022-08-19
U3931,User_3931,2022-01-18
U3932,User_3932,2022-01-07
U3933,User_3933,2022-12-10
U3934,User_3934,2022-05-15
U3935,User_3935,2022-05-02
U3936,User_3936,2022-05-13
U3937,User_3937,2022-11-06
U3938,User_3938,2022-08-08
U3939,User_3939,2022-10-09
U3940,User_3940,2022-09-08
U3941,User_3941,2022-05-17
U3942,User_3942,2022-01-16
U3943,User_3943,2022-01-23
U3944,User_3944,2022-02-10
U3945,User_3945,2022-05-18
U3946,User_3946,2022-11-03
U3947,User_3947,2022-01-31
U3948,User_3948,2022-07-21
U3949,User_3949,2022-10-07
U3950,User_3950,2022-03-10
U3951,User_3951,2022-02-27
U3952,User_3952,2022-06-23
U3953,User_3953,2022-06-26
U3954,User_3954,2022-07-24
U3955,User_3955,2022-03-26
U3956,User_3956,2022-12-21
U3957,User_3957,2022-07-01
U3958,User_3958,2022-06-20
U3959,User_3959,2022-10-31
U3960,User_3960,2022-11-19
U3961,User_3961,2022-01-22
U3962,User_3962,2023-01-01
U3963,User_3963,2022-01-06
U3964,User_3964,2022-02-27
U3965,User_3965,2022-10-19
U3966,User_3966,2022-02-21
U3967,User_3967,2022-08-15
U3968,User_3968,2022-08-24
U3969,User_3969,2022-08-12
U3970,User_3970,2022-05-19
U3971,User_3971,2022-05-17
U3972,User_3972,2022-05-09
U3973,User_3973,2022-06-27
U3974,User_3974,2022-11-12
U3975,User_3975,2022-09-08
U3976,User_3976,2022-04-27
U3977,User_3977,2022-01-16
U3978,User_3978,2022-01-18
U3979,User_3979,2022-09-01
U3980,User_3980,2022-11-29
U3981,User_3981,2022-08-19
U3982,User_3982,2022-03-05
U3983,User_3983,2022-10-01
U3984,User_3984,2022-10-01
U3985,User_3985,2022-08-31
U3986,User_3986,2022-03-03
U3987,User_3987,2022-04-23
U3988,User_3988,2022-01-15
U3989,User_3989,2022-06-28
U3990,User_3990,2022-10-05
U3991,User_3991,2022-08-31
U3992,User_3992,2022-01-11
U3993,User_3993,2022-10-09
U3994,User_3994,2022-01-10
U3995,User_3995,2022-08-07
U3996,User_3996,2022-07-03
U3997,User_3997,2022-08-26
U3998,User_3998,2022-03-04
U3999,User_3999,2022-03-05
U4000,User_4000,2022-03-10
U4001,User_4001,2022-05-21
U4002,User_4002,2022-01-29
U4003,User_4003,2022-06-05
U4004,User_4004,2022-01-25
U4005,User_4005,2022-02-06
U4006,User_4006,2022-09-27
U4007,User_4007,2022-02-03
U4008,User_4008,2022-09-05
U4009,User_4009,2022-04-29
U4010,User_4010,2022-08-28
U4011,User_4011,2022-05-09
U4012,User_4012,2022-09-25
U4013,User_4013,2022-08-28
U4014,User_4014,2022-11-23
U4015,User_4015,2022-02-17
U4016,User_4016,2022-01-20
U4017,User_4017,2022-03-14
U4018,User_4018,2022-03-30
U4019,User_4019,2022-04-03
U4020,User_4020,2022-12-20
U4021,User_4021,2022-12-30
U4022,User_4022,2022-03-16
U4023,User_4023,2022-11-23
U4024,User_4024,2022-06-24
U4025,User_4025,2022-02-02
U4026,User_4026,2022-12-22
U4027,User_4027,2022-11-28
U4028,User_4028,2022-02-28
U4029,User_4029,2022-12-15
U4030,User_4030,2022-05-05
U4031,User_4031,2022-06-24
U4032,User_4032,2022-07-22
U4033,User_4033,2022-05-08
U4034,User_4034,2022-12-18
U4035,User_4035,2022-03-05
U4036,User_4036,2022-03-04
U4037,User_4037,2022-07-16
U4038,User_4038,2022-04-11
U4039,User_4039,2022-06-03
U4040,User_4040,2022-03-05
U4041,User_4041,2022-01-25
U4042,User_4042,2022-03-03
U4043,User_4043,2022-03-04
U4044,User_4044,2022-11-12
U4045,User_4045,2022-09-21
U4046,User_4046,2022-07-30
U4047,User_4047,2022-01-08
U4048,User_4048,2022-07-06
U4049,User_4049,2022-10-30
U4050,User_4050,2022-02-09
U4051,User_4051,2022-01-03
U4052,User_4052,2022-03-05
U4053,User_4053,2022-07-07
U4054,User_4054,2022-06-25
U4055,User_4055,2022-01-22
U4056,User_4056,2022-02-23
U4057,User_4057,2022-07-10
U4058,User_4058,2022-01-28
U4059,User_4059,2022-01-05
U4060,User_4060,2022-09-14
U4061,User_4061,2022-03-27
U4062,User_4062,2022-03-01
U4063,User_4063,2022-03-13
U4064,User_4064,2022-07-07
U4065,User_4065,2022-11-20
U4066,User_4066,2022-12-23
U4067,User_4067,2022-10-07
U4068,User_4068,2022-03-21
U4069,User_4069,2022-03-10
U4070,User_4070,2022-01-23
U4071,User_4071,2022-12-12
U4072,User_4072,2022-12-16
U4073,User_4073,2022-04-13
U4074,User_4074,2022-02-08
U4075,User_4075,2022-01-02
U4076,User_4076,2022-04-18
U4077,User_4077,2022-05-16
U4078,User_4078,2022-06-20
U4079,User_4079,2022-12-27
U4080,User_4080,2022-12-04
U4081,User_4081,2022-10-08
U4082,User_4082,2022-12-05
U4083,User_4083,2022-07-06
U4084,User_4084,2022-03-26
U4085,User_4085,2022-11-30
U4086,User_4086,2022-06-23
U4087,User_4087,2022-05-09
U4088,User_4088,2022-12-25
U4089,User_4089,2022-11-07
U4090,User_4090,2022-09-08
U4091,User_4091,2022-02-04
U4092,User_4092,2022-12-02
U4093,User_4093,2022-04-28
U4094,User_4094,2022-07-17
U4095,User_4095,2022-08-27
U4096,User_4096,2022-06-30
U4097,User_4097,2022-10-18
U4098,User_4098,2022-03-02
U4099,User_4099,2022-08-28
U4100,User_4100,2022-11-18
U4101,User_4101,2022-12-03
U4102,User_4102,2022-02-21
U4103,User_4103,2022-04-11
U4104,User_4104,2022-04-21
U4105,User_4105,2022-07-19
U4106,User_4106,2022-09-28
U4107,User_4107,2022-03-14
U4108,User_4108,2022-04-29
U4109,User_4109,2022-03-25
U4110,User_4110,2022-07-13
U4111,User_4111,2022-02-26
U4112,User_4112,2022-07-10
U4113,User_4113,2022-02-11
U4114,User_4114,2022-05-17
U4115,User_4115,2022-08-31
U4116,User_4116,2022-05-12
U4117,User_4117,2022-07-09
U4118,User_4118,2022-02-06
U4119,User_4119,2022-01-12
U4120,User_4120,2022-02-07
U4121,User_4121,2022-06-19
U4122,User_4122,2022-06-04
U4123,User_4123,2022-12-08
U4124,User_4124,2022-08-22
U4125,User_4125,2022-09-20
U4126,User_4126,2022-10-22
U4127,User_4127,2022-10-24
U4128,User_4128,2022-03-18
U4129,User_4129,2022-05-08
U4130,User_4130,2022-10-14
U4131,User_4131,2022-09-11
U4132,User_4132,2022-06-17
U4133,User_4133,2022-03-15
U4134,User_4134,2022-12-28
U4135,User_4135,2022-07-13
U4136,User_4136,2022-04-20
U4137,User_4137,2022-05-16
U4138,User_4138,2022-10-19
U4139,User_4139,2022-09-28
U4140,User_4140,2022-03-24
U4141,User_4141,2022-03-12
U4142,User_4142,2022-01-23
U4143,User_4143,2022-06-16
U4144,User_4144,2022-08-23
U4145,User_4145,2022-05-27
U4146,User_4146,2022-07-27
U4147,User_4147,2022-06-05
U4148,User_4148,2022-09-21
U4149,User_4149,2022-06-11
U4150,User_4150,2022-05-16
U4151,User_4151,2022-10-31
U4152,User_4152,2023-01-01
U4153,User_4153,2022-11-12
U4154,User_4154,2022-02-17
U4155,User_4155,2022-01-24
U4156,User_4156,2022-03-26
U4157,User_4157,2022-02-17
U4158,User_4158,2022-01-02
U4159,User_4159,2022-09-17
U4160,User_4160,2022-12-06
U4161,User_4161,2022-09-08
U4162,User_4162,2022-12-29
U4163,User_4163,2022-03-19
U4164,User_4164,2022-06-02
U4165,User_4165,2022-09-01
U4166,User_4166,2022-06-16
U4167,User_4167,2022-12-11
U4168,User_4168,2022-02-12
U4169,User_4169,2022-02-10
U4170,User_4170,2022-01-17
U4171,User_4171,2022-08-05
U4172,User_4172,2022-10-26
U4173,User_4173,2022-05-05
U4174,User_4174,2022-10-28
U4175,User_4175,2022-09-20
U4176,User_4176,2022-05-14
U4177,User_4177,2022-08-24
U4178,User_4178,2022-09-16
U4179,User_4179,2022-03-28
U4180,User_4180,2022-09-17
U4181,User_4181,2022-08-23
U4182,User_4182,2022-08-03
U4183,User_4183,2022-11-17
U4184,User_4184,2022-08-11
U4185,User_4185,2022-08-06
U4186,User_4186,2022-02-08
U4187,User_4187,2022-03-06
U4188,User_4188,2022-10-18
U4189,User_4189,2022-08-24
U4190,User_4190,2022-10-07
U4191,User_4191,2022-01-05
U4192,User_4192,2022-12-18
U4193,User_4193,2022-07-27
U4194,User_4194,2022-11-03
U4195,User_4195,2022-07-11
U4196,User_4196,2022-11-23
U4197,User_4197,2022-05-14
U4198,User_4198,2022-04-25
U4199,User_4199,2022-03-16
U4200,User_4200,2022-09-27
U4201,User_4201,2022-08-14
U4202,User_4202,2022-09-01
U4203,User_4203,2022-03-23
U4204,User_4204,2022-11-30
U4205,User_4205,2022-11-12
U4206,User_4206,2022-10-27
U4207,User_4207,2022-11-07
U4208,User_4208,2022-07-28
U4209,User_4209,2022-06-26
U4210,User_4210,2022-02-02
U4211,User_4211,2022-04-25
U4212,User_4212,2022-10-17
U4213,User_4213,2022-10-12
U4214,User_4214,2022-02-22
U4215,User_4215,2022-03-09
U4216,User_4216,2022-06-16
U4217,User_4217,2022-07-29
U4218,User_4218,2022-12-06
U4219,User_4219,2022-09-25
U4220,User_4220,2022-01-17
U4221,User_4221,2022-08-15
U4222,User_4222,2022-12-09
U4223,User_4223,2022-08-24
U4224,User_4224,2022-10-01
U4225,User_4225,2022-05-19
U4226,User_4226,2022-08-16
U4227,User_4227,2022-03-21
U4228,User_4228,2022-08-17
U4229,User_4229,2022-09-04
U4230,User_4230,2022-01-22
U4231,User_4231,2022-07-04
U4232,User_4232,2022-12-05
U4233,User_4233,2022-06-21
U4234,User_4234,2022-09-14
U4235,User_4235,2022-07-25
U4236,User_4236,2022-10-17
U4237,User_4237,2022-05-19
U4238,User_4238,2022-02-22
U4239,User_4239,2022-10-26
U4240,User_4240,2022-09-07
U4241,User_4241,2022-02-15
U4242,User_4242,2022-08-30
U4243,User_4243,2022-02-24
U4244,User_4244,2022-01-19
U4245,User_4245,2022-01-03
U4246,User_4246,2022-11-27
U4247,User_4247,2022-05-23
U4248,User_4248,2022-03-24
U4249,User_4249,2022-10-19
U4250,User_4250,2022-03-09
U4251,User_4251,2022-02-18
U4252,User_4252,2022-08-19
U4253,User_4253,2022-03-22
U4254,User_4254,2022-09-05
U4255,User_4255,2022-11-24
U4256,User_4256,2022-05-16
U4257,User_4257,2022-01-16
U4258,User_4258,2022-09-13
U4259,User_4259,2022-05-22
U4260,User_4260,2022-02-08
U4261,User_4261,2022-12-30
U4262,User_4262,2022-09-01
U4263,User_4263,2022-11-14
U4264,User_4264,2022-06-04
U4265,User_4265,2022-03-01
U4266,User_4266,2022-01-30
U4267,User_4267,2022-04-08
U4268,User_4268,2022-07-25
U4269,User_4269,2022-08-05
U4270,User_4270,2022-07-31
U4271,User_4271,2022-07-22
U4272,User_4272,2022-04-24
U4273,User_4273,2022-07-19
U4274,User_4274,2022-06-20
U4275,User_4275,2022-10-30
U4276,User_4276,2022-02-20
U4277,User_4277,2022-01-10
U4278,User_4278,2022-01-10
U4279,User_4279,2022-12-12
U4280,User_4280,2022-03-27
U4281,User_4281,2022-11-02
U4282,User_4282,2022-11-29
U4283,User_4283,2022-12-10
U4284,User_4284,2022-08-22
U4285,User_4285,2022-12-03
U4286,User_4286,2022-12-04
U4287,User_4287,2022-08-16
U4288,User_4288,2022-07-07
U4289,User_4289,2022-03-14
U4290,User_4290,2022-09-07
U4291,User_4291,2022-01-25
U4292,User_4292,2022-05-18
U4293,User_4293,2022-10-30
U4294,User_4294,2022-11-30
U4295,User_4295,2022-03-19
U4296,User_4296,2022-09-09
U4297,User_4297,2022-01-08
U4298,User_4298,2022-06-17
U4299,User_4299,2022-09-20
U4300,User_4300,2022-07-04
U4301,User_4301,2022-08-23
U4302,User_4302,2022-05-24
U4303,User_4303,2022-03-29
U4304,User_4304,2022-06-26
U4305,User_4305,2022-11-18
U4306,User_4306,2022-07-19
U4307,User_4307,2022-07-16
U4308,User_4308,2022-09-17
U4309,User_4309,2022-06-05
U4310,User_4310,2022-02-20
U4311,User_4311,2022-11-03
U4312,User_4312,2022-02-23
U4313,User_4313,2022-10-28
U4314,User_4314,2022-05-05
U4315,User_4315,2022-12-18
U4316,User_4316,2022-08-26
U4317,User_4317,2022-12-18
U4318,User_4318,2022-02-27
U4319,User_4319,2022-05-12
U4320,User_4320,2022-11-17
U4321,User_4321,2022-10-06
U4322,User_4322,2022-04-03
U4323,User_4323,2022-12-09
U4324,User_4324,2022-08-16
U4325,User_4325,2022-10-11
U4326,User_4326,2022-12-27
U4327,User_4327,2022-02-27
U4328,User_4328,2022-03-26
U4329,User_4329,2022-02-09
U4330,User_4330,2022-07-30
U4331,User_4331,2022-09-24
U4332,User_4332,2022-12-25
U4333,User_4333,2022-06-07
U4334,User_4334,2022-08-09
U4335,User_4335,2022-12-31
U4336,User_4336,2022-08-19
U4337,User_4337,2022-08-29
U4338,User_4338,2022-06-22
U4339,User_4339,2022-05-10
U4340,User_4340,2022-07-19
U4341,User_4341,2022-11-21
U4342,User_4342,2022-09-14
U4343,User_4343,2022-04-21
U4344,User_4344,2022-05-04
U4345,User_4345,2022-04-03
U4346,User_4346,2022-10-24
U4347,User_4347,2022-06-27
U4348,User_4348,2022-01-11
U4349,User_4349,2022-06-17
U4350,User_4350,2022-05-22
U4351,User_4351,2022-12-18
U4352,User_4352,2022-09-02
U4353,User_4353,2022-02-10
U4354,User_4354,2022-09-03
U4355,User_4355,2022-10-09
U4356,User_4356,2022-05-12
U4357,User_4357,2022-12-15
U4358,User_4358,2022-03-10
U4359,User_4359,2022-11-01
U4360,User_4360,2022-08-24
U4361,User_4361,2022-03-09
U4362,User_4362,2022-12-28
U4363,User_4363,2022-09-25
U4364,User_4364,2022-01-15
U4365,User_4365,2022-10-30
U4366,User_4366,2022-09-09
U4367,User_4367,2022-07-26
U4368,User_4368,2022-12-02
U4369,User_4369,2022-10-05
U4370,User_4370,2022-07-12
U4371,User_4371,2022-05-01
U4372,User_4372,2022-10-15
U4373,User_4373,2022-11-22
U4374,User_4374,2022-01-31
U4375,User_4375,2022-10-26
U4376,User_4376,2022-04-27
U4377,User_4377,2022-02-01
U4378,User_4378,2022-06-03
U4379,User_4379,2022-09-16
U4380,User_4380,2022-01-26
U4381,User_4381,2022-04-18
U4382,User_4382,2022-10-12
U4383,User_4383,2022-12-08
U4384,User_4384,2022-02-09
U4385,User_4385,2022-06-08
U4386,User_4386,2022-03-20
U4387,User_4387,2022-02-09
U4388,User_4388,2022-08-18
U4389,User_4389,2022-06-12
U4390,User_4390,2022-09-01
U4391,User_4391,2022-08-19
U4392,User_4392,2022-11-29
U4393,User_4393,2022-10-07
U4394,User_4394,2022-08-02
U4395,User_4395,2022-04-07
U4396,User_4396,2022-06-06
U4397,User_4397,2022-06-11
U4398,User_4398,2022-03-14
U4399,User_4399,2022-07-09
U4400,User_4400,2022-05-02
U4401,User_4401,2022-01-06
U4402,User_4402,2022-02-03
U4403,User_4403,2022-03-19
U4404,User_4404,2022-03-29
U4405,User_4405,2022-01-02
U4406,User_4406,2022-05-29
U4407,User_4407,2022-09-25
U4408,User_4408,2022-06-03
U4409,User_4409,2022-09-19
U4410,User_4410,2022-06-21
U4411,User_4411,2022-06-12
U4412,User_4412,2022-02-27
U4413,User_4413,2022-06-24
U4414,User_4414,2022-02-17
U4415,User_4415,2022-06-02
U4416,User_4416,2022-07-30
U4417,User_4417,2022-08-13
U4418,User_4418,2022-07-02
U4419,User_4419,2022-11-30
U4420,User_4420,2022-08-03
U4421,User_4421,2022-11-29
U4422,User_4422,2022-02-23
U4423,User_4423,2022-04-21
U4424,User_4424,2022-06-06
U4425,User_4425,2022-10-07
U4426,User_4426,2022-02-11
U4427,User_4427,2022-12-18
U4428,User_4428,2022-07-03
U4429,User_4429,2022-01-16
U4430,User_4430,2022-11-09
U4431,User_4431,2022-12-19
U4432,User_4432,2022-02-09
U4433,User_4433,2022-02-08
U4434,User_4434,2022-10-18
U4435,User_4435,2022-03-05
U4436,User_4436,2022-06-27
U4437,User_4437,2022-06-12
U4438,User_4438,2022-04-03
U4439,User_4439,2022-10-11
U4440,User_4440,2022-07-10
U4441,User_4441,2022-07-28
U4442,User_4442,2022-10-02
U4443,User_4443,2022-12-27
U4444,User_4444,2022-02-20
U4445,User_4445,2022-05-06
U4446,User_4446,2022-10-14
U4447,User_4447,2022-04-14
U4448,User_4448,2022-02-16
U4449,User_4449,2022-01-07
U4450,User_4450,2022-04-04
U4451,User_4451,2022-10-23
U4452,User_4452,2022-07-28
U4453,User_4453,2022-04-10
U4454,User_4454,2022-08-12
U4455,User_4455,2022-07-18
U4456,User_4456,2022-01-26
U4457,User_4457,2022-11-10
U4458,User_4458,2022-10-08
U4459,User_4459,2022-08-23
U4460,User_4460,2022-03-30
U4461,User_4461,2022-12-30
U4462,User_4462,2022-05-16
U4463,User_4463,2022-08-07
U4464,User_4464,2022-08-13
U4465,User_4465,2022-03-03
U4466,User_4466,2022-09-11
U4467,User_4467,2022-10-27
U4468,User_4468,2022-05-22
U4469,User_4469,2022-06-23
U4470,User_4470,2022-10-29
U4471,User_4471,2022-08-16
U4472,User_4472,2022-04-24
U4473,User_4473,2022-11-22
U4474,User_4474,2022-07-15
U4475,User_4475,2022-11-30
U4476,User_4476,2022-12-31
U4477,User_4477,2022-06-13
U4478,User_4478,2022-12-20
U4479,User_4479,2022-11-18
U4480,User_4480,2022-10-09
U4481,User_4481,2022-08-12
U4482,User_4482,2022-12-20
U4483,User_4483,2022-04-19
U4484,User_4484,2022-06-18
U4485,User_4485,2022-11-29
U4486,User_4486,2022-07-18
U4487,User_4487,2022-11-22
U4488,User_4488,2022-09-29
U4489,User_4489,2022-03-15
U4490,User_4490,2022-08-01
U4491,User_4491,2022-06-17
U4492,User_4492,2022-11-05
U4493,User_4493,2022-09-20
U4494,User_4494,2022-10-25
U4495,User_4495,2022-01-25
U4496,User_4496,2022-03-07
U4497,User_4497,2022-07-27
U4498,User_4498,2022-12-19
U4499,User_4499,2022-09-14
U4500,User_4500,2022-02-05
U4501,User_4501,2022-07-22
U4502,User_4502,2022-10-02
U4503,User_4503,2022-06-13
U4504,User_4504,2022-05-29
U4505,User_4505,2022-01-17
U4506,User_4506,2022-03-15
U4507,User_4507,2022-05-01
U4508,User_4508,2022-09-28
U4509,User_4509,2022-08-17
U4510,User_4510,2022-07-12
U4511,User_4511,2022-03-06
U4512,User_4512,2022-07-11
U4513,User_4513,2022-11-16
U4514,User_4514,2022-02-12
U4515,User_4515,2022-07-05
U4516,User_4516,2022-07-15
U4517,User_4517,2022-04-20
U4518,User_4518,2022-10-14
U4519,User_4519,2022-06-26
U4520,User_4520,2022-12-03
U4521,User_4521,2022-11-14
U4522,User_4522,2022-12-04
U4523,User_4523,2022-06-09
U4524,User_4524,2022-04-20
U4525,User_4525,2022-12-12
U4526,User_4526,2022-04-19
U4527,User_4527,2022-04-28
U4528,User_4528,2022-01-21
U4529,User_4529,2022-10-14
U4530,User_4530,2022-10-24
U4531,User_4531,2022-03-29
U4532,User_4532,2022-05-15
U4533,User_4533,2022-11-05
U4534,User_4534,2022-08-21
U4535,User_4535,2022-10-23
U4536,User_4536,2022-05-31
U4537,User_4537,2022-05-22
U4538,User_4538,2022-05-10
U4539,User_4539,2022-03-11
U4540,User_4540,2022-09-11
U4541,User_4541,2022-02-15
U4542,User_4542,2022-07-13
U4543,User_4543,2022-09-18
U4544,User_4544,2022-06-01
U4545,User_4545,2022-02-01
U4546,User_4546,2022-08-06
U4547,User_4547,2022-05-19
U4548,User_4548,2022-03-26
U4549,User_4549,2022-07-27
U4550,User_4550,2022-10-06
U4551,User_4551,2022-03-25
U4552,User_4552,2022-07-20
U4553,User_4553,2022-06-27
U4554,User_4554,2022-08-16
U4555,User_4555,2022-11-28
U4556,User_4556,2022-02-22
U4557,User_4557,2022-07-20
U4558,User_4558,2022-03-15
U4559,User_4559,2022-12-30
U4560,User_4560,2022-04-07
U4561,User_4561,2022-11-28
U4562,User_4562,2022-07-05
U4563,User_4563,2022-06-27
U4564,User_4564,2022-11-16
U4565,User_4565,2022-10-25
U4566,User_4566,2022-02-25
U4567,User_4567,2022-12-27
U4568,User_4568,2022-11-24
U4569,User_4569,2022-05-07
U4570,User_4570,2022-07-20
U4571,User_4571,2022-04-28
U4572,User_4572,2022-03-19
U4573,User_4573,2022-12-10
U4574,User_4574,2022-03-02
U4575,User_4575,2022-12-27
U4576,User_4576,2022-03-05
U4577,User_4577,2022-05-05
U4578,User_4578,2022-01-31
U4579,User_4579,2022-08-31
U4580,User_4580,2022-09-28
U4581,User_4581,2022-06-08
U4582,User_4582,2022-12-19
U4583,User_4583,2022-12-02
U4584,User_4584,2022-07-01
U4585,User_4585,2022-12-15
U4586,User_4586,2022-05-30
U4587,User_4587,2022-05-25
U4588,User_4588,2022-11-08
U4589,User_4589,2022-09-27
U4590,User_4590,2022-05-02
U4591,User_4591,2022-09-29
U4592,User_4592,2022-01-25
U4593,User_4593,2022-05-19
U4594,User_4594,2022-02-25
U4595,User_4595,2022-05-27
U4596,User_4596,2022-04-14
U4597,User_4597,2022-01-31
U4598,User_4598,2022-07-05
U4599,User_4599,2022-08-21
U4600,User_4600,2022-09-05
U4601,User_4601,2022-09-09
U4602,User_4602,2022-08-21
U4603,User_4603,2022-04-28
U4604,User_4604,2022-04-17
U4605,User_4605,2022-09-01
U4606,User_4606,2022-06-13
U4607,User_4607,2022-11-23
U4608,User_4608,2022-05-24
U4609,User_4609,2022-04-09
U4610,User_4610,2022-11-09
U4611,User_4611,2022-07-01
U4612,User_4612,2022-04-03
U4613,User_4613,2022-09-30
U4614,User_4614,2022-12-27
U4615,User_4615,2022-03-13
U4616,User_4616,2022-02-19
U4617,User_4617,2022-12-12
U4618,User_4618,2022-08-18
U4619,User_4619,2022-07-04
U4620,User_4620,2022-05-25
U4621,User_4621,2022-08-19
U4622,User_4622,2022-03-06
U4623,User_4623,2022-01-24
U4624,User_4624,2022-06-24
U4625,User_4625,2022-06-21
U4626,User_4626,2022-10-20
U4627,User_4627,2022-01-27
U4628,User_4628,2022-10-21
U4629,User_4629,2022-01-09
U4630,User_4630,2022-04-15
U4631,User_4631,2022-10-02
U4632,User_4632,2022-08-02
U4633,User_4633,2022-07-24
U4634,User_4634,2022-09-04
U4635,User_4635,2022-03-17
U4636,User_4636,2022-11-12
U4637,User_4637,2022-10-18
U4638,User_4638,2022-06-03
U4639,User_4639,2022-03-31
U4640,User_4640,2022-04-24
U4641,User_4641,2022-03-21
U4642,User_4642,2022-12-22
U4643,User_4643,2022-02-26
U4644,User_4644,2022-08-21
U4645,User_4645,2022-11-15
U4646,User_4646,2022-11-03
U4647,User_4647,2022-02-26
U4648,User_4648,2022-01-03
U4649,User_4649,2022-02-06
U4650,User_4650,2022-07-25
U4651,User_4651,2022-03-16
U4652,User_4652,2022-04-17
U4653,User_4653,2022-08-10
U4654,User_4654,2022-09-11
U4655,User_4655,2022-09-09
U4656,User_4656,2022-01-25
U4657,User_4657,2022-02-15
U4658,User_4658,2022-10-17
U4659,User_4659,2022-12-02
U4660,User_4660,2022-09-26
U4661,User_4661,2022-05-08
U4662,User_4662,2022-10-02
U4663,User_4663,2022-05-26
U4664,User_4664,2022-09-09
U4665,User_4665,2022-05-08
U4666,User_4666,2022-05-28
U4667,User_4667,2022-07-05
U4668,User_4668,2022-07-26
U4669,User_4669,2022-01-07
U4670,User_4670,2022-05-24
U4671,User_4671,2022-01-05
U4672,User_4672,2022-07-05
U4673,User_4673,2022-12-21
U4674,User_4674,2022-09-07
U4675,User_4675,2022-10-25
U4676,User_4676,2022-11-30
U4677,User_4677,2022-05-30
U4678,User_4678,2022-10-29
U4679,User_4679,2022-01-05
U4680,User_4680,2022-04-08
U4681,User_4681,2022-02-27
U4682,User_4682,2022-06-16
U4683,User_4683,2022-06-16
U4684,User_4684,2022-04-28
U4685,User_4685,2022-07-09
U4686,User_4686,2022-08-31
U4687,User_4687,2022-11-13
U4688,User_4688,2022-06-03
U4689,User_4689,2022-09-19
U4690,User_4690,2022-02-09
U4691,User_4691,2022-04-26
U4692,User_4692,2022-08-10
U4693,User_4693,2022-07-02
U4694,User_4694,2022-07-25
U4695,User_4695,2022-10-14
U4696,User_4696,2022-05-26
U4697,User_4697,2022-03-31
U4698,User_4698,2022-02-28
U4699,User_4699,2022-05-18
U4700,User_4700,2022-07-21
U4701,User_4701,2022-06-29
U4702,User_4702,2022-09-15
U4703,User_4703,2022-05-27
U4704,User_4704,2022-10-30
U4705,User_4705,2022-07-11
U4706,User_4706,2022-10-18
U4707,User_4707,2022-09-16
U4708,User_4708,2022-10-20
U4709,User_4709,2022-11-03
U4710,User_4710,2022-10-24
U4711,User_4711,2022-12-20
U4712,User_4712,2022-07-20
U4713,User_4713,2022-10-13
U4714,User_4714,2022-10-19
U4715,User_4715,2022-04-28
U4716,User_4716,2022-10-30
U4717,User_4717,2022-07-10
U4718,User_4718,2022-07-24
U4719,User_4719,2022-10-04
U4720,User_4720,2022-05-22
U4721,User_4721,2022-03-08
U4722,User_4722,2022-06-14
U4723,User_4723,2022-09-22
U4724,User_4724,2022-05-03
U4725,User_4725,2022-02-21
U4726,User_4726,2022-07-12
U4727,User_4727,2022-06-04
U4728,User_4728,2022-02-18
U4729,User_4729,2022-01-04
U4730,User_4730,2022-10-30
U4731,User_4731,2022-01-29
U4732,User_4732,2022-07-22
U4733,User_4733,2022-10-25
U4734,User_4734,2022-08-08
U4735,User_4735,2022-10-02
U4736,User_4736,2022-05-27
U4737,User_4737,2022-12-03
U4738,User_4738,2022-07-03
U4739,User_4739,2022-10-22
U4740,User_4740,2022-10-25
U4741,User_4741,2022-05-30
U4742,User_4742,2022-04-06
U4743,User_4743,2022-08-08
U4744,User_4744,2022-05-10
U4745,User_4745,2022-11-03
U4746,User_4746,2022-12-26
U4747,User_4747,2022-08-24
U4748,User_4748,2022-10-23
U4749,User_4749,2022-07-01
U4750,User_4750,2022-11-18
U4751,User_4751,2022-11-07
U4752,User_4752,2022-10-07
U4753,User_4753,2022-03-09
U4754,User_4754,2022-01-17
U4755,User_4755,2022-07-31
U4756,User_4756,2022-08-10
U4757,User_4757,2022-05-18
U4758,User_4758,2022-08-23
U4759,User_4759,2022-09-29
U4760,User_4760,2022-08-19
U4761,User_4761,2022-06-01
U4762,User_4762,2022-07-02
U4763,User_4763,2022-09-23
U4764,User_4764,2022-03-17
U4765,User_4765,2022-01-09
U4766,User_4766,2022-10-01
U4767,User_4767,2022-07-11
U4768,User_4768,2022-02-22
U4769,User_4769,2022-08-31
U4770,User_4770,2022-08-20
U4771,User_4771,2022-09-25
U4772,User_4772,2022-09-29
U4773,User_4773,2022-02-18
U4774,User_4774,2022-11-22
U4775,User_4775,2022-06-01
U4776,User_4776,2022-06-05
U4777,User_4777,2022-04-29
U4778,User_4778,2022-12-27
U4779,User_4779,2022-02-14
U4780,User_4780,2022-11-20
U4781,User_4781,2022-02-03
U4782,User_4782,2022-04-07
U4783,User_4783,2022-12-19
U4784,User_4784,2022-09-06
U4785,User_4785,2022-03-29
U4786,User_4786,2022-04-01
U4787,User_4787,2022-01-19
U4788,User_4788,2022-04-24
U4789,User_4789,2022-06-10
U4790,User_4790,2022-05-03
U4791,User_4791,2022-07-24
U4792,User_4792,2022-06-20
U4793,User_4793,2022-11-12
U4794,User_4794,2022-02-21
U4795,User_4795,2022-07-05
U4796,User_4796,2022-03-01
U4797,User_4797,2022-08-30
U4798,User_4798,2022-03-12
U4799,User_4799,2022-05-17
U4800,User_4800,2022-09-22
U4801,User_4801,2022-01-07
U4802,User_4802,2022-01-24
U4803,User_4803,2022-09-28
U4804,User_4804,2022-04-27
U4805,User_4805,2022-06-30
U4806,User_4806,2022-03-21
U4807,User_4807,2022-11-09
U4808,User_4808,2022-02-20
U4809,User_4809,2022-01-12
U4810,User_4810,2022-02-04
U4811,User_4811,2022-11-07
U4812,User_4812,2022-04-27
U4813,User_4813,2022-06-04
U4814,User_4814,2022-08-14
U4815,User_4815,2022-12-26
U4816,User_4816,2022-05-30
U4817,User_4817,2022-05-11
U4818,User_4818,2022-12-31
U4819,User_4819,2022-05-23
U4820,User_4820,2022-12-02
U4821,User_4821,2022-12-25
U4822,User_4822,2022-10-22
U4823,User_4823,2022-04-28
U4824,User_4824,2022-06-06
U4825,User_4825,2022-05-29
U4826,User_4826,2022-04-07
U4827,User_4827,2022-11-10
U4828,User_4828,2022-11-29
U4829,User_4829,2022-12-17
U4830,User_4830,2022-10-19
U4831,User_4831,2022-10-16
U4832,User_4832,2022-06-18
U4833,User_4833,2022-01-23
U4834,User_4834,2022-05-22
U4835,User_4835,2022-05-14
U4836,User_4836,2022-09-12
U4837,User_4837,2022-11-12
U4838,User_4838,2022-10-11
U4839,User_4839,2022-01-28
U4840,User_4840,2022-11-09
U4841,User_4841,2022-05-04
U4842,User_4842,2022-08-14
U4843,User_4843,2022-04-24
U4844,User_4844,2022-01-09
U4845,User_4845,2022-12-12
U4846,User_4846,2022-10-05
U4847,User_4847,2022-02-14
U4848,User_4848,2022-01-19
U4849,User_4849,2022-10-26
U4850,User_4850,2022-12-21
U4851,User_4851,2022-10-16
U4852,User_4852,2022-08-06
U4853,User_4853,2022-12-07
U4854,User_4854,2022-12-10
U4855,User_4855,2022-01-09
U4856,User_4856,2022-12-31
U4857,User_4857,2022-02-19
U4858,User_4858,2022-07-31
U4859,User_4859,2022-09-03
U4860,User_4860,2022-10-22
U4861,User_4861,2022-12-16
U4862,User_4862,2022-02-24
U4863,User_4863,2022-01-31
U4864,User_4864,2022-08-28
U4865,User_4865,2022-08-17
U4866,User_4866,2022-02-10
U4867,User_4867,2022-10-24
U4868,User_4868,2022-02-06
U4869,User_4869,2022-07-01
U4870,User_4870,2022-10-28
U4871,User_4871,2022-01-13
U4872,User_4872,2022-02-19
U4873,User_4873,2022-11-23
U4874,User_4874,2022-07-02
U4875,User_4875,2022-08-22
U4876,User_4876,2022-09-11
U4877,User_4877,2022-01-14
U4878,User_4878,2022-01-16
U4879,User_4879,2022-12-25
U4880,User_4880,2022-12-16
U4881,User_4881,2022-10-21
U4882,User_4882,2022-01-13
U4883,User_4883,2022-08-24
U4884,User_4884,2022-08-22
U4885,User_4885,2022-03-21
U4886,User_4886,2022-08-18
U4887,User_4887,2022-07-22
U4888,User_4888,2022-05-03
U4889,User_4889,2022-08-24
U4890,User_4890,2022-09-18
U4891,User_4891,2022-06-23
U4892,User_4892,2022-01-27
U4893,User_4893,2022-09-18
U4894,User_4894,2022-03-24
U4895,User_4895,2022-12-06
U4896,User_4896,2022-06-14
U4897,User_4897,2022-10-12
U4898,User_4898,2022-08-16
U4899,User_4899,2022-08-25
U4900,User_4900,2022-03-16
U4901,User_4901,2022-06-24
U4902,User_4902,2022-05-21
U4903,User_4903,2022-03-07
U4904,User_4904,2022-11-06
U4905,User_4905,2022-09-03
U4906,User_4906,2022-08-30
U4907,User_4907,2022-12-30
U4908,User_4908,2022-12-04
U4909,User_4909,2022-06-10
U4910,User_4910,2022-11-28
U4911,User_4911,2022-12-13
U4912,User_4912,2022-08-28
U4913,User_4913,2022-07-20
U4914,User_4914,2022-08-30
U4915,User_4915,2022-04-18
U4916,User_4916,2022-06-03
U4917,User_4917,2022-04-27
U4918,User_4918,2022-05-17
U4919,User_4919,2022-08-02
U4920,User_4920,2022-04-27
U4921,User_4921,2022-10-21
U4922,User_4922,2022-02-07
U4923,User_4923,2022-02-25
U4924,User_4924,2022-10-13
U4925,User_4925,2022-01-06
U4926,User_4926,2022-12-23
U4927,User_4927,2022-10-20
U4928,User_4928,2022-07-21
U4929,User_4929,2022-07-30
U4930,User_4930,2022-02-10
U4931,User_4931,2022-08-07
U4932,User_4932,2022-04-17
U4933,User_4933,2022-04-19
U4934,User_4934,2022-08-06
U4935,User_4935,2022-08-31
U4936,User_4936,2022-04-21
U4937,User_4937,2022-12-10
U4938,User_4938,2022-05-21
U4939,User_4939,2022-10-14
U4940,User_4940,2022-10-19
U4941,User_4941,2022-07-27
U4942,User_4942,2022-09-06
U4943,User_4943,2022-02-17
U4944,User_4944,2022-01-27
U4945,User_4945,2022-05-21
U4946,User_4946,2022-07-25
U4947,User_4947,2022-07-07
U4948,User_4948,2022-10-09
U4949,User_4949,2022-11-15
U4950,User_4950,2022-06-07
U4951,User_4951,2022-12-08
U4952,User_4952,2022-08-19
U4953,User_4953,2022-10-14
U4954,User_4954,2022-05-31
U4955,User_4955,2022-11-10
U4956,User_4956,2022-08-22
U4957,User_4957,2022-12-02
U4958,User_4958,2022-05-01
U4959,User_4959,2022-10-28
U4960,User_4960,2022-11-09
U4961,User_4961,2022-03-10
U4962,User_4962,2022-11-27
U4963,User_4963,2022-05-30
U4964,User_4964,2022-06-17
U4965,User_4965,2022-01-13
U4966,User_4966,2022-09-14
U4967,User_4967,2022-08-29
U4968,User_4968,2022-01-10
U4969,User_4969,2022-11-19
U4970,User_4970,2022-07-03
U4971,User_4971,2022-01-24
U4972,User_4972,2022-07-05
U4973,User_4973,2022-05-15
U4974,User_4974,2022-12-21
U4975,User_4975,2022-03-11
U4976,User_4976,2022-03-13
U4977,User_4977,2022-04-18
U4978,User_4978,2022-01-05
U4979,User_4979,2022-03-21
U4980,User_4980,2022-06-29
U4981,User_4981,2022-04-25
U4982,User_4982,2022-07-06
U4983,User_4983,2022-04-07
U4984,User_4984,2022-12-30
U4985,User_4985,2022-05-29
U4986,User_4986,2022-03-29
U4987,User_4987,2022-04-22
U4988,User_4988,2022-04-03
U4989,User_4989,2022-04-19
U4990,User_4990,2022-06-03
U4991,User_4991,2022-01-16
U4992,User_4992,2022-03-25
U4993,User_4993,2022-06-20
U4994,User_4994,2022-09-24
U4995,User_4995,2022-02-23
U4996,User_4996,2022-04-15
U4997,User_4997,2022-05-16
U4998,User_4998,2022-10-02
U4999,User_4999,2022-05-02
U5000,User_5000,2022-02-17
U5001,User_5001,2022-07-01
U5002,User_5002,2022-09-14
U5003,User_5003,2022-04-09
U5004,User_5004,2022-07-07
U5005,User_5005,2022-04-28
U5006,User_5006,2022-04-19
U5007,User_5007,2022-04-27
U5008,User_5008,2022-01-10
U5009,User_5009,2022-04-29
U5010,User_5010,2022-06-20
U5011,User_5011,2022-04-10
U5012,User_5012,2022-02-22
U5013,User_5013,2022-09-16
U5014,User_5014,2022-07-18
U5015,User_5015,2022-08-10
U5016,User_5016,2022-04-22
U5017,User_5017,2022-06-21
U5018,User_5018,2022-09-30
U5019,User_5019,2022-10-10
U5020,User_5020,2022-12-24
U5021,User_5021,2022-06-08
U5022,User_5022,2022-04-11
U5023,User_5023,2022-09-07
U5024,User_5024,2022-01-16
U5025,User_5025,2022-01-27
U5026,User_5026,2022-02-05
U5027,User_5027,2022-09-18
U5028,User_5028,2022-04-16
U5029,User_5029,2022-11-19
U5030,User_5030,2022-12-05
U5031,User_5031,2022-06-29
U5032,User_5032,2022-05-27
U5033,User_5033,2022-01-08
U5034,User_5034,2022-07-18
U5035,User_5035,2022-10-16
U5036,User_5036,2022-07-05
U5037,User_5037,2022-05-04
U5038,User_5038,2022-05-17
U5039,User_5039,2022-03-14
U5040,User_5040,2022-05-17
U5041,User_5041,2022-10-15
U5042,User_5042,2022-07-18
U5043,User_5043,2022-09-23
U5044,User_5044,2022-06-20
U5045,User_5045,2022-06-05
U5046,User_5046,2022-10-11
U5047,User_5047,2022-01-20
U5048,User_5048,2022-03-07
U5049,User_5049,2022-05-11
U5050,User_5050,2022-02-14
U5051,User_5051,2022-05-21
U5052,User_5052,2022-05-27
U5053,User_5053,2022-07-15
U5054,User_5054,2022-10-26
U5055,User_5055,2022-05-12
U5056,User_5056,2022-03-19
U5057,User_5057,2022-03-14
U5058,User_5058,2022-12-23
U5059,User_5059,2022-01-17
U5060,User_5060,2022-07-27
U5061,User_5061,2022-06-28
U5062,User_5062,2022-11-30
U5063,User_5063,2022-06-06
U5064,User_5064,2022-07-20
U5065,User_5065,2022-03-21
U5066,User_5066,2022-04-23
U5067,User_5067,2022-08-19
U5068,User_5068,2022-01-02
U5069,User_5069,2022-10-03
U5070,User_5070,2022-01-30
U5071,User_5071,2022-10-22
U5072,User_5072,2022-07-07
U5073,User_5073,2022-02-04
U5074,User_5074,2022-07-19
U5075,User_5075,2022-01-13
U5076,User_5076,2022-01-22
U5077,User_5077,2022-07-09
U5078,User_5078,2022-07-21
U5079,User_5079,2022-03-06
U5080,User_5080,2022-08-28
U5081,User_5081,2022-09-10
U5082,User_5082,2022-06-15
U5083,User_5083,2022-08-31
U5084,User_5084,2022-04-15
U5085,User_5085,2022-08-14
U5086,User_5086,2022-10-21
U5087,User_5087,2022-09-05
U5088,User_5088,2022-09-12
U5089,User_5089,2022-06-10
U5090,User_5090,2022-07-19
U5091,User_5091,2022-07-15
U5092,User_5092,2022-12-09
U5093,User_5093,2022-09-22
U5094,User_5094,2022-03-16
U5095,User_5095,2022-07-07
U5096,User_5096,2022-12-30
U5097,User_5097,2022-03-26
U5098,User_5098,2022-01-13
U5099,User_5099,2022-05-04
U5100,User_5100,2022-09-25
U5101,User_5101,2022-09-11
U5102,User_5102,2022-05-20
U5103,User_5103,2022-01-21
U5104,User_5104,2022-05-02
U5105,User_5105,2022-07-16
U5106,User_5106,2022-07-19
U5107,User_5107,2022-10-02
U5108,User_5108,2022-03-13
U5109,User_5109,2022-02-24
U5110,User_5110,2022-02-21
U5111,User_5111,2022-07-16
U5112,User_5112,2022-01-22
U5113,User_5113,2022-06-14
U5114,User_5114,2022-06-16
U5115,User_5115,2022-09-30
U5116,User_5116,2022-11-25
U5117,User_5117,2022-04-17
U5118,User_5118,2022-06-13
U5119,User_5119,2022-01-23
U5120,User_5120,2022-11-15
U5121,User_5121,2022-01-22
U5122,User_5122,2022-11-25
U5123,User_5123,2022-04-03
U5124,User_5124,2022-10-13
U5125,User_5125,2022-09-15
U5126,User_5126,2022-02-17
U5127,User_5127,2022-04-07
U5128,User_5128,2022-07-04
U5129,User_5129,2022-11-25
U5130,User_5130,2022-05-20
U5131,User_5131,2022-09-08
U5132,User_5132,2022-12-28
U5133,User_5133,2022-01-19
U5134,User_5134,2022-05-22
U5135,User_5135,2022-04-25
U5136,User_5136,2022-07-06
U5137,User_5137,2022-01-19
U5138,User_5138,2022-07-09
U5139,User_5139,2022-08-30
U5140,User_5140,2022-05-05
U5141,User_5141,2022-11-26
U5142,User_5142,2022-02-15
U5143,User_5143,2022-09-12
U5144,User_5144,2022-06-27
U5145,User_5145,2022-03-31
U5146,User_5146,2022-09-18
U5147,User_5147,2022-03-24
U5148,User_5148,2022-10-07
U5149,User_5149,2022-10-23
U5150,User_5150,2022-07-09
U5151,User_5151,2022-01-23
U5152,User_5152,2022-05-13
U5153,User_5153,2022-10-27
U5154,User_5154,2022-06-18
U5155,User_5155,2022-11-04
U5156,User_5156,2022-12-07
U5157,User_5157,2022-08-19
U5158,User_5158,2022-06-16
U5159,User_5159,2022-11-21
U5160,User_5160,2022-04-26
U5161,User_5161,2022-07-17
U5162,User_5162,2022-08-10
U5163,User_5163,2022-01-25
U5164,User_5164,2022-05-08
U5165,User_5165,2022-10-04
U5166,User_5166,2022-05-08
U5167,User_5167,2022-08-16
U5168,User_5168,2022-04-14
U5169,User_5169,2022-08-12
U5170,User_5170,2022-04-26
U5171,User_5171,2022-09-28
U5172,User_5172,2022-03-09
U5173,User_5173,2022-03-30
U5174,User_5174,2022-12-30
U5175,User_5175,2022-05-25
U5176,User_5176,2022-08-21
U5177,User_5177,2022-08-01
U5178,User_5178,2022-06-12
U5179,User_5179,2022-12-02
U5180,User_5180,2022-04-20
U5181,User_5181,2022-03-08
U5182,User_5182,2022-12-01
U5183,User_5183,2022-09-12
U5184,User_5184,2022-09-28
U5185,User_5185,2022-01-25
U5186,User_5186,2022-05-05
U5187,User_5187,2022-10-28
U5188,User_5188,2022-02-27
U5189,User_5189,2022-07-26
U5190,User_5190,2022-05-08
U5191,User_5191,2022-11-12
U5192,User_5192,2022-04-16
U5193,User_5193,2022-10-11
U5194,User_5194,2022-11-21
U5195,User_5195,2022-11-12
U5196,User_5196,2022-04-27
U5197,User_5197,2022-07-13
U5198,User_5198,2022-05-18
U5199,User_5199,2022-04-07
U5200,User_5200,2022-05-08
U5201,User_5201,2022-09-04
U5202,User_5202,2022-03-20
U5203,User_5203,2022-04-19
U5204,User_5204,2022-08-08
U5205,User_5205,2022-10-20
U5206,User_5206,2022-07-24
U5207,User_5207,2022-03-14
U5208,User_5208,2022-10-16
U5209,User_5209,2022-05-29
U5210,User_5210,2022-03-24
U5211,User_5211,2022-09-07
U5212,User_5212,2022-10-09
U5213,User_5213,2022-08-18
U5214,User_5214,2022-01-15
U5215,User_5215,2022-12-22
U5216,User_5216,2022-03-28
U5217,User_5217,2022-10-30
U5218,User_5218,2022-09-11
U5219,User_5219,2022-03-23
U5220,User_5220,2022-02-04
U5221,User_5221,2022-12-24
U5222,User_5222,2022-01-08
U5223,User_5223,2022-08-26
U5224,User_5224,2022-12-22
U5225,User_5225,2022-08-27
U5226,User_5226,2022-06-16
U5227,User_5227,2022-05-15
U5228,User_5228,2022-02-28
U5229,User_5229,2022-10-07
U5230,User_5230,2022-04-26
U5231,User_5231,2022-07-30
U5232,User_5232,2022-01-07
U5233,User_5233,2022-08-28
U5234,User_5234,2022-12-23
U5235,User_5235,2022-07-31
U5236,User_5236,2022-05-13
U5237,User_5237,2022-02-22
U5238,User_5238,2022-06-05
U5239,User_5239,2022-04-30
U5240,User_5240,2022-06-21
U5241,User_5241,2022-10-18
U5242,User_5242,2022-05-30
U5243,User_5243,2022-05-15
U5244,User_5244,2022-09-07
U5245,User_5245,2022-09-27
U5246,User_5246,2022-05-15
U5247,User_5247,2022-12-11
U5248,User_5248,2022-11-21
U5249,User_5249,2022-12-25
U5250,User_5250,2022-01-26
U5251,User_5251,2022-06-28
U5252,User_5252,2022-06-23
U5253,User_5253,2022-07-26
U5254,User_5254,2022-12-02
U5255,User_5255,2022-08-19
U5256,User_5256,2022-03-20
U5257,User_5257,2022-02-11
U5258,User_5258,2022-03-10
U5259,User_5259,2022-01-21
U5260,User_5260,2022-10-31
U5261,User_5261,2022-03-24
U5262,User_5262,2022-03-18
U5263,User_5263,2022-01-07
U5264,User_5264,2022-05-19
U5265,User_5265,2022-03-11
U5266,User_5266,2022-08-19
U5267,User_5267,2022-04-12
U5268,User_5268,2022-01-17
U5269,User_5269,2022-07-31
U5270,User_5270,2022-01-11
U5271,User_5271,2022-06-24
U5272,User_5272,2022-04-28
U5273,User_5273,2022-10-06
U5274,User_5274,2022-07-25
U5275,User_5275,2022-02-04
U5276,User_5276,2023-01-01
U5277,User_5277,2022-05-07
U5278,User_5278,2022-12-01
U5279,User_5279,2022-02-21
U5280,User_5280,2022-09-03
U5281,User_5281,2022-10-18
U5282,User_5282,2022-07-26
U5283,User_5283,2022-08-23
U5284,User_5284,2022-01-11
U5285,User_5285,2022-03-02
U5286,User_5286,2022-12-14
U5287,User_5287,2022-11-07
U5288,User_5288,2022-12-01
U5289,User_5289,2022-09-02
U5290,User_5290,2022-07-01
U5291,User_5291,2022-01-17
U5292,User_5292,2022-10-01
U5293,User_5293,2022-03-15
U5294,User_5294,2022-05-14
U5295,User_5295,2022-02-15
U5296,User_5296,2022-08-08
U5297,User_5297,2022-08-04
U5298,User_5298,2022-06-14
U5299,User_5299,2022-05-07
U5300,User_5300,2022-04-19
U5301,User_5301,2022-05-28
U5302,User_5302,2022-11-15
U5303,User_5303,2022-12-15
U5304,User_5304,2022-06-03
U5305,User_5305,2022-06-17
U5306,User_5306,2022-04-06
U5307,User_5307,2022-11-27
U5308,User_5308,2022-04-05
U5309,User_5309,2022-09-26
U5310,User_5310,2022-06-10
U5311,User_5311,2022-02-18
U5312,User_5312,2022-06-17
U5313,User_5313,2022-12-28
U5314,User_5314,2022-12-17
U5315,User_5315,2022-11-20
U5316,User_5316,2022-11-15
U5317,User_5317,2022-10-29
U5318,User_5318,2022-05-25
U5319,User_5319,2022-01-27
U5320,User_5320,2022-10-04
U5321,User_5321,2022-09-23
U5322,User_5322,2022-01-24
U5323,User_5323,2022-11-09
U5324,User_5324,2022-05-25
U5325,User_5325,2022-11-13
U5326,User_5326,2022-07-13
U5327,User_5327,2022-03-10
U5328,User_5328,2022-11-10
U5329,User_5329,2022-09-03
U5330,User_5330,2022-11-11
U5331,User_5331,2022-08-06
U5332,User_5332,2022-12-13
U5333,User_5333,2022-11-15
U5334,User_5334,2022-01-22
U5335,User_5335,2022-11-17
U5336,User_5336,2022-07-20
U5337,User_5337,2022-04-15
U5338,User_5338,2022-04-09
U5339,User_5339,2022-04-10
U5340,User_5340,2022-01-18
U5341,User_5341,2022-03-16
U5342,User_5342,2022-05-11
U5343,User_5343,2022-02-26
U5344,User_5344,2022-11-18
U5345,User_5345,2022-12-17
U5346,User_5346,2022-12-13
U5347,User_5347,2022-02-06
U5348,User_5348,2022-08-06
U5349,User_5349,2022-08-27
U5350,User_5350,2022-01-26
U5351,User_5351,2022-06-26
U5352,User_5352,2022-02-20
U5353,User_5353,2022-11-03
U5354,User_5354,2022-09-21
U5355,User_5355,2022-06-24
U5356,User_5356,2022-06-03
U5357,User_5357,2022-11-27
U5358,User_5358,2022-10-26
U5359,User_5359,2022-04-10
U5360,User_5360,2022-09-13
U5361,User_5361,2022-07-31
U5362,User_5362,2022-06-10
U5363,User_5363,2022-10-11
U5364,User_5364,2022-03-31
U5365,User_5365,2022-08-04
U5366,User_5366,2022-08-26
U5367,User_5367,2022-05-09
U5368,User_5368,2022-08-08
U5369,User_5369,2022-05-16
U5370,User_5370,2022-03-23
U5371,User_5371,2022-09-15
U5372,User_5372,2022-08-04
U5373,User_5373,2022-12-08
U5374,User_5374,2022-06-01
U5375,User_5375,2022-05-30
U5376,User_5376,2022-10-07
U5377,User_5377,2022-06-02
U5378,User_5378,2022-12-05
U5379,User_5379,2022-12-15
U5380,User_5380,2022-05-20
U5381,User_5381,2022-08-30
U5382,User_5382,2022-11-29
U5383,User_5383,2022-11-15
U5384,User_5384,2022-08-01
U5385,User_5385,2022-08-15
U5386,User_5386,2022-07-18
U5387,User_5387,2022-06-09
U5388,User_5388,2022-11-28
U5389,User_5389,2022-02-26
U5390,User_5390,2022-01-31
U5391,User_5391,2022-07-13
U5392,User_5392,2022-01-08
U5393,User_5393,2022-09-17
U5394,User_5394,2022-08-18
U5395,User_5395,2022-07-23
U5396,User_5396,2022-05-15
U5397,User_5397,2022-02-26
U5398,User_5398,2022-10-20
U5399,User_5399,2022-05-01
U5400,User_5400,2022-04-07
U5401,User_5401,2022-08-12
U5402,User_5402,2022-06-06
U5403,User_5403,2022-05-22
U5404,User_5404,2022-01-27
U5405,User_5405,2022-10-21
U5406,User_5406,2022-09-01
U5407,User_5407,2022-11-13
U5408,User_5408,2022-01-25
U5409,User_5409,2022-08-02
U5410,User_5410,2022-11-18
U5411,User_5411,2022-05-22
U5412,User_5412,2022-12-10
U5413,User_5413,2022-03-06
U5414,User_5414,2022-05-05
U5415,User_5415,2022-10-13
U5416,User_5416,2022-05-03
U5417,User_5417,2022-07-16
U5418,User_5418,2022-05-06
U5419,User_5419,2022-11-15
U5420,User_5420,2022-12-29
U5421,User_5421,2022-09-16
U5422,User_5422,2022-09-05
U5423,User_5423,2022-05-20
U5424,User_5424,2022-10-17
U5425,User_5425,2022-10-09
U5426,User_5426,2022-08-19
U5427,User_5427,2022-12-08
U5428,User_5428,2022-09-07
U5429,User_5429,2022-05-08
U5430,User_5430,2022-02-11
U5431,User_5431,2022-02-17
U5432,User_5432,2022-06-17
U5433,User_5433,2022-07-17
U5434,User_5434,2022-11-28
U5435,User_5435,2022-02-28
U5436,User_5436,2022-10-16
U5437,User_5437,2022-09-23
U5438,User_5438,2022-08-17
U5439,User_5439,2022-09-11
U5440,User_5440,2022-10-08
U5441,User_5441,2022-10-20
U5442,User_5442,2022-12-18
U5443,User_5443,2022-07-24
U5444,User_5444,2022-06-09
U5445,User_5445,2022-10-11
U5446,User_5446,2022-09-11
U5447,User_5447,2022-10-01
U5448,User_5448,2022-04-07
U5449,User_5449,2022-11-26
U5450,User_5450,2022-12-11
U5451,User_5451,2022-01-10
U5452,User_5452,2022-05-10
U5453,User_5453,2022-02-07
U5454,User_5454,2022-07-05
U5455,User_5455,2022-04-22
U5456,User_5456,2022-02-23
U5457,User_5457,2022-04-01
U5458,User_5458,2022-01-09
U5459,User_5459,2022-01-09
U5460,User_5460,2022-06-30
U5461,User_5461,2022-10-28
U5462,User_5462,2022-07-15
U5463,User_5463,2022-09-22
U5464,User_5464,2022-07-26
U5465,User_5465,2022-07-15
U5466,User_5466,2022-08-09
U5467,User_5467,2022-07-22
U5468,User_5468,2022-03-24
U5469,User_5469,2022-03-26
U5470,User_5470,2022-04-22
U5471,User_5471,2022-04-22
U5472,User_5472,2022-11-11
U5473,User_5473,2022-01-02
U5474,User_5474,2022-02-15
U5475,User_5475,2022-12-08
U5476,User_5476,2022-09-16
U5477,User_5477,2022-06-30
U5478,User_5478,2022-08-22
U5479,User_5479,2022-11-06
U5480,User_5480,2022-10-12
U5481,User_5481,2022-10-16
U5482,User_5482,2022-04-26
U5483,User_5483,2022-10-10
U5484,User_5484,2022-03-10
U5485,User_5485,2022-08-31
U5486,User_5486,2022-06-24
U5487,User_5487,2022-01-16
U5488,User_5488,2022-07-30
U5489,User_5489,2022-11-19
U5490,User_5490,2022-05-08
U5491,User_5491,2022-08-29
U5492,User_5492,2022-04-13
U5493,User_5493,2022-06-23
U5494,User_5494,2022-11-16
U5495,User_5495,2022-09-06
U5496,User_5496,2022-01-17
U5497,User_5497,2022-06-06
U5498,User_5498,2022-12-21
U5499,User_5499,2022-03-06
U5500,User_5500,2022-09-12
U5501,User_5501,2022-01-12
U5502,User_5502,2022-01-27
U5503,User_5503,2022-06-28
U5504,User_5504,2022-05-12
U5505,User_5505,2022-11-29
U5506,User_5506,2022-04-29
U5507,User_5507,2022-06-05
U5508,User_5508,2022-08-19
U5509,User_5509,2022-08-03
U5510,User_5510,2022-12-12
U5511,User_5511,2022-10-15
U5512,User_5512,2022-11-08
U5513,User_5513,2022-06-05
U5514,User_5514,2022-05-25
U5515,User_5515,2022-09-02
U5516,User_5516,2022-06-04
U5517,User_5517,2022-02-14
U5518,User_5518,2022-04-08
U5519,User_5519,2022-07-25
U5520,User_5520,2022-11-07
U5521,User_5521,2022-01-16
U5522,User_5522,2022-08-17
U5523,User_5523,2022-06-03
U5524,User_5524,2022-07-15
U5525,User_5525,2022-06-23
U5526,User_5526,2022-05-27
U5527,User_5527,2022-05-17
U5528,User_5528,2022-12-17
U5529,User_5529,2022-07-14
U5530,User_5530,2022-12-13
U5531,User_5531,2022-08-09
U5532,User_5532,2022-02-20
U5533,User_5533,2022-04-07
U5534,User_5534,2022-11-04
U5535,User_5535,2022-09-11
U5536,User_5536,2022-03-14
U5537,User_5537,2022-02-03
U5538,User_5538,2022-02-04
U5539,User_5539,2022-12-19
U5540,User_5540,2022-03-09
U5541,User_5541,2022-02-17
U5542,User_5542,2022-11-05
U5543,User_5543,2022-02-19
U5544,User_5544,2022-04-25
U5545,User_5545,2022-12-21
U5546,User_5546,2022-12-26
U5547,User_5547,2022-08-25
U5548,User_5548,2022-11-15
U5549,User_5549,2022-05-26
U5550,User_5550,2022-07-05
U5551,User_5551,2022-07-10
U5552,User_5552,2022-01-26
U5553,User_5553,2022-07-02
U5554,User_5554,2022-04-27
U5555,User_5555,2022-07-25
U5556,User_5556,2022-03-30
U5557,User_5557,2022-08-11
U5558,User_5558,2022-06-20
U5559,User_5559,2022-02-17
U5560,User_5560,2022-05-13
U5561,User_5561,2022-08-21
U5562,User_5562,2022-12-23
U5563,User_5563,2022-09-27
U5564,User_5564,2022-10-13
U5565,User_5565,2022-10-21
U5566,User_5566,2022-06-03
U5567,User_5567,2022-11-25
U5568,User_5568,2022-03-14
U5569,User_5569,2022-02-18
U5570,User_5570,2022-12-09
U5571,User_5571,2022-07-30
U5572,User_5572,2022-08-27
U5573,User_5573,2022-10-06
U5574,User_5574,2022-03-12
U5575,User_5575,2022-09-14
U5576,User_5576,2022-02-17
U5577,User_5577,2022-04-22
U5578,User_5578,2022-01-28
U5579,User_5579,2022-10-12
U5580,User_5580,2022-07-05
U5581,User_5581,2022-11-17
U5582,User_5582,2022-04-07
U5583,User_5583,2022-01-08
U5584,User_5584,2022-09-10
U5585,User_5585,2022-08-18
U5586,User_5586,2022-03-14
U5587,User_5587,2022-10-13
U5588,User_5588,2022-09-20
U5589,User_5589,2022-05-12
U5590,User_5590,2022-09-26
U5591,User_5591,2022-01-29
U5592,User_5592,2022-09-14
U5593,User_5593,2022-09-16
U5594,User_5594,2022-02-24
U5595,User_5595,2022-01-02
U5596,User_5596,2022-06-26
U5597,User_5597,2022-09-06
U5598,User_5598,2022-02-04
U5599,User_5599,2022-07-14
U5600,User_5600,2022-10-26
U5601,User_5601,2022-12-14
U5602,User_5602,2022-07-17
U5603,User_5603,2022-02-06
U5604,User_5604,2022-02-27
U5605,User_5605,2022-07-09
U5606,User_5606,2022-10-05
U5607,User_5607,2022-07-12
U5608,User_5608,2022-01-06
U5609,User_5609,2022-01-10
U5610,User_5610,2022-09-10
U5611,User_5611,2022-05-24
U5612,User_5612,2022-04-16
U5613,User_5613,2022-10-14
U5614,User_5614,2022-11-10
U5615,User_5615,2022-04-23
U5616,User_5616,2022-09-06
U5617,User_5617,2022-06-27
U5618,User_5618,2022-03-31
U5619,User_5619,2022-12-11
U5620,User_5620,2022-01-13
U5621,User_5621,2022-01-25
U5622,User_5622,2022-08-30
U5623,User_5623,2022-02-09
U5624,User_5624,2022-04-07
U5625,User_5625,2022-05-07
U5626,User_5626,2022-03-12
U5627,User_5627,2022-02-10
U5628,User_5628,2022-11-07
U5629,User_5629,2022-10-09
U5630,User_5630,2022-11-20
U5631,User_5631,2022-03-30
U5632,User_5632,2022-11-18
U5633,User_5633,2022-01-29
U5634,User_5634,2022-04-05
U5635,User_5635,2022-01-11
U5636,User_5636,2022-10-26
U5637,User_5637,2022-05-09
U5638,User_5638,2022-02-09
U5639,User_5639,2022-03-31
U5640,User_5640,2022-07-06
U5641,User_5641,2022-01-11
U5642,User_5642,2022-11-11
U5643,User_5643,2022-10-22
U5644,User_5644,2022-03-29
U5645,User_5645,2022-01-21
U5646,User_5646,2022-02-16
U5647,User_5647,2022-01-02
U5648,User_5648,2022-08-24
U5649,User_5649,2022-01-22
U5650,User_5650,2022-11-30
U5651,User_5651,2022-09-16
U5652,User_5652,2022-08-14
U5653,User_5653,2022-06-07
U5654,User_5654,2022-11-03
U5655,User_5655,2022-05-29
U5656,User_5656,2022-08-14
U5657,User_5657,2022-05-24
U5658,User_5658,2022-10-18
U5659,User_5659,2022-10-21
U5660,User_5660,2022-12-14
U5661,User_5661,2022-08-02
U5662,User_5662,2022-08-22
U5663,User_5663,2022-09-24
U5664,User_5664,2022-01-05
U5665,User_5665,2022-12-20
U5666,User_5666,2022-09-07
U5667,User_5667,2022-11-29
U5668,User_5668,2022-09-17
U5669,User_5669,2022-03-28
U5670,User_5670,2022-03-25
U5671,User_5671,2022-03-01
U5672,User_5672,2022-01-08
U5673,User_5673,2022-08-23
U5674,User_5674,2022-09-01
U5675,User_5675,2022-10-13
U5676,User_5676,2022-08-27
U5677,User_5677,2022-07-04
U5678,User_5678,2022-04-18
U5679,User_5679,2022-08-29
U5680,User_5680,2022-04-20
U5681,User_5681,2022-01-12
U5682,User_5682,2022-11-01
U5683,User_5683,2022-04-23
U5684,User_5684,2022-12-29
U5685,User_5685,2022-01-06
U5686,User_5686,2022-09-28
U5687,User_5687,2022-11-25
U5688,User_5688,2022-12-02
U5689,User_5689,2022-01-22
U5690,User_5690,2022-04-28
U5691,User_5691,2022-04-19
U5692,User_5692,2022-08-09
U5693,User_5693,2022-05-31
U5694,User_5694,2022-10-11
U5695,User_5695,2022-07-09
U5696,User_5696,2022-12-10
U5697,User_5697,2022-10-27
U5698,User_5698,2022-11-23
U5699,User_5699,2022-09-29
U5700,User_5700,2022-10-24
U5701,User_5701,2022-02-05
U5702,User_5702,2022-03-27
U5703,User_5703,2022-02-05
U5704,User_5704,2022-08-09
U5705,User_5705,2022-01-30
U5706,User_5706,2022-05-05
U5707,User_5707,2022-01-14
U5708,User_5708,2022-01-25
U5709,User_5709,2022-05-03
U5710,User_5710,2022-12-22
U5711,User_5711,2022-02-19
U5712,User_5712,2022-05-19
U5713,User_5713,2022-07-16
U5714,User_5714,2022-09-21
U5715,User_5715,2022-07-05
U5716,User_5716,2022-02-02
U5717,User_5717,2022-11-04
U5718,User_5718,2022-01-13
U5719,User_5719,2022-12-13
U5720,User_5720,2022-12-29
U5721,User_5721,2022-09-16
U5722,User_5722,2022-09-05
U5723,User_5723,2022-04-11
U5724,User_5724,2022-08-08
U5725,User_5725,2022-09-09
U5726,User_5726,2022-07-21
U5727,User_5727,2022-02-26
U5728,User_5728,2022-09-20
U5729,User_5729,2022-02-28
U5730,User_5730,2022-05-01
U5731,User_5731,2022-12-12
U5732,User_5732,2022-02-27
U5733,User_5733,2022-05-04
U5734,User_5734,2022-07-25
U5735,User_5735,2022-08-30
U5736,User_5736,2022-08-17
U5737,User_5737,2022-06-19
U5738,User_5738,2022-06-21
U5739,User_5739,2022-12-08
U5740,User_5740,2022-12-19
U5741,User_5741,2022-05-01
U5742,User_5742,2022-05-10
U5743,User_5743,2022-04-18
U5744,User_5744,2022-04-12
U5745,User_5745,2022-04-08
U5746,User_5746,2022-05-06
U5747,User_5747,2022-04-27
U5748,User_5748,2022-03-14
U5749,User_5749,2022-02-15
U5750,User_5750,2022-07-24
U5751,User_5751,2022-06-10
U5752,User_5752,2022-08-05
U5753,User_5753,2022-10-02
U5754,User_5754,2022-03-31
U5755,User_5755,2022-06-19
U5756,User_5756,2022-02-10
U5757,User_5757,2022-04-01
U5758,User_5758,2022-08-27
U5759,User_5759,2022-09-21
U5760,User_5760,2022-08-14
U5761,User_5761,2022-06-18
U5762,User_5762,2022-10-07
U5763,User_5763,2022-12-12
U5764,User_5764,2022-06-26
U5765,User_5765,2022-07-19
U5766,User_5766,2022-10-20
U5767,User_5767,2022-10-21
U5768,User_5768,2022-06-15
U5769,User_5769,2022-08-15
U5770,User_5770,2022-09-09
U5771,User_5771,2022-07-22
U5772,User_5772,2022-08-10
U5773,User_5773,2022-01-16
U5774,User_5774,2022-10-01
U5775,User_5775,2022-08-24
U5776,User_5776,2022-12-12
U5777,User_5777,2022-12-06
U5778,User_5778,2022-12-22
U5779,User_5779,2022-03-29
U5780,User_5780,2022-01-07
U5781,User_5781,2022-12-17
U5782,User_5782,2022-11-20
U5783,User_5783,2022-11-17
U5784,User_5784,2022-09-23
U5785,User_5785,2022-11-26
U5786,User_5786,2022-10-27
U5787,User_5787,2022-05-05
U5788,User_5788,2022-07-27
U5789,User_5789,2022-11-11
U5790,User_5790,2022-05-01
U5791,User_5791,2022-10-26
U5792,User_5792,2022-12-04
U5793,User_5793,2022-12-22
U5794,User_5794,2022-04-16
U5795,User_5795,2022-04-03
U5796,User_5796,2022-07-02
U5797,User_5797,2022-03-07
U5798,User_5798,2022-11-24
U5799,User_5799,2022-08-26
U5800,User_5800,2022-05-18
U5801,User_5801,2022-01-15
U5802,User_5802,2022-04-10
U5803,User_5803,2022-06-15
U5804,User_5804,2022-10-13
U5805,User_5805,2022-08-14
U5806,User_5806,2022-10-14
U5807,User_5807,2022-01-16
U5808,User_5808,2022-08-02
U5809,User_5809,2022-12-26
U5810,User_5810,2022-10-24
U5811,User_5811,2022-06-01
U5812,User_5812,2022-11-29
U5813,User_5813,2022-06-25
U5814,User_5814,2022-08-13
U5815,User_5815,2022-01-14
U5816,User_5816,2022-06-04
U5817,User_5817,2022-12-02
U5818,User_5818,2022-04-02
U5819,User_5819,2022-01-02
U5820,User_5820,2022-06-30
U5821,User_5821,2022-08-21
U5822,User_5822,2022-04-13
U5823,User_5823,2022-07-14
U5824,User_5824,2022-01-13
U5825,User_5825,2022-07-19
U5826,User_5826,2022-08-15
U5827,User_5827,2022-12-04
U5828,User_5828,2022-12-11
U5829,User_5829,2022-09-08
U5830,User_5830,2022-01-27
U5831,User_5831,2022-03-08
U5832,User_5832,2022-10-19
U5833,User_5833,2022-04-07
U5834,User_5834,2022-12-15
U5835,User_5835,2022-08-30
U5836,User_5836,2022-11-13
U5837,User_5837,2022-08-04
U5838,User_5838,2022-12-11
U5839,User_5839,2022-02-23
U5840,User_5840,2022-10-03
U5841,User_5841,2022-03-28
U5842,User_5842,2022-09-05
U5843,User_5843,2022-11-10
U5844,User_5844,2022-02-03
U5845,User_5845,2022-11-06
U5846,User_5846,2022-10-29
U5847,User_5847,2022-04-29
U5848,User_5848,2023-01-01
U5849,User_5849,2022-08-03
U5850,User_5850,2022-03-06
U5851,User_5851,2022-06-25
U5852,User_5852,2022-07-29
U5853,User_5853,2022-06-01
U5854,User_5854,2022-05-10
U5855,User_5855,2022-02-14
U5856,User_5856,2022-12-26
U5857,User_5857,2022-07-30
U5858,User_5858,2022-08-05
U5859,User_5859,2022-04-02
U5860,User_5860,2022-01-02
U5861,User_5861,2022-04-20
U5862,User_5862,2022-01-27
U5863,User_5863,2022-08-08
U5864,User_5864,2022-12-18
U5865,User_5865,2022-09-03
U5866,User_5866,2022-09-24
U5867,User_5867,2022-12-07
U5868,User_5868,2022-08-23
U5869,User_5869,2022-10-23
U5870,User_5870,2022-08-08
U5871,User_5871,2022-02-25
U5872,User_5872,2022-03-11
U5873,User_5873,2022-04-09
U5874,User_5874,2022-01-03
U5875,User_5875,2022-11-16
U5876,User_5876,2022-01-28
U5877,User_5877,2022-11-23
U5878,User_5878,2022-11-22
U5879,User_5879,2022-09-15
U5880,User_5880,2022-03-09
U5881,User_5881,2022-04-20
U5882,User_5882,2022-11-04
U5883,User_5883,2022-03-29
U5884,User_5884,2022-01-03
U5885,User_5885,2022-10-22
U5886,User_5886,2022-01-10
U5887,User_5887,2022-12-31
U5888,User_5888,2022-05-24
U5889,User_5889,2022-08-30
U5890,User_5890,2022-10-25
U5891,User_5891,2022-01-25
U5892,User_5892,2022-10-08
U5893,User_5893,2022-05-14
U5894,User_5894,2022-10-22
U5895,User_5895,2022-06-01
U5896,User_5896,2022-10-15
U5897,User_5897,2022-01-28
U5898,User_5898,2022-06-04
U5899,User_5899,2022-01-20
U5900,User_5900,2022-02-14
U5901,User_5901,2022-03-14
U5902,User_5902,2022-10-07
U5903,User_5903,2022-09-27
U5904,User_5904,2022-12-03
U5905,User_5905,2022-09-20
U5906,User_5906,2022-04-14
U5907,User_5907,2022-10-08
U5908,User_5908,2022-12-06
U5909,User_5909,2022-04-03
U5910,User_5910,2022-03-05
U5911,User_5911,2022-02-19
U5912,User_5912,2022-12-24
U5913,User_5913,2022-01-30
U5914,User_5914,2022-12-15
U5915,User_5915,2022-03-01
U5916,User_5916,2022-11-09
U5917,User_5917,2022-03-27
U5918,User_5918,2022-08-30
U5919,User_5919,2022-10-18
U5920,User_5920,2022-03-30
U5921,User_5921,2022-10-05
U5922,User_5922,2022-01-10
U5923,User_5923,2022-10-31
U5924,User_5924,2022-04-15
U5925,User_5925,2022-05-11
U5926,User_5926,2022-07-27
U5927,User_5927,2022-12-30
U5928,User_5928,2022-12-26
U5929,User_5929,2022-04-11
U5930,User_5930,2022-02-05
U5931,User_5931,2022-08-23
U5932,User_5932,2022-12-17
U5933,User_5933,2022-03-13
U5934,User_5934,2022-09-28
U5935,User_5935,2022-03-14
U5936,User_5936,2022-06-08
U5937,User_5937,2022-09-12
U5938,User_5938,2022-03-29
U5939,User_5939,2022-11-30
U5940,User_5940,2022-03-16
U5941,User_5941,2022-06-03
U5942,User_5942,2022-09-18
U5943,User_5943,2022-12-25
U5944,User_5944,2022-07-13
U5945,User_5945,2022-05-20
U5946,User_5946,2022-02-02
U5947,User_5947,2022-06-09
U5948,User_5948,2022-02-09
U5949,User_5949,2022-07-15
U5950,User_5950,2022-05-28
U5951,User_5951,2022-10-08
U5952,User_5952,2022-10-09
U5953,User_5953,2022-12-08
U5954,User_5954,2022-01-19
U5955,User_5955,2022-09-05
U5956,User_5956,2022-10-21
U5957,User_5957,2022-10-24
U5958,User_5958,2022-10-30
U5959,User_5959,2022-02-06
U5960,User_5960,2022-10-28
U5961,User_5961,2022-05-23
U5962,User_5962,2022-03-19
U5963,User_5963,2022-09-15
U5964,User_5964,2022-08-27
U5965,User_5965,2022-03-29
U5966,User_5966,2022-10-28
U5967,User_5967,2022-04-12
U5968,User_5968,2022-07-16
U5969,User_5969,2022-09-30
U5970,User_5970,2022-05-03
U5971,User_5971,2022-11-17
U5972,User_5972,2022-05-31
U5973,User_5973,2022-09-29
U5974,User_5974,2022-05-28
U5975,User_5975,2022-12-02
U5976,User_5976,2022-12-16
U5977,User_5977,2022-12-14
U5978,User_5978,2022-10-07
U5979,User_5979,2022-02-25
U5980,User_5980,2022-07-25
U5981,User_5981,2022-03-08
U5982,User_5982,2022-08-30
U5983,User_5983,2022-12-23
U5984,User_5984,2022-12-11
U5985,User_5985,2022-10-25
U5986,User_5986,2022-02-24
U5987,User_5987,2022-05-09
U5988,User_5988,2022-09-25
U5989,User_5989,2022-12-11
U5990,User_5990,2022-05-02
U5991,User_5991,2022-09-29
U5992,User_5992,2022-04-23
U5993,User_5993,2022-06-07
U5994,User_5994,2022-12-14
U5995,User_5995,2022-07-26
U5996,User_5996,2022-07-16
U5997,User_5997,2022-09-20
U5998,User_5998,2022-12-06
U5999,User_5999,2022-05-19
U6000,User_6000,2022-08-27
U6001,User_6001,2022-08-29
U6002,User_6002,2022-10-04
U6003,User_6003,2022-06-02
U6004,User_6004,2022-08-16
U6005,User_6005,2022-11-04
U6006,User_6006,2022-06-30
U6007,User_6007,2022-08-29
U6008,User_6008,2022-06-18
U6009,User_6009,2022-04-21
U6010,User_6010,2022-05-22
U6011,User_6011,2022-03-01
U6012,User_6012,2022-08-16
U6013,User_6013,2022-03-26
U6014,User_6014,2022-01-15
U6015,User_6015,2022-01-17
U6016,User_6016,2022-01-03
U6017,User_6017,2022-11-10
U6018,User_6018,2022-08-10
U6019,User_6019,2022-08-17
U6020,User_6020,2022-12-10
U6021,User_6021,2022-10-11
U6022,User_6022,2022-02-17
U6023,User_6023,2022-12-07
U6024,User_6024,2022-09-21
U6025,User_6025,2022-10-18
U6026,User_6026,2022-05-03
U6027,User_6027,2022-10-22
U6028,User_6028,2022-10-22
U6029,User_6029,2022-02-06
U6030,User_6030,2022-11-17
U6031,User_6031,2022-09-18
U6032,User_6032,2022-12-14
U6033,User_6033,2022-06-29
U6034,User_6034,2022-02-21
U6035,User_6035,2022-05-06
U6036,User_6036,2022-11-29
U6037,User_6037,2022-03-17
U6038,User_6038,2022-10-03
U6039,User_6039,2022-03-29
U6040,User_6040,2022-11-10
U6041,User_6041,2022-01-03
U6042,User_6042,2022-04-12
U6043,User_6043,2022-04-21
U6044,User_6044,2022-04-25
U6045,User_6045,2022-11-04
U6046,User_6046,2022-04-28
U6047,User_6047,2022-01-18
U6048,User_6048,2022-05-17
U6049,User_6049,2022-03-16
U6050,User_6050,2022-08-28
U6051,User_6051,2022-04-21
U6052,User_6052,2022-05-21
U6053,User_6053,2022-10-04
U6054,User_6054,2022-03-14
U6055,User_6055,2022-05-29
U6056,User_6056,2022-01-09
U6057,User_6057,2022-12-24
U6058,User_6058,2022-06-04
U6059,User_6059,2022-05-03
U6060,User_6060,2022-06-01
U6061,User_6061,2022-12-13
U6062,User_6062,2022-01-31
U6063,User_6063,2022-12-04
U6064,User_6064,2022-06-23
U6065,User_6065,2022-03-19
U6066,User_6066,2022-01-18
U6067,User_6067,2022-04-13
U6068,User_6068,2022-12-10
U6069,User_6069,2022-08-02
U6070,User_6070,2022-07-01
U6071,User_6071,2022-10-08
U6072,User_6072,2022-04-27
U6073,User_6073,2022-01-23
U6074,User_6074,2022-02-09
U6075,User_6075,2022-07-10
U6076,User_6076,2022-08-14
U6077,User_6077,2022-11-22
U6078,User_6078,2022-06-17
U6079,User_6079,2022-10-07
U6080,User_6080,2022-03-15
U6081,User_6081,2022-05-02
U6082,User_6082,2022-09-08
U6083,User_6083,2022-08-21
U6084,User_6084,2022-08-20
U6085,User_6085,2022-01-12
U6086,User_6086,2022-04-10
U6087,User_6087,2022-03-20
U6088,User_6088,2022-09-30
U6089,User_6089,2022-09-13
U6090,User_6090,2022-11-05
U6091,User_6091,2022-06-29
U6092,User_6092,2022-06-30
U6093,User_6093,2022-02-08
U6094,User_6094,2022-07-20
U6095,User_6095,2022-08-20
U6096,User_6096,2022-12-03
U6097,User_6097,2022-09-15
U6098,User_6098,2022-10-24
U6099,User_6099,2022-09-23
U6100,User_6100,2022-11-09
U6101,User_6101,2022-08-04
U6102,User_6102,2022-11-16
U6103,User_6103,2022-08-24
U6104,User_6104,2022-04-29
U6105,User_6105,2022-02-03
U6106,User_6106,2022-08-07
U6107,User_6107,2022-08-09
U6108,User_6108,2022-08-14
U6109,User_6109,2022-12-05
U6110,User_6110,2022-07-15
U6111,User_6111,2022-06-30
U6112,User_6112,2022-05-23
U6113,User_6113,2022-11-04
U6114,User_6114,2022-10-05
U6115,User_6115,2022-07-06
U6116,User_6116,2022-08-14
U6117,User_6117,2022-01-21
U6118,User_6118,2022-02-03
U6119,User_6119,2022-11-07
U6120,User_6120,2022-06-07
U6121,User_6121,2022-09-13
U6122,User_6122,2022-12-08
U6123,User_6123,2022-03-02
U6124,User_6124,2022-05-23
U6125,User_6125,2022-09-19
U6126,User_6126,2022-07-04
U6127,User_6127,2022-02-10
U6128,User_6128,2022-08-24
U6129,User_6129,2022-04-20
U6130,User_6130,2022-12-26
U6131,User_6131,2022-09-08
U6132,User_6132,2022-12-13
U6133,User_6133,2022-03-16
U6134,User_6134,2022-04-04
U6135,User_6135,2022-06-07
U6136,User_6136,2022-07-24
U6137,User_6137,2022-11-21
U6138,User_6138,2022-02-07
U6139,User_6139,2022-08-22
U6140,User_6140,2022-01-26
U6141,User_6141,2022-07-18
U6142,User_6142,2022-01-05
U6143,User_6143,2022-02-02
U6144,User_6144,2022-02-14
U6145,User_6145,2022-06-24
U6146,User_6146,2022-05-30
U6147,User_6147,2022-06-26
U6148,User_6148,2022-09-09
U6149,User_6149,2022-08-17
U6150,User_6150,2022-09-11
U6151,User_6151,2022-06-17
U6152,User_6152,2022-08-23
U6153,User_6153,2022-05-29
U6154,User_6154,2022-02-27
U6155,User_6155,2022-10-05
U6156,User_6156,2022-04-26
U6157,User_6157,2022-12-06
U6158,User_6158,2022-08-28
U6159,User_6159,2022-06-15
U6160,User_6160,2022-09-24
U6161,User_6161,2022-07-01
U6162,User_6162,2022-07-12
U6163,User_6163,2022-08-22
U6164,User_6164,2022-06-24
U6165,User_6165,2022-10-16
U6166,User_6166,2022-07-16
U6167,User_6167,2022-03-31
U6168,User_6168,2022-09-14
U6169,User_6169,2022-02-27
U6170,User_6170,2022-01-17
U6171,User_6171,2022-03-06
U6172,User_6172,2022-09-29
U6173,User_6173,2022-06-23
U6174,User_6174,2022-10-29
U6175,User_6175,2022-04-15
U6176,User_6176,2022-12-02
U6177,User_6177,2022-12-07
U6178,User_6178,2022-02-14
U6179,User_6179,2022-06-05
U6180,User_6180,2022-02-08
U6181,User_6181,2022-05-05
U6182,User_6182,2022-01-19
U6183,User_6183,2022-01-28
U6184,User_6184,2022-12-09
U6185,User_6185,2022-09-19
U6186,User_6186,2022-10-29
U6187,User_6187,2022-09-14
U6188,User_6188,2022-12-23
U6189,User_6189,2022-11-20
U6190,User_6190,2022-12-11
U6191,User_6191,2022-09-08
U6192,User_6192,2022-08-01
U6193,User_6193,2022-10-16
U6194,User_6194,2022-01-12
U6195,User_6195,2022-06-26
U6196,User_6196,2022-04-11
U6197,User_6197,2022-04-26
U6198,User_6198,2022-01-08
U6199,User_6199,2022-02-13
U6200,User_6200,2022-05-10
U6201,User_6201,2022-07-28
U6202,User_6202,2022-06-06
U6203,User_6203,2022-09-16
U6204,User_6204,2022-05-28
U6205,User_6205,2022-10-30
U6206,User_6206,2022-01-18
U6207,User_6207,2022-08-26
U6208,User_6208,2022-02-04
U6209,User_6209,2022-07-20
U6210,User_6210,2022-08-25
U6211,User_6211,2022-01-11
U6212,User_6212,2022-01-17
U6213,User_6213,2022-07-12
U6214,User_6214,2022-09-29
U6215,User_6215,2022-01-25
U6216,User_6216,2022-11-17
U6217,User_6217,2022-01-03
U6218,User_6218,2022-11-20
U6219,User_6219,2022-12-07
U6220,User_6220,2022-01-16
U6221,User_6221,2022-12-27
U6222,User_6222,2022-06-11
U6223,User_6223,2022-03-04
U6224,User_6224,2022-12-28
U6225,User_6225,2022-12-28
U6226,User_6226,2022-03-18
U6227,User_6227,2022-12-12
U6228,User_6228,2022-12-26
U6229,User_6229,2022-04-14
U6230,User_6230,2022-12-26
U6231,User_6231,2022-03-12
U6232,User_6232,2022-06-28
U6233,User_6233,2022-11-04
U6234,User_6234,2022-11-26
U6235,User_6235,2022-04-12
U6236,User_6236,2022-03-26
U6237,User_6237,2022-05-28
U6238,User_6238,2022-05-10
U6239,User_6239,2022-11-11
U6240,User_6240,2022-04-23
U6241,User_6241,2022-05-12
U6242,User_6242,2022-03-22
U6243,User_6243,2023-01-01
U6244,User_6244,2022-12-29
U6245,User_6245,2022-08-30
U6246,User_6246,2022-06-25
U6247,User_6247,2022-06-09
U6248,User_6248,2022-01-17
U6249,User_6249,2022-10-20
U6250,User_6250,2022-10-29
U6251,User_6251,2022-07-10
U6252,User_6252,2022-12-30
U6253,User_6253,2022-02-18
U6254,User_6254,2022-03-02
U6255,User_6255,2022-12-03
U6256,User_6256,2022-07-20
U6257,User_6257,2022-01-30
U6258,User_6258,2022-09-13
U6259,User_6259,2022-07-15
U6260,User_6260,2022-10-17
U6261,User_6261,2022-08-06
U6262,User_6262,2022-02-07
U6263,User_6263,2022-10-15
U6264,User_6264,2022-06-12
U6265,User_6265,2022-07-27
U6266,User_6266,2022-09-20
U6267,User_6267,2022-03-10
U6268,User_6268,2022-01-13
U6269,User_6269,2022-04-03
U6270,User_6270,2022-11-19
U6271,User_6271,2022-09-23
U6272,User_6272,2022-07-07
U6273,User_6273,2022-02-18
U6274,User_6274,2022-04-19
U6275,User_6275,2022-04-06
U6276,User_6276,2022-04-03
U6277,User_6277,2022-07-01
U6278,User_6278,2022-09-23
U6279,User_6279,2022-08-05
U6280,User_6280,2022-10-15
U6281,User_6281,2022-04-16
U6282,User_6282,2022-02-21
U6283,User_6283,2022-11-22
U6284,User_6284,2022-10-15
U6285,User_6285,2022-03-17
U6286,User_6286,2022-02-25
U6287,User_6287,2022-08-27
U6288,User_6288,2022-01-09
U6289,User_6289,2022-05-27
U6290,User_6290,2022-02-21
U6291,User_6291,2022-03-12
U6292,User_6292,2022-11-25
U6293,User_6293,2022-12-07
U6294,User_6294,2022-10-07
U6295,User_6295,2022-10-11
U6296,User_6296,2022-07-18
U6297,User_6297,2022-05-22
U6298,User_6298,2022-03-17
U6299,User_6299,2022-09-28
U6300,User_6300,2022-07-26
U6301,User_6301,2022-02-13
U6302,User_6302,2022-08-18
U6303,User_6303,2022-12-13
U6304,User_6304,2022-04-28
U6305,User_6305,2022-07-06
U6306,User_6306,2022-04-04
U6307,User_6307,2022-12-08
U6308,User_6308,2022-07-08
U6309,User_6309,2022-02-18
U6310,User_6310,2022-08-09
U6311,User_6311,2022-06-09
U6312,User_6312,2022-11-26
U6313,User_6313,2022-02-13
U6314,User_6314,2022-07-21
U6315,User_6315,2022-02-26
U6316,User_6316,2022-02-17
U6317,User_6317,2022-03-05
U6318,User_6318,2022-02-25
U6319,User_6319,2022-06-19
U6320,User_6320,2022-11-16
U6321,User_6321,2022-07-20
U6322,User_6322,2022-07-18
U6323,User_6323,2022-11-15
U6324,User_6324,2022-05-23
U6325,User_6325,2022-09-17
U6326,User_6326,2022-04-16
U6327,User_6327,2022-12-03
U6328,User_6328,2022-10-17
U6329,User_6329,2022-04-23
U6330,User_6330,2022-04-05
U6331,User_6331,2022-11-10
U6332,User_6332,2022-06-03
U6333,User_6333,2022-02-20
U6334,User_6334,2022-11-07
U6335,User_6335,2022-08-10
U6336,User_6336,2022-08-21
U6337,User_6337,2022-05-14
U6338,User_6338,2022-02-18
U6339,User_6339,2022-09-26
U6340,User_6340,2022-11-04
U6341,User_6341,2022-02-02
U6342,User_6342,2022-11-27
U6343,User_6343,2022-11-06
U6344,User_6344,2022-01-02
U6345,User_6345,2022-06-18
U6346,User_6346,2022-02-14
U6347,User_6347,2022-03-23
U6348,User_6348,2022-11-05
U6349,User_6349,2022-03-09
U6350,User_6350,2022-07-12
U6351,User_6351,2022-03-04
U6352,User_6352,2022-12-09
U6353,User_6353,2022-10-08
U6354,User_6354,2022-12-09
U6355,User_6355,2022-10-26
U6356,User_6356,2022-12-21
U6357,User_6357,2022-05-29
U6358,User_6358,2022-06-07
U6359,User_6359,2022-12-29
U6360,User_6360,2022-09-23
U6361,User_6361,2022-05-06
U6362,User_6362,2022-10-26
U6363,User_6363,2022-07-16
U6364,User_6364,2022-12-26
U6365,User_6365,2022-07-24
U6366,User_6366,2022-11-07
U6367,User_6367,2022-11-06
U6368,User_6368,2022-03-22
U6369,User_6369,2022-06-29
U6370,User_6370,2022-09-18
U6371,User_6371,2022-06-23
U6372,User_6372,2022-05-05
U6373,User_6373,2022-02-17
U6374,User_6374,2022-09-25
U6375,User_6375,2022-06-02
U6376,User_6376,2022-09-23
U6377,User_6377,2022-12-09
U6378,User_6378,2022-05-16
U6379,User_6379,2022-11-02
U6380,User_6380,2022-08-24
U6381,User_6381,2022-03-15
U6382,User_6382,2022-01-16
U6383,User_6383,2022-03-24
U6384,User_6384,2022-05-23
U6385,User_6385,2022-08-01
U6386,User_6386,2022-05-10
U6387,User_6387,2022-10-09
U6388,User_6388,2022-04-06
U6389,User_6389,2022-10-27
U6390,User_6390,2022-04-30
U6391,User_6391,2022-11-05
U6392,User_6392,2022-12-03
U6393,User_6393,2022-09-21
U6394,User_6394,2022-09-30
U6395,User_6395,2022-08-22
U6396,User_6396,2022-08-18
U6397,User_6397,2022-01-13
U6398,User_6398,2022-02-19
U6399,User_6399,2022-03-15
U6400,User_6400,2022-08-11
U6401,User_6401,2022-04-23
U6402,User_6402,2022-05-18
U6403,User_6403,2022-07-17
U6404,User_6404,2022-11-30
U6405,User_6405,2022-10-03
U6406,User_6406,2022-05-29
U6407,User_6407,2022-11-03
U6408,User_6408,2022-05-07
U6409,User_6409,2022-09-27
U6410,User_6410,2022-05-01
U6411,User_6411,2022-05-12
U6412,User_6412,2022-05-28
U6413,User_6413,2022-01-06
U6414,User_6414,2022-03-19
U6415,User_6415,2022-03-24
U6416,User_6416,2022-03-28
U6417,User_6417,2022-01-19
U6418,User_6418,2022-12-13
U6419,User_6419,2022-10-21
U6420,User_6420,2022-07-26
U6421,User_6421,2022-02-14
U6422,User_6422,2022-02-20
U6423,User_6423,2022-08-07
U6424,User_6424,2022-06-16
U6425,User_6425,2022-03-21
U6426,User_6426,2022-06-14
U6427,User_6427,2022-01-07
U6428,User_6428,2022-08-17
U6429,User_6429,2022-07-15
U6430,User_6430,2022-02-10
U6431,User_6431,2022-05-29
U6432,User_6432,2022-01-15
U6433,User_6433,2022-07-01
U6434,User_6434,2022-03-10
U6435,User_6435,2022-10-07
U6436,User_6436,2022-06-30
U6437,User_6437,2022-12-29
U6438,User_6438,2022-04-08
U6439,User_6439,2022-12-27
U6440,User_6440,2022-01-15
U6441,User_6441,2022-05-13
U6442,User_6442,2022-08-31
U6443,User_6443,2022-03-30
U6444,User_6444,2022-06-29
U6445,User_6445,2022-01-29
U6446,User_6446,2022-02-07
U6447,User_6447,2022-08-14
U6448,User_6448,2022-07-03
U6449,User_6449,2022-12-27
U6450,User_6450,2022-09-17
U6451,User_6451,2022-05-07
U6452,User_6452,2022-10-13
U6453,User_6453,2022-04-13
U6454,User_6454,2022-10-20
U6455,User_6455,2022-05-05
U6456,User_6456,2022-12-22
U6457,User_6457,2022-07-25
U6458,User_6458,2022-06-01
U6459,User_6459,2022-05-03
U6460,User_6460,2022-02-13
U6461,User_6461,2022-06-09
U6462,User_6462,2022-11-17
U6463,User_6463,2022-05-08
U6464,User_6464,2022-04-17
U6465,User_6465,2022-07-22
U6466,User_6466,2022-08-19
U6467,User_6467,2022-01-02
U6468,User_6468,2022-07-09
U6469,User_6469,2022-10-09
U6470,User_6470,2022-05-03
U6471,User_6471,2022-05-20
U6472,User_6472,2022-08-12
U6473,User_6473,2022-10-27
U6474,User_6474,2022-12-22
U6475,User_6475,2022-07-04
U6476,User_6476,2022-12-22
U6477,User_6477,2022-02-22
U6478,User_6478,2022-09-30
U6479,User_6479,2022-03-23
U6480,User_6480,2022-04-22
U6481,User_6481,2022-03-10
U6482,User_6482,2022-12-12
U6483,User_6483,2022-01-13
U6484,User_6484,2022-10-10
U6485,User_6485,2022-08-23
U6486,User_6486,2022-10-21
U6487,User_6487,2022-04-29
U6488,User_6488,2022-11-19
U6489,User_6489,2022-11-01
U6490,User_6490,2022-03-28
U6491,User_6491,2022-09-22
U6492,User_6492,2022-05-29
U6493,User_6493,2022-07-18
U6494,User_6494,2022-02-12
U6495,User_6495,2022-12-17
U6496,User_6496,2022-10-20
U6497,User_6497,2022-11-27
U6498,User_6498,2022-01-29
U6499,User_6499,2022-12-02
U6500,User_6500,2022-05-05
U6501,User_6501,2022-01-30
U6502,User_6502,2022-06-27
U6503,User_6503,2022-11-05
U6504,User_6504,2022-02-23
U6505,User_6505,2022-10-11
U6506,User_6506,2022-04-09
U6507,User_6507,2022-01-13
U6508,User_6508,2022-10-05
U6509,User_6509,2022-03-18
U6510,User_6510,2022-06-13
U6511,User_6511,2022-04-24
U6512,User_6512,2022-10-24
U6513,User_6513,2022-02-21
U6514,User_6514,2022-05-16
U6515,User_6515,2022-03-21
U6516,User_6516,2022-07-06
U6517,User_6517,2022-09-30
U6518,User_6518,2022-09-20
U6519,User_6519,2022-01-27
U6520,User_6520,2022-02-11
U6521,User_6521,2022-01-24
U6522,User_6522,2022-01-24
U6523,User_6523,2022-10-29
U6524,User_6524,2022-10-18
U6525,User_6525,2022-12-27
U6526,User_6526,2022-02-18
U6527,User_6527,2022-02-07
U6528,User_6528,2022-04-14
U6529,User_6529,2022-12-07
U6530,User_6530,2022-07-13
U6531,User_6531,2022-02-02
U6532,User_6532,2022-09-07
U6533,User_6533,2022-10-22
U6534,User_6534,2022-10-30
U6535,User_6535,2022-12-14
U6536,User_6536,2022-11-29
U6537,User_6537,2022-03-02
U6538,User_6538,2022-09-10
U6539,User_6539,2022-08-26
U6540,User_6540,2022-03-31
U6541,User_6541,2022-12-12
U6542,User_6542,2022-12-23
U6543,User_6543,2022-12-12
U6544,User_6544,2022-11-15
U6545,User_6545,2022-03-20
U6546,User_6546,2022-12-16
U6547,User_6547,2022-02-14
U6548,User_6548,2022-01-13
U6549,User_6549,2022-08-28
U6550,User_6550,2022-01-27
U6551,User_6551,2022-08-31
U6552,User_6552,2022-02-01
U6553,User_6553,2022-12-31
U6554,User_6554,2022-01-23
U6555,User_6555,2022-02-04
U6556,User_6556,2022-10-13
U6557,User_6557,2022-05-29
U6558,User_6558,2022-04-21
U6559,User_6559,2022-09-12
U6560,User_6560,2022-01-26
U6561,User_6561,2022-09-22
U6562,User_6562,2022-05-27
U6563,User_6563,2022-12-10
U6564,User_6564,2022-05-23
U6565,User_6565,2022-05-29
U6566,User_6566,2022-11-30
U6567,User_6567,2022-08-21
U6568,User_6568,2022-05-26
U6569,User_6569,2022-06-28
U6570,User_6570,2022-09-12
U6571,User_6571,2022-02-01
U6572,User_6572,2022-01-08
U6573,User_6573,2022-03-12
U6574,User_6574,2022-09-05
U6575,User_6575,2022-02-10
U6576,User_6576,2022-10-24
U6577,User_6577,2022-11-29
U6578,User_6578,2022-09-21
U6579,User_6579,2022-11-19
U6580,User_6580,2022-11-05
U6581,User_6581,2022-11-01
U6582,User_6582,2022-11-22
U6583,User_6583,2022-09-18
U6584,User_6584,2022-05-30
U6585,User_6585,2022-09-18
U6586,User_6586,2022-11-08
U6587,User_6587,2022-09-06
U6588,User_6588,2022-04-24
U6589,User_6589,2022-02-10
U6590,User_6590,2022-09-10
U6591,User_6591,2022-06-15
U6592,User_6592,2022-08-12
U6593,User_6593,2022-12-18
U6594,User_6594,2022-12-16
U6595,User_6595,2022-06-09
U6596,User_6596,2022-10-09
U6597,User_6597,2022-10-18
U6598,User_6598,2022-10-25
U6599,User_6599,2022-12-15
U6600,User_6600,2022-11-04
U6601,User_6601,2022-05-22
U6602,User_6602,2022-03-31
U6603,User_6603,2022-11-18
U6604,User_6604,2022-10-11
U6605,User_6605,2022-09-17
U6606,User_6606,2022-02-09
U6607,User_6607,2022-07-17
U6608,User_6608,2022-06-15
U6609,User_6609,2022-11-12
U6610,User_6610,2022-02-10
U6611,User_6611,2022-07-01
U6612,User_6612,2022-04-16
U6613,User_6613,2022-12-07
U6614,User_6614,2022-01-29
U6615,User_6615,2023-01-01
U6616,User_6616,2022-12-28
U6617,User_6617,2022-09-05
U6618,User_6618,2022-10-23
U6619,User_6619,2022-12-02
U6620,User_6620,2022-09-10
U6621,User_6621,2022-02-26
U6622,User_6622,2022-07-05
U6623,User_6623,2022-08-18
U6624,User_6624,2022-02-15
U6625,User_6625,2022-02-26
U6626,User_6626,2022-12-16
U6627,User_6627,2022-05-02
U6628,User_6628,2022-04-10
U6629,User_6629,2022-03-20
U6630,User_6630,2022-01-27
U6631,User_6631,2022-06-14
U6632,User_6632,2022-06-03
U6633,User_6633,2022-08-18
U6634,User_6634,2022-11-03
U6635,User_6635,2022-05-12
U6636,User_6636,2022-08-13
U6637,User_6637,2022-09-19
U6638,User_6638,2022-06-21
U6639,User_6639,2022-03-14
U6640,User_6640,2022-08-18
U6641,User_6641,2022-07-10
U6642,User_6642,2022-10-09
U6643,User_6643,2022-10-14
U6644,User_6644,2022-04-10
U6645,User_6645,2022-05-26
U6646,User_6646,2022-09-06
U6647,User_6647,2022-07-23
U6648,User_6648,2022-07-06
U6649,User_6649,2022-01-06
U6650,User_6650,2022-05-28
U6651,User_6651,2022-01-10
U6652,User_6652,2022-08-07
U6653,User_6653,2022-12-02
U6654,User_6654,2022-07-05
U6655,User_6655,2022-04-25
U6656,User_6656,2022-10-21
U6657,User_6657,2022-08-27
U6658,User_6658,2022-06-28
U6659,User_6659,2022-11-19
U6660,User_6660,2022-04-30
U6661,User_6661,2022-08-09
U6662,User_6662,2022-10-28
U6663,User_6663,2022-01-30
U6664,User_6664,2022-02-22
U6665,User_6665,2022-08-22
U6666,User_6666,2022-01-22
U6667,User_6667,2022-08-05
U6668,User_6668,2022-02-18
U6669,User_6669,2022-01-25
U6670,User_6670,2022-10-05
U6671,User_6671,2022-05-26
U6672,User_6672,2022-11-18
U6673,User_6673,2022-11-24
U6674,User_6674,2022-12-07
U6675,User_6675,2022-12-19
U6676,User_6676,2022-03-28
U6677,User_6677,2022-04-29
U6678,User_6678,2022-08-01
U6679,User_6679,2022-08-02
U6680,User_6680,2022-10-17
U6681,User_6681,2022-12-27
U6682,User_6682,2022-03-28
U6683,User_6683,2022-01-16
U6684,User_6684,2022-08-09
U6685,User_6685,2022-06-11
U6686,User_6686,2022-05-23
U6687,User_6687,2022-05-18
U6688,User_6688,2022-06-30
U6689,User_6689,2022-01-22
U6690,User_6690,2022-06-28
U6691,User_6691,2022-10-10
U6692,User_6692,2022-06-05
U6693,User_6693,2022-11-04
U6694,User_6694,2022-12-28
U6695,User_6695,2022-06-26
U6696,User_6696,2022-04-10
U6697,User_6697,2022-07-16
U6698,User_6698,2022-10-07
U6699,User_6699,2022-02-17
U6700,User_6700,2022-09-28
U6701,User_6701,2022-05-04
U6702,User_6702,2022-12-17
U6703,User_6703,2022-02-12
U6704,User_6704,2022-09-17
U6705,User_6705,2022-11-30
U6706,User_6706,2022-07-31
U6707,User_6707,2022-07-19
U6708,User_6708,2022-07-12
U6709,User_6709,2022-06-01
U6710,User_6710,2022-10-04
U6711,User_6711,2022-09-07
U6712,User_6712,2022-04-20
U6713,User_6713,2022-08-28
U6714,User_6714,2022-03-29
U6715,User_6715,2022-03-04
U6716,User_6716,2022-06-12
U6717,User_6717,2022-07-14
U6718,User_6718,2022-12-18
U6719,User_6719,2022-02-01
U6720,User_6720,2022-09-08
U6721,User_6721,2022-05-25
U6722,User_6722,2022-08-02
U6723,User_6723,2022-03-22
U6724,User_6724,2022-11-25
U6725,User_6725,2022-10-19
U6726,User_6726,2022-12-11
U6727,User_6727,2022-01-14
U6728,User_6728,2022-05-08
U6729,User_6729,2022-03-10
U6730,User_6730,2022-09-11
U6731,User_6731,2022-11-09
U6732,User_6732,2022-06-19
U6733,User_6733,2022-12-10
U6734,User_6734,2022-01-11
U6735,User_6735,2022-09-16
U6736,User_6736,2022-02-07
U6737,User_6737,2022-11-28
U6738,User_6738,2022-01-07
U6739,User_6739,2022-11-20
U6740,User_6740,2022-02-26
U6741,User_6741,2022-10-26
U6742,User_6742,2022-06-27
U6743,User_6743,2022-06-10
U6744,User_6744,2022-03-27
U6745,User_6745,2022-11-05
U6746,User_6746,2022-09-26
U6747,User_6747,2022-01-06
U6748,User_6748,2022-12-28
U6749,User_6749,2022-10-05
U6750,User_6750,2022-08-19
U6751,User_6751,2022-06-19
U6752,User_6752,2022-08-23
U6753,User_6753,2022-08-12
U6754,User_6754,2022-05-03
U6755,User_6755,2022-11-18
U6756,User_6756,2022-12-02
U6757,User_6757,2022-09-16
U6758,User_6758,2022-08-11
U6759,User_6759,2022-10-18
U6760,User_6760,2022-02-22
U6761,User_6761,2022-06-27
U6762,User_6762,2022-08-02
U6763,User_6763,2022-12-19
U6764,User_6764,2022-08-05
U6765,User_6765,2022-02-19
U6766,User_6766,2022-03-21
U6767,User_6767,2022-09-10
U6768,User_6768,2022-02-19
U6769,User_6769,2022-09-05
U6770,User_6770,2022-12-24
U6771,User_6771,2022-10-26
U6772,User_6772,2023-01-01
U6773,User_6773,2022-08-23
U6774,User_6774,2022-08-03
U6775,User_6775,2022-08-21
U6776,User_6776,2022-08-26
U6777,User_6777,2022-11-14
U6778,User_6778,2022-09-02
U6779,User_6779,2022-11-25
U6780,User_6780,2022-08-11
U6781,User_6781,2022-10-25
U6782,User_6782,2022-02-17
U6783,User_6783,2022-08-02
U6784,User_6784,2022-12-02
U6785,User_6785,2022-10-29
U6786,User_6786,2022-06-10
U6787,User_6787,2022-08-05
U6788,User_6788,2022-03-13
U6789,User_6789,2022-07-15
U6790,User_6790,2022-06-10
U6791,User_6791,2022-03-22
U6792,User_6792,2022-02-23
U6793,User_6793,2022-02-10
U6794,User_6794,2022-04-27
U6795,User_6795,2022-09-17
U6796,User_6796,2022-09-23
U6797,User_6797,2022-09-20
U6798,User_6798,2022-03-01
U6799,User_6799,2022-04-16
U6800,User_6800,2022-06-15
U6801,User_6801,2022-04-11
U6802,User_6802,2022-09-01
U6803,User_6803,2022-08-30
U6804,User_6804,2022-09-17
U6805,User_6805,2022-05-18
U6806,User_6806,2022-10-25
U6807,User_6807,2022-10-22
U6808,User_6808,2022-03-10
U6809,User_6809,2022-01-03
U6810,User_6810,2022-09-19
U6811,User_6811,2022-09-08
U6812,User_6812,2022-09-04
U6813,User_6813,2022-01-20
U6814,User_6814,2022-07-05
U6815,User_6815,2022-12-26
U6816,User_6816,2022-11-09
U6817,User_6817,2022-12-26
U6818,User_6818,2022-06-08
U6819,User_6819,2022-10-16
U6820,User_6820,2022-12-03
U6821,User_6821,2022-12-03
U6822,User_6822,2022-08-08
U6823,User_6823,2022-10-11
U6824,User_6824,2022-04-25
U6825,User_6825,2022-12-28
U6826,User_6826,2022-01-08
U6827,User_6827,2022-03-01
U6828,User_6828,2022-05-21
U6829,User_6829,2022-01-26
U6830,User_6830,2022-04-23
U6831,User_6831,2022-07-25
U6832,User_6832,2022-02-06
U6833,User_6833,2022-06-26
U6834,User_6834,2022-07-29
U6835,User_6835,2022-05-08
U6836,User_6836,2022-01-04
U6837,User_6837,2022-04-14
U6838,User_6838,2022-05-31
U6839,User_6839,2022-01-14
U6840,User_6840,2022-10-19
U6841,User_6841,2022-06-01
U6842,User_6842,2022-02-04
U6843,User_6843,2022-04-30
U6844,User_6844,2022-03-02
U6845,User_6845,2022-02-10
U6846,User_6846,2022-06-12
U6847,User_6847,2022-08-28
U6848,User_6848,2022-05-09
U6849,User_6849,2022-09-30
U6850,User_6850,2022-06-28
U6851,User_6851,2022-06-24
U6852,User_6852,2022-08-29
U6853,User_6853,2022-11-25
U6854,User_6854,2022-12-10
U6855,User_6855,2022-03-06
U6856,User_6856,2022-03-05
U6857,User_6857,2022-01-31
U6858,User_6858,2022-11-26
U6859,User_6859,2022-04-01
U6860,User_6860,2022-10-04
U6861,User_6861,2022-02-05
U6862,User_6862,2022-10-22
U6863,User_6863,2022-09-19
U6864,User_6864,2022-02-23
U6865,User_6865,2022-11-10
U6866,User_6866,2022-01-11
U6867,User_6867,2022-03-14
U6868,User_6868,2022-03-21
U6869,User_6869,2022-06-25
U6870,User_6870,2022-06-07
U6871,User_6871,2022-09-30
U6872,User_6872,2022-08-23
U6873,User_6873,2022-08-27
U6874,User_6874,2022-11-21
U6875,User_6875,2022-10-01
U6876,User_6876,2022-05-01
U6877,User_6877,2022-05-01
U6878,User_6878,2022-08-08
U6879,User_6879,2022-01-14
U6880,User_6880,2022-11-30
U6881,User_6881,2022-09-13
U6882,User_6882,2022-02-09
U6883,User_6883,2022-06-22
U6884,User_6884,2022-04-15
U6885,User_6885,2022-07-11
U6886,User_6886,2022-12-13
U6887,User_6887,2022-12-22
U6888,User_6888,2022-05-31
U6889,User_6889,2022-08-27
U6890,User_6890,2022-09-12
U6891,User_6891,2022-05-29
U6892,User_6892,2022-05-11
U6893,User_6893,2022-01-18
U6894,User_6894,2022-06-29
U6895,User_6895,2022-03-18
U6896,User_6896,2022-01-10
U6897,User_6897,2022-10-08
U6898,User_6898,2022-11-14
U6899,User_6899,2022-02-15
U6900,User_6900,2022-11-27
U6901,User_6901,2022-02-15
U6902,User_6902,2022-12-13
U6903,User_6903,2022-04-09
U6904,User_6904,2022-07-14
U6905,User_6905,2022-03-21
U6906,User_6906,2022-12-20
U6907,User_6907,2022-09-26
U6908,User_6908,2022-03-10
U6909,User_6909,2022-04-24
U6910,User_6910,2022-08-25
U6911,User_6911,2022-12-31
U6912,User_6912,2022-10-01
U6913,User_6913,2022-12-25
U6914,User_6914,2022-10-09
U6915,User_6915,2022-04-28
U6916,User_6916,2022-03-15
U6917,User_6917,2022-01-11
U6918,User_6918,2022-09-21
U6919,User_6919,2022-05-10
U6920,User_6920,2022-07-26
U6921,User_6921,2022-02-22
U6922,User_6922,2022-11-13
U6923,User_6923,2022-01-13
U6924,User_6924,2022-10-31
U6925,User_6925,2022-12-07
U6926,User_6926,2022-08-21
U6927,User_6927,2022-10-29
U6928,User_6928,2022-10-02
U6929,User_6929,2022-10-18
U6930,User_6930,2022-10-25
U6931,User_6931,2022-10-26
U6932,User_6932,2022-08-20
U6933,User_6933,2022-06-29
U6934,User_6934,2022-10-23
U6935,User_6935,2022-02-01
U6936,User_6936,2022-01-28
U6937,User_6937,2022-05-07
U6938,User_6938,2022-11-30
U6939,User_6939,2022-02-24
U6940,User_6940,2022-01-29
U6941,User_6941,2022-10-07
U6942,User_6942,2022-01-06
U6943,User_6943,2022-08-29
U6944,User_6944,2022-06-19
U6945,User_6945,2022-08-10
U6946,User_6946,2022-03-31
U6947,User_6947,2022-01-18
U6948,User_6948,2022-09-06
U6949,User_6949,2022-08-19
U6950,User_6950,2022-03-31
U6951,User_6951,2022-10-14
U6952,User_6952,2022-07-29
U6953,User_6953,2022-04-21
U6954,User_6954,2022-12-17
U6955,User_6955,2022-02-14
U6956,User_6956,2022-02-23
U6957,User_6957,2022-04-22
U6958,User_6958,2022-08-05
U6959,User_6959,2022-08-31
U6960,User_6960,2022-12-09
U6961,User_6961,2022-05-18
U6962,User_6962,2022-06-10
U6963,User_6963,2022-12-17
U6964,User_6964,2022-12-11
U6965,User_6965,2022-05-13
U6966,User_6966,2022-11-07
U6967,User_6967,2022-07-30
U6968,User_6968,2022-06-15
U6969,User_6969,2022-11-17
U6970,User_6970,2022-03-22
U6971,User_6971,2022-09-13
U6972,User_6972,2022-12-24
U6973,User_6973,2022-04-07
U6974,User_6974,2022-10-29
U6975,User_6975,2022-02-17
U6976,User_6976,2022-03-18
U6977,User_6977,2022-12-20
U6978,User_6978,2022-08-20
U6979,User_6979,2022-05-01
U6980,User_6980,2022-06-08
U6981,User_6981,2022-07-06
U6982,User_6982,2022-09-17
U6983,User_6983,2022-03-18
U6984,User_6984,2022-03-19
U6985,User_6985,2022-04-05
U6986,User_6986,2022-03-22
U6987,User_6987,2022-11-15
U6988,User_6988,2022-05-31
U6989,User_6989,2022-12-19
U6990,User_6990,2022-07-13
U6991,User_6991,2022-05-30
U6992,User_6992,2022-11-10
U6993,User_6993,2022-04-22
U6994,User_6994,2022-05-26
U6995,User_6995,2022-01-28
U6996,User_6996,2022-08-19
U6997,User_6997,2022-09-18
U6998,User_6998,2022-07-07
U6999,User_6999,2022-08-19
U7000,User_7000,2022-03-21
U7001,User_7001,2022-05-14
U7002,User_7002,2022-10-12
U7003,User_7003,2022-08-27
U7004,User_7004,2022-10-01
U7005,User_7005,2022-10-16
U7006,User_7006,2022-08-22
U7007,User_7007,2022-10-05
U7008,User_7008,2022-12-07
U7009,User_7009,2022-02-13
U7010,User_7010,2022-06-17
U7011,User_7011,2022-07-25
U7012,User_7012,2022-03-11
U7013,User_7013,2022-04-04
U7014,User_7014,2022-01-17
U7015,User_7015,2022-11-16
U7016,User_7016,2022-06-28
U7017,User_7017,2022-12-03
U7018,User_7018,2022-04-13
U7019,User_7019,2022-10-06
U7020,User_7020,2022-10-22
U7021,User_7021,2022-08-02
U7022,User_7022,2022-07-09
U7023,User_7023,2022-12-29
U7024,User_7024,2022-05-11
U7025,User_7025,2022-03-04
U7026,User_7026,2022-03-08
U7027,User_7027,2022-12-17
U7028,User_7028,2022-01-17
U7029,User_7029,2022-08-26
U7030,User_7030,2022-02-01
U7031,User_7031,2022-04-05
U7032,User_7032,2022-11-24
U7033,User_7033,2022-06-28
U7034,User_7034,2022-01-25
U7035,User_7035,2022-06-28
U7036,User_7036,2022-08-08
U7037,User_7037,2022-06-15
U7038,User_7038,2022-06-06
U7039,User_7039,2022-01-15
U7040,User_7040,2023-01-01
U7041,User_7041,2022-04-20
U7042,User_7042,2022-03-25
U7043,User_7043,2022-09-26
U7044,User_7044,2022-05-22
U7045,User_7045,2022-06-02
U7046,User_7046,2022-03-10
U7047,User_7047,2022-03-08
U7048,User_7048,2022-11-23
U7049,User_7049,2022-12-31
U7050,User_7050,2022-09-19
U7051,User_7051,2022-04-17
U7052,User_7052,2022-07-21
U7053,User_7053,2022-10-28
U7054,User_7054,2022-10-06
U7055,User_7055,2022-10-14
U7056,User_7056,2022-04-19
U7057,User_7057,2022-08-13
U7058,User_7058,2022-09-15
U7059,User_7059,2022-03-17
U7060,User_7060,2022-05-15
U7061,User_7061,2022-06-20
U7062,User_7062,2022-06-13
U7063,User_7063,2022-02-05
U7064,User_7064,2022-09-17
U7065,User_7065,2022-12-19
U7066,User_7066,2022-09-23
U7067,User_7067,2022-06-28
U7068,User_7068,2022-11-06
U7069,User_7069,2022-12-02
U7070,User_7070,2022-07-05
U7071,User_7071,2022-06-26
U7072,User_7072,2022-06-28
U7073,User_7073,2022-05-05
U7074,User_7074,2022-08-19
U7075,User_7075,2022-02-11
U7076,User_7076,2022-04-20
U7077,User_7077,2022-10-21
U7078,User_7078,2022-06-19
U7079,User_7079,2022-10-10
U7080,User_7080,2022-09-16
U7081,User_7081,2022-09-03
U7082,User_7082,2022-07-16
U7083,User_7083,2022-07-17
U7084,User_7084,2022-12-14
U7085,User_7085,2022-12-19
U7086,User_7086,2022-03-26
U7087,User_7087,2022-10-20
U7088,User_7088,2022-04-23
U7089,User_7089,2022-11-14
U7090,User_7090,2022-08-10
U7091,User_7091,2022-03-26
U7092,User_7092,2022-05-20
U7093,User_7093,2022-09-08
U7094,User_7094,2022-03-14
U7095,User_7095,2022-08-05
U7096,User_7096,2022-01-13
U7097,User_7097,2022-05-11
U7098,User_7098,2022-11-22
U7099,User_7099,2022-04-25
U7100,User_7100,2022-05-13
U7101,User_7101,2022-08-17
U7102,User_7102,2022-12-21
U7103,User_7103,2022-02-19
U7104,User_7104,2022-01-10
U7105,User_7105,2022-03-20
U7106,User_7106,2022-03-26
U7107,User_7107,2022-08-20
U7108,User_7108,2022-04-25
U7109,User_7109,2022-08-21
U7110,User_7110,2022-08-08
U7111,User_7111,2022-05-30
U7112,User_7112,2022-11-20
U7113,User_7113,2022-01-25
U7114,User_7114,2022-03-08
U7115,User_7115,2022-12-20
U7116,User_7116,2022-04-26
U7117,User_7117,2022-08-15
U7118,User_7118,2022-08-04
U7119,User_7119,2022-08-13
U7120,User_7120,2022-12-27
U7121,User_7121,2022-06-06
U7122,User_7122,2022-11-24
U7123,User_7123,2022-02-27
U7124,User_7124,2022-03-04
U7125,User_7125,2022-04-06
U7126,User_7126,2022-05-06
U7127,User_7127,2022-09-14
U7128,User_7128,2022-12-21
U7129,User_7129,2022-06-23
U7130,User_7130,2022-12-10
U7131,User_7131,2022-01-24
U7132,User_7132,2022-09-20
U7133,User_7133,2022-04-30
U7134,User_7134,2022-11-17
U7135,User_7135,2022-10-10
U7136,User_7136,2022-05-31
U7137,User_7137,2022-11-24
U7138,User_7138,2022-07-17
U7139,User_7139,2022-02-26
U7140,User_7140,2022-07-08
U7141,User_7141,2022-02-18
U7142,User_7142,2022-11-29
U7143,User_7143,2022-11-18
U7144,User_7144,2022-12-16
U7145,User_7145,2022-07-26
U7146,User_7146,2022-12-27
U7147,User_7147,2022-04-07
U7148,User_7148,2022-01-31
U7149,User_7149,2022-07-20
U7150,User_7150,2022-04-28
U7151,User_7151,2022-07-09
U7152,User_7152,2022-07-08
U7153,User_7153,2022-03-12
U7154,User_7154,2022-06-14
U7155,User_7155,2022-09-06
U7156,User_7156,2022-11-14
U7157,User_7157,2022-12-18
U7158,User_7158,2022-12-24
U7159,User_7159,2022-11-06
U7160,User_7160,2022-06-01
U7161,User_7161,2022-10-18
U7162,User_7162,2022-09-16
U7163,User_7163,2022-08-21
U7164,User_7164,2022-09-03
U7165,User_7165,2022-05-17
U7166,User_7166,2022-06-05
U7167,User_7167,2022-03-27
U7168,User_7168,2022-11-25
U7169,User_7169,2022-04-06
U7170,User_7170,2022-02-27
U7171,User_7171,2022-07-27
U7172,User_7172,2022-06-24
U7173,User_7173,2022-01-13
U7174,User_7174,2022-03-26
U7175,User_7175,2022-04-04
U7176,User_7176,2022-10-08
U7177,User_7177,2022-07-11
U7178,User_7178,2022-12-13
U7179,User_7179,2022-03-16
U7180,User_7180,2022-12-20
U7181,User_7181,2022-09-26
U7182,User_7182,2022-07-19
U7183,User_7183,2022-05-01
U7184,User_7184,2022-08-31
U7185,User_7185,2022-02-12
U7186,User_7186,2022-11-08
U7187,User_7187,2022-07-17
U7188,User_7188,2022-03-11
U7189,User_7189,2022-12-20
U7190,User_7190,2022-12-27
U7191,User_7191,2022-02-23
U7192,User_7192,2022-11-21
U7193,User_7193,2022-04-26
U7194,User_7194,2022-05-23
U7195,User_7195,2022-05-08
U7196,User_7196,2022-12-11
U7197,User_7197,2022-11-13
U7198,User_7198,2022-06-15
U7199,User_7199,2022-12-11
U7200,User_7200,2022-08-28
U7201,User_7201,2022-06-03
U7202,User_7202,2022-07-01
U7203,User_7203,2022-02-17
U7204,User_7204,2022-10-17
U7205,User_7205,2022-09-13
U7206,User_7206,2022-10-11
U7207,User_7207,2022-11-19
U7208,User_7208,2022-11-14
U7209,User_7209,2022-01-28
U7210,User_7210,2022-06-25
U7211,User_7211,2022-10-24
U7212,User_7212,2022-08-03
U7213,User_7213,2022-05-20
U7214,User_7214,2022-12-05
U7215,User_7215,2022-02-08
U7216,User_7216,2022-10-14
U7217,User_7217,2022-10-07
U7218,User_7218,2022-04-07
U7219,User_7219,2022-11-24
U7220,User_7220,2022-04-25
U7221,User_7221,2022-02-25
U7222,User_7222,2022-08-02
U7223,User_7223,2022-01-20
U7224,User_7224,2022-07-31
U7225,User_7225,2022-10-13
U7226,User_7226,2022-07-07
U7227,User_7227,2022-07-22
U7228,User_7228,2022-11-24
U7229,User_7229,2022-12-05
U7230,User_7230,2022-07-03
U7231,User_7231,2022-08-24
U7232,User_7232,2022-04-12
U7233,User_7233,2022-06-05
U7234,User_7234,2022-08-31
U7235,User_7235,2022-09-20
U7236,User_7236,2022-03-30
U7237,User_7237,2022-09-11
U7238,User_7238,2022-12-07
U7239,User_7239,2022-04-26
U7240,User_7240,2022-11-23
U7241,User_7241,2022-06-14
U7242,User_7242,2022-02-09
U7243,User_7243,2022-04-04
U7244,User_7244,2022-01-09
U7245,User_7245,2022-12-25
U7246,User_7246,2022-10-16
U7247,User_7247,2022-07-10
U7248,User_7248,2022-11-10
U7249,User_7249,2022-06-03
U7250,User_7250,2022-09-20
U7251,User_7251,2022-07-08
U7252,User_7252,2022-07-21
U7253,User_7253,2022-04-18
U7254,User_7254,2022-08-11
U7255,User_7255,2022-07-30
U7256,User_7256,2022-12-09
U7257,User_7257,2022-09-01
U7258,User_7258,2022-08-18
U7259,User_7259,2022-08-03
U7260,User_7260,2022-03-04
U7261,User_7261,2022-07-16
U7262,User_7262,2022-01-19
U7263,User_7263,2022-12-06
U7264,User_7264,2022-06-06
U7265,User_7265,2022-04-08
U7266,User_7266,2022-12-15
U7267,User_7267,2022-02-20
U7268,User_7268,2022-07-03
U7269,User_7269,2022-04-28
U7270,User_7270,2022-05-04
U7271,User_7271,2022-05-03
U7272,User_7272,2022-11-10
U7273,User_7273,2022-12-09
U7274,User_7274,2022-12-28
U7275,User_7275,2022-12-14
U7276,User_7276,2022-05-10
U7277,User_7277,2022-04-24
U7278,User_7278,2022-04-29
U7279,User_7279,2022-12-19
U7280,User_7280,2022-04-07
U7281,User_7281,2022-10-17
U7282,User_7282,2022-02-16
U7283,User_7283,2022-10-05
U7284,User_7284,2022-04-08
U7285,User_7285,2022-10-05
U7286,User_7286,2022-07-10
U7287,User_7287,2022-09-30
U7288,User_7288,2022-08-25
U7289,User_7289,2022-05-24
U7290,User_7290,2022-11-10
U7291,User_7291,2022-03-29
U7292,User_7292,2022-09-15
U7293,User_7293,2022-09-07
U7294,User_7294,2022-05-23
U7295,User_7295,2022-07-26
U7296,User_7296,2022-10-20
U7297,User_7297,2022-01-24
U7298,User_7298,2022-04-22
U7299,User_7299,2022-08-26
U7300,User_7300,2022-08-27
U7301,User_7301,2022-09-22
U7302,User_7302,2022-03-28
U7303,User_7303,2022-10-22
U7304,User_7304,2022-01-08
U7305,User_7305,2022-09-10
U7306,User_7306,2022-08-22
U7307,User_7307,2022-01-23
U7308,User_7308,2022-08-04
U7309,User_7309,2022-07-21
U7310,User_7310,2022-10-22
U7311,User_7311,2022-12-29
U7312,User_7312,2022-07-06
U7313,User_7313,2022-04-29
U7314,User_7314,2022-05-01
U7315,User_7315,2022-05-17
U7316,User_7316,2022-09-13
U7317,User_7317,2022-01-06
U7318,User_7318,2022-11-12
U7319,User_7319,2022-04-27
U7320,User_7320,2022-03-06
U7321,User_7321,2022-10-24
U7322,User_7322,2022-03-17
U7323,User_7323,2022-10-17
U7324,User_7324,2022-11-16
U7325,User_7325,2022-12-08
U7326,User_7326,2022-05-06
U7327,User_7327,2022-07-02
U7328,User_7328,2022-04-09
U7329,User_7329,2022-09-21
U7330,User_7330,2022-04-30
U7331,User_7331,2022-08-30
U7332,User_7332,2022-04-06
U7333,User_7333,2022-12-15
U7334,User_7334,2022-08-01
U7335,User_7335,2022-08-06
U7336,User_7336,2022-11-11
U7337,User_7337,2022-12-31
U7338,User_7338,2022-05-07
U7339,User_7339,2022-06-23
U7340,User_7340,2022-05-27
U7341,User_7341,2022-06-09
U7342,User_7342,2022-11-05
U7343,User_7343,2022-04-01
U7344,User_7344,2022-12-16
U7345,User_7345,2022-08-30
U7346,User_7346,2022-05-02
U7347,User_7347,2022-05-05
U7348,User_7348,2022-08-23
U7349,User_7349,2022-12-03
U7350,User_7350,2022-08-22
U7351,User_7351,2022-11-16
U7352,User_7352,2022-08-06
U7353,User_7353,2022-10-04
U7354,User_7354,2022-07-13
U7355,User_7355,2022-01-30
U7356,User_7356,2022-02-02
U7357,User_7357,2022-03-08
U7358,User_7358,2022-10-10
U7359,User_7359,2022-09-05
U7360,User_7360,2022-07-28
U7361,User_7361,2022-07-03
U7362,User_7362,2022-06-01
U7363,User_7363,2022-08-20
U7364,User_7364,2022-04-08
U7365,User_7365,2022-10-19
U7366,User_7366,2022-11-21
U7367,User_7367,2022-02-05
U7368,User_7368,2022-11-18
U7369,User_7369,2022-09-01
U7370,User_7370,2022-06-20
U7371,User_7371,2022-04-03
U7372,User_7372,2022-03-15
U7373,User_7373,2022-04-17
U7374,User_7374,2022-09-25
U7375,User_7375,2022-09-06
U7376,User_7376,2022-03-14
U7377,User_7377,2022-07-03
U7378,User_7378,2022-05-29
U7379,User_7379,2022-03-21
U7380,User_7380,2022-12-16
U7381,User_7381,2022-02-14
U7382,User_7382,2022-04-24
U7383,User_7383,2022-07-09
U7384,User_7384,2022-06-09
U7385,User_7385,2022-09-28
U7386,User_7386,2022-06-11
U7387,User_7387,2022-01-19
U7388,User_7388,2022-12-06
U7389,User_7389,2022-07-26
U7390,User_7390,2022-06-16
U7391,User_7391,2022-10-27
U7392,User_7392,2022-03-11
U7393,User_7393,2022-03-28
U7394,User_7394,2022-09-27
U7395,User_7395,2022-05-08
U7396,User_7396,2022-03-12
U7397,User_7397,2022-10-29
U7398,User_7398,2022-09-11
U7399,User_7399,2022-07-21
U7400,User_7400,2022-07-19
U7401,User_7401,2022-05-01
U7402,User_7402,2022-05-23
U7403,User_7403,2022-08-20
U7404,User_7404,2022-10-17
U7405,User_7405,2022-04-12
U7406,User_7406,2022-03-17
U7407,User_7407,2022-04-18
U7408,User_7408,2022-08-13
U7409,User_7409,2022-02-07
U7410,User_7410,2022-05-19
U7411,User_7411,2022-02-21
U7412,User_7412,2022-05-27
U7413,User_7413,2022-02-03
U7414,User_7414,2022-12-08
U7415,User_7415,2022-10-10
U7416,User_7416,2022-03-19
U7417,User_7417,2022-05-14
U7418,User_7418,2022-03-17
U7419,User_7419,2022-09-25
U7420,User_7420,2022-01-08
U7421,User_7421,2022-06-14
U7422,User_7422,2022-07-11
U7423,User_7423,2022-05-16
U7424,User_7424,2022-03-16
U7425,User_7425,2022-04-21
U7426,User_7426,2022-10-13
U7427,User_7427,2022-08-24
U7428,User_7428,2022-09-24
U7429,User_7429,2022-10-03
U7430,User_7430,2022-01-30
U7431,User_7431,2022-09-25
U7432,User_7432,2022-04-24
U7433,User_7433,2022-04-03
U7434,User_7434,2022-04-20
U7435,User_7435,2022-03-17
U7436,User_7436,2022-08-13
U7437,User_7437,2022-12-27
U7438,User_7438,2022-10-30
U7439,User_7439,2022-06-04
U7440,User_7440,2022-03-08
U7441,User_7441,2022-02-07
U7442,User_7442,2022-01-11
U7443,User_7443,2022-04-08
U7444,User_7444,2022-08-11
U7445,User_7445,2022-03-02
U7446,User_7446,2022-03-02
U7447,User_7447,2022-03-06
U7448,User_7448,2022-03-23
U7449,User_7449,2022-04-19
U7450,User_7450,2022-02-08
U7451,User_7451,2022-03-23
U7452,User_7452,2022-06-10
U7453,User_7453,2022-04-20
U7454,User_7454,2022-02-18
U7455,User_7455,2022-10-26
U7456,User_7456,2022-03-15
U7457,User_7457,2022-08-05
U7458,User_7458,2022-04-21
U7459,User_7459,2022-08-04
U7460,User_7460,2022-11-04
U7461,User_7461,2022-01-11
U7462,User_7462,2022-09-17
U7463,User_7463,2022-08-09
U7464,User_7464,2022-08-31
U7465,User_7465,2022-06-10
U7466,User_7466,2022-01-31
U7467,User_7467,2022-11-10
U7468,User_7468,2022-08-03
U7469,User_7469,2022-10-30
U7470,User_7470,2022-05-28
U7471,User_7471,2022-03-02
U7472,User_7472,2022-09-13
U7473,User_7473,2022-01-11
U7474,User_7474,2022-11-27
U7475,User_7475,2022-07-04
U7476,User_7476,2022-06-16
U7477,User_7477,2022-06-01
U7478,User_7478,2022-12-19
U7479,User_7479,2022-08-30
U7480,User_7480,2022-02-04
U7481,User_7481,2022-03-28
U7482,User_7482,2022-02-06
U7483,User_7483,2022-01-17
U7484,User_7484,2022-02-17
U7485,User_7485,2022-06-19
U7486,User_7486,2022-12-29
U7487,User_7487,2022-04-11
U7488,User_7488,2022-06-07
U7489,User_7489,2022-09-20
U7490,User_7490,2022-11-13
U7491,User_7491,2022-09-09
U7492,User_7492,2022-01-09
U7493,User_7493,2022-01-11
U7494,User_7494,2022-03-06
U7495,User_7495,2022-05-18
U7496,User_7496,2022-04-02
U7497,User_7497,2022-10-13
U7498,User_7498,2022-03-02
U7499,User_7499,2022-06-03
U7500,User_7500,2022-06-23
U7501,User_7501,2022-02-21
U7502,User_7502,2022-07-10
U7503,User_7503,2022-10-30
U7504,User_7504,2022-12-01
U7505,User_7505,2022-06-07
U7506,User_7506,2022-06-13
U7507,User_7507,2022-12-02
U7508,User_7508,2022-09-23
U7509,User_7509,2022-03-28
U7510,User_7510,2022-11-23
U7511,User_7511,2022-12-29
U7512,User_7512,2022-04-02
U7513,User_7513,2022-07-03
U7514,User_7514,2022-06-04
U7515,User_7515,2022-08-15
U7516,User_7516,2022-05-10
U7517,User_7517,2022-05-16
U7518,User_7518,2022-11-21
U7519,User_7519,2022-08-07
U7520,User_7520,2022-05-05
U7521,User_7521,2022-01-15
U7522,User_7522,2022-11-02
U7523,User_7523,2022-08-14
U7524,User_7524,2022-01-05
U7525,User_7525,2022-07-21
U7526,User_7526,2022-07-11
U7527,User_7527,2022-11-25
U7528,User_7528,2022-12-07
U7529,User_7529,2022-09-14
U7530,User_7530,2022-12-20
U7531,User_7531,2022-11-05
U7532,User_7532,2022-04-19
U7533,User_7533,2022-10-29
U7534,User_7534,2022-10-22
U7535,User_7535,2022-05-01
U7536,User_7536,2022-03-17
U7537,User_7537,2022-09-30
U7538,User_7538,2022-05-11
U7539,User_7539,2022-08-08
U7540,User_7540,2022-07-27
U7541,User_7541,2022-01-07
U7542,User_7542,2022-10-17
U7543,User_7543,2022-01-15
U7544,User_7544,2022-01-24
U7545,User_7545,2022-06-11
U7546,User_7546,2022-03-20
U7547,User_7547,2022-03-28
U7548,User_7548,2022-08-10
U7549,User_7549,2022-10-13
U7550,User_7550,2022-08-19
U7551,User_7551,2022-07-29
U7552,User_7552,2022-01-03
U7553,User_7553,2022-05-28
U7554,User_7554,2022-08-29
U7555,User_7555,2022-02-05
U7556,User_7556,2022-02-26
U7557,User_7557,2022-02-03
U7558,User_7558,2022-05-10
U7559,User_7559,2022-04-21
U7560,User_7560,2022-08-26
U7561,User_7561,2022-03-01
U7562,User_7562,2022-10-21
U7563,User_7563,2022-12-16
U7564,User_7564,2022-07-06
U7565,User_7565,2022-04-01
U7566,User_7566,2022-03-07
U7567,User_7567,2022-11-21
U7568,User_7568,2022-11-10
U7569,User_7569,2022-11-22
U7570,User_7570,2022-11-29
U7571,User_7571,2022-04-01
U7572,User_7572,2022-04-18
U7573,User_7573,2022-11-28
U7574,User_7574,2022-10-31
U7575,User_7575,2022-01-31
U7576,User_7576,2022-06-05
U7577,User_7577,2022-01-04
U7578,User_7578,2022-08-26
U7579,User_7579,2022-10-02
U7580,User_7580,2022-08-05
U7581,User_7581,2022-01-12
U7582,User_7582,2022-01-20
U7583,User_7583,2022-12-28
U7584,User_7584,2022-05-07
U7585,User_7585,2022-07-23
U7586,User_7586,2022-06-11
U7587,User_7587,2022-10-11
U7588,User_7588,2022-07-27
U7589,User_7589,2022-02-26
U7590,User_7590,2022-05-14
U7591,User_7591,2022-09-25
U7592,User_7592,2022-11-09
U7593,User_7593,2022-12-21
U7594,User_7594,2022-10-23
U7595,User_7595,2022-04-20
U7596,User_7596,2022-06-06
U7597,User_7597,2022-12-14
U7598,User_7598,2022-10-04
U7599,User_7599,2022-02-06
U7600,User_7600,2022-11-07
U7601,User_7601,2022-07-02
U7602,User_7602,2022-08-23
U7603,User_7603,2022-11-26
U7604,User_7604,2022-11-20
U7605,User_7605,2022-05-20
U7606,User_7606,2022-05-11
U7607,User_7607,2022-12-15
U7608,User_7608,2022-12-18
U7609,User_7609,2022-07-07
U7610,User_7610,2022-09-23
U7611,User_7611,2022-12-10
U7612,User_7612,2022-01-19
U7613,User_7613,2022-11-03
U7614,User_7614,2022-05-27
U7615,User_7615,2022-09-04
U7616,User_7616,2022-03-21
U7617,User_7617,2022-01-28
U7618,User_7618,2022-03-11
U7619,User_7619,2022-04-04
U7620,User_7620,2022-11-10
U7621,User_7621,2022-08-04
U7622,User_7622,2022-06-05
U7623,User_7623,2022-02-22
U7624,User_7624,2022-10-14
U7625,User_7625,2022-09-09
U7626,User_7626,2022-05-11
U7627,User_7627,2022-05-23
U7628,User_7628,2022-05-01
U7629,User_7629,2022-09-09
U7630,User_7630,2022-08-03
U7631,User_7631,2022-08-28
U7632,User_7632,2022-03-23
U7633,User_7633,2022-07-25
U7634,User_7634,2022-01-05
U7635,User_7635,2022-02-12
U7636,User_7636,2022-03-24
U7637,User_7637,2022-07-18
U7638,User_7638,2022-05-18
U7639,User_7639,2022-09-26
U7640,User_7640,2022-12-14
U7641,User_7641,2022-05-05
U7642,User_7642,2022-03-20
U7643,User_7643,2022-08-31
U7644,User_7644,2022-06-18
U7645,User_7645,2022-08-13
U7646,User_7646,2022-10-10
U7647,User_7647,2022-01-20
U7648,User_7648,2022-11-17
U7649,User_7649,2022-04-19
U7650,User_7650,2022-02-26
U7651,User_7651,2022-06-07
U7652,User_7652,2022-08-16
U7653,User_7653,2022-01-18
U7654,User_7654,2022-08-15
U7655,User_7655,2022-09-27
U7656,User_7656,2022-11-11
U7657,User_7657,2022-03-09
U7658,User_7658,2022-09-24
U7659,User_7659,2022-06-20
U7660,User_7660,2022-02-17
U7661,User_7661,2022-06-18
U7662,User_7662,2022-02-15
U7663,User_7663,2022-08-23
U7664,User_7664,2022-06-15
U7665,User_7665,2022-05-23
U7666,User_7666,2022-09-26
U7667,User_7667,2022-12-15
U7668,User_7668,2022-07-08
U7669,User_7669,2022-03-15
U7670,User_7670,2022-08-10
U7671,User_7671,2022-11-14
U7672,User_7672,2022-02-25
U7673,User_7673,2022-02-27
U7674,User_7674,2022-02-05
U7675,User_7675,2022-04-03
U7676,User_7676,2022-12-30
U7677,User_7677,2022-03-30
U7678,User_7678,2022-06-21
U7679,User_7679,2022-07-05
U7680,User_7680,2022-12-31
U7681,User_7681,2022-01-14
U7682,User_7682,2022-05-16
U7683,User_7683,2022-07-03
U7684,User_7684,2022-01-05
U7685,User_7685,2022-08-17
U7686,User_7686,2022-06-04
U7687,User_7687,2022-12-23
U7688,User_7688,2022-05-11
U7689,User_7689,2022-09-04
U7690,User_7690,2022-06-04
U7691,User_7691,2022-08-26
U7692,User_7692,2022-11-16
U7693,User_7693,2022-06-05
U7694,User_7694,2022-04-09
U7695,User_7695,2022-06-20
U7696,User_7696,2022-04-14
U7697,User_7697,2022-12-29
U7698,User_7698,2022-12-02
U7699,User_7699,2022-01-09
U7700,User_7700,2022-08-01
U7701,User_7701,2022-07-12
U7702,User_7702,2022-09-04
U7703,User_7703,2022-09-02
U7704,User_7704,2022-02-23
U7705,User_7705,2022-01-09
U7706,User_7706,2022-01-14
U7707,User_7707,2022-08-15
U7708,User_7708,2022-06-16
U7709,User_7709,2022-10-03
U7710,User_7710,2022-06-22
U7711,User_7711,2022-09-02
U7712,User_7712,2022-09-30
U7713,User_7713,2022-11-03
U7714,User_7714,2022-04-08
U7715,User_7715,2022-03-14
U7716,User_7716,2022-02-23
U7717,User_7717,2022-04-08
U7718,User_7718,2022-07-08
U7719,User_7719,2022-06-05
U7720,User_7720,2022-05-12
U7721,User_7721,2022-06-11
U7722,User_7722,2022-11-01
U7723,User_7723,2022-01-25
U7724,User_7724,2022-09-06
U7725,User_7725,2022-09-17
U7726,User_7726,2022-03-30
U7727,User_7727,2022-05-03
U7728,User_7728,2022-09-04
U7729,User_7729,2022-09-26
U7730,User_7730,2022-07-11
U7731,User_7731,2022-03-11
U7732,User_7732,2022-01-19
U7733,User_7733,2022-09-29
U7734,User_7734,2022-08-26
U7735,User_7735,2022-06-09
U7736,User_7736,2022-06-01
U7737,User_7737,2022-09-01
U7738,User_7738,2022-10-25
U7739,User_7739,2022-08-20
U7740,User_7740,2022-01-10
U7741,User_7741,2022-01-14
U7742,User_7742,2022-03-18
U7743,User_7743,2022-03-13
U7744,User_7744,2022-11-22
U7745,User_7745,2022-10-20
U7746,User_7746,2022-10-10
U7747,User_7747,2022-08-10
U7748,User_7748,2022-09-01
U7749,User_7749,2022-07-29
U7750,User_7750,2022-12-24
U7751,User_7751,2022-02-16
U7752,User_7752,2022-12-02
U7753,User_7753,2022-07-06
U7754,User_7754,2022-04-22
U7755,User_7755,2022-11-07
U7756,User_7756,2022-02-17
U7757,User_7757,2022-09-07
U7758,User_7758,2022-05-22
U7759,User_7759,2022-02-23
U7760,User_7760,2022-08-16
U7761,User_7761,2022-03-21
U7762,User_7762,2022-06-07
U7763,User_7763,2022-03-11
U7764,User_7764,2022-12-29
U7765,User_7765,2022-08-24
U7766,User_7766,2022-01-28
U7767,User_7767,2022-04-25
U7768,User_7768,2022-03-30
U7769,User_7769,2022-08-04
U7770,User_7770,2022-12-27
U7771,User_7771,2022-08-09
U7772,User_7772,2022-03-28
U7773,User_7773,2022-09-09
U7774,User_7774,2022-01-31
U7775,User_7775,2022-07-06
U7776,User_7776,2022-03-20
U7777,User_7777,2022-02-16
U7778,User_7778,2022-02-16
U7779,User_7779,2022-03-06
U7780,User_7780,2022-04-10
U7781,User_7781,2022-04-08
U7782,User_7782,2022-03-12
U7783,User_7783,2022-07-23
U7784,User_7784,2022-06-02
U7785,User_7785,2022-03-24
U7786,User_7786,2022-12-22
U7787,User_7787,2023-01-01
U7788,User_7788,2022-07-30
U7789,User_7789,2022-03-04
U7790,User_7790,2022-04-02
U7791,User_7791,2022-08-22
U7792,User_7792,2022-08-14
U7793,User_7793,2022-08-02
U7794,User_7794,2022-10-22
U7795,User_7795,2022-04-07
U7796,User_7796,2022-09-11
U7797,User_7797,2022-12-19
U7798,User_7798,2022-08-18
U7799,User_7799,2022-05-07
U7800,User_7800,2022-06-02
U7801,User_7801,2022-11-27
U7802,User_7802,2022-01-04
U7803,User_7803,2022-11-09
U7804,User_7804,2022-07-30
U7805,User_7805,2022-01-20
U7806,User_7806,2022-12-29
U7807,User_7807,2022-06-28
U7808,User_7808,2022-07-07
U7809,User_7809,2022-11-16
U7810,User_7810,2022-11-13
U7811,User_7811,2022-05-27
U7812,User_7812,2022-10-11
U7813,User_7813,2022-08-23
U7814,User_7814,2022-07-14
U7815,User_7815,2022-01-08
U7816,User_7816,2022-02-12
U7817,User_7817,2022-10-12
U7818,User_7818,2022-08-08
U7819,User_7819,2022-05-03
U7820,User_7820,2022-08-03
U7821,User_7821,2022-07-09
U7822,User_7822,2022-02-04
U7823,User_7823,2022-11-15
U7824,User_7824,2022-07-05
U7825,User_7825,2022-09-01
U7826,User_7826,2022-09-29
U7827,User_7827,2022-11-05
U7828,User_7828,2022-02-18
U7829,User_7829,2022-03-01
U7830,User_7830,2022-06-20
U7831,User_7831,2022-08-26
U7832,User_7832,2022-05-13
U7833,User_7833,2022-08-17
U7834,User_7834,2022-12-13
U7835,User_7835,2022-08-18
U7836,User_7836,2022-11-05
U7837,User_7837,2022-08-06
U7838,User_7838,2022-05-18
U7839,User_7839,2022-06-28
U7840,User_7840,2022-12-21
U7841,User_7841,2022-07-13
U7842,User_7842,2022-06-16
U7843,User_7843,2022-01-21
U7844,User_7844,2022-09-13
U7845,User_7845,2022-06-09
U7846,User_7846,2022-06-26
U7847,User_7847,2022-11-07
U7848,User_7848,2022-07-24
U7849,User_7849,2022-04-28
U7850,User_7850,2022-06-16
U7851,User_7851,2022-04-12
U7852,User_7852,2022-03-03
U7853,User_7853,2022-10-30
U7854,User_7854,2022-09-25
U7855,User_7855,2022-05-28
U7856,User_7856,2022-07-21
U7857,User_7857,2022-10-30
U7858,User_7858,2022-12-20
U7859,User_7859,2022-02-18
U7860,User_7860,2022-09-11
U7861,User_7861,2022-09-30
U7862,User_7862,2022-04-01
U7863,User_7863,2022-09-07
U7864,User_7864,2022-06-01
U7865,User_7865,2022-12-23
U7866,User_7866,2022-09-14
U7867,User_7867,2022-11-14
U7868,User_7868,2022-05-06
U7869,User_7869,2022-05-17
U7870,User_7870,2022-03-08
U7871,User_7871,2022-06-29
U7872,User_7872,2022-12-29
U7873,User_7873,2022-11-28
U7874,User_7874,2022-11-19
U7875,User_7875,2022-05-13
U7876,User_7876,2022-01-18
U7877,User_7877,2022-05-09
U7878,User_7878,2022-02-02
U7879,User_7879,2022-07-27
U7880,User_7880,2022-11-21
U7881,User_7881,2022-02-16
U7882,User_7882,2022-07-13
U7883,User_7883,2022-06-14
U7884,User_7884,2022-07-14
U7885,User_7885,2022-12-06
U7886,User_7886,2022-05-01
U7887,User_7887,2022-03-26
U7888,User_7888,2022-05-30
U7889,User_7889,2022-07-03
U7890,User_7890,2022-10-03
U7891,User_7891,2022-11-15
U7892,User_7892,2022-12-23
U7893,User_7893,2022-06-02
U7894,User_7894,2022-09-21
U7895,User_7895,2022-09-28
U7896,User_7896,2022-02-13
U7897,User_7897,2022-11-22
U7898,User_7898,2022-09-01
U7899,User_7899,2022-03-29
U7900,User_7900,2022-12-19
U7901,User_7901,2022-03-30
U7902,User_7902,2022-07-03
U7903,User_7903,2022-12-01
U7904,User_7904,2022-08-24
U7905,User_7905,2022-04-25
U7906,User_7906,2022-06-15
U7907,User_7907,2022-01-23
U7908,User_7908,2022-09-10
U7909,User_7909,2022-03-05
U7910,User_7910,2022-02-18
U7911,User_7911,2022-07-09
U7912,User_7912,2022-01-15
U7913,User_7913,2022-03-24
U7914,User_7914,2022-04-13
U7915,User_7915,2022-10-24
U7916,User_7916,2022-04-21
U7917,User_7917,2022-07-02
U7918,User_7918,2022-04-07
U7919,User_7919,2022-02-15
U7920,User_7920,2022-10-05
U7921,User_7921,2022-01-09
U7922,User_7922,2022-07-09
U7923,User_7923,2022-03-22
U7924,User_7924,2022-08-20
U7925,User_7925,2022-08-01
U7926,User_7926,2022-02-16
U7927,User_7927,2022-10-08
U7928,User_7928,2022-04-01
U7929,User_7929,2022-12-04
U7930,User_7930,2022-12-28
U7931,User_7931,2022-01-05
U7932,User_7932,2022-11-03
U7933,User_7933,2022-05-04
U7934,User_7934,2022-12-18
U7935,User_7935,2022-05-29
U7936,User_7936,2022-06-30
U7937,User_7937,2022-05-31
U7938,User_7938,2022-05-15
U7939,User_7939,2022-04-04
U7940,User_7940,2022-07-22
U7941,User_7941,2022-05-23
U7942,User_7942,2022-04-07
U7943,User_7943,2022-09-19
U7944,User_7944,2022-01-07
U7945,User_7945,2022-07-08
U7946,User_7946,2022-08-28
U7947,User_7947,2022-12-20
U7948,User_7948,2022-11-29
U7949,User_7949,2022-03-13
U7950,User_7950,2022-07-01
U7951,User_7951,2022-04-22
U7952,User_7952,2022-11-26
U7953,User_7953,2022-02-05
U7954,User_7954,2022-06-22
U7955,User_7955,2022-03-04
U7956,User_7956,2022-06-09
U7957,User_7957,2022-03-13
U7958,User_7958,2022-01-28
U7959,User_7959,2022-05-18
U7960,User_7960,2022-09-16
U7961,User_7961,2022-05-01
U7962,User_7962,2022-04-17
U7963,User_7963,2022-04-28
U7964,User_7964,2022-03-17
U7965,User_7965,2022-07-31
U7966,User_7966,2022-09-18
U7967,User_7967,2022-02-11
U7968,User_7968,2022-07-29
U7969,User_7969,2022-10-20
U7970,User_7970,2022-06-10
U7971,User_7971,2022-06-05
U7972,User_7972,2022-02-17
U7973,User_7973,2022-05-15
U7974,User_7974,2022-03-05
U7975,User_7975,2022-10-25
U7976,User_7976,2022-09-02
U7977,User_7977,2022-09-16
U7978,User_7978,2022-12-25
U7979,User_7979,2022-12-04
U7980,User_7980,2022-10-12
U7981,User_7981,2022-12-07
U7982,User_7982,2022-05-04
U7983,User_7983,2022-08-20
U7984,User_7984,2022-06-27
U7985,User_7985,2022-04-03
U7986,User_7986,2022-02-04
U7987,User_7987,2022-04-15
U7988,User_7988,2022-10-27
U7989,User_7989,2022-03-27
U7990,User_7990,2022-11-23
U7991,User_7991,2022-12-29
U7992,User_7992,2022-07-18
U7993,User_7993,2022-08-15
U7994,User_7994,2022-07-31
U7995,User_7995,2022-03-25
U7996,User_7996,2022-06-19
U7997,User_7997,2022-05-10
U7998,User_7998,2022-10-13
U7999,User_7999,2022-07-29
U8000,User_8000,2022-12-01
U8001,User_8001,2022-04-11
U8002,User_8002,2022-10-01
U8003,User_8003,2022-12-04
U8004,User_8004,2022-12-21
U8005,User_8005,2022-10-09
U8006,User_8006,2022-01-28
U8007,User_8007,2022-01-28
U8008,User_8008,2022-09-17
U8009,User_8009,2022-11-25
U8010,User_8010,2022-09-23
U8011,User_8011,2022-08-05
U8012,User_8012,2022-01-15
U8013,User_8013,2022-01-24
U8014,User_8014,2022-04-09
U8015,User_8015,2022-12-15
U8016,User_8016,2022-10-15
U8017,User_8017,2022-08-05
U8018,User_8018,2022-08-03
U8019,User_8019,2022-06-07
U8020,User_8020,2022-08-06
U8021,User_8021,2022-10-05
U8022,User_8022,2022-04-03
U8023,User_8023,2022-12-26
U8024,User_8024,2022-02-19
U8025,User_8025,2022-05-21
U8026,User_8026,2022-02-27
U8027,User_8027,2022-11-19
U8028,User_8028,2022-07-10
U8029,User_8029,2022-08-29
U8030,User_8030,2022-08-20
U8031,User_8031,2022-05-14
U8032,User_8032,2022-12-04
U8033,User_8033,2022-02-04
U8034,User_8034,2022-11-25
U8035,User_8035,2022-11-25
U8036,User_8036,2022-08-11
U8037,User_8037,2022-05-18
U8038,User_8038,2022-10-06
U8039,User_8039,2022-06-10
U8040,User_8040,2022-04-03
U8041,User_8041,2022-01-29
U8042,User_8042,2022-01-16
U8043,User_8043,2022-01-23
U8044,User_8044,2022-02-04
U8045,User_8045,2022-02-24
U8046,User_8046,2022-05-26
U8047,User_8047,2022-02-08
U8048,User_8048,2022-01-23
U8049,User_8049,2022-02-14
U8050,User_8050,2022-11-29
U8051,User_8051,2022-01-29
U8052,User_8052,2022-06-06
U8053,User_8053,2022-04-28
U8054,User_8054,2022-10-08
U8055,User_8055,2022-12-19
U8056,User_8056,2022-06-02
U8057,User_8057,2022-01-09
U8058,User_8058,2022-08-16
U8059,User_8059,2022-03-01
U8060,User_8060,2022-05-03
U8061,User_8061,2022-10-04
U8062,User_8062,2022-09-13
U8063,User_8063,2022-09-27
U8064,User_8064,2022-07-18
U8065,User_8065,2022-03-31
U8066,User_8066,2022-07-02
U8067,User_8067,2022-11-18
U8068,User_8068,2022-08-29
U8069,User_8069,2022-11-05
U8070,User_8070,2022-02-03
U8071,User_8071,2022-07-28
U8072,User_8072,2022-03-26
U8073,User_8073,2022-02-20
U8074,User_8074,2022-02-06
U8075,User_8075,2022-02-06
U8076,User_8076,2022-05-27
U8077,User_8077,2022-06-23
U8078,User_8078,2022-06-18
U8079,User_8079,2022-12-14
U8080,User_8080,2022-07-20
U8081,User_8081,2022-10-02
U8082,User_8082,2022-01-27
U8083,User_8083,2022-12-25
U8084,User_8084,2022-09-15
U8085,User_8085,2022-06-04
U8086,User_8086,2022-06-07
U8087,User_8087,2022-04-23
U8088,User_8088,2022-10-31
U8089,User_8089,2022-04-18
U8090,User_8090,2022-12-05
U8091,User_8091,2022-03-06
U8092,User_8092,2022-06-24
U8093,User_8093,2022-11-12
U8094,User_8094,2022-07-30
U8095,User_8095,2022-08-13
U8096,User_8096,2022-09-10
U8097,User_8097,2022-01-20
U8098,User_8098,2022-04-29
U8099,User_8099,2022-02-13
U8100,User_8100,2022-06-08
U8101,User_8101,2022-01-23
U8102,User_8102,2022-11-21
U8103,User_8103,2022-10-28
U8104,User_8104,2022-08-07
U8105,User_8105,2022-07-13
U8106,User_8106,2022-12-29
U8107,User_8107,2022-11-18
U8108,User_8108,2022-02-09
U8109,User_8109,2022-11-16
U8110,User_8110,2022-11-22
U8111,User_8111,2022-02-07
U8112,User_8112,2022-08-23
U8113,User_8113,2022-03-03
U8114,User_8114,2022-05-28
U8115,User_8115,2022-01-04
U8116,User_8116,2022-09-14
U8117,User_8117,2022-04-18
U8118,User_8118,2022-02-19
U8119,User_8119,2022-01-21
U8120,User_8120,2022-04-01
U8121,User_8121,2022-04-24
U8122,User_8122,2022-09-26
U8123,User_8123,2022-05-18
U8124,User_8124,2022-10-05
U8125,User_8125,2022-08-19
U8126,User_8126,2022-06-12
U8127,User_8127,2022-01-21
U8128,User_8128,2022-07-01
U8129,User_8129,2022-01-18
U8130,User_8130,2022-07-31
U8131,User_8131,2022-09-07
U8132,User_8132,2022-10-19
U8133,User_8133,2022-01-17
U8134,User_8134,2022-10-11
U8135,User_8135,2022-10-18
U8136,User_8136,2022-11-17
U8137,User_8137,2022-08-10
U8138,User_8138,2022-05-13
U8139,User_8139,2022-02-24
U8140,User_8140,2022-02-09
U8141,User_8141,2022-11-25
U8142,User_8142,2022-01-19
U8143,User_8143,2022-10-15
U8144,User_8144,2022-10-22
U8145,User_8145,2022-06-25
U8146,User_8146,2022-02-23
U8147,User_8147,2022-05-30
U8148,User_8148,2022-11-21
U8149,User_8149,2022-01-09
U8150,User_8150,2022-12-11
U8151,User_8151,2022-04-29
U8152,User_8152,2022-10-19
U8153,User_8153,2022-04-23
U8154,User_8154,2022-11-22
U8155,User_8155,2022-08-12
U8156,User_8156,2022-10-31
U8157,User_8157,2022-08-21
U8158,User_8158,2022-07-20
U8159,User_8159,2022-04-16
U8160,User_8160,2022-12-27
U8161,User_8161,2022-02-22
U8162,User_8162,2022-10-07
U8163,User_8163,2022-09-18
U8164,User_8164,2022-08-17
U8165,User_8165,2022-07-10
U8166,User_8166,2022-10-17
U8167,User_8167,2022-03-06
U8168,User_8168,2022-09-19
U8169,User_8169,2022-05-29
U8170,User_8170,2022-11-29
U8171,User_8171,2022-11-29
U8172,User_8172,2022-08-31
U8173,User_8173,2022-03-16
U8174,User_8174,2022-11-08
U8175,User_8175,2022-12-27
U8176,User_8176,2022-04-14
U8177,User_8177,2022-03-31
U8178,User_8178,2022-12-14
U8179,User_8179,2022-07-18
U8180,User_8180,2022-05-07
U8181,User_8181,2022-01-16
U8182,User_8182,2022-10-16
U8183,User_8183,2022-07-09
U8184,User_8184,2022-12-02
U8185,User_8185,2022-01-19
U8186,User_8186,2022-07-19
U8187,User_8187,2022-08-16
U8188,User_8188,2022-05-27
U8189,User_8189,2022-02-24
U8190,User_8190,2022-11-22
U8191,User_8191,2022-08-18
U8192,User_8192,2022-09-10
U8193,User_8193,2022-01-08
U8194,User_8194,2022-06-17
U8195,User_8195,2022-06-28
U8196,User_8196,2022-09-28
U8197,User_8197,2022-04-30
U8198,User_8198,2022-12-08
U8199,User_8199,2022-12-11
U8200,User_8200,2022-03-11
U8201,User_8201,2022-04-29
U8202,User_8202,2022-01-24
U8203,User_8203,2022-05-30
U8204,User_8204,2022-08-19
U8205,User_8205,2022-10-05
U8206,User_8206,2022-12-30
U8207,User_8207,2022-04-06
U8208,User_8208,2022-12-07
U8209,User_8209,2022-02-05
U8210,User_8210,2022-01-08
U8211,User_8211,2022-07-30
U8212,User_8212,2022-02-14
U8213,User_8213,2022-05-12
U8214,User_8214,2022-03-30
U8215,User_8215,2022-01-18
U8216,User_8216,2022-01-28
U8217,User_8217,2022-09-06
U8218,User_8218,2022-03-09
U8219,User_8219,2022-12-03
U8220,User_8220,2022-07-23
U8221,User_8221,2022-09-27
U8222,User_8222,2022-10-20
U8223,User_8223,2022-04-21
U8224,User_8224,2022-05-23
U8225,User_8225,2022-02-23
U8226,User_8226,2022-04-11
U8227,User_8227,2022-03-17
U8228,User_8228,2022-03-27
U8229,User_8229,2022-08-21
U8230,User_8230,2022-03-19
U8231,User_8231,2022-01-03
U8232,User_8232,2022-06-02
U8233,User_8233,2022-04-13
U8234,User_8234,2022-05-11
U8235,User_8235,2022-03-26
U8236,User_8236,2022-05-23
U8237,User_8237,2022-11-13
U8238,User_8238,2022-05-13
U8239,User_8239,2022-05-21
U8240,User_8240,2022-05-27
U8241,User_8241,2022-03-12
U8242,User_8242,2022-10-11
U8243,User_8243,2022-01-02
U8244,User_8244,2022-05-02
U8245,User_8245,2022-11-25
U8246,User_8246,2022-05-15
U8247,User_8247,2022-02-10
U8248,User_8248,2022-09-18
U8249,User_8249,2022-01-29
U8250,User_8250,2022-12-21
U8251,User_8251,2022-04-12
U8252,User_8252,2022-06-22
U8253,User_8253,2022-05-19
U8254,User_8254,2022-07-24
U8255,User_8255,2022-05-07
U8256,User_8256,2022-12-25
U8257,User_8257,2022-08-08
U8258,User_8258,2022-01-16
U8259,User_8259,2022-09-22
U8260,User_8260,2022-11-10
U8261,User_8261,2022-09-26
U8262,User_8262,2022-05-02
U8263,User_8263,2022-02-20
U8264,User_8264,2022-06-30
U8265,User_8265,2022-08-26
U8266,User_8266,2022-11-27
U8267,User_8267,2022-10-24
U8268,User_8268,2022-10-21
U8269,User_8269,2022-01-27
U8270,User_8270,2022-11-17
U8271,User_8271,2022-10-23
U8272,User_8272,2022-04-23
U8273,User_8273,2022-06-05
U8274,User_8274,2022-05-26
U8275,User_8275,2022-06-29
U8276,User_8276,2022-09-17
U8277,User_8277,2022-02-15
U8278,User_8278,2022-11-01
U8279,User_8279,2022-01-10
U8280,User_8280,2022-03-08
U8281,User_8281,2022-03-31
U8282,User_8282,2022-03-09
U8283,User_8283,2022-09-06
U8284,User_8284,2022-07-15
U8285,User_8285,2022-01-12
U8286,User_8286,2022-12-07
U8287,User_8287,2022-12-21
U8288,User_8288,2022-12-15
U8289,User_8289,2022-11-02
U8290,User_8290,2022-02-25
U8291,User_8291,2022-05-23
U8292,User_8292,2022-04-26
U8293,User_8293,2022-11-11
U8294,User_8294,2022-12-05
U8295,User_8295,2022-03-18
U8296,User_8296,2022-04-03
U8297,User_8297,2022-01-23
U8298,User_8298,2022-05-25
U8299,User_8299,2022-07-05
U8300,User_8300,2022-11-14
U8301,User_8301,2022-10-06
U8302,User_8302,2022-06-11
U8303,User_8303,2022-07-04
U8304,User_8304,2022-04-05
U8305,User_8305,2022-06-06
U8306,User_8306,2022-11-10
U8307,User_8307,2022-05-07
U8308,User_8308,2022-03-08
U8309,User_8309,2022-07-23
U8310,User_8310,2022-03-02
U8311,User_8311,2022-07-31
U8312,User_8312,2022-01-13
U8313,User_8313,2022-03-05
U8314,User_8314,2022-06-12
U8315,User_8315,2022-07-13
U8316,User_8316,2022-07-14
U8317,User_8317,2022-05-10
U8318,User_8318,2022-03-02
U8319,User_8319,2022-08-31
U8320,User_8320,2022-05-01
U8321,User_8321,2022-03-15
U8322,User_8322,2022-04-09
U8323,User_8323,2022-09-11
U8324,User_8324,2022-03-11
U8325,User_8325,2022-08-08
U8326,User_8326,2022-08-13
U8327,User_8327,2022-04-15
U8328,User_8328,2022-08-19
U8329,User_8329,2022-07-31
U8330,User_8330,2022-05-21
U8331,User_8331,2022-05-27
U8332,User_8332,2022-03-18
U8333,User_8333,2022-10-22
U8334,User_8334,2022-07-13
U8335,User_8335,2022-04-06
U8336,User_8336,2022-01-14
U8337,User_8337,2022-11-13
U8338,User_8338,2022-11-11
U8339,User_8339,2022-07-24
U8340,User_8340,2022-01-20
U8341,User_8341,2022-02-19
U8342,User_8342,2022-07-31
U8343,User_8343,2022-12-09
U8344,User_8344,2022-11-03
U8345,User_8345,2022-04-30
U8346,User_8346,2022-02-20
U8347,User_8347,2022-05-17
U8348,User_8348,2022-07-19
U8349,User_8349,2022-11-07
U8350,User_8350,2022-12-31
U8351,User_8351,2022-02-04
U8352,User_8352,2022-12-05
U8353,User_8353,2022-09-24
U8354,User_8354,2022-03-17
U8355,User_8355,2022-01-08
U8356,User_8356,2022-06-17
U8357,User_8357,2022-02-28
U8358,User_8358,2022-05-27
U8359,User_8359,2022-01-29
U8360,User_8360,2022-11-25
U8361,User_8361,2022-05-02
U8362,User_8362,2022-08-24
U8363,User_8363,2022-04-10
U8364,User_8364,2022-02-20
U8365,User_8365,2022-12-13
U8366,User_8366,2022-01-27
U8367,User_8367,2022-02-05
U8368,User_8368,2022-10-06
U8369,User_8369,2022-01-30
U8370,User_8370,2022-07-28
U8371,User_8371,2022-06-22
U8372,User_8372,2022-02-20
U8373,User_8373,2022-04-01
U8374,User_8374,2022-02-17
U8375,User_8375,2022-03-30
U8376,User_8376,2022-10-30
U8377,User_8377,2022-09-16
U8378,User_8378,2022-06-29
U8379,User_8379,2022-05-22
U8380,User_8380,2022-01-09
U8381,User_8381,2022-11-27
U8382,User_8382,2022-01-12
U8383,User_8383,2022-06-30
U8384,User_8384,2022-06-04
U8385,User_8385,2022-11-08
U8386,User_8386,2022-08-02
U8387,User_8387,2022-08-09
U8388,User_8388,2022-03-16
U8389,User_8389,2022-01-04
U8390,User_8390,2022-02-05
U8391,User_8391,2022-06-24
U8392,User_8392,2022-02-06
U8393,User_8393,2023-01-01
U8394,User_8394,2022-09-13
U8395,User_8395,2022-05-30
U8396,User_8396,2022-07-08
U8397,User_8397,2022-02-17
U8398,User_8398,2022-07-22
U8399,User_8399,2022-04-16
U8400,User_8400,2022-03-13
U8401,User_8401,2022-01-15
U8402,User_8402,2022-11-15
U8403,User_8403,2022-01-13
U8404,User_8404,2022-11-12
U8405,User_8405,2022-03-11
U8406,User_8406,2022-10-31
U8407,User_8407,2022-07-25
U8408,User_8408,2022-09-22
U8409,User_8409,2022-12-12
U8410,User_8410,2022-01-05
U8411,User_8411,2022-11-11
U8412,User_8412,2022-07-27
U8413,User_8413,2022-06-30
U8414,User_8414,2022-03-02
U8415,User_8415,2022-07-29
U8416,User_8416,2022-10-18
U8417,User_8417,2022-02-03
U8418,User_8418,2022-12-11
U8419,User_8419,2022-07-22
U8420,User_8420,2022-06-17
U8421,User_8421,2022-05-19
U8422,User_8422,2022-02-12
U8423,User_8423,2022-12-01
U8424,User_8424,2022-11-08
U8425,User_8425,2023-01-01
U8426,User_8426,2022-03-13
U8427,User_8427,2022-01-29
U8428,User_8428,2022-12-27
U8429,User_8429,2022-02-13
U8430,User_8430,2022-12-12
U8431,User_8431,2022-10-19
U8432,User_8432,2022-02-10
U8433,User_8433,2022-08-24
U8434,User_8434,2022-07-18
U8435,User_8435,2022-06-13
U8436,User_8436,2022-12-05
U8437,User_8437,2022-07-30
U8438,User_8438,2022-07-06
U8439,User_8439,2022-03-22
U8440,User_8440,2022-06-13
U8441,User_8441,2022-03-28
U8442,User_8442,2022-11-20
U8443,User_8443,2022-06-12
U8444,User_8444,2022-07-28
U8445,User_8445,2022-12-01
U8446,User_8446,2022-03-19
U8447,User_8447,2022-06-28
U8448,User_8448,2022-12-31
U8449,User_8449,2022-06-19
U8450,User_8450,2022-06-30
U8451,User_8451,2022-04-03
U8452,User_8452,2022-04-03
U8453,User_8453,2022-01-18
U8454,User_8454,2022-08-17
U8455,User_8455,2022-10-20
U8456,User_8456,2022-06-13
U8457,User_8457,2022-08-21
U8458,User_8458,2022-03-24
U8459,User_8459,2022-12-22
U8460,User_8460,2022-10-31
U8461,User_8461,2022-07-02
U8462,User_8462,2022-08-14
U8463,User_8463,2022-12-02
U8464,User_8464,2022-04-18
U8465,User_8465,2022-05-25
U8466,User_8466,2022-10-16
U8467,User_8467,2022-05-05
U8468,User_8468,2022-11-24
U8469,User_8469,2022-09-20
U8470,User_8470,2022-05-07
U8471,User_8471,2022-09-25
U8472,User_8472,2022-11-20
U8473,User_8473,2022-08-27
U8474,User_8474,2022-01-15
U8475,User_8475,2022-03-14
U8476,User_8476,2022-04-02
U8477,User_8477,2022-04-30
U8478,User_8478,2022-12-17
U8479,User_8479,2022-09-14
U8480,User_8480,2022-06-18
U8481,User_8481,2022-05-08
U8482,User_8482,2022-06-24
U8483,User_8483,2022-02-12
U8484,User_8484,2022-10-19
U8485,User_8485,2022-11-19
U8486,User_8486,2022-07-22
U8487,User_8487,2022-02-13
U8488,User_8488,2022-07-31
U8489,User_8489,2022-11-05
U8490,User_8490,2022-05-31
U8491,User_8491,2022-01-15
U8492,User_8492,2022-11-21
U8493,User_8493,2022-06-22
U8494,User_8494,2022-07-26
U8495,User_8495,2022-09-05
U8496,User_8496,2022-03-10
U8497,User_8497,2022-06-17
U8498,User_8498,2022-12-09
U8499,User_8499,2022-12-01
U8500,User_8500,2022-12-08
U8501,User_8501,2022-08-21
U8502,User_8502,2022-11-17
U8503,User_8503,2022-10-02
U8504,User_8504,2022-04-17
U8505,User_8505,2022-02-19
U8506,User_8506,2022-01-05
U8507,User_8507,2022-05-08
U8508,User_8508,2022-08-08
U8509,User_8509,2022-02-09
U8510,User_8510,2022-08-17
U8511,User_8511,2022-12-07
U8512,User_8512,2022-10-14
U8513,User_8513,2022-12-19
U8514,User_8514,2022-08-29
U8515,User_8515,2022-06-27
U8516,User_8516,2022-08-30
U8517,User_8517,2022-03-14
U8518,User_8518,2022-12-14
U8519,User_8519,2022-12-19
U8520,User_8520,2022-03-08
U8521,User_8521,2022-11-22
U8522,User_8522,2022-08-30
U8523,User_8523,2022-10-23
U8524,User_8524,2022-07-15
U8525,User_8525,2022-08-21
U8526,User_8526,2022-11-06
U8527,User_8527,2022-03-12
U8528,User_8528,2022-03-10
U8529,User_8529,2022-07-28
U8530,User_8530,2022-12-20
U8531,User_8531,2022-07-09
U8532,User_8532,2022-08-28
U8533,User_8533,2022-12-03
U8534,User_8534,2022-04-15
U8535,User_8535,2022-06-24
U8536,User_8536,2022-01-30
U8537,User_8537,2022-03-02
U8538,User_8538,2022-01-03
U8539,User_8539,2022-09-08
U8540,User_8540,2022-12-13
U8541,User_8541,2022-04-27
U8542,User_8542,2022-08-12
U8543,User_8543,2022-08-05
U8544,User_8544,2022-12-31
U8545,User_8545,2022-11-28
U8546,User_8546,2022-05-08
U8547,User_8547,2022-10-30
U8548,User_8548,2022-11-27
U8549,User_8549,2022-03-08
U8550,User_8550,2022-03-05
U8551,User_8551,2022-07-18
U8552,User_8552,2022-08-06
U8553,User_8553,2022-01-30
U8554,User_8554,2022-12-08
U8555,User_8555,2022-08-16
U8556,User_8556,2022-09-21
U8557,User_8557,2022-09-18
U8558,User_8558,2022-07-06
U8559,User_8559,2022-12-10
U8560,User_8560,2022-12-13
U8561,User_8561,2023-01-01
U8562,User_8562,2022-05-25
U8563,User_8563,2022-05-18
U8564,User_8564,2022-06-22
U8565,User_8565,2022-05-31
U8566,User_8566,2022-10-16
U8567,User_8567,2022-02-03
U8568,User_8568,2022-11-02
U8569,User_8569,2022-09-30
U8570,User_8570,2022-10-25
U8571,User_8571,2022-09-21
U8572,User_8572,2022-10-14
U8573,User_8573,2022-12-09
U8574,User_8574,2022-03-25
U8575,User_8575,2022-02-16
U8576,User_8576,2022-08-03
U8577,User_8577,2022-12-22
U8578,User_8578,2022-10-21
U8579,User_8579,2022-06-23
U8580,User_8580,2022-10-06
U8581,User_8581,2022-09-28
U8582,User_8582,2022-12-16
U8583,User_8583,2022-12-07
U8584,User_8584,2022-02-16
U8585,User_8585,2022-10-11
U8586,User_8586,2022-07-24
U8587,User_8587,2022-10-20
U8588,User_8588,2022-08-26
U8589,User_8589,2022-12-25
U8590,User_8590,2022-10-07
U8591,User_8591,2022-01-27
U8592,User_8592,2022-10-25
U8593,User_8593,2022-02-11
U8594,User_8594,2022-11-18
U8595,User_8595,2022-04-28
U8596,User_8596,2022-11-24
U8597,User_8597,2022-11-07
U8598,User_8598,2022-08-21
U8599,User_8599,2022-04-04
U8600,User_8600,2022-02-21
U8601,User_8601,2022-07-04
U8602,User_8602,2022-12-18
U8603,User_8603,2022-11-18
U8604,User_8604,2022-04-15
U8605,User_8605,2022-01-30
U8606,User_8606,2022-03-30
U8607,User_8607,2022-03-19
U8608,User_8608,2022-02-23
U8609,User_8609,2022-02-01
U8610,User_8610,2022-03-20
U8611,User_8611,2022-10-21
U8612,User_8612,2022-06-28
U8613,User_8613,2022-10-19
U8614,User_8614,2022-05-23
U8615,User_8615,2022-11-30
U8616,User_8616,2022-11-01
U8617,User_8617,2022-12-13
U8618,User_8618,2022-01-23
U8619,User_8619,2022-11-11
U8620,User_8620,2022-01-12
U8621,User_8621,2022-02-20
U8622,User_8622,2022-06-04
U8623,User_8623,2022-11-21
U8624,User_8624,2022-12-03
U8625,User_8625,2022-02-23
U8626,User_8626,2022-06-23
U8627,User_8627,2022-12-02
U8628,User_8628,2022-09-12
U8629,User_8629,2022-08-03
U8630,User_8630,2022-12-10
U8631,User_8631,2022-08-26
U8632,User_8632,2022-08-14
U8633,User_8633,2022-05-26
U8634,User_8634,2022-08-31
U8635,User_8635,2022-08-15
U8636,User_8636,2022-05-07
U8637,User_8637,2022-03-23
U8638,User_8638,2022-05-26
U8639,User_8639,2022-06-17
U8640,User_8640,2022-09-23
U8641,User_8641,2022-03-10
U8642,User_8642,2022-01-30
U8643,User_8643,2022-03-10
U8644,User_8644,2023-01-01
U8645,User_8645,2022-02-03
U8646,User_8646,2022-05-06
U8647,User_8647,2022-02-21
U8648,User_8648,2022-02-16
U8649,User_8649,2022-03-31
U8650,User_8650,2022-03-09
U8651,User_8651,2022-06-21
U8652,User_8652,2022-10-13
U8653,User_8653,2022-10-30
U8654,User_8654,2022-05-28
U8655,User_8655,2022-07-24
U8656,User_8656,2022-11-16
U8657,User_8657,2022-11-15
U8658,User_8658,2022-05-24
U8659,User_8659,2022-09-10
U8660,User_8660,2022-10-20
U8661,User_8661,2022-07-05
U8662,User_8662,2022-03-26
U8663,User_8663,2022-08-22
U8664,User_8664,2022-02-13
U8665,User_8665,2022-01-29
U8666,User_8666,2022-09-13
U8667,User_8667,2022-07-20
U8668,User_8668,2022-03-16
U8669,User_8669,2022-01-28
U8670,User_8670,2022-01-21
U8671,User_8671,2022-07-19
U8672,User_8672,2022-02-21
U8673,User_8673,2022-09-03
U8674,User_8674,2022-11-20
U8675,User_8675,2022-07-03
U8676,User_8676,2022-10-24
U8677,User_8677,2022-08-20
U8678,User_8678,2022-05-21
U8679,User_8679,2022-05-22
U8680,User_8680,2022-07-24
U8681,User_8681,2022-09-10
U8682,User_8682,2022-11-25
U8683,User_8683,2022-04-21
U8684,User_8684,2022-08-16
U8685,User_8685,2022-01-15
U8686,User_8686,2022-10-11
U8687,User_8687,2022-12-24
U8688,User_8688,2022-04-09
U8689,User_8689,2022-06-28
U8690,User_8690,2022-06-10
U8691,User_8691,2022-12-12
U8692,User_8692,2022-09-24
U8693,User_8693,2022-04-10
U8694,User_8694,2022-03-18
U8695,User_8695,2022-06-19
U8696,User_8696,2022-06-04
U8697,User_8697,2022-09-10
U8698,User_8698,2022-02-02
U8699,User_8699,2022-01-13
U8700,User_8700,2022-02-07
U8701,User_8701,2022-06-27
U8702,User_8702,2022-02-15
U8703,User_8703,2022-07-04
U8704,User_8704,2022-12-24
U8705,User_8705,2022-08-05
U8706,User_8706,2022-03-21
U8707,User_8707,2022-10-06
U8708,User_8708,2022-11-24
U8709,User_8709,2022-04-13
U8710,User_8710,2022-06-25
U8711,User_8711,2022-04-30
U8712,User_8712,2022-03-11
U8713,User_8713,2022-11-14
U8714,User_8714,2022-05-01
U8715,User_8715,2022-03-26
U8716,User_8716,2022-01-24
U8717,User_8717,2022-09-24
U8718,User_8718,2022-11-15
U8719,User_8719,2022-07-10
U8720,User_8720,2022-03-26
U8721,User_8721,2022-06-07
U8722,User_8722,2022-04-13
U8723,User_8723,2022-01-16
U8724,User_8724,2022-04-04
U8725,User_8725,2022-01-13
U8726,User_8726,2022-05-19
U8727,User_8727,2022-11-18
U8728,User_8728,2022-02-09
U8729,User_8729,2022-12-18
U8730,User_8730,2022-08-11
U8731,User_8731,2022-10-29
U8732,User_8732,2022-07-22
U8733,User_8733,2022-07-06
U8734,User_8734,2022-01-28
U8735,User_8735,2022-08-07
U8736,User_8736,2022-06-29
U8737,User_8737,2022-04-14
U8738,User_8738,2022-04-18
U8739,User_8739,2022-11-19
U8740,User_8740,2022-11-03
U8741,User_8741,2022-10-16
U8742,User_8742,2022-01-22
U8743,User_8743,2022-12-29
U8744,User_8744,2022-06-26
U8745,User_8745,2022-10-06
U8746,User_8746,2022-03-16
U8747,User_8747,2022-07-11
U8748,User_8748,2022-12-18
U8749,User_8749,2022-01-29
U8750,User_8750,2022-10-28
U8751,User_8751,2022-12-07
U8752,User_8752,2022-10-30
U8753,User_8753,2022-11-21
U8754,User_8754,2022-10-12
U8755,User_8755,2022-06-07
U8756,User_8756,2022-12-21
U8757,User_8757,2022-09-17
U8758,User_8758,2022-04-19
U8759,User_8759,2022-11-21
U8760,User_8760,2022-03-24
U8761,User_8761,2022-08-31
U8762,User_8762,2022-10-10
U8763,User_8763,2022-07-16
U8764,User_8764,2022-04-18
U8765,User_8765,2022-06-07
U8766,User_8766,2022-11-26
U8767,User_8767,2022-10-25
U8768,User_8768,2022-06-02
U8769,User_8769,2022-10-06
U8770,User_8770,2022-07-16
U8771,User_8771,2022-12-20
U8772,User_8772,2022-08-25
U8773,User_8773,2022-06-06
U8774,User_8774,2022-07-24
U8775,User_8775,2022-01-17
U8776,User_8776,2022-08-04
U8777,User_8777,2022-10-28
U8778,User_8778,2022-09-03
U8779,User_8779,2022-08-10
U8780,User_8780,2022-12-20
U8781,User_8781,2022-06-19
U8782,User_8782,2022-03-23
U8783,User_8783,2022-07-16
U8784,User_8784,2022-07-20
U8785,User_8785,2022-03-19
U8786,User_8786,2022-12-05
U8787,User_8787,2022-09-12
U8788,User_8788,2022-12-09
U8789,User_8789,2022-08-12
U8790,User_8790,2022-01-08
U8791,User_8791,2022-01-20
U8792,User_8792,2022-10-09
U8793,User_8793,2022-02-03
U8794,User_8794,2022-01-14
U8795,User_8795,2022-05-07
U8796,User_8796,2022-05-05
U8797,User_8797,2022-11-22
U8798,User_8798,2022-07-08
U8799,User_8799,2022-12-18
U8800,User_8800,2022-07-14
U8801,User_8801,2022-05-07
U8802,User_8802,2022-06-17
U8803,User_8803,2022-07-09
U8804,User_8804,2022-02-25
U8805,User_8805,2022-06-27
U8806,User_8806,2022-11-01
U8807,User_8807,2022-02-19
U8808,User_8808,2022-03-06
U8809,User_8809,2022-04-16
U8810,User_8810,2022-07-04
U8811,User_8811,2022-12-08
U8812,User_8812,2022-11-28
U8813,User_8813,2022-04-02
U8814,User_8814,2022-01-23
U8815,User_8815,2022-03-09
U8816,User_8816,2022-12-05
U8817,User_8817,2022-09-16
U8818,User_8818,2022-07-07
U8819,User_8819,2022-09-27
U8820,User_8820,2022-06-25
U8821,User_8821,2022-06-08
U8822,User_8822,2022-11-03
U8823,User_8823,2022-09-20
U8824,User_8824,2022-04-17
U8825,User_8825,2022-09-08
U8826,User_8826,2022-06-29
U8827,User_8827,2022-12-22
U8828,User_8828,2022-10-11
U8829,User_8829,2022-06-05
U8830,User_8830,2022-10-01
U8831,User_8831,2022-03-14
U8832,User_8832,2022-10-05
U8833,User_8833,2022-02-04
U8834,User_8834,2022-11-11
U8835,User_8835,2022-06-15
U8836,User_8836,2022-12-14
U8837,User_8837,2022-03-24
U8838,User_8838,2022-07-07
U8839,User_8839,2022-04-09
U8840,User_8840,2022-01-26
U8841,User_8841,2022-08-17
U8842,User_8842,2022-08-05
U8843,User_8843,2022-11-19
U8844,User_8844,2022-02-07
U8845,User_8845,2022-07-08
U8846,User_8846,2022-05-08
U8847,User_8847,2022-07-20
U8848,User_8848,2022-08-17
U8849,User_8849,2022-06-11
U8850,User_8850,2022-12-05
U8851,User_8851,2022-05-28
U8852,User_8852,2022-01-30
U8853,User_8853,2022-08-04
U8854,User_8854,2022-10-14
U8855,User_8855,2022-05-14
U8856,User_8856,2022-03-08
U8857,User_8857,2022-04-11
U8858,User_8858,2022-07-25
U8859,User_8859,2022-10-16
U8860,User_8860,2022-10-06
U8861,User_8861,2022-11-30
U8862,User_8862,2022-04-28
U8863,User_8863,2022-08-20
U8864,User_8864,2022-05-18
U8865,User_8865,2022-08-19
U8866,User_8866,2022-12-17
U8867,User_8867,2022-10-28
U8868,User_8868,2022-04-24
U8869,User_8869,2022-05-09
U8870,User_8870,2022-01-21
U8871,User_8871,2022-03-07
U8872,User_8872,2022-11-23
U8873,User_8873,2022-09-01
U8874,User_8874,2022-02-06
U8875,User_8875,2022-05-22
U8876,User_8876,2022-01-12
U8877,User_8877,2022-12-24
U8878,User_8878,2022-04-14
U8879,User_8879,2022-03-07
U8880,User_8880,2022-08-04
U8881,User_8881,2022-08-28
U8882,User_8882,2022-04-25
U8883,User_8883,2022-12-08
U8884,User_8884,2022-08-29
U8885,User_8885,2022-10-11
U8886,User_8886,2022-01-04
U8887,User_8887,2022-07-04
U8888,User_8888,2022-01-20
U8889,User_8889,2022-05-13
U8890,User_8890,2022-11-25
U8891,User_8891,2022-11-27
U8892,User_8892,2022-02-09
U8893,User_8893,2022-10-09
U8894,User_8894,2022-10-03
U8895,User_8895,2022-04-01
U8896,User_8896,2022-06-13
U8897,User_8897,2022-08-01
U8898,User_8898,2022-09-30
U8899,User_8899,2022-04-11
U8900,User_8900,2022-05-27
U8901,User_8901,2022-06-24
U8902,User_8902,2022-12-27
U8903,User_8903,2022-05-04
U8904,User_8904,2022-05-16
U8905,User_8905,2022-07-23
U8906,User_8906,2022-09-04
U8907,User_8907,2022-06-26
U8908,User_8908,2022-01-25
U8909,User_8909,2022-02-24
U8910,User_8910,2022-03-17
U8911,User_8911,2022-04-05
U8912,User_8912,2022-03-11
U8913,User_8913,2022-12-27
U8914,User_8914,2022-09-02
U8915,User_8915,2022-03-18
U8916,User_8916,2022-02-16
U8917,User_8917,2022-01-04
U8918,User_8918,2022-03-06
U8919,User_8919,2022-07-17
U8920,User_8920,2022-09-27
U8921,User_8921,2022-10-04
U8922,User_8922,2022-09-29
U8923,User_8923,2022-11-25
U8924,User_8924,2022-01-27
U8925,User_8925,2022-07-07
U8926,User_8926,2022-10-02
U8927,User_8927,2022-12-15
U8928,User_8928,2022-08-09
U8929,User_8929,2022-08-27
U8930,User_8930,2022-03-16
U8931,User_8931,2022-09-27
U8932,User_8932,2022-09-18
U8933,User_8933,2022-02-10
U8934,User_8934,2022-03-04
U8935,User_8935,2022-11-09
U8936,User_8936,2022-12-01
U8937,User_8937,2022-04-23
U8938,User_8938,2022-05-08
U8939,User_8939,2022-04-25
U8940,User_8940,2022-02-18
U8941,User_8941,2022-03-22
U8942,User_8942,2022-09-26
U8943,User_8943,2022-10-25
U8944,User_8944,2022-06-17
U8945,User_8945,2022-06-19
U8946,User_8946,2022-01-28
U8947,User_8947,2022-01-21
U8948,User_8948,2022-06-14
U8949,User_8949,2022-10-20
U8950,User_8950,2022-05-19
U8951,User_8951,2022-05-15
U8952,User_8952,2022-10-05
U8953,User_8953,2022-02-20
U8954,User_8954,2022-03-23
U8955,User_8955,2022-10-22
U8956,User_8956,2022-05-04
U8957,User_8957,2022-01-15
U8958,User_8958,2022-01-02
U8959,User_8959,2022-07-23
U8960,User_8960,2022-11-22
U8961,User_8961,2022-11-28
U8962,User_8962,2022-08-24
U8963,User_8963,2022-02-01
U8964,User_8964,2022-09-16
U8965,User_8965,2022-09-18
U8966,User_8966,2022-06-11
U8967,User_8967,2022-08-01
U8968,User_8968,2022-01-02
U8969,User_8969,2022-03-25
U8970,User_8970,2022-01-16
U8971,User_8971,2022-04-21
U8972,User_8972,2022-08-18
U8973,User_8973,2022-04-04
U8974,User_8974,2022-11-17
U8975,User_8975,2022-04-23
U8976,User_8976,2022-03-19
U8977,User_8977,2022-08-31
U8978,User_8978,2022-04-30
U8979,User_8979,2022-10-26
U8980,User_8980,2022-05-01
U8981,User_8981,2022-08-09
U8982,User_8982,2022-09-23
U8983,User_8983,2022-07-17
U8984,User_8984,2022-06-03
U8985,User_8985,2022-02-24
U8986,User_8986,2022-06-01
U8987,User_8987,2022-07-31
U8988,User_8988,2022-12-22
U8989,User_8989,2022-01-04
U8990,User_8990,2022-03-12
U8991,User_8991,2022-02-15
U8992,User_8992,2022-05-07
U8993,User_8993,2022-06-20
U8994,User_8994,2022-10-30
U8995,User_8995,2022-05-01
U8996,User_8996,2022-02-23
U8997,User_8997,2022-04-13
U8998,User_8998,2022-09-01
U8999,User_8999,2022-06-24
U9000,User_9000,2022-09-22
U9001,User_9001,2022-08-12
U9002,User_9002,2022-11-11
U9003,User_9003,2022-02-17
U9004,User_9004,2022-08-07
U9005,User_9005,2022-10-17
U9006,User_9006,2022-01-26
U9007,User_9007,2022-08-22
U9008,User_9008,2022-07-12
U9009,User_9009,2022-03-17
U9010,User_9010,2022-04-21
U9011,User_9011,2022-08-31
U9012,User_9012,2022-11-11
U9013,User_9013,2022-03-08
U9014,User_9014,2022-12-10
U9015,User_9015,2022-02-11
U9016,User_9016,2022-06-29
U9017,User_9017,2022-01-04
U9018,User_9018,2022-07-26
U9019,User_9019,2022-02-17
U9020,User_9020,2022-01-18
U9021,User_9021,2022-02-02
U9022,User_9022,2022-08-31
U9023,User_9023,2022-02-02
U9024,User_9024,2022-06-22
U9025,User_9025,2022-01-19
U9026,User_9026,2022-12-22
U9027,User_9027,2022-09-07
U9028,User_9028,2022-03-01
U9029,User_9029,2022-04-05
U9030,User_9030,2022-07-04
U9031,User_9031,2022-02-23
U9032,User_9032,2022-01-08
U9033,User_9033,2022-02-06
U9034,User_9034,2022-06-30
U9035,User_9035,2022-03-16
U9036,User_9036,2022-06-02
U9037,User_9037,2022-09-28
U9038,User_9038,2022-07-28
U9039,User_9039,2022-08-01
U9040,User_9040,2022-10-30
U9041,User_9041,2022-04-13
U9042,User_9042,2022-05-23
U9043,User_9043,2022-06-08
U9044,User_9044,2022-11-09
U9045,User_9045,2022-10-05
U9046,User_9046,2022-12-19
U9047,User_9047,2022-03-09
U9048,User_9048,2022-12-14
U9049,User_9049,2022-02-12
U9050,User_9050,2022-04-08
U9051,User_9051,2022-11-03
U9052,User_9052,2022-06-08
U9053,User_9053,2022-09-20
U9054,User_9054,2022-02-08
U9055,User_9055,2022-03-08
U9056,User_9056,2022-07-04
U9057,User_9057,2022-09-19
U9058,User_9058,2022-01-28
U9059,User_9059,2022-06-16
U9060,User_9060,2022-04-02
U9061,User_9061,2022-05-22
U9062,User_9062,2022-12-17
U9063,User_9063,2022-07-18
U9064,User_9064,2022-07-04
U9065,User_9065,2022-02-04
U9066,User_9066,2022-05-15
U9067,User_9067,2022-07-21
U9068,User_9068,2022-11-22
U9069,User_9069,2022-01-05
U9070,User_9070,2022-06-24
U9071,User_9071,2022-07-17
U9072,User_9072,2022-08-23
U9073,User_9073,2022-01-27
U9074,User_9074,2022-08-05
U9075,User_9075,2022-06-03
U9076,User_9076,2022-06-12
U9077,User_9077,2022-11-01
U9078,User_9078,2022-05-25
U9079,User_9079,2022-08-14
U9080,User_9080,2022-03-11
U9081,User_9081,2022-06-05
U9082,User_9082,2022-01-24
U9083,User_9083,2022-07-25
U9084,User_9084,2022-10-01
U9085,User_9085,2022-01-02
U9086,User_9086,2022-01-26
U9087,User_9087,2022-06-09
U9088,User_9088,2022-09-27
U9089,User_9089,2022-03-29
U9090,User_9090,2022-03-19
U9091,User_9091,2022-02-19
U9092,User_9092,2022-12-23
U9093,User_9093,2022-09-20
U9094,User_9094,2022-09-19
U9095,User_9095,2022-09-07
U9096,User_9096,2022-01-03
U9097,User_9097,2022-11-12
U9098,User_9098,2022-02-20
U9099,User_9099,2022-02-02
U9100,User_9100,2022-04-27
U9101,User_9101,2022-11-01
U9102,User_9102,2022-04-14
U9103,User_9103,2022-03-25
U9104,User_9104,2022-05-26
U9105,User_9105,2022-01-16
U9106,User_9106,2022-09-13
U9107,User_9107,2022-06-14
U9108,User_9108,2022-09-23
U9109,User_9109,2022-07-28
U9110,User_9110,2022-04-13
U9111,User_9111,2022-12-26
U9112,User_9112,2022-12-09
U9113,User_9113,2022-07-05
U9114,User_9114,2022-09-27
U9115,User_9115,2022-12-02
U9116,User_9116,2022-06-15
U9117,User_9117,2022-05-31
U9118,User_9118,2022-08-04
U9119,User_9119,2022-02-26
U9120,User_9120,2022-12-31
U9121,User_9121,2022-02-24
U9122,User_9122,2022-03-28
U9123,User_9123,2022-08-02
U9124,User_9124,2022-08-16
U9125,User_9125,2022-02-10
U9126,User_9126,2022-03-29
U9127,User_9127,2022-10-25
U9128,User_9128,2022-10-13
U9129,User_9129,2022-11-09
U9130,User_9130,2022-10-05
U9131,User_9131,2022-12-15
U9132,User_9132,2022-04-25
U9133,User_9133,2022-10-18
U9134,User_9134,2022-05-04
U9135,User_9135,2022-09-02
U9136,User_9136,2022-11-25
U9137,User_9137,2022-04-07
U9138,User_9138,2022-03-13
U9139,User_9139,2022-10-01
U9140,User_9140,2022-02-22
U9141,User_9141,2022-12-31
U9142,User_9142,2022-09-16
U9143,User_9143,2022-02-07
U9144,User_9144,2022-07-20
U9145,User_9145,2022-08-08
U9146,User_9146,2022-08-19
U9147,User_9147,2022-01-28
U9148,User_9148,2022-12-05
U9149,User_9149,2022-03-03
U9150,User_9150,2022-07-28
U9151,User_9151,2022-03-12
U9152,User_9152,2022-10-17
U9153,User_9153,2022-10-14
U9154,User_9154,2022-11-28
U9155,User_9155,2022-07-07
U9156,User_9156,2022-01-27
U9157,User_9157,2022-06-16
U9158,User_9158,2022-08-29
U9159,User_9159,2022-06-15
U9160,User_9160,2022-07-14
U9161,User_9161,2022-02-28
U9162,User_9162,2022-06-12
U9163,User_9163,2022-11-03
U9164,User_9164,2022-03-17
U9165,User_9165,2022-08-07
U9166,User_9166,2022-06-23
U9167,User_9167,2022-02-11
U9168,User_9168,2022-08-27
U9169,User_9169,2022-05-23
U9170,User_9170,2022-02-19
U9171,User_9171,2022-07-03
U9172,User_9172,2022-03-13
U9173,User_9173,2022-07-26
U9174,User_9174,2022-05-20
U9175,User_9175,2022-12-21
U9176,User_9176,2022-10-25
U9177,User_9177,2022-05-15
U9178,User_9178,2022-05-01
U9179,User_9179,2023-01-01
U9180,User_9180,2022-12-24
U9181,User_9181,2022-11-11
U9182,User_9182,2022-07-01
U9183,User_9183,2022-08-18
U9184,User_9184,2022-07-09
U9185,User_9185,2022-08-03
U9186,User_9186,2022-03-25
U9187,User_9187,2022-08-07
U9188,User_9188,2022-03-03
U9189,User_9189,2022-10-26
U9190,User_9190,2022-07-12
U9191,User_9191,2022-04-27
U9192,User_9192,2022-07-07
U9193,User_9193,2022-04-04
U9194,User_9194,2022-12-19
U9195,User_9195,2022-03-10
U9196,User_9196,2022-09-03
U9197,User_9197,2022-09-05
U9198,User_9198,2022-05-26
U9199,User_9199,2022-06-18
U9200,User_9200,2022-01-20
U9201,User_9201,2022-09-19
U9202,User_9202,2022-07-18
U9203,User_9203,2022-07-02
U9204,User_9204,2022-12-21
U9205,User_9205,2022-05-27
U9206,User_9206,2022-05-13
U9207,User_9207,2022-07-02
U9208,User_9208,2022-12-14
U9209,User_9209,2022-08-11
U9210,User_9210,2022-03-10
U9211,User_9211,2022-02-24
U9212,User_9212,2022-09-23
U9213,User_9213,2022-11-08
U9214,User_9214,2022-02-04
U9215,User_9215,2022-12-25
U9216,User_9216,2022-07-20
U9217,User_9217,2022-04-01
U9218,User_9218,2022-07-14
U9219,User_9219,2022-09-02
U9220,User_9220,2022-04-25
U9221,User_9221,2022-02-11
U9222,User_9222,2022-07-21
U9223,User_9223,2022-06-06
U9224,User_9224,2022-09-23
U9225,User_9225,2022-01-23
U9226,User_9226,2022-07-30
U9227,User_9227,2022-10-12
U9228,User_9228,2022-11-03
U9229,User_9229,2022-09-20
U9230,User_9230,2022-12-05
U9231,User_9231,2022-11-17
U9232,User_9232,2022-04-13
U9233,User_9233,2022-03-14
U9234,User_9234,2022-10-05
U9235,User_9235,2022-11-06
U9236,User_9236,2022-06-12
U9237,User_9237,2022-08-25
U9238,User_9238,2022-07-23
U9239,User_9239,2022-03-08
U9240,User_9240,2022-05-28
U9241,User_9241,2022-01-04
U9242,User_9242,2022-06-20
U9243,User_9243,2022-02-11
U9244,User_9244,2022-05-16
U9245,User_9245,2022-02-02
U9246,User_9246,2022-08-01
U9247,User_9247,2022-04-04
U9248,User_9248,2022-11-16
U9249,User_9249,2022-12-21
U9250,User_9250,2022-06-06
U9251,User_9251,2022-08-17
U9252,User_9252,2022-10-07
U9253,User_9253,2022-01-03
U9254,User_9254,2022-05-14
U9255,User_9255,2022-03-27
U9256,User_9256,2022-06-15
U9257,User_9257,2022-07-01
U9258,User_9258,2022-11-20
U9259,User_9259,2022-08-26
U9260,User_9260,2022-11-13
U9261,User_9261,2022-05-27
U9262,User_9262,2022-11-27
U9263,User_9263,2022-11-14
U9264,User_9264,2022-02-10
U9265,User_9265,2022-07-13
U9266,User_9266,2022-04-19
U9267,User_9267,2022-08-31
U9268,User_9268,2022-03-08
U9269,User_9269,2022-10-20
U9270,User_9270,2022-11-16
U9271,User_9271,2022-04-12
U9272,User_9272,2022-09-11
U9273,User_9273,2022-08-15
U9274,User_9274,2022-04-11
U9275,User_9275,2022-01-27
U9276,User_9276,2022-10-08
U9277,User_9277,2022-04-09
U9278,User_9278,2022-08-02
U9279,User_9279,2022-05-16
U9280,User_9280,2022-12-03
U9281,User_9281,2022-10-12
U9282,User_9282,2022-06-14
U9283,User_9283,2022-03-10
U9284,User_9284,2022-02-21
U9285,User_9285,2022-01-03
U9286,User_9286,2022-07-24
U9287,User_9287,2022-07-24
U9288,User_9288,2022-05-26
U9289,User_9289,2022-11-23
U9290,User_9290,2022-08-01
U9291,User_9291,2022-04-02
U9292,User_9292,2022-01-10
U9293,User_9293,2022-08-07
U9294,User_9294,2022-07-11
U9295,User_9295,2022-11-06
U9296,User_9296,2022-09-05
U9297,User_9297,2022-10-05
U9298,User_9298,2022-11-07
U9299,User_9299,2022-04-17
U9300,User_9300,2022-10-11
U9301,User_9301,2022-04-08
U9302,User_9302,2022-04-03
U9303,User_9303,2022-03-24
U9304,User_9304,2022-02-19
U9305,User_9305,2022-09-07
U9306,User_9306,2022-07-04
U9307,User_9307,2022-12-28
U9308,User_9308,2022-08-31
U9309,User_9309,2022-12-27
U9310,User_9310,2022-03-14
U9311,User_9311,2022-05-10
U9312,User_9312,2022-01-29
U9313,User_9313,2022-08-06
U9314,User_9314,2022-10-13
U9315,User_9315,2022-09-12
U9316,User_9316,2022-03-07
U9317,User_9317,2022-01-06
U9318,User_9318,2022-08-29
U9319,User_9319,2022-05-08
U9320,User_9320,2022-03-26
U9321,User_9321,2022-10-07
U9322,User_9322,2022-12-10
U9323,User_9323,2022-05-03
U9324,User_9324,2022-10-27
U9325,User_9325,2022-01-12
U9326,User_9326,2022-09-28
U9327,User_9327,2022-10-12
U9328,User_9328,2022-08-25
U9329,User_9329,2022-01-15
U9330,User_9330,2022-07-06
U9331,User_9331,2022-03-07
U9332,User_9332,2022-08-11
U9333,User_9333,2022-08-05
U9334,User_9334,2022-09-08
U9335,User_9335,2022-07-09
U9336,User_9336,2022-06-26
U9337,User_9337,2022-01-18
U9338,User_9338,2022-03-04
U9339,User_9339,2022-11-25
U9340,User_9340,2022-12-02
U9341,User_9341,2022-08-18
U9342,User_9342,2022-07-20
U9343,User_9343,2022-08-25
U9344,User_9344,2022-11-13
U9345,User_9345,2022-02-09
U9346,User_9346,2022-04-10
U9347,User_9347,2022-02-12
U9348,User_9348,2022-05-23
U9349,User_9349,2022-08-05
U9350,User_9350,2022-01-28
U9351,User_9351,2022-09-27
U9352,User_9352,2022-07-22
U9353,User_9353,2022-06-12
U9354,User_9354,2022-06-13
U9355,User_9355,2022-06-12
U9356,User_9356,2022-06-05
U9357,User_9357,2022-02-09
U9358,User_9358,2022-01-30
U9359,User_9359,2022-09-29
U9360,User_9360,2022-11-08
U9361,User_9361,2022-11-10
U9362,User_9362,2022-06-11
U9363,User_9363,2022-03-27
U9364,User_9364,2022-03-05
U9365,User_9365,2022-08-03
U9366,User_9366,2022-02-04
U9367,User_9367,2022-07-11
U9368,User_9368,2022-03-22
U9369,User_9369,2022-12-24
U9370,User_9370,2022-09-12
U9371,User_9371,2022-10-11
U9372,User_9372,2022-12-06
U9373,User_9373,2022-12-08
U9374,User_9374,2022-07-09
U9375,User_9375,2022-05-03
U9376,User_9376,2022-07-24
U9377,User_9377,2022-03-27
U9378,User_9378,2022-05-13
U9379,User_9379,2022-07-05
U9380,User_9380,2022-11-14
U9381,User_9381,2022-01-12
U9382,User_9382,2022-12-11
U9383,User_9383,2022-04-22
U9384,User_9384,2022-01-10
U9385,User_9385,2022-02-02
U9386,User_9386,2022-09-25
U9387,User_9387,2022-03-07
U9388,User_9388,2022-04-02
U9389,User_9389,2022-06-01
U9390,User_9390,2022-11-07
U9391,User_9391,2022-09-26
U9392,User_9392,2022-12-27
U9393,User_9393,2022-11-03
U9394,User_9394,2022-10-21
U9395,User_9395,2022-11-20
U9396,User_9396,2022-01-25
U9397,User_9397,2022-11-10
U9398,User_9398,2022-04-12
U9399,User_9399,2022-11-03
U9400,User_9400,2022-06-17
U9401,User_9401,2022-04-13
U9402,User_9402,2022-11-18
U9403,User_9403,2022-05-18
U9404,User_9404,2022-11-23
U9405,User_9405,2022-03-15
U9406,User_9406,2022-09-11
U9407,User_9407,2022-10-15
U9408,User_9408,2022-05-11
U9409,User_9409,2022-12-03
U9410,User_9410,2022-11-13
U9411,User_9411,2022-08-04
U9412,User_9412,2022-05-09
U9413,User_9413,2022-12-28
U9414,User_9414,2022-12-07
U9415,User_9415,2022-04-10
U9416,User_9416,2022-12-13
U9417,User_9417,2022-11-02
U9418,User_9418,2022-09-24
U9419,User_9419,2022-05-11
U9420,User_9420,2022-11-17
U9421,User_9421,2022-08-13
U9422,User_9422,2022-04-02
U9423,User_9423,2022-07-29
U9424,User_9424,2022-05-31
U9425,User_9425,2022-08-27
U9426,User_9426,2022-03-16
U9427,User_9427,2022-09-22
U9428,User_9428,2022-04-12
U9429,User_9429,2022-07-26
U9430,User_9430,2022-10-16
U9431,User_9431,2022-11-08
U9432,User_9432,2022-05-12
U9433,User_9433,2022-10-17
U9434,User_9434,2022-05-01
U9435,User_9435,2022-12-31
U9436,User_9436,2022-07-08
U9437,User_9437,2022-12-25
U9438,User_9438,2022-02-13
U9439,User_9439,2022-01-09
U9440,User_9440,2022-02-14
U9441,User_9441,2022-05-01
U9442,User_9442,2022-05-05
U9443,User_9443,2022-05-05
U9444,User_9444,2022-08-16
U9445,User_9445,2022-06-22
U9446,User_9446,2022-06-07
U9447,User_9447,2022-05-24
U9448,User_9448,2022-02-20
U9449,User_9449,2022-05-14
U9450,User_9450,2022-07-13
U9451,User_9451,2022-01-21
U9452,User_9452,2022-03-27
U9453,User_9453,2022-12-28
U9454,User_9454,2022-10-31
U9455,User_9455,2022-05-28
U9456,User_9456,2022-06-07
U9457,User_9457,2022-04-02
U9458,User_9458,2022-04-27
U9459,User_9459,2022-08-02
U9460,User_9460,2022-07-31
U9461,User_9461,2022-08-18
U9462,User_9462,2022-10-26
U9463,User_9463,2022-09-09
U9464,User_9464,2022-12-08
U9465,User_9465,2022-04-30
U9466,User_9466,2022-02-02
U9467,User_9467,2022-10-11
U9468,User_9468,2022-11-26
U9469,User_9469,2022-04-07
U9470,User_9470,2022-10-23
U9471,User_9471,2022-10-21
U9472,User_9472,2022-06-26
U9473,User_9473,2022-12-23
U9474,User_9474,2022-02-01
U9475,User_9475,2022-10-07
U9476,User_9476,2022-07-09
U9477,User_9477,2022-04-05
U9478,User_9478,2022-10-18
U9479,User_9479,2022-03-09
U9480,User_9480,2022-11-29
U9481,User_9481,2022-06-18
U9482,User_9482,2022-12-06
U9483,User_9483,2022-12-13
U9484,User_9484,2022-10-24
U9485,User_9485,2022-04-24
U9486,User_9486,2022-04-19
U9487,User_9487,2022-04-01
U9488,User_9488,2022-01-31
U9489,User_9489,2022-01-05
U9490,User_9490,2022-08-30
U9491,User_9491,2022-04-14
U9492,User_9492,2022-06-02
U9493,User_9493,2022-06-17
U9494,User_9494,2022-01-24
U9495,User_9495,2022-12-27
U9496,User_9496,2022-01-25
U9497,User_9497,2022-11-29
U9498,User_9498,2022-08-15
U9499,User_9499,2022-05-03
U9500,User_9500,2022-03-30
U9501,User_9501,2022-12-15
U9502,User_9502,2022-08-04
U9503,User_9503,2022-06-20
U9504,User_9504,2022-05-24
U9505,User_9505,2022-04-19
U9506,User_9506,2022-03-09
U9507,User_9507,2022-07-10
U9508,User_9508,2022-02-01
U9509,User_9509,2022-09-10
U9510,User_9510,2022-10-09
U9511,User_9511,2022-10-26
U9512,User_9512,2022-07-26
U9513,User_9513,2022-07-16
U9514,User_9514,2022-02-13
U9515,User_9515,2022-10-09
U9516,User_9516,2022-01-15
U9517,User_9517,2022-04-14
U9518,User_9518,2022-08-18
U9519,User_9519,2022-07-25
U9520,User_9520,2022-05-12
U9521,User_9521,2022-11-10
U9522,User_9522,2022-03-16
U9523,User_9523,2022-02-04
U9524,User_9524,2022-01-03
U9525,User_9525,2022-07-02
U9526,User_9526,2022-11-22
U9527,User_9527,2022-01-29
U9528,User_9528,2022-09-06
U9529,User_9529,2022-02-14
U9530,User_9530,2022-08-27
U9531,User_9531,2022-12-28
U9532,User_9532,2022-12-22
U9533,User_9533,2022-07-10
U9534,User_9534,2022-06-24
U9535,User_9535,2022-12-02
U9536,User_9536,2022-10-18
U9537,User_9537,2022-03-23
U9538,User_9538,2022-10-03
U9539,User_9539,2022-01-14
U9540,User_9540,2022-07-07
U9541,User_9541,2022-07-26
U9542,User_9542,2022-12-04
U9543,User_9543,2022-03-19
U9544,User_9544,2022-01-17
U9545,User_9545,2022-03-18
U9546,User_9546,2022-12-25
U9547,User_9547,2022-07-12
U9548,User_9548,2022-04-30
U9549,User_9549,2022-09-01
U9550,User_9550,2022-12-19
U9551,User_9551,2022-09-20
U9552,User_9552,2022-10-10
U9553,User_9553,2022-09-10
U9554,User_9554,2022-10-12
U9555,User_9555,2022-12-12
U9556,User_9556,2022-06-26
U9557,User_9557,2022-05-22
U9558,User_9558,2022-03-21
U9559,User_9559,2022-06-01
U9560,User_9560,2022-08-04
U9561,User_9561,2022-12-28
U9562,User_9562,2022-04-30
U9563,User_9563,2022-12-31
U9564,User_9564,2022-03-05
U9565,User_9565,2022-07-08
U9566,User_9566,2022-04-06
U9567,User_9567,2022-11-15
U9568,User_9568,2022-07-02
U9569,User_9569,2022-06-02
U9570,User_9570,2022-03-08
U9571,User_9571,2022-01-10
U9572,User_9572,2022-11-18
U9573,User_9573,2022-02-01
U9574,User_9574,2022-10-25
U9575,User_9575,2022-10-18
U9576,User_9576,2022-06-10
U9577,User_9577,2022-07-13
U9578,User_9578,2022-04-12
U9579,User_9579,2022-03-07
U9580,User_9580,2022-01-11
U9581,User_9581,2022-04-19
U9582,User_9582,2022-12-23
U9583,User_9583,2022-08-25
U9584,User_9584,2022-07-24
U9585,User_9585,2022-06-17
U9586,User_9586,2022-07-08
U9587,User_9587,2022-05-02
U9588,User_9588,2022-09-07
U9589,User_9589,2022-09-29
U9590,User_9590,2022-03-01
U9591,User_9591,2022-12-25
U9592,User_9592,2022-06-21
U9593,User_9593,2022-08-26
U9594,User_9594,2022-01-27
U9595,User_9595,2022-12-16
U9596,User_9596,2022-04-23
U9597,User_9597,2022-02-05
U9598,User_9598,2022-02-19
U9599,User_9599,2022-02-23
U9600,User_9600,2022-09-22
U9601,User_9601,2022-09-08
U9602,User_9602,2022-01-28
U9603,User_9603,2022-06-30
U9604,User_9604,2022-11-28
U9605,User_9605,2022-12-13
U9606,User_9606,2022-08-28
U9607,User_9607,2022-05-22
U9608,User_9608,2022-02-28
U9609,User_9609,2022-03-21
U9610,User_9610,2022-12-11
U9611,User_9611,2022-10-08
U9612,User_9612,2022-03-21
U9613,User_9613,2022-03-11
U9614,User_9614,2022-04-23
U9615,User_9615,2022-03-01
U9616,User_9616,2022-11-14
U9617,User_9617,2022-12-24
U9618,User_9618,2022-09-13
U9619,User_9619,2022-03-14
U9620,User_9620,2022-01-16
U9621,User_9621,2022-03-15
U9622,User_9622,2022-10-09
U9623,User_9623,2022-06-21
U9624,User_9624,2022-09-19
U9625,User_9625,2022-07-06
U9626,User_9626,2022-06-08
U9627,User_9627,2022-01-21
U9628,User_9628,2022-04-17
U9629,User_9629,2022-04-05
U9630,User_9630,2022-09-17
U9631,User_9631,2022-01-16
U9632,User_9632,2022-12-01
U9633,User_9633,2022-03-07
U9634,User_9634,2022-01-29
U9635,User_9635,2022-07-30
U9636,User_9636,2022-06-24
U9637,User_9637,2022-02-19
U9638,User_9638,2022-09-18
U9639,User_9639,2022-09-18
U9640,User_9640,2022-09-01
U9641,User_9641,2022-11-17
U9642,User_9642,2022-02-13
U9643,User_9643,2022-02-18
U9644,User_9644,2022-12-25
U9645,User_9645,2022-04-01
U9646,User_9646,2022-09-25
U9647,User_9647,2022-05-22
U9648,User_9648,2022-09-05
U9649,User_9649,2022-06-13
U9650,User_9650,2022-04-01
U9651,User_9651,2022-01-28
U9652,User_9652,2022-07-26
U9653,User_9653,2022-01-04
U9654,User_9654,2022-07-31
U9655,User_9655,2022-11-19
U9656,User_9656,2022-03-19
U9657,User_9657,2022-10-07
U9658,User_9658,2022-05-14
U9659,User_9659,2022-04-11
U9660,User_9660,2022-02-11
U9661,User_9661,2022-06-04
U9662,User_9662,2022-05-20
U9663,User_9663,2022-12-23
U9664,User_9664,2022-06-19
U9665,User_9665,2022-01-27
U9666,User_9666,2022-02-13
U9667,User_9667,2022-11-10
U9668,User_9668,2022-08-02
U9669,User_9669,2022-03-12
U9670,User_9670,2022-01-19
U9671,User_9671,2022-05-08
U9672,User_9672,2022-04-17
U9673,User_9673,2022-01-03
U9674,User_9674,2022-08-23
U9675,User_9675,2022-01-23
U9676,User_9676,2022-11-01
U9677,User_9677,2022-04-27
U9678,User_9678,2022-11-20
U9679,User_9679,2022-04-20
U9680,User_9680,2022-09-18
U9681,User_9681,2022-08-26
U9682,User_9682,2022-04-04
U9683,User_9683,2022-02-07
U9684,User_9684,2022-12-06
U9685,User_9685,2022-03-09
U9686,User_9686,2022-04-15
U9687,User_9687,2022-01-19
U9688,User_9688,2022-08-28
U9689,User_9689,2022-08-07
U9690,User_9690,2022-06-11
U9691,User_9691,2022-08-01
U9692,User_9692,2022-11-11
U9693,User_9693,2022-03-11
U9694,User_9694,2022-04-19
U9695,User_9695,2022-08-08
U9696,User_9696,2022-07-07
U9697,User_9697,2022-08-14
U9698,User_9698,2022-12-12
U9699,User_9699,2022-03-06
U9700,User_9700,2022-05-21
U9701,User_9701,2022-08-25
U9702,User_9702,2022-11-17
U9703,User_9703,2022-03-27
U9704,User_9704,2022-12-25
U9705,User_9705,2022-07-09
U9706,User_9706,2022-02-16
U9707,User_9707,2022-09-26
U9708,User_9708,2022-11-15
U9709,User_9709,2022-08-24
U9710,User_9710,2022-02-22
U9711,User_9711,2022-02-14
U9712,User_9712,2022-05-05
U9713,User_9713,2022-08-05
U9714,User_9714,2022-07-15
U9715,User_9715,2022-10-25
U9716,User_9716,2022-04-03
U9717,User_9717,2023-01-01
U9718,User_9718,2022-12-05
U9719,User_9719,2022-11-13
U9720,User_9720,2022-01-15
U9721,User_9721,2022-10-28
U9722,User_9722,2022-03-26
U9723,User_9723,2022-08-15
U9724,User_9724,2022-02-28
U9725,User_9725,2022-03-19
U9726,User_9726,2022-12-18
U9727,User_9727,2022-10-09
U9728,User_9728,2022-09-09
U9729,User_9729,2022-03-11
U9730,User_9730,2022-01-08
U9731,User_9731,2022-06-27
U9732,User_9732,2022-07-05
U9733,User_9733,2022-10-17
U9734,User_9734,2022-02-10
U9735,User_9735,2022-03-01
U9736,User_9736,2022-07-20
U9737,User_9737,2022-05-24
U9738,User_9738,2022-06-29
U9739,User_9739,2022-05-31
U9740,User_9740,2022-08-09
U9741,User_9741,2022-06-23
U9742,User_9742,2022-08-30
U9743,User_9743,2022-08-17
U9744,User_9744,2022-06-09
U9745,User_9745,2022-04-26
U9746,User_9746,2022-01-09
U9747,User_9747,2022-12-10
U9748,User_9748,2022-11-09
U9749,User_9749,2022-04-28
U9750,User_9750,2022-11-11
U9751,User_9751,2022-08-11
U9752,User_9752,2022-04-12
U9753,User_9753,2022-08-13
U9754,User_9754,2022-03-18
U9755,User_9755,2022-05-30
U9756,User_9756,2022-05-22
U9757,User_9757,2022-02-01
U9758,User_9758,2022-11-10
U9759,User_9759,2022-03-04
U9760,User_9760,2022-02-25
U9761,User_9761,2022-02-12
U9762,User_9762,2022-11-06
U9763,User_9763,2022-09-30
U9764,User_9764,2022-07-12
U9765,User_9765,2022-01-05
U9766,User_9766,2022-11-30
U9767,User_9767,2022-04-09
U9768,User_9768,2022-01-16
U9769,User_9769,2022-04-24
U9770,User_9770,2022-08-25
U9771,User_9771,2022-07-17
U9772,User_9772,2022-04-23
U9773,User_9773,2022-05-05
U9774,User_9774,2022-09-12
U9775,User_9775,2022-11-29
U9776,User_9776,2022-10-08
U9777,User_9777,2022-05-25
U9778,User_9778,2022-04-23
U9779,User_9779,2022-12-16
U9780,User_9780,2022-10-17
U9781,User_9781,2022-02-01
U9782,User_9782,2022-08-20
U9783,User_9783,2022-04-18
U9784,User_9784,2022-06-16
U9785,User_9785,2022-10-29
U9786,User_9786,2022-06-23
U9787,User_9787,2022-12-15
U9788,User_9788,2022-04-28
U9789,User_9789,2022-09-13
U9790,User_9790,2022-09-03
U9791,User_9791,2022-11-27
U9792,User_9792,2022-12-28
U9793,User_9793,2022-07-31
U9794,User_9794,2022-07-11
U9795,User_9795,2022-08-02
U9796,User_9796,2022-12-17
U9797,User_9797,2022-10-23
U9798,User_9798,2022-03-05
U9799,User_9799,2022-12-13
U9800,User_9800,2022-03-23
U9801,User_9801,2022-09-06
U9802,User_9802,2022-08-31
U9803,User_9803,2022-09-05
U9804,User_9804,2022-12-31
U9805,User_9805,2022-02-03
U9806,User_9806,2022-10-24
U9807,User_9807,2022-08-10
U9808,User_9808,2022-12-01
U9809,User_9809,2022-04-06
U9810,User_9810,2022-01-10
U9811,User_9811,2022-09-01
U9812,User_9812,2022-11-18
U9813,User_9813,2022-04-06
U9814,User_9814,2022-11-05
U9815,User_9815,2022-09-29
U9816,User_9816,2022-05-14
U9817,User_9817,2022-08-24
U9818,User_9818,2022-01-04
U9819,User_9819,2022-07-06
U9820,User_9820,2022-10-19
U9821,User_9821,2022-09-30
U9822,User_9822,2022-12-31
U9823,User_9823,2022-11-22
U9824,User_9824,2022-10-14
U9825,User_9825,2022-07-31
U9826,User_9826,2022-06-28
U9827,User_9827,2022-06-29
U9828,User_9828,2022-10-08
U9829,User_9829,2022-05-17
U9830,User_9830,2022-04-27
U9831,User_9831,2022-07-08
U9832,User_9832,2022-12-27
U9833,User_9833,2022-11-14
U9834,User_9834,2022-10-09
U9835,User_9835,2022-06-11
U9836,User_9836,2022-07-31
U9837,User_9837,2022-10-03
U9838,User_9838,2022-11-19
U9839,User_9839,2022-06-06
U9840,User_9840,2022-08-11
U9841,User_9841,2022-04-23
U9842,User_9842,2022-07-29
U9843,User_9843,2022-12-01
U9844,User_9844,2022-01-19
U9845,User_9845,2022-09-09
U9846,User_9846,2022-03-24
U9847,User_9847,2022-03-18
U9848,User_9848,2022-12-13
U9849,User_9849,2022-10-30
U9850,User_9850,2022-04-02
U9851,User_9851,2022-01-27
U9852,User_9852,2022-11-28
U9853,User_9853,2022-04-19
U9854,User_9854,2022-09-26
U9855,User_9855,2022-04-04
U9856,User_9856,2022-10-10
U9857,User_9857,2022-09-28
U9858,User_9858,2022-09-17
U9859,User_9859,2022-04-02
U9860,User_9860,2022-02-22
U9861,User_9861,2022-07-25
U9862,User_9862,2022-11-28
U9863,User_9863,2022-11-23
U9864,User_9864,2022-01-05
U9865,User_9865,2022-12-21
U9866,User_9866,2022-02-16
U9867,User_9867,2022-06-18
U9868,User_9868,2022-05-15
U9869,User_9869,2022-06-28
U9870,User_9870,2022-08-03
U9871,User_9871,2022-10-11
U9872,User_9872,2022-07-29
U9873,User_9873,2022-03-22
U9874,User_9874,2022-02-20
U9875,User_9875,2022-01-17
U9876,User_9876,2022-10-28
U9877,User_9877,2022-12-25
U9878,User_9878,2022-02-01
U9879,User_9879,2022-08-28
U9880,User_9880,2022-12-08
U9881,User_9881,2022-12-15
U9882,User_9882,2022-05-27
U9883,User_9883,2022-04-02
U9884,User_9884,2022-02-19
U9885,User_9885,2022-08-21
U9886,User_9886,2022-10-24
U9887,User_9887,2022-06-19
U9888,User_9888,2022-12-26
U9889,User_9889,2022-06-07
U9890,User_9890,2022-03-31
U9891,User_9891,2022-06-16
U9892,User_9892,2022-07-26
U9893,User_9893,2022-12-11
U9894,User_9894,2022-12-25
U9895,User_9895,2022-04-30
U9896,User_9896,2022-06-13
U9897,User_9897,2022-10-02
U9898,User_9898,2022-03-25
U9899,User_9899,2022-06-09
U9900,User_9900,2022-06-11
U9901,User_9901,2022-06-13
U9902,User_9902,2022-01-02
U9903,User_9903,2022-07-08
U9904,User_9904,2022-01-10
U9905,User_9905,2022-01-25
U9906,User_9906,2022-01-28
U9907,User_9907,2022-12-26
U9908,User_9908,2022-09-11
U9909,User_9909,2022-06-09
U9910,User_9910,2022-11-18
U9911,User_9911,2022-12-20
U9912,User_9912,2022-09-25
U9913,User_9913,2022-12-09
U9914,User_9914,2022-10-05
U9915,User_9915,2022-10-03
U9916,User_9916,2022-01-06
U9917,User_9917,2022-02-22
U9918,User_9918,2022-08-12
U9919,User_9919,2022-08-28
U9920,User_9920,2022-09-16
U9921,User_9921,2022-02-20
U9922,User_9922,2022-02-20
U9923,User_9923,2023-01-01
U9924,User_9924,2022-05-29
U9925,User_9925,2022-06-16
U9926,User_9926,2022-04-25
U9927,User_9927,2022-12-05
U9928,User_9928,2022-06-18
U9929,User_9929,2022-12-18
U9930,User_9930,2022-01-03
U9931,User_9931,2022-06-25
U9932,User_9932,2022-11-02
U9933,User_9933,2022-02-28
U9934,User_9934,2022-12-20
U9935,User_9935,2022-03-23
U9936,User_9936,2022-02-06
U9937,User_9937,2022-01-30
U9938,User_9938,2022-05-18
U9939,User_9939,2022-03-26
U9940,User_9940,2022-09-19
U9941,User_9941,2022-10-29
U9942,User_9942,2022-10-02
U9943,User_9943,2022-11-09
U9944,User_9944,2022-05-31
U9945,User_9945,2022-06-14
U9946,User_9946,2022-02-25
U9947,User_9947,2022-05-05
U9948,User_9948,2022-03-01
U9949,User_9949,2022-08-16
U9950,User_9950,2022-05-29
U9951,User_9951,2022-05-20
U9952,User_9952,2022-05-31
U9953,User_9953,2022-07-18
U9954,User_9954,2022-11-01
U9955,User_9955,2022-10-05
U9956,User_9956,2022-02-13
U9957,User_9957,2022-03-04
U9958,User_9958,2022-07-28
U9959,User_9959,2022-03-09
U9960,User_9960,2022-12-29
U9961,User_9961,2022-04-09
U9962,User_9962,2022-12-26
U9963,User_9963,2022-06-16
U9964,User_9964,2022-01-31
U9965,User_9965,2022-04-19
U9966,User_9966,2022-05-07
U9967,User_9967,2022-09-30
U9968,User_9968,2022-01-21
U9969,User_9969,2022-08-04
U9970,User_9970,2022-06-08
U9971,User_9971,2022-05-22
U9972,User_9972,2022-11-29
U9973,User_9973,2022-05-14
U9974,User_9974,2022-07-29
U9975,User_9975,2022-07-26
U9976,User_9976,2022-08-16
U9977,User_9977,2022-11-05
U9978,User_9978,2022-09-27
U9979,User_9979,2022-11-08
U9980,User_9980,2022-06-04
U9981,User_9981,2022-07-14
U9982,User_9982,2022-07-18
U9983,User_9983,2022-11-19
U9984,User_9984,2022-07-24
U9985,User_9985,2022-03-14
U9986,User_9986,2022-11-13
U9987,User_9987,2022-11-01
U9988,User_9988,2022-05-16
U9989,User_9989,2022-06-12
U9990,User_9990,2022-11-28
U9991,User_9991,2022-09-01
U9992,User_9992,2022-04-29
U9993,User_9993,2022-08-27
U9994,User_9994,2022-09-12
U9995,User_9995,2022-04-02
U9996,User_9996,2022-05-12
U9997,User_9997,2022-05-05
U9998,User_9998,2022-09-10
U9999,User_9999,2022-04-23
U10000,User_10000,2022-04-10
